date,open,high,low,close,volume
2012-09-20,23.4,23.81,22.52,22.91,4901200.0
2012-09-21,23.33,23.4,22.8,23.08,630800.0
2012-09-24,23.25,23.36,22.89,23.03,291500.0
2012-09-25,23.0,23.15,22.89,23.09,252800.0
2012-09-26,23.16,23.38,22.89,23.31,87400.0
2012-09-27,23.3,23.5,23.1,23.4,200300.0
2012-09-28,23.39,24.1,23.39,24.0,90500.0
2012-10-01,24.24,24.43,23.62,23.9,253200.0
2012-10-02,23.9,24.03,23.65,23.77,77800.0
2012-10-03,23.99,23.99,23.09,23.45,157900.0
2012-10-04,23.79,23.97,23.4,23.84,63600.0
2012-10-05,23.86,25.22,23.73,24.32,173500.0
2012-10-08,24.36,24.49,23.7,23.81,109500.0
2012-10-09,23.95,24.17,23.53,23.81,75000.0
2012-10-10,24.0,24.19,23.84,24.1,105900.0
2012-10-11,24.34,24.38,24.17,24.32,81000.0
2012-10-12,24.49,25.44,24.48,24.94,498300.0
2012-10-15,25.73,26.0,25.2,25.28,209700.0
2012-10-16,25.57,26.34,24.91,25.26,272700.0
2012-10-17,25.4,25.46,24.96,25.01,176900.0
2012-10-18,24.91,25.56,24.81,25.21,282500.0
2012-10-19,25.35,25.54,25.02,25.11,337600.0
2012-10-22,25.2,25.51,25.02,25.1,263700.0
2012-10-23,24.85,25.35,24.81,24.9,131400.0
2012-10-24,24.9,25.25,24.5,24.5,242000.0
2012-10-25,24.61,24.95,24.32,24.35,109300.0
2012-10-26,24.48,24.79,24.21,24.4,159900.0
2012-10-31,25.24,25.7,24.35,24.58,188100.0
2012-11-01,24.93,25.25,24.41,24.61,153100.0
2012-11-02,24.79,24.98,23.9,24.08,183400.0
2012-11-05,24.25,24.5,23.76,23.91,181000.0
2012-11-06,23.91,24.28,23.8,23.92,118100.0
2012-11-07,24.13,24.43,23.65,24.22,80600.0
2012-11-08,24.36,24.64,24.04,24.34,95100.0
2012-11-09,24.21,24.84,24.1,24.76,80100.0
2012-11-12,24.97,25.96,24.91,25.96,159500.0
2012-11-13,25.7,25.99,25.11,25.31,118400.0
2012-11-14,25.44,25.44,24.43,24.66,114800.0
2012-11-15,24.6,24.98,23.79,24.15,108900.0
2012-11-16,24.15,25.07,23.79,24.46,74700.0
2012-11-19,24.7,25.09,24.18,24.41,128300.0
2012-11-20,24.5,24.66,24.09,24.11,84600.0
2012-11-21,24.26,24.44,24.1,24.33,36600.0
2012-11-23,24.3,24.43,24.06,24.32,27400.0
2012-11-26,24.19,24.29,23.95,24.23,23300.0
2012-11-27,24.27,24.44,24.15,24.2,34500.0
2012-11-28,24.3,24.75,24.13,24.55,37500.0
2012-11-29,24.75,24.9,24.32,24.49,32100.0
2012-11-30,24.38,25.28,24.38,24.97,107000.0
2012-12-03,25.29,25.5,25.02,25.25,84400.0
2012-12-04,25.15,25.25,24.78,24.85,205700.0
2012-12-05,25.22,25.4,24.98,25.23,68700.0
2012-12-06,25.18,25.25,24.71,24.75,50100.0
2012-12-07,24.73,25.17,24.73,24.98,42200.0
2012-12-10,25.15,25.18,24.85,24.85,34400.0
2012-12-11,25.0,25.05,24.88,24.88,44000.0
2012-12-12,24.88,25.3,24.38,24.48,60500.0
2012-12-13,24.44,24.88,24.32,24.49,47300.0
2012-12-14,24.68,25.0,24.52,24.58,43700.0
2012-12-17,24.8,25.19,24.72,24.9,49500.0
2012-12-18,24.95,25.44,24.74,24.91,43800.0
2012-12-19,25.06,25.32,24.82,25.1,35600.0
2012-12-20,24.84,25.53,24.84,24.97,40800.0
2012-12-21,25.03,25.36,24.77,24.9,96100.0
2012-12-24,25.27,25.29,24.76,25.17,18300.0
2012-12-26,25.06,25.26,24.85,24.93,32900.0
2012-12-27,24.91,25.21,24.77,24.91,79200.0
2012-12-28,24.93,25.1,24.71,24.87,150400.0
2012-12-31,24.99,25.24,24.87,25.16,39500.0
2013-01-02,25.42,26.0,25.42,25.99,82800.0
2013-01-03,25.95,27.0,25.66,26.86,43900.0
2013-01-04,26.47,26.85,25.98,26.76,60700.0
2013-01-07,26.78,26.97,26.27,26.81,36800.0
2013-01-08,26.9,27.47,26.81,27.22,73100.0
2013-01-09,27.47,28.4,27.18,28.3,123100.0
2013-01-10,28.27,28.89,27.91,28.64,74100.0
2013-01-11,28.64,28.99,28.28,28.71,93700.0
2013-01-14,28.77,28.95,28.05,28.79,79200.0
2013-01-15,28.46,28.92,28.43,28.68,31300.0
2013-01-16,28.81,29.25,28.74,29.11,98200.0
2013-01-17,29.25,30.12,28.53,28.72,90700.0
2013-01-18,28.62,29.41,28.62,28.97,38500.0
2013-01-22,28.96,29.37,28.94,28.99,30300.0
2013-01-23,28.93,29.13,28.83,28.88,13400.0
2013-01-24,29.01,29.14,28.84,28.93,17000.0
2013-01-25,29.06,29.14,28.75,28.95,38300.0
2013-01-28,29.05,29.05,28.81,28.93,16100.0
2013-01-29,29.06,29.11,28.86,28.88,26300.0
2013-01-30,28.83,29.12,28.75,28.75,36100.0
2013-01-31,28.65,29.12,28.65,29.0,60800.0
2013-02-01,28.99,29.12,27.52,27.98,359100.0
2013-02-04,28.0,28.13,27.9,27.93,24400.0
2013-02-05,27.97,28.47,27.97,28.41,30900.0
2013-02-06,28.41,28.91,28.31,28.81,21900.0
2013-02-07,28.56,28.95,28.44,28.66,22700.0
2013-02-08,28.5,29.2,28.5,29.13,19900.0
2013-02-11,29.13,29.13,28.84,29.0,33000.0
2013-02-12,29.29,29.29,28.39,28.43,45100.0
2013-02-13,28.68,29.29,28.0,28.3,81500.0
2013-02-14,27.67,28.75,27.61,27.75,71200.0
2013-02-15,27.98,28.01,26.52,26.71,180900.0
2013-02-19,26.78,28.48,25.85,28.37,417900.0
2013-02-20,28.37,28.73,27.56,27.71,69400.0
2013-02-21,27.37,27.63,26.84,27.45,104800.0
2013-02-22,27.42,27.99,27.42,27.95,55100.0
2013-02-25,28.18,29.02,27.89,28.31,84500.0
2013-02-26,28.4,29.25,28.12,29.25,181100.0
2013-02-27,29.05,29.59,28.29,28.69,129200.0
2013-02-28,28.77,29.23,28.77,29.14,74900.0
2013-03-01,29.08,29.44,28.92,29.39,36300.0
2013-03-04,29.55,29.83,29.22,29.63,111100.0
2013-03-05,29.6,30.14,29.54,30.1,67300.0
2013-03-06,30.42,30.96,30.42,30.86,43100.0
2013-03-07,30.86,30.86,30.14,30.79,39600.0
2013-03-08,30.89,30.96,30.59,30.82,34300.0
2013-03-11,30.96,30.98,30.51,30.98,37100.0
2013-03-12,30.95,31.26,30.64,31.26,27800.0
2013-03-13,31.3,31.5,30.81,31.42,49800.0
2013-03-14,31.32,31.75,31.25,31.66,18100.0
2013-03-15,31.66,31.93,31.66,31.8,23400.0
2013-03-18,31.44,31.65,31.11,31.3,46200.0
2013-03-19,31.4,31.83,31.4,31.65,52500.0
2013-03-20,31.77,32.48,31.77,32.04,46800.0
2013-03-21,32.0,32.45,31.82,32.42,51500.0
2013-03-22,32.4,33.41,32.21,32.39,34900.0
2013-03-25,32.46,32.78,31.99,32.43,36800.0
2013-03-26,32.61,33.04,32.06,32.84,17600.0
2013-03-27,32.65,32.96,32.03,32.6,78000.0
2013-03-28,32.7,32.89,32.16,32.5,22500.0
2013-04-01,32.6,32.78,32.01,32.15,41500.0
2013-04-02,32.24,32.43,31.88,31.96,29800.0
2013-04-03,32.05,32.13,30.55,31.13,51700.0
2013-04-04,31.09,31.19,30.51,31.03,14300.0
2013-04-05,30.73,31.15,30.5,30.98,26800.0
2013-04-08,31.17,31.51,31.1,31.4,19000.0
2013-04-09,31.44,31.74,31.44,31.55,10100.0
2013-04-10,31.83,32.35,31.8,31.84,27800.0
2013-04-11,31.93,32.18,31.7,31.96,11200.0
2013-04-12,31.71,31.96,31.04,31.37,34100.0
2013-04-15,31.02,31.23,30.52,31.21,25600.0
2013-04-16,31.15,31.9,31.15,31.9,5500.0
2013-04-17,31.71,32.18,31.53,32.0,35000.0
2013-04-18,32.18,32.18,31.81,32.0,37400.0
2013-04-19,31.98,32.05,31.43,31.77,24200.0
2013-04-22,31.6,32.12,31.0,31.89,17900.0
2013-04-23,31.69,31.75,31.11,31.6,19800.0
2013-04-24,31.6,31.74,31.1,31.46,14800.0
2013-04-25,31.68,31.94,31.17,31.49,10300.0
2013-04-26,31.63,31.84,31.27,31.3,4400.0
2013-04-29,31.54,31.6,31.3,31.58,11900.0
2013-04-30,31.6,31.6,30.54,30.91,87800.0
2013-05-01,30.97,30.97,30.5,30.72,48200.0
2013-05-02,30.87,31.26,30.39,30.72,53500.0
2013-05-03,30.91,30.91,30.26,30.5,88100.0
2013-05-06,30.54,30.73,30.27,30.36,26000.0
2013-05-07,30.27,30.53,30.06,30.35,51600.0
2013-05-08,30.03,30.32,29.74,30.05,96300.0
2013-05-09,30.05,30.3,29.51,29.64,43800.0
2013-05-10,29.88,31.93,29.7,31.56,37900.0
2013-05-13,31.83,31.92,31.52,31.75,12300.0
2013-05-14,31.75,31.96,31.68,31.72,12000.0
2013-05-15,31.72,31.89,31.47,31.47,46400.0
2013-05-16,30.77,30.86,30.74,30.75,1000.0
2013-05-17,30.62,31.79,30.62,30.95,25600.0
2013-05-20,31.13,31.56,30.76,31.56,2800.0
2013-05-21,31.79,31.79,31.0,31.0,13600.0
2013-05-22,31.0,31.33,30.77,31.0,26700.0
2013-05-23,30.96,30.96,29.96,30.05,122600.0
2013-05-24,30.14,30.3,30.0,30.01,22200.0
2013-05-28,30.28,30.28,29.11,29.39,72500.0
2013-05-29,29.24,29.52,28.14,28.77,108200.0
2013-05-30,29.14,29.34,28.33,28.54,49400.0
2013-05-31,28.73,29.47,28.46,28.84,117000.0
2013-06-03,28.53,28.57,26.81,27.72,136600.0
2013-06-04,27.86,29.7,27.86,29.04,257900.0
2013-06-05,28.86,29.25,28.07,28.38,42200.0
2013-06-06,28.38,29.26,28.32,29.13,42100.0
2013-06-07,29.01,29.01,28.5,28.65,111200.0
2013-06-10,28.88,29.09,28.41,28.41,20600.0
2013-06-11,28.42,28.71,28.4,28.42,43200.0
2013-06-12,28.5,28.54,28.15,28.15,157900.0
2013-06-13,28.02,28.43,27.72,28.24,35100.0
2013-06-14,28.35,28.47,28.01,28.47,40700.0
2013-06-17,28.29,28.71,28.01,28.21,53700.0
2013-06-18,28.25,28.68,28.06,28.32,56700.0
2013-06-19,28.29,28.43,28.21,28.41,8900.0
2013-06-20,28.23,28.5,28.06,28.12,15700.0
2013-06-21,28.13,28.81,28.06,28.55,16500.0
2013-06-24,28.28,28.34,26.8,27.64,122400.0
2013-06-25,27.64,27.97,27.16,27.81,15900.0
2013-06-26,28.79,29.02,27.75,28.99,24900.0
2013-06-27,29.0,30.15,29.0,30.07,12500.0
2013-06-28,30.05,30.05,29.3,29.3,48700.0
2013-07-01,29.6,29.85,29.23,29.5,13800.0
2013-07-02,29.36,29.5,29.18,29.4,15900.0
2013-07-03,29.12,29.44,29.12,29.43,4300.0
2013-07-05,29.33,29.36,29.15,29.34,4300.0
2013-07-08,29.58,29.65,29.04,29.08,9300.0
2013-07-09,29.38,29.93,29.38,29.58,5400.0
2013-07-10,29.46,29.6,29.46,29.59,6400.0
2013-07-11,29.66,29.66,29.09,29.38,11000.0
2013-07-12,29.39,29.87,29.33,29.66,15700.0
2013-07-15,29.56,29.56,29.12,29.38,12900.0
2013-07-16,29.35,29.35,29.1,29.27,15900.0
2013-07-17,29.32,29.56,29.17,29.43,27000.0
2013-07-18,29.5,29.5,29.32,29.35,25600.0
2013-07-19,29.3,29.73,29.3,29.43,17600.0
2013-07-22,29.5,29.5,29.16,29.29,19400.0
2013-07-23,29.28,29.28,29.03,29.11,18300.0
2013-07-24,29.19,29.32,29.07,29.13,18300.0
2013-07-25,29.0,29.14,28.91,29.1,25500.0
2013-07-26,29.1,29.29,28.9,29.03,20300.0
2013-07-29,29.18,29.45,29.02,29.25,12200.0
2013-07-30,29.28,29.79,28.98,29.18,46500.0
2013-07-31,29.54,29.75,29.33,29.56,11600.0
2013-08-01,29.83,30.0,29.25,29.25,24200.0
2013-08-02,29.51,30.13,29.5,29.57,25700.0
2013-08-05,29.75,29.75,29.47,29.62,10100.0
2013-08-06,29.45,30.47,29.42,30.02,17500.0
2013-08-07,29.95,30.07,29.77,29.91,5500.0
2013-08-08,30.14,30.71,30.06,30.44,21200.0
2013-08-09,30.52,30.63,30.06,30.3,22800.0
2013-08-12,29.88,30.44,29.88,30.34,13300.0
2013-08-13,30.45,30.56,30.0,30.39,23400.0
2013-08-14,30.35,30.97,30.35,30.87,60300.0
2013-08-15,30.48,30.74,30.15,30.39,21100.0
2013-08-16,30.34,30.34,29.24,29.62,37100.0
2013-08-19,29.64,29.64,29.02,29.3,8400.0
2013-08-20,29.47,29.63,28.83,29.3,10000.0
2013-08-21,29.3,29.52,28.87,29.0,28300.0
2013-08-22,29.12,29.12,28.91,28.91,32000.0
2013-08-23,29.0,29.5,28.64,28.69,29700.0
2013-08-26,29.89,30.17,28.8,28.85,34400.0
2013-08-27,29.68,29.72,28.83,29.65,11700.0
2013-08-28,29.6,30.4,29.6,29.95,64300.0
2013-08-29,30.23,30.69,29.6,30.49,12900.0
2013-08-30,30.5,31.4,30.5,30.89,19600.0
2013-09-03,30.75,31.7,30.75,31.69,21100.0
2013-09-04,31.7,31.84,31.5,31.52,13900.0
2013-09-05,31.52,31.85,30.47,30.83,10400.0
2013-09-06,31.06,32.84,30.52,31.11,44900.0
2013-09-09,31.15,31.73,31.11,31.21,16900.0
2013-09-10,31.51,32.05,31.33,31.4,10900.0
2013-09-11,31.68,32.14,31.12,31.3,18500.0
2013-09-12,31.88,32.61,30.51,30.61,25200.0
2013-09-13,30.92,32.37,30.7,30.9,24600.0
2013-09-16,31.0,31.7427,30.89,30.95,10284.0
2013-09-17,31.12,31.52,30.74,31.2,28229.0
2013-09-18,31.1,31.77,30.51,31.03,26600.0
2013-09-19,31.0,31.9,31.0,31.17,28100.0
2013-09-20,31.15,31.39,30.12,30.25,16500.0
2013-09-23,30.2,30.31,29.27,30.0,16800.0
2013-09-24,29.61,30.18,29.61,30.12,11000.0
2013-09-25,30.3,31.65,29.93,30.33,10600.0
2013-09-26,30.8,30.86,30.05,30.22,12100.0
2013-09-27,30.88,30.99,30.25,30.59,5400.0
2013-09-30,30.28,30.99,30.09,30.12,5700.0
2013-10-01,30.72,32.59,30.67,31.78,163500.0
2013-10-02,32.29,32.3,31.6,31.72,70200.0
2013-10-03,31.8,32.58,31.26,31.26,50100.0
2013-10-04,31.82,32.3,31.2,31.45,26300.0
2013-10-07,31.05,31.55,30.52,30.61,32200.0
2013-10-08,30.65,31.07,30.15,30.22,28100.0
2013-10-09,30.5,31.92,30.5,31.38,48400.0
2013-10-10,31.25,31.38,31.2,31.26,28300.0
2013-10-11,30.23,31.96,30.17,30.95,21300.0
2013-10-14,30.87,31.68,30.05,30.7,31200.0
2013-10-15,30.9,31.55,30.76,30.89,60800.0
2013-10-16,31.36,31.5,30.82,31.0,15400.0
2013-10-17,31.13,31.81,30.88,31.5,26600.0
2013-10-18,31.61,31.61,31.0,31.43,12500.0
2013-10-21,31.03,32.57,31.03,31.34,30100.0
2013-10-22,31.3,31.67,31.15,31.48,43500.0
2013-10-23,31.55,32.47,31.22,31.6,45400.0
2013-10-24,32.0,32.11,31.45,31.45,10600.0
2013-10-25,31.81,31.81,31.14,31.14,13300.0
2013-10-28,31.37,31.37,31.07,31.24,7400.0
2013-10-29,31.35,31.7,31.35,31.56,7600.0
2013-10-30,31.56,31.65,31.44,31.44,4800.0
2013-10-31,31.2,31.6,30.99,31.07,11300.0
2013-11-01,31.38,31.64,31.0,31.1,21600.0
2013-11-04,31.33,31.45,31.1,31.1,18700.0
2013-11-05,31.16,31.49,31.0,31.0,42300.0
2013-11-06,31.08,32.99,30.99,32.7,123200.0
2013-11-07,33.01,33.4,32.1,32.7,57300.0
2013-11-08,32.9,33.44,32.15,33.27,35500.0
2013-11-11,33.52,34.0,32.01,32.71,28600.0
2013-11-12,32.71,33.86,32.71,33.02,58100.0
2013-11-13,33.82,34.0,33.01,33.39,42700.0
2013-11-14,33.03,33.93,32.62,32.79,30400.0
2013-11-15,32.7,33.14,32.32,32.32,20400.0
2013-11-18,33.0,33.96,32.69,33.16,25600.0
2013-11-19,33.18,33.83,33.13,33.5,28000.0
2013-11-20,33.21,33.53,33.16,33.45,31700.0
2013-11-21,33.44,33.44,33.2,33.3,11200.0
2013-11-22,33.39,33.44,33.12,33.4,46400.0
2013-11-25,33.4,33.4,33.0,33.28,10900.0
2013-11-26,33.15,33.4,32.82,32.82,10100.0
2013-11-27,33.14,33.4,32.61,33.39,9000.0
2013-11-29,33.4,33.97,33.33,33.65,20400.0
2013-12-02,36.66,36.66,31.66,32.46,155400.0
2013-12-03,32.11,32.5,32.0,32.15,56300.0
2013-12-04,31.83,32.36,31.56,31.92,58700.0
2013-12-05,32.0,32.42,31.71,32.11,38200.0
2013-12-06,32.01,32.5,31.93,32.19,25700.0
2013-12-09,32.2,32.71,32.2,32.24,14100.0
2013-12-10,32.21,32.54,32.14,32.26,13700.0
2013-12-11,32.2,32.45,32.2,32.3,11400.0
2013-12-12,32.31,32.77,32.31,32.68,11300.0
2013-12-13,32.88,33.25,32.4,32.56,11400.0
2013-12-16,32.32,32.67,32.16,32.23,12700.0
2013-12-17,32.35,32.72,32.04,32.41,6900.0
2013-12-18,32.3,32.75,32.03,32.54,15900.0
2013-12-19,32.68,33.23,32.14,32.22,7500.0
2013-12-20,32.95,33.6,32.45,33.39,20300.0
2013-12-23,33.55,34.25,33.4,34.0,8100.0
2013-12-24,33.59,33.88,33.55,33.86,5000.0
2013-12-26,33.64,34.01,33.41,33.95,4900.0
2013-12-27,33.96,34.1,33.53,34.0,11200.0
2013-12-30,34.1,34.1,33.16,33.2,86700.0
2013-12-31,33.38,33.95,32.2,33.1,46200.0
2014-01-02,33.0,33.0,32.0,32.83,30600.0
2014-01-03,32.67,33.09,32.13,33.02,20200.0
2014-01-06,33.21,33.66,32.36,32.36,14000.0
2014-01-07,32.83,33.36,32.47,33.12,9100.0
2014-01-08,33.17,33.24,32.91,33.05,5400.0
2014-01-09,32.98,33.22,32.89,33.14,7200.0
2014-01-10,33.22,33.85,33.0,33.85,16000.0
2014-01-13,34.0,34.92,33.54,34.41,112700.0
2014-01-14,34.75,35.21,33.52,34.06,22700.0
2014-01-15,33.75,35.69,33.75,34.74,30500.0
2014-01-16,35.18,35.34,34.25,34.26,38900.0
2014-01-17,34.42,34.73,33.62,33.84,19500.0
2014-01-21,33.85,34.0,33.49,33.5,15000.0
2014-01-22,34.81,34.81,33.53,34.17,30800.0
2014-01-23,33.95,34.65,33.95,34.62,19300.0
2014-01-24,34.07,35.2,34.07,34.37,52100.0
2014-01-27,34.8,34.8,33.81,34.41,38800.0
2014-01-28,33.9,34.36,33.85,33.9,8800.0
2014-01-29,33.88,34.09,33.56,33.56,7300.0
2014-01-30,33.68,34.41,33.68,34.4,16600.0
2014-01-31,34.3,34.8,33.9,34.63,18000.0
2014-02-03,34.82,34.83,33.76,33.8,8900.0
2014-02-04,33.92,34.46,33.89,34.16,19000.0
2014-02-05,33.97,34.54,33.8,34.38,11900.0
2014-02-06,34.49,34.95,34.12,34.39,21900.0
2014-02-07,34.95,35.44,34.95,35.0,13100.0
2014-02-10,35.0,35.25,34.64,35.1,17000.0
2014-02-11,35.05,35.33,34.89,35.05,17000.0
2014-02-12,35.23,35.36,35.0,35.12,33200.0
2014-02-13,34.58,35.23,34.58,35.1,16000.0
2014-02-14,35.1,35.23,34.92,35.23,13200.0
2014-02-18,35.23,35.45,35.03,35.28,15200.0
2014-02-19,35.08,35.5,35.08,35.31,12800.0
2014-02-20,35.3,35.47,35.07,35.44,29200.0
2014-02-21,35.51,36.15,35.51,36.15,43900.0
2014-02-24,36.36,36.89,36.25,36.83,16600.0
2014-02-25,36.89,37.25,36.24,36.57,16100.0
2014-02-26,36.31,36.88,36.05,36.07,19700.0
2014-02-27,36.05,36.2,35.51,35.85,26200.0
2014-02-28,35.66,36.0,34.3,35.41,37900.0
2014-03-03,35.5,36.21,35.5,36.04,46200.0
2014-03-04,36.35,37.36,36.28,37.22,101200.0
2014-03-05,37.0,37.38,36.76,37.06,93100.0
2014-03-06,37.35,37.44,36.45,36.63,74800.0
2014-03-07,36.74,37.25,36.64,36.9,30500.0
2014-03-10,37.21,37.29,37.06,37.13,16000.0
2014-03-11,37.32,37.41,36.77,36.83,25600.0
2014-03-12,36.77,37.4,36.16,36.47,20300.0
2014-03-13,36.54,36.54,35.8,35.85,23600.0
2014-03-14,35.97,36.59,35.14,35.41,21400.0
2014-03-17,35.45,36.08,35.27,35.47,15000.0
2014-03-18,35.34,35.54,34.24,34.32,73800.0
2014-03-19,34.12,34.25,32.67,32.96,95200.0
2014-03-20,33.26,33.73,32.61,32.73,272900.0
2014-03-21,32.73,35.27,32.73,34.95,197300.0
2014-03-24,35.0,35.55,34.65,35.15,98900.0
2014-03-25,35.16,35.59,34.61,34.72,16200.0
2014-03-26,33.66,34.68,33.58,34.6,18200.0
2014-03-27,34.4,34.82,33.97,34.67,20600.0
2014-03-28,34.55,35.25,34.05,35.08,12800.0
2014-03-31,35.1,35.43,34.73,35.15,68800.0
2014-04-01,35.08,35.74,35.08,35.6,114200.0
2014-04-02,35.6,36.16,35.31,35.96,22600.0
2014-04-03,36.0,36.78,35.74,36.12,51800.0
2014-04-04,36.29,36.51,35.87,36.37,50500.0
2014-04-07,36.15,36.51,35.92,36.49,27700.0
2014-04-08,36.49,36.64,36.17,36.64,24700.0
2014-04-09,36.6,36.6,36.38,36.38,17800.0
2014-04-10,36.4,36.72,35.51,36.04,42600.0
2014-04-11,35.98,36.39,35.6,36.07,9700.0
2014-04-14,36.29,36.46,36.14,36.31,4700.0
2014-04-15,36.31,36.4,36.0,36.4,6800.0
2014-04-16,36.39,36.46,36.15,36.46,9500.0
2014-04-17,36.46,36.6,36.32,36.46,15800.0
2014-04-21,36.34,36.6,36.27,36.6,17000.0
2014-04-22,36.66,36.9,36.54,36.89,18300.0
2014-04-23,36.72,36.89,36.42,36.88,11400.0
2014-04-24,37.0,37.0,36.61,36.94,16900.0
2014-04-25,36.99,36.99,36.63,36.87,28200.0
2014-04-28,43.02,47.93,43.02,44.97,1137500.0
2014-04-29,44.64,44.95,42.3,42.7,449100.0
2014-04-30,42.7,42.7,40.51,41.7,487900.0
2014-05-01,41.89,43.75,41.5,42.95,387900.0
2014-05-02,42.94,45.0,42.03,42.44,112900.0
2014-05-05,42.53,43.47,42.15,42.79,103600.0
2014-05-06,42.44,42.95,42.24,42.24,118500.0
2014-05-07,41.5,43.08,41.5,42.99,200700.0
2014-05-08,43.0,43.36,42.12,42.38,110400.0
2014-05-09,42.3,44.0,42.3,42.5,106100.0
2014-05-12,42.67,44.0,42.67,43.89,217500.0
2014-05-13,44.74,45.46,44.0,44.45,161900.0
2014-05-14,44.31,44.8,43.99,44.5,162800.0
2014-05-15,44.61,44.61,43.02,44.23,77700.0
2014-05-16,43.88,44.8,43.11,43.86,124500.0
2014-05-19,43.68,45.2,43.68,44.9,60100.0
2014-05-20,44.83,45.49,44.68,45.27,72000.0
2014-05-21,45.41,45.95,45.41,45.62,62100.0
2014-05-22,45.94,46.54,45.68,46.08,66200.0
2014-05-23,46.1,46.5,46.1,46.49,63700.0
2014-05-27,46.4,46.4,45.32,46.05,61900.0
2014-05-28,46.0,46.59,45.83,46.31,90600.0
2014-05-29,46.39,46.74,45.88,46.4,134700.0
2014-05-30,46.56,47.79,46.11,47.2,133200.0
2014-06-02,47.7,47.72,46.77,47.18,71300.0
2014-06-03,47.0,47.5,47.0,47.32,71600.0
2014-06-04,46.33,47.47,46.05,46.94,140700.0
2014-06-05,46.71,46.92,45.86,46.11,191000.0
2014-06-06,45.94,46.56,45.1,46.31,92600.0
2014-06-09,46.09,46.5,44.88,45.18,90700.0
2014-06-10,45.12,45.56,44.59,44.96,38400.0
2014-06-11,45.04,45.88,44.64,45.85,38800.0
2014-06-12,45.36,46.15,45.27,46.0,39800.0
2014-06-13,46.12,46.12,45.32,45.73,50800.0
2014-06-16,45.89,46.78,45.47,45.5,75200.0
2014-06-17,45.5,45.83,44.74,45.03,15100.0
2014-06-18,45.0,45.5,44.73,45.21,41100.0
2014-06-19,45.25,45.37,44.63,44.97,31800.0
2014-06-20,45.15,45.83,44.3,45.56,28500.0
2014-06-23,45.39,46.39,45.23,45.75,47700.0
2014-06-24,46.05,46.93,45.47,46.4,48500.0
2014-06-25,45.73,46.35,45.73,46.23,62200.0
2014-06-26,46.38,46.6,45.78,46.4,47500.0
2014-06-27,46.45,46.91,46.03,46.9,54800.0
2014-06-30,46.87,47.14,46.5,46.93,78000.0
2014-07-01,46.92,47.25,46.49,46.94,75500.0
2014-07-02,47.06,48.19,46.61,47.25,100400.0
2014-07-03,47.42,47.84,46.94,47.69,17900.0
2014-07-07,47.5,48.46,47.19,47.9,77400.0
2014-07-08,48.24,48.38,47.49,48.0,79600.0
2014-07-09,48.74,50.36,48.64,48.86,124800.0
2014-07-10,48.82,49.78,48.35,49.35,121500.0
2014-07-11,49.56,49.87,49.04,49.5,217300.0
2014-07-14,49.87,50.67,49.45,50.25,81900.0
2014-07-15,50.22,51.73,49.83,49.98,73900.0
2014-07-16,50.01,50.72,48.43,50.05,59700.0
2014-07-17,50.35,51.55,50.14,51.49,75100.0
2014-07-18,51.29,51.9,50.76,51.39,48300.0
2014-07-21,50.58,51.93,50.03,51.19,69800.0
2014-07-22,51.08,51.66,50.33,50.33,54200.0
2014-07-23,50.27,51.15,50.27,50.72,26000.0
2014-07-24,51.0,51.5,50.72,50.9,25800.0
2014-07-25,50.7,51.28,50.51,51.01,46200.0
2014-07-28,51.01,51.5,50.44,51.14,30800.0
2014-07-29,50.74,51.49,50.74,51.2,50400.0
2014-07-30,50.92,51.49,50.63,51.16,39600.0
2014-07-31,50.32,51.18,50.32,51.1,55300.0
2014-08-01,50.77,50.98,49.04,50.38,178300.0
2014-08-04,50.28,51.42,49.4,51.22,168100.0
2014-08-05,50.61,51.28,50.06,50.84,105200.0
2014-08-06,50.62,51.1,50.25,50.84,37200.0
2014-08-07,50.97,51.83,50.56,51.38,67400.0
2014-08-08,51.0,51.86,50.3,51.75,42100.0
2014-08-11,51.59,52.75,50.59,52.68,50100.0
2014-08-12,52.99,54.65,52.77,54.5,62200.0
2014-08-13,54.58,57.55,53.29,56.02,80200.0
2014-08-14,56.9,56.9,53.62,55.88,85700.0
2014-08-15,55.65,56.45,55.36,56.01,52800.0
2014-08-18,56.26,57.95,55.54,57.8,38300.0
2014-08-19,57.53,59.0,56.95,57.49,40200.0
2014-08-20,57.17,59.74,56.25,58.0,39100.0
2014-08-21,58.34,59.81,57.96,58.25,66100.0
2014-08-22,58.5,59.28,58.03,59.27,28700.0
2014-08-25,59.05,59.99,58.76,59.24,31000.0
2014-08-26,59.7,59.72,58.38,58.97,29600.0
2014-08-27,58.5,58.5,55.56,57.15,183000.0
2014-08-28,56.92,57.54,56.55,57.21,49000.0
2014-08-29,57.43,57.43,56.66,57.08,68000.0
2014-09-02,57.0,57.0,56.5,56.98,35900.0
2014-09-03,56.89,56.96,55.5,55.97,41100.0
2014-09-04,55.75,55.77,53.44,53.52,105600.0
2014-09-05,53.5,54.5,51.55,52.97,65800.0
2014-09-08,52.62,53.84,50.4,51.11,113200.0
2014-09-09,51.1,52.51,51.1,51.98,36800.0
2014-09-10,52.1,52.13,50.43,50.66,78800.0
2014-09-11,50.84,51.25,49.34,50.89,137900.0
2014-09-12,50.66,52.96,50.39,52.6,90900.0
2014-09-15,52.35,53.48,51.68,52.41,76800.0
2014-09-16,52.13,52.71,51.74,52.67,33800.0
2014-09-17,52.44,53.15,52.01,52.73,41600.0
2014-09-18,52.8,53.28,52.51,53.1,16000.0
2014-09-19,53.31,54.4,52.67,53.87,26100.0
2014-09-22,54.05,54.97,53.45,53.87,27916.0
2014-09-23,53.71,54.41,52.4,53.84,24411.0
2014-09-24,53.55,53.92,51.86,53.22,43720.0
2014-09-25,53.0,53.0,51.27,52.24,39881.0
2014-09-26,52.5,54.79,52.46,54.5,62728.0
2014-09-29,54.79,55.259,53.5118,54.87,28807.0
2014-09-30,54.78,55.41,54.52,55.0,21079.0
2014-10-01,54.69,55.84,54.61,54.78,54939.0
2014-10-02,54.53,55.86,53.58,55.29,97124.0
2014-10-03,55.03,55.42,54.73,55.0,35604.0
2014-10-06,55.42,55.994,54.7805,54.95,144376.0
2014-10-07,55.0,55.0,52.11,52.21,195091.0
2014-10-08,51.98,51.98,49.25,50.4,154441.0
2014-10-09,50.45,50.569,45.85,48.4,238418.0
2014-10-10,48.0,48.21,44.0,45.05,168016.0
2014-10-13,44.42,45.76,43.06,44.25,156338.0
2014-10-14,43.96,45.655,42.52,44.0,131755.0
2014-10-15,44.0,46.0,42.28,45.47,157922.0
2014-10-16,44.14,49.7899,44.14,49.58,120752.0
2014-10-17,50.59,51.1099,49.524,50.21,147512.0
2014-10-20,50.49,50.49,49.29,49.8,32774.0
2014-10-21,47.39,47.39,44.13,46.43,1226959.0
2014-10-22,45.41,45.65,45.0,45.42,5823998.0
2014-10-23,45.9,45.99,45.26,45.31,1081852.0
2014-10-24,45.2,46.19,45.11,46.0,551596.0
2014-10-27,46.16,46.24,45.1001,46.2,168584.0
2014-10-28,46.01,46.38,45.69,46.38,337008.0
2014-10-29,46.26,46.44,45.91,46.2,439028.0
2014-10-30,46.14,46.25,45.7,45.79,276324.0
2014-10-31,45.7,46.5,45.7,46.07,236583.0
2014-11-03,46.25,46.25,45.0,45.41,193312.0
2014-11-04,44.22,45.83,44.0,44.97,387385.0
2014-11-05,44.83,45.1,43.576,45.0,272694.0
2014-11-06,44.62,45.5374,44.2401,44.4,144382.0
2014-11-07,44.12,46.25,43.74,45.61,314341.0
2014-11-10,45.55,45.77,44.55,45.5,215181.0
2014-11-11,45.27,46.08,44.52,45.05,186300.0
2014-11-12,45.0,46.23,44.66,45.27,221925.0
2014-11-13,45.5,46.25,44.556,45.48,351201.0
2014-11-14,44.01,46.0,43.95,45.67,273176.0
2014-11-17,45.36,46.01,44.816,45.69,93497.0
2014-11-18,45.69,46.23,45.65,45.95,217626.0
2014-11-19,45.81,46.15,45.47,45.53,170481.0
2014-11-20,45.47,47.62,45.47,46.21,1469425.0
2014-11-21,46.38,46.38,45.54,46.2,574657.0
2014-11-24,46.16,46.749,45.699,45.81,83669.0
2014-11-25,45.83,46.543,45.53,45.89,117295.0
2014-11-26,46.06,47.8,45.71,46.86,194802.0
2014-11-28,46.66,47.0,45.25,46.96,130642.0
2014-12-01,46.5,46.5,43.61,44.0,330090.0
2014-12-02,43.55,45.07,43.1,45.04,163892.0
2014-12-03,45.47,46.92,45.29,46.41,209003.0
2014-12-04,46.07,47.37,46.0,46.48,190142.0
2014-12-05,46.16,47.34,46.0101,47.16,220516.0
2014-12-08,46.7,47.0,44.8,45.61,241663.0
2014-12-09,45.05,45.4,44.86,45.02,276417.0
2014-12-10,44.55,44.698,43.33,43.74,164616.0
2014-12-11,43.26,45.57,43.26,45.5,209426.0
2014-12-12,45.07,45.67,44.42,45.47,119603.0
2014-12-15,45.761,45.77,43.2,44.1,209800.0
2014-12-16,43.65,45.0,43.19,43.92,186554.0
2014-12-17,43.35,45.27,43.35,44.49,217585.0
2014-12-18,46.35,46.59,44.12,44.99,117257.0
2014-12-19,44.73,46.18,44.73,46.07,324307.0
2014-12-22,45.89,46.66,45.67,46.11,97058.0
2014-12-23,46.5,48.15,46.203,46.96,98662.0
2014-12-24,46.84,47.72,46.6101,47.24,40333.0
2014-12-26,47.44,48.02,47.04,47.84,102593.0
2014-12-29,47.52,49.85,47.52,49.06,188410.0
2014-12-30,48.56,50.392,47.94,49.75,190041.0
2014-12-31,49.81,50.25,49.21,49.77,196790.0
2015-01-02,49.74,50.07,48.7,49.14,187329.0
2015-01-05,49.21,49.65,47.91,48.26,165683.0
2015-01-06,48.6,49.1055,46.0101,48.26,240579.0
2015-01-07,48.27,50.16,47.11,48.03,138706.0
2015-01-08,48.68,49.99,47.49,48.5,173576.0
2015-01-09,48.76,50.09,47.57,48.73,186287.0
2015-01-12,48.53,49.44,45.77,47.75,190381.0
2015-01-13,47.94,48.316,46.58,47.41,145730.0
2015-01-14,46.81,47.99,45.0,47.13,161047.0
2015-01-15,47.33,48.61,47.2,48.3,146901.0
2015-01-16,48.94,50.0,48.57,48.63,219231.0
2015-01-20,48.61,49.45,47.94,49.31,181496.0
2015-01-21,49.43,49.99,48.56,49.5,243204.0
2015-01-22,49.5,50.3,49.0015,50.24,331733.0
2015-01-23,50.24,52.25,49.3901,51.3,323316.0
2015-01-26,50.86,52.45,50.3,51.9,323041.0
2015-01-27,52.52,52.73,50.49,51.64,305356.0
2015-01-28,52.01,52.75,50.63,50.93,410034.0
2015-01-29,50.86,52.155,49.46,50.16,183937.0
2015-01-30,49.81,50.84,49.621,50.14,258965.0
2015-02-02,50.14,50.9699,49.79,50.87,169762.0
2015-02-03,51.05,52.4445,50.97,51.62,458981.0
2015-02-04,51.42,51.795,50.36,51.57,382661.0
2015-02-05,51.94,51.94,50.4,51.44,175377.0
2015-02-06,52.33,52.33,50.954,51.52,174659.0
2015-02-09,51.52,52.16,51.02,51.24,193587.0
2015-02-10,51.24,51.24,50.071,50.68,106742.0
2015-02-11,50.81,50.93,50.06,50.37,85366.0
2015-02-12,49.99,50.3602,49.46,50.12,128323.0
2015-02-13,49.8,50.8599,49.5801,50.34,143487.0
2015-02-17,50.4,50.96,49.45,49.5,216672.0
2015-02-18,49.5,49.93,48.97,49.61,319882.0
2015-02-19,50.43,51.7,50.02,51.11,273219.0
2015-02-20,51.1,52.18,50.88,51.51,157386.0
2015-02-23,52.5,52.52,50.95,52.24,168323.0
2015-02-24,52.0,52.75,51.91,52.08,105986.0
2015-02-25,52.23,53.52,51.68,52.11,248354.0
2015-02-26,52.2,52.5299,51.7,52.0,171684.0
2015-02-27,52.0,52.11,51.025,51.58,165876.0
2015-03-02,51.97,52.34,51.37,51.54,115842.0
2015-03-03,51.75,52.0999,51.27,51.27,75313.0
2015-03-04,51.43,51.82,51.0,51.5,109216.0
2015-03-05,51.5,51.9,51.23,51.26,92177.0
2015-03-06,51.0,51.4099,50.654,50.95,86443.0
2015-03-09,51.14,51.37,50.95,51.04,105980.0
2015-03-10,50.91,51.7,49.53,50.72,190422.0
2015-03-11,50.51,50.586,49.1,49.63,477821.0
2015-03-12,49.66,51.1,49.5601,51.0,163015.0
2015-03-13,51.12,51.795,50.2413,51.05,297076.0
2015-03-16,51.04,51.5,50.6301,51.19,116388.0
2015-03-17,50.99,51.48,50.83,50.89,158558.0
2015-03-18,51.07,51.316,50.61,50.84,192696.0
2015-03-19,50.75,51.0925,50.27,50.7,93941.0
2015-03-20,50.63,51.74,50.6,51.74,627091.0
2015-03-23,52.4,53.48,52.15,52.27,241085.0
2015-03-24,52.0,52.7,51.66,51.73,124763.0
2015-03-25,51.77,52.29,51.06,51.64,301016.0
2015-03-26,51.98,52.5,51.85,51.85,129363.0
2015-03-27,51.74,52.0,51.0,51.24,110828.0
2015-03-30,51.24,51.48,51.0,51.46,40460.0
2015-03-31,51.46,51.544,51.1101,51.35,80176.0
2015-04-01,51.11,51.5,50.72,51.04,93016.0
2015-04-02,51.07,51.3,50.28,50.55,89673.0
2015-04-06,50.56,51.53,49.96,50.2,170448.0
2015-04-07,49.9,50.68,48.82,49.42,240269.0
2015-04-08,49.74,49.74,47.171,48.52,269261.0
2015-04-09,48.55,49.53,48.25,48.53,206566.0
2015-04-10,48.43,49.36,47.83,49.0,122512.0
2015-04-13,48.75,48.75,47.8,48.41,126794.0
2015-04-14,48.21,50.13,48.05,48.87,187216.0
2015-04-15,49.21,50.26,48.98,49.09,168562.0
2015-04-16,48.9,50.69,48.9,50.25,126325.0
2015-04-17,50.05,50.92,49.36,50.78,79430.0
2015-04-20,50.94,51.29,50.15,50.75,69251.0
2015-04-21,50.85,50.85,50.17,50.37,146940.0
2015-04-22,50.31,51.24,50.17,51.09,123734.0
2015-04-23,50.94,51.49,50.815,51.11,135800.0
2015-04-24,51.3,51.87,50.64,51.07,268369.0
2015-04-27,51.2,51.4599,50.65,51.06,335153.0
2015-04-28,51.0,51.3572,50.91,51.07,98354.0
2015-04-29,51.41,52.88,51.41,52.41,208704.0
2015-04-30,52.56,52.7,51.76,52.21,79110.0
2015-05-01,52.05,54.58,52.05,53.59,221721.0
2015-05-04,53.59,54.8248,53.0,53.4,118907.0
2015-05-05,53.76,53.77,50.86,51.26,622583.0
2015-05-06,51.21,51.55,50.63,51.04,214445.0
2015-05-07,50.0,51.2739,50.0,50.21,263949.0
2015-05-08,50.62,50.62,49.05,49.07,266572.0
2015-05-11,49.07,49.07,47.64,48.08,254662.0
2015-05-12,48.5,48.91,47.08,48.46,200512.0
2015-05-13,49.04,49.04,48.15,48.55,76633.0
2015-05-14,48.55,49.0,48.35,48.41,158488.0
2015-05-15,47.77,48.834,47.45,48.75,143534.0
2015-05-18,48.86,48.86,47.33,47.75,179928.0
2015-05-19,47.75,47.75,46.64,46.96,221796.0
2015-05-20,46.97,46.98,45.61,46.62,226316.0
2015-05-21,46.62,47.02,46.62,46.75,120191.0
2015-05-22,46.75,47.5099,46.69,47.25,73669.0
2015-05-26,47.27,48.06,47.01,47.96,128424.0
2015-05-27,48.0,48.21,46.96,47.15,97312.0
2015-05-28,46.81,48.07,45.9,46.02,139677.0
2015-05-29,46.11,46.45,45.56,46.2,178607.0
2015-06-01,46.24,47.0199,45.5,45.65,131757.0
2015-06-02,46.09,47.36,45.81,46.85,181748.0
2015-06-03,46.94,47.79,46.5,46.7,87727.0
2015-06-04,46.49,46.61,44.82,44.83,106303.0
2015-06-05,45.08,45.4259,43.66,43.89,143923.0
2015-06-08,43.96,44.396,42.6,43.73,174239.0
2015-06-09,44.01,45.33,43.69,44.41,142987.0
2015-06-10,44.55,46.3,44.48,45.31,123048.0
2015-06-11,45.25,45.78,44.09,45.06,141035.0
2015-06-12,44.82,45.57,44.63,45.28,42639.0
2015-06-15,45.55,47.72,45.484,46.18,201073.0
2015-06-16,46.38,47.54,46.21,46.63,93285.0
2015-06-17,46.82,47.34,46.5,47.22,87691.0
2015-06-18,47.44,47.47,45.36,45.77,181925.0
2015-06-19,45.63,46.43,45.63,45.69,141863.0
2015-06-22,46.02,46.86,45.23,46.62,81402.0
2015-06-23,46.47,48.34,46.11,46.75,187574.0
2015-06-24,47.133,47.159,45.245,46.0,199511.0
2015-06-25,45.78,46.15,45.11,45.35,97516.0
2015-06-26,45.22,46.38,44.6,44.6,240171.0
2015-06-29,44.33,45.41,43.46,44.44,252908.0
2015-06-30,44.48,45.84,44.2903,45.3,128426.0
2015-07-01,45.93,45.93,44.52,45.84,141210.0
2015-07-02,46.08,46.08,44.26,44.41,240642.0
2015-07-06,44.24,44.58,43.47,43.52,98743.0
2015-07-07,43.58,45.0,42.9,44.93,107335.0
2015-07-08,44.68,45.035,43.53,44.18,60183.0
2015-07-09,44.61,44.61,43.63,43.76,115293.0
2015-07-10,44.18,44.6,43.75,44.18,157206.0
2015-07-13,44.65,44.7,43.55,43.75,102060.0
2015-07-14,43.94,44.22,43.21,43.53,95992.0
2015-07-15,43.6,43.8,40.0,40.1,1683265.0
2015-07-16,39.81,40.1,39.64,39.9,5003470.0
2015-07-17,39.75,39.89,38.76,39.27,876751.0
2015-07-20,39.01,39.47,37.1,37.3,1589483.0
2015-07-21,37.5,38.05,37.04,37.85,903235.0
2015-07-22,37.52,38.15,36.97,37.3,622113.0
2015-07-23,37.24,38.1,37.01,37.65,651106.0
2015-07-24,37.83,38.35,37.5,38.01,344562.0
2015-07-27,37.15,38.8,37.07,38.41,318054.0
2015-07-28,38.72,40.09,38.43,39.97,666167.0
2015-07-29,39.83,40.55,39.7,40.4,732144.0
2015-07-30,40.29,40.49,39.655,39.89,451173.0
2015-07-31,39.72,39.97,39.03,39.7,261521.0
2015-08-03,39.74,39.74,38.7799,39.29,278083.0
2015-08-04,39.64,39.81,39.0,39.12,585288.0
2015-08-05,39.01,40.27,38.0,38.07,569389.0
2015-08-06,39.46,39.46,36.16,36.25,1031349.0
2015-08-07,36.02,36.66,35.1,35.88,406241.0
2015-08-10,35.88,37.42,35.88,36.94,399304.0
2015-08-11,36.86,38.44,36.0,38.39,536569.0
2015-08-12,38.23,40.81,38.18,40.42,650970.0
2015-08-13,40.35,40.73,39.72,40.42,637914.0
2015-08-14,39.23,40.37,39.23,39.86,228381.0
2015-08-17,39.6,41.05,39.4752,40.15,210541.0
2015-08-18,40.06,40.68,39.52,40.11,250415.0
2015-08-19,40.0,40.397,38.67,38.92,158685.0
2015-08-20,38.42,39.38,37.89,38.19,260646.0
2015-08-21,37.98,38.25,36.2,36.62,514372.0
2015-08-24,36.72,38.02,34.26,35.97,644534.0
2015-08-25,36.81,37.5999,35.83,36.1,421997.0
2015-08-26,37.0,37.0,35.15,36.01,374239.0
2015-08-27,36.83,38.8756,36.44,38.23,361766.0
2015-08-28,38.65,39.47,38.2,38.84,147837.0
2015-08-31,39.06,39.7,37.6,39.38,214030.0
2015-09-01,39.09,39.42,38.02,38.28,176809.0
2015-09-02,38.37,39.04,37.5,38.45,220455.0
2015-09-03,38.83,39.5,37.64,37.91,209125.0
2015-09-04,37.5,39.46,37.05,37.37,191335.0
2015-09-08,37.61,38.09,36.89,37.27,252366.0
2015-09-09,37.4,37.85,36.1,36.11,216018.0
2015-09-10,36.32,36.8,35.44,36.68,277721.0
2015-09-11,36.37,36.5896,35.0,35.51,303671.0
2015-09-14,35.5,36.1,35.0,35.05,309376.0
2015-09-15,35.25,36.13,34.12,34.49,425109.0
2015-09-16,34.51,35.11,33.63,34.15,459063.0
2015-09-17,34.15,35.59,34.1,34.79,253690.0
2015-09-18,34.61,35.65,34.24,35.37,348162.0
2015-09-21,35.42,35.93,34.905,34.96,298875.0
2015-09-22,34.34,36.2,34.26,35.95,288889.0
2015-09-23,36.32,36.7019,34.33,34.5,174757.0
2015-09-24,34.29,34.516,32.86,33.5,429434.0
2015-09-25,33.89,34.46,33.47,33.81,501380.0
2015-09-28,33.61,33.62,31.49,32.4,360675.0
2015-09-29,32.39,33.0435,29.5,30.87,574582.0
2015-09-30,31.26,34.15,31.17,33.85,347036.0
2015-10-01,34.61,35.07,32.9346,34.15,418525.0
2015-10-02,33.59,34.45,33.26,33.82,307784.0
2015-10-05,33.94,35.3,33.83,34.07,734939.0
2015-10-06,34.06,35.43,33.85,34.28,383577.0
2015-10-07,34.77,35.48,34.05,34.64,272788.0
2015-10-08,34.42,35.35,34.2426,35.15,105898.0
2015-10-09,35.24,36.33,35.02,36.2,159434.0
2015-10-12,36.29,36.5699,35.11,35.88,129026.0
2015-10-13,35.67,36.3179,35.38,35.72,92726.0
2015-10-14,35.68,36.75,35.4265,36.62,123083.0
2015-10-15,36.4,38.44,35.92,36.58,437528.0
2015-10-16,36.55,37.2899,36.2818,36.9,213840.0
2015-10-19,36.79,37.216,36.04,36.25,190299.0
2015-10-20,36.27,36.92,35.76,36.52,90992.0
2015-10-21,36.55,37.22,35.79,36.78,160855.0
2015-10-22,36.97,37.07,35.76,35.87,161228.0
2015-10-23,36.0,36.08,35.29,35.41,169999.0
2015-10-26,35.25,35.32,34.04,34.16,183996.0
2015-10-27,33.99,33.99,32.4535,32.72,363298.0
2015-10-28,33.09,33.68,32.24,32.48,295608.0
2015-10-29,32.45,34.18,32.24,34.07,355859.0
2015-10-30,34.1,34.72,33.25,34.49,224991.0
2015-11-02,34.14,34.51,32.98,33.26,317600.0
2015-11-03,33.5,33.9,32.065,33.69,504521.0
2015-11-04,33.75,34.14,32.3,33.51,242563.0
2015-11-05,35.25,37.0,34.25,36.15,904775.0
2015-11-06,36.12,36.5,34.9401,36.0,311975.0
2015-11-09,36.04,37.0,35.1,35.25,211940.0
2015-11-10,35.0,35.98,34.91,35.18,229185.0
2015-11-11,35.34,36.0899,32.9,34.37,455632.0
2015-11-12,34.17,34.2,33.23,33.68,163087.0
2015-11-13,33.02,34.09,32.01,33.13,486757.0
2015-11-16,33.15,37.24,33.15,34.97,974251.0
2015-11-17,34.6,36.13,34.0,35.99,522502.0
2015-11-18,36.09,38.2,35.96,37.89,592252.0
2015-11-19,38.33,39.6,38.304,39.25,596728.0
2015-11-20,39.25,39.96,37.61,38.4,293128.0
2015-11-23,38.76,39.19,38.0001,38.41,172599.0
2015-11-24,38.85,39.2,37.8,38.16,366162.0
2015-11-25,37.89,38.2565,37.56,37.86,200097.0
2015-11-27,37.81,37.9,37.55,37.77,40370.0
2015-11-30,38.03,38.462,37.095,37.2,196690.0
2015-12-01,37.2,37.61,36.73,37.03,427201.0
2015-12-02,37.19,37.33,36.33,36.71,369846.0
2015-12-03,36.72,37.42,35.915,36.76,369675.0
2015-12-04,36.38,37.02,35.29,36.25,354769.0
2015-12-07,35.72,36.29,33.58,35.67,678089.0
2015-12-08,34.71,35.79,33.83,35.03,552306.0
2015-12-09,35.38,36.9899,35.38,36.07,418982.0
2015-12-10,36.25,37.94,35.98,37.47,502674.0
2015-12-11,36.82,36.97,35.04,36.01,512849.0
2015-12-14,36.09,36.562,34.81,35.47,414224.0
2015-12-15,35.97,36.48,34.9,36.04,357657.0
2015-12-16,36.34,37.0,35.26,36.98,536403.0
2015-12-17,36.98,36.98,35.83,36.0,330898.0
2015-12-18,35.9,36.2331,34.53,35.2,622184.0
2015-12-21,35.42,35.778,34.614,35.49,426208.0
2015-12-22,35.52,37.0,35.31,36.95,497704.0
2015-12-23,36.94,39.18,36.807,39.06,908883.0
2015-12-24,39.11,39.78,38.72,38.88,297326.0
2015-12-28,38.57,39.3697,37.25,37.7,524675.0
2015-12-29,37.95,38.62,37.03,38.45,651970.0
2015-12-30,38.25,39.51,37.67,39.23,376330.0
2015-12-31,39.29,40.06,38.95,39.61,676020.0
2016-01-04,38.58,39.94,38.31,39.59,1083592.0
2016-01-05,39.78,39.9999,38.72,39.54,717702.0
2016-01-06,39.04,39.4183,38.0,38.33,422234.0
2016-01-07,37.6,38.0,36.15,37.29,486416.0
2016-01-08,37.33,38.0499,36.085,36.69,392287.0
2016-01-11,36.99,36.99,34.4601,35.02,500031.0
2016-01-12,35.18,35.4292,31.775,34.58,958140.0
2016-01-13,34.86,34.86,32.16,33.19,540236.0
2016-01-14,33.24,34.86,33.0012,34.48,692215.0
2016-01-15,33.28,34.95,32.75,34.9,691360.0
2016-01-19,34.97,35.19,31.0,32.15,863959.0
2016-01-20,30.97,31.02,26.34,29.27,1133696.0
2016-01-21,29.22,29.45,27.46,28.19,1189528.0
2016-01-22,29.55,31.26,29.16,30.12,904061.0
2016-01-25,29.59,32.53,29.43,30.38,1443144.0
2016-01-26,31.65,32.9799,30.3,32.65,1064431.0
2016-01-27,32.9,33.875,32.29,33.82,982200.0
2016-01-28,34.58,35.1392,33.12,34.14,893511.0
2016-01-29,34.4,35.03,33.8,34.01,493514.0
2016-02-01,34.01,34.86,32.33,33.47,561032.0
2016-02-02,32.93,33.15,32.11,32.7,546129.0
2016-02-03,32.05,32.2445,29.34,30.34,1486426.0
2016-02-04,31.17,31.43,29.53,31.28,331594.0
2016-02-05,30.64,31.065,28.53,29.13,717545.0
2016-02-08,28.22,28.28,23.46,24.46,1144822.0
2016-02-09,24.7,24.92,22.86,23.51,863865.0
2016-02-10,23.89,24.75,23.58,23.81,824804.0
2016-02-11,23.64,24.417,23.11,23.2,718571.0
2016-02-12,24.0,24.55,23.34,24.14,915230.0
2016-02-16,26.65,28.39,26.25,28.16,1789209.0
2016-02-17,28.6,31.39,28.6,29.79,1236561.0
2016-02-18,30.09,30.5938,28.8101,29.78,622681.0
2016-02-19,29.09,29.7789,28.68,29.52,580283.0
2016-02-22,29.83,31.85,29.83,30.96,822548.0
2016-02-23,30.63,31.5,29.0,30.24,741857.0
2016-02-24,29.81,30.71,29.05,30.59,1108325.0
2016-02-25,30.19,30.6,28.09,29.18,1113667.0
2016-02-26,30.11,31.18,29.65,30.82,719337.0
2016-02-29,30.82,32.5,30.05,30.05,902067.0
2016-03-01,30.95,32.28,30.05,30.74,1110275.0
2016-03-02,30.4,33.18,30.4,32.87,969309.0
2016-03-03,32.5,34.45,32.0,33.0,577807.0
2016-03-04,33.05,33.05,32.3,32.76,683726.0
2016-03-07,32.96,33.47,32.47,33.47,681452.0
2016-03-08,33.32,33.6802,32.5,32.58,468247.0
2016-03-09,33.0,33.0,31.6,32.25,473832.0
2016-03-10,32.52,33.31,31.86,32.19,415437.0
2016-03-11,32.4,33.36,32.34,33.26,321991.0
2016-03-14,33.45,33.6185,32.52,32.78,263890.0
2016-03-15,32.51,33.0954,31.9,33.09,247725.0
2016-03-16,33.07,33.76,32.59,33.53,557439.0
2016-03-17,33.85,34.23,32.58,33.83,452519.0
2016-03-18,34.31,34.4,32.6,33.51,729519.0
2016-03-21,33.97,34.4,33.21,33.5,570814.0
2016-03-22,33.05,33.59,32.9,33.42,369239.0
2016-03-23,33.31,33.3999,32.06,32.23,437726.0
2016-03-24,31.75,32.7,30.241,32.26,473393.0
2016-03-28,32.61,32.85,31.79,32.41,373366.0
2016-03-29,32.28,32.88,31.75,32.56,416528.0
2016-03-30,32.86,33.16,32.36,32.87,355676.0
2016-03-31,32.53,33.14,32.5,33.13,359925.0
2016-04-01,32.72,33.08,32.25,32.35,407790.0
2016-04-04,32.52,32.96,31.82,31.87,359719.0
2016-04-05,31.63,32.0,31.37,31.8,306375.0
2016-04-06,31.87,32.62,31.72,32.48,265939.0
2016-04-07,32.45,32.84,31.98,32.3,173121.0
2016-04-08,32.68,32.89,32.06,32.29,278045.0
2016-04-11,32.61,32.76,31.52,32.08,474433.0
2016-04-12,32.25,34.1999,32.0211,33.78,549912.0
2016-04-13,34.12,34.29,33.25,33.67,494212.0
2016-04-14,33.85,33.965,33.39,33.58,368548.0
2016-04-15,33.5,33.7252,32.74,32.74,480977.0
2016-04-18,32.47,33.95,32.38,33.72,330872.0
2016-04-19,33.42,34.75,33.31,34.57,394369.0
2016-04-20,34.39,35.74,34.354,35.35,409524.0
2016-04-21,35.2,35.4699,34.2001,34.65,467559.0
2016-04-22,34.8,36.58,34.7,36.06,582479.0
2016-04-25,36.69,36.76,35.0,35.24,450117.0
2016-04-26,36.27,36.4,35.68,35.91,440287.0
2016-04-27,36.56,37.095,36.03,36.33,599685.0
2016-04-28,36.94,37.2499,36.25,36.29,804615.0
2016-04-29,37.19,37.19,35.3,35.89,1030607.0
2016-05-02,36.4,36.52,35.2,35.43,577053.0
2016-05-03,35.59,35.7099,34.75,34.9,702178.0
2016-05-04,34.29,34.6936,33.94,34.0,475251.0
2016-05-05,34.0,34.6565,33.44,33.61,535071.0
2016-05-06,33.74,34.1013,32.8101,33.05,896294.0
2016-05-09,33.16,33.26,32.39,32.54,1020638.0
2016-05-10,32.89,33.3,32.36,33.03,517980.0
2016-05-11,32.83,33.95,32.71,33.86,658167.0
2016-05-12,34.25,34.536,33.39,33.6,436147.0
2016-05-13,33.6,33.92,32.75,33.33,503158.0
2016-05-16,33.86,34.19,33.46,33.97,479786.0
2016-05-17,34.29,34.3399,33.21,33.37,381453.0
2016-05-18,33.4,33.52,32.5,32.68,279469.0
2016-05-19,32.51,32.9065,32.1,32.44,562508.0
2016-05-20,32.77,33.51,32.55,33.48,340839.0
2016-05-23,33.51,33.932,33.25,33.65,246566.0
2016-05-24,33.96,34.06,33.603,33.82,279372.0
2016-05-25,34.0,34.0,33.69,33.77,495261.0
2016-05-26,33.77,34.0,33.1,33.4,256293.0
2016-05-27,33.35,33.62,32.95,33.57,400539.0
2016-05-31,33.53,33.88,32.95,33.17,299935.0
2016-06-01,32.95,33.95,32.95,33.75,281435.0
2016-06-02,33.64,34.28,33.11,33.77,721428.0
2016-06-03,33.7,33.74,33.1968,33.27,241039.0
2016-06-06,33.48,33.79,33.25,33.7,296927.0
2016-06-07,33.7,34.25,33.7,33.72,458087.0
2016-06-08,33.0,33.15,30.4,30.94,3032987.0
2016-06-09,30.4,30.49,29.57,29.82,995134.0
2016-06-10,29.5,30.0,29.18,29.48,623990.0
2016-06-13,29.11,29.77,28.74,29.3,730672.0
2016-06-14,29.36,29.81,28.77,29.28,530844.0
2016-06-15,29.06,29.882,29.02,29.32,341412.0
2016-06-16,29.0,29.1,28.21,28.96,493196.0
2016-06-17,29.46,30.16,29.04,30.06,1354800.0
2016-06-20,30.5,31.2393,29.86,29.9,360679.0
2016-06-21,29.88,30.9,29.8,30.9,322777.0
2016-06-22,30.69,30.94,30.05,30.16,562229.0
2016-06-23,30.26,31.07,30.26,30.82,310479.0
2016-06-24,29.75,31.122,29.5534,30.06,773278.0
2016-06-27,30.0,30.04,28.88,29.18,804419.0
2016-06-28,29.75,30.14,29.57,30.0,576147.0
2016-06-29,30.29,31.0,30.24,30.54,516897.0
2016-06-30,30.34,30.85,29.658,29.95,698973.0
2016-07-01,30.05,30.35,29.22,29.29,490092.0
2016-07-05,29.12,29.1712,28.31,28.97,570836.0
2016-07-06,28.76,29.19,28.26,28.43,687933.0
2016-07-07,28.5,28.8,27.11,27.54,1396273.0
2016-07-08,27.68,28.72,27.52,28.72,581722.0
2016-07-11,29.0,29.6591,29.0,29.5,808260.0
2016-07-12,29.8,30.35,29.605,30.02,791222.0
2016-07-13,30.0,30.18,29.56,29.76,507800.0
2016-07-14,30.0,30.1544,29.81,30.06,668305.0
2016-07-15,30.3,30.43,29.92,30.03,419288.0
2016-07-18,30.19,30.425,29.92,30.02,405174.0
2016-07-19,30.0,30.41,29.95,30.25,443939.0
2016-07-20,30.25,30.4,29.95,30.38,826135.0
2016-07-21,30.4,30.75,30.38,30.5,516118.0
2016-07-22,30.43,30.78,30.4,30.63,362232.0
2016-07-25,30.56,30.95,30.45,30.87,606063.0
2016-07-26,30.85,31.12,30.6347,30.76,415494.0
2016-07-27,31.19,31.35,30.66,30.9,492594.0
2016-07-28,31.0,31.1582,30.55,30.87,377042.0
2016-07-29,30.85,31.1097,30.7,31.0,402211.0
2016-08-01,31.15,31.5,30.67,31.0,742945.0
2016-08-02,31.07,31.149,30.69,31.12,545407.0
2016-08-03,30.43,30.91,30.32,30.9,567085.0
2016-08-04,29.52,29.72,28.04,29.01,2915495.0
2016-08-05,28.95,30.435,28.82,30.25,843280.0
2016-08-08,30.38,31.0,30.2501,30.35,423213.0
2016-08-09,30.44,30.58,29.98,30.06,394535.0
2016-08-10,30.11,30.45,29.74,29.96,268687.0
2016-08-11,29.99,30.22,29.52,29.67,377127.0
2016-08-12,29.9,30.85,29.63,30.59,568991.0
2016-08-15,30.86,30.897,30.445,30.63,339680.0
2016-08-16,30.7,30.99,30.325,30.66,438415.0
2016-08-17,30.89,30.89,30.52,30.8,267598.0
2016-08-18,31.0,31.25,30.8143,31.08,437479.0
2016-08-19,31.16,31.16,30.52,30.83,311349.0
2016-08-22,30.72,31.0,30.5,30.65,394543.0
2016-08-23,30.97,31.0799,30.3,30.74,665856.0
2016-08-24,30.68,30.84,30.11,30.18,301632.0
2016-08-25,30.15,30.495,29.93,30.04,210697.0
2016-08-26,30.0,30.2,29.71,30.05,278399.0
2016-08-29,30.05,30.7984,29.91,30.54,2110995.0
2016-08-30,30.45,30.672,30.14,30.24,320587.0
2016-08-31,30.38,30.47,29.45,29.78,633315.0
2016-09-01,29.9,30.1,29.51,29.81,234938.0
2016-09-02,29.92,30.75,29.8,29.98,377404.0
2016-09-06,30.2,30.63,30.1,30.53,370112.0
2016-09-07,30.5,30.75,30.46,30.6,516277.0
2016-09-08,30.7,30.8378,30.51,30.72,324530.0
2016-09-09,30.55,30.76,29.77,29.77,316011.0
2016-09-12,29.6,30.47,29.5201,30.14,416508.0
2016-09-13,30.18,30.18,29.8,29.88,448974.0
2016-09-14,29.9,30.175,29.76,29.93,471298.0
2016-09-15,30.11,30.12,29.6915,29.83,217369.0
2016-09-16,29.68,29.767,29.21,29.24,636059.0
2016-09-19,29.44,29.82,29.32,29.34,250107.0
2016-09-20,29.48,29.48,29.0,29.06,388474.0
2016-09-21,29.24,29.95,29.2,29.8,386576.0
2016-09-22,29.98,30.03,29.83,29.93,334076.0
2016-09-23,29.96,30.16,29.62,30.16,311768.0
2016-09-26,30.08,30.09,29.62,29.75,450422.0
2016-09-27,29.81,29.87,29.45,29.53,193819.0
2016-09-28,29.53,29.75,29.12,29.69,418704.0
2016-09-29,29.73,29.73,29.0,29.18,601588.0
2016-09-30,29.35,29.3828,28.56,29.01,686872.0
2016-10-03,28.96,29.19,28.52,29.19,409160.0
2016-10-04,29.11,29.28,28.52,28.77,405805.0
2016-10-05,28.84,28.99,28.3,28.41,486119.0
2016-10-06,28.35,28.65,28.35,28.51,375419.0
2016-10-07,28.65,28.93,28.38,28.38,233660.0
2016-10-10,28.42,28.915,28.42,28.84,174947.0
2016-10-11,28.62,28.76,28.46,28.64,331480.0
2016-10-12,28.67,28.72,28.49,28.55,263812.0
2016-10-13,28.47,28.57,28.21,28.33,246876.0
2016-10-14,28.48,28.64,28.05,28.31,327687.0
2016-10-17,28.44,28.96,28.42,28.67,418183.0
2016-10-18,28.94,29.0,28.5701,28.77,440227.0
2016-10-19,28.82,28.92,28.68,28.8,498801.0
2016-10-20,29.05,29.11,28.82,29.05,634236.0
2016-10-21,29.07,29.49,29.0,29.32,467015.0
2016-10-24,29.5,29.6189,29.17,29.34,304687.0
2016-10-25,29.23,29.33,28.89,28.92,252597.0
2016-10-26,28.81,28.99,28.14,28.41,376742.0
2016-10-27,28.71,29.119,28.49,28.51,325847.0
2016-10-28,28.5,28.7516,28.375,28.43,321836.0
2016-10-31,28.46,28.75,28.4248,28.49,353117.0
2016-11-01,29.02,29.02,28.25,28.46,411531.0
2016-11-02,28.59,28.59,27.77,27.92,625450.0
2016-11-03,27.3,27.3724,26.02,26.52,661247.0
2016-11-04,26.51,26.8,26.18,26.26,584515.0
2016-11-07,26.85,27.04,26.6,26.86,626614.0
2016-11-08,26.75,26.75,25.5,25.65,1044557.0
2016-11-09,25.51,27.12,25.5,27.12,1002125.0
2016-11-10,27.78,28.0,24.96,24.98,1665491.0
2016-11-11,25.0,25.1,24.26,24.53,1278147.0
2016-11-14,24.75,25.0431,23.89,23.9,1424960.0
2016-11-15,24.21,24.95,24.02,24.94,1378526.0
2016-11-16,24.86,25.22,24.45,24.65,786203.0
2016-11-17,24.82,25.06,24.1,24.27,840731.0
2016-11-18,24.35,24.6,23.79,23.81,1129591.0
2016-11-21,23.5,23.65,22.62,22.91,3052407.0
2016-11-22,22.99,23.0,21.25,21.27,5945411.0
2016-11-23,21.83,21.9,21.01,21.44,2614383.0
2016-11-25,21.52,21.97,21.38,21.8,654201.0
2016-11-28,21.81,21.96,21.2,21.21,1008280.0
2016-11-29,21.69,21.69,21.13,21.42,1523678.0
2016-11-30,22.36,24.19,22.35,24.1,3699184.0
2016-12-01,25.06,25.49,23.28,23.75,2449481.0
2016-12-02,23.97,24.7,23.9,24.51,1164354.0
2016-12-05,24.89,25.1399,24.5065,24.99,1160108.0
2016-12-06,25.03,25.23,24.42,24.44,1161968.0
2016-12-07,24.5,24.69,24.021,24.22,747892.0
2016-12-08,24.31,24.72,24.1328,24.31,745931.0
2016-12-09,24.33,24.73,24.32,24.54,824739.0
2016-12-12,25.06,25.1,24.5,24.73,1025694.0
2016-12-13,24.81,25.2,24.6856,24.8,900118.0
2016-12-14,24.79,24.85,24.1601,24.24,702179.0
2016-12-15,24.18,24.84,24.08,24.29,930556.0
2016-12-16,24.29,24.95,24.25,24.46,1135559.0
2016-12-19,24.34,24.45,23.81,24.07,1238235.0
2016-12-20,24.01,24.1462,21.9,22.14,2946652.0
2016-12-21,22.83,23.74,22.81,23.54,1950770.0
2016-12-22,24.15,26.93,24.15,26.52,4025416.0
2016-12-23,26.56,27.32,26.07,26.98,2015413.0
2016-12-27,27.41,28.06,27.23,27.23,1398857.0
2016-12-28,27.5,27.5,26.61,26.63,774877.0
2016-12-29,26.51,27.025,26.31,26.7,691530.0
2016-12-30,26.67,27.03,26.6,26.89,986435.0
2017-01-03,27.0,27.16,26.9,27.0,1195637.0
2017-01-04,27.01,27.83,27.01,27.45,991017.0
2017-01-05,27.59,27.7587,27.18,27.2,1026991.0
2017-01-06,27.2,27.419,26.75,26.83,1040582.0
2017-01-09,26.85,27.56,26.33,27.37,894576.0
2017-01-10,27.4,27.5,26.74,26.75,847054.0
2017-01-11,26.76,27.11,26.76,27.04,370294.0
2017-01-12,26.96,27.099,26.71,26.88,357205.0
2017-01-13,26.84,27.0,26.32,26.65,717204.0
2017-01-17,26.85,27.2,26.47,26.76,805352.0
2017-01-18,26.73,26.98,26.5,26.68,2689224.0
2017-01-19,26.6,26.91,26.51,26.66,454418.0
2017-01-20,26.75,26.77,26.55,26.7,651210.0
2017-01-23,26.81,26.97,26.64,26.9,438417.0
2017-01-24,27.01,27.63,27.01,27.48,774802.0
2017-01-25,27.81,28.02,27.67,27.92,717784.0
2017-01-26,27.93,28.42,27.93,28.37,645242.0
2017-01-27,28.21,28.63,28.2,28.48,655729.0
2017-01-30,28.56,28.56,27.95,28.5,518332.0
2017-01-31,28.6,28.7,27.77,28.3,518093.0
2017-02-01,28.44,28.68,28.1,28.24,631659.0
2017-02-02,28.46,29.32,28.4,29.0,943347.0
2017-02-03,29.23,29.95,29.05,29.56,1367701.0
2017-02-06,29.89,30.47,29.84,29.94,1034638.0
2017-02-07,30.12,30.22,29.68,29.73,951731.0
2017-02-08,29.84,29.886,29.2601,29.58,1734991.0
2017-02-09,28.89,29.28,28.41,29.17,1024821.0
2017-02-10,29.36,29.42,28.54,28.72,1056481.0
2017-02-13,29.14,29.19,28.02,28.06,1318497.0
2017-02-14,28.06,28.8,27.36,28.57,1197249.0
2017-02-15,28.25,28.67,27.9001,28.07,940253.0
2017-02-16,27.99,28.6,27.83,28.51,1042239.0
2017-02-17,28.44,28.66,27.91,28.04,1022062.0
2017-02-21,28.52,28.64,28.25,28.37,932732.0
2017-02-22,28.61,28.61,27.68,27.78,1160418.0
2017-02-23,26.87,28.5,26.15,27.56,2391283.0
2017-02-24,27.03,27.51,26.75,27.51,1068352.0
2017-02-27,27.0,27.29,26.28,26.52,1886209.0
2017-02-28,26.31,26.65,25.2,25.61,1773829.0
2017-03-01,25.59,25.59,24.6,25.01,1816448.0
2017-03-02,24.9,25.57,24.42,25.37,838986.0
2017-03-03,25.3,25.686,25.04,25.27,569590.0
2017-03-06,25.27,25.3074,24.83,25.06,843093.0
2017-03-07,24.95,25.18,24.15,24.43,1151539.0
2017-03-08,24.27,24.36,23.5,23.71,1110325.0
2017-03-09,23.69,23.74,23.0901,23.35,860666.0
2017-03-10,23.54,24.03,23.54,23.91,607036.0
2017-03-13,24.01,24.57,24.005,24.11,520661.0
2017-03-14,24.0,24.3,23.68,24.17,455784.0
2017-03-15,24.32,24.62,24.11,24.5,395775.0
2017-03-16,24.5,24.79,24.301,24.58,279750.0
2017-03-17,24.74,24.94,24.4,24.66,439785.0
2017-03-20,24.4,24.6102,24.0,24.2,491419.0
2017-03-21,24.46,24.49,23.75,23.94,628006.0
2017-03-22,24.0,24.1,23.5,24.0,396343.0
2017-03-23,23.98,24.63,23.9059,24.33,301317.0
2017-03-24,24.41,24.7,24.1,24.37,304864.0
2017-03-27,24.18,24.47,23.791,23.95,361310.0
2017-03-28,24.0,24.41,23.98,23.99,384041.0
2017-03-29,24.01,24.6,24.0,24.19,603901.0
2017-03-30,23.78,24.0846,23.5,23.56,834813.0
2017-03-31,23.75,24.34,23.7,24.17,640056.0
2017-04-03,24.1,24.32,23.71,24.15,539821.0
2017-04-04,24.24,24.377,23.99,24.07,380916.0
2017-04-05,24.21,24.35,23.71,23.86,506893.0
2017-04-06,27.91,29.5,26.6,28.69,11126100.0
2017-04-07,28.93,29.95,28.77,29.4,4461890.0
2017-04-10,29.77,30.22,29.47,29.93,1321743.0
2017-04-11,29.58,29.91,29.17,29.91,1353019.0
2017-04-12,29.75,30.1,29.62,29.88,1195733.0
2017-04-13,29.98,30.03,29.61,29.85,744204.0
2017-04-17,29.85,30.2,29.7,30.05,1086644.0
2017-04-18,29.88,30.5,29.74,30.3,968406.0
2017-04-19,30.2,30.24,29.88,30.0,828867.0
2017-04-20,29.9,30.4,29.883,30.22,541879.0
2017-04-21,30.23,30.45,30.03,30.22,502000.0
2017-04-24,30.33,30.3871,30.07,30.17,416065.0
2017-04-25,30.45,31.02,30.2,30.96,1711811.0
2017-04-26,30.97,31.2,30.75,31.0,859009.0
2017-04-27,30.79,30.87,30.03,30.5,1028635.0
2017-04-28,30.66,30.89,30.21,30.39,553593.0
2017-05-01,30.5,30.5,29.6301,29.79,908496.0
2017-05-02,29.82,30.19,29.65,29.73,779976.0
2017-05-03,29.75,29.98,29.18,29.31,1008948.0
2017-05-04,29.8,30.39,29.46,29.76,1290779.0
2017-05-05,28.85,30.12,28.29,30.0,933879.0
2017-05-08,29.85,30.13,29.67,30.13,555718.0
2017-05-09,30.0,30.04,29.76,30.0,386526.0
2017-05-10,29.93,30.859,29.91,30.62,779413.0
2017-05-11,30.65,31.16,30.65,30.72,764959.0
2017-05-12,30.67,30.98,30.39,30.49,312946.0
2017-05-15,31.0,31.0,30.5,30.62,244035.0
2017-05-16,30.79,30.87,30.31,30.44,290287.0
2017-05-17,30.24,30.57,29.9,29.96,441722.0
2017-05-18,29.8,30.18,29.5,30.11,280390.0
2017-05-19,30.29,30.57,30.04,30.33,459358.0
2017-05-22,30.48,30.5,30.1,30.39,708651.0
2017-05-23,30.2,30.63,30.08,30.44,237369.0
2017-05-24,30.39,30.75,30.3,30.59,212105.0
2017-05-25,30.56,30.75,30.23,30.48,249241.0
2017-05-26,30.52,30.71,30.3,30.35,371460.0
2017-05-30,30.18,30.4,29.8,29.8,331549.0
2017-05-31,29.8,30.0302,29.391,29.82,406216.0
2017-06-01,29.9,30.83,29.73,30.23,314388.0
2017-06-02,30.18,30.7299,30.03,30.45,354632.0
2017-06-05,30.47,30.53,30.19,30.2,134830.0
2017-06-06,30.04,30.19,29.79,30.02,159603.0
2017-06-07,29.95,30.23,29.58,29.65,240750.0
2017-06-08,29.54,30.112,29.48,29.95,195509.0
2017-06-09,30.04,30.17,29.67,30.02,182101.0
2017-06-12,30.02,30.31,29.97,30.01,123508.0
2017-06-13,30.07,30.28,29.87,30.03,189039.0
2017-06-14,30.11,30.149,29.6,29.8,259159.0
2017-06-15,29.5,29.78,29.48,29.7,217968.0
2017-06-16,29.76,30.08,29.52,29.92,360470.0
2017-06-19,30.0,30.22,29.78,29.91,298905.0
2017-06-20,29.72,29.79,29.12,29.44,370955.0
2017-06-21,29.53,29.65,29.24,29.42,191221.0
2017-06-22,29.41,30.14,29.3995,30.11,324237.0
2017-06-23,30.11,30.76,29.55,30.37,493782.0
2017-06-26,30.34,30.71,30.13,30.48,258220.0
2017-06-27,30.61,30.78,30.04,30.18,276526.0
2017-06-28,30.0,30.75,30.0,30.35,234042.0
2017-06-29,30.52,30.85,30.455,30.64,239409.0
2017-06-30,30.7,30.82,30.25,30.61,296202.0
2017-07-03,30.63,30.845,30.52,30.63,187927.0
2017-07-05,30.4,30.54,30.1,30.35,263373.0
2017-07-06,30.25,30.45,30.07,30.24,141717.0
2017-07-07,30.16,30.69,30.0,30.69,175351.0
2017-07-10,30.02,30.38,29.88,30.19,410652.0
2017-07-11,30.05,30.635,30.05,30.35,178183.0
2017-07-12,30.53,30.6703,30.36,30.43,198925.0
2017-07-13,30.63,30.94,30.5,30.67,431999.0
2017-07-14,30.7,31.0,30.69,30.86,309964.0
2017-07-17,30.73,31.1625,30.7,30.96,267678.0
2017-07-18,30.98,31.35,30.835,31.14,364491.0
2017-07-19,31.3,31.44,31.0,31.14,210799.0
2017-07-20,31.14,31.2586,30.84,31.08,161518.0
2017-07-21,31.26,31.399,30.48,30.52,364647.0
2017-07-24,30.52,31.48,30.5068,31.39,381403.0
2017-07-25,31.48,31.97,31.48,31.8,368912.0
2017-07-26,31.92,31.9399,31.4,31.44,190489.0
2017-07-27,31.51,31.94,31.36,31.86,285587.0
2017-07-28,31.86,32.48,31.77,32.37,497116.0
2017-07-31,32.37,32.49,31.72,32.32,440985.0
2017-08-01,32.5,32.665,32.21,32.24,536616.0
2017-08-02,32.34,32.47,31.94,32.05,759194.0
2017-08-03,31.37,31.52,30.69,31.0,497805.0
2017-08-04,31.04,31.5,30.83,31.24,517873.0
2017-08-07,31.13,31.5,30.75,30.76,358345.0
2017-08-08,30.56,31.01,29.72,30.26,574597.0
2017-08-09,30.0,31.97,30.0,31.75,997441.0
2017-08-10,31.58,31.94,30.88,31.17,345589.0
2017-08-11,31.01,31.76,30.8,31.02,371869.0
2017-08-14,31.11,31.59,31.01,31.24,199150.0
2017-08-15,31.39,31.39,30.09,30.55,483515.0
2017-08-16,30.73,30.75,30.36,30.55,323212.0
2017-08-17,30.51,30.86,30.4,30.49,231639.0
2017-08-18,30.47,30.68,29.91,30.44,312303.0
2017-08-21,30.43,30.45,30.1,30.32,209374.0
2017-08-22,30.32,30.99,30.24,30.77,173181.0
2017-08-23,30.74,31.25,30.635,31.16,268543.0
2017-08-24,31.09,31.35,30.98,31.15,138197.0
2017-08-25,31.15,31.42,30.92,31.22,158844.0
2017-08-28,31.23,31.34,30.99,31.03,170767.0
2017-08-29,30.84,31.4,30.75,31.23,150655.0
2017-08-30,31.15,31.49,31.0,31.43,128408.0
2017-08-31,31.49,31.63,30.95,31.31,304915.0
2017-09-01,31.34,32.04,31.17,31.97,354692.0
2017-09-05,32.04,32.08,31.27,31.32,234609.0
2017-09-06,31.57,31.89,31.378,31.64,200649.0
2017-09-07,31.7,32.03,31.7,31.89,184767.0
2017-09-08,31.86,32.04,31.7,31.86,155875.0
2017-09-11,32.0,32.04,31.55,31.71,138337.0
2017-09-12,31.83,31.89,31.58,31.63,131218.0
2017-09-13,31.7,31.8399,31.56,31.77,142608.0
2017-09-14,31.92,31.93,31.44,31.62,178694.0
2017-09-15,31.53,31.75,31.25,31.64,252319.0
2017-09-18,31.72,32.09,31.52,31.52,167100.0
2017-09-19,31.6,32.0,31.3772,31.49,168134.0
2017-09-20,31.5,31.7423,31.11,31.15,255926.0
2017-09-21,31.08,31.1394,30.7,30.77,214221.0
2017-09-22,30.82,31.165,30.73,30.9,176888.0
2017-09-25,30.9,31.15,30.73,30.76,243985.0
2017-09-26,30.77,31.0867,30.77,30.98,149837.0
2017-09-27,30.9,31.03,30.79,30.89,169766.0
2017-09-28,30.85,30.96,30.42,30.64,166855.0
2017-09-29,30.9,31.57,30.88,31.1,686037.0
2017-10-02,30.94,31.41,30.94,31.27,212106.0
2017-10-03,31.35,31.87,31.1124,31.87,204980.0
2017-10-04,31.8,32.18,31.66,31.87,291859.0
2017-10-05,31.82,32.048,31.54,31.64,244404.0
2017-10-06,31.5,32.0,31.5,31.73,208955.0
2017-10-09,31.73,31.91,31.67,31.91,109282.0
2017-10-10,31.91,32.16,31.67,31.68,216361.0
2017-10-11,31.85,31.99,31.4301,31.79,175646.0
2017-10-12,31.62,32.41,31.491,32.38,354893.0
2017-10-13,32.48,32.48,30.69,31.69,1243250.0
2017-10-16,31.97,31.98,31.44,31.6,302414.0
2017-10-17,31.5,31.71,31.05,31.32,208446.0
2017-10-18,31.33,31.495,30.32,30.45,618339.0
2017-10-19,30.28,30.8,29.8,30.8,668313.0
2017-10-20,30.79,31.08,30.41,30.43,197373.0
2017-10-23,30.44,30.65,30.0,30.11,361852.0
2017-10-24,30.18,30.62,30.02,30.35,346002.0
2017-10-25,30.25,30.54,29.99,30.1101,435370.0
2017-10-26,30.15,30.51,30.02,30.4,402647.0
2017-10-27,30.41,31.3,30.4,30.92,653269.0
2017-10-30,31.16,31.4233,30.6512,30.85,307559.0
2017-10-31,30.97,31.09,30.6,30.97,221935.0
2017-11-01,31.0,31.63,31.0,31.42,562220.0
2017-11-02,31.53,31.658,30.64,30.78,649587.0
2017-11-03,31.1,31.22,30.56,30.8,490984.0
2017-11-06,29.98,30.482,29.98,30.26,381446.0
2017-11-07,30.05,30.8,30.04,30.72,362405.0
2017-11-08,31.0,31.15,29.72,30.79,541463.0
2017-11-09,30.02,30.97,30.01,30.81,599652.0
2017-11-10,30.78,31.07,30.7079,30.87,366515.0
2017-11-13,30.57,31.0,30.57,30.7,180740.0
2017-11-14,30.8,30.81,30.26,30.32,290866.0
2017-11-15,30.27,30.4,29.86,30.21,351912.0
2017-11-16,30.12,30.46,30.12,30.38,144372.0
2017-11-17,30.32,30.7295,30.251,30.47,217524.0
2017-11-20,30.47,30.73,30.19,30.54,242959.0
2017-11-21,30.75,30.8095,30.17,30.24,327211.0
2017-11-22,30.21,30.5,30.2,30.25,174573.0
2017-11-24,30.2,30.43,30.18,30.41,92186.0
2017-11-27,30.35,30.46,30.07,30.15,203357.0
2017-11-28,30.13,30.175,28.901,29.23,594559.0
2017-11-29,29.02,29.28,28.35,28.99,634149.0
2017-11-30,29.23,29.67,28.85,29.36,537848.0
2017-12-01,29.4,29.97,29.26,29.45,377718.0
2017-12-04,29.59,29.87,29.05,29.08,315632.0
2017-12-05,29.0,29.22,28.679,28.75,414792.0
2017-12-06,28.75,29.385,28.4,29.34,499239.0
2017-12-07,29.18,29.74,28.86,29.49,341911.0
2017-12-08,29.6,29.65,29.13,29.16,357979.0
2017-12-11,29.16,29.56,29.02,29.14,434297.0
2017-12-12,29.03,29.4,28.69,28.9,305516.0
2017-12-13,28.89,29.41,28.6,29.11,427978.0
2017-12-14,29.06,29.41,29.0,29.12,286217.0
2017-12-15,29.34,29.34,28.71,28.75,466622.0
2017-12-18,29.25,29.45,28.67,28.75,572811.0
2017-12-19,28.59,28.9,28.22,28.32,647476.0
2017-12-20,28.32,28.68,28.18,28.4,625331.0
2017-12-21,28.27,28.95,28.12,28.35,572112.0
2017-12-22,28.29,28.74,28.14,28.46,464854.0
2017-12-26,28.36,28.68,28.17,28.29,419763.0
2017-12-27,28.35,28.48,28.04,28.04,549256.0
2017-12-28,28.05,28.37,27.91,28.29,517132.0
2017-12-29,28.27,28.45,28.02,28.4,666360.0
2018-01-02,28.0,29.03,27.92,28.87,397223.0
2018-01-03,29.03,29.45,28.92,29.34,472150.0
2018-01-04,29.3,29.4,28.75,28.97,409138.0
2018-01-05,28.87,29.0,28.45,28.51,411494.0
2018-01-08,29.01,29.42,28.8,29.2,933941.0
2018-01-09,29.66,30.26,29.26,30.2,866959.0
2018-01-10,30.3,30.66,30.22,30.4,450922.0
2018-01-11,30.51,30.89,30.38,30.8,440868.0
2018-01-12,30.75,31.59,30.75,31.59,653902.0
2018-01-16,31.5,32.33,31.42,32.12,577016.0
2018-01-17,32.01,32.38,31.22,31.36,478195.0
2018-01-18,31.3,31.8,31.16,31.43,274368.0
2018-01-19,31.28,31.8,31.27,31.77,220338.0
2018-01-22,31.8,32.55,31.7,32.53,418150.0
2018-01-23,32.6,32.88,32.28,32.41,408554.0
2018-01-24,32.53,33.04,32.42,32.54,490192.0
2018-01-25,32.67,33.11,31.92,32.0,658671.0
2018-01-26,32.32,32.53,31.62,32.38,444277.0
2018-01-29,32.42,32.55,31.91,32.0,375850.0
2018-01-30,31.9,32.04,31.25,31.41,531498.0
2018-01-31,31.66,31.98,31.61,31.91,578495.0
2018-02-01,31.97,32.85,31.95,32.45,715852.0
2018-02-02,32.39,32.39,31.26,31.44,866124.0
2018-02-05,30.18,30.65,29.93,30.0,778187.0
2018-02-06,29.47,30.29,29.32,30.19,860609.0
2018-02-07,30.21,30.72,29.94,29.94,396223.0
2018-02-08,30.04,30.28,29.33,29.36,299261.0
2018-02-09,29.5,30.06,28.51,29.82,655091.0
2018-02-12,30.08,30.96,30.07,30.74,314233.0
2018-02-13,30.69,30.91,30.5,30.7,211423.0
2018-02-14,30.65,31.46,30.57,30.88,276058.0
2018-02-15,30.96,31.39,30.45,30.9,316967.0
2018-02-16,30.87,30.96,30.22,30.41,130792.0
2018-02-20,30.36,30.64,29.72,30.08,585690.0
2018-02-21,30.04,30.46,29.9,30.0,225064.0
2018-02-22,30.89,31.01,30.01,30.19,522276.0
2018-02-23,30.25,30.85,30.0,30.49,384375.0
2018-02-26,30.36,30.46,29.64,29.87,399883.0
2018-02-27,29.91,29.98,29.21,29.34,266181.0
2018-02-28,29.49,29.52,28.89,28.92,422694.0
2018-03-01,28.82,29.03,28.41,28.64,299476.0
2018-03-02,28.53,28.63,28.01,28.51,571047.0
2018-03-05,28.44,28.77,28.12,28.24,500908.0
2018-03-06,28.4,28.44,28.01,28.32,466964.0
2018-03-07,28.25,28.37,27.81,28.0,382567.0
2018-03-08,28.05,28.14,27.35,27.58,522435.0
2018-03-09,27.7,27.89,27.07,27.84,677014.0
2018-03-12,27.84,28.06,27.62,28.02,372371.0
2018-03-13,28.04,28.26,27.72,28.02,293518.0
2018-03-14,27.48,27.71,26.77,27.68,634485.0
2018-03-15,27.6,27.75,26.27,27.31,804610.0
2018-03-16,27.27,28.28,27.24,27.87,585519.0
2018-03-19,27.79,27.79,26.6,26.93,421363.0
2018-03-20,26.93,27.25,26.55,26.76,400031.0
2018-03-21,26.77,26.95,26.22,26.53,415271.0
2018-03-22,26.44,26.5,26.05,26.13,418240.0
2018-03-23,26.25,26.75,26.05,26.34,444424.0
2018-03-26,26.48,26.69,25.95,26.12,359464.0
2018-03-27,26.2,26.35,25.76,25.92,391432.0
2018-03-28,25.92,26.06,25.55,25.63,242063.0
2018-03-29,25.64,25.97,25.51,25.51,301663.0
2018-04-02,25.5,25.76,24.91,25.51,436583.0
2018-04-03,25.59,25.6,24.76,25.49,290153.0
2018-04-04,25.2,26.19,25.04,25.97,267450.0
2018-04-05,26.13,26.74,25.93,26.66,331942.0
2018-04-06,26.59,26.99,26.3,26.43,385535.0
2018-04-09,26.57,26.83,26.35,26.43,182030.0
2018-04-10,26.72,27.22,26.64,27.06,326287.0
2018-04-11,27.12,27.76,27.07,27.64,399719.0
2018-04-12,27.73,27.95,27.5,27.6,362732.0
2018-04-13,27.62,27.74,27.36,27.47,197251.0
2018-04-16,27.52,28.2,27.35,28.13,340317.0
2018-04-17,28.25,28.69,28.2,28.29,347734.0
2018-04-18,28.45,28.57,28.31,28.37,464605.0
2018-04-19,28.38,28.53,27.91,27.97,304211.0
2018-04-20,27.95,28.25,27.6,27.93,247745.0
2018-04-23,27.96,28.24,27.81,28.0,224283.0
2018-04-24,28.0,28.0,27.24,27.63,280838.0
2018-04-25,27.5,27.79,27.1,27.77,323185.0
2018-04-26,27.85,28.06,27.16,27.75,266099.0
2018-04-27,27.21,27.85,26.14,27.08,870267.0
2018-04-30,27.14,27.87,27.14,27.52,422312.0
2018-05-01,27.52,28.04,27.38,27.67,423935.0
2018-05-02,27.83,28.0,27.45,27.59,453288.0
2018-05-03,27.55,27.97,27.2,27.36,792403.0
2018-05-04,26.55,27.09,26.46,26.86,308336.0
2018-05-07,27.04,27.06,26.68,26.81,424318.0
2018-05-08,27.04,27.04,26.22,26.35,521629.0
2018-05-09,26.49,27.34,26.35,26.81,504085.0
2018-05-10,26.12,27.55,26.03,26.81,733550.0
2018-05-11,26.88,27.27,26.48,26.75,368597.0
2018-05-14,26.75,27.43,26.72,27.04,279803.0
2018-05-15,27.13,27.33,26.82,27.0,416955.0
2018-05-16,27.04,27.19,26.8,26.96,234856.0
2018-05-17,27.1,27.17,26.75,26.87,347685.0
2018-05-18,26.91,26.91,26.47,26.84,395705.0
2018-05-21,26.85,26.95,26.5,26.58,270431.0
2018-05-22,26.58,26.6,26.1,26.15,310333.0
2018-05-23,26.03,26.35,25.55,26.11,394702.0
2018-05-24,25.94,26.01,25.61,25.74,289361.0
2018-05-25,25.62,26.08,25.52,25.96,304425.0
2018-05-29,25.82,26.33,25.82,26.01,195305.0
2018-05-30,26.0,26.72,25.88,26.69,577999.0
2018-05-31,26.63,26.82,26.38,26.6,301505.0
2018-06-01,26.75,26.84,26.1,26.19,316933.0
2018-06-04,26.25,26.37,26.02,26.2,447447.0
2018-06-05,26.21,26.61,26.21,26.43,148562.0
2018-06-06,26.49,26.6,26.15,26.17,173656.0
2018-06-07,26.25,26.43,26.04,26.13,472550.0
2018-06-08,26.08,26.48,25.88,26.2,361027.0
2018-06-11,26.19,26.78,26.11,26.53,368499.0
2018-06-12,26.52,26.57,26.2,26.3,291033.0
2018-06-13,26.35,26.4,26.0,26.1,304237.0
2018-06-14,26.1,26.16,25.8,25.84,380144.0
2018-06-15,25.75,25.84,25.26,25.36,549204.0
2018-06-18,25.36,25.88,25.36,25.79,502231.0
2018-06-19,25.6,26.03,25.6,25.64,275566.0
2018-06-20,25.78,25.98,25.45,25.51,174262.0
2018-06-21,25.51,25.55,25.25,25.3,207245.0
2018-06-22,25.56,25.68,25.15,25.18,275306.0
2018-06-25,25.35,25.35,24.68,24.7,419536.0
2018-06-26,24.7,24.95,24.6,24.68,418058.0
2018-06-27,24.77,25.32,24.63,25.02,656414.0
2018-06-28,24.98,25.01,24.54,24.74,425743.0
2018-06-29,24.76,25.03,24.46,24.96,458416.0
2018-07-02,24.77,24.95,24.5,24.52,327492.0
2018-07-03,24.76,25.24,24.65,25.14,380708.0
2018-07-05,25.25,25.56,24.8,25.05,520092.0
2018-07-06,24.92,25.11,24.83,24.89,294592.0
2018-07-09,24.93,25.5,24.86,25.2,316674.0
2018-07-10,25.2,25.66,25.08,25.15,250013.0
2018-07-11,25.16,25.4,25.03,25.13,258053.0
2018-07-12,25.09,25.28,25.02,25.21,142797.0
2018-07-13,25.19,25.47,25.1,25.32,122040.0
2018-07-16,25.28,25.72,25.15,25.7,157792.0
2018-07-17,25.7,25.7,25.28,25.38,153452.0
2018-07-18,25.84,25.84,25.42,25.61,216606.0
2018-07-19,25.76,26.3,25.75,25.82,236461.0
2018-07-20,25.79,25.93,25.75,25.8,183778.0
2018-07-23,25.82,26.32,25.65,26.29,350459.0
2018-07-24,26.44,26.52,25.84,26.16,196978.0
2018-07-25,26.27,26.51,26.06,26.41,182980.0
2018-07-26,26.44,26.65,26.3,26.62,271223.0
2018-07-27,26.55,26.65,26.32,26.34,251736.0
2018-07-30,26.62,26.68,26.36,26.47,269940.0
2018-07-31,26.64,26.79,26.26,26.69,423306.0
2018-08-01,26.67,27.0,26.48,26.9,469755.0
2018-08-02,27.01,28.1,26.9,27.48,786800.0
2018-08-03,27.57,28.1,27.57,27.77,700231.0
2018-08-06,27.06,27.09,26.7,26.76,533756.0
2018-08-07,26.82,26.94,25.95,26.09,414439.0
2018-08-08,25.97,26.09,25.8,25.95,344665.0
2018-08-09,27.0,27.88,26.8,27.47,1030334.0
2018-08-10,27.41,28.15,27.33,27.82,1052254.0
2018-08-13,27.82,27.95,27.18,27.18,482724.0
2018-08-14,27.2,27.38,26.87,26.95,325302.0
2018-08-15,26.75,26.81,26.09,26.55,409451.0
2018-08-16,26.78,26.92,26.4,26.66,313496.0
2018-08-17,27.0,27.09,26.63,26.94,241206.0
2018-08-20,27.07,27.54,26.8,27.37,279699.0
2018-08-21,27.36,27.88,27.26,27.8,389406.0
2018-08-22,27.82,27.96,27.61,27.83,279722.0
2018-08-23,27.85,27.88,27.37,27.42,215797.0
2018-08-24,27.61,27.61,27.23,27.52,684117.0
2018-08-27,27.5,27.64,27.31,27.59,199853.0
2018-08-28,27.64,27.64,27.36,27.53,187611.0
2018-08-29,27.6,27.74,27.37,27.47,267399.0
2018-08-30,27.54,27.54,27.23,27.3,174620.0
2018-08-31,27.28,27.31,26.92,27.09,310091.0
2018-09-04,27.13,27.34,26.9,27.33,275414.0
2018-09-05,27.3,27.45,26.94,27.38,272534.0
2018-09-06,27.4,27.44,26.92,27.02,153291.0
2018-09-07,26.9,27.0,26.75,26.93,159691.0
2018-09-10,27.05,27.62,27.05,27.57,272115.0
2018-09-11,27.69,27.81,27.53,27.73,353277.0
2018-09-12,27.8,27.98,27.76,27.9,287653.0
2018-09-13,27.9,27.9,27.63,27.77,298855.0
2018-09-14,27.71,27.95,27.3,27.87,342288.0
2018-09-17,27.95,28.08,27.71,27.74,235500.0
2018-09-18,27.89,28.13,27.6,28.05,220252.0
2018-09-19,28.01,28.26,27.79,28.06,233577.0
2018-09-20,28.22,28.27,27.86,28.19,304551.0
2018-09-21,28.26,28.42,27.85,28.23,349018.0
2018-09-24,28.32,28.51,28.12,28.29,319557.0
2018-09-25,28.29,28.68,27.95,28.57,250585.0
2018-09-26,28.58,29.0,28.31,28.85,458363.0
2018-09-27,28.92,29.28,28.5,29.25,241121.0
2018-09-28,29.24,29.63,29.13,29.55,326953.0
2018-10-01,29.65,30.12,29.42,29.77,466158.0
2018-10-02,29.86,29.86,29.57,29.75,286600.0
2018-10-03,29.8,30.28,29.72,30.01,348079.0
2018-10-04,29.96,30.2,29.64,29.67,228668.0
2018-10-05,29.7,30.09,29.39,29.83,140051.0
2018-10-08,29.73,30.51,29.57,30.44,535496.0
2018-10-09,30.35,30.58,30.25,30.42,272295.0
2018-10-10,30.35,30.54,29.97,30.02,410390.0
2018-10-11,29.84,30.02,29.37,29.58,495948.0
2018-10-12,29.64,29.84,28.72,29.11,502603.0
2018-10-15,29.11,29.39,28.66,29.05,370318.0
2018-10-16,29.14,29.99,29.0,29.59,554854.0
2018-10-17,29.63,29.7,29.12,29.36,343984.0
2018-10-18,29.16,29.8,29.1,29.36,355432.0
2018-10-19,29.42,29.47,29.04,29.13,478292.0
2018-10-22,29.26,29.46,29.01,29.2,222966.0
2018-10-23,28.91,28.93,28.17,28.88,407324.0
2018-10-24,29.1,29.16,27.74,27.77,660566.0
2018-10-25,28.03,28.08,27.41,27.52,468506.0
2018-10-26,27.3,27.61,26.72,26.89,442034.0
2018-10-29,27.14,27.65,26.6,26.92,464568.0
2018-10-30,26.81,27.34,26.71,26.85,362957.0
2018-10-31,27.13,27.74,26.95,27.34,374691.0
2018-11-01,27.56,28.01,27.34,27.99,367738.0
2018-11-02,28.22,28.55,27.48,27.55,852713.0
2018-11-05,26.75,27.04,26.52,26.61,383108.0
2018-11-06,26.7,26.91,26.31,26.41,264183.0
2018-11-07,26.69,26.85,26.1,26.77,469901.0
2018-11-08,27.25,28.74,27.2,28.44,1017260.0
2018-11-09,28.25,28.46,27.5,28.45,551920.0
2018-11-12,28.5,29.02,28.03,28.85,477232.0
2018-11-13,28.82,29.03,28.13,28.32,320523.0
2018-11-14,28.79,28.84,27.89,28.08,416787.0
2018-11-15,28.09,28.46,27.82,28.08,355694.0
2018-11-16,27.99,28.02,27.45,27.5,411929.0
2018-11-19,27.5,27.62,26.67,26.71,379400.0
2018-11-20,26.63,27.0,26.35,26.87,595863.0
2018-11-21,27.14,28.0,27.07,27.92,403023.0
2018-11-23,27.69,28.06,27.41,27.89,187066.0
2018-11-26,28.09,28.24,27.75,28.21,322254.0
2018-11-27,28.15,28.19,27.65,27.84,444637.0
2018-11-28,28.0,28.25,27.46,28.17,350353.0
2018-11-29,28.16,28.37,27.81,28.23,173623.0
2018-11-30,28.17,28.17,27.8,27.96,219103.0
2018-12-03,28.33,28.33,27.46,27.9,583514.0
2018-12-04,27.92,28.0,27.24,27.31,705978.0
2018-12-06,27.06,27.5,26.915,27.5,465650.0
2018-12-07,27.71,27.9,27.1,27.19,450042.0
2018-12-10,27.05,27.45,26.75,27.18,411859.0
2018-12-11,27.47,27.88,27.32,27.39,431204.0
2018-12-12,27.59,27.7,27.39,27.62,407080.0
2018-12-13,27.59,28.17,27.55,27.92,562167.0
2018-12-14,27.85,28.27,27.53,27.7,543914.0
2018-12-17,27.59,27.68,26.85,26.99,486170.0
2018-12-18,27.03,27.41,26.55,26.82,479558.0
2018-12-19,26.97,27.31,26.53,26.91,558913.0
2018-12-20,26.81,27.3,25.75,26.17,733110.0
2018-12-21,26.16,26.54,25.25,25.25,3337305.0
2018-12-24,25.11,25.23,24.02,24.12,507275.0
2018-12-26,24.5,25.55,23.8,25.52,586426.0
2018-12-27,25.31,26.07,24.74,25.91,654086.0
2018-12-28,26.09,26.51,25.62,26.32,768902.0
2018-12-31,26.46,27.22,26.46,27.19,629989.0
2019-01-02,26.97,27.38,26.76,27.12,363079.0
2019-01-03,27.31,27.4,26.86,27.22,675259.0
2019-01-04,27.57,27.79,27.36,27.56,962500.0
2019-01-07,27.8,28.22,27.59,28.05,421892.0
2019-01-08,28.35,28.45,28.06,28.31,395663.0
2019-01-09,28.51,28.81,28.4,28.57,411935.0
2019-01-10,28.5,28.73,28.1,28.54,373193.0
2019-01-11,28.12,28.54,28.0,28.24,399806.0
2019-01-14,28.2,28.87,28.02,28.81,468705.0
2019-01-15,28.86,29.19,28.65,28.97,283060.0
2019-01-16,28.92,29.07,28.42,28.99,266059.0
2019-01-17,28.94,29.3,28.85,29.06,272727.0
2019-01-18,29.14,29.34,29.0,29.13,179580.0
2019-01-22,29.13,29.368,28.805,29.21,243252.0
2019-01-23,29.26,29.73,29.23,29.56,603963.0
2019-01-24,29.67,30.02,29.3,29.97,325786.0
2019-01-25,30.07,30.49,29.95,30.49,442373.0
2019-01-28,30.49,30.49,30.05,30.16,287992.0
2019-01-29,30.34,30.48,30.12,30.18,316119.0
2019-01-30,30.33,30.82,30.0,30.65,282218.0
2019-01-31,30.75,31.0,30.4,30.63,450828.0
2019-02-01,30.75,31.12,30.67,30.94,470987.0
2019-02-04,31.19,31.33,30.84,31.1,1338464.0
2019-02-05,30.23,30.44,30.0,30.21,566009.0
2019-02-06,30.15,30.24,29.22,29.37,589669.0
2019-02-07,29.5,29.55,28.84,29.05,369908.0
2019-02-08,29.0,29.31,28.93,29.06,205906.0
2019-02-11,29.07,29.55,28.95,29.44,455857.0
2019-02-12,29.75,30.2,29.7,30.09,338248.0
2019-02-13,30.2,30.49,29.99,30.21,595725.0
2019-02-14,30.15,30.54,30.06,30.15,367051.0
2019-02-15,30.29,30.6,30.08,30.34,392916.0
2019-02-19,30.34,30.61,30.25,30.27,351396.0
2019-02-20,30.25,30.38,29.8,29.85,631267.0
2019-02-21,29.09,29.94,28.64,29.49,1213108.0
2019-02-22,29.7,30.25,29.5,29.86,484017.0
2019-02-25,30.1,30.37,29.85,30.32,529427.0
2019-02-26,30.24,30.41,30.13,30.19,278020.0
2019-02-27,30.1,30.35,29.95,30.1,185021.0
2019-02-28,30.14,30.17,29.82,29.98,202827.0
2019-03-01,29.98,30.15,29.78,30.1,193025.0
2019-03-04,30.1,30.2,29.6,29.98,239302.0
2019-03-05,30.0,30.04,29.75,29.85,155098.0
2019-03-06,29.82,29.92,29.72,29.78,137843.0
2019-03-07,29.69,29.77,29.5,29.56,228939.0
2019-03-08,29.48,29.65,29.14,29.65,140287.0
2019-03-11,29.75,30.06,29.72,30.0,199057.0
2019-03-12,29.97,30.16,29.78,29.9,205333.0
2019-03-13,30.0,30.1,29.84,29.95,136971.0
2019-03-14,29.99,30.2,29.93,30.01,147259.0
2019-03-15,30.04,30.22,29.9,30.22,320841.0
2019-03-18,30.2,30.55,30.1,30.5,260693.0
2019-03-19,30.3,30.7,30.21,30.58,219244.0
2019-03-20,30.5,31.0,30.4,30.71,240680.0
2019-03-21,30.65,31.1,30.65,30.95,277006.0
2019-03-22,30.98,30.98,30.7,30.79,209501.0
2019-03-25,30.64,30.97,30.37,30.68,233540.0
2019-03-26,30.69,31.08,30.69,30.85,174231.0
2019-03-27,30.85,31.15,30.77,30.84,213692.0
2019-03-28,30.88,31.12,30.78,31.1,122029.0
2019-03-29,31.15,31.2,31.0,31.16,236907.0
2019-04-01,31.2,31.47,30.98,31.46,201813.0
2019-04-02,31.5,31.88,31.35,31.66,242074.0
2019-04-03,31.83,31.83,31.35,31.4,225766.0
2019-04-04,31.4,31.54,31.12,31.2,173680.0
2019-04-05,31.25,31.39,31.08,31.15,272449.0
2019-04-08,31.05,31.25,30.96,30.99,323191.0
2019-04-09,30.99,31.06,30.52,30.65,442067.0
2019-04-10,30.75,30.83,30.32,30.51,235472.0
2019-04-11,30.35,30.87,30.08,30.79,288119.0
2019-04-12,31.07,31.13,30.82,30.91,201856.0
2019-04-15,30.99,31.0,30.6,30.84,130634.0
2019-04-16,30.28,30.63,30.175,30.36,311820.0
2019-04-17,30.45,30.62,30.2,30.32,198227.0
2019-04-18,30.32,30.41,30.15,30.29,174289.0
2019-04-22,30.36,30.87,30.36,30.85,181598.0
2019-04-23,30.99,31.17,30.67,30.69,243631.0
2019-04-24,30.77,30.84,30.33,30.59,239641.0
2019-04-25,30.58,30.64,30.33,30.4,157360.0
2019-04-26,30.39,30.85,30.39,30.81,224234.0
2019-04-29,30.82,30.95,30.6,30.71,202341.0
2019-04-30,30.97,31.21,30.73,30.93,315484.0
2019-05-01,31.1,31.31,30.99,31.07,318653.0
2019-05-02,31.25,31.28,30.81,31.18,505956.0
2019-05-03,31.3,31.45,30.96,31.43,415088.0
2019-05-06,30.5,30.64,30.11,30.28,340149.0
2019-05-07,30.1,30.23,29.58,29.79,367980.0
2019-05-08,29.7,29.95,29.47,29.63,308447.0
2019-05-09,29.77,30.2,29.5,30.13,247361.0
2019-05-10,30.16,30.63,30.07,30.6,229233.0
2019-05-13,30.36,30.73,30.31,30.46,249625.0
2019-05-14,30.58,31.04,30.35,30.73,234766.0
2019-05-15,30.75,30.79,30.25,30.31,304864.0
2019-05-16,30.49,30.82,30.26,30.35,253154.0
2019-05-17,30.31,30.64,30.3,30.44,186858.0
2019-05-20,30.44,30.62,30.3,30.35,123583.0
2019-05-21,30.48,30.74,30.35,30.68,157203.0
2019-05-22,30.7,30.7,30.36,30.61,98529.0
2019-05-23,30.29,30.39,29.96,30.19,183264.0
2019-05-24,30.29,30.4,29.93,30.09,95908.0
2019-05-28,30.15,30.23,29.85,29.94,120403.0
2019-05-29,29.8,29.85,29.3,29.78,288301.0
2019-05-30,29.88,30.09,29.82,30.0,197510.0
2019-05-31,29.8,30.2,29.8,29.96,150012.0
2019-06-03,30.05,30.32,29.95,30.31,174740.0
2019-06-04,30.5,30.99,30.356,30.91,330659.0
2019-06-05,30.82,30.82,30.44,30.59,87615.0
2019-06-06,30.6,31.0,30.6,30.89,152075.0
2019-06-07,31.0,31.09,30.82,30.87,148838.0
2019-06-10,31.0,31.14,30.74,31.05,153522.0
2019-06-11,31.2,31.2,30.76,30.9,147790.0
2019-06-12,30.8,30.81,30.52,30.62,98343.0
2019-06-13,30.93,31.06,30.63,30.87,136774.0
2019-06-14,30.98,31.15,30.79,31.15,100038.0
2019-06-17,31.15,31.15,30.82,30.93,166960.0
2019-06-18,30.92,31.12,30.69,30.81,193296.0
2019-06-19,30.71,31.1,30.43,30.97,249601.0
2019-06-20,31.17,31.24,30.8,30.81,157687.0
2019-06-21,30.67,31.26,30.65,31.1,234647.0
2019-06-24,31.24,31.25,30.81,31.12,104776.0
2019-06-25,31.25,31.25,30.75,30.78,111380.0
2019-06-26,31.05,31.18,30.9,30.91,229747.0
2019-06-27,31.19,31.45,30.95,31.44,316183.0
2019-06-28,31.42,31.56,31.25,31.28,303486.0
2019-07-01,31.61,31.74,31.31,31.43,255670.0
2019-07-02,31.58,31.88,31.49,31.88,211992.0
2019-07-03,31.85,32.15,31.85,32.04,207080.0
2019-07-05,32.04,32.44,31.98,32.4,253450.0
2019-07-08,32.5,32.62,32.35,32.39,301061.0
2019-07-09,32.48,32.58,32.12,32.33,220539.0
2019-07-10,32.44,32.56,32.3,32.33,192161.0
2019-07-11,32.57,32.71,32.37,32.45,166521.0
2019-07-12,32.5,32.93,32.5,32.66,369316.0
2019-07-15,32.83,33.25,32.78,33.22,412555.0
2019-07-16,33.24,33.96,33.08,33.55,354362.0
2019-07-17,33.61,33.93,33.09,33.18,450949.0
2019-07-18,33.27,33.48,32.83,32.92,288371.0
2019-07-19,32.92,33.46,32.72,33.39,257688.0
2019-07-22,33.65,33.87,33.5,33.66,391427.0
2019-07-23,33.81,33.86,33.6,33.67,239338.0
2019-07-24,33.71,33.83,33.5,33.62,201351.0
2019-07-25,33.64,33.75,33.47,33.73,227574.0
2019-07-26,33.78,33.95,33.64,33.83,180617.0
2019-07-29,33.97,33.98,33.7,33.97,259592.0
2019-07-30,33.98,34.09,33.7,33.78,243493.0
2019-07-31,34.08,34.09,33.66,33.79,410777.0
2019-08-01,33.78,33.92,33.49,33.52,602819.0
2019-08-02,33.52,33.73,33.16,33.39,786201.0
2019-08-05,32.41,32.58,31.27,31.64,580423.0
2019-08-06,31.91,32.5,31.77,32.45,275829.0
2019-08-07,32.22,32.24,31.3,31.68,396005.0
2019-08-08,31.17,31.2,29.76,31.08,670138.0
2019-08-09,30.93,31.08,30.59,30.63,300091.0
2019-08-12,30.71,30.83,30.54,30.6,170362.0
2019-08-13,30.51,31.3,30.51,30.91,365424.0
2019-08-14,30.97,30.97,30.28,30.52,403348.0
2019-08-15,30.34,30.56,29.8,29.94,631997.0
2019-08-16,30.1,30.58,29.87,30.43,285073.0
2019-08-19,30.72,30.78,30.21,30.6,409093.0
2019-08-20,30.51,30.98,30.51,30.59,233538.0
2019-08-21,30.75,31.25,30.6,31.08,209221.0
2019-08-22,31.21,31.21,30.71,31.0,220332.0
2019-08-23,30.78,31.15,30.6,30.86,396700.0
2019-08-26,30.97,31.08,30.69,30.94,250367.0
2019-08-27,31.06,31.15,30.46,30.75,295785.0
2019-08-28,30.9,31.1,30.64,31.05,222958.0
2019-08-29,31.19,31.75,31.08,31.72,217772.0
2019-08-30,31.77,31.77,31.1,31.37,178410.0
2019-09-03,31.25,31.25,30.85,30.91,227027.0
2019-09-04,31.2,31.24,30.81,30.84,376759.0
2019-09-05,30.94,31.16,30.74,30.74,134157.0
2019-09-06,30.7,31.11,30.7,31.1,143567.0
2019-09-09,31.22,31.6,31.17,31.32,158586.0
2019-09-10,31.35,31.5,31.17,31.43,102496.0
2019-09-11,31.48,31.55,31.03,31.26,175929.0
2019-09-12,31.22,31.43,30.98,31.35,139289.0
2019-09-13,31.49,31.55,31.22,31.42,145733.0
2019-09-16,31.81,31.86,31.04,31.16,288659.0
2019-09-17,31.23,31.78,31.16,31.47,197832.0
2019-09-18,31.42,31.68,31.35,31.45,79291.0
2019-09-19,31.6,31.68,31.47,31.54,119615.0
2019-09-20,31.6,31.95,31.55,31.94,164450.0
2019-09-23,32.0,32.11,31.81,31.98,127462.0
2019-09-24,31.96,32.0,31.39,31.66,146934.0
2019-09-25,31.51,31.63,31.11,31.3,260830.0
2019-09-26,31.23,31.3,31.05,31.09,221555.0
2019-09-27,31.39,31.57,31.24,31.57,160873.0
2019-09-30,31.64,31.82,31.45,31.45,143817.0
2019-10-01,31.44,31.58,31.08,31.13,251465.0
2019-10-02,31.05,31.19,30.8,31.0,159720.0
2019-10-03,30.99,31.32,30.86,31.1,130611.0
2019-10-04,31.1,31.33,31.1,31.25,102263.0
2019-10-07,31.3,31.48,31.23,31.31,119811.0
2019-10-08,31.31,31.53,31.17,31.53,122857.0
2019-10-09,31.55,31.71,31.01,31.12,145682.0
2019-10-10,31.09,31.29,31.05,31.23,103931.0
2019-10-11,31.36,31.66,31.28,31.52,142933.0
2019-10-14,31.54,31.62,31.35,31.61,101701.0
2019-10-15,31.7,31.96,31.5,31.84,158580.0
2019-10-16,31.85,32.15,31.74,31.76,153674.0
2019-10-17,31.78,32.17,31.78,32.14,102668.0
2019-10-18,32.19,32.5,32.1,32.5,155052.0
2019-10-21,32.67,32.67,32.34,32.38,184756.0
2019-10-22,32.33,32.63,32.25,32.31,218634.0
2019-10-23,32.3,32.82,32.23,32.74,174215.0
2019-10-24,32.75,32.89,32.51,32.68,167892.0
2019-10-25,32.69,32.88,32.5,32.74,143109.0
2019-10-28,32.85,32.99,32.71,32.78,230183.0
2019-10-29,32.88,33.25,32.7,33.09,240642.0
2019-10-30,33.35,33.54,33.08,33.38,259486.0
2019-10-31,33.44,33.61,33.16,33.61,368982.0
2019-11-01,33.74,34.09,33.62,33.87,630830.0
2019-11-04,33.54,33.54,32.78,33.0,583810.0
2019-11-05,33.0,33.0,31.91,32.27,368128.0
2019-11-06,32.3,32.8,31.81,32.8,219578.0
2019-11-07,32.45,32.99,31.9,32.41,360167.0
2019-11-08,32.23,32.45,31.64,31.84,287755.0
2019-11-11,31.87,31.89,31.52,31.76,230427.0
2019-11-12,31.83,31.9,31.22,31.32,234993.0
2019-11-13,31.22,31.96,31.09,31.79,262927.0
2019-11-14,31.79,31.85,31.5,31.74,139026.0
2019-11-15,31.85,32.38,31.79,32.35,355820.0
2019-11-18,32.41,32.41,31.16,31.52,369720.0
2019-11-19,31.76,31.9,31.12,31.25,265693.0
2019-11-20,31.19,31.8,31.19,31.5,239625.0
2019-11-21,31.39,31.75,31.33,31.64,176335.0
2019-11-22,31.6,31.73,31.23,31.27,237689.0
2019-11-25,31.31,31.48,31.26,31.32,132852.0
2019-11-26,31.38,31.46,31.12,31.15,149638.0
2019-11-27,31.14,31.15,30.7,30.7,335975.0
2019-11-29,30.67,31.19,30.59,31.15,169821.0
2019-12-02,31.2,31.2,30.57,30.66,205793.0
2019-12-03,30.67,30.92,30.36,30.72,230549.0
2019-12-04,30.74,30.76,30.21,30.31,218442.0
2019-12-05,30.37,30.49,30.04,30.15,234239.0
2019-12-06,30.24,30.47,30.03,30.24,249819.0
2019-12-09,30.29,30.6,30.17,30.5,198279.0
2019-12-10,30.51,30.71,30.03,30.34,380267.0
2019-12-11,30.43,30.55,30.01,30.01,429244.0
2019-12-12,30.06,30.38,30.04,30.21,589539.0
2019-12-13,30.27,30.7,30.18,30.68,287614.0
2019-12-16,30.79,30.89,30.61,30.81,249314.0
2019-12-17,30.88,31.29,30.82,31.11,381456.0
2019-12-18,31.44,31.44,31.06,31.15,323881.0
2019-12-19,31.16,31.27,30.85,31.01,229324.0
2019-12-20,30.98,31.06,30.41,30.47,1344373.0
2019-12-23,30.55,31.13,30.47,30.88,302986.0
2019-12-24,30.94,31.16,30.73,31.1,85667.0
2019-12-26,31.1,31.25,30.9,30.91,199531.0
2019-12-27,30.86,31.07,30.75,30.75,152807.0
2019-12-30,30.76,30.89,30.41,30.44,315784.0
2019-12-31,30.45,30.77,30.45,30.6,171793.0
2020-01-02,30.71,31.0,30.68,30.82,240612.0
2020-01-03,30.97,31.12,30.75,30.98,190696.0
2020-01-06,31.04,31.65,31.0,31.38,276312.0
2020-01-07,31.5,31.51,31.19,31.43,161819.0
2020-01-08,31.5,31.66,31.36,31.51,247878.0
2020-01-09,31.41,31.46,31.11,31.34,201809.0
2020-01-10,31.39,31.73,31.21,31.3,266382.0
2020-01-13,31.41,31.67,31.21,31.53,319317.0
2020-01-14,31.54,32.11,31.54,32.11,350802.0
2020-01-15,32.1,32.28,32.02,32.2,357485.0
2020-01-16,32.25,32.25,31.97,32.13,275176.0
2020-01-17,32.09,32.8,32.09,32.58,582320.0
2020-01-21,32.54,32.89,32.35,32.35,464940.0
2020-01-22,32.37,32.43,31.92,31.96,370600.0
2020-01-23,31.85,32.14,31.71,32.11,163601.0
2020-01-24,32.05,32.05,31.46,31.54,237413.0
2020-01-27,31.25,31.61,31.15,31.57,191885.0
2020-01-28,31.57,31.6,31.05,31.09,372584.0
2020-01-29,31.31,31.94,31.3,31.67,301302.0
2020-01-30,31.72,31.7988,31.1,31.43,377437.0
2020-01-31,31.4,31.5,31.11,31.11,246019.0
2020-02-03,31.29,31.72,31.17,31.62,284528.0
2020-02-04,31.72,32.02,31.62,31.78,319218.0
2020-02-05,32.1,32.3,31.65,31.84,575173.0
2020-02-06,31.18,31.51,30.91,31.35,526878.0
2020-02-07,31.29,31.41,30.91,31.12,292887.0
2020-02-10,31.06,31.09,30.0,30.2,495172.0
2020-02-11,30.25,30.82,30.23,30.73,260137.0
2020-02-12,30.95,31.11,30.82,31.08,172444.0
2020-02-13,30.96,31.12,30.83,30.92,164331.0
2020-02-14,31.03,31.09,30.76,30.94,273762.0
2020-02-18,30.75,30.76,30.35,30.62,285423.0
2020-02-19,30.95,31.05,30.28,30.28,345500.0
2020-02-20,31.05,31.42,30.55,30.71,600283.0
2020-02-21,30.78,31.2,30.35,31.04,273818.0
2020-02-24,30.28,30.72,30.25,30.71,472395.0
2020-02-25,30.78,30.87,29.26,29.35,691997.0
2020-02-26,29.3,30.12,29.2,29.48,535993.0
2020-02-27,29.18,29.2,27.02,27.33,1004396.0
2020-02-28,26.74,27.37,25.36,27.03,1019485.0
2020-03-02,27.32,29.02,27.32,28.41,698626.0
2020-03-03,29.0,29.14,27.8,28.05,531131.0
2020-03-04,28.39,28.65,28.06,28.65,294468.0
2020-03-05,28.53,28.63,27.5,27.97,435933.0
2020-03-06,27.44,27.67,25.86,26.26,894143.0
2020-03-09,23.35,24.42,20.0,22.0,1806014.0
2020-03-10,24.34,25.44,23.18,24.86,758066.0
2020-03-11,24.37,24.37,22.24,22.55,962714.0
2020-03-12,20.58,20.68,16.37,17.28,1912778.0
2020-03-13,20.94,21.09,16.62,19.0,1562018.0
2020-03-16,17.25,17.25,13.5,15.54,2234056.0
2020-03-17,15.7,15.79,14.5,15.33,1339046.0
2020-03-18,14.3,14.3,10.46,11.93,2247364.0
2020-03-19,11.9,15.25,11.33,15.0,1311853.0
2020-03-20,15.75,17.77,15.07,15.29,1558557.0
2020-03-23,15.29,15.45,12.61,13.22,1071410.0
2020-03-24,14.54,14.98,13.37,13.73,1464304.0
2020-03-25,14.9,15.88,13.8,14.12,1710310.0
2020-03-26,14.38,16.74,14.02,16.0,1372270.0
2020-03-27,15.25,16.24,15.0,15.62,851323.0
2020-03-30,14.88,15.0,14.05,14.8,1157654.0
2020-03-31,15.0,15.94,14.79,15.64,673168.0
2020-04-01,14.99,15.07,14.1,14.35,611903.0
2020-04-02,14.77,15.98,14.6,14.81,689348.0
2020-04-03,15.88,15.88,14.5,14.72,907604.0
2020-04-06,15.22,16.25,14.15,16.06,1186967.0
2020-04-07,17.64,18.39,15.84,16.06,1154209.0
2020-04-08,16.99,17.09,16.16,16.62,948085.0
2020-04-09,17.53,18.43,17.04,17.85,1282087.0
2020-04-13,18.77,18.89,17.66,17.88,1479960.0
2020-04-14,18.7,19.7,18.52,19.02,1122642.0
2020-04-15,18.5,19.2,17.9,19.07,655044.0
2020-04-16,18.98,19.06,17.83,18.88,613287.0
2020-04-17,19.5,20.24,19.28,20.21,1059130.0
2020-04-20,19.0,21.65,18.87,20.17,1954031.0
2020-04-21,20.0,21.42,20.0,21.07,875972.0
2020-04-22,22.0,23.14,21.9,23.05,1464706.0
2020-04-23,23.56,24.06,22.92,23.07,1002243.0
2020-04-24,23.61,24.07,22.63,22.67,1171225.0
2020-04-27,22.55,23.85,21.79,23.6,799876.0
2020-04-28,23.93,24.23,23.55,23.78,902930.0
2020-04-29,24.49,25.49,23.96,24.79,1120325.0
2020-04-30,24.9,25.15,23.85,24.82,786314.0
2020-05-01,24.0,24.49,23.81,24.27,650593.0
2020-05-04,23.99,24.93,23.67,24.44,655620.0
2020-05-05,25.1,25.39,24.55,24.99,703563.0
2020-05-06,24.27,24.38,22.77,23.46,627327.0
2020-05-07,24.09,24.2,22.54,22.71,902024.0
2020-05-08,23.0,24.16,22.73,23.84,1286379.0
2020-05-11,23.3,24.75,23.21,24.67,815385.0
2020-05-12,23.79,24.49,22.74,23.91,966462.0
2020-05-13,24.01,24.01,21.66,22.06,715525.0
2020-05-14,21.5,22.89,21.38,22.76,392165.0
2020-05-15,22.8,23.97,22.62,23.67,657441.0
2020-05-18,24.4,24.75,23.8,23.85,467198.0
2020-05-19,24.38,24.8,24.05,24.48,535259.0
2020-05-20,24.9,25.53,24.68,25.22,719760.0
2020-05-21,25.5,25.9,24.8,25.29,1159512.0
2020-05-22,25.24,25.5,24.83,25.42,271503.0
2020-05-26,25.75,26.06,25.11,25.13,490540.0
2020-05-27,25.67,25.74,25.01,25.55,367096.0
2020-05-28,25.9,25.93,25.27,25.43,253109.0
2020-05-29,25.11,25.81,25.05,25.8,508423.0
2020-06-01,25.45,26.33,25.22,25.55,785598.0
2020-06-02,25.57,26.48,25.54,26.37,936256.0
2020-06-03,26.5,26.97,26.48,26.67,294731.0
2020-06-04,26.67,27.0,26.4,26.65,249956.0
2020-06-05,27.05,27.48,26.08,26.32,628704.0
2020-06-08,26.98,27.4,26.7,27.0,339331.0
2020-06-09,26.5,26.95,26.25,26.75,454301.0
2020-06-10,26.89,26.89,25.95,26.2,416975.0
2020-06-11,25.0,25.1,23.6,24.21,1009063.0
2020-06-12,24.76,25.15,24.37,24.88,615409.0
2020-06-15,24.09,26.09,24.01,25.71,944395.0
2020-06-16,26.5,27.04,25.88,26.47,397796.0
2020-06-17,26.55,26.69,26.0,26.02,184605.0
2020-06-18,25.95,26.97,25.71,26.33,255036.0
2020-06-19,26.64,26.92,26.01,26.33,652314.0
2020-06-22,26.27,26.64,26.08,26.2,1694642.0
2020-06-23,26.36,26.65,26.18,26.49,310045.0
2020-06-24,26.08,26.43,24.73,25.46,362595.0
2020-06-25,24.89,26.16,24.75,24.77,431058.0
2020-06-26,24.55,24.75,24.11,24.33,297081.0
2020-06-29,24.45,24.64,23.13,23.52,845730.0
2020-06-30,23.46,23.63,22.52,22.83,878259.0
2020-07-01,22.83,23.55,22.53,23.26,628190.0
2020-07-02,23.63,23.65,23.02,23.27,544823.0
2020-07-06,23.46,23.91,23.11,23.47,352075.0
2020-07-07,23.4,24.14,23.24,23.4,279627.0
2020-07-08,23.35,24.09,23.27,23.69,310854.0
2020-07-09,23.67,23.93,23.05,23.48,408540.0
2020-07-10,23.24,23.92,23.2,23.76,272737.0
2020-07-13,23.8,23.95,23.2,23.34,286964.0
2020-07-14,23.1,23.41,22.81,23.14,495715.0
2020-07-15,23.3,24.12,23.02,23.71,837686.0
2020-07-16,23.5,24.4,23.44,23.58,307046.0
2020-07-17,23.58,23.99,23.09,23.23,319437.0
2020-07-20,23.43,23.7,23.16,23.59,265931.0
2020-07-21,23.67,25.02,23.67,24.76,474943.0
2020-07-22,24.76,24.94,24.48,24.72,158945.0
2020-07-23,25.03,25.03,24.5101,24.78,203649.0
2020-07-24,24.55,24.673,24.3,24.54,312535.0
2020-07-27,24.54,24.66,24.21,24.59,284291.0
2020-07-28,24.48,24.73,24.43,24.54,176224.0
2020-07-29,25.0,25.52,24.84,25.49,315080.0
2020-07-30,25.49,25.51,24.9,25.35,247320.0
2020-07-31,25.29,25.4,24.59,24.82,324354.0
2020-08-03,25.09,25.92,24.975,25.88,407802.0
2020-08-04,26.0,26.31,25.66,26.27,366224.0
2020-08-05,26.5,27.5,26.31,27.45,766152.0
2020-08-06,26.81,27.18,26.064,26.26,617332.0
2020-08-07,25.98,26.47,25.8,25.94,376367.0
2020-08-10,25.84,26.09,25.42,25.94,433264.0
2020-08-11,25.95,26.38,25.5,25.61,306712.0
2020-08-12,25.98,26.26,25.86,26.0,178817.0
2020-08-13,25.75,26.06,25.64,25.68,185176.0
2020-08-14,25.72,26.38,25.72,26.07,188381.0
2020-08-17,26.12,27.16,26.12,27.01,479428.0
2020-08-18,27.22,27.61,26.88,27.3,480603.0
2020-08-19,27.55,27.7,26.95,27.22,468965.0
2020-08-20,27.02,27.43,26.75,27.22,592050.0
2020-08-21,27.03,27.4256,26.71,26.94,454737.0
2020-08-24,27.25,29.9606,26.88,27.09,339550.0
2020-08-25,27.27,27.33,26.75,26.99,219707.0
2020-08-26,26.99,27.25,26.15,26.32,309602.0
2020-08-27,26.25,26.5,25.85,26.32,457107.0
2020-08-28,26.5,26.645,26.13,26.47,213129.0
2020-08-31,26.45,26.87,26.18,26.53,422553.0
2020-09-01,26.16,26.405,24.99,25.38,730168.0
2020-09-02,25.45,26.31,25.45,26.18,259569.0
2020-09-03,26.21,26.34,25.34,25.91,258043.0
2020-09-04,26.04,26.19,24.85,25.67,335864.0
2020-09-08,25.16,25.44,24.86,25.06,319466.0
2020-09-09,25.39,25.76,24.87,25.05,385056.0
2020-09-10,25.24,25.24,24.72,24.78,234088.0
2020-09-11,24.92,25.3068,24.64,25.3,240484.0
2020-09-14,25.37,25.88,25.19,25.72,221940.0
2020-09-15,25.8,25.916,25.34,25.42,152072.0
2020-09-16,25.43,25.67,25.25,25.37,285561.0
2020-09-17,25.15,25.5,24.9,25.14,255722.0
2020-09-18,25.08,25.31,24.86,25.1,419128.0
2020-09-21,24.75,25.09,24.55,25.09,293152.0
2020-09-22,25.0,25.66,24.919,24.95,154903.0
2020-09-23,25.1,25.14,24.0,24.0,349730.0
2020-09-24,24.0,24.405,23.5,24.11,388076.0
2020-09-25,24.21,24.61,23.92,24.32,319806.0
2020-09-28,24.73,24.96,24.33,24.7,310259.0
2020-09-29,24.54,24.98,24.43,24.86,435288.0
2020-09-30,25.0,25.16,24.1602,24.39,295116.0
2020-10-01,24.2,24.71,24.07,24.44,312624.0
2020-10-02,24.05,24.73,24.05,24.51,250613.0
2020-10-05,24.6,25.1699,24.359,25.07,146031.0
2020-10-06,25.22,25.33,24.49,24.67,224038.0
2020-10-07,24.74,24.96,24.47,24.73,185282.0
2020-10-08,24.98,25.38,24.76,25.36,218898.0
2020-10-09,25.46,25.46,25.08,25.25,136644.0
2020-10-12,25.25,25.31,24.91,25.21,250948.0
2020-10-13,25.06,25.26,24.95,25.19,132401.0
2020-10-14,25.25,25.6974,24.85,24.85,227531.0
2020-10-15,24.68,25.16,24.5119,25.04,245048.0
2020-10-16,25.04,25.37,24.82,24.82,200951.0
2020-10-19,25.0,25.12,24.66,24.68,160595.0
2020-10-20,24.86,25.2,24.8137,24.92,138530.0
2020-10-21,24.81,25.0,24.72,24.84,378098.0
2020-10-22,24.94,25.29,24.84,25.15,500472.0
2020-10-23,25.3,25.5,24.85,25.23,675421.0
2020-10-26,24.95,25.2,24.68,25.11,322348.0
2020-10-27,25.24,25.61,24.95,25.43,414689.0
2020-10-28,25.0,25.215,24.67,24.67,417541.0
2020-10-29,24.84,25.265,24.57,25.12,697636.0
2020-10-30,25.08,25.2894,24.73,25.17,306500.0
2020-11-02,25.27,25.8,25.27,25.46,403014.0
2020-11-03,25.75,25.87,25.56,25.62,289577.0
2020-11-04,25.85,26.59,25.62,26.38,637033.0
2020-11-05,25.65,26.5,25.3692,25.99,480873.0
2020-11-06,25.68,25.7999,24.825,24.91,357092.0
2020-11-09,25.5,26.17,25.0,25.21,1130324.0
2020-11-10,25.56,26.45,25.2064,26.11,518363.0
2020-11-11,26.26,27.22,26.26,27.05,636621.0
2020-11-12,27.17,27.26,26.41,26.54,444661.0
2020-11-13,26.64,27.32,26.58,26.98,345020.0
2020-11-16,27.44,29.06,27.33,28.56,964844.0
2020-11-17,28.56,29.42,28.15,29.15,867246.0
2020-11-18,29.3,29.45,27.87,27.95,708942.0
2020-11-19,28.3,29.23,27.95,28.95,513128.0
2020-11-20,28.83,29.25,28.6301,28.81,260148.0
2020-11-23,29.08,29.5799,28.74,28.75,416550.0
2020-11-24,29.1,29.46,28.93,29.15,414503.0
2020-11-25,29.1,29.39,28.9087,29.15,287533.0
2020-11-27,29.01,29.2,28.41,28.81,156626.0
2020-11-30,28.35,28.5,27.58,27.79,475974.0
2020-12-01,28.17,28.44,27.8,28.22,229524.0
2020-12-02,28.3,28.65,27.82,28.16,195331.0
2020-12-03,28.19,28.78,28.03,28.54,382984.0
2020-12-04,28.8,29.23,28.71,28.91,351432.0
2020-12-07,28.99,29.1,28.55,28.89,305220.0
2020-12-08,28.92,29.45,28.81,29.29,489452.0
2020-12-09,29.12,30.0,29.12,29.29,339962.0
2020-12-10,29.3,30.49,29.3,30.26,572864.0
2020-12-11,30.05,30.73,30.01,30.62,283825.0
2020-12-14,30.94,30.94,29.64,29.75,342515.0
2020-12-15,30.05,30.24,29.3901,29.78,280713.0
2020-12-16,29.88,29.88,28.95,29.05,504519.0
2020-12-17,29.11,29.7,29.05,29.35,662687.0
2020-12-18,29.5,29.53,28.75,28.99,695219.0
2020-12-21,28.35,29.115,27.88,28.86,771466.0
2020-12-22,28.65,28.9,28.375,28.47,185139.0
2020-12-23,28.5,29.01,28.5,28.72,226867.0
2020-12-24,28.88,28.88,28.4,28.58,75002.0
2020-12-28,28.96,28.97,28.07,28.26,315539.0
2020-12-29,28.52,28.55,28.18,28.39,333168.0
2020-12-30,28.55,28.87,28.4,28.7,285914.0
2020-12-31,28.77,29.05,28.61,28.78,218348.0
2021-01-04,29.0,29.25,28.33,28.61,320521.0
2021-01-05,28.77,29.66,28.75,29.2,377835.0
2021-01-06,29.49,29.77,28.945,28.96,593773.0
2021-01-07,29.08,29.3199,28.8,28.85,413960.0
2021-01-08,29.27,29.27,28.49,28.76,510645.0
2021-01-11,28.63,29.65,28.5626,29.43,560957.0
2021-01-12,29.78,30.1,29.45,29.88,333965.0
2021-01-13,29.85,30.1,29.54,29.89,284589.0
2021-01-14,30.0,30.53,29.89,30.21,769179.0
2021-01-15,30.39,30.7,30.0,30.24,335734.0
2021-01-19,30.75,30.89,30.34,30.51,533856.0
2021-01-20,30.73,31.17,30.55,30.79,343382.0
2021-01-21,31.15,31.25,30.25,31.0,451604.0
2021-01-22,30.94,31.26,30.63,30.97,498364.0
2021-01-25,31.02,31.38,30.51,30.97,339886.0
2021-01-26,31.05,31.45,30.61,30.75,471105.0
2021-01-27,30.5,30.69,30.11,30.31,424522.0
2021-01-28,30.31,30.79,30.12,30.69,253675.0
2021-01-29,30.72,31.55,30.7,31.28,476369.0
2021-02-01,31.6,32.3,31.4704,31.87,1026207.0
2021-02-02,32.55,32.59,31.63,31.98,672664.0
2021-02-03,32.02,32.865,32.02,32.61,644175.0
2021-02-04,32.74,33.0,32.455,33.0,915071.0
2021-02-05,32.15,32.38,31.68,32.33,522051.0
2021-02-08,32.26,32.73,32.0706,32.73,802846.0
2021-02-09,32.41,32.65,32.12,32.47,411044.0
2021-02-10,32.48,32.5,32.02,32.36,360338.0
2021-02-11,32.3,32.3399,31.75,31.8,338699.0
2021-02-12,31.71,31.88,31.5,31.59,220588.0
2021-02-16,31.89,31.9937,31.6,31.76,449603.0
2021-02-17,31.76,31.94,31.55,31.78,733555.0
2021-02-18,31.5,31.6268,30.47,30.58,810504.0
2021-02-19,30.66,31.5,30.5001,31.0,443315.0
2021-02-22,30.99,31.1899,30.8,31.01,353398.0
2021-02-23,30.87,31.45,30.01,31.35,443755.0
2021-02-24,31.6,32.55,31.26,31.92,982963.0
2021-02-25,32.14,32.1987,31.23,31.31,510643.0
2021-02-26,31.47,31.47,30.55,30.6,724849.0
2021-03-01,31.15,31.6704,31.07,31.41,437673.0
2021-03-02,31.42,31.62,31.195,31.56,273455.0
2021-03-03,31.69,32.08,31.38,31.44,292912.0
2021-03-04,31.46,31.9876,31.05,31.56,593735.0
2021-03-05,31.99,32.12,30.64,31.39,436412.0
2021-03-08,31.7,31.88,31.2,31.59,400172.0
2021-03-09,31.81,31.87,31.2805,31.35,640130.0
2021-03-10,31.5,31.94,31.4,31.81,373986.0
2021-03-11,31.92,32.25,31.6,32.06,462618.0
2021-03-12,32.15,32.46,32.01,32.33,278285.0
2021-03-15,32.32,32.8831,32.32,32.51,346267.0
2021-03-16,32.57,32.57,32.11,32.15,561932.0
2021-03-17,32.29,32.4199,31.945,32.15,504351.0
2021-03-18,32.0,32.15,31.19,31.28,429275.0
2021-03-19,31.5,31.74,31.2601,31.37,477575.0
2021-03-22,31.39,31.6499,31.08,31.09,507587.0
2021-03-23,31.09,31.4042,30.83,31.09,430683.0
2021-03-24,31.44,31.62,31.29,31.49,245625.0
2021-03-25,31.13,31.795,30.88,31.78,274745.0
2021-03-26,31.72,32.65,31.64,32.37,940446.0
2021-03-29,32.29,32.75,31.99,32.59,679212.0
2021-03-30,32.28,32.41,32.02,32.2,138454.0
2021-03-31,32.22,32.38,31.8,31.84,389059.0
2021-04-01,31.83,32.45,31.62,32.44,336954.0
2021-04-05,32.57,32.7099,32.27,32.52,263466.0
2021-04-06,32.56,32.8,32.35,32.74,274374.0
2021-04-07,32.75,33.07,32.66,33.03,251549.0
2021-04-08,33.03,33.1,32.75,33.09,168921.0
2021-04-09,33.1,33.285,32.735,32.94,242555.0
2021-04-12,32.95,33.15,32.9,32.97,207821.0
2021-04-13,32.98,33.03,32.8,32.88,148256.0
2021-04-14,33.0,33.17,32.78,32.93,254871.0
2021-04-15,33.25,33.7195,32.92,33.61,318388.0
2021-04-16,33.75,33.92,33.5,33.82,207999.0
2021-04-19,33.85,34.0,33.58,33.61,460900.0
2021-04-20,33.7,33.79,33.13,33.72,186748.0
2021-04-21,33.72,33.92,33.37,33.73,410054.0
2021-04-22,33.75,33.8399,33.43,33.65,390282.0
2021-04-23,33.81,33.8184,33.46,33.58,350198.0
2021-04-26,33.84,33.95,33.51,33.74,518886.0
2021-04-27,34.09,34.32,33.75,33.92,474528.0
2021-04-28,33.95,34.51,33.95,34.48,681300.0
2021-04-29,34.76,35.35,34.74,35.01,694953.0
2021-04-30,35.14,35.4,34.91,35.1,433677.0
2021-05-03,35.36,35.85,35.2,35.66,485510.0
2021-05-04,35.97,36.32,35.56,36.16,630487.0
2021-05-05,36.52,36.86,36.43,36.64,360479.0
2021-05-06,36.83,36.85,35.8,35.93,1295366.0
2021-05-07,36.0,36.3099,35.925,36.09,1612892.0
2021-05-10,35.26,35.84,35.26,35.51,579585.0
2021-05-11,34.92,35.033,34.11,34.83,592846.0
2021-05-12,34.75,35.15,34.37,34.64,399092.0
2021-05-13,34.63,35.4,34.44,34.87,329900.0
2021-05-14,35.01,35.34,35.0,35.13,344100.0
2021-05-17,35.28,35.4536,34.9401,35.36,310856.0
2021-05-18,35.36,35.5,35.23,35.32,408379.0
2021-05-19,35.07,35.53,34.8828,35.44,509623.0
2021-05-20,35.44,35.76,35.19,35.68,310218.0
2021-05-21,35.85,35.99,35.69,35.92,440406.0
2021-05-24,36.07,36.22,35.85,36.18,422461.0
2021-05-25,36.2,36.23,35.5,35.5,268584.0
2021-05-26,35.5,35.58,35.13,35.25,236983.0
2021-05-27,35.25,35.5,34.8,34.92,375750.0
2021-05-28,35.08,35.095,34.75,35.04,212420.0
2021-06-01,35.41,35.69,35.28,35.58,239998.0
2021-06-02,35.88,36.28,35.65,36.24,411358.0
2021-06-03,36.37,36.8,36.15,36.74,482862.0
2021-06-04,36.88,36.9,36.45,36.45,253033.0
2021-06-07,36.45,36.99,36.45,36.85,231480.0
2021-06-08,36.88,37.0,36.6,36.95,223743.0
2021-06-09,37.0,37.43,36.95,37.28,364422.0
2021-06-10,37.48,37.98,37.4166,37.87,321905.0
2021-06-11,38.21,38.3499,38.02,38.32,207681.0
2021-06-14,38.39,38.58,37.8001,38.17,310076.0
2021-06-15,38.25,38.4,37.8,37.95,311918.0
2021-06-16,38.08,38.33,37.8,38.07,315523.0
2021-06-17,38.43,38.4373,37.35,38.08,595921.0
2021-06-18,37.8,38.07,36.86,36.88,470596.0
2021-06-21,37.02,37.98,37.0101,37.92,220100.0
2021-06-22,37.96,38.16,37.62,38.14,244922.0
2021-06-23,38.55,38.63,38.06,38.12,137852.0
2021-06-24,38.1,38.1358,37.73,37.81,167313.0
2021-06-25,37.8,37.8,37.35,37.49,220664.0
2021-06-28,37.43,37.7799,36.12,36.85,293529.0
2021-06-29,37.0,37.42,36.91,37.1,152355.0
2021-06-30,37.24,37.75,37.22,37.7,166178.0
2021-07-01,38.02,38.116,37.32,37.57,280368.0
2021-07-02,37.9,38.18,37.57,38.08,306656.0
2021-07-06,38.23,38.23,37.7,37.9,265592.0
2021-07-07,37.82,38.029,37.3,37.78,228900.0
2021-07-08,37.28,37.86,37.13,37.58,164216.0
2021-07-09,37.58,37.7328,37.35,37.43,263651.0
2021-07-12,37.37,37.43,37.03,37.15,211236.0
2021-07-13,37.29,37.29,36.865,37.0,244856.0
2021-07-14,36.85,37.1793,36.6,36.95,257383.0
2021-07-15,36.83,36.85,36.3,36.32,326393.0
2021-07-16,36.38,36.6,36.29,36.35,230675.0
2021-07-19,36.03,36.1,34.61,35.09,569899.0
2021-07-20,35.7,35.88,35.28,35.7,356705.0
2021-07-21,35.77,36.93,35.77,36.31,334615.0
2021-07-22,36.3,36.96,36.0501,36.64,167836.0
2021-07-23,36.85,37.36,36.44,37.34,277816.0
2021-07-26,37.18,38.24,37.18,38.09,330225.0
2021-07-27,38.0,38.13,36.68,37.22,405545.0
2021-07-28,37.42,38.05,37.0,37.85,554123.0
2021-07-29,38.04,38.3,37.87,38.08,188779.0
2021-07-30,38.0,38.17,37.74,38.01,320447.0
2021-08-02,38.0,38.75,37.91,38.07,619852.0
2021-08-03,38.32,38.8,38.1,38.8,460019.0
2021-08-04,38.8,38.9984,38.31,38.67,507235.0
2021-08-05,38.08,38.419,37.23,37.46,582759.0
2021-08-06,37.55,37.65,37.02,37.02,230761.0
2021-08-09,36.32,36.7264,36.0401,36.11,351083.0
2021-08-10,36.29,36.85,36.29,36.5,227347.0
2021-08-11,36.63,37.43,36.49,37.04,229029.0
2021-08-12,37.03,37.3,36.84,37.03,186248.0
2021-08-13,37.03,37.1668,36.65,36.91,153006.0
2021-08-16,36.68,36.9599,36.36,36.57,529119.0
2021-08-17,36.62,36.7419,36.34,36.59,234996.0
2021-08-18,36.71,36.96,36.15,36.42,224956.0
2021-08-19,36.23,36.69,35.82,36.16,421633.0
2021-08-20,36.185,36.605,36.0,36.45,220567.0
2021-08-23,36.6,37.53,36.6,37.22,320586.0
2021-08-24,37.41,37.41,36.76,36.79,194274.0
2021-08-25,36.81,37.46,36.81,37.2,139176.0
2021-08-26,37.5,37.5,37.03,37.1,131896.0
2021-08-27,37.32,37.47,37.19,37.23,125820.0
2021-08-30,37.39,37.47,37.15,37.27,126670.0
2021-08-31,37.3,37.39,36.79,36.8,284519.0
2021-09-01,36.99,37.1491,36.7501,36.91,164759.0
2021-09-02,37.09,37.33,37.0127,37.26,130033.0
2021-09-03,37.4,37.6,37.05,37.59,153436.0
2021-09-07,37.43,37.5,37.08,37.12,282692.0
2021-09-08,37.0,37.43,36.51,36.58,355157.0
2021-09-09,36.77,37.29,36.5701,37.1,228734.0
2021-09-10,37.42,37.42,36.89,36.94,125227.0
2021-09-13,37.22,37.34,37.0,37.1,237738.0
2021-09-14,37.26,37.3199,36.84,36.93,189004.0
2021-09-15,37.21,37.48,36.86,37.19,254142.0
2021-09-16,37.06,37.4681,36.89,37.3,186013.0
2021-09-17,37.11,37.2524,36.7,37.01,404004.0
2021-09-20,36.55,37.06,36.28,36.9,319966.0
2021-09-21,36.91,37.3,36.81,37.01,230901.0
2021-09-22,37.26,37.7802,37.19,37.3,265045.0
2021-09-23,37.51,37.7263,37.35,37.41,302508.0
2021-09-24,37.31,37.855,37.2121,37.25,415411.0
2021-09-27,37.6,37.88,37.271,37.55,237166.0
2021-09-28,37.63,37.84,37.25,37.26,242695.0
2021-09-29,37.37,37.55,37.2,37.26,259272.0
2021-09-30,37.36,37.6499,37.19,37.32,405866.0
2021-10-01,37.44,37.73,37.27,37.34,371147.0
2021-10-04,37.68,38.335,37.6,38.0,415528.0
2021-10-05,38.15,38.75,37.8,38.01,486784.0
2021-10-06,37.95,38.1699,37.4,38.01,291924.0
2021-10-07,38.29,38.5,38.0,38.09,231762.0
2021-10-08,38.12,38.98,37.99,38.7,419130.0
2021-10-11,38.91,39.85,38.85,39.5,605396.0
2021-10-12,39.43,40.0,39.1,39.68,329235.0
2021-10-13,39.5,40.1899,39.03,40.13,376654.0
2021-10-14,40.33,42.15,40.31,41.86,731914.0
2021-10-15,42.0,42.57,41.56,41.6,430285.0
2021-10-18,42.02,42.19,41.5,41.84,429837.0
2021-10-19,42.0,42.47,41.86,42.07,357250.0
2021-10-20,42.1,42.27,41.88,42.0,264080.0
2021-10-21,42.01,42.17,41.21,41.58,374940.0
2021-10-22,41.65,42.13,41.395,41.74,510104.0
2021-10-25,42.0,42.15,41.56,41.6,264488.0
2021-10-26,41.79,41.95,41.35,41.35,467229.0
2021-10-27,41.39,41.51,40.81,41.04,657533.0
2021-10-28,40.67,41.0,40.51,40.8,306151.0
2021-10-29,40.75,40.9399,40.18,40.49,370306.0
2021-11-01,40.6,41.7112,40.6,41.45,446119.0
2021-11-02,42.0,42.0,41.08,41.6,420712.0
2021-11-03,41.6,41.745,41.03,41.45,524927.0
2021-11-04,40.74,40.74,39.83,40.09,589990.0
2021-11-05,40.1,40.2899,39.25,39.7,528721.0
2021-11-08,39.74,40.38,39.6,40.12,597415.0
2021-11-09,40.18,40.4044,39.8,39.81,366583.0
2021-11-10,39.78,40.09,39.2606,39.41,199914.0
2021-11-11,39.6,39.98,39.45,39.94,176388.0
2021-11-12,39.9,40.3,39.58,40.3,134191.0
2021-11-15,40.18,40.21,39.7304,39.98,187493.0
2021-11-16,40.08,40.288,39.64,39.96,348270.0
2021-11-17,40.07,40.71,39.55,39.87,417359.0
2021-11-18,39.81,40.29,39.57,40.13,231978.0
2021-11-19,40.15,40.49,39.81,39.96,268964.0
2021-11-22,39.83,40.33,39.78,39.85,312766.0
2021-11-23,40.0,40.88,40.0,40.71,237105.0
2021-11-24,40.56,41.12,40.477,41.04,157028.0
2021-11-26,40.21,40.51,39.67,40.37,253766.0
2021-11-29,40.74,40.87,39.33,39.51,367369.0
2021-11-30,39.14,39.185,37.64,38.39,586150.0
2021-12-01,38.96,39.43,37.81,37.87,360648.0
2021-12-02,37.875,38.54,37.7,38.31,244627.0
2021-12-03,38.72,38.91,37.93,38.14,155525.0
2021-12-06,38.38,38.38,37.46,38.12,327193.0
2021-12-07,38.36,38.7703,38.04,38.21,497112.0
2021-12-08,38.19,38.6,38.01,38.02,283857.0
2021-12-09,38.0,38.0,37.51,37.55,476419.0
2021-12-10,37.69,38.19,37.5957,38.05,136553.0
2021-12-13,38.01,38.19,37.38,37.78,233374.0
2021-12-14,37.5,37.825,37.32,37.47,200975.0
2021-12-15,37.86,37.9999,36.81,37.57,381841.0
2021-12-16,38.0,38.42,37.8902,38.06,326078.0
2021-12-17,38.0,38.59,37.7237,38.16,163691.0
2021-12-20,37.55,37.8,37.0501,37.7,233451.0
2021-12-21,38.02,38.7,38.0,38.54,193630.0
2021-12-22,38.61,38.98,38.3102,38.82,110823.0
2021-12-23,38.78,39.3,38.75,39.11,127511.0
2021-12-27,39.01,39.88,38.51,39.83,263090.0
2021-12-28,39.99,40.125,39.7,39.97,205366.0
2021-12-29,39.98,40.34,39.8,40.3,194485.0
2021-12-30,40.31,40.57,40.23,40.48,176731.0
2021-12-31,40.68,41.01,40.5,40.83,165424.0
2022-01-03,41.09,41.5,40.9,41.1,314472.0
2022-01-04,41.5,41.85,41.24,41.59,282292.0
2022-01-05,41.99,42.195,41.13,41.29,581993.0
2022-01-06,42.04,42.5,41.51,41.72,275392.0
2022-01-07,42.13,42.31,41.81,42.22,364740.0
2022-01-10,42.3,42.61,41.91,42.61,368317.0
2022-01-11,42.77,43.3,42.55,43.16,219358.0
2022-01-12,43.35,43.77,43.2015,43.7,277931.0
2022-01-13,43.51,43.98,43.37,43.84,256371.0
2022-01-14,43.51,43.8499,42.75,43.26,268495.0
2022-01-18,43.48,43.98,43.0,43.69,267777.0
2022-01-19,43.67,43.8431,43.09,43.6,167601.0
2022-01-20,43.72,44.25,43.2,43.46,234816.0
2022-01-21,43.46,43.46,42.52,42.96,360266.0
2022-01-24,42.0,42.3703,40.63,42.02,586647.0
2022-01-25,41.7,43.38,41.46,42.92,281935.0
2022-01-26,43.49,44.38,43.1124,43.9,416121.0
2022-01-27,44.39,44.6145,43.46,43.85,238381.0
2022-01-28,43.58,44.6022,43.5693,44.21,361884.0
2022-01-31,43.95,45.24,43.7,44.93,535071.0
2022-02-01,45.12,46.86,45.07,46.7,505850.0
2022-02-02,46.57,46.9499,46.34,46.65,405515.0
2022-02-03,46.5,46.515,45.8,46.11,453048.0
2022-02-04,46.29,46.76,45.8,46.12,654622.0
2022-02-07,45.68,45.68,44.01,44.03,448395.0
2022-02-08,44.03,44.3099,43.311,43.54,451353.0
2022-02-09,43.62,44.35,43.427,43.54,290989.0
2022-02-10,43.46,44.1199,43.33,43.46,361870.0
2022-02-11,43.46,44.1,43.34,43.5,320445.0
2022-02-14,43.42,43.4282,41.87,42.06,418938.0
2022-02-15,41.98,42.0,41.58,41.9,279048.0
2022-02-16,42.46,43.5408,42.11,42.34,250731.0
2022-02-17,42.34,42.7122,41.65,42.13,226454.0
2022-02-18,42.14,42.83,41.811,42.26,256922.0
2022-02-22,42.6,42.76,40.3,40.74,465793.0
2022-02-23,41.45,41.74,40.8401,41.27,268204.0
2022-02-24,41.89,41.9,40.2201,40.89,307025.0
2022-02-25,41.13,42.302,41.13,42.21,223043.0
2022-02-28,41.9,43.2,41.7,43.15,266125.0
2022-03-01,43.24,43.72,42.52,43.08,206319.0
2022-03-02,43.17,43.7,43.0802,43.12,201341.0
2022-03-03,43.0,43.34,42.5614,43.04,227821.0
2022-03-04,42.98,43.0307,42.25,42.62,178813.0
2022-03-07,42.85,42.9199,41.52,42.1,358949.0
2022-03-08,42.7,43.55,42.48,43.01,415608.0
2022-03-09,43.0,43.1,41.75,41.81,396492.0
2022-03-10,42.08,42.5,41.83,42.08,238819.0
2022-03-11,41.98,42.35,41.39,41.48,161426.0
2022-03-14,41.0,41.06,39.47,40.13,438280.0
2022-03-15,39.5,40.22,38.68,40.18,439442.0
2022-03-16,40.4,40.49,39.2601,40.02,294729.0
2022-03-17,40.16,40.66,39.65,40.63,278364.0
2022-03-18,40.63,41.44,40.1,41.21,339651.0
2022-03-21,41.73,41.8706,41.05,41.16,170904.0
2022-03-22,41.17,41.34,40.5418,41.27,167090.0
2022-03-23,41.28,41.51,40.72,40.87,189517.0
2022-03-24,41.0,41.24,40.645,41.22,297389.0
2022-03-25,41.02,41.9,41.01,41.58,244671.0
2022-03-28,41.59,41.59,40.91,41.28,179822.0
2022-03-29,41.1,41.57,40.8433,41.53,228018.0
2022-03-30,41.6,41.8281,41.39,41.71,140234.0
2022-03-31,41.37,41.92,40.8,40.84,277332.0
2022-04-01,40.99,41.46,40.82,41.23,150714.0
2022-04-04,41.38,41.45,40.8563,41.45,154686.0
2022-04-05,41.25,41.67,40.85,40.87,178741.0
2022-04-06,41.0,41.5199,40.6795,41.26,258407.0
2022-04-07,41.36,41.6599,40.74,41.52,200209.0
2022-04-08,41.61,42.14,41.2601,42.0,166214.0
2022-04-11,41.85,42.01,41.5565,41.79,143291.0
2022-04-12,42.31,43.13,42.221,42.62,284855.0
2022-04-13,42.63,43.1,42.25,42.87,137543.0
2022-04-14,42.87,43.055,42.6,42.94,125059.0
2022-04-18,43.18,43.2849,42.15,42.29,275922.0
2022-04-19,42.34,42.93,42.27,42.93,133339.0
2022-04-20,43.05,43.2326,42.6,42.9,162040.0
2022-04-21,43.0,43.18,41.77,42.11,226694.0
2022-04-22,42.29,42.565,41.65,42.15,175650.0
2022-04-25,41.95,41.95,40.25,41.67,409607.0
2022-04-26,41.79,42.15,41.2919,41.4,154971.0
2022-04-27,41.39,41.91,41.273,41.56,144316.0
2022-04-28,41.88,43.0299,41.56,42.81,202876.0
2022-04-29,43.09,43.249,41.74,41.83,229165.0
2022-05-02,41.71,42.44,41.4,42.09,351800.0
2022-05-03,42.1,43.19,42.1,42.91,308705.0
2022-05-04,43.5,44.689,42.81,44.35,468141.0
2022-05-05,44.93,44.9848,43.2,43.7,611914.0
2022-05-06,42.04,43.3,41.27,42.74,507821.0
2022-05-09,42.12,42.2199,40.14,40.25,581085.0
2022-05-10,40.31,40.8868,38.62,39.51,500959.0
2022-05-11,40.01,40.82,39.12,39.21,334435.0
2022-05-12,39.0,39.85,38.55,38.92,280235.0
2022-05-13,39.26,40.06,39.02,39.48,248316.0
2022-05-16,39.59,40.16,39.45,39.91,318472.0
2022-05-17,40.66,41.65,40.61,41.46,310008.0
2022-05-18,41.55,41.7783,39.7,40.24,209470.0
2022-05-19,40.19,40.6299,39.73,39.77,261728.0
2022-05-20,40.19,40.9699,39.35,39.88,258887.0
2022-05-23,40.29,40.57,40.05,40.37,265936.0
2022-05-24,40.34,40.44,39.41,40.42,166160.0
2022-05-25,40.23,41.18,40.23,41.16,140756.0
2022-05-26,41.36,41.6,40.95,41.01,213444.0
2022-05-27,41.24,41.89,40.9147,41.7,160623.0
2022-05-31,41.7,41.745,40.91,41.24,225451.0
2022-06-01,41.71,41.71,40.79,41.36,168368.0
2022-06-02,41.22,41.97,40.97,41.76,261575.0
2022-06-03,41.85,42.76,41.5901,42.35,309388.0
2022-06-06,42.59,42.62,41.85,41.91,152608.0
2022-06-07,41.85,42.8,41.8236,42.6,279098.0
2022-06-08,42.72,43.55,42.51,42.73,305012.0
2022-06-09,42.5,42.545,41.94,41.94,140926.0
2022-06-10,41.9,41.91,40.7,41.36,422084.0
2022-06-13,40.05,40.54,39.01,39.31,374562.0
2022-06-14,39.46,39.94,38.18,38.6,381627.0
2022-06-15,38.62,39.49,37.49,38.01,301652.0
2022-06-16,37.9,38.14,35.43,35.83,632391.0
2022-06-17,35.9,36.37,34.2601,35.61,738028.0
2022-06-21,36.23,37.34,36.23,37.05,265086.0
2022-06-22,36.48,37.48,35.82,37.25,400031.0
2022-06-23,37.68,37.7999,35.82,36.23,401654.0
2022-06-24,37.19,37.67,36.58,37.3,349162.0
2022-06-27,37.89,38.645,37.79,38.08,436076.0
2022-06-28,38.76,39.1899,38.11,38.34,206901.0
2022-06-29,38.79,38.79,37.47,37.73,317933.0
2022-06-30,37.12,37.8118,37.01,37.25,232156.0
2022-07-01,37.48,37.71,36.6001,37.65,180310.0
2022-07-05,37.04,37.04,35.76,36.72,323730.0
2022-07-06,36.5,36.7,34.62,36.12,466954.0
2022-07-07,36.43,36.94,36.03,36.61,345635.0
2022-07-08,36.73,36.8527,36.29,36.66,173421.0
2022-07-11,36.5,36.73,36.0001,36.26,237429.0
2022-07-12,36.26,36.69,35.81,36.54,178798.0
2022-07-13,36.05,37.3598,36.05,36.93,165367.0
2022-07-14,36.18,36.86,35.55,36.86,265895.0
2022-07-15,37.05,37.57,36.705,37.47,239707.0
2022-07-18,37.92,38.78,37.67,38.3,450538.0
2022-07-19,38.3,38.85,38.3,38.59,148859.0
2022-07-20,38.56,39.17,38.22,39.06,165028.0
2022-07-21,38.6,38.9863,38.31,38.7,198935.0
2022-07-22,38.98,39.0724,38.05,38.37,234072.0
2022-07-25,38.63,39.31,38.54,39.07,250646.0
2022-07-26,39.31,39.6748,39.08,39.33,212152.0
2022-07-27,39.6,39.91,39.25,39.61,302570.0
2022-07-28,39.77,40.51,39.48,40.41,386235.0
2022-07-29,40.51,41.87,40.46,41.36,680098.0
2022-08-01,41.4,42.07,41.05,41.99,386902.0
2022-08-02,42.19,42.456,41.45,42.28,488352.0
2022-08-03,42.76,42.98,41.28,42.22,508995.0
2022-08-04,41.87,42.0,40.82,41.09,489701.0
2022-08-05,39.67,40.73,39.67,40.2,304810.0
2022-08-08,40.1,40.35,38.84,38.85,441877.0
2022-08-09,38.9,39.46,38.38,38.55,365484.0
2022-08-10,38.63,39.05,38.15,38.68,626769.0
2022-08-11,39.0,40.1,38.8301,39.65,325738.0
2022-08-12,39.75,40.15,39.67,39.88,236577.0
2022-08-15,39.1,39.68,38.43,39.51,272047.0
2022-08-16,39.49,39.9074,39.28,39.31,186302.0
2022-08-17,39.32,40.19,39.125,39.63,234248.0
2022-08-18,39.8,40.68,39.8,40.5,197571.0
2022-08-19,40.55,41.24,40.415,40.8,303048.0
2022-08-22,40.45,41.2,40.18,40.68,258588.0
2022-08-23,41.0,41.49,41.0,41.32,162847.0
2022-08-24,41.19,41.82,41.19,41.58,189364.0
2022-08-25,41.79,42.23,41.625,41.85,318034.0
2022-08-26,41.75,41.8868,41.1619,41.29,124307.0
2022-08-29,40.95,41.87,40.8201,41.51,335849.0
2022-08-30,41.5,41.5085,40.1201,40.18,245602.0
2022-08-31,40.0,40.025,39.12,39.68,308642.0
2022-09-01,39.21,39.65,38.8,39.25,197822.0
2022-09-02,39.76,39.98,39.33,39.6,98498.0
2022-09-06,39.98,39.98,39.13,39.28,115689.0
2022-09-07,39.0,39.77,38.9,39.67,109777.0
2022-09-08,39.57,39.815,39.09,39.63,123419.0
2022-09-09,40.0,40.3699,39.8,40.16,286193.0
2022-09-12,40.49,40.6,40.095,40.44,207862.0
2022-09-13,39.81,40.42,39.45,39.57,164169.0
2022-09-14,39.8,40.645,39.8,40.15,164957.0
2022-09-15,40.0,40.35,39.75,40.11,117867.0
2022-09-16,39.7,40.0799,39.065,39.97,206778.0
2022-09-19,39.4,40.14,39.4,40.14,171609.0
2022-09-20,39.78,39.99,39.37,39.75,258645.0
2022-09-21,39.77,40.0,39.04,39.04,179671.0
2022-09-22,39.28,40.125,38.84,40.0,262533.0
2022-09-23,39.1,39.44,38.09,38.82,507741.0
2022-09-26,38.22,38.97,37.2553,37.28,320329.0
2022-09-27,37.47,38.0252,37.1,37.1,404329.0
2022-09-28,37.26,38.6699,37.21,38.42,151942.0
2022-09-29,38.57,38.57,37.37,38.5,218637.0
2022-09-30,38.45,39.15,38.09,38.97,219110.0
2022-10-03,39.75,39.9199,39.16,39.41,170449.0
2022-10-04,39.89,40.3799,39.7453,40.0,217677.0
2022-10-05,39.87,40.6199,39.1515,40.33,246583.0
2022-10-06,40.33,40.6999,39.16,39.18,276833.0
2022-10-07,39.39,39.97,39.1,39.15,176182.0
2022-10-10,39.25,39.825,38.85,38.97,149145.0
2022-10-11,38.5,39.655,38.2,39.05,241047.0
2022-10-12,38.99,39.51,38.6101,39.1,118781.0
2022-10-13,38.86,39.99,38.8411,39.41,238304.0
2022-10-14,39.55,39.83,39.1001,39.63,207144.0
2022-10-17,39.77,40.215,39.402,39.68,182880.0
2022-10-18,39.96,40.7,39.8201,40.7,246704.0
2022-10-19,40.46,41.33,40.22,41.26,238166.0
2022-10-20,41.24,41.6297,40.85,40.99,155691.0
2022-10-21,40.78,41.7699,40.6985,41.52,151417.0
2022-10-24,41.84,41.9,41.38,41.38,169817.0
2022-10-25,41.69,42.15,41.1805,42.1,183500.0
2022-10-26,42.1,42.615,41.8801,42.14,244466.0
2022-10-27,42.51,42.89,42.32,42.4,206512.0
2022-10-28,42.71,43.42,42.55,43.42,260360.0
2022-10-31,43.24,44.3291,43.24,43.91,503953.0
2022-11-01,44.5,44.95,43.75,44.85,488097.0
2022-11-02,44.52,44.9642,43.65,43.74,401354.0
2022-11-03,42.38,43.3211,42.22,42.56,404950.0
2022-11-04,42.54,43.19,42.38,42.96,233181.0
2022-11-07,42.96,43.4026,42.19,42.39,306627.0
2022-11-08,42.48,43.075,42.1861,42.93,221797.0
2022-11-09,42.54,43.32,42.2499,42.4,166230.0
2022-11-10,42.73,43.38,42.54,42.75,148720.0
2022-11-11,42.83,43.0,42.27,42.46,106922.0
2022-11-14,42.32,43.58,42.32,42.91,231997.0
2022-11-15,43.06,43.21,42.595,42.74,134960.0
2022-11-16,42.74,43.77,42.5601,43.31,288823.0
2022-11-17,42.77,42.9,42.3,42.79,208038.0
2022-11-18,42.89,43.5034,42.67,43.32,181457.0
2022-11-21,42.9,43.33,42.35,42.85,219217.0
2022-11-22,43.15,43.56,43.15,43.48,135006.0
2022-11-23,43.0,43.38,42.84,43.17,87127.0
2022-11-25,43.07,43.5228,43.07,43.15,51415.0
2022-11-28,42.84,42.85,41.92,42.03,187100.0
2022-11-29,42.11,42.88,42.11,42.76,82857.0
2022-11-30,42.81,43.0,42.39,42.94,116859.0
2022-12-01,43.09,43.17,42.51,42.51,88612.0
2022-12-02,42.3,42.94,42.26,42.84,99483.0
2022-12-05,42.68,42.9259,41.89,41.97,203649.0
2022-12-06,42.0,42.8699,41.65,42.75,262390.0
2022-12-07,43.0,43.73,42.63,43.42,228873.0
2022-12-08,43.4,43.565,42.725,42.96,173568.0
2022-12-09,43.39,44.27,42.89,43.39,548967.0
2022-12-12,43.58,44.35,43.5,43.8,510544.0
2022-12-13,44.35,44.77,44.1,44.19,747382.0
2022-12-14,44.18,44.44,43.505,43.79,471115.0
2022-12-15,43.64,43.93,43.23,43.82,456651.0
2022-12-16,43.5,44.67,42.75,42.85,2425094.0
2022-12-19,42.95,43.275,41.57,42.02,420759.0
2022-12-20,41.71,42.48,41.71,42.29,170142.0
2022-12-21,42.41,42.88,42.38,42.43,158485.0
2022-12-22,42.49,42.62,41.76,42.1,163178.0
2022-12-23,42.03,43.28,42.03,43.22,222232.0
2022-12-27,42.75,43.18,42.75,42.98,251701.0
2022-12-28,43.0,43.17,42.43,43.02,209907.0
2022-12-29,42.52,43.33,42.52,43.08,182323.0
2022-12-30,43.01,43.2531,42.78,43.1,186028.0
2023-01-03,43.0,43.05,42.6001,42.95,136762.0
2023-01-04,42.73,43.27,42.7273,42.87,142828.0
2023-01-05,42.57,43.6,42.57,43.43,384780.0
2023-01-06,43.71,44.34,43.6,43.88,266222.0
2023-01-09,43.86,44.1897,43.75,43.8,156637.0
2023-01-10,43.91,44.4988,43.64,44.25,237299.0
2023-01-11,44.31,44.725,44.07,44.57,208766.0
2023-01-12,44.69,44.9,44.3389,44.78,162422.0
2023-01-13,44.55,45.73,44.55,45.44,206261.0
2023-01-17,45.63,45.7499,44.8,45.0,271567.0
2023-01-18,45.4,45.66,45.01,45.21,130516.0
2023-01-19,45.19,45.435,44.99,45.1,111369.0
2023-01-20,45.3,45.7,45.0201,45.68,141727.0
2023-01-23,45.83,46.07,45.7,45.7,658142.0
2023-01-24,45.74,46.22,45.0,45.59,488822.0
2023-01-25,45.59,46.465,45.35,46.16,366954.0
2023-01-26,46.31,46.97,46.15,46.94,362625.0
2023-01-27,46.93,47.81,46.77,47.39,315979.0
2023-01-30,47.39,47.76,47.2023,47.36,275260.0
2023-01-31,47.48,47.97,47.16,47.73,269240.0
2023-02-01,47.73,48.0,47.19,47.53,255125.0
2023-02-02,48.15,48.17,47.35,47.66,544395.0
2023-02-03,48.0,48.59,47.75,48.09,527042.0
2023-02-06,47.22,47.4,46.5603,47.36,301602.0
2023-02-07,47.37,47.655,47.02,47.15,219781.0
2023-02-08,46.5,47.0858,45.875,46.56,408007.0
2023-02-09,46.55,46.8611,46.1,46.18,299811.0
2023-02-10,46.34,46.945,46.2304,46.81,191673.0
2023-02-13,46.79,47.3,46.57,46.93,223307.0
2023-02-14,46.81,47.1599,46.52,47.06,433720.0
2023-02-15,47.27,47.29,46.59,47.2,300897.0
2023-02-16,47.47,47.915,47.04,47.04,267126.0
2023-02-17,47.1,47.2,46.4,46.47,240975.0
2023-02-21,46.82,46.97,46.17,46.59,321103.0
2023-02-22,46.4,47.17,46.2975,47.07,383036.0
2023-02-23,47.11,47.5799,47.11,47.31,296334.0
2023-02-24,47.24,47.24,46.9,47.02,165682.0
2023-02-27,46.9,46.98,45.34,45.66,358204.0
2023-02-28,45.99,45.99,45.3602,45.48,129323.0
2023-03-01,45.5,45.75,44.79,45.35,472668.0
2023-03-02,45.42,45.73,45.12,45.54,262981.0
2023-03-03,45.01,45.8899,45.01,45.42,267909.0
2023-03-06,45.42,46.22,45.42,46.03,133794.0
2023-03-07,45.88,46.1,45.08,45.16,123943.0
2023-03-08,45.1,45.3299,44.01,44.31,243093.0
2023-03-09,44.35,44.893,44.33,44.8,491741.0
2023-03-10,44.92,45.28,44.59,44.72,169249.0
2023-03-13,43.89,44.22,42.61,43.18,277900.0
2023-03-14,43.46,44.26,42.79,43.25,192263.0
2023-03-15,42.54,42.56,41.07,41.91,360178.0
2023-03-16,41.26,41.97,40.8101,41.92,234322.0
2023-03-17,42.36,42.36,41.54,41.6,264070.0
2023-03-20,41.5,42.1252,41.37,41.44,258373.0
2023-03-21,41.67,42.7,41.6,42.57,184566.0
2023-03-22,42.44,42.825,41.91,41.98,171549.0
2023-03-23,42.0,42.435,41.2156,41.57,125272.0
2023-03-24,41.06,41.9415,41.06,41.86,127152.0
2023-03-27,41.94,42.68,41.6715,42.64,141188.0
2023-03-28,42.5,43.4881,42.5,43.06,143336.0
2023-03-29,43.11,43.5,42.84,43.37,126827.0
2023-03-30,43.64,43.83,43.375,43.69,93929.0
2023-03-31,43.95,43.95,43.515,43.89,106619.0
2023-04-03,44.16,44.94,44.16,44.75,254122.0
2023-04-04,44.96,44.96,43.955,44.11,107390.0
2023-04-05,44.23,44.562,44.0,44.43,77542.0
2023-04-06,44.55,44.55,43.975,44.05,83357.0
2023-04-10,44.17,44.4597,43.815,43.94,367524.0
2023-04-11,44.2,44.75,44.0106,44.55,63121.0
2023-04-12,44.92,45.48,44.5608,45.18,139654.0
2023-04-13,45.05,45.475,45.05,45.36,95708.0
2023-04-14,45.41,45.74,45.31,45.65,109390.0
2023-04-17,45.74,45.97,45.32,45.92,126334.0
2023-04-18,46.06,46.06,45.4,45.53,93553.0
2023-04-19,45.42,45.65,44.825,44.91,106639.0
2023-04-20,44.9,45.27,44.72,44.92,179029.0
2023-04-21,45.26,45.33,44.8,45.27,105347.0
2023-04-24,45.33,45.62,45.2,45.51,85027.0
2023-04-25,45.55,45.5799,44.66,45.01,114411.0
2023-04-26,44.71,45.0425,44.21,44.44,119403.0
2023-04-27,44.38,45.16,44.38,44.97,133773.0
2023-04-28,45.06,45.92,44.96,45.44,143380.0
2023-05-01,45.73,46.14,45.515,46.03,307856.0
2023-05-02,46.33,46.61,44.96,46.01,280132.0
2023-05-03,45.62,45.95,44.57,44.78,276397.0
2023-05-04,44.88,44.8802,44.12,44.19,221098.0
2023-05-05,43.96,44.29,43.36,43.75,226796.0
2023-05-08,43.8,44.43,43.44,43.64,148874.0
2023-05-09,43.37,43.938,43.25,43.65,85559.0
2023-05-10,43.67,43.67,42.91,43.32,143898.0
2023-05-11,43.01,43.54,42.91,43.53,89425.0
2023-05-12,43.69,43.88,43.2635,43.73,87962.0
2023-05-15,43.73,44.27,43.5808,44.27,152580.0
2023-05-16,44.03,44.315,43.12,43.2,151760.0
2023-05-17,43.49,43.6599,42.86,43.5,166495.0
2023-05-18,43.6,44.33,43.5,44.22,141577.0
2023-05-19,44.47,44.4977,43.74,44.08,107055.0
2023-05-22,44.3,44.5,43.9,44.41,204351.0
2023-05-23,43.88,44.9,43.88,44.31,173791.0
2023-05-24,44.46,44.7037,43.72,43.84,74787.0
2023-05-25,43.35,43.475,42.88,43.06,113272.0
2023-05-26,42.88,43.315,42.54,42.7,133457.0
2023-05-30,42.55,42.87,41.95,42.84,160599.0
2023-05-31,42.53,43.42,42.53,42.99,173472.0
2023-06-01,43.2,43.21,42.345,42.94,119564.0
2023-06-02,43.2,44.19,42.96,44.04,124940.0
2023-06-05,44.36,44.4,43.83,43.85,119216.0
2023-06-06,43.83,44.14,43.635,44.04,109857.0
2023-06-07,44.0,44.56,44.0,44.33,116007.0
2023-06-08,44.45,44.48,43.98,44.12,117908.0
2023-06-09,44.3,44.35,43.97,44.24,172583.0
2023-06-12,44.02,44.8,44.0,44.63,194808.0
2023-06-13,44.63,45.0,44.41,44.64,214934.0
2023-06-14,44.75,45.31,44.75,45.2,524521.0
2023-06-15,45.0,45.5,45.0,45.15,455261.0
2023-06-16,45.2,45.3,44.96,44.98,269972.0
2023-06-20,45.0,45.0,44.3,44.34,169611.0
2023-06-21,44.18,44.6181,43.68,43.8,120770.0
2023-06-22,43.63,43.74,43.27,43.4,77539.0
2023-06-23,43.13,43.8656,43.13,43.22,152821.0
2023-06-26,43.3,43.725,43.3,43.48,96546.0
2023-06-27,43.5,43.714,43.15,43.28,80585.0
2023-06-28,43.27,43.63,43.0,43.52,79760.0
2023-06-29,43.66,43.9399,43.42,43.66,56687.0
2023-06-30,43.7,44.3,43.35,43.56,117019.0
2023-07-03,43.5,44.15,43.5,43.77,40486.0
2023-07-05,43.7,43.7,43.28,43.47,77020.0
2023-07-06,43.29,43.6,43.105,43.5,191202.0
2023-07-07,43.3,43.68,43.3,43.31,90910.0
2023-07-10,43.22,43.72,43.21,43.53,300495.0
2023-07-11,43.67,44.11,43.6388,43.89,99335.0
2023-07-12,44.0,44.7,43.894,44.35,143700.0
2023-07-13,44.46,44.89,44.395,44.67,144679.0
2023-07-14,44.8,44.8399,44.1,44.52,127482.0
2023-07-17,44.28,44.5091,44.1623,44.32,71152.0
2023-07-18,44.45,44.8,44.231,44.32,98103.0
2023-07-19,44.51,44.8,44.44,44.66,69802.0
2023-07-20,44.64,45.07,44.6301,44.97,92923.0
2023-07-21,45.0,45.13,44.64,44.78,98134.0
2023-07-24,44.89,45.43,44.81,44.93,101565.0
2023-07-25,45.1,45.35,44.9561,45.12,70496.0
2023-07-26,45.24,45.45,45.0499,45.28,119356.0
2023-07-27,45.46,45.6,45.16,45.23,110216.0
2023-07-28,45.23,45.555,45.14,45.41,69707.0
2023-07-31,45.48,45.925,45.48,45.84,118577.0
2023-08-01,45.83,45.93,45.4101,45.81,104067.0
2023-08-02,45.45,45.83,44.63,45.69,141374.0
2023-08-03,45.73,45.73,44.795,44.94,173814.0
2023-08-04,45.23,45.645,44.82,44.99,186912.0
2023-08-07,45.13,45.8375,45.13,45.52,173686.0
2023-08-08,45.52,46.25,45.38,46.07,147971.0
2023-08-09,46.17,46.59,45.66,45.72,182184.0
2023-08-10,46.07,46.23,45.79,45.85,203966.0
2023-08-11,45.1,45.385,44.94,45.12,179303.0
2023-08-14,44.99,45.19,44.65,44.66,103991.0
2023-08-15,44.34,44.575,44.0,44.28,492306.0
2023-08-16,44.21,44.4199,43.85,44.01,140261.0
2023-08-17,44.51,44.98,44.1745,44.49,130796.0
2023-08-18,44.34,45.1,44.26,44.94,164106.0
2023-08-21,45.22,45.4,44.59,44.95,153582.0
2023-08-22,45.07,45.3,44.5,44.53,119744.0
2023-08-23,44.5,44.55,44.0475,44.55,104172.0
2023-08-24,44.51,44.675,44.36,44.49,62131.0
2023-08-25,44.7,44.89,44.44,44.75,57038.0
2023-08-28,44.57,44.9,44.305,44.83,139438.0
2023-08-29,44.7,45.55,44.7,45.42,177410.0
2023-08-30,45.53,45.92,45.3961,45.84,138871.0
2023-08-31,45.82,46.2,45.7401,45.96,121068.0
2023-09-01,46.2,46.69,46.1,46.64,140732.0
2023-09-05,46.58,46.8,46.1801,46.27,100187.0
2023-09-06,46.18,46.3799,45.6,45.85,73436.0
2023-09-07,46.01,46.01,45.25,45.3,89642.0
2023-09-08,45.57,45.57,44.88,44.94,107383.0
2023-09-11,45.11,45.4099,44.2633,44.51,100228.0
2023-09-12,44.55,45.34,44.55,45.18,128196.0
2023-09-13,45.33,45.6,45.03,45.38,156364.0
2023-09-14,45.36,46.44,45.3001,46.3,133853.0
2023-09-15,46.09,46.42,45.71,46.09,192704.0
2023-09-18,46.0,46.5,45.775,46.47,104796.0
2023-09-19,46.51,47.9899,46.5,47.41,429549.0
2023-09-20,47.79,48.52,47.6999,47.82,413636.0
2023-09-21,48.0,48.27,47.14,47.46,214278.0
2023-09-22,47.46,48.72,47.13,47.2,831085.0
2023-09-25,47.0,47.71,46.93,47.42,231811.0
2023-09-26,47.4,47.7099,46.36,46.47,203320.0
2023-09-27,46.91,47.61,46.86,47.31,207467.0
2023-09-28,48.47,51.85,48.03,51.22,1934150.0
2023-09-29,50.41,50.41,48.84,48.95,869681.0
2023-10-02,48.88,49.0494,47.46,47.83,612921.0
2023-10-03,48.22,48.22,47.16,47.94,328270.0
2023-10-04,47.69,47.69,46.71,47.03,226592.0
2023-10-05,46.67,47.75,46.55,47.56,236828.0
2023-10-06,47.53,48.72,47.2073,48.38,241483.0
2023-10-09,49.06,50.0,48.64,49.72,303376.0
2023-10-10,49.78,51.1,49.56,50.86,494868.0
2023-10-11,50.19,50.82,50.07,50.31,462302.0
2023-10-12,50.31,50.58,49.95,50.53,341327.0
2023-10-13,50.97,51.34,50.53,50.54,269661.0
2023-10-16,50.94,51.105,50.42,50.42,344419.0
2023-10-17,50.42,51.105,50.3726,50.88,219258.0
2023-10-18,51.09,51.74,50.635,51.25,451697.0
2023-10-19,50.97,51.36,50.69,50.92,238911.0
2023-10-20,50.6,51.07,50.4778,50.62,246860.0
2023-10-23,50.44,50.73,50.25,50.5,331748.0
2023-10-24,50.88,51.19,50.68,50.98,253647.0
2023-10-25,51.2,51.7,51.03,51.28,278777.0
2023-10-26,50.95,51.58,50.908,51.29,313247.0
2023-10-27,50.55,50.7754,49.17,49.21,350268.0
2023-10-30,49.21,50.215,49.0,49.75,295181.0
2023-10-31,49.85,50.2899,49.655,50.19,276571.0
2023-11-01,51.0,51.63,50.2094,51.16,469494.0
2023-11-02,51.15,52.98,50.88,52.82,453626.0
2023-11-03,52.95,53.735,52.7,53.65,598209.0
2023-11-06,53.72,53.96,53.06,53.24,212876.0
2023-11-07,52.99,53.85,52.6,53.62,402860.0
2023-11-08,53.29,53.9,52.64,52.86,205783.0
2023-11-09,53.06,53.67,52.8,53.17,149148.0
2023-11-10,53.46,53.88,53.13,53.24,294350.0
2023-11-13,53.34,54.32,53.23,53.59,290567.0
2023-11-14,53.96,54.295,53.62,53.93,209537.0
2023-11-15,53.82,54.58,53.65,54.08,345503.0
2023-11-16,53.82,54.275,53.42,53.76,430647.0
2023-11-17,54.0,55.07,53.8584,54.95,467835.0
2023-11-20,55.25,55.28,53.26,53.59,470514.0
2023-11-21,53.6,53.635,52.89,53.02,418768.0
2023-11-22,52.5,53.565,52.105,53.15,355499.0
2023-11-24,52.86,53.98,52.86,53.36,137471.0
2023-11-27,52.97,53.98,52.83,53.76,192052.0
2023-11-28,53.83,54.28,53.6,54.24,357588.0
2023-11-29,54.5,55.18,54.2401,54.73,520862.0
2023-11-30,54.75,55.8,54.55,54.66,440522.0
2023-12-01,54.93,55.28,53.83,53.85,381735.0
2023-12-04,53.44,54.32,53.2,53.22,433255.0
2023-12-05,53.0,53.55,52.71,52.98,374243.0
2023-12-06,53.0,53.2399,52.11,52.46,305870.0
2023-12-07,52.585,52.84,52.21,52.57,302173.0
2023-12-08,52.96,54.22,52.6,53.71,876282.0
2023-12-11,53.55,54.54,53.08,53.41,968009.0
2023-12-12,53.365,53.3899,52.57,53.18,522462.0
2023-12-13,53.05,54.05,52.68,53.85,758689.0
2023-12-14,54.49,55.17,53.81,54.65,1463407.0
2023-12-15,54.64,57.25,54.001,56.44,13301301.0
2023-12-18,54.5,57.119,54.37,56.72,1010249.0
2023-12-19,56.98,58.58,56.98,58.42,1597238.0
2023-12-20,58.5,59.89,57.0,59.2,1485457.0
2023-12-21,59.6,63.08,58.62,59.37,1819911.0
2023-12-22,59.37,60.04,59.17,59.56,301805.0
2023-12-26,60.0,60.8841,59.1757,60.45,210299.0
2023-12-27,60.45,62.09,60.2275,61.96,245379.0
2023-12-28,61.65,63.957,61.3,62.45,525573.0
2023-12-29,62.46,62.96,59.68,59.93,381274.0
2024-01-02,60.0,60.47,56.61,56.91,711259.0
2024-01-03,57.0,58.36,56.7345,58.21,290892.0
2024-01-04,58.28,59.2898,57.5,57.57,309046.0
2024-01-05,57.72,58.7012,57.5,58.65,284873.0
2024-01-08,58.25,58.75,57.67,57.67,205000.0
2024-01-09,57.7,59.0,57.6,58.51,254081.0
2024-01-10,58.6,58.97,57.9,58.02,172808.0
2024-01-11,57.73,59.45,57.64,59.44,352410.0
2024-01-12,59.58,60.95,59.3,60.89,207840.0
2024-01-16,60.89,62.97,60.8803,62.19,449101.0
2024-01-17,61.92,62.19,60.67,61.08,227645.0
2024-01-18,61.43,61.65,60.1127,60.49,183133.0
2024-01-19,60.12,60.4,59.09,59.46,314893.0
2024-01-22,55.99,57.5799,53.68,56.74,2436646.0
2024-01-23,56.93,57.4,55.88,55.88,1166975.0
2024-01-24,57.38,57.38,54.83,54.85,989803.0
2024-01-25,55.44,56.67,55.08,56.44,661237.0
2024-01-26,57.0,58.3,56.2,58.25,473967.0
2024-01-29,59.43,59.95,59.15,59.86,532026.0
2024-01-30,59.8,59.8,58.35,58.65,553471.0
2024-01-31,59.23,59.97,58.96,59.47,628780.0
2024-02-01,59.47,60.61,59.39,59.57,701090.0
2024-02-02,59.69,60.7,59.3,60.25,511409.0
2024-02-05,60.35,61.69,60.34,61.15,851540.0
2024-02-06,60.12,60.49,59.47,59.78,448145.0
2024-02-07,60.01,60.89,59.8573,60.22,437002.0
2024-02-08,59.96,60.97,59.67,60.65,4798795.0
2024-02-09,60.9,61.18,59.9675,60.76,307573.0
2024-02-12,60.47,61.45,60.22,61.16,275186.0
2024-02-13,61.06,62.02,60.51,60.51,490425.0
2024-02-14,60.19,61.24,59.12,61.15,409753.0
2024-02-15,61.49,62.82,61.17,62.16,381920.0
2024-02-16,62.01,62.78,62.0001,62.53,326380.0
2024-02-20,62.0,63.2,61.55,63.2,467434.0
2024-02-21,62.4,63.41,62.4,62.78,378740.0
2024-02-22,62.8,62.9,61.79,62.11,278260.0
2024-02-23,61.8,62.06,61.06,61.07,246283.0
2024-02-26,61.08,61.68,60.59,60.59,235486.0
2024-02-27,60.0,61.56,59.591,61.54,217405.0
2024-02-28,61.26,61.73,60.1,60.13,232815.0
2024-02-29,60.44,61.42,60.44,61.38,122887.0
2024-03-01,61.5,62.06,61.4515,61.8,172861.0
2024-03-04,60.27,61.86,60.27,61.54,189953.0
2024-03-05,61.38,63.1,61.3716,62.46,317560.0
2024-03-06,62.73,64.89,62.67,64.19,571933.0
2024-03-07,64.06,64.4156,62.9,63.5,356694.0
2024-03-08,63.61,63.61,62.73,63.14,224717.0
2024-03-11,62.25,63.55,62.23,63.13,141107.0
2024-03-12,63.03,63.12,62.45,62.89,386751.0
2024-03-13,63.0,63.66,62.08,62.48,234672.0
2024-03-14,62.81,62.81,60.3501,60.64,372500.0
2024-03-15,60.64,61.67,60.62,61.01,243119.0
2024-03-18,61.05,61.49,61.05,61.39,177505.0
2024-03-19,61.28,61.94,61.02,61.51,164356.0
2024-03-20,61.39,61.8,61.11,61.73,306615.0
2024-03-21,61.86,62.35,61.51,62.35,156440.0
2024-03-22,61.98,62.2,61.73,61.74,146892.0
2024-03-25,62.48,62.55,60.69,61.06,236406.0
2024-03-26,61.15,61.2,60.48,60.52,197065.0
2024-03-27,60.51,60.86,59.8,60.15,358563.0
2024-03-28,60.0,60.54,59.76,60.29,254954.0
2024-04-01,60.16,60.61,59.84,59.99,204271.0
2024-04-02,60.21,60.38,59.76,60.13,163276.0
2024-04-03,60.25,60.44,59.57,59.74,342394.0
2024-04-04,59.75,59.9999,58.66,58.99,286356.0
2024-04-05,58.99,59.07,58.04,58.11,253334.0
2024-04-08,58.07,58.34,57.3,57.62,325523.0
2024-04-09,57.76,57.76,56.6,56.66,478241.0
2024-04-10,56.65,56.77,54.1,54.53,684852.0
2024-04-11,54.36,54.44,53.68,54.11,513189.0
2024-04-12,54.3,54.8,52.94,53.35,675162.0
2024-04-15,53.51,54.1,51.71,51.78,456865.0
2024-04-16,51.78,51.945,50.74,51.13,536101.0
2024-04-17,51.61,54.11,51.12,54.0,737225.0
2024-04-18,54.11,55.12,53.82,54.37,574255.0
2024-04-19,54.37,56.19,54.285,55.5,423493.0
2024-04-22,55.5,56.17,55.39,55.9,538077.0
2024-04-23,55.73,56.685,55.54,56.64,274661.0
2024-04-24,56.63,56.63,55.58,56.38,323661.0
2024-04-25,56.29,56.64,55.55,56.32,463101.0
2024-04-26,56.08,56.78,55.84,56.64,523125.0
2024-04-29,56.49,57.34,56.42,57.21,507846.0
2024-04-30,57.22,57.22,56.23,56.3,688145.0
2024-05-01,56.3,56.65,55.56,56.02,1138135.0
2024-05-02,56.6,56.6,54.68,55.3,3165087.0
2024-05-03,55.68,56.17,55.32,55.91,613216.0
2024-05-06,55.89,56.49,55.21,55.24,712971.0
2024-05-07,55.24,55.88,54.86,55.59,596342.0
2024-05-08,56.15,57.09,55.54,57.03,1327598.0
2024-05-09,56.86,57.45,55.83,55.84,746267.0
2024-05-10,54.42,55.2,53.36,55.04,1170667.0
2024-05-13,54.83,55.09,52.655,52.8,734186.0
2024-05-14,52.66,53.8,52.66,53.72,703221.0
2024-05-15,53.67,53.9,53.03,53.65,553844.0
2024-05-16,53.63,54.01,53.2,53.25,441857.0
2024-05-17,53.11,53.94,52.51,53.82,590186.0
2024-05-20,53.87,54.2,53.02,53.99,740505.0
2024-05-21,53.7,54.06,52.17,52.32,580303.0
2024-05-22,52.31,52.31,50.97,51.06,930676.0
2024-05-23,51.06,51.22,49.82,49.87,673819.0
2024-05-24,50.07,50.5199,49.45,49.98,610008.0
2024-05-28,50.0,50.7,49.79,50.36,1240786.0
2024-05-29,50.45,50.6,49.65,50.34,953678.0
2024-05-30,50.3,50.5828,49.7,49.73,493067.0
2024-05-31,50.0,51.3,49.7,51.0,781664.0
2024-06-03,51.0,51.58,50.8,50.87,1069891.0
2024-06-04,51.05,51.11,50.3697,50.7,783547.0
2024-06-05,51.01,52.38,50.5418,52.37,1068125.0
2024-06-06,52.1,54.63,52.03,54.5,684401.0
2024-06-07,54.75,55.41,53.37,53.54,823988.0
2024-06-10,53.99,54.63,53.25,53.64,615216.0
2024-06-11,53.76,53.99,52.32,52.37,344864.0
2024-06-12,52.45,52.9299,52.26,52.56,422165.0
2024-06-13,52.24,52.77,51.57,51.73,355095.0
2024-06-14,51.84,52.35,51.25,51.98,583008.0
2024-06-17,52.47,55.15,52.347,54.64,1096122.0
2024-06-18,55.17,55.56,54.09,54.48,966733.0
2024-06-20,54.5,55.83,54.22,55.4,702802.0
2024-06-21,55.4,56.55,54.94,56.13,1883858.0
2024-06-24,56.1,56.72,55.85,56.25,661495.0
2024-06-25,56.04,56.88,55.41,56.57,569131.0
2024-06-26,56.4,56.97,56.1915,56.75,726410.0
2024-06-27,56.79,57.16,56.31,56.97,532367.0
2024-06-28,57.0,57.41,56.29,56.54,515077.0
2024-07-01,56.85,57.19,56.01,56.35,457156.0
2024-07-02,56.69,56.79,55.62,56.14,303958.0
2024-07-03,56.23,56.8249,56.0212,56.2,242341.0
2024-07-05,56.4,56.5,55.35,55.53,235100.0
2024-07-08,55.33,56.45,55.27,56.2,223499.0
2024-07-09,55.87,57.11,55.85,56.74,342442.0
2024-07-10,56.59,56.78,55.87,56.22,279584.0
2024-07-11,56.65,57.0,55.8534,56.71,427077.0
2024-07-12,56.71,57.15,56.13,57.15,424873.0
2024-07-15,57.15,57.94,57.0,57.84,535519.0
2024-07-16,57.72,58.55,57.335,58.53,454721.0
2024-07-17,58.75,59.15,58.23,58.42,613837.0
2024-07-18,58.21,58.6099,57.66,57.9,265915.0
2024-07-19,58.13,58.92,57.52,57.73,279267.0
2024-07-22,57.41,58.09,56.75,57.31,366753.0
2024-07-23,57.45,57.47,56.66,56.87,331975.0
2024-07-24,56.65,57.23,55.05,55.11,519577.0
2024-07-25,55.03,55.8,54.2405,54.51,402917.0
2024-07-26,55.15,55.54,54.52,54.83,421323.0
2024-07-29,55.07,55.14,54.1,54.64,244038.0
2024-07-30,54.6,55.23,54.13,55.13,314874.0
2024-07-31,55.49,55.49,54.58,54.92,348315.0
2024-08-01,54.77,55.52,54.29,55.22,513771.0
2024-08-02,54.26,54.5377,52.89,53.87,730071.0
2024-08-05,52.3,53.64,51.75,52.95,627716.0
2024-08-06,53.5,54.29,53.2,53.6,602036.0
2024-08-07,55.57,56.39,53.4,53.73,1134352.0
2024-08-08,53.82,54.2299,52.32,52.9,2871908.0
2024-08-09,51.85,52.0199,50.5,50.79,965274.0
2024-08-12,51.2,51.5713,50.11,50.23,759957.0
2024-08-13,50.21,50.56,49.8612,50.26,1198111.0
2024-08-14,50.75,50.9,49.675,50.45,800358.0
2024-08-15,50.55,52.46,50.5,52.1,671547.0
2024-08-16,52.22,53.86,52.0016,53.86,705626.0
2024-08-19,54.18,54.47,53.1201,53.34,626409.0
2024-08-20,53.25,53.4299,52.17,52.58,512424.0
2024-08-21,52.55,53.9999,52.55,53.24,354073.0
2024-08-22,53.5,54.27,53.2799,53.65,399003.0
2024-08-23,54.1,54.5,53.21,54.38,278783.0
2024-08-26,54.06,54.76,53.84,54.03,391405.0
2024-08-27,53.99,54.48,53.65,53.77,436790.0
2024-08-28,53.61,53.73,52.75,53.04,612152.0
2024-08-29,52.89,55.14,52.81,54.82,460704.0
2024-08-30,54.61,55.15,53.79,54.17,389945.0
2024-09-03,54.01,54.01,52.7301,53.11,371315.0
2024-09-04,53.15,53.74,52.5,52.52,276028.0
2024-09-05,52.35,53.29,52.3448,52.47,228071.0
2024-09-06,52.56,53.0291,51.69,51.87,356293.0
2024-09-09,52.02,53.23,52.02,52.27,284364.0
2024-09-10,52.32,53.06,51.72,52.71,369214.0
2024-09-11,52.62,53.0799,52.06,52.08,197598.0
2024-09-12,52.45,53.83,52.35,53.31,191390.0
2024-09-13,53.45,54.09,53.075,53.5,258237.0
2024-09-16,53.82,54.59,53.5,54.59,347439.0
2024-09-17,54.54,55.08,53.73,54.23,282328.0
2024-09-18,54.2,54.7,53.75,53.96,174480.0
2024-09-19,54.34,54.5298,52.91,53.51,301614.0
2024-09-20,53.01,53.4499,52.6,52.7,549678.0
2024-09-23,52.45,54.44,52.45,54.11,318184.0
2024-09-24,54.25,54.67,53.74,53.77,174904.0
2024-09-25,53.92,54.04,52.84,53.37,285960.0
2024-09-26,53.0,53.73,52.81,53.09,151639.0
2024-09-27,52.84,53.34,52.5001,53.13,261406.0
2024-09-30,52.85,53.93,52.7,53.68,271396.0
2024-10-01,53.39,54.0899,53.1,53.77,301435.0
2024-10-02,54.04,54.09,52.61,53.21,155131.0
2024-10-03,53.52,53.82,52.87,53.08,225786.0
2024-10-04,53.23,53.65,52.96,53.42,175145.0
2024-10-07,53.25,53.85,52.73,53.15,260510.0
2024-10-08,52.96,52.96,51.83,52.13,344045.0
2024-10-09,51.77,53.35,51.668,53.12,273575.0
2024-10-10,53.28,54.03,52.8377,53.94,251376.0
2024-10-11,53.89,54.0,53.29,53.76,266690.0
2024-10-14,53.5,54.18,53.1258,53.71,600289.0
2024-10-15,53.02,53.6718,52.4,52.45,362146.0
2024-10-16,52.75,53.46,52.4995,52.7,371127.0
2024-10-17,52.94,53.0717,51.71,51.87,396964.0
2024-10-18,51.81,52.67,51.74,52.09,362092.0
2024-10-21,52.26,52.26,51.13,51.14,784011.0
2024-10-22,51.35,52.16,51.25,51.71,247865.0
2024-10-23,51.5,51.88,51.26,51.7,236501.0
2024-10-24,51.62,52.3,51.41,52.25,175572.0
2024-10-25,52.5,52.5,51.53,52.21,309223.0
2024-10-28,51.94,52.3,51.61,51.84,285304.0
2024-10-29,51.84,51.9823,50.52,51.66,547782.0
2024-10-30,51.99,52.0,50.78,50.98,377118.0
2024-10-31,51.0,51.44,50.7,50.8,259632.0
2024-11-01,51.4,52.1099,50.79,50.91,387414.0
2024-11-04,51.16,51.99,51.16,51.42,420140.0
2024-11-05,51.46,53.3,51.46,53.26,609132.0
2024-11-06,52.74,54.98,52.5001,54.36,972648.0
2024-11-07,54.03,54.5313,53.32,53.36,469643.0
2024-11-08,51.99,53.3,51.87,52.58,423047.0
2024-11-11,52.17,52.34,51.21,51.49,439486.0
2024-11-12,51.42,52.08,51.1801,51.67,378478.0
2024-11-13,51.53,52.0981,51.25,51.47,183295.0
2024-11-14,51.41,51.7119,51.2027,51.62,200108.0
2024-11-15,51.7,52.64,51.6,52.16,330121.0
2024-11-18,52.0,54.1,51.95,53.88,660138.0
2024-11-19,53.8,54.49,53.37,53.82,421269.0
2024-11-20,53.76,54.08,53.01,53.43,430821.0
2024-11-21,53.34,54.19,53.2388,54.02,286397.0
2024-11-22,53.69,54.45,53.6,54.33,438899.0
2024-11-25,54.31,54.61,53.48,54.37,277431.0
2024-11-26,54.39,54.4,53.48,54.19,258215.0
2024-11-27,54.27,55.18,54.0657,54.63,330737.0
2024-11-29,54.73,57.01,54.68,56.46,408411.0
2024-12-02,56.07,57.49,55.6648,56.69,524223.0
2024-12-03,56.34,56.99,56.1,56.82,301326.0
2024-12-04,56.74,56.74,54.4,54.74,420605.0
2024-12-05,54.7,55.875,54.69,55.27,272875.0
2024-12-06,55.19,55.265,54.0409,54.14,367987.0
2024-12-09,54.01,55.89,54.01,54.16,421272.0
2024-12-10,54.63,54.8,53.34,53.41,335197.0
2024-12-11,53.51,54.17,53.3,53.53,362106.0
2024-12-12,53.7,53.9006,53.31,53.68,258783.0
2024-12-13,53.68,54.24,53.22,53.36,288919.0
2024-12-16,53.04,53.94,52.75,53.02,273328.0
2024-12-17,52.89,52.99,51.53,51.97,773928.0
2024-12-18,52.02,52.4699,50.52,50.86,760442.0
2024-12-19,51.0,51.5,50.11,51.07,781477.0
2024-12-20,51.06,51.42,50.65,51.08,993795.0
2024-12-23,50.06,51.74,49.62,51.48,657589.0
2024-12-24,51.5,52.24,51.1833,51.99,312300.0
2024-12-26,51.68,52.01,50.51,51.08,485202.0
2024-12-27,51.08,51.47,50.735,51.44,315301.0
2024-12-30,51.2,51.65,50.61,50.93,303657.0
2024-12-31,50.79,51.75,50.79,51.44,198276.0
2025-01-02,51.37,52.05,51.37,51.77,375580.0
2025-01-03,52.0,52.4,51.55,51.85,362028.0
2025-01-06,51.89,52.75,51.89,52.3,222309.0
2025-01-07,52.4,52.7351,51.27,51.76,247800.0
2025-01-08,51.89,52.46,51.19,52.46,259513.0
2025-01-10,52.5,52.52,51.08,51.29,419231.0
2025-01-13,51.49,52.84,51.13,51.76,521907.0
2025-01-14,51.81,53.6705,51.8,53.0,406809.0
2025-01-15,53.54,54.16,53.03,53.39,403267.0
2025-01-16,53.5,54.95,53.44,54.71,283035.0
2025-01-17,54.01,55.1,54.01,54.59,288624.0
2025-01-21,54.59,55.76,54.3963,54.73,470944.0
2025-01-22,54.86,55.62,54.54,55.14,477170.0
2025-01-23,55.6,56.35,55.18,55.75,675440.0
2025-01-24,55.75,56.59,55.75,55.81,450276.0
2025-01-27,56.2,56.4921,55.0,55.82,605238.0
2025-01-28,55.99,56.31,55.3315,56.16,669398.0
2025-01-29,56.01,57.22,56.01,56.7,580944.0
2025-01-30,57.25,58.0,55.35,58.0,3138697.0
2025-01-31,57.26,57.59,56.23,56.33,844112.0
2025-02-03,55.94,58.04,55.94,57.69,639067.0
2025-02-04,57.8,59.62,57.154,59.15,795277.0
2025-02-05,59.27,59.6676,58.56,59.25,497067.0
2025-02-06,59.43,59.45,57.78,57.88,611433.0
2025-02-07,57.02,57.14,55.785,56.43,449911.0
2025-02-10,56.48,57.5999,56.38,56.66,692052.0
2025-02-11,55.22,57.45,54.65,57.33,764759.0
2025-02-12,57.12,57.12,55.66,56.39,360709.0
2025-02-13,56.0,57.93,55.6705,57.35,310528.0
2025-02-14,57.5,58.5689,57.06,57.08,413741.0
2025-02-18,56.74,58.7,56.74,57.98,462983.0
2025-02-19,58.55,58.98,57.87,58.3,496574.0
2025-02-20,57.85,58.15,56.9,57.9,328199.0
2025-02-21,58.04,58.258,57.45,57.95,537886.0
2025-02-24,58.17,58.2,57.1,57.69,419677.0
2025-02-25,57.51,58.055,56.58,57.71,348377.0
2025-02-26,57.49,57.95,57.11,57.69,364206.0
2025-02-27,57.92,58.25,56.93,58.04,394767.0
2025-02-28,57.82,58.91,57.79,58.81,391712.0
2025-03-03,58.67,59.13,58.375,58.7,373554.0
2025-03-04,58.43,58.43,56.61,57.86,664231.0
2025-03-05,57.94,57.94,55.6,57.41,500670.0
2025-03-06,56.91,57.65,56.08,56.9,331043.0
2025-03-07,57.1,57.795,56.01,56.81,401025.0
2025-03-10,56.67,58.85,56.49,58.06,417868.0
2025-03-11,58.43,58.91,57.505,58.24,491491.0
2025-03-12,58.25,58.25,57.6,57.63,275437.0
2025-03-13,57.33,58.27,57.33,57.43,401400.0
2025-03-14,57.79,58.39,57.575,57.86,398427.0
2025-03-17,57.56,59.3,57.56,58.67,254019.0
2025-03-18,58.75,59.25,58.05,58.45,186599.0
2025-03-19,58.62,59.2,57.9431,58.52,321516.0
2025-03-20,58.52,58.76,57.58,57.86,269665.0
2025-03-21,57.97,58.11,56.66,56.74,948594.0
2025-03-24,56.73,57.59,56.2161,57.0,351157.0
2025-03-25,56.91,57.8012,56.335,57.39,274112.0
2025-03-26,56.91,57.96,56.91,57.87,209856.0
2025-03-27,57.64,58.6,57.4096,58.6,311815.0
2025-03-28,58.5,59.21,58.01,59.2,259702.0
2025-03-31,59.08,59.2,57.67,58.06,184894.0
2025-04-01,58.055,58.79,57.37,58.78,116998.0
2025-04-02,58.71,59.23,58.2955,59.13,131397.0
2025-04-03,58.08,58.24,56.65,57.0,366484.0
2025-04-04,55.57,55.75,51.69,52.84,669153.0
2025-04-07,50.0,53.08,48.0,52.04,1217189.0
2025-04-08,53.88,54.21,49.69,50.38,501258.0
2025-04-09,49.35,53.71,48.41,52.92,682631.0
2025-04-10,52.03,53.065,50.0,52.03,475330.0
2025-04-11,52.03,53.96,51.1,53.87,343268.0
2025-04-14,54.41,55.33,53.7985,54.88,362306.0
2025-04-15,55.0,56.79,55.0,56.37,295078.0
2025-04-16,56.2,57.34,55.93,56.76,233019.0
2025-04-17,56.92,58.05,56.5291,57.22,230142.0
2025-04-21,56.865,56.865,55.6,56.76,384143.0
2025-04-22,57.43,58.56,56.9944,58.56,374095.0
2025-04-23,59.0,59.25,58.03,59.17,224247.0
2025-04-24,58.76,59.64,58.365,58.77,183090.0
2025-04-25,58.27,59.08,58.02,58.92,110893.0
2025-04-28,58.5,59.3667,58.5,58.73,205975.0
2025-04-29,58.7,59.88,58.63,59.12,298553.0
2025-04-30,58.9,59.423,57.4501,58.15,254836.0
2025-05-01,57.87,58.5,57.0,57.03,205138.0
2025-05-02,57.68,57.94,57.155,57.94,260163.0
2025-05-05,56.51,57.075,53.5,54.57,2009702.0
2025-05-06,54.47,55.34,52.75,53.74,746347.0
2025-05-07,54.1,56.55,53.28,56.55,640990.0
2025-05-08,55.88,57.0,55.58,56.5,767309.0
2025-05-09,55.5,55.785,54.3758,55.32,542282.0
2025-05-12,55.93,56.49,55.3,55.53,402610.0
2025-05-13,55.33,57.5,55.21,57.46,382233.0
2025-05-14,57.01,57.53,56.35,57.05,375624.0
2025-05-15,56.97,57.71,56.54,57.33,261147.0
2025-05-16,56.7,57.61,56.0,56.39,303737.0
2025-05-19,56.39,57.05,55.83,57.05,206408.0
2025-05-20,57.31,57.31,55.6,55.98,446611.0
2025-05-21,55.51,56.22,55.0,55.19,353170.0
2025-05-22,55.03,55.54,54.575,54.9,246979.0
2025-05-23,54.89,55.52,54.8219,55.19,220034.0
2025-05-27,55.8,56.22,55.185,56.16,304401.0
2025-05-28,56.16,56.16,55.1033,55.21,188224.0
2025-05-29,55.11,56.07,54.63,55.13,355325.0
2025-05-30,55.0,55.12,53.75,53.94,482518.0
2025-06-02,54.1,54.7536,53.24,53.65,295438.0
2025-06-03,53.51,54.58,53.2,54.36,335130.0
2025-06-04,53.95,54.31,53.02,53.25,725914.0
2025-06-05,53.5,54.2,53.0,53.93,504114.0
2025-06-06,54.12,54.62,53.7401,53.81,357968.0
2025-06-09,53.97,54.4132,52.32,52.45,634091.0
2025-06-10,52.55,53.36,52.55,53.27,319651.0
2025-06-11,53.47,53.78,52.62,53.51,454909.0
2025-06-12,53.62,54.06,53.13,54.06,262625.0
2025-06-13,54.43,54.4363,53.05,53.22,750238.0
2025-06-16,53.5,53.99,52.39,52.94,321990.0
2025-06-17,53.09,53.275,52.19,52.45,694667.0
2025-06-18,52.69,53.48,51.95,53.21,429637.0
2025-06-20,53.12,53.7099,52.83,53.51,469321.0
2025-06-23,53.54,53.99,52.56,53.18,245494.0
2025-06-24,53.1,53.7,52.6749,52.8,302450.0
2025-06-25,52.44,52.9893,51.45,51.45,399214.0
2025-06-26,51.56,53.3,51.55,53.22,447307.0
2025-06-27,53.32,54.35,53.29,54.31,523908.0
2025-06-30,53.98,54.4,53.52,53.59,410542.0
2025-07-01,53.8,53.8,52.7535,53.07,190211.0
2025-07-02,53.47,54.5,53.08,54.45,278219.0
2025-07-03,54.0,55.03,54.0,55.03,251974.0
2025-07-07,54.63,54.7842,53.09,53.32,338628.0
2025-07-08,53.01,53.61,52.5,52.7,397377.0
2025-07-09,52.8,53.11,52.4,53.07,320149.0
2025-07-10,53.17,53.19,52.34,52.73,352999.0
2025-07-11,52.58,53.53,52.38,53.53,377327.0
2025-07-14,53.01,53.63,52.8,53.62,409029.0
2025-07-15,52.97,53.5205,52.5015,53.08,262074.0
2025-07-16,53.0,53.09,51.86,51.96,418868.0
2025-07-17,51.9,52.3,51.56,52.0,485507.0
2025-07-18,52.04,53.37,52.04,53.34,499039.0
2025-07-21,53.34,53.35,52.145,52.48,384377.0
2025-07-22,52.2,52.8174,52.08,52.72,421332.0
2025-07-23,52.86,53.11,52.5,52.57,372919.0
2025-07-24,52.6,53.6,52.1101,53.48,373240.0
2025-07-25,53.62,53.62,52.8101,53.51,202240.0
2025-07-28,53.44,53.975,53.25,53.57,439874.0
2025-07-29,53.73,55.12,53.6792,55.09,349059.0
2025-07-30,54.85,54.9546,54.37,54.74,128068.0
2025-07-31,54.76,55.63,54.09,55.31,254490.0
2025-08-01,55.13,55.2999,53.41,53.67,347856.0
2025-08-04,53.74,54.54,53.715,54.23,216635.0
2025-08-05,54.2,54.6528,53.5,53.5,290358.0
2025-08-06,53.24,54.5299,52.54,52.88,418339.0
2025-08-07,52.8,53.33,52.14,52.31,363898.0
2025-08-08,51.88,52.67,51.5091,52.13,673722.0
2025-08-11,52.12,52.12,50.6,50.6,544605.0
2025-08-12,51.0,51.43,50.45,51.43,481473.0
2025-08-13,51.4,52.46,51.23,52.38,342499.0
2025-08-14,52.11,52.46,51.64,52.27,417368.0
2025-08-15,52.4,52.8,51.85,52.43,429822.0
2025-08-18,52.26,53.24,52.1384,53.22,465921.0
2025-08-19,53.01,53.1499,51.63,51.81,816216.0
2025-08-20,51.81,52.395,51.51,52.09,231846.0
2025-08-21,52.22,52.47,51.7228,51.88,302583.0
2025-08-22,51.6,52.22,51.5,51.91,236387.0
2025-08-25,51.57,52.38,51.57,51.8,181505.0
2025-08-26,51.74,51.86,51.25,51.81,406998.0
2025-08-27,51.62,52.3,51.62,51.87,414663.0
2025-08-28,51.75,52.2,51.71,52.06,307721.0
2025-08-29,51.83,52.45,51.72,52.3,434057.0
2025-09-02,51.87,52.2,51.45,51.6,278416.0
2025-09-03,51.68,51.75,51.25,51.6,192504.0
2025-09-04,51.5,51.875,51.17,51.2,220310.0
2025-09-05,51.0,51.44,50.47,50.85,390173.0
2025-09-08,50.85,51.14,50.5314,51.14,315743.0
2025-09-09,51.69,51.81,50.945,51.1,217994.0
2025-09-10,50.82,51.4373,50.5,50.52,435525.0
2025-09-11,50.52,50.655,50.26,50.5,397595.0
2025-09-12,50.35,50.57,50.1,50.11,251050.0
2025-09-15,50.15,50.4251,49.99,49.99,683086.0
2025-09-16,49.99,50.58,49.97,50.06,383879.0
2025-09-17,49.96,50.6288,49.85,49.93,343515.0
2025-09-18,50.11,50.49,49.76,50.24,415032.0
2025-09-19,49.93,50.21,49.12,49.12,661232.0
2025-09-22,49.12,49.12,47.98,48.42,618633.0
2025-09-23,49.0,49.2216,48.568,48.76,460762.0
2025-09-24,49.21,49.57,48.965,49.5,586278.0
2025-09-25,49.59,49.79,49.17,49.75,296499.0
2025-09-26,51.14,51.14,49.99,50.52,338805.0
2025-09-29,50.12,50.51,49.52,49.66,555263.0
2025-09-30,49.75,50.09,49.03,50.01,501631.0
2025-10-01,49.54,50.835,49.54,50.59,340448.0
2025-10-02,50.1,50.73,49.65,49.85,416246.0
2025-10-03,49.89,50.71,49.68,50.71,616027.0
2025-10-06,50.16,50.8695,50.16,50.7,500646.0
2025-10-07,50.45,50.83,50.0822,50.72,327399.0
2025-10-08,50.22,50.6999,49.72,49.97,1587749.0
2025-10-09,49.94,50.22,48.9,48.93,440531.0
2025-10-10,48.8,49.595,48.6,49.43,352846.0
2025-10-13,49.01,50.45,49.01,50.25,511227.0
2025-10-14,49.8,51.14,49.8,50.82,837714.0
2025-10-15,50.82,52.43,50.82,52.43,941088.0
2025-10-16,52.42,53.1,52.22,53.05,873686.0
2025-10-17,53.1,54.18,52.94,54.04,721606.0
2025-10-20,53.68,54.23,53.64,53.93,418647.0
2025-10-21,53.76,54.01,53.35,53.41,352146.0
2025-10-22,53.61,54.62,53.24,54.5,342599.0
2025-10-23,54.77,54.77,53.89,54.21,479022.0
2025-10-24,54.5,54.6726,53.42,53.71,292423.0
2025-10-27,53.97,54.97,53.71,54.05,488403.0
2025-10-28,54.04,54.4855,53.31,53.46,411307.0
2025-10-29,54.09,54.09,53.32,53.39,355338.0
2025-10-30,50.62,53.295,50.62,53.18,808398.0
2025-10-31,53.02,53.46,52.0,52.22,592623.0
2025-11-03,52.0,52.15,50.76,51.59,854221.0
2025-11-04,51.0,52.66,51.0,52.39,808979.0
2025-11-05,52.41,52.57,51.4,52.55,643664.0
2025-11-06,52.77,53.5,50.79,52.24,1592116.0
2025-11-07,52.64,52.64,50.46,50.8,1509743.0
2025-11-10,50.68,51.44,50.16,51.28,1386065.0
2025-11-11,51.5,51.7,49.98,50.16,1140180.0
2025-11-12,50.36,51.34,50.2,51.06,1348640.0
2025-11-13,51.0,51.23,50.52,51.19,754935.0
2025-11-14,51.21,53.08,51.1386,52.5,598418.0
2025-11-17,52.78,54.205,52.54,53.29,811652.0
2025-11-18,53.35,55.2385,53.06,54.37,1279003.0
2025-11-19,54.35,55.47,53.8359,54.51,852897.0
2025-11-20,54.49,55.48,54.0,54.6,791012.0
2025-11-21,54.55,55.645,53.93,55.5,617125.0
2025-11-24,55.1,55.66,54.5522,55.28,408144.0
2025-11-25,55.26,55.65,54.615,55.5,461168.0
2025-11-26,55.5,56.15,55.1201,55.95,546708.0
2025-11-28,55.95,56.395,55.42,56.23,166978.0
