date,open,high,low,close,volume
2000-07-11,18.0,18.62,17.62,17.62,64455000.0
2000-07-12,17.75,17.94,17.69,17.94,10231000.0
2000-07-13,17.94,18.19,17.75,17.87,14539000.0
2000-07-14,17.87,18.0,17.75,17.87,7739000.0
2000-07-17,17.56,17.62,17.06,17.06,16088000.0
2000-07-18,17.0,17.0,15.5,15.62,22865000.0
2000-07-19,16.5,16.69,16.37,16.56,4702000.0
2000-07-20,16.87,17.31,16.81,17.25,4456000.0
2000-07-21,17.62,17.81,17.56,17.81,4918000.0
2000-07-24,17.81,18.0,17.69,17.69,3140000.0
2000-07-25,17.62,17.75,17.5,17.62,2282000.0
2000-07-26,17.37,17.44,17.0,17.0,1521000.0
2000-07-27,17.06,17.06,16.75,16.75,1476000.0
2000-07-28,16.87,17.06,16.81,16.81,1304000.0
2000-07-31,16.81,16.87,16.75,16.75,1067000.0
2000-08-01,17.06,17.12,17.0,17.06,737000.0
2000-08-02,17.25,17.5,17.12,17.5,896000.0
2000-08-03,17.12,17.25,17.12,17.19,645000.0
2000-08-04,17.12,17.5,17.12,17.5,922000.0
2000-08-07,17.37,17.44,17.12,17.12,1970000.0
2000-08-08,16.87,16.94,16.69,16.75,2591000.0
2000-08-09,16.75,16.75,16.56,16.69,3296000.0
2000-08-10,16.69,16.75,16.56,16.75,2629000.0
2000-08-11,16.69,16.75,16.69,16.75,1661000.0
2000-08-14,16.44,16.5,15.94,16.25,5358000.0
2000-08-15,15.75,15.75,15.31,15.5,1741000.0
2000-08-16,15.31,15.44,15.31,15.44,1284000.0
2000-08-17,15.0,15.12,14.75,15.0,2911000.0
2000-08-18,15.12,15.25,15.12,15.12,602000.0
2000-08-21,14.94,14.94,14.12,14.37,1486000.0
2000-08-22,14.37,14.81,14.25,14.25,1037000.0
2000-08-23,14.31,14.5,14.12,14.37,1517000.0
2000-08-24,14.25,14.25,13.94,14.0,2424000.0
2000-08-25,13.75,13.75,13.0,13.37,3079000.0
2000-08-28,13.37,14.0,13.37,14.0,492000.0
2000-08-29,13.75,13.75,13.19,13.19,1137000.0
2000-08-30,13.5,13.56,13.31,13.44,5725000.0
2000-08-31,13.44,13.56,13.37,13.44,945000.0
2000-09-01,13.5,14.12,13.5,14.12,5173000.0
2000-09-05,14.19,14.44,14.19,14.37,755000.0
2000-09-06,14.37,14.37,14.0,14.25,1785000.0
2000-09-07,13.69,13.75,13.56,13.69,1117000.0
2000-09-08,13.5,13.5,13.19,13.19,627000.0
2000-09-11,13.0,13.06,12.87,12.87,835000.0
2000-09-12,13.0,13.56,13.0,13.25,1600000.0
2000-09-13,13.06,13.12,13.0,13.06,255000.0
2000-09-14,12.81,13.37,12.81,13.31,1169000.0
2000-09-15,13.31,13.31,13.12,13.25,607000.0
2000-09-18,12.12,12.5,12.0,12.0,1304000.0
2000-09-19,12.12,12.31,12.0,12.25,1081000.0
2000-09-20,12.75,12.87,12.37,12.56,2515000.0
2000-09-21,12.44,12.44,11.75,11.75,2414000.0
2000-09-22,10.87,10.87,10.12,10.12,4148000.0
2000-09-25,10.56,10.56,9.94,9.94,2885000.0
2000-09-26,10.5,10.5,10.0,10.12,8874000.0
2000-09-27,10.19,10.25,10.19,10.25,1076000.0
2000-09-28,10.56,10.94,10.56,10.94,2169000.0
2000-09-29,10.94,11.12,10.87,11.0,737000.0
2000-10-02,11.25,11.31,11.06,11.12,1304000.0
2000-10-03,11.12,11.37,11.12,11.19,500000.0
2000-10-04,11.12,11.19,11.0,11.12,1024000.0
2000-10-05,11.12,11.19,11.0,11.19,1081000.0
2000-10-06,11.5,11.69,11.5,11.62,2801000.0
2000-10-09,11.56,11.69,11.56,11.62,514000.0
2000-10-10,12.5,12.62,12.31,12.56,1842000.0
2000-10-11,12.25,12.25,11.94,12.0,2986000.0
2000-10-12,11.94,12.0,11.5,11.5,1292000.0
2000-10-13,11.62,12.0,11.56,11.94,1692000.0
2000-10-16,12.12,12.25,12.06,12.12,1216000.0
2000-10-17,12.0,12.0,11.81,11.81,1164000.0
2000-10-18,11.25,11.25,10.62,11.06,2371000.0
2000-10-19,11.0,11.25,10.87,11.0,882000.0
2000-10-20,11.0,11.0,10.5,10.62,1419000.0
2000-10-23,10.5,10.56,10.31,10.56,526000.0
2000-10-24,10.75,10.87,10.56,10.62,974000.0
2000-10-25,10.5,10.56,10.37,10.37,1156000.0
2000-10-26,10.37,10.44,10.25,10.44,148000.0
2000-10-27,10.5,10.87,10.44,10.87,1380000.0
2000-10-30,11.0,11.0,10.81,10.81,1164000.0
2000-10-31,10.81,11.0,10.75,10.94,237000.0
2000-11-01,11.12,11.25,11.06,11.12,464000.0
2000-11-02,11.37,11.87,11.31,11.69,984000.0
2000-11-03,11.75,11.87,11.75,11.81,492000.0
2000-11-06,11.44,11.44,11.19,11.25,932000.0
2000-11-07,10.94,11.0,10.94,10.94,412000.0
2000-11-08,10.37,10.87,10.37,10.56,3004000.0
2000-11-09,10.56,10.87,10.56,10.87,1195000.0
2000-11-10,10.81,10.87,10.62,10.75,2603000.0
2000-11-13,10.25,10.5,10.25,10.37,3761000.0
2000-11-14,10.5,10.56,10.44,10.5,29000.0
2000-11-15,10.56,10.56,9.87,9.87,1530000.0
2000-11-16,9.81,9.87,9.81,9.81,324000.0
2000-11-17,9.87,9.87,9.5,9.62,451000.0
2000-11-20,9.06,9.12,8.94,9.0,482000.0
2000-11-21,8.87,9.19,8.81,9.19,1411000.0
2000-11-22,9.5,9.5,9.0,9.19,1966000.0
2000-11-24,9.19,9.19,9.12,9.19,33000.0
2000-11-27,9.06,9.06,8.87,8.87,200000.0
2000-11-28,8.25,8.25,7.12,7.5,2577000.0
2000-11-29,7.56,7.56,6.81,6.94,1877000.0
2000-11-30,6.37,6.5,6.0,6.19,3466000.0
2000-12-01,5.62,6.87,5.62,6.56,6055000.0
2000-12-04,6.12,6.12,5.75,5.94,2793000.0
2000-12-05,6.25,7.0,6.25,6.94,6432000.0
2000-12-06,7.81,7.94,7.81,7.81,3576000.0
2000-12-07,6.94,6.94,6.56,6.56,852000.0
2000-12-08,6.81,7.75,6.81,7.62,3022000.0
2000-12-11,7.5,7.5,7.06,7.25,1146000.0
2000-12-12,7.19,7.19,6.75,6.81,2119000.0
2000-12-13,6.75,6.87,6.69,6.87,570000.0
2000-12-14,7.75,7.81,7.56,7.69,1429000.0
2000-12-15,7.87,7.87,7.62,7.75,258000.0
2000-12-18,7.25,7.25,7.06,7.06,430000.0
2000-12-19,7.0,7.19,6.94,6.94,192000.0
2000-12-20,7.0,7.19,6.94,7.06,575000.0
2000-12-21,7.12,7.12,6.81,6.87,157000.0
2000-12-22,6.87,7.19,6.81,6.81,320000.0
2000-12-26,7.25,7.25,7.06,7.06,232000.0
2000-12-27,6.94,6.94,6.75,6.75,266000.0
2000-12-28,6.75,6.94,6.62,6.75,250000.0
2000-12-29,6.75,7.12,6.75,7.0,302000.0
2001-01-02,7.37,7.5,7.12,7.12,492000.0
2001-01-03,7.0,7.62,7.0,7.62,1054000.0
2001-01-04,7.62,8.5,7.62,8.37,2203000.0
2001-01-05,8.37,8.44,8.19,8.25,874000.0
2001-01-08,8.37,8.37,8.25,8.25,602000.0
2001-01-09,8.5,8.69,8.5,8.62,255000.0
2001-01-10,9.5,9.69,9.5,9.69,2000000.0
2001-01-11,9.37,9.5,9.19,9.5,1002000.0
2001-01-12,9.44,9.44,9.12,9.12,1216000.0
2001-01-16,8.5,8.56,8.31,8.37,2291000.0
2001-01-17,8.5,8.94,8.5,8.81,685000.0
2001-01-18,8.5,8.5,8.25,8.5,1530000.0
2001-01-19,8.56,8.56,8.25,8.31,1489000.0
2001-01-22,8.19,8.44,8.12,8.44,807000.0
2001-01-23,8.31,8.56,8.25,8.5,505000.0
2001-01-24,8.37,8.56,8.25,8.56,270000.0
2001-01-25,8.5,8.62,8.44,8.44,1244000.0
2001-01-26,8.31,8.31,8.25,8.25,20000.0
2001-01-29,8.0,8.05,7.98,7.99,425000.0
2001-01-30,7.94,8.0,7.94,7.98,552000.0
2001-01-31,7.95,8.12,7.93,7.95,425000.0
2001-02-01,7.85,8.26,7.85,8.26,794000.0
2001-02-02,8.15,8.16,8.1,8.1,307000.0
2001-02-05,7.8,7.8,7.65,7.65,597000.0
2001-02-06,7.7,7.85,7.7,7.84,381000.0
2001-02-07,7.69,7.69,7.47,7.47,690000.0
2001-02-08,7.5,7.63,7.5,7.6,174000.0
2001-02-09,7.35,7.35,7.18,7.2,297000.0
2001-02-12,6.8,6.9,6.8,6.9,255000.0
2001-02-13,6.9,7.04,6.9,7.0,812000.0
2001-02-14,7.13,7.2,7.1,7.13,1067000.0
2001-02-15,6.75,6.8,6.68,6.75,170000.0
2001-02-16,6.85,6.85,6.75,6.79,1020000.0
2001-02-20,5.7,5.8,5.64,5.72,4673000.0
2001-02-21,4.7,5.0,4.67,4.74,8781000.0
2001-02-22,4.15,4.49,4.14,4.27,7924000.0
2001-02-23,4.2,4.2,3.95,4.15,8766000.0
2001-02-26,4.65,4.65,4.45,4.53,5508000.0
2001-02-27,4.5,4.53,4.3,4.3,1562000.0
2001-02-28,4.3,4.81,4.3,4.8,5768000.0
2001-03-01,4.8,4.84,4.65,4.82,1671000.0
2001-03-02,4.85,5.25,4.82,5.14,1636000.0
2001-03-05,5.14,5.15,4.9,4.95,570000.0
2001-03-06,5.05,5.37,5.05,5.3,1129000.0
2001-03-07,5.4,5.45,5.2,5.29,1442000.0
2001-03-08,5.25,5.32,5.15,5.2,1103000.0
2001-03-09,5.2,5.2,5.12,5.18,733000.0
2001-03-12,4.75,4.91,4.7,4.86,1331000.0
2001-03-13,4.9,4.9,4.7,4.8,773000.0
2001-03-14,4.4,4.5,4.33,4.46,747000.0
2001-03-15,4.45,4.45,4.25,4.28,1552000.0
2001-03-16,4.2,4.3,4.2,4.25,112000.0
2001-03-19,4.15,4.23,4.1,4.22,214000.0
2001-03-20,4.3,4.4,4.25,4.25,3993000.0
2001-03-21,4.0,4.19,4.0,4.15,769000.0
2001-03-22,3.95,3.95,3.75,3.81,1455000.0
2001-03-23,3.9,3.9,3.82,3.85,521000.0
2001-03-26,3.85,3.87,3.7,3.7,724000.0
2001-03-27,3.6,3.62,3.45,3.5,1640000.0
2001-03-28,3.1,3.25,3.0,3.1,5610000.0
2001-03-29,2.91,3.0,2.88,3.0,1692000.0
2001-03-30,3.06,3.14,3.06,3.13,1297000.0
2001-04-02,3.03,3.04,3.0,3.03,1692000.0
2001-04-03,2.68,2.75,2.66,2.7,3650000.0
2001-04-04,2.72,2.8,2.7,2.71,1362000.0
2001-04-05,2.9,3.11,2.9,3.11,1481000.0
2001-04-06,3.01,3.02,2.95,3.0,1292000.0
2001-04-09,3.1,3.1,3.01,3.07,812000.0
2001-04-10,3.07,3.07,3.04,3.05,205000.0
2001-04-11,3.1,3.18,3.07,3.09,2709000.0
2001-04-12,3.15,3.22,3.13,3.22,1711000.0
2001-04-16,3.35,3.65,3.35,3.54,922000.0
2001-04-17,3.3,3.35,3.26,3.27,166000.0
2001-04-18,3.2,3.3,3.11,3.28,2129000.0
2001-04-19,3.28,3.28,3.17,3.17,817000.0
2001-04-20,3.15,3.15,2.99,3.1,1257000.0
2001-04-23,3.1,3.15,3.02,3.07,342000.0
2001-04-24,3.1,3.2,3.08,3.18,487000.0
2001-04-25,3.0,3.25,3.0,3.25,1209000.0
2001-04-26,3.3,4.56,3.2,4.45,26104000.0
2001-04-27,4.5,4.85,4.38,4.38,6675000.0
2001-04-30,4.4,4.4,4.15,4.25,425000.0
2001-05-01,4.0,4.05,3.95,3.97,4368000.0
2001-05-02,3.85,4.01,3.85,4.0,702000.0
2001-05-03,4.2,4.2,4.05,4.1,2419000.0
2001-05-04,4.05,4.12,4.03,4.06,821000.0
2001-05-07,3.95,3.98,3.94,3.98,354000.0
2001-05-08,4.08,4.08,3.94,3.98,1744000.0
2001-05-09,3.95,3.95,3.92,3.92,15000.0
2001-05-10,3.92,4.0,3.84,3.88,812000.0
2001-05-11,3.8,3.8,3.68,3.68,852000.0
2001-05-14,3.6,3.65,3.54,3.57,654000.0
2001-05-15,3.58,3.7,3.55,3.7,622000.0
2001-05-16,3.8,3.8,3.5,3.55,4148000.0
2001-05-17,3.66,3.66,3.54,3.55,1076000.0
2001-05-18,3.68,3.75,3.66,3.69,430000.0
2001-05-21,3.66,3.72,3.61,3.68,1301000.0
2001-05-22,3.7,3.76,3.61,3.67,1534000.0
2001-05-23,3.65,3.65,3.55,3.56,580000.0
2001-05-24,3.58,3.6,3.5,3.55,320000.0
2001-05-25,3.6,3.68,3.6,3.6,381000.0
2001-05-29,3.55,3.55,3.48,3.5,1388000.0
2001-05-30,3.26,3.3,3.23,3.24,455000.0
2001-05-31,3.3,3.3,3.15,3.22,1661000.0
2001-06-01,3.29,3.29,3.2,3.22,680000.0
2001-06-04,3.22,3.23,3.17,3.17,844000.0
2001-06-05,3.05,3.05,3.03,3.04,530000.0
2001-06-06,3.08,3.14,3.05,3.05,3466000.0
2001-06-07,3.13,3.13,3.0,3.04,2903000.0
2001-06-08,3.13,3.26,3.11,3.26,1569000.0
2001-06-11,3.28,3.28,3.12,3.15,3101000.0
2001-06-12,3.15,3.15,2.98,3.05,3308000.0
2001-06-13,3.06,3.1,3.02,3.09,222000.0
2001-06-14,3.22,3.26,3.2,3.21,825000.0
2001-06-15,3.15,3.15,3.12,3.14,266000.0
2001-06-18,2.9,2.98,2.9,2.95,342000.0
2001-06-19,2.9,2.92,2.9,2.91,324000.0
2001-06-20,2.87,2.9,2.82,2.85,422000.0
2001-06-21,2.89,2.89,2.72,2.78,464000.0
2001-06-22,2.85,3.05,2.8,3.01,1248000.0
2001-06-25,2.85,2.86,2.7,2.79,345000.0
2001-06-26,2.75,2.82,2.75,2.75,1627000.0
2001-06-27,2.77,2.79,2.73,2.75,521000.0
2001-06-28,2.76,2.93,2.75,2.9,1252000.0
2001-06-29,2.91,2.91,2.8,2.8,1908000.0
2001-07-02,2.85,2.9,2.53,2.64,2629000.0
2001-07-03,2.7,2.8,2.68,2.71,1234000.0
2001-07-05,2.65,2.65,2.55,2.6,1530000.0
2001-07-06,2.25,2.28,1.98,2.0,6125000.0
2001-07-09,2.05,2.16,2.05,2.09,3136000.0
2001-07-10,2.08,2.17,2.04,2.07,1763000.0
2001-07-11,1.97,1.97,1.85,1.9,4280000.0
2001-07-12,1.95,1.95,1.9,1.9,4993000.0
2001-07-13,1.85,1.88,1.8,1.81,1044000.0
2001-07-16,1.81,1.81,1.77,1.79,333000.0
2001-07-17,1.49,1.79,1.47,1.75,19393000.0
2001-07-18,1.6,1.6,1.48,1.56,2559000.0
2001-07-19,1.56,1.67,1.56,1.63,5230000.0
2001-07-20,1.64,1.83,1.64,1.8,3621000.0
2001-07-23,1.5,1.6,1.2,1.55,4540000.0
2001-07-24,1.7,1.79,1.7,1.73,1534000.0
2001-07-25,1.5,1.58,1.5,1.58,702000.0
2001-07-26,1.58,1.58,1.55,1.58,1476000.0
2001-07-27,1.58,1.58,1.5,1.51,539000.0
2001-07-30,1.6,1.68,1.6,1.6,1156000.0
2001-07-31,1.6,1.9,1.6,1.9,4360000.0
2001-08-01,1.9,1.91,1.85,1.9,4246000.0
2001-08-02,1.87,1.87,1.75,1.75,971000.0
2001-08-03,1.79,1.79,1.74,1.75,289000.0
2001-08-06,1.65,1.65,1.4,1.47,3660000.0
2001-08-07,1.45,1.5,1.38,1.5,2384000.0
2001-08-08,0.83,0.89,0.82,0.87,3273000.0
2001-08-09,0.9,0.9,0.82,0.85,5477000.0
2001-08-10,0.85,0.86,0.81,0.84,3286000.0
2001-08-13,0.82,0.85,0.81,0.82,2031000.0
2001-08-14,0.79,0.81,0.79,0.79,2259000.0
2001-08-15,0.8,0.8,0.77,0.77,957000.0
2001-08-16,0.77,0.83,0.77,0.82,588000.0
2001-08-17,0.81,0.83,0.8,0.81,1117000.0
2001-08-20,0.8,0.81,0.79,0.81,1393000.0
2001-08-21,0.8,0.84,0.8,0.83,200000.0
2001-08-22,0.83,0.9,0.83,0.84,2871000.0
2001-08-23,0.86,0.87,0.85,0.87,1966000.0
2001-08-24,0.9,1.0,0.89,0.96,3506000.0
2001-08-27,0.98,1.0,0.97,0.98,966000.0
2001-08-28,0.97,0.97,0.93,0.95,1033000.0
2001-08-29,0.95,0.95,0.91,0.92,680000.0
2001-08-30,0.9,0.92,0.84,0.85,2968000.0
2001-08-31,0.83,0.91,0.83,0.9,566000.0
2001-09-04,0.89,0.89,0.83,0.83,552000.0
2001-09-05,0.82,0.85,0.82,0.85,786000.0
2001-09-06,0.86,0.91,0.86,0.89,1842000.0
2001-09-07,0.88,0.89,0.84,0.85,2059000.0
2001-09-10,0.85,0.85,0.84,0.85,547000.0
2001-09-17,0.6,0.75,0.59,0.71,1652000.0
2001-09-18,0.75,0.75,0.7,0.71,1248000.0
2001-09-19,0.71,0.72,0.65,0.68,4165000.0
2001-09-20,0.68,0.68,0.64,0.65,3629000.0
2001-09-21,0.65,0.68,0.62,0.65,593000.0
2001-09-24,0.75,0.77,0.66,0.7,593000.0
2001-09-25,0.7,0.7,0.66,0.69,425000.0
2001-09-26,0.79,0.79,0.67,0.69,324000.0
2001-09-27,0.66,0.73,0.66,0.68,469000.0
2001-09-28,0.68,0.77,0.66,0.77,2449000.0
2001-10-01,0.75,0.76,0.72,0.74,1292000.0
2001-10-02,0.74,0.76,0.71,0.73,266000.0
2001-10-03,0.75,0.75,0.7,0.71,632000.0
2001-10-04,7.25,7.25,6.7,7.02,4061000.0
2001-10-05,6.7,7.0,6.5,6.81,220700.0
2001-10-08,6.9,7.15,6.81,6.95,98900.0
2001-10-09,7.0,7.02,6.95,7.0,48200.0
2001-10-10,7.9,8.36,7.9,8.25,669600.0
2001-10-11,9.02,9.5,9.02,9.5,254600.0
2001-10-12,9.45,9.45,8.85,9.09,437300.0
2001-10-15,9.09,9.15,8.91,9.15,77300.0
2001-10-16,9.25,9.8,9.15,9.8,75100.0
2001-10-17,10.2,10.2,9.99,10.07,361100.0
2001-10-18,10.0,10.0,9.3,9.5,128800.0
2001-10-19,9.45,9.45,9.19,9.25,95700.0
2001-10-22,9.75,10.45,9.75,10.45,498000.0
2001-10-23,11.3,11.5,11.1,11.4,158200.0
2001-10-24,11.3,11.3,11.01,11.1,128800.0
2001-10-25,11.0,11.24,11.0,11.05,172400.0
2001-10-26,11.5,11.75,11.5,11.5,426200.0
2001-10-29,11.55,12.0,11.52,11.8,182800.0
2001-10-30,11.6,12.15,11.6,12.05,491800.0
2001-10-31,12.45,12.6,12.1,12.6,229100.0
2001-11-01,12.8,13.3,12.75,13.27,497500.0
2001-11-02,15.0,15.25,14.94,15.0,462800.0
2001-11-05,14.55,15.0,14.2,14.3,271800.0
2001-11-06,14.2,15.0,14.03,15.0,369500.0
2001-11-07,14.5,14.5,13.5,13.5,575400.0
2001-11-08,13.87,14.2,13.87,14.15,128800.0
2001-11-09,13.5,13.63,13.2,13.63,189100.0
2001-11-12,13.4,14.75,13.25,14.7,305300.0
2001-11-13,14.8,15.75,14.8,15.48,629200.0
2001-11-14,15.4,15.7,15.25,15.25,300400.0
2001-11-15,15.35,15.5,15.35,15.49,428000.0
2001-11-16,15.55,15.55,15.2,15.4,500700.0
2001-11-19,16.25,16.45,16.25,16.4,455800.0
2001-11-20,16.55,16.56,16.31,16.56,333000.0
2001-11-21,16.35,16.35,15.82,15.82,631800.0
2001-11-23,15.85,15.85,15.73,15.77,42200.0
2001-11-26,16.02,16.5,16.02,16.5,196600.0
2001-11-27,15.8,16.27,15.8,16.15,274100.0
2001-11-28,15.12,15.15,14.7,14.7,575400.0
2001-11-29,14.6,15.0,14.15,14.95,855400.0
2001-11-30,15.2,15.5,15.12,15.5,138800.0
2001-12-03,15.5,15.5,15.05,15.05,42500.0
2001-12-04,15.05,15.1,15.0,15.09,86500.0
2001-12-05,16.35,16.6,16.35,16.57,534100.0
2001-12-06,19.0,19.1,18.75,18.84,617200.0
2001-12-07,18.59,18.85,18.27,18.71,163600.0
2001-12-10,18.8,18.8,18.4,18.4,78900.0
2001-12-11,18.5,18.5,18.25,18.25,172900.0
2001-12-12,18.5,18.5,18.2,18.38,131400.0
2001-12-13,18.53,18.75,18.45,18.5,246300.0
2001-12-14,18.35,18.49,18.2,18.42,51400.0
2001-12-17,18.3,18.5,18.27,18.45,197400.0
2001-12-18,18.45,18.5,18.36,18.5,330800.0
2001-12-19,18.5,18.6,18.31,18.31,169700.0
2001-12-20,18.2,18.26,18.15,18.15,82100.0
2001-12-21,18.22,18.5,18.22,18.41,682000.0
2001-12-24,18.6,18.65,18.5,18.51,86200.0
2001-12-26,19.0,19.85,19.0,19.8,119200.0
2001-12-27,20.55,21.2,20.5,20.5,681100.0
2001-12-28,20.52,20.65,20.3,20.3,299100.0
2001-12-31,20.52,20.54,20.45,20.53,169700.0
2002-01-02,20.52,20.75,20.52,20.74,234800.0
2002-01-03,20.8,21.0,20.75,20.79,346600.0
2002-01-04,20.85,20.85,20.74,20.85,178100.0
2002-01-07,22.02,22.5,22.01,22.26,601400.0
2002-01-08,22.2,22.4,22.16,22.26,431600.0
2002-01-09,20.65,20.69,20.3,20.51,477700.0
2002-01-10,19.5,19.7,19.19,19.47,448300.0
2002-01-11,19.35,19.49,19.1,19.1,222600.0
2002-01-14,19.35,19.75,19.35,19.51,113300.0
2002-01-15,19.25,19.39,19.15,19.15,162700.0
2002-01-16,18.6,18.6,18.14,18.15,254100.0
2002-01-17,18.5,18.82,18.5,18.82,129200.0
2002-01-18,19.0,19.15,18.9,18.9,42500.0
2002-01-22,18.7,18.82,18.52,18.8,109400.0
2002-01-23,18.95,18.95,18.7,18.71,11700.0
2002-01-24,18.9,19.2,18.8,18.8,457500.0
2002-01-25,18.8,18.8,17.96,17.98,108100.0
2002-01-28,18.5,18.6,18.31,18.4,211900.0
2002-01-29,18.5,18.65,18.42,18.5,241400.0
2002-01-30,18.5,18.6,18.5,18.5,60900.0
2002-01-31,19.5,20.31,19.48,20.22,650300.0
2002-02-01,20.2,20.26,20.1,20.11,211100.0
2002-02-04,19.5,19.5,19.15,19.25,211900.0
2002-02-05,18.3,18.48,18.15,18.4,245800.0
2002-02-06,17.3,17.35,17.22,17.22,187400.0
2002-02-07,16.7,16.7,16.0,16.04,73300.0
2002-02-08,16.4,16.4,15.3,15.7,404300.0
2002-02-11,15.85,16.31,15.85,16.31,81200.0
2002-02-12,16.21,16.21,15.9,16.11,312600.0
2002-02-13,16.5,16.58,16.5,16.58,64000.0
2002-02-14,17.3,17.48,17.27,17.43,241100.0
2002-02-15,17.07,17.07,16.55,16.6,345300.0
2002-02-19,16.0,16.08,15.9,15.91,192900.0
2002-02-20,15.8,16.0,15.8,16.0,156400.0
2002-02-21,16.0,16.18,16.0,16.1,38100.0
2002-02-22,16.11,16.17,16.0,16.17,45500.0
2002-02-25,16.08,16.1,16.0,16.1,67200.0
2002-02-26,15.95,15.95,15.45,15.6,174100.0
2002-02-27,15.6,15.95,15.6,15.9,155700.0
2002-02-28,15.75,15.8,15.69,15.75,324100.0
2002-03-01,16.65,16.9,16.6,16.9,509000.0
2002-03-04,17.15,17.47,17.15,17.47,276700.0
2002-03-05,17.3,17.3,17.0,17.0,39000.0
2002-03-06,16.98,17.35,16.98,17.35,149900.0
2002-03-07,17.63,17.75,17.63,17.66,148900.0
2002-03-08,17.7,17.9,17.7,17.78,497000.0
2002-03-11,17.15,17.22,16.94,16.96,505900.0
2002-03-12,15.97,15.97,15.66,15.75,418300.0
2002-03-13,14.5,14.8,14.45,14.5,111200.0
2002-03-14,14.4,14.4,14.22,14.39,34900.0
2002-03-15,14.49,14.98,14.49,14.98,27900.0
2002-03-18,14.55,14.7,14.47,14.7,88200.0
2002-03-19,14.32,14.38,14.2,14.25,89100.0
2002-03-20,14.4,14.63,14.4,14.55,99200.0
2002-03-21,14.95,15.4,14.95,15.4,80400.0
2002-03-22,15.46,15.7,15.37,15.65,116900.0
2002-03-25,16.65,16.7,16.51,16.51,155700.0
2002-03-26,16.39,16.39,16.15,16.15,210600.0
2002-03-27,16.28,16.28,15.9,15.9,606800.0
2002-03-28,16.2,16.25,16.02,16.25,83500.0
2002-04-01,15.95,15.95,15.85,15.89,100200.0
2002-04-02,16.1,16.35,16.1,16.2,66300.0
2002-04-03,16.12,16.2,16.06,16.1,104400.0
2002-04-04,16.25,16.48,16.25,16.3,32900.0
2002-04-05,16.75,16.8,16.71,16.71,83500.0
2002-04-08,16.3,16.4,16.25,16.4,10700.0
2002-04-09,16.53,16.8,16.53,16.75,21800.0
2002-04-10,17.05,17.2,17.05,17.09,83900.0
2002-04-11,17.7,18.02,17.7,17.91,206700.0
2002-04-12,17.9,18.1,17.9,17.9,331100.0
2002-04-15,18.0,18.27,18.0,18.25,280600.0
2002-04-16,18.0,18.05,17.92,17.92,76000.0
2002-04-17,17.8,18.0,17.8,17.99,69300.0
2002-04-18,18.0,18.0,17.81,17.93,78100.0
2002-04-19,17.75,17.8,17.71,17.8,146400.0
2002-04-22,17.25,17.27,17.05,17.05,12200.0
2002-04-23,17.02,17.05,16.92,16.92,33300.0
2002-04-24,17.02,17.25,17.02,17.25,122900.0
2002-04-25,17.0,17.0,16.75,16.8,107200.0
2002-04-26,17.05,17.25,17.05,17.14,281400.0
2002-04-29,17.14,17.14,16.97,16.98,181700.0
2002-04-30,16.9,16.98,16.9,16.98,12500.0
2002-05-01,16.8,16.81,16.6,16.61,29200.0
2002-05-02,16.2,16.22,16.1,16.11,51400.0
2002-05-03,16.02,16.02,15.91,15.98,98900.0
2002-05-06,15.85,15.95,15.75,15.89,32000.0
2002-05-07,16.0,16.11,16.0,16.02,8500.0
2002-05-08,16.58,17.0,16.58,17.0,167100.0
2002-05-09,16.98,17.05,16.95,16.95,4200.0
2002-05-10,16.65,16.65,16.65,16.65,2400.0
2002-05-13,16.4,16.45,16.31,16.32,47400.0
2002-05-14,16.2,16.3,16.2,16.27,78900.0
2002-05-15,16.2,16.2,15.96,16.05,68500.0
2002-05-16,15.75,16.18,15.75,16.11,89600.0
2002-05-17,15.25,15.3,15.1,15.14,232200.0
2002-05-20,15.0,15.0,14.72,14.75,126600.0
2002-05-21,14.8,15.06,14.8,14.97,179400.0
2002-05-22,14.65,14.65,14.4,14.48,48700.0
2002-05-23,14.65,14.65,14.55,14.56,123900.0
2002-05-24,14.61,14.83,14.57,14.83,36700.0
2002-05-28,15.0,15.2,15.0,15.18,8300.0
2002-05-29,14.85,14.88,14.72,14.8,29200.0
2002-05-30,14.25,14.4,14.25,14.4,25500.0
2002-05-31,14.45,14.5,14.3,14.3,30200.0
2002-06-03,14.05,14.15,14.05,14.1,20000.0
2002-06-04,14.35,14.35,14.29,14.3,86500.0
2002-06-05,14.27,14.27,14.25,14.25,175800.0
2002-06-06,14.35,14.35,14.25,14.25,65400.0
2002-06-07,14.0,14.0,13.8,13.86,139700.0
2002-06-10,13.75,13.75,13.6,13.61,75500.0
2002-06-11,12.9,12.9,12.8,12.8,12200.0
2002-06-12,12.8,12.8,12.5,12.54,99700.0
2002-06-13,12.54,12.54,12.29,12.33,70600.0
2002-06-14,11.7,11.7,11.55,11.64,70200.0
2002-06-17,11.35,11.35,10.97,11.08,122600.0
2002-06-18,11.4,11.58,11.4,11.51,180700.0
2002-06-19,10.8,10.8,10.74,10.79,48200.0
2002-06-20,9.8,10.35,9.79,10.35,672200.0
2002-06-21,10.0,10.3,10.0,10.3,13500.0
2002-06-24,10.0,10.1,10.0,10.09,89100.0
2002-06-25,10.75,10.88,10.69,10.88,147600.0
2002-06-26,10.08,10.25,10.06,10.25,138500.0
2002-06-27,11.0,11.75,10.82,11.7,196100.0
2002-06-28,11.1,12.2,11.1,12.2,210100.0
2002-07-01,11.7,11.88,11.7,11.8,101500.0
2002-07-02,11.4,11.5,11.32,11.32,242900.0
2002-07-03,11.25,11.3,11.1,11.3,140100.0
2002-07-05,11.5,11.96,11.5,11.96,48700.0
2002-07-08,11.1,11.25,10.65,10.98,341800.0
2002-07-09,11.01,11.01,10.7,10.8,441300.0
2002-07-10,11.05,11.4,11.05,11.12,91400.0
2002-07-11,11.65,11.85,11.65,11.85,13900.0
2002-07-12,13.7,13.7,13.42,13.52,76900.0
2002-07-15,14.25,14.25,13.75,13.78,78100.0
2002-07-16,13.72,13.85,13.6,13.79,131400.0
2002-07-17,15.0,15.8,15.0,15.8,299900.0
2002-07-18,15.88,15.88,15.2,15.2,82500.0
2002-07-19,15.2,15.35,14.72,14.72,59700.0
2002-07-22,14.62,14.62,14.4,14.4,103300.0
2002-07-23,14.8,14.8,14.57,14.61,79400.0
2002-07-24,14.4,14.4,13.45,14.36,210600.0
2002-07-25,14.25,14.25,14.1,14.1,24000.0
2002-07-26,14.12,14.16,14.1,14.11,3300.0
2002-07-29,14.35,14.75,14.27,14.75,22200.0
2002-07-30,15.0,15.0,14.86,14.95,5500.0
2002-07-31,14.85,14.87,14.7,14.7,24500.0
2002-08-01,14.85,14.95,14.65,14.75,163200.0
2002-08-02,15.6,15.6,15.25,15.25,24500.0
2002-08-05,15.18,15.26,15.18,15.24,27000.0
2002-08-06,15.08,15.43,15.08,15.43,97100.0
2002-08-07,15.35,15.38,15.35,15.38,11700.0
2002-08-08,15.5,15.5,15.32,15.38,73700.0
2002-08-09,15.45,15.45,15.22,15.22,16200.0
2002-08-12,14.97,14.97,14.92,14.93,3700.0
2002-08-13,14.86,14.86,14.76,14.76,83000.0
2002-08-14,14.7,14.8,14.6,14.8,39000.0
2002-08-15,13.95,14.4,13.65,14.4,208300.0
2002-08-16,14.15,14.72,14.1,14.65,43400.0
2002-08-19,13.8,13.85,13.68,13.73,108500.0
2002-08-20,13.32,13.45,13.2,13.24,223400.0
2002-08-21,13.15,13.25,13.07,13.25,171100.0
2002-08-22,12.85,12.86,12.85,12.86,68500.0
2002-08-23,12.78,12.79,12.66,12.7,69700.0
2002-08-26,12.63,12.75,12.6,12.75,38500.0
2002-08-27,12.75,12.75,12.72,12.72,20900.0
2002-08-28,12.75,12.75,12.73,12.73,5500.0
2002-08-29,12.77,12.92,12.77,12.8,18200.0
2002-08-30,13.0,13.48,13.0,13.25,43000.0
2002-09-03,13.26,13.26,13.1,13.1,4700.0
2002-09-04,12.7,12.8,12.68,12.75,35400.0
2002-09-05,12.76,13.15,12.76,13.0,44700.0
2002-09-06,13.1,13.1,13.0,13.0,1500.0
2002-09-09,12.95,12.95,12.88,12.9,35900.0
2002-09-10,12.35,12.35,12.15,12.16,78900.0
2002-09-11,12.24,12.6,12.24,12.6,17700.0
2002-09-12,12.65,12.66,12.6,12.64,3300.0
2002-09-13,12.7,12.7,12.55,12.64,13500.0
2002-09-16,12.6,12.6,12.4,12.48,11200.0
2002-09-17,12.58,12.58,12.49,12.49,7300.0
2002-09-18,12.4,12.4,12.1,12.2,24000.0
2002-09-19,12.1,12.1,11.9,12.0,130100.0
2002-09-20,12.0,12.09,11.96,11.96,25000.0
2002-09-23,12.0,12.1,11.85,12.05,91400.0
2002-09-24,12.0,12.18,12.0,12.02,35400.0
2002-09-25,11.92,12.09,11.92,12.05,21400.0
2002-09-26,12.08,12.11,12.0,12.11,39900.0
2002-09-27,12.11,12.11,11.4,11.5,55700.0
2002-09-30,11.4,11.75,11.25,11.75,109900.0
2002-10-01,11.8,12.26,11.8,12.26,21400.0
2002-10-02,12.22,12.22,12.05,12.06,6500.0
2002-10-03,12.0,12.1,12.0,12.1,1500.0
2002-10-04,12.05,12.1,11.9,11.9,6900.0
2002-10-07,11.9,12.0,11.9,11.98,4200.0
2002-10-08,12.1,12.3,12.1,12.17,17000.0
2002-10-09,12.5,12.67,12.5,12.66,30700.0
2002-10-10,12.79,13.6,12.79,13.6,24000.0
2002-10-11,13.6,13.74,13.42,13.42,15300.0
2002-10-14,13.25,13.25,12.8,12.99,20500.0
2002-10-15,13.55,14.2,13.55,14.18,104400.0
2002-10-16,14.19,14.19,13.9,14.1,20000.0
2002-10-17,14.6,14.76,14.3,14.65,37700.0
2002-10-18,14.75,15.35,14.75,15.19,27900.0
2002-10-21,15.45,15.45,15.25,15.45,158200.0
2002-10-22,15.95,15.95,15.4,15.6,200400.0
2002-10-23,15.2,15.2,14.91,15.19,18200.0
2002-10-24,15.3,15.45,15.2,15.45,31500.0
2002-10-25,15.6,15.75,15.43,15.75,86500.0
2002-10-28,15.85,15.85,15.78,15.8,4200.0
2002-10-29,15.7,15.7,15.6,15.7,29700.0
2002-10-30,15.35,15.4,15.02,15.4,73300.0
2002-10-31,15.05,15.35,15.05,15.34,20900.0
2002-11-01,15.4,15.4,15.34,15.4,13000.0
2002-11-04,16.4,16.6,16.35,16.36,27000.0
2002-11-05,17.7,18.0,17.4,17.5,91800.0
2002-11-06,17.7,17.7,16.86,16.99,39900.0
2002-11-07,18.75,19.23,18.75,19.09,183300.0
2002-11-08,18.5,18.95,18.2,18.95,163200.0
2002-11-11,17.75,17.75,17.59,17.63,54700.0
2002-11-12,16.45,16.75,16.45,16.61,319400.0
2002-11-13,16.61,17.4,16.61,17.39,317100.0
2002-11-14,17.39,17.39,16.75,17.0,179400.0
2002-11-15,17.1,17.65,17.1,17.55,155700.0
2002-11-18,18.45,18.45,17.7,17.8,51800.0
2002-11-19,17.2,17.2,16.63,16.69,116400.0
2002-11-20,16.89,17.22,16.89,17.2,8500.0
2002-11-21,17.98,18.4,17.86,17.87,242900.0
2002-11-22,18.0,18.8,18.0,18.56,73300.0
2002-11-25,18.26,18.26,17.89,18.0,124800.0
2002-11-26,17.9,17.9,17.7,17.7,10700.0
2002-11-27,18.36,19.0,18.36,18.58,69300.0
2002-11-29,19.25,19.25,18.96,18.97,8500.0
2002-12-02,19.65,19.75,19.4,19.53,95700.0
2002-12-03,19.0,19.0,18.65,18.69,14800.0
2002-12-04,18.6,18.73,18.49,18.73,11200.0
2002-12-05,19.4,19.4,18.92,18.92,17400.0
2002-12-06,19.17,19.2,19.04,19.06,58800.0
2002-12-09,18.38,18.4,18.0,18.14,22200.0
2002-12-10,18.05,18.28,18.05,18.28,7300.0
2002-12-11,18.28,18.28,18.09,18.09,5500.0
2002-12-12,18.14,18.62,18.14,18.62,20500.0
2002-12-13,18.5,19.45,18.48,19.39,507700.0
2002-12-16,18.8,18.8,18.52,18.63,15700.0
2002-12-17,17.75,17.75,17.2,17.2,151200.0
2002-12-18,17.25,17.29,17.2,17.2,28400.0
2002-12-19,16.3,16.34,15.94,15.94,77300.0
2002-12-20,16.05,16.15,15.8,16.15,239200.0
2002-12-23,15.43,15.94,15.42,15.91,64500.0
2002-12-24,15.05,15.3,15.05,15.2,41700.0
2002-12-26,15.2,15.36,14.75,15.0,51400.0
2002-12-27,15.05,15.22,15.05,15.2,24000.0
2002-12-30,14.5,15.0,14.5,14.94,34200.0
2002-12-31,14.94,15.5,14.94,15.5,86500.0
2003-01-02,15.15,15.37,15.15,15.36,73700.0
2003-01-03,15.61,15.64,15.5,15.64,17400.0
2003-01-06,15.2,15.2,14.95,15.1,70200.0
2003-01-07,14.5,14.6,14.43,14.49,159600.0
2003-01-08,14.28,14.69,14.28,14.6,117700.0
2003-01-09,14.7,15.15,14.67,15.13,19200.0
2003-01-10,15.05,15.05,14.35,14.88,207200.0
2003-01-13,15.0,15.11,15.0,15.11,7800.0
2003-01-14,15.0,15.11,14.66,14.85,132700.0
2003-01-15,14.85,15.04,14.84,15.02,21800.0
2003-01-16,15.1,16.0,15.1,15.5,560500.0
2003-01-17,15.1,15.5,15.1,15.41,284600.0
2003-01-21,15.9,15.9,15.8,15.8,6500.0
2003-01-22,16.05,16.05,15.5,15.65,123400.0
2003-01-23,16.1,16.37,16.1,16.37,50500.0
2003-01-24,16.2,16.2,16.03,16.05,209300.0
2003-01-27,17.05,17.05,16.6,16.6,23200.0
2003-01-28,16.5,16.5,16.3,16.3,13900.0
2003-01-29,16.2,16.25,16.0,16.25,40800.0
2003-01-30,16.5,16.9,16.5,16.56,55700.0
2003-01-31,16.75,16.75,16.5,16.62,11700.0
2003-02-03,16.62,16.62,16.62,16.62,0.0
2003-02-04,16.62,17.0,16.62,16.77,41700.0
2003-02-05,16.5,16.5,16.27,16.27,9400.0
2003-02-06,16.25,16.25,16.03,16.03,27900.0
2003-02-07,16.04,16.21,16.04,16.21,37700.0
2003-02-10,16.27,16.27,16.19,16.19,12500.0
2003-02-11,16.16,16.16,16.03,16.06,17400.0
2003-02-12,16.06,16.06,16.06,16.06,7300.0
2003-02-13,16.0,16.05,15.99,15.99,14400.0
2003-02-14,16.05,16.25,16.05,16.25,40800.0
2003-02-18,16.39,17.08,16.39,17.05,13500.0
2003-02-19,17.0,17.0,16.48,16.48,27500.0
2003-02-20,16.4,16.6,16.35,16.38,43700.0
2003-02-21,16.64,16.75,16.5,16.5,16600.0
2003-02-24,16.35,16.35,15.9,16.0,508100.0
2003-02-25,15.75,15.92,15.75,15.89,36700.0
2003-02-26,16.2,16.35,16.2,16.35,18200.0
2003-02-27,16.45,16.48,16.44,16.44,8300.0
2003-02-28,16.75,16.76,16.1,16.4,90400.0
2003-03-03,14.5,14.6,14.2,14.39,448300.0
2003-03-04,14.49,14.85,14.45,14.85,123900.0
2003-03-05,14.95,14.95,14.62,14.8,119500.0
2003-03-06,14.66,14.7,14.11,14.4,92700.0
2003-03-07,14.5,14.6,14.35,14.58,32900.0
2003-03-10,14.8,14.85,14.49,14.49,45100.0
2003-03-11,14.25,14.38,14.1,14.17,27500.0
2003-03-12,14.2,14.2,14.05,14.06,4200.0
2003-03-13,14.03,14.3,13.96,14.26,116000.0
2003-03-14,13.9,13.94,13.4,13.47,389300.0
2003-03-17,11.5,13.25,11.35,12.29,3385800.0
2003-03-18,12.35,13.1,12.25,12.63,1348700.0
2003-03-19,11.5,11.95,11.15,11.55,1350900.0
2003-03-20,11.5,11.93,11.4,11.9,1098800.0
2003-03-21,11.8,12.05,11.55,11.55,1416400.0
2003-03-24,11.2,11.4,10.75,10.89,473000.0
2003-03-25,11.2,12.4,11.2,11.98,1182300.0
2003-03-26,11.8,11.88,11.58,11.73,244000.0
2003-03-27,11.8,12.1,11.8,12.02,68500.0
2003-03-28,12.4,12.8,12.39,12.7,722900.0
2003-03-31,12.6,12.64,12.24,12.5,127500.0
2003-04-01,12.86,13.24,12.85,13.15,341300.0
2003-04-02,13.4,13.65,13.35,13.43,86900.0
2003-04-03,13.9,14.05,13.73,14.0,659900.0
2003-04-04,14.4,14.5,14.2,14.25,225900.0
2003-04-07,14.35,14.4,14.2,14.25,407400.0
2003-04-08,14.1,14.18,14.0,14.11,133100.0
2003-04-09,14.21,14.4,14.21,14.31,200900.0
2003-04-10,14.1,14.1,13.95,13.96,323300.0
2003-04-11,13.8,13.8,13.39,13.4,182400.0
2003-04-14,14.1,14.39,14.05,14.39,52100.0
2003-04-15,14.45,14.45,14.05,14.18,42200.0
2003-04-16,14.46,14.5,14.45,14.45,11700.0
2003-04-17,14.35,14.49,14.35,14.45,176300.0
2003-04-21,14.6,14.68,14.52,14.61,20900.0
2003-04-22,14.5,14.5,14.2,14.43,62200.0
2003-04-23,14.4,14.42,14.25,14.35,124800.0
2003-04-24,13.9,13.95,13.63,13.68,47700.0
2003-04-25,14.05,14.45,14.05,14.25,62700.0
2003-04-28,14.35,14.9,14.35,14.5,231800.0
2003-04-29,14.7,14.98,14.63,14.75,70200.0
2003-04-30,14.85,15.01,14.75,14.95,259100.0
2003-05-01,15.0,15.0,14.9,14.9,11200.0
2003-05-02,15.0,15.03,14.91,14.95,75100.0
2003-05-05,15.04,15.1,15.0,15.0,163200.0
2003-05-06,15.0,15.0,14.5,14.69,596700.0
2003-05-07,14.71,14.85,14.71,14.81,72400.0
2003-05-08,14.82,14.82,14.68,14.69,49500.0
2003-05-09,14.71,14.76,14.48,14.51,86900.0
2003-05-12,14.46,14.5,14.41,14.5,96600.0
2003-05-13,14.35,14.35,14.14,14.2,653700.0
2003-05-14,14.07,14.1,14.0,14.0,175400.0
2003-05-15,13.9,13.9,13.68,13.69,228200.0
2003-05-16,13.7,13.79,13.64,13.7,347000.0
2003-05-19,13.79,13.91,13.68,13.69,531400.0
2003-05-20,13.9,14.2,13.9,14.13,225500.0
2003-05-21,14.08,14.13,14.03,14.1,51800.0
2003-05-22,14.07,14.2,14.05,14.2,186400.0
2003-05-23,14.37,14.9,14.37,14.81,166600.0
2003-05-27,15.0,15.12,14.98,14.99,250300.0
2003-05-28,15.8,15.8,15.55,15.75,651500.0
2003-05-29,15.8,15.95,15.8,15.95,267400.0
2003-05-30,16.25,16.25,16.16,16.18,410000.0
2003-06-02,16.75,17.36,16.75,17.0,339100.0
2003-06-03,16.7,16.73,16.59,16.63,113300.0
2003-06-04,16.55,16.72,16.39,16.4,167900.0
2003-06-05,16.2,16.2,15.9,15.95,63200.0
2003-06-06,16.0,16.11,15.48,15.5,363400.0
2003-06-09,15.3,15.4,15.25,15.25,149400.0
2003-06-10,15.31,15.31,15.12,15.13,56600.0
2003-06-11,15.25,15.39,15.2,15.39,98900.0
2003-06-12,15.35,15.39,15.31,15.31,74200.0
2003-06-13,15.25,15.6,15.25,15.32,366000.0
2003-06-16,16.05,16.2,15.99,16.19,138500.0
2003-06-17,16.45,16.45,16.3,16.4,44200.0
2003-06-18,16.25,16.25,16.21,16.22,20900.0
2003-06-19,16.01,16.04,15.92,16.04,410300.0
2003-06-20,15.95,16.0,15.9,16.0,16200.0
2003-06-23,16.0,16.0,15.75,15.75,1041900.0
2003-06-24,15.75,15.86,15.75,15.8,95700.0
2003-06-25,16.0,16.2,15.99,16.0,375600.0
2003-06-26,16.2,16.2,16.1,16.14,20500.0
2003-06-27,16.4,16.5,16.4,16.48,72900.0
2003-06-30,16.53,17.0,16.5,16.9,628700.0
2003-07-01,16.92,17.0,16.85,17.0,773000.0
2003-07-02,17.1,17.1,16.95,16.99,553500.0
2003-07-03,16.96,17.0,16.95,17.0,1310000.0
2003-07-07,16.0,16.09,15.9,15.96,754700.0
2003-07-08,15.95,15.95,15.8,15.89,54400.0
2003-07-09,15.4,15.45,15.24,15.25,441800.0
2003-07-10,15.24,15.25,15.17,15.25,320300.0
2003-07-11,15.25,15.38,15.2,15.25,246700.0
2003-07-14,15.6,15.87,15.6,15.75,451300.0
2003-07-15,15.8,15.99,15.75,15.99,167400.0
2003-07-16,15.8,15.89,15.79,15.85,1588500.0
2003-07-17,15.85,16.1,15.85,16.01,1466300.0
2003-07-18,16.05,16.17,16.0,16.17,457100.0
2003-07-21,16.17,16.2,16.07,16.2,1235600.0
2003-07-22,16.1,16.12,16.0,16.05,1070000.0
2003-07-23,16.15,16.15,15.52,15.72,835900.0
2003-07-24,15.72,16.02,15.72,15.88,24500.0
2003-07-25,16.05,16.36,16.05,16.35,20000.0
2003-07-28,16.5,16.63,16.22,16.32,58400.0
2003-07-29,16.32,16.4,16.2,16.25,70600.0
2003-07-30,16.15,16.25,16.1,16.25,48700.0
2003-07-31,16.2,16.25,15.95,15.95,95200.0
2003-08-01,16.1,16.23,16.1,16.15,34900.0
2003-08-04,16.5,16.75,16.4,16.7,180700.0
2003-08-05,16.9,17.4,16.9,17.3,199600.0
2003-08-06,16.98,16.98,16.69,16.71,93700.0
2003-08-07,17.25,17.4,17.15,17.2,83900.0
2003-08-08,17.5,17.61,17.35,17.49,52100.0
2003-08-11,18.0,18.4,18.0,18.39,216900.0
2003-08-12,18.15,18.33,18.15,18.32,91800.0
2003-08-13,18.4,18.4,18.0,18.04,204400.0
2003-08-14,18.1,18.15,17.85,18.05,266600.0
2003-08-15,18.05,18.5,18.05,18.5,28400.0
2003-08-18,18.42,18.42,17.65,17.85,215100.0
2003-08-19,17.85,18.2,17.85,18.2,41700.0
2003-08-20,18.2,18.2,17.85,18.1,97100.0
2003-08-21,18.1,18.33,18.1,18.19,50500.0
2003-08-22,18.5,18.6,18.3,18.3,117700.0
2003-08-25,18.45,18.45,18.3,18.3,20500.0
2003-08-26,18.26,18.65,18.26,18.6,401600.0
2003-08-27,18.7,18.75,18.35,18.35,157800.0
2003-08-28,18.4,18.4,17.9,18.19,212900.0
2003-08-29,18.0,18.1,17.81,18.1,247100.0
2003-09-02,18.0,18.08,17.83,18.04,83900.0
2003-09-03,18.05,18.05,17.99,18.0,171900.0
2003-09-04,17.5,17.5,17.1,17.16,1322200.0
2003-09-05,17.16,17.25,17.0,17.2,126200.0
2003-09-08,16.8,16.9,16.65,16.7,162700.0
2003-09-09,16.6,17.2,16.6,17.05,589200.0
2003-09-10,16.85,16.85,16.5,16.56,246300.0
2003-09-11,16.8,17.08,16.8,17.0,1497400.0
2003-09-12,17.45,17.53,17.39,17.51,91800.0
2003-09-15,17.58,17.58,17.46,17.55,188200.0
2003-09-16,17.85,17.87,17.75,17.77,192600.0
2003-09-17,17.9,17.9,17.55,17.56,757200.0
2003-09-18,17.75,18.1,17.75,18.1,202200.0
2003-09-19,18.55,18.78,18.5,18.5,214600.0
2003-09-22,19.25,19.25,18.75,18.75,498800.0
2003-09-23,18.75,18.98,18.75,18.92,188700.0
2003-09-24,18.66,18.67,18.38,18.43,291600.0
2003-09-25,18.38,18.43,18.1,18.2,240100.0
2003-09-26,18.1,18.15,17.85,17.9,282400.0
2003-09-29,17.55,17.55,17.25,17.5,552200.0
2003-09-30,17.25,17.3,17.1,17.3,340800.0
2003-10-01,17.25,17.5,17.25,17.5,273100.0
2003-10-02,17.7,17.8,17.65,17.8,150300.0
2003-10-03,18.1,18.34,18.1,18.3,153900.0
2003-10-06,20.73,20.75,20.4,20.7,603200.0
2003-10-07,20.73,21.26,20.55,21.21,562300.0
2003-10-08,20.75,20.85,20.55,20.7,632700.0
2003-10-09,20.0,20.22,20.0,20.22,280100.0
2003-10-10,19.83,19.84,19.55,19.75,456200.0
2003-10-13,19.05,19.05,18.65,18.8,1439400.0
2003-10-14,18.7,19.03,18.69,19.0,190800.0
2003-10-15,19.1,19.1,18.92,18.99,91400.0
2003-10-16,19.2,19.53,19.2,19.39,70200.0
2003-10-17,19.35,19.68,19.35,19.61,93200.0
2003-10-20,19.47,19.48,19.3,19.35,229600.0
2003-10-21,19.5,19.5,19.05,19.09,283300.0
2003-10-22,18.85,19.0,18.83,19.0,232200.0
2003-10-23,18.3,18.4,18.27,18.38,113700.0
2003-10-24,18.5,18.6,18.31,18.5,189100.0
2003-10-27,17.65,18.4,17.58,17.7,357100.0
2003-10-28,17.8,18.12,17.8,17.9,1101500.0
2003-10-29,18.05,18.05,17.85,17.89,756700.0
2003-10-30,18.45,18.85,18.45,18.7,151200.0
2003-10-31,19.0,19.22,18.96,19.0,174400.0
2003-11-03,19.4,20.0,19.4,19.95,713600.0
2003-11-04,20.4,20.5,20.39,20.49,798900.0
2003-11-05,20.75,20.8,20.0,20.0,824900.0
2003-11-06,19.73,19.73,19.4,19.71,126200.0
2003-11-07,19.45,19.99,19.4,19.93,539300.0
2003-11-10,19.75,19.76,19.4,19.57,112500.0
2003-11-11,19.3,19.48,19.25,19.45,197000.0
2003-11-12,19.7,20.0,19.69,19.93,273600.0
2003-11-13,21.05,21.34,21.0,21.25,513400.0
2003-11-14,21.3,21.3,21.05,21.05,313100.0
2003-11-17,20.89,20.89,20.7,20.71,158700.0
2003-11-18,20.8,21.07,20.8,20.95,420500.0
2003-11-19,20.55,20.66,20.49,20.49,164800.0
2003-11-20,18.9,19.74,18.9,19.5,729400.0
2003-11-21,19.65,19.9,19.65,19.9,192600.0
2003-11-24,19.9,20.14,19.85,20.1,105400.0
2003-11-25,20.2,20.25,20.08,20.25,1127300.0
2003-11-26,20.25,20.5,20.21,20.5,203600.0
2003-11-28,20.55,20.55,20.43,20.46,97900.0
2003-12-01,21.15,21.35,21.14,21.32,182100.0
2003-12-02,21.4,21.4,21.25,21.29,399300.0
2003-12-03,21.5,21.56,21.41,21.47,126200.0
2003-12-04,20.8,20.81,20.6,20.8,109000.0
2003-12-05,20.65,20.95,20.62,20.91,65400.0
2003-12-08,21.6,21.6,21.44,21.45,66700.0
2003-12-09,21.3,21.3,21.15,21.17,45100.0
2003-12-10,21.07,21.1,21.03,21.03,35900.0
2003-12-11,21.04,21.4,21.04,21.4,71500.0
2003-12-12,21.5,21.51,21.3,21.4,90000.0
2003-12-15,21.5,21.69,21.4,21.47,147600.0
2003-12-16,21.47,21.59,21.4,21.56,51400.0
2003-12-17,21.6,21.69,21.55,21.65,60900.0
2003-12-18,22.5,22.85,22.39,22.85,292600.0
2003-12-19,24.0,24.0,23.65,23.72,204400.0
2003-12-22,25.9,26.0,25.15,25.61,1714500.0
2003-12-23,25.85,25.85,25.4,25.65,300400.0
2003-12-24,25.6,26.03,25.5,25.7,451000.0
2003-12-26,25.4,25.41,25.1,25.11,80700.0
2003-12-29,25.23,25.3,25.0,25.2,137700.0
2003-12-30,24.8,25.1,24.8,25.1,159600.0
2003-12-31,25.2,26.55,25.2,26.55,285900.0
2004-01-02,26.4,26.4,26.0,26.17,407400.0
2004-01-05,27.9,29.7,27.87,29.65,599600.0
2004-01-06,27.9,28.3,27.3,27.3,819300.0
2004-01-07,26.85,27.46,26.5,27.15,2225300.0
2004-01-08,27.35,27.4,27.05,27.17,328100.0
2004-01-09,28.25,29.1,28.1,28.75,379600.0
2004-01-12,28.95,28.95,28.32,28.35,255100.0
2004-01-13,26.92,27.85,26.92,27.35,1559100.0
2004-01-14,26.8,26.95,26.4,26.6,244000.0
2004-01-15,26.6,27.35,26.5,27.16,252400.0
2004-01-16,25.9,26.57,25.5,26.52,578500.0
2004-01-20,26.3,26.7,26.3,26.57,192600.0
2004-01-21,27.1,27.1,26.6,26.62,1172600.0
2004-01-22,26.3,26.9,26.0,26.0,222600.0
2004-01-23,26.0,26.34,25.4,25.5,1015100.0
2004-01-26,26.3,26.43,26.15,26.43,404800.0
2004-01-27,26.18,26.45,25.8,25.8,549500.0
2004-01-28,25.95,25.95,24.69,24.69,439500.0
2004-01-29,24.85,25.22,24.75,24.95,339500.0
2004-01-30,24.95,25.32,24.6,24.76,150700.0
2004-02-02,24.8,25.07,24.5,24.8,134900.0
2004-02-03,24.95,24.95,24.56,24.72,131800.0
2004-02-04,24.8,25.25,24.8,25.05,190000.0
2004-02-05,25.0,25.15,24.71,24.86,132700.0
2004-02-06,24.95,25.5,24.95,25.38,151200.0
2004-02-09,25.5,26.17,25.5,26.1,452200.0
2004-02-10,26.2,26.28,26.1,26.16,249900.0
2004-02-11,26.85,27.39,26.73,27.29,232700.0
2004-02-12,28.29,28.71,28.0,28.24,527500.0
2004-02-13,28.6,29.42,28.55,29.05,972300.0
2004-02-17,30.75,30.75,30.5,30.5,228600.0
2004-02-18,33.0,33.5,32.5,32.65,1221200.0
2004-02-19,31.7,31.7,31.3,31.47,767400.0
2004-02-20,30.8,31.03,30.6,30.96,354600.0
2004-02-23,30.5,30.5,29.25,29.4,397300.0
2004-02-24,29.5,29.7,29.15,29.65,336600.0
2004-02-25,30.5,31.0,30.34,31.0,714900.0
2004-02-26,30.75,30.92,30.29,30.75,259100.0
2004-02-27,30.8,30.98,30.7,30.83,86900.0
2004-03-01,30.8,31.5,30.79,31.5,574100.0
2004-03-02,31.75,32.05,31.65,31.7,221200.0
2004-03-03,32.0,32.05,31.75,31.77,432900.0
2004-03-04,31.75,31.94,31.63,31.85,176700.0
2004-03-05,32.0,32.07,31.95,32.0,227300.0
2004-03-08,32.37,32.37,32.2,32.22,1256300.0
2004-03-09,32.25,32.4,32.1,32.11,1145500.0
2004-03-10,32.2,32.41,31.62,31.67,281900.0
2004-03-11,31.0,31.01,30.5,30.7,354600.0
2004-03-12,30.6,31.5,30.6,31.46,145100.0
2004-03-15,31.7,31.7,30.95,30.95,112500.0
2004-03-16,31.05,31.37,30.88,31.1,84400.0
2004-03-17,31.25,31.41,31.11,31.2,149900.0
2004-03-18,31.4,31.85,31.2,31.25,554800.0
2004-03-19,32.5,32.75,32.32,32.48,336900.0
2004-03-22,32.85,32.9,32.5,32.5,905900.0
2004-03-23,32.85,32.98,32.52,32.52,104400.0
2004-03-24,33.0,33.07,32.65,32.9,902800.0
2004-03-25,34.0,34.0,33.6,33.7,539300.0
2004-03-26,35.9,36.11,35.8,35.97,1302400.0
2004-03-29,36.5,36.53,35.14,35.2,445600.0
2004-03-30,34.75,35.7,34.75,35.35,1297200.0
2004-03-31,35.9,37.1,35.75,35.75,1583300.0
2004-04-01,36.1,36.8,35.95,36.4,938500.0
2004-04-02,36.95,37.15,36.73,37.0,939300.0
2004-04-05,37.12,37.45,36.5,36.66,1148900.0
2004-04-06,36.5,36.5,35.8,35.92,359300.0
2004-04-07,35.4,35.5,34.45,35.15,582900.0
2004-04-08,34.6,34.82,34.24,34.4,349300.0
2004-04-12,33.5,33.73,32.85,33.6,482200.0
2004-04-13,32.9,32.95,31.89,32.0,1561800.0
2004-04-14,31.2,31.9,31.2,31.65,1063500.0
2004-04-15,31.15,31.9,30.37,30.8,2008800.0
2004-04-16,31.5,33.03,31.5,32.95,1439400.0
2004-04-19,33.8,33.8,33.16,33.27,336100.0
2004-04-20,32.4,32.45,31.09,31.15,505000.0
2004-04-21,30.0,31.18,29.98,30.96,886600.0
2004-04-22,30.8,30.89,30.2,30.75,690700.0
2004-04-23,30.6,31.2,30.6,31.0,300900.0
2004-04-26,29.1,29.35,28.06,28.6,793300.0
2004-04-27,26.4,27.25,26.3,27.15,829400.0
2004-04-28,26.85,27.05,26.5,26.51,336600.0
2004-04-29,26.15,26.39,25.8,26.11,1014800.0
2004-04-30,26.6,29.11,26.6,28.45,1565200.0
2004-05-03,26.8,27.61,26.33,26.75,706600.0
2004-05-04,27.4,27.65,27.02,27.4,282800.0
2004-05-05,27.55,27.7,26.8,26.8,1541000.0
2004-05-06,26.0,26.22,25.6,25.65,358500.0
2004-05-07,25.15,25.4,24.31,24.53,961000.0
2004-05-10,24.55,24.7,23.6,23.83,1290200.0
2004-05-11,25.4,25.8,25.1,25.6,869800.0
2004-05-12,26.3,26.3,25.4,26.1,961400.0
2004-05-13,26.05,26.05,25.44,25.44,256400.0
2004-05-14,25.9,25.9,25.25,25.35,146900.0
2004-05-17,24.0,24.46,24.0,24.07,1085900.0
2004-05-18,24.3,24.45,24.2,24.24,1588500.0
2004-05-19,24.3,25.13,24.3,24.75,2276000.0
2004-05-20,24.25,24.6,24.0,24.05,968900.0
2004-05-21,24.65,24.89,24.32,24.8,164800.0
2004-05-24,26.0,26.07,25.1,25.4,269600.0
2004-05-25,25.6,25.9,25.41,25.7,188700.0
2004-05-26,25.92,26.1,25.75,25.8,114200.0
2004-05-27,25.9,27.0,25.9,26.67,634400.0
2004-05-28,26.5,26.85,26.41,26.42,569800.0
2004-06-01,26.17,26.21,25.82,25.83,113700.0
2004-06-02,26.25,26.58,26.1,26.57,252800.0
2004-06-03,27.1,27.1,26.5,26.95,570200.0
2004-06-04,29.0,29.0,28.0,28.45,780600.0
2004-06-07,29.75,30.37,29.35,30.12,675000.0
2004-06-08,29.3,29.3,28.8,29.15,343600.0
2004-06-09,29.0,29.2,28.21,28.45,183300.0
2004-06-10,29.0,29.3,28.64,29.25,607500.0
2004-06-14,28.5,28.5,27.36,27.6,293400.0
2004-06-15,28.35,28.8,28.25,28.8,543800.0
2004-06-16,28.5,28.5,28.27,28.37,100200.0
2004-06-17,28.5,28.6,28.15,28.35,96600.0
2004-06-18,28.25,28.9,28.25,28.56,176300.0
2004-06-21,28.55,28.9,28.25,28.29,144200.0
2004-06-22,27.7,27.87,27.57,27.6,189600.0
2004-06-23,27.5,27.93,27.49,27.87,287100.0
2004-06-24,27.85,28.0,27.58,27.59,180700.0
2004-06-25,28.45,28.54,28.35,28.36,154700.0
2004-06-28,28.8,28.87,28.7,28.7,136700.0
2004-06-29,29.3,29.61,29.18,29.6,419200.0
2004-06-30,30.4,30.8,30.1,30.7,323300.0
2004-07-01,30.85,30.85,30.1,30.17,309200.0
2004-07-02,31.5,32.0,31.05,32.0,484000.0
2004-07-06,31.5,31.53,30.78,30.95,343100.0
2004-07-07,30.95,31.33,30.85,31.3,207600.0
2004-07-08,31.0,31.0,30.59,30.59,62700.0
2004-07-09,31.05,31.36,30.98,31.3,96100.0
2004-07-12,31.1,31.18,30.99,31.1,55700.0
2004-07-13,31.25,31.3,30.95,31.19,61900.0
2004-07-14,31.4,31.44,31.22,31.4,153000.0
2004-07-15,32.2,32.25,31.85,31.95,884900.0
2004-07-16,32.8,32.8,32.4,32.5,490000.0
2004-07-19,32.4,32.64,32.27,32.55,285900.0
2004-07-20,32.0,32.73,31.8,32.71,1026500.0
2004-07-21,30.85,31.0,29.1,29.25,900700.0
2004-07-22,29.25,29.29,28.95,29.1,482600.0
2004-07-23,29.05,29.05,28.67,28.75,151700.0
2004-07-26,28.75,28.75,28.36,28.36,116400.0
2004-07-27,28.3,28.92,28.15,28.73,182100.0
2004-07-28,28.85,29.0,28.46,28.83,141500.0
2004-07-29,29.0,29.45,28.95,29.32,78100.0
2004-07-30,29.4,29.83,29.4,29.81,164800.0
2004-08-02,30.0,30.51,29.95,30.21,164000.0
2004-08-03,29.8,29.92,29.57,29.9,279300.0
2004-08-04,28.6,28.92,28.6,28.69,205900.0
2004-08-05,28.94,29.08,28.7,28.76,249400.0
2004-08-06,28.45,28.72,28.37,28.52,388500.0
2004-08-09,27.7,28.17,27.68,27.9,333000.0
2004-08-10,27.7,28.09,27.67,28.05,256900.0
2004-08-11,9.51,9.51,8.99,9.0,522200.0
2004-08-12,8.85,9.0,8.75,8.75,405600.0
2004-08-13,8.7,8.94,8.7,8.85,314600.0
2004-08-16,8.9,8.92,8.83,8.85,192800.0
2004-08-17,8.92,9.4,8.92,9.35,429400.0
2004-08-18,9.38,9.38,9.18,9.29,309900.0
2004-08-19,9.2,9.25,9.1,9.2,173700.0
2004-08-20,9.2,9.39,9.12,9.34,114800.0
2004-08-23,9.05,9.09,8.95,9.06,632000.0
2004-08-24,8.95,9.0,8.83,9.0,380600.0
2004-08-25,8.95,9.0,8.89,8.9,242600.0
2004-08-26,9.0,9.1,8.94,9.1,958300.0
2004-08-27,9.2,9.2,9.0,9.0,407000.0
2004-08-30,9.08,9.1,9.0,9.04,73100.0
2004-08-31,9.15,9.18,9.03,9.18,34800.0
2004-09-01,9.28,9.48,9.24,9.4,230500.0
2004-09-02,9.3,9.56,9.3,9.5,201300.0
2004-09-03,9.6,9.75,9.45,9.51,86800.0
2004-09-07,10.0,10.0,9.85,9.93,224500.0
2004-09-08,10.4,10.49,10.3,10.4,371000.0
2004-09-09,10.8,10.9,10.59,10.88,441900.0
2004-09-10,10.65,10.74,10.37,10.7,150000.0
2004-09-13,10.6,10.98,10.55,10.87,351700.0
2004-09-14,11.1,11.75,11.05,11.67,1104700.0
2004-09-15,11.5,11.51,11.24,11.29,150300.0
2004-09-16,11.29,11.68,11.26,11.45,392900.0
2004-09-17,10.9,11.15,10.85,10.99,576900.0
2004-09-20,10.7,10.8,10.6,10.68,500500.0
2004-09-21,10.84,11.31,10.81,11.28,230800.0
2004-09-22,11.27,11.27,11.0,11.04,259200.0
2004-09-23,11.5,11.8,11.5,11.7,205400.0
2004-09-24,11.7,11.73,11.3,11.34,139400.0
2004-09-27,11.34,11.34,11.01,11.17,204200.0
2004-09-28,11.27,11.64,11.26,11.64,200600.0
2004-09-29,11.64,11.64,11.3,11.54,218000.0
2004-09-30,11.2,11.29,11.15,11.21,161500.0
2004-10-01,11.23,11.83,11.23,11.83,609700.0
2004-10-04,11.7,11.8,11.6,11.76,627500.0
2004-10-05,11.64,11.7,11.51,11.65,575900.0
2004-10-06,12.0,12.5,12.0,12.45,501000.0
2004-10-07,12.45,12.58,12.28,12.28,264800.0
2004-10-08,12.65,12.97,12.65,12.8,334200.0
2004-10-11,12.9,12.98,12.75,12.75,198900.0
2004-10-12,12.35,12.86,12.26,12.82,303600.0
2004-10-13,12.82,12.82,12.82,12.82,0.0
2004-10-14,12.82,12.82,12.82,12.82,0.0
2004-10-15,13.4,13.55,12.39,13.18,627500.0
2004-10-18,13.1,13.1,12.8,12.84,276400.0
2004-10-19,13.05,13.15,12.86,12.93,319400.0
2004-10-20,12.83,12.95,12.69,12.88,356300.0
2004-10-21,12.95,13.4,12.91,13.25,307400.0
2004-10-22,13.5,13.8,13.4,13.6,503700.0
2004-10-25,13.65,13.89,13.4,13.7,423600.0
2004-10-26,14.2,14.49,14.05,14.36,481200.0
2004-10-27,14.49,14.7,14.4,14.6,317000.0
2004-10-28,15.4,15.9,15.4,15.65,899300.0
2004-10-29,15.75,15.75,15.16,15.3,454800.0
2004-11-01,14.5,14.8,14.44,14.79,415400.0
2004-11-02,14.2,14.49,14.03,14.35,598000.0
2004-11-03,14.45,15.0,14.45,14.74,470200.0
2004-11-04,14.35,14.57,14.2,14.51,498100.0
2004-11-05,14.39,14.66,14.39,14.5,298600.0
2004-11-08,13.9,13.94,13.79,13.81,359200.0
2004-11-09,13.9,13.98,13.52,13.65,292100.0
2004-11-10,13.95,14.18,13.66,14.15,817300.0
2004-11-11,13.75,14.02,13.75,13.85,337200.0
2004-11-12,13.93,14.17,13.89,14.11,256700.0
2004-11-15,14.29,14.74,14.2,14.5,1354800.0
2004-11-16,14.6,14.6,14.27,14.51,1054200.0
2004-11-17,15.1,15.59,15.03,15.32,996400.0
2004-11-18,15.25,15.66,15.2,15.59,464500.0
2004-11-19,15.45,15.45,15.18,15.25,718500.0
2004-11-22,15.2,15.6,15.09,15.41,200800.0
2004-11-23,15.45,15.7,15.44,15.53,210700.0
2004-11-24,15.8,16.12,15.8,15.96,270700.0
2004-11-26,16.7,16.75,16.36,16.37,212000.0
2004-11-29,16.15,16.15,15.84,15.85,519600.0
2004-11-30,15.6,15.81,15.4,15.75,371300.0
2004-12-01,15.85,16.13,15.85,16.0,433700.0
2004-12-02,16.25,16.74,16.2,16.6,312800.0
2004-12-03,16.6,16.86,16.45,16.45,292200.0
2004-12-06,16.6,16.83,16.57,16.66,329200.0
2004-12-07,16.7,17.0,16.6,16.6,279400.0
2004-12-08,16.03,16.15,15.8,16.12,631100.0
2004-12-09,15.9,16.1,15.65,15.78,368900.0
2004-12-10,15.7,15.97,15.62,15.76,587200.0
2004-12-13,16.0,16.63,16.0,16.6,269000.0
2004-12-14,16.25,16.39,16.02,16.1,343400.0
2004-12-15,16.05,16.16,15.92,15.97,179900.0
2004-12-16,16.9,16.9,16.5,16.5,618400.0
2004-12-17,16.7,16.89,16.41,16.45,319500.0
2004-12-20,16.6,16.74,16.4,16.5,179600.0
2004-12-21,16.4,16.55,16.3,16.5,189600.0
2004-12-22,16.3,16.34,16.07,16.25,284700.0
2004-12-23,16.35,16.88,16.25,16.84,233100.0
2004-12-27,17.3,17.54,17.25,17.51,329700.0
2004-12-28,17.51,17.92,17.43,17.72,281300.0
2004-12-29,17.85,17.9,17.15,17.3,126300.0
2004-12-30,17.2,18.05,17.2,18.01,290900.0
2004-12-31,17.95,18.25,17.84,18.1,212500.0
2005-01-03,18.45,18.65,18.2,18.2,390500.0
2005-01-04,18.25,18.3,17.46,17.5,674800.0
2005-01-05,17.15,17.26,16.87,16.99,287700.0
2005-01-06,16.99,17.2,16.4,16.8,309200.0
2005-01-07,17.55,17.9,17.22,17.28,611400.0
2005-01-10,18.1,18.6,18.0,18.35,907800.0
2005-01-11,18.75,18.78,18.45,18.66,457700.0
2005-01-12,19.15,19.15,18.75,19.05,462200.0
2005-01-13,19.15,19.15,18.53,18.63,974600.0
2005-01-14,18.8,19.1,18.71,18.8,415300.0
2005-01-18,19.5,19.87,19.16,19.31,823000.0
2005-01-19,19.8,19.84,19.55,19.7,830300.0
2005-01-20,19.75,19.85,19.6,19.72,379500.0
2005-01-21,19.85,19.95,19.61,19.65,556600.0
2005-01-24,19.35,19.35,18.6,18.61,852300.0
2005-01-25,18.55,18.64,17.91,18.21,1132900.0
2005-01-26,18.21,18.7,18.21,18.3,599200.0
2005-01-27,18.0,18.37,17.99,18.25,671900.0
2005-01-28,18.38,18.46,18.01,18.19,659300.0
2005-01-31,18.1,18.25,17.9,17.92,806600.0
2005-02-01,17.92,17.92,17.92,17.92,0.0
2005-02-02,17.88,17.92,17.32,17.37,1133500.0
2005-02-03,17.37,17.44,16.99,17.28,1261500.0
2005-02-04,17.35,17.9,17.35,17.85,1009000.0
2005-02-07,18.25,18.44,18.04,18.34,401100.0
2005-02-08,18.2,18.25,17.75,17.77,478900.0
2005-02-09,16.7,17.0,16.63,16.8,1832600.0
2005-02-10,16.9,16.99,16.55,16.62,569800.0
2005-02-11,17.05,17.38,16.88,17.3,707200.0
2005-02-14,17.4,17.44,17.08,17.09,351600.0
2005-02-15,17.8,18.0,17.75,17.95,1203800.0
2005-02-16,17.78,17.96,17.66,17.85,494000.0
2005-02-17,17.73,17.95,17.7,17.86,459700.0
2005-02-18,17.92,18.35,17.92,18.2,610800.0
2005-02-22,18.3,18.3,17.5,17.6,1076700.0
2005-02-23,17.55,17.85,17.5,17.6,325300.0
2005-02-24,17.6,17.6,17.02,17.25,933300.0
2005-02-25,18.35,18.5,18.16,18.41,1316300.0
2005-02-28,18.47,18.56,18.13,18.25,508800.0
2005-03-01,18.05,18.06,17.75,17.9,473200.0
2005-03-02,17.5,17.84,17.42,17.73,393100.0
2005-03-03,18.03,18.2,17.8,18.08,333700.0
2005-03-04,18.15,18.68,18.13,18.61,512900.0
2005-03-07,18.55,18.6,18.3,18.37,158700.0
2005-03-08,18.0,18.0,17.6,17.71,259400.0
2005-03-09,17.55,17.6,17.12,17.12,458600.0
2005-03-10,17.05,17.34,16.86,17.0,759200.0
2005-03-11,17.22,17.68,17.22,17.6,447300.0
2005-03-14,17.0,17.11,16.85,17.0,261500.0
2005-03-15,16.8,17.0,15.78,16.05,774000.0
2005-03-16,15.25,15.55,14.84,15.4,1434100.0
2005-03-17,15.2,16.16,15.0,16.01,1673200.0
2005-03-18,16.0,16.1,15.75,15.9,455300.0
2005-03-21,15.3,15.48,15.15,15.3,447100.0
2005-03-22,15.82,16.63,15.81,15.87,1691400.0
2005-03-23,15.8,16.57,15.8,16.37,1115500.0
2005-03-24,17.05,17.2,16.8,17.05,1082100.0
2005-03-28,17.1,17.1,16.51,16.69,440900.0
2005-03-29,16.0,16.09,15.78,16.0,466900.0
2005-03-30,16.2,16.65,16.04,16.65,347000.0
2005-03-31,17.05,17.34,16.95,17.08,1245600.0
2005-04-01,17.7,17.78,17.0,17.2,760400.0
2005-04-04,16.9,16.95,16.6,16.67,828000.0
2005-04-05,17.0,17.1,16.75,16.88,484800.0
2005-04-06,17.08,17.18,16.85,17.0,241800.0
2005-04-07,17.0,17.38,16.8,17.3,537700.0
2005-04-08,17.0,17.1,16.9,17.07,237200.0
2005-04-11,16.75,16.75,16.36,16.6,416400.0
2005-04-12,16.38,17.49,16.31,16.8,506200.0
2005-04-13,16.81,16.92,16.62,16.71,294100.0
2005-04-14,16.3,16.48,16.05,16.15,566800.0
2005-04-15,15.4,15.55,15.21,15.49,1097800.0
2005-04-18,14.9,15.32,14.9,15.25,1024300.0
2005-04-19,15.75,16.25,15.55,16.16,602700.0
2005-04-20,16.05,16.07,15.6,15.66,643300.0
2005-04-21,16.25,16.45,16.16,16.44,322500.0
2005-04-22,16.44,16.45,16.09,16.42,380100.0
2005-04-25,16.67,16.83,16.51,16.81,262000.0
2005-04-26,16.7,16.7,16.23,16.28,465100.0
2005-04-27,15.75,15.86,15.67,15.86,560600.0
2005-04-28,15.4,15.7,15.3,15.37,1564300.0
2005-04-29,15.35,15.71,15.35,15.56,573800.0
2005-05-02,15.67,15.98,15.6,15.72,245400.0
2005-05-03,15.55,15.76,15.42,15.55,225200.0
2005-05-04,15.9,16.3,15.9,16.07,259700.0
2005-05-05,16.3,16.5,16.24,16.35,259600.0
2005-05-06,16.42,16.72,16.42,16.65,544800.0
2005-05-09,16.4,16.7,16.4,16.68,550500.0
2005-05-10,16.15,16.36,16.09,16.13,909300.0
2005-05-11,16.2,16.38,16.15,16.38,440200.0
2005-05-12,16.5,16.66,16.45,16.48,433900.0
2005-05-13,16.52,16.7,16.5,16.61,184300.0
2005-05-16,16.15,16.45,16.15,16.34,653100.0
2005-05-17,16.2,16.3,16.12,16.28,266700.0
2005-05-18,16.35,16.85,16.2,16.79,406700.0
2005-05-19,16.65,16.84,16.61,16.81,492800.0
2005-05-20,16.81,16.81,16.61,16.74,292000.0
2005-05-23,15.25,16.19,15.25,16.05,1277500.0
2005-05-24,15.95,16.18,15.95,16.13,669400.0
2005-05-25,16.07,16.52,16.03,16.1,668400.0
2005-05-26,15.7,15.95,15.67,15.75,875200.0
2005-05-27,15.65,15.7,15.25,15.54,1625500.0
2005-05-31,16.25,16.3,15.95,16.06,531600.0
2005-06-01,15.9,16.43,15.66,16.12,346400.0
2005-06-02,16.13,16.35,16.12,16.33,252400.0
2005-06-03,15.9,16.16,15.84,15.91,232700.0
2005-06-06,15.25,15.69,15.24,15.56,734000.0
2005-06-07,15.5,15.55,15.48,15.5,831300.0
2005-06-08,15.51,15.76,15.5,15.59,372400.0
2005-06-09,15.5,15.55,15.4,15.5,756000.0
2005-06-10,12.6,12.84,12.46,12.68,421400.0
2005-06-13,12.42,12.6,12.38,12.51,462800.0
2005-06-14,12.52,12.56,12.4,12.46,261200.0
2005-06-15,12.46,12.59,12.34,12.48,282800.0
2005-06-16,12.6,12.8,12.53,12.77,865400.0
2005-06-17,13.0,13.06,12.86,12.97,378300.0
2005-06-20,13.05,13.1,12.7,13.03,322900.0
2005-06-21,12.93,13.0,12.82,12.99,252000.0
2005-06-22,12.89,12.89,12.7,12.75,471900.0
2005-06-23,12.5,12.65,12.4,12.41,692900.0
2005-06-24,12.4,12.54,12.31,12.45,536800.0
2005-06-27,12.22,12.37,12.12,12.32,483200.0
2005-06-28,12.42,12.57,12.36,12.54,380300.0
2005-06-29,12.45,12.55,12.35,12.44,284600.0
2005-06-30,12.6,12.77,12.47,12.65,814700.0
2005-07-01,12.86,13.43,12.81,13.39,902600.0
2005-07-05,12.83,12.87,12.69,12.77,619500.0
2005-07-06,12.84,12.93,12.77,12.79,259400.0
2005-07-07,12.45,12.84,12.42,12.8,148200.0
2005-07-08,12.8,12.91,12.7,12.88,104200.0
2005-07-11,12.78,12.79,12.63,12.75,221400.0
2005-07-12,12.65,12.88,12.65,12.85,883400.0
2005-07-13,12.85,12.86,12.65,12.86,1226500.0
2005-07-14,13.11,13.25,13.05,13.12,339300.0
2005-07-15,13.15,13.15,13.01,13.07,686500.0
2005-07-18,13.15,13.15,13.02,13.05,207500.0
2005-07-19,13.4,13.69,13.35,13.45,582300.0
2005-07-20,13.7,13.9,13.7,13.83,466200.0
2005-07-21,13.9,13.95,13.72,13.94,240600.0
2005-07-22,14.15,14.15,13.73,13.77,273200.0
2005-07-25,13.75,13.77,13.44,13.62,147500.0
2005-07-26,13.5,13.6,13.4,13.45,333600.0
2005-07-27,13.45,13.75,13.4,13.72,489000.0
2005-07-28,13.75,13.8,13.61,13.73,204000.0
2005-07-29,13.7,13.85,13.68,13.76,181100.0
2005-08-01,13.95,14.0,13.74,13.78,110700.0
2005-08-02,13.8,13.8,13.58,13.63,501100.0
2005-08-03,13.65,13.79,13.58,13.7,306900.0
2005-08-04,13.65,13.82,13.65,13.66,671500.0
2005-08-05,13.75,13.9,13.45,13.49,181500.0
2005-08-08,13.45,13.64,13.31,13.37,83500.0
2005-08-09,12.9,13.32,12.86,13.17,148700.0
2005-08-10,13.24,13.45,13.21,13.29,98200.0
2005-08-11,13.23,13.24,13.05,13.15,256100.0
2005-08-12,12.7,12.92,12.55,12.71,452200.0
2005-08-15,12.7,12.88,12.61,12.86,230200.0
2005-08-16,12.76,12.78,12.61,12.66,134900.0
2005-08-17,12.67,12.79,12.65,12.66,67200.0
2005-08-18,12.66,12.87,12.45,12.5,333700.0
2005-08-19,12.6,12.75,12.38,12.4,296900.0
2005-08-22,12.65,13.12,12.64,12.94,292200.0
2005-08-23,13.02,13.29,12.93,13.03,310400.0
2005-08-24,12.94,13.17,12.86,12.93,204600.0
2005-08-25,12.98,13.22,12.92,12.93,108100.0
2005-08-26,13.1,13.29,12.94,13.02,154100.0
2005-08-29,13.1,13.15,12.88,12.99,60600.0
2005-08-30,12.99,13.2,12.9,13.05,186800.0
2005-08-31,13.15,13.43,13.15,13.43,475200.0
2005-09-01,13.59,14.13,13.57,14.03,365400.0
2005-09-02,13.95,14.0,13.73,13.98,196600.0
2005-09-06,13.75,14.09,13.59,14.05,757900.0
2005-09-07,13.6,13.98,13.6,13.95,510600.0
2005-09-08,14.15,14.43,14.03,14.3,454900.0
2005-09-09,14.4,14.4,14.19,14.28,1159800.0
2005-09-12,14.48,14.83,14.46,14.62,1746200.0
2005-09-13,14.4,14.4,14.02,14.19,565000.0
2005-09-14,14.85,15.0,14.78,14.83,727500.0
2005-09-15,15.15,15.22,14.91,15.02,2231800.0
2005-09-16,15.3,15.48,15.05,15.28,1781200.0
2005-09-19,15.29,15.36,15.1,15.22,1251200.0
2005-09-20,15.26,15.3,14.96,15.09,1043600.0
2005-09-21,15.2,15.26,14.83,14.97,807100.0
2005-09-22,14.3,14.35,13.81,14.0,2106700.0
2005-09-23,13.95,14.1,13.7,13.9,1476500.0
2005-09-26,15.69,15.69,13.72,13.9,1153100.0
2005-09-27,13.75,13.8,13.62,13.7,685400.0
2005-09-28,13.45,13.63,13.41,13.62,451500.0
2005-09-29,13.72,13.74,13.36,13.49,750000.0
2005-09-30,13.48,13.69,13.33,13.65,172800.0
2005-10-03,13.73,13.89,13.6,13.82,1912200.0
2005-10-04,14.0,14.13,13.83,13.95,2123700.0
2005-10-05,13.85,13.9,13.42,13.5,887000.0
2005-10-06,13.5,13.56,13.15,13.23,160700.0
2005-10-07,13.33,13.55,13.33,13.43,781500.0
2005-10-10,13.43,13.43,13.21,13.28,1146600.0
2005-10-11,13.38,13.57,13.31,13.4,378600.0
2005-10-12,13.23,13.25,13.05,13.12,360200.0
2005-10-13,13.05,13.19,13.0,13.15,716000.0
2005-10-14,13.05,13.2,12.98,13.07,415400.0
2005-10-17,13.23,13.43,13.22,13.25,384400.0
2005-10-18,13.2,13.2,12.98,13.0,349300.0
2005-10-19,12.55,12.84,12.45,12.7,309300.0
2005-10-20,12.75,12.95,12.53,12.67,135400.0
2005-10-21,12.9,13.15,12.85,13.05,184600.0
2005-10-24,13.1,13.24,13.07,13.15,517800.0
2005-10-25,12.97,13.29,12.97,13.2,399000.0
2005-10-26,12.92,13.04,12.71,12.75,184500.0
2005-10-27,12.7,12.7,12.5,12.52,256700.0
2005-10-28,12.5,12.7,12.45,12.69,142800.0
2005-10-31,12.85,13.23,12.85,13.18,382800.0
2005-11-01,13.45,13.8,13.45,13.72,900600.0
2005-11-02,14.03,14.21,13.85,14.12,346400.0
2005-11-03,14.45,14.75,14.19,14.31,421600.0
2005-11-04,14.41,14.41,14.2,14.29,100400.0
2005-11-07,14.25,14.41,14.02,14.21,89900.0
2005-11-08,14.25,14.35,14.11,14.19,115100.0
2005-11-09,14.27,14.5,14.27,14.5,104300.0
2005-11-10,14.6,14.96,14.46,14.96,253800.0
2005-11-11,14.5,14.55,14.17,14.17,228700.0
2005-11-14,14.2,14.47,14.04,14.12,128600.0
2005-11-15,14.1,14.1,13.8,13.9,867500.0
2005-11-16,14.15,14.43,14.12,14.39,177300.0
2005-11-17,14.63,14.75,14.42,14.71,392200.0
2005-11-18,14.71,14.81,14.58,14.8,181500.0
2005-11-21,15.03,15.25,15.0,15.2,305500.0
2005-11-22,15.2,15.2,14.9,14.9,2559200.0
2005-11-23,15.5,15.72,15.41,15.64,1687100.0
2005-11-25,16.4,16.4,15.78,15.8,230800.0
2005-11-28,15.75,15.75,15.41,15.48,481200.0
2005-11-29,15.8,15.98,15.61,15.85,677800.0
2005-11-30,15.25,15.7,15.11,15.25,682100.0
2005-12-01,15.3,15.74,15.3,15.7,378100.0
2005-12-02,15.59,15.59,15.35,15.47,152500.0
2005-12-05,15.92,16.09,15.77,15.91,1573500.0
2005-12-06,15.7,16.05,15.65,15.91,1054300.0
2005-12-07,15.91,15.91,15.66,15.75,444100.0
2005-12-08,15.75,15.78,15.66,15.75,992500.0
2005-12-09,15.7,15.73,15.55,15.65,429200.0
2005-12-12,15.8,15.93,15.75,15.9,308500.0
2005-12-13,14.9,15.32,14.72,15.29,2091800.0
2005-12-14,15.4,15.8,15.25,15.69,895200.0
2005-12-15,15.4,15.48,15.29,15.35,201300.0
2005-12-16,15.3,15.43,15.08,15.12,296700.0
2005-12-19,15.12,15.2,15.02,15.02,112400.0
2005-12-20,15.0,15.02,14.8,14.94,200500.0
2005-12-21,14.92,15.43,14.92,15.39,346500.0
2005-12-22,14.66,15.37,14.66,15.21,285900.0
2005-12-23,15.15,15.38,15.15,15.35,93100.0
2005-12-27,14.95,15.24,14.77,15.19,188200.0
2005-12-28,15.22,15.5,15.22,15.37,254100.0
2005-12-29,15.22,15.75,15.22,15.63,773500.0
2005-12-30,15.55,15.65,15.3,15.36,80400.0
2006-01-03,15.48,15.89,15.38,15.83,293200.0
2006-01-04,16.05,16.12,15.89,16.07,350900.0
2006-01-05,15.87,16.08,15.85,16.01,175300.0
2006-01-06,15.9,16.38,15.9,16.38,142800.0
2006-01-09,16.5,16.65,16.17,16.3,244000.0
2006-01-10,16.0,16.09,15.55,15.67,381900.0
2006-01-11,15.6,16.2,15.6,16.0,403200.0
2006-01-12,15.8,16.04,15.8,15.98,304500.0
2006-01-13,15.85,15.86,15.25,15.38,1301200.0
2006-01-17,15.45,15.63,15.4,15.52,889400.0
2006-01-18,15.2,15.54,15.1,15.36,345000.0
2006-01-19,15.75,16.63,15.75,16.45,846400.0
2006-01-20,17.0,17.05,16.61,16.64,579200.0
2006-01-23,16.63,16.66,16.26,16.43,253400.0
2006-01-24,16.35,16.64,16.2,16.58,279800.0
2006-01-25,16.66,16.79,16.15,16.38,267300.0
2006-01-26,16.45,16.57,16.11,16.55,491700.0
2006-01-27,16.52,16.82,16.4,16.73,978800.0
2006-01-30,17.6,17.6,17.12,17.15,243900.0
2006-01-31,17.55,17.6,17.1,17.41,445400.0
2006-02-01,17.36,17.5,17.28,17.3,327200.0
2006-02-02,17.35,17.6,17.3,17.38,435000.0
2006-02-03,17.35,17.48,17.03,17.16,408000.0
2006-02-06,17.45,17.5,17.2,17.29,386000.0
2006-02-07,17.5,17.7,16.92,17.05,271700.0
2006-02-08,17.05,17.54,17.05,17.41,201300.0
2006-02-09,17.41,17.51,17.17,17.2,129600.0
2006-02-10,17.45,17.58,17.23,17.35,153800.0
2006-02-13,17.5,17.68,16.93,16.96,304100.0
2006-02-14,17.13,17.48,16.93,17.48,256400.0
2006-02-15,17.42,18.29,17.12,17.51,338000.0
2006-02-16,17.8,18.89,17.8,18.7,434800.0
2006-02-17,18.8,19.6,18.8,19.14,751900.0
2006-02-21,19.05,19.28,18.6,19.06,685900.0
2006-02-22,18.85,18.97,18.55,18.94,363500.0
2006-02-23,18.8,19.39,18.8,19.0,393000.0
2006-02-24,18.6,19.15,18.52,19.14,209200.0
2006-02-27,19.14,19.15,18.75,18.8,394000.0
2006-02-28,18.98,18.98,17.61,17.99,437300.0
2006-03-01,18.15,18.35,18.0,18.25,461500.0
2006-03-02,18.35,18.35,18.15,18.3,376700.0
2006-03-03,18.3,18.49,18.05,18.35,220000.0
2006-03-06,18.5,18.75,18.44,18.54,555800.0
2006-03-07,17.75,17.75,17.0,17.45,713600.0
2006-03-08,17.05,17.27,16.96,17.15,596700.0
2006-03-09,17.45,17.62,17.31,17.5,679000.0
2006-03-10,17.55,17.75,17.48,17.52,345900.0
2006-03-13,17.6,17.95,17.5,17.65,310600.0
2006-03-14,17.45,17.52,17.04,17.51,773000.0
2006-03-15,17.65,17.75,17.45,17.71,152600.0
2006-03-16,17.84,18.45,17.81,18.41,684100.0
2006-03-17,18.25,18.4,18.0,18.28,172300.0
2006-03-20,18.24,18.4,18.09,18.31,649000.0
2006-03-21,18.09,18.26,17.9,18.05,382500.0
2006-03-22,18.04,18.2,18.02,18.1,399000.0
2006-03-23,17.9,18.25,17.9,18.07,163900.0
2006-03-24,17.4,17.82,17.05,17.53,305000.0
2006-03-27,17.05,17.35,17.05,17.17,330000.0
2006-03-28,16.0,16.8,15.55,16.6,994700.0
2006-03-29,16.6,16.99,16.6,16.85,387400.0
2006-03-30,17.0,17.35,16.62,16.78,287700.0
2006-03-31,16.85,16.91,16.31,16.67,257700.0
2006-04-03,16.68,16.99,16.67,16.83,195200.0
2006-04-04,16.9,16.98,16.71,16.78,437300.0
2006-04-05,16.78,17.08,16.78,16.85,368600.0
2006-04-06,16.6,16.73,16.39,16.55,298100.0
2006-04-07,16.7,16.84,16.7,16.72,183800.0
2006-04-10,16.5,16.74,16.35,16.56,286600.0
2006-04-11,16.3,16.4,16.01,16.16,349000.0
2006-04-12,16.3,16.89,16.3,16.83,703500.0
2006-04-13,17.14,17.32,17.0,17.1,777300.0
2006-04-17,17.4,18.1,17.16,17.24,649800.0
2006-04-18,17.65,18.07,17.55,17.9,792400.0
2006-04-19,17.95,18.02,17.62,17.79,691000.0
2006-04-20,18.0,18.09,17.45,17.54,446400.0
2006-04-21,17.5,17.9,17.5,17.77,490000.0
2006-04-24,17.7,17.99,17.5,17.56,265200.0
2006-04-25,17.7,17.8,17.56,17.58,158100.0
2006-04-26,17.7,17.96,17.59,17.76,114100.0
2006-04-27,17.7,17.74,17.31,17.4,104700.0
2006-04-28,17.41,17.65,17.05,17.05,384600.0
2006-05-01,17.25,17.69,17.1,17.46,207200.0
2006-05-02,17.51,17.88,17.4,17.82,255800.0
2006-05-03,18.4,18.48,17.65,18.08,566700.0
2006-05-04,17.95,18.45,17.8,18.2,537500.0
2006-05-05,17.75,18.7,17.72,18.38,606400.0
2006-05-08,18.63,18.9,18.43,18.79,158700.0
2006-05-09,18.9,18.93,18.7,18.72,209200.0
2006-05-10,18.65,18.7,18.05,18.15,265600.0
2006-05-11,18.25,18.4,17.06,17.27,2721300.0
2006-05-12,16.11,16.11,14.78,15.5,2571900.0
2006-05-15,14.5,15.45,14.41,15.25,1843400.0
2006-05-16,15.25,15.6,15.25,15.39,962500.0
2006-05-17,14.95,15.0,14.09,14.09,3687700.0
2006-05-18,13.95,14.23,13.43,13.5,1985800.0
2006-05-19,13.75,14.0,13.6,13.8,792100.0
2006-05-22,12.5,12.79,12.06,12.6,2730500.0
2006-05-23,13.0,14.19,12.91,13.0,1528000.0
2006-05-24,12.9,12.9,11.92,12.14,1382900.0
2006-05-25,12.5,12.79,12.32,12.76,408000.0
2006-05-26,13.0,13.24,12.74,12.98,2023000.0
2006-05-30,12.98,12.98,12.54,12.55,735900.0
2006-05-31,12.65,12.75,12.34,12.5,1518500.0
2006-06-01,12.35,13.07,12.3,12.91,589000.0
2006-06-02,13.4,13.63,12.03,12.14,2488600.0
2006-06-05,12.24,12.48,12.02,12.06,941600.0
2006-06-06,12.16,12.37,11.87,12.26,1230600.0
2006-06-07,12.05,13.33,12.05,13.15,1652400.0
2006-06-08,12.15,12.8,11.9,12.65,1444700.0
2006-06-09,12.65,12.96,12.65,12.77,662600.0
2006-06-12,12.81,12.85,12.2,12.22,798100.0
2006-06-13,11.95,12.3,11.83,11.93,1190800.0
2006-06-14,12.0,12.74,11.98,12.54,1330800.0
2006-06-15,12.85,13.3,12.85,13.25,1114500.0
2006-06-16,13.75,13.75,13.0,13.09,917200.0
2006-06-19,13.35,13.45,13.0,13.1,712800.0
2006-06-20,13.0,13.18,12.76,13.08,1127700.0
2006-06-21,12.8,13.38,12.8,13.29,1122000.0
2006-06-22,13.0,13.05,12.51,12.88,1472500.0
2006-06-23,12.22,12.66,12.1,12.66,836700.0
2006-06-26,11.48,11.48,10.18,10.38,1116700.0
2006-06-27,10.52,10.75,10.3,10.47,381600.0
2006-06-28,11.12,11.15,10.64,10.86,795300.0
2006-06-29,11.05,11.44,10.94,11.3,1641500.0
2006-06-30,11.85,11.98,11.47,11.86,990800.0
2006-07-03,11.9,12.36,11.87,12.34,753400.0
2006-07-05,11.85,11.85,11.32,11.42,665100.0
2006-07-06,11.52,11.66,11.39,11.45,618800.0
2006-07-07,11.45,11.45,11.01,11.05,1370100.0
2006-07-10,11.33,11.33,10.94,11.0,245200.0
2006-07-11,10.73,10.97,10.7,10.92,348200.0
2006-07-12,11.02,11.02,10.75,10.76,334200.0
2006-07-13,10.5,10.59,10.18,10.22,725800.0
2006-07-14,10.13,10.21,9.91,9.95,635600.0
2006-07-17,9.6,9.9,9.51,9.72,590200.0
2006-07-18,9.92,10.0,9.76,9.95,569700.0
2006-07-19,9.8,10.57,9.74,10.53,907900.0
2006-07-20,10.61,10.77,10.57,10.63,612600.0
2006-07-21,10.7,10.7,10.26,10.49,322700.0
2006-07-24,10.59,10.86,10.57,10.85,327800.0
2006-07-25,10.7,10.87,10.6,10.85,254700.0
2006-07-26,10.85,10.95,10.74,10.84,266300.0
2006-07-27,11.55,11.74,11.38,11.51,1435800.0
2006-07-28,11.4,11.58,11.15,11.5,536500.0
2006-07-31,11.38,11.49,11.35,11.39,113900.0
2006-08-01,11.29,11.4,10.99,11.03,380900.0
2006-08-02,11.0,11.27,10.99,11.26,571500.0
2006-08-03,11.16,11.54,10.9,11.5,1087200.0
2006-08-04,11.46,11.63,11.35,11.58,883700.0
2006-08-07,11.57,11.75,11.53,11.66,167200.0
2006-08-08,11.85,12.04,11.85,12.01,515600.0
2006-08-09,12.2,12.25,11.85,12.11,1724100.0
2006-08-10,12.15,12.24,12.0,12.06,660500.0
2006-08-11,12.25,12.28,12.0,12.15,392400.0
2006-08-14,12.05,12.16,11.75,11.9,790600.0
2006-08-15,12.1,12.17,11.86,11.88,491500.0
2006-08-16,11.91,12.3,11.9,12.3,1560000.0
2006-08-17,12.4,12.4,11.95,12.31,597400.0
2006-08-18,12.0,12.2,11.97,12.05,207500.0
2006-08-21,12.0,12.15,11.85,12.02,135600.0
2006-08-22,11.92,12.1,11.87,12.03,56000.0
2006-08-23,11.95,12.11,11.85,11.86,155900.0
2006-08-24,11.8,11.9,11.55,11.68,197900.0
2006-08-25,11.6,11.8,11.58,11.63,203100.0
2006-08-28,11.53,11.95,11.53,11.87,177900.0
2006-08-29,11.92,11.98,11.7,11.8,233800.0
2006-08-30,11.8,12.05,11.8,11.98,202900.0
2006-08-31,12.08,12.14,11.99,12.0,321400.0
2006-09-01,12.0,12.25,11.9,12.2,354900.0
2006-09-05,12.42,12.7,12.4,12.64,506300.0
2006-09-06,12.4,12.53,12.21,12.21,195200.0
2006-09-07,11.93,12.29,11.82,12.1,387700.0
2006-09-08,12.17,12.36,12.11,12.22,236200.0
2006-09-11,11.94,12.33,11.94,12.18,279900.0
2006-09-12,12.12,12.3,12.12,12.25,356700.0
2006-09-13,12.4,12.45,12.14,12.22,314400.0
2006-09-14,12.05,12.4,12.05,12.29,502500.0
2006-09-15,12.79,12.79,12.51,12.78,585700.0
2006-09-18,12.96,13.07,12.82,12.89,304000.0
2006-09-19,12.9,12.9,12.46,12.65,778600.0
2006-09-20,12.6,12.91,12.52,12.7,303800.0
2006-09-21,12.7,12.7,12.04,12.04,442700.0
2006-09-22,12.04,12.12,11.75,11.78,411200.0
2006-09-25,11.8,12.39,11.8,12.28,281200.0
2006-09-26,12.31,12.88,12.29,12.86,878800.0
2006-09-27,12.55,13.25,12.5,13.01,1233600.0
2006-09-28,13.1,13.48,13.1,13.3,765200.0
2006-09-29,13.5,13.5,13.3,13.3,672400.0
2006-10-02,13.5,13.64,13.41,13.54,382200.0
2006-10-03,13.37,13.64,13.37,13.6,512100.0
2006-10-04,13.45,13.92,13.39,13.84,383900.0
2006-10-05,13.7,14.0,13.61,14.0,1090100.0
2006-10-06,13.94,13.97,13.65,13.68,304500.0
2006-10-09,13.75,13.88,13.7,13.74,189500.0
2006-10-10,13.79,13.82,13.65,13.78,277800.0
2006-10-11,13.85,13.85,13.58,13.73,503600.0
2006-10-12,13.76,14.05,13.65,13.95,609800.0
2006-10-13,14.24,14.24,13.95,14.03,209200.0
2006-10-16,14.03,14.15,13.85,13.97,285200.0
2006-10-17,13.7,13.86,13.59,13.8,128700.0
2006-10-18,13.9,13.96,13.76,13.85,101800.0
2006-10-19,13.86,13.99,13.86,13.95,87100.0
2006-10-20,13.9,14.0,13.85,13.91,101400.0
2006-10-23,13.7,14.1,13.47,14.04,245600.0
2006-10-24,13.95,14.01,13.91,14.0,231200.0
2006-10-25,14.0,14.45,14.0,14.25,555900.0
2006-10-26,14.35,14.48,14.1,14.37,228500.0
2006-10-27,14.4,14.42,14.24,14.27,166600.0
2006-10-30,14.17,14.7,14.1,14.5,432500.0
2006-10-31,14.5,14.51,14.34,14.44,445700.0
2006-11-01,14.42,14.55,14.19,14.29,417400.0
2006-11-02,14.2,14.26,14.01,14.1,831300.0
2006-11-03,14.13,14.4,14.11,14.24,156300.0
2006-11-06,14.22,14.74,14.22,14.72,229700.0
2006-11-07,14.72,14.79,14.44,14.61,435100.0
2006-11-08,14.47,14.5,14.23,14.44,326200.0
2006-11-09,14.0,14.0,13.32,13.51,993900.0
2006-11-10,13.71,13.71,13.49,13.65,596000.0
2006-11-13,13.8,13.94,13.59,13.91,342200.0
2006-11-14,14.1,14.13,13.85,14.02,261300.0
2006-11-15,14.12,14.14,13.9,14.06,1347300.0
2006-11-16,13.4,13.63,12.75,13.5,2177900.0
2006-11-17,13.25,13.36,13.17,13.3,1543600.0
2006-11-20,13.25,13.35,13.19,13.22,285000.0
2006-11-21,13.25,13.39,13.25,13.29,252200.0
2006-11-22,13.05,13.19,12.9,13.0,520000.0
2006-11-24,12.98,13.08,12.75,13.05,452300.0
2006-11-27,12.95,12.96,12.65,12.73,468700.0
2006-11-28,12.5,12.5,12.0,12.25,1108200.0
2006-11-29,12.82,12.82,12.29,12.39,1444000.0
2006-11-30,12.5,12.93,12.45,12.76,858500.0
2006-12-01,12.5,12.51,12.25,12.29,567700.0
2006-12-04,12.15,12.3,12.01,12.24,862600.0
2006-12-05,12.45,12.76,12.33,12.7,703100.0
2006-12-06,12.75,12.95,12.61,12.85,464900.0
2006-12-07,13.3,13.43,13.19,13.25,659100.0
2006-12-08,13.35,13.39,13.04,13.05,271200.0
2006-12-11,12.95,13.53,12.93,13.47,516400.0
2006-12-12,13.45,13.45,13.07,13.17,400000.0
2006-12-13,13.19,13.33,13.02,13.2,445500.0
2006-12-14,13.3,13.47,13.12,13.27,470600.0
2006-12-15,13.35,13.4,13.3,13.4,532900.0
2006-12-18,13.5,13.51,13.27,13.3,182800.0
2006-12-19,13.06,13.1,12.77,12.92,431000.0
2006-12-20,12.95,13.28,12.91,13.02,584000.0
2006-12-21,13.2,13.2,12.93,12.99,682600.0
2006-12-22,12.99,13.14,12.87,12.89,299500.0
2006-12-26,12.83,13.15,12.81,13.13,167100.0
2006-12-27,13.11,13.48,13.11,13.45,337100.0
2006-12-28,13.58,13.65,13.45,13.49,304300.0
2006-12-29,13.4,13.53,13.0,13.38,399400.0
2007-01-03,13.48,13.88,13.44,13.67,428000.0
2007-01-04,13.45,13.55,13.25,13.45,220100.0
2007-01-05,13.48,13.6,13.11,13.25,245800.0
2007-01-08,13.27,13.39,13.19,13.27,396800.0
2007-01-09,13.17,13.17,12.69,12.7,890300.0
2007-01-10,12.55,12.92,12.39,12.78,321800.0
2007-01-11,13.1,13.42,13.01,13.02,1050800.0
2007-01-12,12.99,13.14,12.85,12.96,544500.0
2007-01-16,13.02,13.1,12.65,12.87,506800.0
2007-01-17,13.05,13.25,13.02,13.15,414000.0
2007-01-18,13.45,13.92,13.32,13.81,1313500.0
2007-01-19,14.0,14.17,13.9,14.16,658300.0
2007-01-22,14.45,14.7,14.3,14.51,1890300.0
2007-01-23,14.2,14.45,14.07,14.33,1069800.0
2007-01-24,14.15,14.39,14.04,14.1,1012100.0
2007-01-25,14.05,14.5,14.05,14.14,1561700.0
2007-01-26,14.5,14.83,14.45,14.68,913400.0
2007-01-29,14.56,14.57,14.36,14.38,296200.0
2007-01-30,14.45,14.68,14.43,14.57,255800.0
2007-01-31,14.62,14.65,14.35,14.46,726900.0
2007-02-01,14.7,14.85,14.6,14.77,403100.0
2007-02-02,14.87,14.89,14.55,14.67,257200.0
2007-02-05,14.77,14.78,14.44,14.5,875500.0
2007-02-06,14.7,14.77,14.54,14.72,237500.0
2007-02-07,14.6,14.69,14.5,14.59,128300.0
2007-02-08,14.49,14.65,14.3,14.53,198200.0
2007-02-09,14.7,14.75,14.3,14.34,286000.0
2007-02-12,14.5,14.7,14.24,14.38,162800.0
2007-02-13,14.48,14.63,14.43,14.5,281000.0
2007-02-14,14.3,14.68,14.3,14.6,431100.0
2007-02-15,14.92,14.94,14.71,14.8,195500.0
2007-02-16,14.78,14.93,14.61,14.68,230500.0
2007-02-20,14.5,14.55,14.1,14.3,755300.0
2007-02-21,14.05,14.21,13.92,14.11,527100.0
2007-02-22,14.2,14.73,14.2,14.44,955800.0
2007-02-23,14.1,14.29,13.97,14.12,873200.0
2007-02-26,14.35,14.45,14.14,14.25,411100.0
2007-02-27,14.0,14.03,13.1,13.1,951200.0
2007-02-28,14.25,14.25,12.8,13.41,1532500.0
2007-03-01,12.3,13.47,12.3,13.13,1370500.0
2007-03-02,13.06,13.52,13.06,13.08,946900.0
2007-03-05,13.0,13.01,12.65,12.7,693200.0
2007-03-06,13.1,13.3,12.92,13.16,1069700.0
2007-03-07,13.07,13.29,13.02,13.15,382600.0
2007-03-08,13.39,13.53,13.29,13.45,439900.0
2007-03-09,13.41,13.6,13.23,13.48,285400.0
2007-03-12,13.6,13.8,13.25,13.69,1188100.0
2007-03-13,13.87,13.88,13.23,13.26,770200.0
2007-03-14,13.46,13.5,12.93,13.08,1404900.0
2007-03-15,13.1,13.26,12.95,13.08,694400.0
2007-03-16,13.08,13.46,13.05,13.19,516900.0
2007-03-19,13.15,13.4,13.15,13.23,341600.0
2007-03-20,13.15,13.29,13.04,13.19,465900.0
2007-03-21,13.15,13.71,13.15,13.65,1774900.0
2007-03-22,13.7,13.72,13.4,13.46,416800.0
2007-03-23,13.28,13.51,13.25,13.34,413200.0
2007-03-26,13.34,13.47,12.95,13.27,775300.0
2007-03-27,13.15,13.32,13.0,13.23,552300.0
2007-03-28,12.35,13.15,12.35,12.95,702100.0
2007-03-29,13.1,13.3,13.1,13.16,630600.0
2007-03-30,13.39,13.39,13.2,13.25,995400.0
2007-04-02,13.25,13.31,13.05,13.21,805800.0
2007-04-03,13.5,13.95,13.4,13.83,853500.0
2007-04-04,13.9,13.93,13.71,13.8,544900.0
2007-04-05,13.91,14.35,13.83,14.02,1118000.0
2007-04-09,14.1,14.34,13.93,14.25,691800.0
2007-04-10,14.05,14.5,14.05,14.29,808700.0
2007-04-11,14.08,14.13,13.81,13.89,795700.0
2007-04-12,15.2,15.2,13.8,13.9,556000.0
2007-04-13,14.0,14.22,13.76,14.18,725800.0
2007-04-16,14.3,14.35,14.02,14.24,674500.0
2007-04-17,14.27,14.28,14.14,14.26,684400.0
2007-04-18,14.15,14.3,14.11,14.3,829000.0
2007-04-19,14.3,14.66,14.21,14.61,597800.0
2007-04-20,14.71,14.78,14.63,14.7,384500.0
2007-04-23,14.78,14.78,14.5,14.59,456300.0
2007-04-24,14.53,14.7,14.41,14.5,676600.0
2007-04-25,14.57,15.04,14.57,15.02,732900.0
2007-04-26,14.96,15.01,14.72,14.78,522400.0
2007-04-27,14.74,14.89,14.61,14.83,329300.0
2007-04-30,14.28,14.48,14.12,14.14,1051200.0
2007-05-01,14.01,14.91,14.01,14.71,1147900.0
2007-05-02,14.56,14.97,14.56,14.82,347100.0
2007-05-03,15.12,15.57,15.12,15.46,874100.0
2007-05-04,15.15,15.36,14.81,15.04,694100.0
2007-05-07,15.02,15.19,14.9,14.99,558800.0
2007-05-08,14.85,15.0,14.63,14.98,746800.0
2007-05-09,15.04,15.04,14.84,14.93,2046400.0
2007-05-10,15.05,15.26,14.85,14.92,1692400.0
2007-05-11,14.94,15.21,14.68,15.06,1477600.0
2007-05-14,14.98,15.25,14.86,14.93,927500.0
2007-05-15,15.0,15.15,14.94,14.97,475100.0
2007-05-16,15.03,15.15,14.85,15.04,1173100.0
2007-05-17,14.95,15.05,14.9,15.0,2829000.0
2007-05-18,15.09,15.19,14.95,14.97,244500.0
2007-05-21,15.04,15.4,15.04,15.23,725400.0
2007-05-22,15.33,15.33,15.06,15.17,373000.0
2007-05-23,15.34,15.55,15.29,15.39,443500.0
2007-05-24,15.31,15.45,15.16,15.2,3618500.0
2007-05-25,15.36,15.46,15.26,15.45,661400.0
2007-05-29,15.63,15.9,15.49,15.87,663000.0
2007-05-30,15.62,16.07,15.6,15.98,380000.0
2007-05-31,16.45,16.74,16.44,16.65,685800.0
2007-06-01,16.75,17.05,16.75,16.93,896100.0
2007-06-04,16.73,16.94,16.59,16.69,667000.0
2007-06-05,16.63,16.63,16.32,16.43,287800.0
2007-06-06,16.13,16.43,15.91,15.97,811900.0
2007-06-07,15.77,15.84,15.45,15.65,971700.0
2007-06-08,15.2,15.5,15.1,15.48,2734100.0
2007-06-11,15.3,15.43,15.16,15.36,813600.0
2007-06-12,15.14,15.39,14.83,15.12,970400.0
2007-06-13,15.15,15.3,15.07,15.3,740300.0
2007-06-14,15.38,15.45,15.27,15.35,1531100.0
2007-06-15,15.35,16.05,15.31,15.88,1391000.0
2007-06-18,16.0,16.19,15.9,15.96,444500.0
2007-06-19,15.82,16.02,15.73,15.99,339100.0
2007-06-20,16.13,16.14,15.72,15.79,359100.0
2007-06-21,15.87,16.05,15.74,16.0,1434600.0
2007-06-22,15.9,16.05,15.77,15.87,709200.0
2007-06-25,15.77,16.05,15.72,15.84,527700.0
2007-06-26,15.87,16.0,15.78,15.81,332000.0
2007-06-27,15.5,16.05,15.45,16.03,504100.0
2007-06-28,16.04,16.29,16.01,16.26,521100.0
2007-06-29,16.55,17.0,16.5,16.65,1007500.0
2007-07-02,16.9,17.67,16.9,17.59,822200.0
2007-07-03,17.85,17.85,17.53,17.7,367700.0
2007-07-05,17.75,17.75,17.23,17.26,643700.0
2007-07-06,17.45,17.6,17.16,17.59,502600.0
2007-07-09,18.34,18.4,18.11,18.23,711500.0
2007-07-10,17.75,17.92,17.5,17.59,955200.0
2007-07-11,16.6,17.0,16.36,16.9,1641100.0
2007-07-12,17.0,17.36,16.97,17.24,833600.0
2007-07-13,17.6,17.65,17.3,17.6,684500.0
2007-07-16,17.2,17.6,17.2,17.39,718500.0
2007-07-17,17.5,17.79,17.43,17.71,675600.0
2007-07-18,17.46,17.64,17.27,17.37,1060400.0
2007-07-19,17.83,18.5,17.69,18.31,857500.0
2007-07-20,18.32,18.49,18.12,18.21,554900.0
2007-07-23,19.61,19.64,19.01,19.14,803300.0
2007-07-24,18.52,18.77,18.08,18.12,1135300.0
2007-07-25,17.7,18.52,17.5,18.03,590900.0
2007-07-26,17.45,17.54,16.65,17.07,820900.0
2007-07-27,16.7,17.25,16.32,16.65,1472100.0
2007-07-30,17.1,17.9,16.8,17.82,1333100.0
2007-07-31,18.14,18.24,17.61,17.68,807400.0
2007-08-01,17.25,17.74,17.09,17.35,1081100.0
2007-08-02,17.57,18.04,17.57,18.0,1191200.0
2007-08-03,18.0,18.2,17.87,17.88,2181800.0
2007-08-06,17.86,18.22,17.58,18.18,1719600.0
2007-08-07,18.18,19.03,18.05,18.97,913500.0
2007-08-08,19.4,19.88,18.45,18.86,1211700.0
2007-08-09,18.0,18.29,16.5,17.28,1285700.0
2007-08-10,16.75,17.58,16.65,17.49,1048900.0
2007-08-13,17.7,17.88,17.58,17.75,444600.0
2007-08-14,17.85,17.85,16.92,17.0,1055400.0
2007-08-15,16.67,17.19,16.05,16.05,1021700.0
2007-08-16,14.75,15.5,14.39,15.4,2526500.0
2007-08-17,15.98,16.7,15.2,15.73,1225400.0
2007-08-20,15.82,15.98,15.39,15.79,728300.0
2007-08-21,15.65,16.16,15.64,15.98,337600.0
2007-08-22,16.15,16.68,16.15,16.61,469000.0
2007-08-23,16.8,17.0,16.37,16.61,438000.0
2007-08-24,16.55,17.27,16.55,17.05,651200.0
2007-08-27,17.3,17.39,16.89,17.16,393800.0
2007-08-28,16.91,17.0,16.23,16.3,414300.0
2007-08-29,17.11,17.89,17.03,17.75,854500.0
2007-08-30,17.89,18.01,17.61,17.81,496700.0
2007-08-31,17.75,18.05,17.52,18.01,781800.0
2007-09-04,18.0,18.35,17.84,18.17,1079600.0
2007-09-05,18.0,18.0,17.71,17.89,480000.0
2007-09-06,17.99,18.07,17.62,17.88,538200.0
2007-09-07,18.5,19.2,17.22,17.52,871800.0
2007-09-10,17.54,17.62,17.18,17.35,511300.0
2007-09-11,17.73,17.84,17.54,17.7,555100.0
2007-09-12,17.62,17.74,17.39,17.48,547400.0
2007-09-13,17.93,18.34,17.48,18.32,2192700.0
2007-09-14,18.0,18.27,17.74,18.18,2569100.0
2007-09-17,18.0,18.28,17.62,18.03,1185500.0
2007-09-18,18.45,19.72,18.26,19.16,1563400.0
2007-09-19,19.98,20.45,19.91,20.24,1091800.0
2007-09-20,20.1,20.31,20.0,20.12,392800.0
2007-09-21,20.95,21.55,20.43,21.4,1443700.0
2007-09-24,21.63,21.88,20.59,21.07,1086900.0
2007-09-25,20.86,20.87,20.32,20.76,570500.0
2007-09-26,21.15,22.06,21.15,21.87,873000.0
2007-09-27,21.97,22.0,21.34,21.47,691200.0
2007-09-28,21.36,21.38,21.01,21.28,651400.0
2007-10-01,21.01,22.27,21.01,22.27,698500.0
2007-10-02,22.32,22.65,22.12,22.49,674800.0
2007-10-03,23.3,23.34,22.11,22.36,703900.0
2007-10-04,22.64,22.98,22.6,22.94,402200.0
2007-10-05,23.6,24.45,23.6,24.29,936400.0
2007-10-08,24.03,24.03,22.21,23.07,1094900.0
2007-10-09,23.79,23.99,23.41,23.65,685300.0
2007-10-10,23.26,23.26,22.4,22.46,1333500.0
2007-10-11,22.78,23.02,21.86,22.06,1554700.0
2007-10-12,22.12,22.77,22.12,22.42,1203700.0
2007-10-15,23.05,23.3,22.07,22.15,1660900.0
2007-10-16,22.2,22.48,21.59,21.95,3764100.0
2007-10-17,23.0,23.0,21.96,22.32,1737800.0
2007-10-18,22.21,22.5,22.03,22.38,1325000.0
2007-10-19,22.07,22.1,21.03,21.07,1022700.0
2007-10-22,20.59,21.44,19.89,21.22,1191500.0
2007-10-23,21.99,22.0,21.28,21.74,667400.0
2007-10-24,21.31,21.62,20.87,21.42,859000.0
2007-10-25,22.35,22.37,21.77,22.25,989000.0
2007-10-26,23.0,23.0,22.54,22.75,1303700.0
2007-10-29,22.75,23.21,22.65,23.2,1416900.0
2007-10-30,23.2,23.4,22.88,23.12,1301600.0
2007-10-31,23.35,24.04,23.0,24.04,1431400.0
2007-11-01,23.5,23.78,23.03,23.6,1442700.0
2007-11-02,23.95,23.95,23.11,23.75,618000.0
2007-11-05,23.92,23.92,23.1,23.43,850600.0
2007-11-06,23.8,24.12,23.58,24.0,1064600.0
2007-11-07,23.75,23.9,22.65,23.18,1505900.0
2007-11-08,23.8,24.68,23.3,24.07,3165400.0
2007-11-09,24.17,25.59,24.17,25.21,1594900.0
2007-11-12,25.3,25.82,24.6,25.15,1827800.0
2007-11-13,24.89,25.8,24.58,25.46,2638800.0
2007-11-14,28.0,28.0,26.05,26.43,2153400.0
2007-11-15,26.86,26.86,26.02,26.24,1316500.0
2007-11-16,26.83,27.73,26.25,27.5,1392900.0
2007-11-19,27.79,27.79,26.36,26.7,3704500.0
2007-11-20,26.5,27.25,26.01,26.9,2150800.0
2007-11-21,25.6,26.59,24.49,24.77,3021500.0
2007-11-23,25.3,25.3,24.5,25.05,863800.0
2007-11-26,25.49,26.02,25.0,25.22,2563800.0
2007-11-27,25.19,25.65,24.5,25.49,1190400.0
2007-11-28,26.09,27.08,26.06,26.91,2848100.0
2007-11-29,26.57,27.44,26.05,27.0,3159600.0
2007-11-30,27.9,28.29,27.17,27.34,1295500.0
2007-12-03,27.5,27.51,26.9,27.35,987500.0
2007-12-04,27.35,27.76,26.92,27.32,1049000.0
2007-12-05,27.27,29.28,27.25,28.94,2161400.0
2007-12-06,29.05,30.0,29.0,29.73,1955000.0
2007-12-07,29.68,29.68,28.51,28.71,1247000.0
2007-12-10,28.98,29.86,28.72,29.15,994500.0
2007-12-11,29.32,29.32,27.51,27.6,1225400.0
2007-12-12,28.02,29.24,28.02,28.93,1579400.0
2007-12-13,28.34,28.87,28.18,28.76,1243700.0
2007-12-14,28.58,29.08,28.44,28.7,1249700.0
2007-12-17,28.5,28.5,26.23,26.46,1514100.0
2007-12-18,27.27,27.42,26.46,27.27,875400.0
2007-12-19,26.81,27.45,26.63,27.2,880100.0
2007-12-20,27.21,27.77,27.09,27.49,846700.0
2007-12-21,27.29,27.75,27.14,27.45,282100.0
2007-12-24,27.45,28.04,27.31,28.01,243900.0
2007-12-26,28.04,28.1,27.5,28.03,453200.0
2007-12-27,27.68,27.68,26.7,26.82,625700.0
2007-12-28,26.91,27.97,26.91,27.94,795200.0
2007-12-31,27.99,27.99,27.24,27.57,440700.0
2008-01-02,26.98,27.96,26.98,27.47,838100.0
2008-01-03,27.52,27.83,26.88,27.28,1396000.0
2008-01-04,26.9,27.07,25.89,26.1,941200.0
2008-01-07,25.85,26.52,25.0,25.66,2042700.0
2008-01-08,26.23,26.23,24.8,24.95,1191700.0
2008-01-09,24.58,24.99,24.14,24.78,1377800.0
2008-01-10,24.51,25.54,24.5,25.0,1537900.0
2008-01-11,24.38,24.78,24.38,24.52,682100.0
2008-01-14,24.7,25.2,24.67,25.01,1047100.0
2008-01-15,25.0,25.0,24.09,24.16,986600.0
2008-01-16,23.52,24.69,23.42,24.15,2189100.0
2008-01-17,24.19,24.61,23.33,23.47,2971500.0
2008-01-18,24.52,25.2,23.97,24.52,1261000.0
2008-01-22,22.1,23.5,21.15,22.92,1659100.0
2008-01-23,21.2,22.26,20.45,22.16,2840200.0
2008-01-24,22.61,24.61,22.61,24.49,2656700.0
2008-01-25,24.46,24.46,22.6,22.77,1701300.0
2008-01-28,22.74,22.74,21.85,22.27,2783600.0
2008-01-29,22.77,22.93,22.38,22.61,2408200.0
2008-01-30,22.74,22.83,22.02,22.4,3351900.0
2008-01-31,22.0,22.79,21.44,22.66,1815400.0
2008-02-01,22.61,23.5,22.45,23.35,1907000.0
2008-02-04,23.68,23.68,22.84,23.06,917400.0
2008-02-05,22.19,22.28,21.46,21.53,819600.0
2008-02-06,21.11,21.86,21.11,21.31,1466200.0
2008-02-07,20.83,21.79,20.61,21.47,1258400.0
2008-02-08,21.01,21.5,21.01,21.32,778200.0
2008-02-11,21.65,21.81,21.18,21.66,1324100.0
2008-02-12,23.32,24.69,23.32,23.77,2651600.0
2008-02-13,24.32,24.67,23.8,24.51,1085100.0
2008-02-14,24.32,24.93,23.67,23.82,1155400.0
2008-02-15,23.29,24.03,23.19,23.97,749100.0
2008-02-19,23.98,24.19,23.44,23.63,1045100.0
2008-02-20,23.1,23.95,23.01,23.95,1042400.0
2008-02-21,24.0,24.31,23.72,24.26,3355600.0
2008-02-22,24.26,24.74,23.83,24.62,825900.0
2008-02-25,24.2,24.88,24.1,24.81,969500.0
2008-02-26,24.99,27.29,24.85,26.91,3775100.0
2008-02-27,26.33,27.14,25.83,26.83,3289600.0
2008-02-28,26.15,26.26,25.91,26.12,2433400.0
2008-02-29,25.6,25.72,25.1,25.23,1152700.0
2008-03-03,25.0,25.48,24.87,25.31,1488100.0
2008-03-04,24.96,25.34,24.1,24.97,957700.0
2008-03-05,24.99,25.17,24.8,24.89,1047700.0
2008-03-06,24.24,24.24,23.0,23.09,2212300.0
2008-03-07,22.35,23.28,22.22,23.01,2335600.0
2008-03-10,22.67,23.0,22.17,22.39,1132200.0
2008-03-11,23.25,25.4,23.25,25.25,2557200.0
2008-03-12,25.01,25.04,24.13,24.32,2005800.0
2008-03-13,23.69,24.76,23.23,24.4,1826800.0
2008-03-14,24.77,24.77,22.63,23.08,2443300.0
2008-03-17,21.07,22.25,20.97,21.87,2412900.0
2008-03-18,22.55,23.59,22.27,23.43,1646800.0
2008-03-19,23.88,23.88,22.43,22.51,967500.0
2008-03-20,22.0,23.06,21.72,22.78,1694800.0
2008-03-24,21.46,22.53,21.46,22.29,1397900.0
2008-03-25,22.18,22.76,22.07,22.62,1228700.0
2008-03-26,22.66,22.66,22.05,22.08,833900.0
2008-03-27,22.89,23.49,22.76,22.97,1214200.0
2008-03-28,22.39,22.39,21.52,21.65,1235600.0
2008-03-31,20.54,20.94,20.2,20.89,2138000.0
2008-04-01,22.06,22.81,21.92,22.5,1547800.0
2008-04-02,22.27,23.11,22.26,23.0,1227300.0
2008-04-03,22.58,22.86,22.06,22.62,2018300.0
2008-04-04,22.39,22.99,22.0,22.78,1206700.0
2008-04-07,23.0,23.07,22.44,22.87,1127800.0
2008-04-08,22.86,23.35,22.8,23.1,1131800.0
2008-04-09,23.39,23.4,22.67,22.79,753100.0
2008-04-10,22.48,22.48,21.55,21.77,1309300.0
2008-04-11,21.48,21.48,20.55,20.63,1200200.0
2008-04-14,20.24,20.25,19.37,19.65,3302600.0
2008-04-15,19.79,19.96,19.32,19.63,2104400.0
2008-04-16,19.64,20.09,18.91,19.27,2783800.0
2008-04-17,19.12,19.3,18.58,18.89,3040400.0
2008-04-18,20.21,20.25,19.82,20.15,4020000.0
2008-04-21,20.39,20.77,19.97,20.18,2219800.0
2008-04-22,20.22,20.46,19.34,19.5,1711600.0
2008-04-23,19.55,19.94,19.33,19.81,1581800.0
2008-04-24,19.58,19.64,19.04,19.17,2744700.0
2008-04-25,19.81,20.07,19.34,19.97,2706000.0
2008-04-28,20.3,20.51,20.23,20.32,1341000.0
2008-04-29,20.36,20.42,19.45,19.72,1668500.0
2008-04-30,19.72,20.41,19.72,20.15,2236000.0
2008-05-01,20.11,20.18,19.8,20.18,2377200.0
2008-05-02,20.42,20.49,19.8,20.25,1183200.0
2008-05-05,20.52,20.6,20.22,20.37,1267300.0
2008-05-06,20.23,20.23,19.89,20.23,2134800.0
2008-05-07,20.6,21.04,20.44,20.56,3662700.0
2008-05-08,18.97,19.0,17.8,18.14,9629900.0
2008-05-09,18.07,18.33,17.6,17.85,4524900.0
2008-05-12,18.0,18.0,17.28,17.99,3054300.0
2008-05-13,18.29,18.49,18.12,18.32,1741300.0
2008-05-14,18.47,18.96,18.4,18.78,4992400.0
2008-05-15,19.01,19.71,18.86,19.66,4580900.0
2008-05-16,19.67,19.75,19.25,19.52,2789500.0
2008-05-19,19.41,19.41,18.93,19.17,2785000.0
2008-05-20,18.84,19.29,18.7,19.05,4677200.0
2008-05-21,18.95,19.59,18.71,18.99,3075000.0
2008-05-22,19.06,19.97,19.05,19.65,1957000.0
2008-05-23,19.85,19.91,19.23,19.62,1378300.0
2008-05-27,19.25,19.38,18.86,19.23,2246900.0
2008-05-28,19.24,19.36,19.03,19.3,1114400.0
2008-05-29,19.24,19.53,19.06,19.33,752900.0
2008-05-30,19.41,19.55,18.71,19.41,984600.0
2008-06-02,19.73,19.88,19.23,19.48,983600.0
2008-06-03,19.33,19.52,18.81,18.98,1612300.0
2008-06-04,18.7,19.27,18.51,19.0,1273300.0
2008-06-05,19.2,19.35,18.91,19.15,1276500.0
2008-06-06,18.64,18.7,18.29,18.4,2024500.0
2008-06-09,18.15,18.22,17.41,17.53,3876400.0
2008-06-10,17.14,17.34,16.91,17.29,2550800.0
2008-06-11,17.36,17.36,16.87,17.0,2350600.0
2008-06-12,17.01,17.13,16.93,16.98,3707900.0
2008-06-13,17.18,17.52,17.04,17.41,1005200.0
2008-06-16,17.22,17.26,16.96,17.21,936800.0
2008-06-17,17.45,17.86,17.0,17.51,1411300.0
2008-06-18,17.1,17.39,17.09,17.35,1094300.0
2008-06-19,17.09,17.1,16.76,17.07,1225300.0
2008-06-20,16.95,16.95,16.22,16.41,1588700.0
2008-06-23,16.23,16.46,15.88,15.99,2137500.0
2008-06-24,15.95,16.1,15.85,16.05,1083600.0
2008-06-25,16.24,16.63,16.22,16.22,1039600.0
2008-06-26,15.55,15.84,15.19,15.46,1254600.0
2008-06-27,15.0,15.26,14.62,14.95,2121700.0
2008-06-30,14.56,14.82,14.02,14.55,2124100.0
2008-07-01,13.53,14.71,13.43,14.49,2873600.0
2008-07-02,14.78,14.82,14.32,14.38,2016600.0
2008-07-03,15.0,15.43,14.84,15.38,2157500.0
2008-07-07,16.18,16.19,15.16,15.31,1533800.0
2008-07-08,15.53,15.73,15.15,15.68,721600.0
2008-07-09,15.62,15.73,15.1,15.17,1010900.0
2008-07-10,15.17,15.34,14.78,15.09,1535400.0
2008-07-11,14.7,14.7,14.17,14.51,2678300.0
2008-07-14,15.17,15.25,14.39,14.56,1989000.0
2008-07-15,14.28,14.95,14.12,14.59,1508400.0
2008-07-16,14.7,16.02,14.49,15.24,2834100.0
2008-07-17,15.79,15.84,15.16,15.45,1277400.0
2008-07-18,16.18,16.32,15.71,15.83,1993900.0
2008-07-21,16.38,16.5,15.93,16.02,1279700.0
2008-07-22,15.75,16.15,15.68,16.15,1362500.0
2008-07-23,16.11,16.52,16.05,16.37,1606200.0
2008-07-24,16.25,16.43,15.18,15.4,2293600.0
2008-07-25,15.88,16.06,15.6,16.03,1343900.0
2008-07-28,16.16,16.16,15.42,15.6,1033900.0
2008-07-29,16.13,16.53,15.97,16.51,1465500.0
2008-07-30,17.1,19.72,17.1,19.49,8014400.0
2008-07-31,18.86,19.5,18.86,19.3,4556200.0
2008-08-01,18.72,18.95,17.74,18.5,1738100.0
2008-08-04,18.63,18.83,17.98,17.98,2169800.0
2008-08-05,17.95,17.95,17.25,17.73,2750700.0
2008-08-06,17.45,17.71,17.04,17.59,1235700.0
2008-08-07,17.5,17.79,16.52,17.39,1269500.0
2008-08-08,16.95,17.12,16.57,16.98,1436100.0
2008-08-11,17.21,17.84,17.21,17.71,1730500.0
2008-08-12,17.97,18.17,17.57,17.7,1080200.0
2008-08-13,17.5,17.58,17.25,17.56,573500.0
2008-08-14,17.25,17.72,17.25,17.47,494500.0
2008-08-15,17.9,17.9,17.5,17.73,646600.0
2008-08-18,18.14,18.33,17.5,17.68,881600.0
2008-08-19,17.0,17.52,17.0,17.38,1136800.0
2008-08-20,16.97,17.31,16.92,17.24,1138800.0
2008-08-21,16.9,16.97,16.51,16.95,982600.0
2008-08-22,17.24,17.42,17.02,17.2,1012900.0
2008-08-25,17.11,17.27,16.72,16.83,590100.0
2008-08-26,16.62,16.62,16.22,16.39,848400.0
2008-08-27,16.25,16.37,16.12,16.35,1246400.0
2008-08-28,16.71,16.98,16.61,16.86,950600.0
2008-08-29,16.86,16.94,16.52,16.55,587900.0
2008-09-02,16.89,17.21,16.49,16.65,1041200.0
2008-09-03,16.5,16.7,16.3,16.47,900600.0
2008-09-04,16.14,16.24,15.39,15.42,1537900.0
2008-09-05,15.47,15.95,15.31,15.78,1056900.0
2008-09-08,16.6,16.72,15.82,16.19,1620200.0
2008-09-09,16.02,16.32,15.3,15.4,1041600.0
2008-09-10,15.39,15.6,15.26,15.45,1239900.0
2008-09-11,14.4,14.9,13.87,14.85,2049100.0
2008-09-12,14.4,15.39,14.23,15.28,1958000.0
2008-09-15,13.65,14.33,13.48,13.93,2035500.0
2008-09-16,13.4,14.6,13.37,14.34,2917800.0
2008-09-17,13.94,13.94,12.97,13.44,4096500.0
2008-09-18,13.43,15.11,13.16,14.92,2767000.0
2008-09-19,15.1,16.15,15.1,16.15,4251300.0
2008-09-22,15.75,16.26,15.4,15.44,734000.0
2008-09-23,15.89,15.97,15.47,15.51,1809700.0
2008-09-24,15.98,16.3,15.86,16.03,1164900.0
2008-09-25,16.31,16.94,16.31,16.84,1303400.0
2008-09-26,16.4,16.91,16.33,16.82,1076200.0
2008-09-29,16.3,16.55,14.35,14.6,2830800.0
2008-09-30,14.9,15.41,14.84,14.99,2055300.0
2008-10-01,15.37,16.58,14.08,16.35,1569000.0
2008-10-02,16.4,16.4,15.07,15.29,1627600.0
2008-10-03,15.19,15.8,14.65,15.02,1463300.0
2008-10-06,13.79,14.25,12.25,14.12,3267000.0
2008-10-07,13.85,14.1,12.53,12.71,1202600.0
2008-10-08,13.08,13.8,12.61,13.18,2058100.0
2008-10-09,14.01,14.13,12.61,12.67,2478900.0
2008-10-10,12.36,13.98,11.85,13.5,2970000.0
2008-10-13,13.99,15.0,13.31,14.74,2242200.0
2008-10-14,14.5,16.08,14.5,15.14,3084900.0
2008-10-15,14.41,14.59,13.03,13.22,1456400.0
2008-10-16,12.95,13.07,12.11,12.97,2314500.0
2008-10-17,12.45,13.77,12.17,13.1,1591100.0
2008-10-20,13.32,14.04,13.15,14.02,1287800.0
2008-10-21,13.58,13.72,12.45,12.72,1438300.0
2008-10-22,12.44,12.47,11.02,11.42,2019000.0
2008-10-23,11.57,11.7,10.43,11.31,2457000.0
2008-10-24,10.25,10.99,9.51,9.7,3135700.0
2008-10-27,10.2,10.49,9.62,9.93,2568000.0
2008-10-28,11.18,11.7,10.6,11.69,1274600.0
2008-10-29,11.54,12.58,10.82,11.79,1451800.0
2008-10-30,12.21,12.42,11.42,12.34,1434800.0
2008-10-31,11.88,12.67,11.65,12.27,1466200.0
2008-11-03,12.28,12.56,12.06,12.52,1527500.0
2008-11-04,13.2,14.49,13.2,14.29,1043200.0
2008-11-05,13.77,14.16,12.97,13.26,1177500.0
2008-11-06,13.32,13.72,12.11,12.16,2314700.0
2008-11-07,14.19,14.57,13.55,14.42,2112200.0
2008-11-10,14.24,14.74,13.34,13.75,852400.0
2008-11-11,13.32,13.42,12.46,12.68,1491700.0
2008-11-12,12.25,12.43,11.47,11.6,1791900.0
2008-11-13,12.12,12.66,11.47,12.48,2705700.0
2008-11-14,12.14,12.59,11.85,11.95,1248100.0
2008-11-17,11.75,11.98,11.29,11.69,1098400.0
2008-11-18,11.51,11.9,11.02,11.51,1112400.0
2008-11-19,11.0,11.33,10.15,10.2,1136100.0
2008-11-20,10.61,11.55,10.09,10.29,2301200.0
2008-11-21,11.5,11.66,10.46,11.45,1567500.0
2008-11-24,12.47,12.71,12.06,12.41,1804100.0
2008-11-25,12.62,12.81,12.15,12.47,813300.0
2008-11-26,12.7,13.98,12.7,13.9,1054300.0
2008-11-28,13.91,14.25,13.42,13.78,866200.0
2008-12-01,13.49,13.64,12.56,12.66,949500.0
2008-12-02,13.27,13.8,13.12,13.73,1165500.0
2008-12-03,13.78,14.25,13.3,14.11,1302000.0
2008-12-04,14.05,14.62,13.59,13.91,1307100.0
2008-12-05,13.39,13.96,12.94,13.89,1142600.0
2008-12-08,14.5,15.17,13.88,14.88,1076600.0
2008-12-09,15.18,15.37,14.5,14.59,1257500.0
2008-12-10,14.48,15.2,14.39,15.05,1068300.0
2008-12-11,14.83,15.49,14.82,14.87,1422900.0
2008-12-12,14.05,14.66,13.88,14.63,1897300.0
2008-12-15,14.61,14.68,13.86,14.1,758300.0
2008-12-16,14.15,15.5,13.96,15.33,1878800.0
2008-12-17,14.44,14.61,14.14,14.27,1216200.0
2008-12-18,14.12,14.49,13.69,13.83,1004300.0
2008-12-19,14.32,14.64,13.95,14.01,786100.0
2008-12-22,13.59,13.97,13.59,13.69,1119400.0
2008-12-23,14.01,14.15,13.79,13.94,723100.0
2008-12-24,14.05,14.05,13.61,13.67,279100.0
2008-12-26,14.17,14.22,13.81,14.07,316400.0
2008-12-29,14.25,14.25,13.57,13.89,474800.0
2008-12-30,14.0,14.05,13.74,14.02,501300.0
2008-12-31,14.02,14.69,14.01,14.58,624300.0
2009-01-02,14.33,14.91,14.02,14.69,558600.0
2009-01-05,14.64,15.35,14.64,15.18,1017400.0
2009-01-06,15.28,15.6,15.11,15.33,762000.0
2009-01-07,14.9,14.91,14.31,14.49,468600.0
2009-01-08,14.04,14.33,13.93,14.28,391700.0
2009-01-09,14.48,14.52,13.48,13.57,708300.0
2009-01-12,12.65,12.87,12.13,12.29,1148300.0
2009-01-13,12.68,12.87,12.59,12.82,716800.0
2009-01-14,12.85,12.96,12.1,12.35,978200.0
2009-01-15,12.64,13.04,12.34,12.79,1244400.0
2009-01-16,13.17,13.35,12.52,13.04,698000.0
2009-01-20,12.65,12.65,11.89,11.93,744200.0
2009-01-21,12.2,12.84,12.1,12.77,1175600.0
2009-01-22,12.43,12.9,12.21,12.55,678800.0
2009-01-23,12.51,13.1,12.45,12.88,730500.0
2009-01-26,13.5,13.69,13.21,13.35,735700.0
2009-01-27,13.29,13.38,12.69,13.18,778300.0
2009-01-28,13.69,14.08,13.48,13.91,1312900.0
2009-01-29,13.69,13.69,13.35,13.41,695000.0
2009-01-30,13.38,13.68,12.94,13.17,657200.0
2009-02-02,13.3,13.5,12.8,13.1,1037700.0
2009-02-03,13.7,13.85,13.45,13.67,1097100.0
2009-02-04,13.73,13.76,13.2,13.38,1259200.0
2009-02-05,13.41,13.78,13.14,13.68,925800.0
2009-02-06,14.05,14.56,13.91,14.3,760400.0
2009-02-09,14.83,14.83,14.01,14.25,1386700.0
2009-02-10,13.9,13.92,12.8,13.07,1479800.0
2009-02-11,13.27,13.31,12.89,13.07,1320000.0
2009-02-12,13.0,13.18,12.65,13.16,731300.0
2009-02-13,13.16,13.43,13.06,13.26,503000.0
2009-02-17,12.82,12.89,12.35,12.65,1259800.0
2009-02-18,12.53,12.89,12.47,12.75,838900.0
2009-02-19,13.47,13.52,12.85,12.97,748900.0
2009-02-20,12.68,13.15,12.55,13.0,786700.0
2009-02-23,13.48,13.55,12.88,13.02,1059300.0
2009-02-24,13.32,13.58,13.01,13.47,1305100.0
2009-02-25,13.25,13.68,13.09,13.34,742800.0
2009-02-26,12.61,12.89,12.06,12.32,1191200.0
2009-02-27,12.25,12.57,12.14,12.32,906900.0
2009-03-02,11.77,11.95,11.2,11.37,1022300.0
2009-03-03,11.55,12.07,11.55,11.85,657500.0
2009-03-04,11.98,12.73,11.98,12.39,901300.0
2009-03-05,11.53,11.76,11.05,11.22,1364900.0
2009-03-06,11.53,11.53,10.9,11.25,993200.0
2009-03-09,11.32,11.55,11.03,11.15,1071700.0
2009-03-10,11.44,12.0,11.36,11.87,600400.0
2009-03-11,11.87,11.97,11.25,11.51,659500.0
2009-03-12,11.13,12.16,11.13,12.13,665500.0
2009-03-13,12.04,12.07,11.51,11.62,1056000.0
2009-03-16,11.91,12.01,11.56,11.58,925600.0
2009-03-17,11.44,11.59,11.34,11.57,1130200.0
2009-03-18,11.6,11.92,11.07,11.88,908700.0
2009-03-19,11.99,11.99,11.36,11.6,2562000.0
2009-03-20,11.83,11.83,11.51,11.62,696400.0
2009-03-23,11.7,12.13,11.66,12.13,888700.0
2009-03-24,11.8,11.86,11.59,11.64,557700.0
2009-03-25,11.73,11.9,11.53,11.81,1179800.0
2009-03-26,11.81,11.85,11.59,11.8,845100.0
2009-03-27,11.77,11.95,11.7,11.84,949500.0
2009-03-30,11.75,12.04,11.71,12.02,1445500.0
2009-03-31,11.97,12.52,11.97,12.29,869300.0
2009-04-01,12.3,12.9,12.11,12.72,1066000.0
2009-04-02,12.42,12.75,12.16,12.56,1693700.0
2009-04-03,12.42,12.65,12.39,12.61,828100.0
2009-04-06,12.42,12.57,12.2,12.56,728900.0
2009-04-07,12.24,12.49,12.1,12.24,640400.0
2009-04-08,12.24,12.81,12.24,12.79,537300.0
2009-04-09,12.85,13.19,12.85,13.13,436500.0
2009-04-13,13.09,13.25,13.03,13.24,396400.0
2009-04-14,13.0,13.0,12.46,12.65,903700.0
2009-04-15,12.43,12.74,12.4,12.74,416000.0
2009-04-16,13.0,13.13,12.76,13.02,788700.0
2009-04-17,12.78,12.91,12.72,12.74,493800.0
2009-04-20,12.3,12.3,11.94,12.01,1328400.0
2009-04-21,11.91,12.21,11.75,12.14,895200.0
2009-04-22,12.07,12.46,12.06,12.09,1118200.0
2009-04-23,12.0,12.27,11.86,12.23,1197600.0
2009-04-24,12.3,12.51,12.14,12.32,799000.0
2009-04-27,11.83,12.06,11.79,11.86,1371100.0
2009-04-28,11.75,11.81,11.57,11.73,1306700.0
2009-04-29,12.24,12.73,12.15,12.47,744600.0
2009-04-30,12.75,12.99,12.53,12.7,583200.0
2009-05-01,12.61,12.9,12.49,12.89,630000.0
2009-05-04,12.89,13.37,12.8,13.36,861400.0
2009-05-05,13.11,13.31,12.84,12.92,1374000.0
2009-05-06,12.98,13.12,12.72,13.12,1665500.0
2009-05-07,12.83,12.9,12.28,12.34,1050000.0
2009-05-08,12.67,13.11,12.47,12.79,1455500.0
2009-05-11,12.86,12.89,12.63,12.76,397400.0
2009-05-12,12.93,13.13,12.78,13.01,482700.0
2009-05-13,12.69,12.85,12.51,12.7,816500.0
2009-05-14,12.09,12.33,12.08,12.14,1145400.0
2009-05-15,11.9,12.31,11.9,12.25,790400.0
2009-05-18,12.46,12.79,12.41,12.78,474500.0
2009-05-19,12.4,12.95,12.27,12.88,920000.0
2009-05-20,13.09,13.31,13.03,13.24,1052700.0
2009-05-21,12.85,13.09,12.34,13.06,1466600.0
2009-05-22,12.99,13.33,12.91,12.95,1046200.0
2009-05-26,12.73,13.05,12.59,12.95,663400.0
2009-05-27,12.91,13.09,12.78,12.87,516700.0
2009-05-28,12.89,12.93,12.34,12.67,1252700.0
2009-05-29,13.03,13.38,13.01,13.31,1038500.0
2009-06-01,13.37,13.85,13.37,13.81,1442500.0
2009-06-02,13.37,13.74,13.34,13.56,1485200.0
2009-06-03,13.1,13.11,12.68,12.83,1118800.0
2009-06-04,12.54,13.04,12.54,13.01,665600.0
2009-06-05,13.31,13.64,13.09,13.39,1467700.0
2009-06-08,13.01,13.2,12.9,13.01,645900.0
2009-06-09,13.18,13.28,13.04,13.23,392900.0
2009-06-10,13.51,13.51,13.03,13.18,669800.0
2009-06-11,13.09,13.57,13.05,13.45,743800.0
2009-06-12,13.63,13.75,13.25,13.57,1419200.0
2009-06-15,13.6,13.6,13.15,13.31,774000.0
2009-06-16,13.52,13.55,13.3,13.3,275900.0
2009-06-17,13.56,13.56,13.21,13.41,226600.0
2009-06-18,13.4,13.77,13.4,13.59,373100.0
2009-06-19,13.78,14.1,13.65,13.67,1044400.0
2009-06-22,13.62,13.66,13.11,13.14,639800.0
2009-06-23,13.1,13.19,12.95,13.11,555100.0
2009-06-24,13.45,13.45,13.12,13.2,554700.0
2009-06-25,13.43,13.88,13.3,13.85,504800.0
2009-06-26,13.85,14.1,13.72,13.94,564200.0
2009-06-29,14.03,14.04,13.76,13.85,596900.0
2009-06-30,13.83,14.16,13.75,13.86,1569000.0
2009-07-01,14.13,14.35,13.97,14.0,1041800.0
2009-07-02,14.2,14.2,13.5,13.8,861100.0
2009-07-06,13.6,13.7,13.47,13.67,319800.0
2009-07-07,13.75,13.85,13.57,13.61,752100.0
2009-07-08,13.71,13.71,13.25,13.4,584400.0
2009-07-09,13.64,13.64,13.45,13.56,358600.0
2009-07-10,13.5,13.52,13.26,13.47,388800.0
2009-07-13,13.21,13.57,13.2,13.56,651700.0
2009-07-14,13.3,13.46,13.25,13.35,325300.0
2009-07-15,13.53,13.77,13.37,13.75,1484600.0
2009-07-16,13.67,13.97,13.55,13.93,782300.0
2009-07-17,13.87,13.9,13.57,13.84,289900.0
2009-07-20,13.96,14.08,13.95,14.0,443600.0
2009-07-21,13.99,14.08,13.81,14.0,257400.0
2009-07-22,13.07,14.09,13.07,14.07,327200.0
2009-07-23,14.09,14.38,14.0,14.22,858300.0
2009-07-24,14.5,14.5,14.03,14.19,229800.0
2009-07-27,14.5,14.5,14.17,14.3,263900.0
2009-07-28,14.2,14.48,14.17,14.42,427300.0
2009-07-29,14.28,14.49,14.28,14.4,597200.0
2009-07-30,14.65,15.05,14.65,14.92,653500.0
2009-07-31,15.64,15.97,15.6,15.78,1331700.0
2009-08-03,16.65,16.88,16.55,16.6,1425600.0
2009-08-04,17.0,17.0,16.16,16.55,666900.0
2009-08-05,16.56,16.56,15.91,16.11,1157800.0
2009-08-06,15.69,15.81,15.45,15.73,733800.0
2009-08-07,15.89,16.08,15.59,15.98,549200.0
2009-08-10,16.27,16.4,15.98,16.18,478100.0
2009-08-11,16.32,16.32,16.05,16.12,512000.0
2009-08-12,16.26,16.28,15.62,16.06,1373800.0
2009-08-13,16.49,16.49,16.03,16.19,1372500.0
2009-08-14,16.25,16.32,16.0,16.12,568500.0
2009-08-17,15.82,16.0,15.75,15.85,320600.0
2009-08-18,15.89,16.06,15.79,16.06,224900.0
2009-08-19,16.14,16.64,16.02,16.52,1034500.0
2009-08-20,16.65,16.7,16.45,16.6,247000.0
2009-08-21,16.83,16.86,16.56,16.7,349600.0
2009-08-24,16.81,17.18,16.81,17.02,582700.0
2009-08-25,17.05,17.49,17.03,17.26,979900.0
2009-08-26,17.06,17.2,16.83,17.04,483500.0
2009-08-27,16.82,16.9,16.46,16.86,582100.0
2009-08-28,16.55,16.92,16.55,16.74,339100.0
2009-08-31,16.5,16.58,16.03,16.11,499900.0
2009-09-01,16.25,16.42,15.81,15.99,886800.0
2009-09-02,15.57,15.94,15.55,15.89,312500.0
2009-09-03,15.83,16.06,15.69,16.05,270500.0
2009-09-04,15.59,16.08,15.5,16.01,493300.0
2009-09-08,16.09,16.27,15.97,16.19,345600.0
2009-09-09,16.21,16.48,16.2,16.38,656700.0
2009-09-10,16.5,16.68,16.27,16.68,289900.0
2009-09-11,16.56,17.03,16.48,16.91,545000.0
2009-09-14,16.59,16.74,16.4,16.68,593400.0
2009-09-15,16.57,16.69,16.4,16.56,587200.0
2009-09-16,16.61,16.99,16.58,16.84,785300.0
2009-09-17,16.9,16.93,16.55,16.88,860400.0
2009-09-18,17.02,17.18,16.86,17.18,965200.0
2009-09-21,17.08,17.3,17.06,17.21,686200.0
2009-09-22,17.39,17.43,17.21,17.23,1064400.0
2009-09-23,17.52,17.7,17.33,17.37,1139500.0
2009-09-24,17.54,17.67,17.28,17.29,616200.0
2009-09-25,17.49,17.49,17.1,17.29,422900.0
2009-09-28,17.16,17.53,17.04,17.38,443600.0
2009-09-29,17.59,17.65,17.33,17.4,635000.0
2009-09-30,18.19,18.2,17.61,17.87,1007000.0
2009-10-01,17.75,17.75,16.94,16.97,2273000.0
2009-10-02,16.84,17.09,16.7,16.94,477200.0
2009-10-05,17.14,17.26,17.03,17.15,704400.0
2009-10-06,17.6,17.77,17.47,17.63,1381100.0
2009-10-07,17.55,17.95,17.55,17.85,1389300.0
2009-10-08,18.05,18.21,17.87,18.05,1004500.0
2009-10-09,18.18,18.27,18.09,18.24,632700.0
2009-10-12,18.25,18.71,18.25,18.65,569000.0
2009-10-13,18.19,18.52,17.92,18.12,595200.0
2009-10-14,18.18,18.53,18.1,18.52,756600.0
2009-10-15,18.35,18.6,18.13,18.48,528600.0
2009-10-16,18.19,18.35,18.12,18.25,423900.0
2009-10-19,18.35,18.51,18.15,18.49,583900.0
2009-10-20,18.64,18.64,18.15,18.21,511300.0
2009-10-21,17.62,18.04,17.39,17.87,881800.0
2009-10-22,17.39,17.65,17.07,17.26,1583000.0
2009-10-23,17.1,17.43,17.03,17.34,1432900.0
2009-10-26,17.33,17.5,17.11,17.16,737100.0
2009-10-27,17.18,17.18,16.88,16.98,594400.0
2009-10-28,16.7,16.8,16.26,16.29,793000.0
2009-10-29,16.37,17.16,16.37,16.99,1557700.0
2009-10-30,16.81,17.0,16.23,16.43,776100.0
2009-11-02,16.54,16.91,16.35,16.64,691200.0
2009-11-03,16.25,16.67,16.12,16.66,1037900.0
2009-11-04,17.1,17.4,17.07,17.29,645200.0
2009-11-05,16.83,17.14,16.76,16.99,757500.0
2009-11-06,16.63,16.86,16.6,16.71,831600.0
2009-11-09,16.74,16.97,16.74,16.87,754700.0
2009-11-10,17.01,17.01,16.69,16.7,629100.0
2009-11-11,17.03,17.04,16.82,16.9,660500.0
2009-11-12,16.81,16.91,16.61,16.66,374400.0
2009-11-13,16.51,16.69,16.35,16.57,331400.0
2009-11-16,16.67,16.84,16.61,16.74,369800.0
2009-11-17,16.62,16.89,16.62,16.89,326500.0
2009-11-18,16.32,16.35,16.07,16.18,1183600.0
2009-11-19,16.03,16.12,15.87,16.03,967000.0
2009-11-20,15.56,15.78,15.55,15.75,872900.0
2009-11-23,15.66,15.75,15.52,15.65,622500.0
2009-11-24,15.6,15.67,15.47,15.62,418500.0
2009-11-25,15.6,15.76,15.54,15.69,366900.0
2009-11-27,15.15,15.63,15.14,15.48,315600.0
2009-11-30,15.41,15.57,15.31,15.36,501800.0
2009-12-01,15.71,15.94,15.61,15.75,524600.0
2009-12-02,16.42,16.59,16.19,16.29,908700.0
2009-12-03,16.97,17.19,16.86,16.91,1188400.0
2009-12-04,17.06,17.23,16.7,16.82,712600.0
2009-12-07,16.81,16.93,16.67,16.78,309600.0
2009-12-08,16.41,16.42,16.28,16.35,376300.0
2009-12-09,16.36,16.39,15.7,15.81,1058200.0
2009-12-10,15.94,16.09,15.75,15.77,812500.0
2009-12-11,16.02,16.03,15.7,15.8,978100.0
2009-12-14,16.5,16.5,16.2,16.3,1953700.0
2009-12-15,16.27,16.44,16.2,16.37,1656600.0
2009-12-16,16.44,16.5,16.34,16.35,474400.0
2009-12-17,16.25,16.36,16.05,16.29,1133300.0
2009-12-18,16.29,16.68,16.29,16.36,1148300.0
2009-12-21,16.61,16.77,16.46,16.71,361700.0
2009-12-22,16.9,16.9,16.72,16.86,296200.0
2009-12-23,16.85,17.01,16.75,16.97,413400.0
2009-12-24,16.96,17.11,16.95,17.03,109500.0
2009-12-28,17.17,17.27,17.07,17.21,305300.0
2009-12-29,17.25,17.5,17.17,17.2,391100.0
2009-12-30,17.11,17.27,17.08,17.22,292800.0
2009-12-31,17.77,17.88,17.47,17.49,556000.0
2010-01-04,17.85,18.22,17.85,18.12,599200.0
2010-01-05,18.97,19.01,18.65,18.9,734400.0
2010-01-06,19.06,19.31,19.04,19.13,635600.0
2010-01-07,19.6,19.75,19.4,19.57,763700.0
2010-01-08,19.38,19.43,19.19,19.42,618300.0
2010-01-11,19.53,19.61,19.22,19.4,480900.0
2010-01-12,19.2,19.31,19.0,19.3,430800.0
2010-01-13,19.68,19.8,19.53,19.67,1439700.0
2010-01-14,19.73,19.84,19.55,19.78,598200.0
2010-01-15,19.7,19.72,19.23,19.35,559000.0
2010-01-19,19.54,19.99,19.54,19.98,749900.0
2010-01-20,19.8,19.83,19.51,19.69,450900.0
2010-01-21,19.26,19.37,19.08,19.14,543900.0
2010-01-22,19.0,19.16,18.81,18.91,282700.0
2010-01-25,19.06,19.24,19.0,19.19,248100.0
2010-01-26,18.87,19.09,18.75,18.95,388000.0
2010-01-27,19.04,19.04,18.5,18.71,559300.0
2010-01-28,18.61,18.69,18.33,18.39,624000.0
2010-01-29,18.06,18.48,18.06,18.19,957400.0
2010-02-01,18.31,18.77,18.31,18.75,554200.0
2010-02-02,18.67,18.72,18.5,18.63,407300.0
2010-02-03,18.63,18.71,18.41,18.51,614500.0
2010-02-04,18.09,18.09,17.44,17.44,604100.0
2010-02-05,16.83,16.84,16.16,16.71,1066300.0
2010-02-08,16.38,16.83,16.04,16.55,550600.0
2010-02-09,16.86,17.35,16.86,17.1,868800.0
2010-02-10,16.97,17.02,16.67,16.85,479200.0
2010-02-11,16.85,17.24,16.7,17.07,1100500.0
2010-02-12,16.25,16.36,16.02,16.29,1423500.0
2010-02-16,16.43,16.8,16.36,16.76,695600.0
2010-02-17,16.59,16.76,16.4,16.44,800500.0
2010-02-18,16.28,16.47,16.11,16.35,1232200.0
2010-02-19,16.03,16.58,16.03,16.42,882900.0
2010-02-22,16.2,16.22,16.09,16.1,813100.0
2010-02-23,15.89,16.0,15.56,15.59,1512400.0
2010-02-24,15.5,15.57,15.15,15.49,1976800.0
2010-02-25,14.83,15.11,14.63,15.08,1994000.0
2010-02-26,14.46,14.87,14.37,14.81,2695400.0
2010-03-01,14.87,15.21,14.84,15.19,1516600.0
2010-03-02,15.35,15.51,15.18,15.35,1086200.0
2010-03-03,15.2,15.34,15.12,15.16,883800.0
2010-03-04,14.79,14.83,14.65,14.8,961000.0
2010-03-05,14.97,15.15,14.92,15.12,647600.0
2010-03-08,15.33,15.45,15.28,15.44,819300.0
2010-03-09,15.27,15.54,15.18,15.41,729800.0
2010-03-10,15.32,15.49,15.25,15.42,886800.0
2010-03-11,15.25,15.25,15.06,15.22,359400.0
2010-03-12,15.25,15.32,15.04,15.14,486200.0
2010-03-15,15.2,15.53,15.2,15.5,630100.0
2010-03-16,15.55,15.68,15.32,15.65,2618400.0
2010-03-17,15.68,15.74,15.56,15.67,617000.0
2010-03-18,15.42,15.48,15.17,15.28,1150400.0
2010-03-19,14.98,15.22,14.96,14.98,1055800.0
2010-03-22,14.83,14.99,14.75,14.89,788300.0
2010-03-23,15.0,15.17,14.93,15.14,705700.0
2010-03-24,14.49,14.69,14.42,14.54,1296400.0
2010-03-25,14.77,14.85,14.55,14.56,2081500.0
2010-03-26,14.77,14.8,14.61,14.68,389100.0
2010-03-29,14.71,14.91,14.65,14.85,205200.0
2010-03-30,14.89,15.15,14.79,14.87,336600.0
2010-03-31,15.06,15.24,14.89,15.06,740100.0
2010-04-01,15.38,15.46,15.17,15.35,683200.0
2010-04-05,15.54,15.59,15.4,15.58,492400.0
2010-04-06,15.5,15.52,15.3,15.44,865600.0
2010-04-07,15.7,15.87,15.67,15.75,1298200.0
2010-04-08,15.72,15.75,15.6,15.69,619300.0
2010-04-09,15.74,15.9,15.74,15.87,710800.0
2010-04-12,15.99,15.99,15.79,15.91,482700.0
2010-04-13,15.92,15.95,15.77,15.91,624500.0
2010-04-14,15.99,16.08,15.87,16.07,573700.0
2010-04-15,16.05,16.22,16.0,16.13,406200.0
2010-04-16,15.98,15.99,15.68,15.78,591000.0
2010-04-19,15.51,15.7,15.43,15.7,397200.0
2010-04-20,15.77,15.85,15.62,15.78,633100.0
2010-04-21,15.79,15.79,15.55,15.65,551300.0
2010-04-22,15.67,15.94,15.57,15.92,327400.0
2010-04-23,15.99,16.05,15.66,16.03,353000.0
2010-04-26,15.99,16.2,15.97,16.1,872100.0
2010-04-27,15.95,16.0,15.55,15.57,669300.0
2010-04-28,15.73,15.81,15.58,15.73,616000.0
2010-04-29,15.87,16.0,15.83,15.93,550000.0
2010-04-30,16.06,16.25,15.9,16.17,774300.0
2010-05-03,16.14,16.2,15.97,16.18,366300.0
2010-05-04,15.89,15.96,15.65,15.72,975400.0
2010-05-05,15.63,15.63,15.28,15.43,713200.0
2010-05-06,15.05,15.31,13.2,14.4,1563200.0
2010-05-07,14.22,14.22,13.6,13.95,973400.0
2010-05-10,14.7,14.75,14.48,14.73,685900.0
2010-05-11,14.48,14.94,14.35,14.65,1347200.0
2010-05-12,14.73,15.03,14.65,14.94,1175500.0
2010-05-13,14.91,15.11,14.8,14.95,1095400.0
2010-05-14,13.93,13.97,13.58,13.64,1126500.0
2010-05-17,13.49,13.63,13.12,13.49,1073400.0
2010-05-18,13.52,13.55,13.05,13.19,731200.0
2010-05-19,13.05,13.2,12.7,12.97,1063800.0
2010-05-20,12.5,12.61,12.16,12.34,1136400.0
2010-05-21,12.5,12.86,12.35,12.76,622300.0
2010-05-24,12.99,13.2,12.93,13.02,818800.0
2010-05-25,12.61,13.15,12.54,13.15,1388500.0
2010-05-26,13.21,13.3,12.91,12.97,739500.0
2010-05-27,13.09,13.55,13.09,13.53,563000.0
2010-05-28,13.24,13.69,13.24,13.48,973300.0
2010-06-01,13.27,13.52,12.99,13.0,899400.0
2010-06-02,13.22,13.5,13.15,13.5,542400.0
2010-06-03,13.41,13.67,13.41,13.59,944700.0
2010-06-04,13.43,13.58,13.2,13.29,701000.0
2010-06-07,13.36,13.66,13.25,13.32,561400.0
2010-06-08,13.53,13.58,13.05,13.35,683700.0
2010-06-09,13.5,13.65,13.2,13.29,658600.0
2010-06-10,13.38,13.68,13.36,13.68,1229800.0
2010-06-11,13.37,13.8,13.25,13.75,766700.0
2010-06-14,13.78,13.79,13.36,13.39,709200.0
2010-06-15,13.61,13.76,13.5,13.76,402400.0
2010-06-16,13.62,13.71,13.45,13.67,195800.0
2010-06-17,13.58,13.7,13.49,13.58,415100.0
2010-06-18,13.56,13.58,13.46,13.52,319200.0
2010-06-21,13.6,13.67,13.44,13.46,430400.0
2010-06-22,13.53,13.53,13.32,13.36,706200.0
2010-06-23,13.36,13.45,13.2,13.41,370200.0
2010-06-24,13.22,13.38,13.13,13.21,164600.0
2010-06-25,13.32,13.66,13.32,13.52,472300.0
2010-06-28,13.48,13.6,13.41,13.49,149500.0
2010-06-29,13.25,13.34,13.02,13.07,706000.0
2010-06-30,13.12,13.15,12.86,12.98,844000.0
2010-07-01,12.68,12.92,12.58,12.83,1193800.0
2010-07-02,12.87,12.98,12.75,12.81,546600.0
2010-07-06,13.28,13.32,13.11,13.19,966900.0
2010-07-07,13.11,13.24,13.07,13.23,1280600.0
2010-07-08,13.35,13.44,13.22,13.28,1049200.0
2010-07-09,13.22,13.25,13.15,13.2,478400.0
2010-07-12,13.2,13.3,13.19,13.29,557200.0
2010-07-13,13.31,13.52,13.21,13.44,1260900.0
2010-07-14,13.14,13.3,13.14,13.27,337800.0
2010-07-15,13.21,13.27,13.04,13.27,355600.0
2010-07-16,13.13,13.16,12.97,12.97,398700.0
2010-07-19,13.0,13.13,12.97,13.12,188800.0
2010-07-20,12.95,13.24,12.93,13.21,278000.0
2010-07-21,13.14,13.15,12.89,12.93,508200.0
2010-07-22,13.44,13.65,13.36,13.58,563600.0
2010-07-23,13.56,13.67,13.46,13.62,461300.0
2010-07-26,13.57,14.0,13.55,13.93,593500.0
2010-07-27,14.29,14.34,14.15,14.23,695800.0
2010-07-28,14.49,14.49,14.28,14.38,412800.0
2010-07-29,14.48,14.56,14.25,14.43,603100.0
2010-07-30,14.48,14.52,14.31,14.5,731700.0
2010-08-02,14.88,15.05,14.88,15.05,644200.0
2010-08-03,14.95,15.09,14.89,14.96,507000.0
2010-08-04,15.0,15.04,14.94,15.01,388600.0
2010-08-05,15.1,15.18,15.04,15.13,423100.0
2010-08-06,15.12,15.23,15.1,15.18,464400.0
2010-08-09,15.32,15.38,15.07,15.23,564800.0
2010-08-10,15.04,15.15,14.92,15.12,232200.0
2010-08-11,14.98,14.98,14.7,14.76,468100.0
2010-08-12,14.5,14.61,14.38,14.59,437100.0
2010-08-13,14.63,14.78,14.59,14.76,213100.0
2010-08-16,14.74,15.05,14.71,15.0,382400.0
2010-08-17,14.92,15.0,14.85,14.94,369400.0
2010-08-18,14.87,14.92,14.77,14.83,308900.0
2010-08-19,14.68,14.9,14.6,14.76,305600.0
2010-08-20,14.71,15.0,14.71,14.97,489100.0
2010-08-23,14.97,15.23,14.97,15.17,464500.0
2010-08-24,15.0,15.09,14.92,15.03,698000.0
2010-08-25,14.95,15.03,14.85,15.0,969700.0
2010-08-26,14.99,15.16,14.94,15.08,578000.0
2010-08-27,15.38,15.88,15.38,15.88,685900.0
2010-08-30,15.75,15.77,15.49,15.49,602700.0
2010-08-31,15.63,15.89,15.52,15.85,959400.0
2010-09-01,15.92,16.04,15.66,15.81,1466600.0
2010-09-02,16.13,16.13,15.98,16.08,867800.0
2010-09-03,16.35,16.6,16.35,16.51,552600.0
2010-09-07,16.27,16.4,16.23,16.3,431300.0
2010-09-08,16.26,16.49,16.22,16.42,679100.0
2010-09-09,16.4,16.44,16.31,16.41,223800.0
2010-09-10,16.37,16.55,16.37,16.52,163500.0
2010-09-13,16.62,16.8,16.62,16.8,256100.0
2010-09-14,16.73,17.0,16.73,16.92,331900.0
2010-09-15,16.77,16.84,16.76,16.81,342600.0
2010-09-16,16.74,16.74,16.49,16.62,398000.0
2010-09-17,16.64,16.73,16.55,16.61,474500.0
2010-09-20,16.7,16.83,16.51,16.78,486700.0
2010-09-21,16.8,16.8,16.56,16.75,323200.0
2010-09-22,16.85,16.86,16.7,16.8,227800.0
2010-09-23,16.63,16.72,16.56,16.68,230400.0
2010-09-24,16.81,16.89,16.67,16.88,226200.0
2010-09-27,16.84,16.84,16.6,16.74,227600.0
2010-09-28,16.68,16.85,16.49,16.84,226900.0
2010-09-29,16.49,16.56,16.37,16.5,402700.0
2010-09-30,16.8,16.82,16.7,16.76,602000.0
2010-10-01,16.98,17.11,16.94,17.03,594500.0
2010-10-04,17.08,17.22,17.0,17.18,878700.0
2010-10-05,17.35,17.55,17.31,17.55,631000.0
2010-10-06,18.25,18.29,18.03,18.23,1041800.0
2010-10-07,18.47,18.5,18.18,18.34,626400.0
2010-10-08,18.48,18.48,18.26,18.41,537400.0
2010-10-11,18.36,18.39,18.19,18.3,286100.0
2010-10-12,18.66,18.73,18.35,18.68,970300.0
2010-10-13,19.23,19.38,19.06,19.27,1116500.0
2010-10-14,19.27,19.3,18.97,19.02,1132900.0
2010-10-15,18.96,19.07,18.75,19.07,1226900.0
2010-10-18,19.05,19.11,18.86,19.11,271500.0
2010-10-19,18.76,18.8,18.18,18.33,850900.0
2010-10-20,18.5,18.85,18.43,18.69,440000.0
2010-10-21,18.8,18.9,18.5,18.72,355900.0
2010-10-22,19.05,19.19,19.0,19.17,455400.0
2010-10-25,18.87,19.05,18.58,18.64,457200.0
2010-10-26,18.51,18.66,18.5,18.61,491900.0
2010-10-27,17.7,17.8,17.39,17.59,851900.0
2010-10-28,17.93,18.0,17.77,17.93,616600.0
2010-10-29,17.87,18.03,17.81,17.93,446100.0
2010-11-01,18.14,18.14,17.88,18.05,472700.0
2010-11-02,18.09,18.35,18.03,18.35,440300.0
2010-11-03,18.49,18.51,18.23,18.51,419700.0
2010-11-04,19.23,19.29,18.92,19.12,966500.0
2010-11-05,19.16,19.32,19.09,19.31,697700.0
2010-11-08,19.3,19.43,19.19,19.42,853100.0
2010-11-09,19.46,19.93,19.45,19.59,1141900.0
2010-11-10,19.29,19.35,19.05,19.23,1651200.0
2010-11-11,19.02,19.06,18.92,18.96,738600.0
2010-11-12,18.84,19.16,18.81,18.9,511600.0
2010-11-15,18.9,18.9,18.72,18.78,438400.0
2010-11-16,18.46,18.57,18.16,18.27,872600.0
2010-11-17,18.17,18.48,18.07,18.3,227300.0
2010-11-18,18.78,18.81,18.55,18.7,326200.0
2010-11-19,18.66,18.79,18.44,18.78,181500.0
2010-11-22,18.27,18.31,17.96,18.21,1339200.0
2010-11-23,17.27,17.43,17.11,17.39,1481600.0
2010-11-24,17.78,17.97,17.13,17.89,575100.0
2010-11-26,17.08,17.7,17.08,17.64,296100.0
2010-11-29,17.48,17.49,17.25,17.34,767900.0
2010-11-30,16.93,17.15,16.92,17.04,506700.0
2010-12-01,17.13,17.38,17.05,17.26,1013000.0
2010-12-02,17.12,17.26,17.01,17.21,500000.0
2010-12-03,17.07,17.12,16.95,17.05,451200.0
2010-12-06,17.16,17.28,17.1,17.22,957500.0
2010-12-07,17.42,17.49,17.18,17.26,367600.0
2010-12-08,17.11,17.11,16.81,17.01,333700.0
2010-12-09,16.92,16.97,16.75,16.85,960300.0
2010-12-10,16.8,16.84,16.72,16.78,607200.0
2010-12-13,17.04,17.28,17.04,17.18,461600.0
2010-12-14,17.08,17.16,16.95,16.99,706400.0
2010-12-15,16.68,16.7,16.42,16.51,449900.0
2010-12-16,16.64,16.89,16.56,16.82,546700.0
2010-12-17,16.3,16.58,16.3,16.48,645700.0
2010-12-20,16.47,16.62,16.36,16.51,498700.0
2010-12-21,16.65,16.84,16.59,16.69,192000.0
2010-12-22,16.61,16.8,16.58,16.77,244600.0
2010-12-23,16.93,17.17,16.93,17.05,268700.0
2010-12-27,16.94,17.26,16.92,17.22,282900.0
2010-12-28,16.9,17.08,16.89,16.99,149700.0
2010-12-29,16.93,17.21,16.93,17.19,197900.0
2010-12-30,17.34,17.39,17.26,17.32,219800.0
2010-12-31,17.24,17.31,16.97,17.13,244100.0
2011-01-03,17.15,17.24,17.14,17.22,138800.0
2011-01-04,17.44,17.5,17.29,17.43,525300.0
2011-01-05,17.5,17.76,17.5,17.73,296700.0
2011-01-06,17.67,17.68,17.42,17.46,171900.0
2011-01-07,17.43,17.44,17.11,17.19,300800.0
2011-01-10,17.2,17.31,17.07,17.31,412800.0
2011-01-11,17.3,17.36,17.21,17.35,318900.0
2011-01-12,17.42,17.59,17.34,17.55,529300.0
2011-01-13,17.49,17.62,17.4,17.46,262700.0
2011-01-14,16.95,17.07,16.81,17.05,544800.0
2011-01-18,17.04,17.04,16.72,16.78,597200.0
2011-01-19,16.68,16.79,16.5,16.59,369900.0
2011-01-20,16.26,16.34,16.12,16.3,450300.0
2011-01-21,16.25,16.27,15.88,15.98,589000.0
2011-01-24,15.99,16.26,15.96,16.23,745900.0
2011-01-25,16.22,16.38,16.21,16.3,297200.0
2011-01-26,15.96,16.1,15.87,16.1,2207800.0
2011-01-27,16.08,16.11,15.92,16.05,1358700.0
2011-01-28,15.7,15.7,15.13,15.21,2543200.0
2011-01-31,15.35,15.56,15.29,15.46,2571100.0
2011-02-01,15.65,15.88,15.54,15.81,1081800.0
2011-02-02,15.78,16.12,15.69,16.08,1333900.0
2011-02-03,15.89,16.03,15.74,15.88,517600.0
2011-02-04,15.82,15.82,15.54,15.71,788200.0
2011-02-07,15.81,15.89,15.72,15.86,411900.0
2011-02-08,15.86,15.95,15.85,15.92,260000.0
2011-02-09,15.97,16.03,15.71,15.82,1128700.0
2011-02-10,15.74,15.86,15.62,15.83,372900.0
2011-02-11,15.66,16.03,15.63,16.0,480500.0
2011-02-14,15.85,15.96,15.78,15.95,1237900.0
2011-02-15,15.9,16.0,15.84,15.9,392600.0
2011-02-16,15.97,16.09,15.92,16.03,404300.0
2011-02-17,16.05,16.47,16.01,16.42,670900.0
2011-02-18,16.62,16.84,16.57,16.69,901900.0
2011-02-22,15.98,16.1,15.8,15.86,556500.0
2011-02-23,15.8,15.86,15.56,15.75,612200.0
2011-02-24,14.28,14.4,13.87,14.15,1888300.0
2011-02-25,14.11,14.17,14.06,14.11,783600.0
2011-02-28,13.85,14.09,13.79,14.07,1253300.0
2011-03-01,13.69,13.8,13.38,13.46,1602200.0
2011-03-02,13.2,13.44,13.12,13.28,1718000.0
2011-03-03,13.59,13.65,13.47,13.63,2426900.0
2011-03-04,13.74,14.0,13.63,13.95,1529300.0
2011-03-07,13.72,13.91,13.7,13.79,1231500.0
2011-03-08,13.96,14.38,13.96,14.37,898500.0
2011-03-09,14.36,14.51,14.36,14.39,1058000.0
2011-03-10,14.37,14.39,14.13,14.16,1585600.0
2011-03-11,14.08,14.27,14.04,14.22,1246300.0
2011-03-14,14.24,14.48,14.19,14.46,777200.0
2011-03-15,14.05,14.45,14.02,14.4,931600.0
2011-03-16,14.36,14.46,14.0,14.14,917800.0
2011-03-17,14.37,14.4,14.25,14.28,533200.0
2011-03-18,14.54,14.54,14.34,14.36,489700.0
2011-03-21,14.51,14.55,14.45,14.54,417000.0
2011-03-22,14.82,15.05,14.76,15.03,732200.0
2011-03-23,14.93,15.3,14.9,15.25,716500.0
2011-03-24,15.51,15.53,15.35,15.47,768700.0
2011-03-25,15.32,15.4,15.21,15.35,408600.0
2011-03-28,15.26,15.3,15.06,15.16,568400.0
2011-03-29,14.83,15.01,14.68,15.01,519700.0
2011-03-30,14.9,15.17,14.9,15.12,1187900.0
2011-03-31,14.99,15.15,14.97,15.03,662100.0
2011-04-01,15.17,15.46,15.14,15.42,448800.0
2011-04-04,15.44,15.65,15.44,15.54,585400.0
2011-04-05,15.58,15.65,15.5,15.6,236400.0
2011-04-06,15.68,15.75,15.55,15.6,279500.0
2011-04-07,15.67,15.75,15.35,15.43,1061300.0
2011-04-08,15.48,15.48,15.2,15.26,641100.0
2011-04-11,15.11,15.17,14.97,15.01,517600.0
2011-04-12,14.88,14.98,14.73,14.74,448100.0
2011-04-13,14.87,14.88,14.74,14.81,262500.0
2011-04-14,14.85,14.89,14.8,14.87,441700.0
2011-04-15,14.84,14.92,14.69,14.89,308500.0
2011-04-18,14.42,14.48,14.12,14.37,861300.0
2011-04-19,14.44,14.69,14.44,14.65,330200.0
2011-04-20,14.88,15.04,14.83,14.97,805600.0
2011-04-21,15.04,15.22,15.01,15.18,285700.0
2011-04-25,14.97,15.09,14.59,14.78,581000.0
2011-04-26,14.75,15.08,14.68,14.86,1400000.0
2011-04-27,14.78,14.83,14.49,14.68,717800.0
2011-04-28,14.59,14.6,14.46,14.57,488700.0
2011-04-29,14.65,14.82,14.6,14.8,497000.0
2011-05-02,14.81,14.99,14.81,14.85,618800.0
2011-05-03,14.65,14.73,14.6,14.72,446800.0
2011-05-04,14.63,14.65,14.51,14.55,385200.0
2011-05-05,14.39,14.46,14.26,14.32,708800.0
2011-05-06,14.48,14.49,14.26,14.32,463600.0
2011-05-09,14.35,14.5,14.3,14.42,414000.0
2011-05-10,14.15,14.34,14.12,14.3,1120300.0
2011-05-11,14.08,14.19,14.02,14.06,1210800.0
2011-05-12,14.11,14.47,14.04,14.34,903000.0
2011-05-13,14.22,14.22,13.98,14.05,3172400.0
2011-05-16,14.06,14.59,14.06,14.35,1620200.0
2011-05-17,14.17,14.36,14.17,14.33,445400.0
2011-05-18,14.13,14.31,14.05,14.3,656900.0
2011-05-19,14.28,14.38,14.21,14.27,626000.0
2011-05-20,14.15,14.26,14.11,14.19,443900.0
2011-05-23,14.0,14.09,14.0,14.04,1443900.0
2011-05-24,14.08,14.11,14.02,14.04,300000.0
2011-05-25,14.02,14.14,14.0,14.09,298800.0
2011-05-26,14.07,14.16,14.01,14.13,298000.0
2011-05-27,14.06,14.09,13.89,14.02,1770300.0
2011-05-31,14.01,14.11,13.99,14.07,1614000.0
2011-06-01,14.08,14.26,13.98,14.09,1883900.0
2011-06-02,14.14,14.26,13.99,14.24,592000.0
2011-06-03,14.06,14.34,14.06,14.18,472000.0
2011-06-06,14.19,14.21,14.0,14.04,363400.0
2011-06-07,14.11,14.18,14.05,14.06,450900.0
2011-06-08,14.03,14.15,13.99,14.01,1351700.0
2011-06-09,13.97,13.98,13.82,13.92,963700.0
2011-06-10,13.84,13.85,13.52,13.59,1504200.0
2011-06-13,13.4,13.45,13.09,13.37,1564500.0
2011-06-14,13.31,13.5,13.27,13.41,645500.0
2011-06-15,13.1,13.3,13.06,13.16,1008300.0
2011-06-16,13.16,13.38,13.13,13.26,697300.0
2011-06-17,13.53,13.71,13.37,13.67,1613200.0
2011-06-20,13.63,13.72,13.52,13.62,1438400.0
2011-06-21,13.88,14.03,13.84,14.01,868500.0
2011-06-22,13.9,14.05,13.89,13.97,656100.0
2011-06-23,13.83,14.01,13.81,13.99,670500.0
2011-06-24,13.85,13.87,13.7,13.76,286100.0
2011-06-27,13.68,13.87,13.61,13.84,209600.0
2011-06-28,13.67,13.75,13.58,13.73,536200.0
2011-06-29,13.68,13.85,13.65,13.77,428200.0
2011-06-30,13.65,13.69,13.43,13.55,911300.0
2011-07-01,13.58,13.75,13.47,13.71,464200.0
2011-07-05,13.61,13.77,13.55,13.57,937000.0
2011-07-06,13.58,13.72,13.52,13.61,355700.0
2011-07-07,13.64,13.87,13.63,13.79,358300.0
2011-07-08,13.56,13.62,13.49,13.62,409800.0
2011-07-11,13.28,13.3,13.14,13.17,420000.0
2011-07-12,13.14,13.23,13.1,13.1,319100.0
2011-07-13,13.01,13.26,12.97,13.11,472300.0
2011-07-14,13.18,13.21,12.98,13.02,284500.0
2011-07-15,13.01,13.02,12.87,12.9,624300.0
2011-07-18,12.55,12.76,12.53,12.65,644000.0
2011-07-19,12.58,12.67,12.54,12.67,418900.0
2011-07-20,12.65,12.65,12.52,12.58,245300.0
2011-07-21,12.4,12.83,12.36,12.79,999500.0
2011-07-22,12.67,12.75,12.51,12.69,1389400.0
2011-07-25,12.35,12.62,12.33,12.43,668000.0
2011-07-26,12.76,12.8,12.61,12.71,493900.0
2011-07-27,12.78,12.8,12.62,12.69,652200.0
2011-07-28,12.93,13.12,12.82,12.87,705100.0
2011-07-29,12.72,13.09,12.66,12.8,1584900.0
2011-08-01,12.78,12.83,12.4,12.6,816400.0
2011-08-02,12.56,12.66,12.37,12.43,1186000.0
2011-08-03,12.43,12.46,12.1,12.33,571800.0
2011-08-04,12.05,12.05,11.58,11.66,1336300.0
2011-08-05,12.14,12.35,11.92,12.06,1680000.0
2011-08-08,11.38,11.65,11.28,11.31,1893100.0
2011-08-09,11.6,11.88,11.34,11.83,1570300.0
2011-08-10,11.34,11.45,10.88,10.88,1162600.0
2011-08-11,11.02,11.35,10.85,11.24,828100.0
2011-08-12,10.88,10.97,10.72,10.87,1128900.0
2011-08-15,10.99,11.28,10.97,11.23,609400.0
2011-08-16,10.88,11.26,10.85,11.09,760200.0
2011-08-17,11.08,11.16,10.91,10.98,514800.0
2011-08-18,10.55,10.74,10.47,10.63,787300.0
2011-08-19,10.57,10.75,10.47,10.48,356200.0
2011-08-22,10.62,10.7,10.34,10.36,305600.0
2011-08-23,10.26,10.63,10.18,10.62,629600.0
2011-08-24,10.48,10.74,10.44,10.71,1488300.0
2011-08-25,10.91,10.95,10.7,10.7,613600.0
2011-08-26,10.9,11.03,10.76,10.88,633200.0
2011-08-29,10.99,11.22,10.95,10.99,330300.0
2011-08-30,11.0,11.07,10.88,10.99,215800.0
2011-08-31,11.15,11.32,11.09,11.26,278600.0
2011-09-01,11.26,11.43,11.11,11.24,469600.0
2011-09-02,10.99,11.05,10.85,10.96,540700.0
2011-09-06,10.8,10.93,10.73,10.85,764000.0
2011-09-07,10.9,11.05,10.78,11.05,925700.0
2011-09-08,11.26,11.48,11.14,11.32,1678300.0
2011-09-09,11.33,11.37,11.23,11.34,5139700.0
2011-09-12,11.25,11.6,11.25,11.58,1457900.0
2011-09-13,12.27,12.3,12.01,12.13,1112700.0
2011-09-14,11.85,12.11,11.69,12.05,1078900.0
2011-09-15,11.97,12.03,11.9,12.03,961200.0
2011-09-16,12.0,12.03,11.91,11.97,398100.0
2011-09-19,11.76,11.91,11.69,11.9,343300.0
2011-09-20,12.08,12.58,12.02,12.3,894800.0
2011-09-21,12.12,12.19,11.86,11.86,655700.0
2011-09-22,11.59,11.86,11.49,11.8,2568300.0
2011-09-23,11.71,11.99,11.64,11.78,1127900.0
2011-09-26,11.71,12.16,11.69,12.03,1641100.0
2011-09-27,12.2,12.42,12.12,12.16,1671900.0
2011-09-28,12.19,12.23,11.65,11.73,1996000.0
2011-09-29,11.85,11.94,11.52,11.64,1481100.0
2011-09-30,11.35,11.53,11.2,11.28,2754600.0
2011-10-03,11.41,11.61,11.33,11.35,2475700.0
2011-10-04,11.36,11.55,11.18,11.39,3193400.0
2011-10-05,11.22,11.35,11.06,11.3,2323300.0
2011-10-06,11.33,11.39,11.14,11.21,1352300.0
2011-10-07,11.27,11.29,10.98,11.11,3098300.0
2011-10-10,11.23,11.38,11.2,11.32,1699100.0
2011-10-11,11.13,11.33,11.09,11.27,2292800.0
2011-10-12,11.76,11.97,11.72,11.9,1652000.0
2011-10-13,11.75,12.02,11.74,11.99,1169300.0
2011-10-14,12.16,12.21,12.01,12.21,574500.0
2011-10-17,11.9,11.94,11.82,11.87,935900.0
2011-10-18,12.04,12.3,12.0,12.22,623300.0
2011-10-19,12.07,12.1,11.88,11.92,916700.0
2011-10-20,11.8,11.88,11.75,11.84,733800.0
2011-10-21,11.86,12.06,11.83,12.05,430900.0
2011-10-24,11.8,12.18,11.74,12.15,566600.0
2011-10-25,12.05,12.13,11.91,12.0,316600.0
2011-10-26,12.26,12.28,11.98,12.24,736700.0
2011-10-27,12.45,12.91,12.43,12.79,974900.0
2011-10-28,12.8,12.86,12.67,12.71,870200.0
2011-10-31,12.69,12.72,12.32,12.32,416200.0
2011-11-01,11.98,12.05,11.87,11.92,791300.0
2011-11-02,12.25,12.43,12.23,12.4,650400.0
2011-11-03,13.11,13.52,12.93,13.44,886700.0
2011-11-04,13.17,13.23,13.02,13.09,523200.0
2011-11-07,13.19,13.21,12.98,13.13,364300.0
2011-11-08,13.23,13.37,12.91,13.32,612700.0
2011-11-09,13.05,13.05,12.82,12.89,861400.0
2011-11-10,13.27,13.3,13.07,13.22,426700.0
2011-11-11,13.5,13.56,13.36,13.51,656800.0
2011-11-14,13.28,13.34,13.08,13.09,1036800.0
2011-11-15,12.9,13.1,12.85,13.05,526700.0
2011-11-16,12.9,13.13,12.87,12.99,1708600.0
2011-11-17,12.89,13.07,12.75,12.79,803500.0
2011-11-18,12.86,12.92,12.76,12.77,182200.0
2011-11-21,12.41,12.44,12.25,12.37,211100.0
2011-11-22,12.32,12.53,12.26,12.5,313900.0
2011-11-23,12.06,12.06,11.82,11.82,585400.0
2011-11-25,11.47,11.73,11.41,11.67,340200.0
2011-11-28,12.21,12.38,12.1,12.22,253800.0
2011-11-29,12.19,12.27,12.07,12.1,213900.0
2011-11-30,12.42,12.6,12.36,12.6,380800.0
2011-12-01,12.31,12.45,12.24,12.39,232800.0
2011-12-02,12.41,12.47,12.17,12.28,321800.0
2011-12-05,12.41,12.41,12.2,12.22,276700.0
2011-12-06,12.26,12.33,12.11,12.19,665100.0
2011-12-07,12.24,12.24,12.07,12.18,595100.0
2011-12-08,12.18,12.18,11.76,11.85,382000.0
2011-12-09,11.85,11.97,11.81,11.82,334900.0
2011-12-12,11.89,11.94,11.57,11.73,396300.0
2011-12-13,11.98,12.03,11.58,11.63,614300.0
2011-12-14,11.7,11.82,11.65,11.69,473400.0
2011-12-15,12.1,12.1,11.73,11.84,518200.0
2011-12-16,11.79,11.88,11.62,11.65,353900.0
2011-12-19,11.68,11.7,11.42,11.58,652100.0
2011-12-20,11.96,12.16,11.96,12.1,289300.0
2011-12-21,11.99,11.99,11.87,11.93,316600.0
2011-12-22,11.77,11.97,11.7,11.95,367900.0
2011-12-23,11.88,11.88,11.74,11.78,354100.0
2011-12-27,11.93,12.04,11.86,11.96,244400.0
2011-12-28,11.92,11.92,11.6,11.73,227700.0
2011-12-29,11.67,11.88,11.65,11.69,292700.0
2011-12-30,11.86,11.97,11.71,11.76,348800.0
2012-01-03,11.96,12.11,11.9,12.0,226100.0
2012-01-04,11.93,11.93,11.72,11.87,310500.0
2012-01-05,11.83,11.93,11.72,11.84,231100.0
2012-01-06,11.84,11.88,11.72,11.83,158200.0
2012-01-09,11.99,11.99,11.73,11.86,271800.0
2012-01-10,11.96,12.0,11.88,11.97,227500.0
2012-01-11,11.92,11.97,11.86,11.93,132900.0
2012-01-12,12.11,12.16,11.99,12.12,287600.0
2012-01-13,12.0,12.17,11.94,12.16,268000.0
2012-01-17,12.25,12.43,12.22,12.37,435700.0
2012-01-18,12.21,12.43,12.14,12.43,259900.0
2012-01-19,12.3,12.36,12.18,12.28,225100.0
2012-01-20,12.32,12.36,12.25,12.28,202900.0
2012-01-23,12.32,12.47,12.28,12.34,494300.0
2012-01-24,12.26,12.32,12.17,12.22,454100.0
2012-01-25,12.27,12.46,12.16,12.45,600300.0
2012-01-26,12.55,12.63,12.44,12.44,248500.0
2012-01-27,12.81,12.96,12.81,12.94,212100.0
2012-01-30,12.84,12.94,12.71,12.94,199200.0
2012-01-31,12.91,12.97,12.72,12.89,825300.0
2012-02-01,13.03,13.27,13.01,13.12,481500.0
2012-02-02,13.14,13.26,13.08,13.16,238200.0
2012-02-03,13.4,13.48,13.38,13.46,308200.0
2012-02-06,13.31,13.58,13.29,13.46,243500.0
2012-02-07,13.46,13.5,13.33,13.45,355200.0
2012-02-08,13.45,13.6,13.43,13.53,296300.0
2012-02-09,13.39,13.47,13.26,13.38,272000.0
2012-02-10,13.16,13.21,13.06,13.1,190700.0
2012-02-13,13.3,13.43,13.28,13.32,331500.0
2012-02-14,13.21,13.22,13.06,13.21,229400.0
2012-02-15,13.2,13.37,13.2,13.32,218100.0
2012-02-16,13.36,13.53,13.27,13.5,273300.0
2012-02-17,13.78,13.94,13.77,13.92,381700.0
2012-02-21,13.99,14.1,13.88,13.96,296900.0
2012-02-22,13.87,13.87,13.67,13.73,173300.0
2012-02-23,13.36,13.54,13.24,13.48,295500.0
2012-02-24,13.42,13.57,13.4,13.49,152200.0
2012-02-27,13.15,13.35,13.05,13.29,265900.0
2012-02-28,13.47,13.52,13.39,13.51,143400.0
2012-02-29,13.67,13.75,13.54,13.6,248300.0
2012-03-01,13.58,13.65,13.48,13.54,291000.0
2012-03-02,13.5,13.54,13.42,13.52,137100.0
2012-03-05,13.21,13.31,13.1,13.23,163000.0
2012-03-06,12.99,12.99,12.83,12.86,141600.0
2012-03-07,12.86,12.86,12.76,12.82,228700.0
2012-03-08,13.3,13.34,13.1,13.21,413500.0
2012-03-09,13.2,13.2,13.11,13.15,144100.0
2012-03-12,13.14,13.14,13.03,13.07,128600.0
2012-03-13,13.21,13.28,13.11,13.21,239000.0
2012-03-14,13.49,13.57,13.13,13.17,2139600.0
2012-03-15,13.18,13.24,13.01,13.07,918200.0
2012-03-16,13.22,13.4,13.16,13.33,1212000.0
2012-03-19,13.15,13.16,12.94,12.97,327800.0
2012-03-20,12.88,13.08,12.83,13.0,376000.0
2012-03-21,12.99,13.04,12.87,12.95,338200.0
2012-03-22,12.86,12.91,12.62,12.63,514900.0
2012-03-23,12.73,12.81,12.65,12.65,479700.0
2012-03-26,13.0,13.15,12.88,13.15,596900.0
2012-03-27,13.07,13.1,12.92,12.94,774200.0
2012-03-28,12.97,12.98,12.78,12.87,770700.0
2012-03-29,12.78,12.82,12.63,12.65,834100.0
2012-03-30,12.73,12.76,12.56,12.6,1763200.0
2012-04-02,12.57,12.66,12.55,12.59,994400.0
2012-04-03,12.57,12.6,12.44,12.51,3109200.0
2012-04-04,12.42,12.46,12.32,12.34,766100.0
2012-04-05,12.33,12.47,12.33,12.42,488800.0
2012-04-09,12.23,12.42,12.16,12.31,441400.0
2012-04-10,12.29,12.31,12.0,12.04,530100.0
2012-04-11,12.27,12.34,12.17,12.27,455000.0
2012-04-12,12.32,12.54,12.28,12.51,513100.0
2012-04-13,12.47,12.47,12.3,12.3,523600.0
2012-04-16,12.31,12.34,12.08,12.11,569000.0
2012-04-17,12.21,12.24,12.08,12.11,330500.0
2012-04-18,12.04,12.11,11.96,12.01,441700.0
2012-04-19,12.0,12.2,11.95,12.01,252200.0
2012-04-20,12.0,12.1,11.97,12.02,492400.0
2012-04-23,11.91,11.92,11.71,11.9,400500.0
2012-04-24,11.96,12.03,11.87,11.96,337600.0
2012-04-25,12.08,12.13,12.04,12.11,221800.0
2012-04-26,12.29,12.38,12.26,12.36,708800.0
2012-04-27,12.44,12.5,12.33,12.47,631300.0
2012-04-30,12.42,12.42,12.29,12.36,270000.0
2012-05-01,12.29,12.47,12.29,12.38,410600.0
2012-05-02,12.23,12.31,12.14,12.23,282000.0
2012-05-03,12.55,12.68,12.51,12.65,664300.0
2012-05-04,12.73,12.81,12.62,12.66,775300.0
2012-05-07,12.52,12.62,12.47,12.59,226000.0
2012-05-08,12.32,12.38,12.14,12.27,402700.0
2012-05-09,12.08,12.08,11.98,12.02,623000.0
2012-05-10,12.17,12.2,12.03,12.08,381800.0
2012-05-11,11.84,12.05,11.76,11.91,443900.0
2012-05-14,11.53,11.6,11.39,11.4,604700.0
2012-05-15,11.4,11.45,11.24,11.29,469700.0
2012-05-16,11.39,11.47,11.23,11.28,583300.0
2012-05-17,11.32,11.35,11.11,11.22,402300.0
2012-05-18,11.3,11.4,10.98,11.0,1041700.0
2012-05-21,11.0,11.05,10.91,10.98,652800.0
2012-05-22,11.01,11.18,11.0,11.09,460300.0
2012-05-23,10.95,10.96,10.75,10.85,782000.0
2012-05-24,10.9,10.96,10.83,10.9,240400.0
2012-05-25,11.32,11.47,11.23,11.29,542700.0
2012-05-29,11.43,11.47,11.31,11.36,663300.0
2012-05-30,11.18,11.18,11.01,11.02,182600.0
2012-05-31,11.1,11.14,10.8,10.83,527000.0
2012-06-01,10.99,11.17,10.96,11.09,401800.0
2012-06-04,11.08,11.1,10.88,10.98,411700.0
2012-06-05,10.95,11.14,10.95,11.01,296300.0
2012-06-06,11.07,11.26,11.03,11.18,234500.0
2012-06-07,11.29,11.34,11.16,11.18,138700.0
2012-06-08,11.11,11.27,11.03,11.26,146200.0
2012-06-11,11.28,11.28,11.01,11.02,395900.0
2012-06-12,11.26,11.43,11.2,11.41,320600.0
2012-06-13,11.38,11.48,11.38,11.41,325700.0
2012-06-14,11.45,11.53,11.38,11.49,327200.0
2012-06-15,11.5,11.55,11.48,11.52,429400.0
2012-06-18,11.47,11.53,11.42,11.51,173500.0
2012-06-19,11.57,11.69,11.51,11.68,216200.0
2012-06-20,11.64,11.79,11.55,11.78,445600.0
2012-06-21,11.76,11.77,11.53,11.56,335600.0
2012-06-22,11.92,11.94,11.75,11.88,432600.0
2012-06-25,12.0,12.04,11.82,11.89,768000.0
2012-06-26,11.92,12.17,11.92,12.11,1184500.0
2012-06-27,12.24,12.41,12.16,12.37,1127100.0
2012-06-28,12.18,12.25,12.09,12.2,1103100.0
2012-06-29,12.6,12.8,12.2,12.55,1154700.0
2012-07-02,12.59,12.61,12.44,12.59,602400.0
2012-07-03,12.54,12.55,12.47,12.5,303900.0
2012-07-05,12.57,12.63,12.47,12.52,473300.0
2012-07-06,12.75,12.76,12.64,12.74,434400.0
2012-07-09,12.84,12.93,12.66,12.86,399400.0
2012-07-10,12.83,12.87,12.71,12.73,379400.0
2012-07-11,12.82,12.82,12.61,12.68,208900.0
2012-07-12,12.51,12.58,12.45,12.56,599700.0
2012-07-13,12.66,12.91,12.64,12.87,391300.0
2012-07-16,12.85,13.0,12.77,12.98,934900.0
2012-07-17,12.95,12.98,12.83,12.94,457900.0
2012-07-18,12.83,12.9,12.78,12.83,186500.0
2012-07-19,12.88,12.97,12.76,12.94,379500.0
2012-07-20,12.87,12.89,12.76,12.79,231900.0
2012-07-23,12.68,12.83,12.57,12.83,995800.0
2012-07-24,12.89,12.94,12.73,12.91,402300.0
2012-07-25,13.11,13.41,13.04,13.37,938400.0
2012-07-26,13.59,13.85,13.59,13.82,751000.0
2012-07-27,14.06,14.25,13.97,14.19,942700.0
2012-07-30,14.21,14.23,14.02,14.1,1263100.0
2012-07-31,14.1,14.1,13.8,13.81,461700.0
2012-08-01,13.8,13.89,13.46,13.49,1629500.0
2012-08-02,13.63,13.79,13.53,13.77,424400.0
2012-08-03,14.18,14.33,14.15,14.2,529900.0
2012-08-06,14.25,14.27,14.16,14.2,408600.0
2012-08-07,14.25,14.25,14.12,14.15,334100.0
2012-08-08,13.94,13.96,13.71,13.79,518900.0
2012-08-09,13.59,13.67,13.52,13.65,467700.0
2012-08-10,13.65,14.03,13.63,13.99,368700.0
2012-08-13,13.77,13.85,13.71,13.83,177400.0
2012-08-14,13.67,13.8,13.61,13.72,375100.0
2012-08-15,13.66,13.89,13.66,13.86,280300.0
2012-08-16,13.87,13.98,13.77,13.95,224600.0
2012-08-17,13.97,14.14,13.97,14.07,149200.0
2012-08-20,13.99,14.12,13.87,13.94,159700.0
2012-08-21,13.89,14.13,13.82,14.02,257100.0
2012-08-22,14.27,14.36,14.15,14.32,457500.0
2012-08-23,14.18,14.19,13.88,13.96,980700.0
2012-08-24,13.89,13.98,13.87,13.93,300000.0
2012-08-27,13.93,14.02,13.87,13.97,343400.0
2012-08-28,14.22,14.29,14.12,14.19,386500.0
2012-08-29,14.2,14.25,14.16,14.25,350200.0
2012-08-30,14.13,14.22,13.7,13.94,1535700.0
2012-08-31,14.5,14.9,14.32,14.8,1594900.0
2012-09-04,14.62,14.83,14.61,14.77,1174900.0
2012-09-05,15.02,15.14,15.01,15.14,926900.0
2012-09-06,15.14,15.16,14.99,15.03,785500.0
2012-09-07,14.79,14.86,14.69,14.84,2673100.0
2012-09-10,14.74,14.81,14.59,14.68,250000.0
2012-09-11,14.72,14.96,14.7,14.9,244500.0
2012-09-12,14.85,14.91,14.74,14.76,791500.0
2012-09-13,14.91,15.04,14.78,15.02,2075200.0
2012-09-14,15.27,15.34,15.08,15.18,407300.0
2012-09-17,15.42,15.62,15.26,15.36,500500.0
2012-09-18,15.43,15.5,15.25,15.37,802000.0
2012-09-19,15.4,15.49,15.19,15.33,471200.0
2012-09-20,15.2,15.27,15.03,15.12,523000.0
2012-09-21,15.46,15.47,15.31,15.39,802800.0
2012-09-24,15.41,15.53,15.4,15.5,421400.0
2012-09-25,15.55,15.62,15.36,15.38,369800.0
2012-09-26,15.61,15.61,15.3,15.45,486200.0
2012-09-27,15.57,15.64,15.37,15.48,520900.0
2012-09-28,15.15,15.18,15.05,15.14,544400.0
2012-10-01,15.3,15.31,15.08,15.23,793600.0
2012-10-02,15.41,15.48,15.28,15.34,689200.0
2012-10-03,15.56,15.57,15.29,15.33,680400.0
2012-10-04,15.26,15.34,15.19,15.25,620300.0
2012-10-05,15.52,15.57,15.36,15.43,225600.0
2012-10-08,15.34,15.41,15.25,15.38,358100.0
2012-10-09,15.33,15.4,15.24,15.32,269900.0
2012-10-10,15.12,15.14,14.89,15.03,287600.0
2012-10-11,15.13,15.19,15.09,15.17,204900.0
2012-10-12,15.18,15.25,15.08,15.15,249100.0
2012-10-15,15.09,15.25,15.07,15.2,217700.0
2012-10-16,15.23,15.26,15.16,15.24,126000.0
2012-10-17,15.21,15.25,15.14,15.17,182400.0
2012-10-18,15.06,15.22,14.82,15.19,293500.0
2012-10-19,15.18,15.35,15.12,15.13,304600.0
2012-10-22,15.24,15.34,15.16,15.3,364200.0
2012-10-23,15.03,15.2,14.91,15.15,269800.0
2012-10-24,14.99,15.34,14.99,15.23,179200.0
2012-10-25,15.19,15.23,14.89,14.94,170200.0
2012-10-26,14.94,14.98,14.82,14.94,279100.0
2012-10-31,15.09,15.23,14.8,15.19,287600.0
2012-11-01,15.25,15.31,15.02,15.06,718300.0
2012-11-02,15.11,15.21,15.04,15.19,467900.0
2012-11-05,15.25,15.35,15.21,15.33,143700.0
2012-11-06,15.17,15.18,15.06,15.13,96600.0
2012-11-07,15.16,15.25,15.08,15.13,290300.0
2012-11-08,15.16,15.23,15.08,15.09,124200.0
2012-11-09,14.96,15.0,14.87,14.9,126800.0
2012-11-12,14.89,14.91,14.74,14.81,123400.0
2012-11-13,14.8,15.06,14.74,14.94,387100.0
2012-11-14,14.92,14.98,14.72,14.79,353900.0
2012-11-15,15.0,15.08,14.89,14.93,311500.0
2012-11-16,14.99,15.0,14.81,14.93,433200.0
2012-11-19,14.95,14.99,14.89,14.94,227100.0
2012-11-20,14.89,14.95,14.87,14.91,124800.0
2012-11-21,14.9,14.95,14.78,14.83,165200.0
2012-11-23,14.71,14.87,14.68,14.86,143900.0
2012-11-26,14.7,14.82,14.7,14.8,100500.0
2012-11-27,14.91,14.99,14.75,14.76,286300.0
2012-11-28,14.72,14.83,14.66,14.82,218500.0
2012-11-29,15.03,15.18,15.03,15.14,222000.0
2012-11-30,15.08,15.15,15.01,15.15,362500.0
2012-12-03,15.19,15.28,15.11,15.19,270600.0
2012-12-04,15.06,15.28,15.02,15.24,179600.0
2012-12-05,15.46,15.5,15.37,15.43,396600.0
2012-12-06,15.65,15.74,15.58,15.63,163200.0
2012-12-07,15.98,16.16,15.96,16.11,602800.0
2012-12-10,16.06,16.06,15.86,15.91,422600.0
2012-12-11,15.95,15.95,15.84,15.86,107800.0
2012-12-12,15.78,15.8,15.66,15.72,112000.0
2012-12-13,15.64,15.66,15.54,15.56,266600.0
2012-12-14,15.65,15.71,15.54,15.57,156500.0
2012-12-17,15.57,15.64,15.51,15.59,144000.0
2012-12-18,15.6,15.67,15.52,15.66,312400.0
2012-12-19,15.5,15.52,15.34,15.45,598400.0
2012-12-20,15.52,15.9,15.52,15.84,774200.0
2012-12-21,15.59,15.75,15.57,15.71,220100.0
2012-12-24,15.78,15.79,15.63,15.71,57200.0
2012-12-26,15.71,15.75,15.58,15.66,96500.0
2012-12-27,16.09,16.1,15.93,16.04,296900.0
2012-12-28,16.09,16.14,15.95,16.05,157600.0
2012-12-31,15.95,16.15,15.95,16.14,232000.0
2013-01-02,16.29,16.37,16.18,16.2,460000.0
2013-01-03,16.2,16.51,16.18,16.46,323100.0
2013-01-04,16.48,16.54,16.44,16.51,200700.0
2013-01-07,16.5,16.55,16.41,16.49,214500.0
2013-01-08,16.76,16.78,16.57,16.63,447000.0
2013-01-09,16.82,16.88,16.72,16.83,315900.0
2013-01-10,17.07,17.1,16.85,16.98,505000.0
2013-01-11,17.35,17.39,17.18,17.29,470600.0
2013-01-14,17.29,17.35,17.18,17.29,464500.0
2013-01-15,17.25,17.27,17.15,17.2,400200.0
2013-01-16,17.38,17.61,17.35,17.59,506800.0
2013-01-17,17.66,17.8,17.65,17.76,506700.0
2013-01-18,17.57,17.57,17.26,17.37,264800.0
2013-01-22,17.07,17.31,17.0,17.29,244600.0
2013-01-23,17.26,17.37,17.23,17.36,234900.0
2013-01-24,17.34,17.35,17.2,17.27,351200.0
2013-01-25,17.33,17.43,16.67,17.05,675000.0
2013-01-28,16.73,16.76,16.49,16.52,1316900.0
2013-01-29,16.73,16.88,16.67,16.87,306600.0
2013-01-30,15.85,15.86,15.47,15.64,837600.0
2013-01-31,15.78,15.86,15.6,15.64,697600.0
2013-02-01,15.62,15.68,15.43,15.59,862700.0
2013-02-04,15.51,15.69,15.42,15.57,1565700.0
2013-02-05,15.66,15.66,15.5,15.57,273100.0
2013-02-06,15.51,15.53,15.35,15.43,492100.0
2013-02-07,15.92,16.16,15.75,15.82,415600.0
2013-02-08,15.89,16.07,15.89,15.95,331200.0
2013-02-11,15.92,15.97,15.83,15.85,901900.0
2013-02-12,15.97,16.03,15.91,15.97,294400.0
2013-02-13,16.03,16.07,15.81,15.82,336000.0
2013-02-14,15.61,15.75,15.58,15.68,172600.0
2013-02-15,15.72,15.76,15.65,15.74,339300.0
2013-02-19,16.21,16.27,16.08,16.13,655700.0
2013-02-20,16.08,16.13,15.83,15.85,420800.0
2013-02-21,15.74,15.91,15.65,15.86,355800.0
2013-02-22,15.93,16.18,15.93,16.16,644100.0
2013-02-25,16.19,16.25,15.9,15.91,424900.0
2013-02-26,16.31,16.42,16.21,16.33,611900.0
2013-02-27,16.47,16.5,16.37,16.45,864700.0
2013-02-28,16.5,16.68,16.45,16.51,443300.0
2013-03-01,16.46,16.58,16.4,16.58,224700.0
2013-03-04,16.39,16.5,16.31,16.5,177400.0
2013-03-05,16.45,16.45,16.25,16.31,229900.0
2013-03-06,16.48,16.5,16.35,16.4,266700.0
2013-03-07,16.33,16.35,16.25,16.25,240200.0
2013-03-08,16.11,16.16,15.94,16.14,1507800.0
2013-03-11,16.06,16.16,15.95,16.12,1027500.0
2013-03-12,16.66,16.7,16.39,16.61,1818400.0
2013-03-13,16.79,16.81,16.63,16.64,472800.0
2013-03-14,16.9,17.02,16.78,16.85,602700.0
2013-03-15,16.9,16.93,16.64,16.68,456300.0
2013-03-18,16.59,16.64,16.47,16.5,137800.0
2013-03-19,16.54,16.55,16.14,16.25,288000.0
2013-03-20,16.41,16.59,16.41,16.56,215100.0
2013-03-21,16.57,16.64,16.4,16.46,185300.0
2013-03-22,16.45,16.57,16.42,16.53,258300.0
2013-03-25,16.54,16.63,16.31,16.41,927400.0
2013-03-26,16.45,16.64,16.45,16.59,394300.0
2013-03-27,16.5,16.59,16.42,16.47,577600.0
2013-03-28,16.52,16.77,16.49,16.64,469000.0
2013-04-01,16.73,16.74,16.56,16.57,287700.0
2013-04-02,16.76,16.79,16.67,16.77,397600.0
2013-04-03,16.74,16.77,16.65,16.69,411000.0
2013-04-04,16.79,16.98,16.79,16.89,621200.0
2013-04-05,16.68,16.72,16.6,16.69,180200.0
2013-04-08,16.82,16.93,16.8,16.92,450400.0
2013-04-09,16.91,16.92,16.74,16.82,191600.0
2013-04-10,16.87,16.94,16.8,16.94,351000.0
2013-04-11,16.69,16.71,16.55,16.65,367000.0
2013-04-12,16.63,16.67,16.4,16.62,1073000.0
2013-04-15,16.51,16.56,16.21,16.21,275400.0
2013-04-16,15.73,15.79,15.45,15.52,596700.0
2013-04-17,15.56,15.67,15.46,15.5,498800.0
2013-04-18,15.45,15.48,15.09,15.11,818700.0
2013-04-19,15.15,15.19,15.0,15.09,526500.0
2013-04-22,15.21,15.21,15.03,15.18,302000.0
2013-04-23,15.18,15.26,15.15,15.24,269400.0
2013-04-24,15.16,15.22,15.04,15.13,380300.0
2013-04-25,14.73,15.02,14.73,14.9,955700.0
2013-04-26,15.14,15.14,14.93,15.02,597600.0
2013-04-29,15.14,15.18,15.09,15.15,430600.0
2013-04-30,15.51,15.74,15.23,15.62,980100.0
2013-05-01,15.58,15.58,15.35,15.37,390200.0
2013-05-02,15.58,15.74,15.57,15.67,538500.0
2013-05-03,15.62,15.74,15.6,15.66,378500.0
2013-05-06,15.65,15.71,15.55,15.68,170000.0
2013-05-07,15.65,15.74,15.6,15.71,200700.0
2013-05-08,15.71,15.81,15.69,15.74,153000.0
2013-05-09,15.52,15.65,15.45,15.54,89100.0
2013-05-10,15.27,15.41,15.22,15.35,149700.0
2013-05-13,15.27,15.47,15.22,15.45,653100.0
2013-05-14,15.62,15.87,15.61,15.84,472200.0
2013-05-15,15.85,15.99,15.84,15.99,245900.0
2013-05-16,16.07,16.26,15.93,16.23,952500.0
2013-05-17,16.17,16.32,15.99,16.24,652200.0
2013-05-20,15.86,16.07,15.86,15.94,334400.0
2013-05-21,16.23,16.32,16.0,16.3,537500.0
2013-05-22,15.88,15.93,15.63,15.7,611200.0
2013-05-23,15.63,15.89,15.6,15.87,286200.0
2013-05-24,15.94,16.02,15.79,15.87,519400.0
2013-05-28,16.04,16.49,16.04,16.35,467900.0
2013-05-29,16.21,16.38,16.09,16.25,427000.0
2013-05-30,15.95,15.95,15.81,15.85,275800.0
2013-05-31,15.37,15.55,15.28,15.37,269900.0
2013-06-03,14.24,14.53,14.14,14.44,1077400.0
2013-06-04,14.93,15.09,14.73,14.95,681300.0
2013-06-05,14.82,14.89,14.57,14.57,254900.0
2013-06-06,13.58,14.07,13.51,14.03,639800.0
2013-06-07,13.98,14.21,13.92,14.07,268600.0
2013-06-10,13.96,14.14,13.87,13.92,406900.0
2013-06-11,13.54,13.83,13.53,13.66,1326500.0
2013-06-12,14.22,14.93,14.14,14.88,1451500.0
2013-06-13,14.87,14.93,14.66,14.84,483000.0
2013-06-14,15.08,15.18,14.9,14.94,510300.0
2013-06-17,14.94,15.0,14.78,14.8,383600.0
2013-06-18,14.76,14.81,14.66,14.74,241500.0
2013-06-19,14.9,15.02,14.68,14.72,468800.0
2013-06-20,14.28,14.33,14.07,14.08,632100.0
2013-06-21,14.14,14.22,13.99,14.17,311700.0
2013-06-24,13.68,13.82,13.56,13.7,745100.0
2013-06-25,13.88,13.99,13.65,13.86,826700.0
2013-06-26,13.94,14.32,13.94,14.22,611100.0
2013-06-27,14.42,14.57,14.36,14.44,394200.0
2013-06-28,14.17,14.42,14.11,14.37,381500.0
2013-07-01,14.96,15.0,14.7,14.75,318200.0
2013-07-02,14.75,14.79,14.5,14.59,273100.0
2013-07-03,14.25,14.31,14.11,14.15,330300.0
2013-07-05,14.31,14.38,14.22,14.33,237600.0
2013-07-08,14.46,14.63,14.37,14.42,173800.0
2013-07-09,14.78,14.91,14.65,14.83,424700.0
2013-07-10,14.39,14.63,14.38,14.51,257100.0
2013-07-11,14.5,14.56,14.31,14.46,538100.0
2013-07-12,14.45,14.72,14.43,14.72,102500.0
2013-07-15,14.91,15.07,14.9,15.0,175100.0
2013-07-16,14.79,14.93,14.75,14.92,158800.0
2013-07-17,14.97,15.13,14.88,15.05,317400.0
2013-07-18,14.92,14.99,14.85,14.91,186800.0
2013-07-19,14.52,14.78,14.5,14.71,361500.0
2013-07-22,14.7,14.95,14.69,14.93,292700.0
2013-07-23,15.01,15.3,15.01,15.24,202700.0
2013-07-24,15.15,15.17,14.89,14.95,351300.0
2013-07-25,14.89,15.06,14.89,15.01,73000.0
2013-07-26,14.69,14.73,14.59,14.73,222300.0
2013-07-29,14.72,14.77,14.65,14.71,70400.0
2013-07-30,14.83,14.95,14.8,14.85,169700.0
2013-07-31,14.66,14.71,14.49,14.59,165800.0
2013-08-01,14.66,14.74,14.51,14.6,433500.0
2013-08-02,14.78,14.98,14.78,14.93,161400.0
2013-08-05,14.94,14.99,14.84,14.95,108200.0
2013-08-06,14.98,15.02,14.92,15.0,180500.0
2013-08-07,14.95,15.01,14.81,14.98,230100.0
2013-08-08,15.07,15.26,14.97,15.23,89400.0
2013-08-09,15.22,15.29,15.15,15.23,143500.0
2013-08-12,15.15,15.3,15.08,15.18,124800.0
2013-08-13,15.18,15.21,15.08,15.15,131200.0
2013-08-14,15.22,15.3,15.21,15.22,118100.0
2013-08-15,15.21,15.24,15.09,15.19,174900.0
2013-08-16,15.43,15.44,15.25,15.31,173500.0
2013-08-19,15.17,15.17,14.63,14.79,379000.0
2013-08-20,14.86,14.98,14.82,14.84,246700.0
2013-08-21,14.51,14.51,14.05,14.12,350200.0
2013-08-22,13.91,14.06,13.78,14.01,398900.0
2013-08-23,13.69,13.89,13.6,13.86,660600.0
2013-08-26,13.83,14.1,13.78,13.97,195800.0
2013-08-27,13.5,13.57,13.34,13.36,390300.0
2013-08-28,13.06,13.28,13.01,13.19,435700.0
2013-08-29,13.22,13.43,13.22,13.23,291700.0
2013-08-30,13.38,13.38,13.14,13.16,197800.0
2013-09-03,13.59,13.63,13.14,13.46,163200.0
2013-09-04,13.38,13.38,13.12,13.19,170800.0
2013-09-05,13.05,13.12,12.94,12.95,313500.0
2013-09-06,13.04,13.18,12.76,13.03,557100.0
2013-09-09,13.23,13.56,13.23,13.55,233800.0
2013-09-10,13.73,14.48,13.67,13.92,463700.0
2013-09-11,13.77,14.03,13.73,14.01,468600.0
2013-09-12,13.81,13.98,13.68,13.69,292900.0
2013-09-13,14.14,14.2,13.96,14.19,450000.0
2013-09-16,14.73,14.79,14.56,14.62,649000.0
2013-09-17,14.68,14.83,14.63,14.8,286500.0
2013-09-18,14.73,15.39,14.7,15.37,531200.0
2013-09-19,15.37,15.39,14.95,15.03,201000.0
2013-09-20,14.98,14.98,14.72,14.75,226700.0
2013-09-23,14.73,14.83,14.69,14.72,164100.0
2013-09-24,14.87,14.93,14.74,14.74,156100.0
2013-09-25,14.72,14.72,14.51,14.58,239900.0
2013-09-26,14.58,14.63,14.5,14.53,136500.0
2013-09-27,14.46,14.51,14.41,14.47,96800.0
2013-09-30,14.56,14.75,14.48,14.75,579500.0
2013-10-01,14.93,15.22,14.92,15.21,315100.0
2013-10-02,15.31,15.66,15.3,15.59,336000.0
2013-10-03,15.6,15.69,15.46,15.56,459400.0
2013-10-04,15.56,15.96,15.55,15.95,378100.0
2013-10-07,15.77,15.87,15.71,15.82,219600.0
2013-10-08,15.82,15.91,15.7,15.71,295400.0
2013-10-09,15.36,15.62,15.36,15.57,281600.0
2013-10-10,15.42,15.81,15.42,15.75,284600.0
2013-10-11,15.73,16.0,15.65,15.93,282100.0
2013-10-14,15.81,16.04,15.75,15.99,155100.0
2013-10-15,15.93,16.02,15.88,15.94,217200.0
2013-10-16,16.0,16.17,15.94,16.04,216800.0
2013-10-17,16.14,16.17,15.99,16.14,143400.0
2013-10-18,16.2,16.25,16.11,16.21,91300.0
2013-10-21,15.87,16.05,15.87,15.98,197300.0
2013-10-22,16.14,16.31,16.1,16.25,229500.0
2013-10-23,16.04,16.05,15.87,15.94,105600.0
2013-10-24,16.02,16.19,15.92,16.13,265700.0
2013-10-25,16.04,16.08,15.89,16.07,188200.0
2013-10-28,15.89,16.05,15.87,16.03,150600.0
2013-10-29,15.99,16.09,15.86,15.92,185100.0
2013-10-30,15.82,15.85,15.61,15.75,561200.0
2013-10-31,15.58,15.71,15.55,15.64,340500.0
2013-11-01,15.32,15.47,15.14,15.15,551700.0
2013-11-04,15.23,15.35,15.15,15.29,237800.0
2013-11-05,15.34,15.41,15.26,15.28,289700.0
2013-11-06,15.41,15.56,15.41,15.45,119800.0
2013-11-07,15.39,15.39,15.18,15.18,102300.0
2013-11-08,14.84,14.93,14.68,14.86,273600.0
2013-11-11,14.5,14.52,14.36,14.39,245600.0
2013-11-12,14.02,14.36,14.02,14.19,445100.0
2013-11-13,13.92,14.32,13.92,14.28,229700.0
2013-11-14,14.33,14.67,14.32,14.66,297700.0
2013-11-15,14.9,15.09,14.9,15.06,212100.0
2013-11-18,15.37,15.39,15.15,15.16,391500.0
2013-11-19,15.2,15.2,15.05,15.06,163500.0
2013-11-20,14.94,15.23,14.93,15.07,218100.0
2013-11-21,14.96,15.05,14.89,14.92,178300.0
2013-11-22,15.24,15.32,15.2,15.26,244000.0
2013-11-25,15.55,15.55,15.22,15.22,177200.0
2013-11-26,15.04,15.13,14.99,15.04,105800.0
2013-11-27,15.2,15.26,15.04,15.16,88100.0
2013-11-29,15.1,15.39,15.09,15.32,244800.0
2013-12-02,15.2,15.31,15.09,15.17,197700.0
2013-12-03,15.06,15.17,14.87,14.99,246500.0
2013-12-04,14.58,14.74,14.51,14.64,169400.0
2013-12-05,14.49,14.64,14.43,14.49,100200.0
2013-12-06,14.74,14.85,14.71,14.8,108000.0
2013-12-09,14.83,14.95,14.8,14.91,85500.0
2013-12-10,14.95,15.0,14.86,14.95,124000.0
2013-12-11,14.93,14.95,14.7,14.71,280900.0
2013-12-12,14.76,14.79,14.58,14.69,131200.0
2013-12-13,14.67,14.79,14.67,14.75,77600.0
2013-12-16,14.93,15.05,14.84,14.87,112500.0
2013-12-17,14.52,14.58,14.23,14.31,328500.0
2013-12-18,14.51,14.77,14.45,14.68,474900.0
2013-12-19,14.34,14.56,14.34,14.53,339500.0
2013-12-20,14.3,14.33,14.08,14.17,429800.0
2013-12-23,13.71,14.03,13.69,14.01,267700.0
2013-12-24,13.93,14.23,13.93,14.2,154900.0
2013-12-26,13.5,13.64,13.25,13.29,1036700.0
2013-12-27,12.83,13.3,12.76,13.22,744800.0
2013-12-30,13.47,13.78,13.47,13.77,488700.0
2013-12-31,13.39,13.47,13.23,13.35,686000.0
2014-01-02,12.72,13.05,12.66,12.97,1476200.0
2014-01-03,12.6,12.81,12.55,12.73,732300.0
2014-01-06,12.71,12.84,12.66,12.81,664800.0
2014-01-07,13.07,13.18,12.98,13.16,551800.0
2014-01-08,12.97,13.0,12.8,12.87,1161500.0
2014-01-09,12.58,12.85,12.56,12.8,1154100.0
2014-01-10,12.85,13.05,12.64,12.95,1462400.0
2014-01-13,13.12,13.26,12.98,13.08,1390500.0
2014-01-14,12.92,13.1,12.85,12.95,1203200.0
2014-01-15,12.99,13.11,12.92,12.93,609400.0
2014-01-16,12.63,12.73,12.54,12.65,1894800.0
2014-01-17,12.69,12.76,12.57,12.68,2321400.0
2014-01-21,12.95,12.95,12.59,12.78,1434000.0
2014-01-22,12.75,12.88,12.73,12.82,825600.0
2014-01-23,12.43,12.49,12.35,12.45,1953100.0
2014-01-24,12.03,12.27,12.0,12.2,1716400.0
2014-01-27,12.1,12.36,12.05,12.31,1681800.0
2014-01-28,11.98,12.11,11.97,12.06,1378300.0
2014-01-29,11.73,12.3,11.72,12.08,1887500.0
2014-01-30,12.18,12.47,12.16,12.35,1735400.0
2014-01-31,12.14,12.58,12.12,12.45,1447400.0
2014-02-03,12.59,12.67,12.31,12.32,1325400.0
2014-02-04,12.46,12.63,12.4,12.57,679100.0
2014-02-05,12.4,12.47,12.34,12.39,682800.0
2014-02-06,12.5,12.76,12.49,12.72,865200.0
2014-02-07,12.75,12.93,12.73,12.85,1408600.0
2014-02-10,12.77,12.81,12.7,12.78,200000.0
2014-02-11,12.79,13.12,12.75,12.99,1310100.0
2014-02-12,13.14,13.3,13.14,13.2,874700.0
2014-02-13,12.9,13.0,12.9,12.95,441700.0
2014-02-14,12.99,13.17,12.99,13.14,191400.0
2014-02-18,13.03,13.1,12.88,13.01,381400.0
2014-02-19,13.08,13.28,13.04,13.12,578000.0
2014-02-20,13.09,13.24,13.08,13.19,890300.0
2014-02-21,13.2,13.38,13.18,13.3,332600.0
2014-02-24,13.36,13.44,13.12,13.13,616700.0
2014-02-25,13.03,13.05,12.83,12.88,301800.0
2014-02-26,12.63,12.73,12.51,12.57,700400.0
2014-02-27,12.68,12.99,12.68,12.91,647000.0
2014-02-28,12.95,13.11,12.95,13.06,571300.0
2014-03-03,12.61,12.63,12.35,12.39,865100.0
2014-03-04,12.63,12.66,12.55,12.65,583100.0
2014-03-05,12.64,12.68,12.56,12.6,192400.0
2014-03-06,12.69,12.78,12.66,12.72,460900.0
2014-03-07,12.62,12.64,12.49,12.6,531300.0
2014-03-10,12.48,12.5,12.22,12.28,793100.0
2014-03-11,12.15,12.24,12.06,12.07,874800.0
2014-03-12,12.01,12.25,12.0,12.25,383200.0
2014-03-13,12.39,12.4,12.13,12.17,234400.0
2014-03-14,12.21,12.27,12.04,12.2,644300.0
2014-03-17,12.4,12.53,12.39,12.48,417300.0
2014-03-18,12.49,12.59,12.46,12.55,207600.0
2014-03-19,12.46,12.57,12.31,12.31,695400.0
2014-03-20,12.1,12.37,12.1,12.31,1033300.0
2014-03-21,12.31,12.38,12.19,12.23,1029700.0
2014-03-24,12.36,12.47,12.29,12.37,329400.0
2014-03-25,12.45,12.55,12.39,12.5,283100.0
2014-03-26,12.77,13.01,12.75,12.92,485600.0
2014-03-27,13.18,13.29,13.04,13.15,523600.0
2014-03-28,13.37,13.66,13.37,13.53,808100.0
2014-03-31,13.74,13.82,13.61,13.77,1073500.0
2014-04-01,14.18,14.19,13.98,14.12,769100.0
2014-04-02,14.14,14.3,14.06,14.24,576800.0
2014-04-03,14.37,14.48,14.22,14.41,601900.0
2014-04-04,14.59,14.64,14.39,14.4,566400.0
2014-04-07,14.18,14.38,14.14,14.31,508300.0
2014-04-08,14.53,14.6,14.45,14.51,628200.0
2014-04-09,14.17,14.17,13.95,14.09,515900.0
2014-04-10,14.1,14.13,14.01,14.03,301900.0
2014-04-11,13.9,13.98,13.83,13.94,225700.0
2014-04-14,14.05,14.11,13.99,14.08,315300.0
2014-04-15,13.96,13.97,13.71,13.89,577600.0
2014-04-16,14.0,14.0,13.84,13.89,92100.0
2014-04-17,13.9,14.09,13.86,14.04,219100.0
2014-04-21,13.8,14.08,13.8,14.02,109100.0
2014-04-22,13.84,13.95,13.75,13.9,372600.0
2014-04-23,13.85,13.88,13.62,13.71,267700.0
2014-04-24,13.56,13.59,13.42,13.5,256200.0
2014-04-25,13.71,13.89,13.59,13.81,767300.0
2014-04-28,14.52,14.56,14.21,14.37,1358600.0
2014-04-29,14.46,14.48,14.31,14.35,409500.0
2014-04-30,14.46,14.52,14.41,14.48,401600.0
2014-05-01,14.5,14.71,14.44,14.69,363800.0
2014-05-02,14.5,14.65,14.49,14.56,158500.0
2014-05-05,14.57,14.64,14.52,14.56,244600.0
2014-05-06,14.43,14.51,14.37,14.37,334600.0
2014-05-07,14.33,14.64,14.32,14.64,446000.0
2014-05-08,14.65,14.75,14.59,14.62,232600.0
2014-05-09,14.72,14.75,14.63,14.71,163700.0
2014-05-12,14.8,14.89,14.73,14.86,323000.0
2014-05-13,14.85,14.99,14.85,14.96,238100.0
2014-05-14,14.91,15.0,14.79,14.92,239500.0
2014-05-15,14.93,14.93,14.51,14.57,176100.0
2014-05-16,14.6,14.72,14.6,14.71,328600.0
2014-05-19,14.63,14.81,14.6,14.8,352700.0
2014-05-20,14.56,14.66,14.31,14.42,267500.0
2014-05-21,14.74,14.95,14.7,14.89,329700.0
2014-05-22,15.21,15.22,15.09,15.2,291200.0
2014-05-23,15.2,15.2,15.15,15.18,188000.0
2014-05-27,14.76,14.76,14.64,14.67,257800.0
2014-05-28,14.68,14.75,14.62,14.68,169100.0
2014-05-29,14.75,14.89,14.68,14.83,267700.0
2014-05-30,15.34,15.58,15.32,15.5,566700.0
2014-06-02,15.37,15.42,15.27,15.28,421500.0
2014-06-03,15.21,15.26,15.04,15.24,377400.0
2014-06-04,15.12,15.22,15.01,15.1,249500.0
2014-06-05,15.23,15.23,14.93,15.0,263100.0
2014-06-06,15.62,15.75,15.53,15.74,702500.0
2014-06-09,15.47,15.53,15.42,15.48,153600.0
2014-06-10,15.63,15.96,15.62,15.89,661200.0
2014-06-11,15.54,15.64,15.4,15.46,457700.0
2014-06-12,16.08,16.12,15.87,15.93,934900.0
2014-06-13,15.83,15.89,15.76,15.89,251700.0
2014-06-16,15.47,15.58,15.41,15.48,176900.0
2014-06-17,15.3,15.38,15.25,15.34,300000.0
2014-06-18,15.32,15.51,15.23,15.48,215600.0
2014-06-19,15.51,15.54,15.34,15.35,164600.0
2014-06-20,15.13,15.36,15.04,15.35,375100.0
2014-06-23,15.36,15.36,15.25,15.31,84100.0
2014-06-24,15.35,15.43,15.31,15.34,69900.0
2014-06-25,15.3,15.43,15.3,15.4,102200.0
2014-06-26,15.39,15.44,15.24,15.42,345800.0
2014-06-27,15.45,15.68,15.45,15.65,212700.0
2014-06-30,15.56,15.62,15.52,15.6,232000.0
2014-07-01,15.05,15.14,14.99,15.1,739200.0
2014-07-02,14.83,14.98,14.82,14.97,238700.0
2014-07-03,14.64,14.93,14.61,14.89,174800.0
2014-07-07,15.13,15.29,15.08,15.24,239600.0
2014-07-08,15.33,15.51,15.29,15.48,224200.0
2014-07-09,15.22,15.28,15.12,15.24,124400.0
2014-07-10,14.84,14.94,14.8,14.92,543300.0
2014-07-11,14.67,14.87,14.65,14.82,324600.0
2014-07-14,14.99,15.2,14.99,15.17,623200.0
2014-07-15,15.21,15.28,15.21,15.27,227100.0
2014-07-16,15.16,15.45,15.12,15.42,359300.0
2014-07-17,15.49,15.76,15.43,15.43,379300.0
2014-07-18,15.46,15.57,15.39,15.52,383200.0
2014-07-21,15.61,15.69,15.47,15.59,303200.0
2014-07-22,15.73,15.76,15.59,15.62,412900.0
2014-07-23,15.67,15.73,15.6,15.7,159100.0
2014-07-24,15.7,15.7,15.47,15.65,171300.0
2014-07-25,15.89,16.23,15.87,16.18,532900.0
2014-07-28,16.16,16.61,16.05,16.6,1024700.0
2014-07-29,16.56,16.59,16.48,16.54,542200.0
2014-07-30,16.25,16.63,16.18,16.43,690600.0
2014-07-31,16.32,16.45,16.23,16.34,620700.0
2014-08-01,16.34,16.42,16.17,16.27,415100.0
2014-08-04,16.21,16.3,16.15,16.3,439400.0
2014-08-05,16.07,16.13,15.87,16.05,692900.0
2014-08-06,15.99,15.99,15.79,15.81,132100.0
2014-08-07,15.59,15.6,15.22,15.29,267600.0
2014-08-08,15.11,15.22,14.99,15.2,233500.0
2014-08-11,14.84,14.96,14.75,14.85,799800.0
2014-08-12,14.85,14.92,14.75,14.86,304500.0
2014-08-13,14.92,14.94,14.72,14.83,229400.0
2014-08-14,14.92,15.0,14.7,14.74,235600.0
2014-08-15,14.63,14.67,14.52,14.57,787500.0
2014-08-18,14.8,14.89,14.7,14.87,390800.0
2014-08-19,14.83,14.9,14.8,14.85,212900.0
2014-08-20,14.65,14.8,14.63,14.71,117400.0
2014-08-21,14.68,14.86,14.68,14.71,140200.0
2014-08-22,14.73,14.74,14.51,14.65,114100.0
2014-08-25,14.63,14.77,14.61,14.73,242300.0
2014-08-26,14.81,14.85,14.73,14.77,99600.0
2014-08-27,14.8,14.86,14.78,14.81,222000.0
2014-08-28,14.79,14.8,14.73,14.73,177900.0
2014-08-29,14.68,14.78,14.65,14.76,95200.0
2014-09-02,14.68,14.73,14.53,14.58,204100.0
2014-09-03,14.9,15.1,14.9,15.04,156600.0
2014-09-04,15.04,15.1,14.98,14.99,116700.0
2014-09-05,15.14,15.2,15.11,15.16,85400.0
2014-09-08,15.01,15.09,14.92,14.94,177000.0
2014-09-09,14.61,14.64,14.45,14.5,199600.0
2014-09-10,14.45,14.57,14.4,14.52,106500.0
2014-09-11,14.47,14.47,14.37,14.39,151600.0
2014-09-12,14.21,14.23,13.89,13.9,292200.0
2014-09-15,13.93,14.05,13.91,13.93,192100.0
2014-09-16,14.08,14.31,14.05,14.27,127800.0
2014-09-17,14.27,14.3,14.07,14.1,178000.0
2014-09-18,13.68,13.74,13.64,13.74,210200.0
2014-09-19,13.79,13.79,13.38,13.42,275100.0
2014-09-22,13.41,13.49,13.4,13.43,207012.0
2014-09-23,13.43,13.52,13.34,13.36,68005.0
2014-09-24,13.47,13.51,13.34,13.43,269028.0
2014-09-25,13.19,13.2,13.09,13.15,346710.0
2014-09-26,13.09,13.21,13.01,13.17,141985.0
2014-09-29,13.0,13.05,12.92,12.98,163937.0
2014-09-30,13.1,13.16,13.02,13.14,386886.0
2014-10-01,13.06,13.07,12.8,12.86,207289.0
2014-10-02,13.02,13.09,12.94,13.06,770099.0
2014-10-03,13.0,13.08,12.91,12.99,121513.0
2014-10-06,13.12,13.13,13.01,13.08,72361.0
2014-10-07,13.04,13.11,12.99,13.04,426401.0
2014-10-08,13.02,13.1,12.83,13.09,437216.0
2014-10-09,13.4,13.44,13.19,13.21,262991.0
2014-10-10,13.05,13.1,12.87,12.89,185218.0
2014-10-13,13.31,13.33,13.11,13.13,174068.0
2014-10-14,13.13,13.21,13.04,13.06,174901.0
2014-10-15,13.24,13.36,13.0,13.22,222390.0
2014-10-16,13.03,13.3,12.99,13.25,326667.0
2014-10-17,13.39,13.43,13.26,13.39,172871.0
2014-10-20,13.3,13.47,13.29,13.47,143350.0
2014-10-21,13.45,13.53,13.39,13.51,436914.0
2014-10-22,13.6,13.79,13.59,13.71,200439.0
2014-10-23,13.79,13.93,13.72,13.93,234518.0
2014-10-24,13.98,14.12,13.94,14.12,180338.0
2014-10-27,13.98,14.11,13.89,14.0,140973.0
2014-10-28,14.12,14.29,14.12,14.28,74675.0
2014-10-29,14.27,14.45,14.17,14.27,151673.0
2014-10-30,14.35,14.69,14.33,14.55,499945.0
2014-10-31,14.51,14.66,14.45,14.63,256448.0
2014-11-03,14.39,14.39,14.18,14.34,216737.0
2014-11-04,14.37,14.42,14.32,14.4,333566.0
2014-11-05,14.47,14.59,14.23,14.29,313605.0
2014-11-06,14.4,14.41,14.07,14.12,188470.0
2014-11-07,14.05,14.06,13.95,14.05,126344.0
2014-11-10,14.11,14.17,14.02,14.11,164085.0
2014-11-11,14.1,14.17,14.01,14.13,48197.0
2014-11-12,14.22,14.36,14.17,14.3,188266.0
2014-11-13,14.3,14.4,14.26,14.28,81732.0
2014-11-14,14.37,14.54,14.37,14.47,130380.0
2014-11-17,14.73,14.8,14.63,14.69,145712.0
2014-11-18,14.76,14.965,14.75,14.92,216306.0
2014-11-19,14.78,14.9,14.73,14.87,116444.0
2014-11-20,15.14,15.39,15.13,15.39,373513.0
2014-11-21,15.53,15.675,15.52,15.57,362706.0
2014-11-24,15.62,15.7,15.47,15.69,364741.0
2014-11-25,15.8,15.82,15.69,15.79,483218.0
2014-11-26,15.7,15.82,15.62,15.79,144071.0
2014-11-28,15.78,15.97,15.73,15.87,405632.0
2014-12-01,15.77,16.1,15.69,16.05,1431341.0
2014-12-02,16.03,16.6,16.0196,16.22,597714.0
2014-12-03,16.22,16.22,16.02,16.03,237980.0
2014-12-04,16.4,16.5,16.21,16.46,619533.0
2014-12-05,16.22,16.2201,15.9001,16.01,162058.0
2014-12-08,16.13,16.13,15.94,15.99,219075.0
2014-12-09,16.06,16.13,16.01,16.11,335747.0
2014-12-10,16.06,16.07,15.83,15.85,475421.0
2014-12-11,15.98,15.99,15.67,15.67,178314.0
2014-12-12,15.09,15.2,15.02,15.07,239392.0
2014-12-15,14.7,14.79,14.37,14.45,443700.0
2014-12-16,14.15,14.24,14.0,14.09,382459.0
2014-12-17,14.33,14.64,14.33,14.61,383010.0
2014-12-18,14.84,14.93,14.8,14.9,238767.0
2014-12-19,14.92,15.02,14.86,14.96,157528.0
2014-12-22,15.04,15.21,15.04,15.07,139919.0
2014-12-23,14.99,14.99,14.83,14.94,79436.0
2014-12-24,14.91,15.01,14.91,14.91,51427.0
2014-12-26,14.8,15.12,14.75,15.07,66725.0
2014-12-29,14.86,15.06,14.86,14.95,91972.0
2014-12-30,14.95,15.1,14.9,14.99,100831.0
2014-12-31,15.18,15.28,15.12,15.12,116781.0
2015-01-02,15.0,15.06,14.95,15.0,57323.0
2015-01-05,15.34,15.42,15.2,15.21,230066.0
2015-01-06,15.29,15.55,15.21,15.34,306883.0
2015-01-07,15.44,15.45,15.27,15.37,93798.0
2015-01-08,15.48,15.64,15.398,15.49,114700.0
2015-01-09,15.69,15.76,15.59,15.69,179756.0
2015-01-12,15.73,15.79,15.54,15.58,216424.0
2015-01-13,16.24,16.3403,16.1001,16.2,342330.0
2015-01-14,16.15,16.2772,16.03,16.22,313928.0
2015-01-15,16.27,16.3,15.96,15.96,208738.0
2015-01-16,15.86,16.13,15.85,16.12,324856.0
2015-01-20,15.94,16.15,15.83,16.11,225540.0
2015-01-21,16.4,16.68,16.4,16.52,409751.0
2015-01-22,16.23,16.5755,16.13,16.44,1549637.0
2015-01-23,15.91,15.97,15.69,15.7,851916.0
2015-01-26,15.38,15.505,15.26,15.3,675712.0
2015-01-27,15.22,15.28,15.17,15.2,230199.0
2015-01-28,15.2,15.22,14.8,14.8,522915.0
2015-01-29,14.67,14.83,14.55,14.75,474897.0
2015-01-30,14.3,14.57,14.26,14.44,380864.0
2015-02-02,14.69,14.78,14.59,14.69,286742.0
2015-02-03,14.62,14.7,14.48,14.61,189326.0
2015-02-04,14.58,14.62,14.14,14.19,440612.0
2015-02-05,14.27,14.42,14.25,14.42,1039539.0
2015-02-06,14.35,14.49,14.33,14.38,449015.0
2015-02-09,14.06,14.3727,14.04,14.25,431206.0
2015-02-10,14.0,14.41,13.96,14.32,1075800.0
2015-02-11,14.49,14.75,14.4,14.68,977040.0
2015-02-12,14.83,14.93,14.75,14.78,579802.0
2015-02-13,14.44,14.44,14.21,14.27,322936.0
2015-02-17,14.1,14.13,13.98,14.03,322495.0
2015-02-18,13.99,14.119,13.98,14.11,131784.0
2015-02-19,14.11,14.28,14.06,14.2,150662.0
2015-02-20,14.12,14.2,14.01,14.17,125530.0
2015-02-23,14.03,14.1,13.99,14.02,280047.0
2015-02-24,13.98,14.02,13.86,13.93,275166.0
2015-02-25,13.83,13.86,13.64,13.75,348151.0
2015-02-26,13.75,13.75,13.46,13.5,480672.0
2015-02-27,13.12,13.25,13.1,13.17,376927.0
2015-03-02,13.07,13.08,12.97,13.0,166890.0
2015-03-03,12.85,12.95,12.77,12.78,329348.0
2015-03-04,12.52,12.53,12.38,12.47,920252.0
2015-03-05,12.4,12.43,12.24,12.27,457704.0
2015-03-06,12.18,12.26,12.025,12.08,455310.0
2015-03-09,12.23,12.32,12.19,12.2,296408.0
2015-03-10,11.91,11.95,11.76,11.76,361423.0
2015-03-11,11.85,12.0,11.75,11.92,290662.0
2015-03-12,12.15,12.26,12.07,12.18,406101.0
2015-03-13,12.07,12.09,11.92,11.96,188302.0
2015-03-16,12.08,12.1,11.865,11.95,311288.0
2015-03-17,12.22,12.3,12.11,12.3,602513.0
2015-03-18,12.1,12.42,12.0,12.35,552269.0
2015-03-19,12.33,12.46,12.22,12.32,242324.0
2015-03-20,12.42,12.52,12.42,12.5,193309.0
2015-03-23,12.84,12.96,12.76,12.93,1561866.0
2015-03-24,12.77,12.79,12.54,12.6,528035.0
2015-03-25,13.32,13.43,13.19,13.36,2686941.0
2015-03-26,13.1,13.16,12.85,12.87,643774.0
2015-03-27,12.8,12.88,12.66,12.88,573326.0
2015-03-30,12.87,12.95,12.8,12.95,633480.0
2015-03-31,12.76,13.04,12.67,13.03,1144776.0
2015-04-01,11.41,11.51,11.32,11.39,709906.0
2015-04-02,11.38,11.52,11.37,11.47,445596.0
2015-04-06,11.45,11.57,11.42,11.43,429599.0
2015-04-07,11.06,11.16,11.01,11.06,921526.0
2015-04-08,10.75,10.86,10.75,10.79,653245.0
2015-04-09,10.86,10.9,10.75,10.82,576263.0
2015-04-10,10.84,10.91,10.82,10.9,492482.0
2015-04-13,10.76,10.79,10.705,10.72,593745.0
2015-04-14,10.65,10.735,10.62,10.64,787620.0
2015-04-15,10.61,10.61,10.43,10.53,699734.0
2015-04-16,10.63,10.72,10.5999,10.72,478844.0
2015-04-17,10.69,10.83,10.67,10.76,402029.0
2015-04-20,10.69,10.69,10.61,10.65,266601.0
2015-04-21,10.77,10.85,10.75,10.83,385200.0
2015-04-22,10.91,10.965,10.86,10.9,377811.0
2015-04-23,10.89,11.0,10.89,10.96,386148.0
2015-04-24,11.03,11.2301,11.03,11.18,374997.0
2015-04-27,11.25,11.44,11.25,11.37,338383.0
2015-04-28,11.39,11.58,11.39,11.48,468850.0
2015-04-29,11.59,11.67,11.47,11.53,392235.0
2015-04-30,11.16,11.17,11.02,11.06,485259.0
2015-05-01,11.12,11.13,11.02,11.09,180897.0
2015-05-04,10.79,10.83,10.72,10.78,359635.0
2015-05-05,10.8,10.83,10.73,10.77,232746.0
2015-05-06,10.87,10.91,10.78,10.81,146043.0
2015-05-07,11.05,11.2,11.05,11.16,517589.0
2015-05-08,11.44,11.5,11.3,11.3,245620.0
2015-05-11,11.43,11.59,11.42,11.52,337836.0
2015-05-12,11.63,11.69,11.61,11.64,328541.0
2015-05-13,11.79,11.85,11.71,11.73,271777.0
2015-05-14,12.01,12.08,11.96,12.02,346070.0
2015-05-15,11.9,12.03,11.84,12.01,240333.0
2015-05-18,11.98,11.98,11.8,11.81,161547.0
2015-05-19,11.77,11.86,11.65,11.84,224930.0
2015-05-20,11.68,11.7,11.575,11.63,195852.0
2015-05-21,11.63,11.67,11.575,11.62,231778.0
2015-05-22,11.59,11.72,11.58,11.67,315753.0
2015-05-26,11.43,11.45,11.25,11.36,213580.0
2015-05-27,11.1,11.32,11.05,11.31,214399.0
2015-05-28,11.24,11.24,11.04,11.22,536693.0
2015-05-29,11.2,11.2,10.97,11.02,631106.0
2015-06-01,10.93,10.99,10.865,10.91,568787.0
2015-06-02,10.89,11.06,10.89,11.01,162140.0
2015-06-03,11.18,11.35,11.18,11.3,173566.0
2015-06-04,11.47,11.56,11.37,11.39,326789.0
2015-06-05,11.31,11.35,11.225,11.33,229639.0
2015-06-08,10.62,10.77,10.54,10.74,570666.0
2015-06-09,10.66,10.8,10.64,10.72,391692.0
2015-06-10,10.86,10.99,10.82,10.9,336816.0
2015-06-11,11.07,11.13,10.96,11.06,180766.0
2015-06-12,11.04,11.09,11.02,11.04,327785.0
2015-06-15,10.91,10.91,10.65,10.72,625177.0
2015-06-16,10.84,10.9,10.81,10.84,156209.0
2015-06-17,10.95,11.09,10.95,11.08,284217.0
2015-06-18,11.25,11.36,11.2,11.32,345420.0
2015-06-19,11.33,11.415,11.28,11.39,295813.0
2015-06-22,11.53,11.75,11.52,11.74,309002.0
2015-06-23,11.72,11.8,11.65,11.78,400567.0
2015-06-24,11.77,11.86,11.69,11.71,326286.0
2015-06-25,11.86,11.92,11.77,11.8,635145.0
2015-06-26,11.79,11.81,11.64,11.67,376046.0
2015-06-29,11.42,11.43,11.26,11.27,149956.0
2015-06-30,11.57,11.59,11.47,11.49,127600.0
2015-07-01,11.53,11.56,11.29,11.41,379797.0
2015-07-02,11.49,11.62,11.43,11.57,251166.0
2015-07-06,11.59,11.74,11.54,11.74,174588.0
2015-07-07,11.65,11.75,11.47,11.73,235291.0
2015-07-08,11.33,11.36,11.19,11.22,184367.0
2015-07-09,11.56,11.66,11.56,11.58,200297.0
2015-07-10,11.72,11.86,11.7,11.78,228361.0
2015-07-13,11.82,11.9,11.78,11.89,161739.0
2015-07-14,11.87,11.9299,11.81,11.9,158433.0
2015-07-15,11.75,11.75,11.57,11.62,167649.0
2015-07-16,11.66,11.76,11.57,11.76,233337.0
2015-07-17,11.75,11.77,11.64,11.73,157886.0
2015-07-20,11.52,11.54,11.4,11.54,108963.0
2015-07-21,11.56,11.71,11.56,11.64,139415.0
2015-07-22,11.49,11.66,11.49,11.66,145662.0
2015-07-23,11.41,11.43,11.1304,11.2,323483.0
2015-07-24,11.25,11.3199,11.04,11.16,302578.0
2015-07-27,11.01,11.02,10.8,10.84,176026.0
2015-07-28,11.12,11.25,11.05,11.19,347186.0
2015-07-29,11.24,11.29,11.08,11.09,261427.0
2015-07-30,11.03,11.52,11.03,11.44,203383.0
2015-07-31,11.49,11.55,11.4299,11.48,288343.0
2015-08-03,11.16,11.16,10.92,11.04,337740.0
2015-08-04,11.07,11.24,11.06,11.15,154780.0
2015-08-05,11.2,11.2,11.07,11.11,159758.0
2015-08-06,11.1,11.1,10.93,11.01,264730.0
2015-08-07,10.81,10.94,10.8,10.92,344376.0
2015-08-10,10.74,10.89,10.7201,10.85,331806.0
2015-08-11,10.85,10.98,10.83,10.89,303335.0
2015-08-12,10.76,10.885,10.74,10.85,201802.0
2015-08-13,10.58,10.58,10.43,10.5,194870.0
2015-08-14,10.54,10.63,10.51,10.55,119383.0
2015-08-17,10.51,10.6,10.44,10.51,115752.0
2015-08-18,10.36,10.38,10.29,10.35,223865.0
2015-08-19,10.14,10.21,10.02,10.15,336852.0
2015-08-20,9.97,10.26,9.92,10.08,302129.0
2015-08-21,9.96,9.96,9.77,9.77,180503.0
2015-08-24,9.26,9.49,9.1501,9.21,388694.0
2015-08-25,9.52,9.58,9.31,9.31,283139.0
2015-08-26,9.83,9.96,9.59,9.72,280663.0
2015-08-27,9.97,10.03,9.84,9.91,202083.0
2015-08-28,9.73,9.8,9.69,9.78,151317.0
2015-08-31,9.74,9.86,9.69,9.76,239270.0
2015-09-01,9.57,9.68,9.54,9.59,239927.0
2015-09-02,9.68,9.69,9.53,9.64,98155.0
2015-09-03,9.39,9.43,9.29,9.32,442627.0
2015-09-04,9.27,9.29,9.125,9.15,340726.0
2015-09-08,9.19,9.21,9.0032,9.08,477309.0
2015-09-09,9.01,9.05,8.795,8.81,363945.0
2015-09-10,8.8,8.85,8.72,8.82,527683.0
2015-09-11,8.72,8.825,8.71,8.82,163089.0
2015-09-14,8.64,8.85,8.62,8.78,916394.0
2015-09-15,8.85,9.09,8.85,9.05,556971.0
2015-09-16,9.1,9.15,9.04,9.06,682950.0
2015-09-17,9.2,9.55,9.13,9.34,729353.0
2015-09-18,9.19,9.52,9.19,9.26,1625650.0
2015-09-21,9.27,9.31,9.13,9.15,351690.0
2015-09-22,9.1,9.17,9.02,9.14,236519.0
2015-09-23,9.14,9.204,8.96,8.96,236165.0
2015-09-24,8.96,8.96,8.76,8.86,768231.0
2015-09-25,8.87,8.96,8.82,8.87,614663.0
2015-09-28,8.84,8.86,8.68,8.68,407800.0
2015-09-29,8.77,8.85,8.74,8.82,392295.0
2015-09-30,8.81,8.85,8.66,8.68,438034.0
2015-10-01,8.7,8.76,8.56,8.62,501327.0
2015-10-02,8.63,9.01,8.62,8.97,362696.0
2015-10-05,9.0,9.12,8.9928,9.05,287486.0
2015-10-06,9.05,9.15,9.03,9.12,281835.0
2015-10-07,9.34,9.52,9.32,9.44,327140.0
2015-10-08,9.45,9.56,9.44,9.55,301446.0
2015-10-09,9.56,9.57,9.41,9.46,239625.0
2015-10-12,9.63,9.67,9.56,9.61,347444.0
2015-10-13,9.48,9.48,9.35,9.39,295116.0
2015-10-14,9.54,9.64,9.53,9.6,459482.0
2015-10-15,9.71,9.74,9.58,9.71,392141.0
2015-10-16,9.68,9.68,9.45,9.59,460990.0
2015-10-19,9.59,9.7,9.57,9.65,494043.0
2015-10-20,9.74,9.74,9.6,9.68,687135.0
2015-10-21,9.64,9.78,9.62,9.76,1182809.0
2015-10-22,9.89,10.04,9.7999,9.92,1252917.0
2015-10-23,9.99,10.03,9.9,9.94,344891.0
2015-10-26,10.02,10.06,9.94,10.01,383167.0
2015-10-27,9.98,10.0085,9.75,9.86,581556.0
2015-10-28,9.98,10.13,9.92,10.06,410062.0
2015-10-29,10.07,10.07,9.87,9.96,302981.0
2015-10-30,9.82,9.97,9.78,9.91,252962.0
2015-11-02,10.48,10.48,10.21,10.4,792017.0
2015-11-03,10.41,10.49,10.34,10.47,462021.0
2015-11-04,10.57,10.6992,10.46,10.5,545985.0
2015-11-05,10.48,10.49,10.36,10.45,223503.0
2015-11-06,10.22,10.23,10.02,10.09,278763.0
2015-11-09,10.1,10.195,9.98,10.11,429306.0
2015-11-10,10.05,10.1,9.95,10.06,314542.0
2015-11-11,10.16,10.16,9.99,10.04,172417.0
2015-11-12,10.0,10.2,9.995,10.18,292493.0
2015-11-13,10.29,10.31,10.15,10.18,432703.0
2015-11-16,10.15,10.16,10.04,10.12,148806.0
2015-11-17,10.38,10.4,10.29,10.32,267900.0
2015-11-18,10.52,10.63,10.47,10.63,289418.0
2015-11-19,10.56,10.61,10.49,10.53,281189.0
2015-11-20,10.65,10.77,10.61,10.66,171763.0
2015-11-23,10.63,10.64,10.48,10.54,271650.0
2015-11-24,10.3,10.3,9.84,9.86,1260703.0
2015-11-25,9.9,10.03,9.85,9.9,229072.0
2015-11-27,9.57,9.66,9.51,9.65,134294.0
2015-11-30,9.65,9.7099,9.5,9.52,404259.0
2015-12-01,9.61,9.67,9.59,9.65,255723.0
2015-12-02,9.65,9.67,9.55,9.56,244439.0
2015-12-03,9.63,9.68,9.53,9.6,299866.0
2015-12-04,9.45,9.5,9.36,9.42,1046174.0
2015-12-07,9.35,9.35,9.22,9.26,434507.0
2015-12-08,9.28,9.32,9.25,9.28,360780.0
2015-12-09,9.32,9.36,9.19,9.24,553408.0
2015-12-10,9.04,9.04,8.73,8.75,728765.0
2015-12-11,8.62,8.64,8.46,8.48,478895.0
2015-12-14,8.43,8.49,8.295,8.38,909439.0
2015-12-15,8.81,8.85,8.72,8.78,894387.0
2015-12-16,8.92,8.975,8.79,8.96,672409.0
2015-12-17,9.04,9.11,8.96,9.01,448151.0
2015-12-18,8.77,8.83,8.71,8.75,314741.0
2015-12-21,8.86,8.88,8.71,8.76,285481.0
2015-12-22,8.54,8.62,8.51,8.56,393208.0
2015-12-23,8.76,8.81,8.705,8.79,318699.0
2015-12-24,8.71,8.76,8.69,8.72,114103.0
2015-12-28,8.68,8.71,8.645,8.7,233799.0
2015-12-29,8.86,8.89,8.79,8.85,223621.0
2015-12-30,8.75,8.76,8.63,8.63,306173.0
2015-12-31,8.64,8.67,8.4502,8.49,333008.0
2016-01-04,8.24,8.36,8.22,8.31,508891.0
2016-01-05,8.22,8.29,8.17,8.24,521238.0
2016-01-06,8.11,8.2,8.11,8.17,256789.0
2016-01-07,8.1,8.35,8.09,8.19,368978.0
2016-01-08,8.27,8.29,8.0,8.02,271691.0
2016-01-11,8.19,8.22,8.06,8.14,447423.0
2016-01-12,8.2,8.22,8.07,8.17,919467.0
2016-01-13,8.49,8.55,8.39,8.43,464139.0
2016-01-14,8.31,8.37,8.21,8.35,391219.0
2016-01-15,8.11,8.15,7.96,8.09,358857.0
2016-01-19,8.07,8.18,8.03,8.16,426215.0
2016-01-20,7.93,7.97,7.8,7.95,374387.0
2016-01-21,7.78,7.9,7.71,7.86,456109.0
2016-01-22,8.01,8.24,7.98,8.2,735183.0
2016-01-25,8.23,8.34,8.19,8.26,279407.0
2016-01-26,8.46,8.54,8.45,8.48,340145.0
2016-01-27,8.6,8.63,8.47,8.49,265685.0
2016-01-28,8.58,8.63,8.5,8.59,222207.0
2016-01-29,8.79,8.88,8.71,8.86,380767.0
2016-02-01,8.81,9.0,8.75,8.95,269663.0
2016-02-02,9.0,9.0426,8.86,8.99,689747.0
2016-02-03,9.05,9.22,9.02,9.14,432361.0
2016-02-04,9.41,9.47,9.31,9.42,508479.0
2016-02-05,9.39,9.41,9.26,9.27,154837.0
2016-02-08,9.15,9.16,9.02,9.13,289444.0
2016-02-09,8.85,9.0479,8.85,8.98,178972.0
2016-02-10,8.9,9.07,8.9,9.01,121211.0
2016-02-11,8.99,9.02,8.86,8.94,440769.0
2016-02-12,8.91,9.02,8.86,9.0,301156.0
2016-02-16,9.01,9.03,8.91,9.0,188598.0
2016-02-17,9.27,9.37,9.26,9.27,287546.0
2016-02-18,9.4,9.4,9.29,9.34,151262.0
2016-02-19,9.29,9.34,9.24,9.31,347258.0
2016-02-22,9.34,9.38,9.31,9.37,314237.0
2016-02-23,9.28,9.3,9.15,9.18,186595.0
2016-02-24,9.01,9.13,8.95,9.13,475826.0
2016-02-25,9.34,9.39,9.28,9.36,235429.0
2016-02-26,9.25,9.29,8.92,9.04,279523.0
2016-02-29,9.24,9.39,9.18,9.33,328820.0
2016-03-01,9.34,9.43,9.28,9.4,279323.0
2016-03-02,9.3,9.4499,9.29,9.43,108890.0
2016-03-03,9.48,9.57,9.46,9.55,175173.0
2016-03-04,9.62,9.79,9.59,9.71,239351.0
2016-03-07,9.82,9.97,9.8,9.96,418294.0
2016-03-08,10.08,10.12,9.97,10.03,610073.0
2016-03-09,10.08,10.14,10.0367,10.09,244357.0
2016-03-10,10.02,10.03,9.82,9.99,348542.0
2016-03-11,10.11,10.16,10.06,10.13,113460.0
2016-03-14,10.24,10.39,10.22,10.35,247360.0
2016-03-15,10.17,10.17,10.07,10.12,171420.0
2016-03-16,10.12,10.4,10.06,10.36,288782.0
2016-03-17,10.53,10.75,10.48,10.73,323295.0
2016-03-18,10.73,10.81,10.7,10.78,1131442.0
2016-03-21,10.72,10.81,10.6601,10.78,132234.0
2016-03-22,10.65,10.84,10.61,10.78,472800.0
2016-03-23,10.5,10.51,10.39,10.44,380005.0
2016-03-24,10.11,10.38,10.07,10.37,530120.0
2016-03-28,10.4,10.41,10.3,10.35,214278.0
2016-03-29,10.14,10.3,10.07,10.29,422421.0
2016-03-30,10.3,10.335,10.23,10.25,265762.0
2016-03-31,10.47,10.53,10.4501,10.51,330082.0
2016-04-01,10.3,10.37,10.22,10.28,262087.0
2016-04-04,10.4,10.44,10.315,10.34,352031.0
2016-04-05,10.18,10.18,10.02,10.05,297990.0
2016-04-06,9.88,9.96,9.805,9.87,436325.0
2016-04-07,9.81,9.82,9.66,9.69,134429.0
2016-04-08,9.92,9.96,9.88,9.94,198006.0
2016-04-11,10.12,10.18,10.08,10.11,208343.0
2016-04-12,10.13,10.23,10.1,10.17,130607.0
2016-04-13,10.25,10.28,10.19,10.21,177752.0
2016-04-14,10.27,10.32,10.23,10.28,100661.0
2016-04-15,10.17,10.235,10.15,10.21,112252.0
2016-04-18,10.2,10.33,10.19,10.26,272076.0
2016-04-19,10.36,10.43,10.315,10.39,271884.0
2016-04-20,10.74,10.74,10.48,10.52,539744.0
2016-04-21,10.43,10.43,10.23,10.25,181738.0
2016-04-22,10.4,10.55,10.36,10.43,279859.0
2016-04-25,10.58,10.58,10.45,10.51,289918.0
2016-04-26,10.7,10.7,10.6,10.66,302142.0
2016-04-27,10.73,10.73,10.57,10.67,206761.0
2016-04-28,10.51,10.63,10.5,10.53,155415.0
2016-04-29,10.69,10.87,10.62,10.8,268845.0
2016-05-02,10.71,10.72,10.59,10.59,175280.0
2016-05-03,10.41,10.41,10.31,10.37,167991.0
2016-05-04,9.62,9.6798,9.35,9.36,595919.0
2016-05-05,9.44,9.47,9.29,9.32,352267.0
2016-05-06,9.25,9.27,9.15,9.2,175949.0
2016-05-09,9.3,9.34,9.275,9.31,181230.0
2016-05-10,9.44,9.483,9.4,9.47,157153.0
2016-05-11,9.24,9.28,9.22,9.27,247350.0
2016-05-12,9.4,9.405,9.227,9.24,209745.0
2016-05-13,9.18,9.18,9.07,9.08,151860.0
2016-05-16,8.99,9.1,8.99,9.07,147805.0
2016-05-17,9.07,9.11,9.03,9.06,191901.0
2016-05-18,8.98,9.03,8.86,8.93,210707.0
2016-05-19,8.84,8.885,8.77,8.83,295294.0
2016-05-20,8.92,9.005,8.87,8.88,74139.0
2016-05-23,8.95,9.08,8.91,8.94,198544.0
2016-05-24,9.26,9.31,9.21,9.27,275190.0
2016-05-25,9.32,9.35,9.24,9.25,125101.0
2016-05-26,9.14,9.14,9.06,9.13,160993.0
2016-05-27,9.05,9.12,9.05,9.12,248604.0
2016-05-31,9.2,9.23,9.13,9.2,270979.0
2016-06-01,9.13,9.165,9.07,9.13,322927.0
2016-06-02,9.06,9.06,9.0,9.05,111569.0
2016-06-03,9.28,9.36,9.27,9.32,198089.0
2016-06-06,9.36,9.41,9.315,9.36,115652.0
2016-06-07,9.19,9.31,9.19,9.26,245213.0
2016-06-08,9.38,9.52,9.38,9.47,229567.0
2016-06-09,9.29,9.325,9.23,9.29,249709.0
2016-06-10,9.18,9.19,9.01,9.04,362306.0
2016-06-13,9.03,9.095,9.02,9.04,546269.0
2016-06-14,9.0,9.0,8.76,8.82,449023.0
2016-06-15,8.8,8.8,8.6,8.68,513200.0
2016-06-16,8.61,8.61,8.455,8.6,426928.0
2016-06-17,8.59,8.7,8.57,8.64,1476965.0
2016-06-20,8.97,9.11,8.96,9.04,479579.0
2016-06-21,9.01,9.085,8.935,9.03,359451.0
2016-06-22,9.02,9.05,8.96,8.99,174205.0
2016-06-23,9.1,9.28,9.1,9.28,273355.0
2016-06-24,8.78,8.89,8.71,8.75,471471.0
2016-06-27,8.76,8.77,8.625,8.69,208077.0
2016-06-28,8.91,8.98,8.88,8.91,254210.0
2016-06-29,9.2,9.265,9.14,9.18,154709.0
2016-06-30,9.23,9.26,9.115,9.15,798790.0
2016-07-01,9.17,9.23,9.16,9.22,82669.0
2016-07-05,9.16,9.32,9.14,9.14,75690.0
2016-07-06,9.07,9.18,8.96,9.17,452301.0
2016-07-07,9.16,9.19,9.1,9.14,258878.0
2016-07-08,8.88,9.01,8.8432,8.97,336860.0
2016-07-11,9.01,9.12,9.0,9.1,244741.0
2016-07-12,9.15,9.32,9.15,9.24,132353.0
2016-07-13,9.35,9.4,9.29,9.33,181263.0
2016-07-14,9.73,9.89,9.71,9.77,387848.0
2016-07-15,9.7,9.76,9.51,9.58,513227.0
2016-07-18,9.16,9.2,8.96,9.11,811483.0
2016-07-19,9.07,9.16,8.79,8.81,697010.0
2016-07-20,8.74,8.78,8.56,8.59,563620.0
2016-07-21,8.35,8.489,8.28,8.42,1702960.0
2016-07-22,8.56,8.755,8.47,8.73,989151.0
2016-07-25,8.85,8.9101,8.76,8.83,1099777.0
2016-07-26,8.85,8.87,8.73,8.78,528578.0
2016-07-27,8.81,8.87,8.66,8.81,371550.0
2016-07-28,8.81,8.81,8.63,8.67,226381.0
2016-07-29,8.73,8.73,8.61,8.63,380972.0
2016-08-01,8.72,8.75,8.64,8.65,436661.0
2016-08-02,8.6,8.6,8.33,8.47,519368.0
2016-08-03,8.31,8.35,8.25,8.28,273043.0
2016-08-04,8.34,8.38,8.33,8.36,210570.0
2016-08-05,8.33,8.42,8.33,8.41,172551.0
2016-08-08,8.6,8.66,8.56,8.61,460634.0
2016-08-09,8.64,8.695,8.61,8.64,179163.0
2016-08-10,8.71,8.79,8.67,8.74,293123.0
2016-08-11,8.84,8.9,8.81,8.87,210490.0
2016-08-12,8.78,8.81,8.66,8.69,172215.0
2016-08-15,8.65,8.7,8.61,8.68,135193.0
2016-08-16,8.66,8.66,8.57,8.58,155717.0
2016-08-17,8.65,8.7,8.61,8.67,134990.0
2016-08-18,8.6,8.62,8.5,8.57,234982.0
2016-08-19,8.51,8.58,8.49,8.58,144818.0
2016-08-22,8.53,8.53,8.44,8.45,267690.0
2016-08-23,8.5,8.53,8.34,8.35,215640.0
2016-08-24,8.31,8.3963,8.29,8.36,180531.0
2016-08-25,8.4,8.46,8.4,8.43,159250.0
2016-08-26,8.37,8.49,8.17,8.26,638063.0
2016-08-29,8.31,8.31,8.23,8.24,202707.0
2016-08-30,8.27,8.28,8.19,8.23,292453.0
2016-08-31,8.37,8.4,8.23,8.3,225078.0
2016-09-01,8.36,8.39,8.32,8.39,338151.0
2016-09-02,8.45,8.51,8.41,8.47,138279.0
2016-09-06,8.47,8.51,8.42,8.47,519618.0
2016-09-07,8.49,8.5,8.4,8.44,201783.0
2016-09-08,8.41,8.43,8.3464,8.37,79854.0
2016-09-09,8.23,8.26,8.17,8.2,185353.0
2016-09-12,8.11,8.25,8.09,8.25,123628.0
2016-09-13,8.15,8.15,7.93,8.0,278429.0
2016-09-14,8.25,8.25,7.95,7.99,144303.0
2016-09-15,7.98,8.2,7.98,8.16,360642.0
2016-09-16,8.11,8.14,8.06,8.11,258370.0
2016-09-19,8.24,8.27,8.18,8.22,244645.0
2016-09-20,8.22,8.23,8.105,8.14,256820.0
2016-09-21,8.25,8.32,8.19,8.32,116702.0
2016-09-22,8.37,8.47,8.37,8.43,127668.0
2016-09-23,8.4,8.435,8.37,8.4,237040.0
2016-09-26,8.22,8.26,8.17,8.24,203828.0
2016-09-27,8.21,8.23,8.1614,8.22,146451.0
2016-09-28,8.23,8.29,8.16,8.27,116872.0
2016-09-29,8.19,8.21,8.09,8.12,170596.0
2016-09-30,8.11,8.12,8.0233,8.06,140146.0
2016-10-03,8.04,8.105,7.99,8.1,146881.0
2016-10-04,8.01,8.03,7.92,7.96,185854.0
2016-10-05,7.98,8.05,7.94,8.04,172136.0
2016-10-06,8.04,8.12,8.03,8.09,92173.0
2016-10-07,8.2,8.25,8.09,8.13,558602.0
2016-10-10,8.02,8.04,7.95,7.99,291831.0
2016-10-11,8.1,8.12,8.005,8.08,298571.0
2016-10-12,8.03,8.06,7.98,8.04,195647.0
2016-10-13,7.99,7.99,7.86,7.93,173933.0
2016-10-14,8.0,8.0,7.9,7.96,99507.0
2016-10-17,7.87,7.91,7.825,7.91,168866.0
2016-10-18,7.87,7.93,7.87,7.92,229189.0
2016-10-19,8.03,8.11,8.02,8.06,457318.0
2016-10-20,8.12,8.18,8.04,8.08,279020.0
2016-10-21,7.97,8.02,7.93,8.0,249613.0
2016-10-24,8.08,8.11,8.06,8.08,97991.0
2016-10-25,8.17,8.185,8.12,8.16,196050.0
2016-10-26,8.17,8.29,8.1449,8.22,614646.0
2016-10-27,8.11,8.12,8.035,8.09,229412.0
2016-10-28,8.0,8.105,7.99,8.01,121150.0
2016-10-31,7.96,8.04,7.96,8.02,125304.0
2016-11-01,7.93,7.93,7.8,7.83,187754.0
2016-11-02,7.78,7.79,7.52,7.53,240416.0
2016-11-03,7.72,7.83,7.7,7.71,157203.0
2016-11-04,7.66,7.66,7.57,7.62,274652.0
2016-11-07,7.69,7.72,7.575,7.58,689506.0
2016-11-08,7.59,7.64,7.55,7.57,863396.0
2016-11-09,7.44,7.58,7.37,7.54,345285.0
2016-11-10,7.45,7.48,7.31,7.33,476552.0
2016-11-11,7.24,7.27,7.16,7.22,219057.0
2016-11-14,7.18,7.18,7.06,7.09,222795.0
2016-11-15,7.09,7.23,7.09,7.17,161649.0
2016-11-16,7.04,7.16,7.015,7.1,431548.0
2016-11-17,7.05,7.1,7.0,7.04,619144.0
2016-11-18,7.16,7.23,7.15,7.19,221264.0
2016-11-21,7.17,7.23,7.12,7.14,327062.0
2016-11-22,7.13,7.17,7.03,7.07,308488.0
2016-11-23,6.99,7.06,6.99,7.05,185980.0
2016-11-25,7.11,7.1673,7.1,7.14,110919.0
2016-11-28,7.04,7.13,7.02,7.09,234541.0
2016-11-29,6.85,6.87,6.77,6.8,286023.0
2016-11-30,6.62,6.715,6.57,6.6,686320.0
2016-12-01,6.3895,6.58,6.35,6.42,699888.0
2016-12-02,6.4,6.47,6.37,6.44,387881.0
2016-12-05,6.42,6.535,6.4,6.5,600134.0
2016-12-06,6.55,6.68,6.53,6.63,364881.0
2016-12-07,6.74,6.82,6.7232,6.75,534923.0
2016-12-08,6.56,6.77,6.56,6.7,480724.0
2016-12-09,6.62,6.69,6.56,6.64,409417.0
2016-12-12,6.56,6.66,6.55,6.61,265364.0
2016-12-13,6.57,6.7,6.57,6.63,485760.0
2016-12-14,6.59,6.59,6.36,6.37,599715.0
2016-12-15,6.54,6.565,6.37,6.49,786535.0
2016-12-16,6.63,6.65,6.545,6.57,329282.0
2016-12-19,6.69,6.7,6.54,6.62,624357.0
2016-12-20,6.63,6.65,6.53,6.58,536922.0
2016-12-21,6.62,6.64,6.56,6.58,344837.0
2016-12-22,6.61,6.78,6.61,6.73,523435.0
2016-12-23,6.69,6.81,6.67,6.8,275923.0
2016-12-27,6.67,6.775,6.66,6.76,397213.0
2016-12-28,6.71,6.75,6.69,6.73,216000.0
2016-12-29,6.76,6.89,6.76,6.86,362970.0
2016-12-30,6.89,6.94,6.835,6.9,377588.0
2017-01-03,6.56,6.74,6.54,6.67,1102434.0
2017-01-04,6.68,6.85,6.67,6.82,647946.0
2017-01-05,6.73,6.87,6.72,6.82,543275.0
2017-01-06,6.83,6.94,6.82,6.83,470874.0
2017-01-09,6.78,6.99,6.76,6.9,605676.0
2017-01-10,6.82,6.86,6.81,6.81,272669.0
2017-01-11,6.62,6.74,6.5,6.68,784859.0
2017-01-12,6.89,7.015,6.87,6.97,696090.0
2017-01-13,6.98,7.12,6.875,7.05,752782.0
2017-01-17,6.97,7.1,6.885,7.03,735509.0
2017-01-18,6.94,7.0,6.9,6.94,372653.0
2017-01-19,6.95,7.14,6.9,7.11,1006877.0
2017-01-20,7.15,7.21,7.085,7.16,545703.0
2017-01-23,7.19,7.31,7.19,7.27,421552.0
2017-01-24,7.32,7.41,7.28,7.37,874672.0
2017-01-25,7.19,7.25,7.16,7.23,434820.0
2017-01-26,7.21,7.28,7.18,7.22,259728.0
2017-01-27,7.21,7.31,7.19,7.31,320334.0
2017-01-30,7.49,7.545,7.43,7.51,718310.0
2017-01-31,7.52,7.55,7.41,7.45,606171.0
2017-02-01,7.35,7.4,7.27,7.36,564593.0
2017-02-02,7.48,7.54,7.44,7.47,419435.0
2017-02-03,7.56,7.56,7.49,7.5,415737.0
2017-02-06,7.49,7.51,7.44,7.48,324368.0
2017-02-07,7.43,7.47,7.39,7.44,394925.0
2017-02-08,7.44,7.51,7.41,7.5,231924.0
2017-02-09,7.6,7.72,7.59,7.71,786933.0
2017-02-10,7.52,7.79,7.45,7.69,945379.0
2017-02-13,7.66,7.72,7.62,7.67,466271.0
2017-02-14,7.66,7.67,7.5147,7.58,683480.0
2017-02-15,7.42,7.67,7.4,7.55,1199940.0
2017-02-16,7.7,7.79,7.67,7.72,2571172.0
2017-02-17,7.9,8.19,7.8999,8.17,1828139.0
2017-02-21,8.14,8.26,8.11,8.25,661153.0
2017-02-22,8.27,8.32,8.17,8.32,777011.0
2017-02-23,8.4,8.545,8.4,8.46,697939.0
2017-02-24,8.35,8.39,8.3,8.32,317314.0
2017-02-27,8.32,8.32,8.2,8.28,460884.0
2017-02-28,8.26,8.29,8.22,8.25,407281.0
2017-03-01,8.3,8.43,8.3,8.39,269922.0
2017-03-02,8.32,8.37,8.2901,8.36,241012.0
2017-03-03,8.33,8.43,8.31,8.39,355754.0
2017-03-06,8.4,8.455,8.37,8.41,317174.0
2017-03-07,8.39,8.43,8.34,8.4,280825.0
2017-03-08,8.14,8.28,8.14,8.21,453403.0
2017-03-09,8.16,8.18,8.055,8.08,586659.0
2017-03-10,8.14,8.21,8.08,8.18,332157.0
2017-03-13,8.09,8.175,8.09,8.15,321667.0
2017-03-14,8.12,8.23,8.11,8.15,317791.0
2017-03-15,8.18,8.3,8.16,8.28,331957.0
2017-03-16,8.34,8.53,8.33,8.49,410957.0
2017-03-17,8.47,8.63,8.45,8.62,301391.0
2017-03-20,8.65,8.68,8.6048,8.67,319905.0
2017-03-21,8.57,8.585,8.47,8.47,351842.0
2017-03-22,8.41,8.5,8.38,8.47,380267.0
2017-03-23,8.44,8.5,8.4,8.44,593449.0
2017-03-24,8.43,8.5,8.39,8.47,262470.0
2017-03-27,8.39,8.43,8.365,8.41,429703.0
2017-03-28,8.45,8.49,8.27,8.3,3460843.0
2017-03-29,8.3,8.36,8.26,8.3,399881.0
2017-03-30,8.31,8.34,8.28,8.29,172815.0
2017-03-31,8.29,8.34,8.25,8.28,270612.0
2017-04-03,8.29,8.29,8.17,8.27,202034.0
2017-04-04,8.25,8.25,8.185,8.21,138386.0
2017-04-05,8.17,8.18,8.11,8.11,209198.0
2017-04-06,8.06,8.14,8.06,8.06,236124.0
2017-04-07,8.02,8.1,8.02,8.04,234075.0
2017-04-10,8.07,8.19,8.07,8.11,183813.0
2017-04-11,8.16,8.2,8.12,8.17,208695.0
2017-04-12,8.22,8.24,8.13,8.19,228533.0
2017-04-13,8.15,8.24,8.15,8.16,251042.0
2017-04-17,8.16,8.19,8.06,8.1,222554.0
2017-04-18,8.03,8.09,8.02,8.07,137219.0
2017-04-19,8.11,8.14,8.03,8.05,222189.0
2017-04-20,8.32,8.34,8.2548,8.34,378687.0
2017-04-21,8.41,8.41,8.31,8.33,324890.0
2017-04-24,8.63,8.68,8.61,8.62,420170.0
2017-04-25,8.76,8.84,8.75,8.82,293364.0
2017-04-26,8.82,8.83,8.5695,8.63,292869.0
2017-04-27,8.69,8.75,8.61,8.73,265415.0
2017-04-28,8.75,8.79,8.73,8.75,219195.0
2017-05-01,8.77,8.77,8.645,8.69,119262.0
2017-05-02,8.7,8.78,8.68,8.75,201545.0
2017-05-03,8.71,8.72,8.25,8.3,1049195.0
2017-05-04,8.06,8.2,8.0131,8.14,999314.0
2017-05-05,8.21,8.335,8.1648,8.33,690748.0
2017-05-08,8.25,8.25,8.155,8.17,587607.0
2017-05-09,8.14,8.22,8.105,8.13,277777.0
2017-05-10,8.17,8.235,8.115,8.22,517592.0
2017-05-11,8.18,8.23,8.1162,8.22,196385.0
2017-05-12,8.18,8.24,8.17,8.2,228837.0
2017-05-15,8.25,8.335,8.22,8.33,175628.0
2017-05-16,8.21,8.27,8.18,8.26,383462.0
2017-05-17,8.11,8.13,8.03,8.03,242759.0
2017-05-18,7.81,7.88,7.79,7.83,285248.0
2017-05-19,7.89,8.1,7.88,8.03,408709.0
2017-05-22,8.1,8.16,8.06,8.1,192193.0
2017-05-23,8.15,8.225,8.09,8.09,672482.0
2017-05-24,8.16,8.51,8.16,8.51,681306.0
2017-05-25,8.36,8.41,8.32,8.4,625606.0
2017-05-26,8.44,8.47,8.4,8.45,202385.0
2017-05-30,8.46,8.61,8.43,8.55,547138.0
2017-05-31,8.66,8.68,8.58,8.62,245083.0
2017-06-01,8.59,8.655,8.55,8.61,239926.0
2017-06-02,8.7,8.73,8.65,8.71,319925.0
2017-06-05,8.58,8.64,8.53,8.63,329610.0
2017-06-06,8.61,8.65,8.59,8.64,352513.0
2017-06-07,8.45,8.51,8.37,8.41,373989.0
2017-06-08,8.49,8.5124,8.43,8.5,172799.0
2017-06-09,8.53,8.55,8.42,8.49,507461.0
2017-06-12,8.55,8.57,8.49,8.51,537908.0
2017-06-13,8.65,8.66,8.56,8.61,2021068.0
2017-06-14,8.62,8.62,8.46,8.52,2493289.0
2017-06-15,8.08,8.14,8.01,8.11,945473.0
2017-06-16,8.04,8.19,8.01,8.18,558195.0
2017-06-19,8.14,8.2,8.1,8.2,171652.0
2017-06-20,8.12,8.14,8.05,8.08,159317.0
2017-06-21,8.14,8.14,8.04,8.12,230098.0
2017-06-22,8.18,8.24,8.18,8.2,126138.0
2017-06-23,8.26,8.28,8.23,8.26,120931.0
2017-06-26,8.29,8.34,8.25,8.26,178226.0
2017-06-27,8.25,8.25,8.119,8.13,237754.0
2017-06-28,8.18,8.28,8.15,8.2,280694.0
2017-06-29,8.2,8.215,8.09,8.13,155318.0
2017-06-30,8.18,8.28,8.18,8.2,228524.0
2017-07-03,8.2,8.255,8.18,8.21,99712.0
2017-07-05,8.15,8.17,8.07,8.15,226660.0
2017-07-06,8.13,8.14,8.06,8.09,146288.0
2017-07-07,8.08,8.09,8.01,8.04,156904.0
2017-07-10,8.09,8.175,8.06,8.14,152533.0
2017-07-11,8.08,8.195,8.06,8.16,211443.0
2017-07-12,8.25,8.315,8.225,8.31,157852.0
2017-07-13,8.32,8.345,8.25,8.32,201925.0
2017-07-14,8.38,8.44,8.35,8.38,156836.0
2017-07-17,8.49,8.615,8.469,8.61,436196.0
2017-07-18,8.58,8.6,8.53,8.55,182536.0
2017-07-19,8.61,8.74,8.61,8.7,150161.0
2017-07-20,8.68,8.71,8.655,8.67,117201.0
2017-07-21,8.7,8.72,8.61,8.71,97969.0
2017-07-24,8.65,8.81,8.62,8.74,507714.0
2017-07-25,8.85,8.98,8.84,8.89,420263.0
2017-07-26,9.05,9.07,8.95,9.0,271815.0
2017-07-27,9.26,9.48,9.245,9.27,447565.0
2017-07-28,9.32,9.36,9.27,9.3,3750970.0
2017-07-31,9.17,9.25,9.14,9.2,1903531.0
2017-08-01,8.98,9.01,8.9,8.9,1493679.0
2017-08-02,8.82,8.925,8.78,8.9,1825940.0
2017-08-03,8.94,9.035,8.94,9.01,363439.0
2017-08-04,8.99,9.08,8.96,9.07,229039.0
2017-08-07,9.02,9.07,9.005,9.05,244617.0
2017-08-08,9.04,9.115,9.04,9.06,203250.0
2017-08-09,9.02,9.065,9.01,9.04,193626.0
2017-08-10,9.1,9.16,9.03,9.04,282670.0
2017-08-11,9.02,9.13,9.02,9.1,295646.0
2017-08-14,9.18,9.291,9.18,9.25,313853.0
2017-08-15,9.08,9.125,9.02,9.11,210134.0
2017-08-16,9.08,9.31,9.04,9.28,497621.0
2017-08-17,9.14,9.24,9.05,9.08,883032.0
2017-08-18,9.05,9.13,8.98,9.05,257400.0
2017-08-21,9.22,9.32,9.21,9.28,290476.0
2017-08-22,9.29,9.425,9.29,9.41,159484.0
2017-08-23,9.51,9.62,9.51,9.58,332453.0
2017-08-24,9.62,9.63,9.43,9.44,563711.0
2017-08-25,9.49,9.565,9.45,9.53,1428438.0
2017-08-28,9.66,9.6919,9.5,9.54,1218866.0
2017-08-29,9.64,9.66,9.58,9.6,1190149.0
2017-08-30,9.58,9.6,9.5,9.51,426848.0
2017-08-31,9.56,9.6,9.415,9.46,1027096.0
2017-09-01,9.51,9.56,9.45,9.48,423277.0
2017-09-05,9.47,9.525,9.35,9.4,1601816.0
2017-09-06,9.49,9.54,9.46,9.46,928864.0
2017-09-07,9.42,9.47,9.37,9.47,1284692.0
2017-09-08,9.4,9.43,9.37,9.4,192945.0
2017-09-11,9.61,9.66,9.56,9.61,270532.0
2017-09-12,9.6,9.645,9.55,9.57,433662.0
2017-09-13,9.5,9.5,9.37,9.41,330737.0
2017-09-14,9.12,9.36,9.11,9.31,438042.0
2017-09-15,8.94,9.02,8.92,8.98,420605.0
2017-09-18,8.81,8.83,8.5,8.58,1898742.0
2017-09-19,8.73,8.86,8.71,8.84,1022631.0
2017-09-20,8.86,8.93,8.765,8.83,330454.0
2017-09-21,8.62,8.66,8.57,8.63,356379.0
2017-09-22,8.66,8.69,8.625,8.64,159927.0
2017-09-25,8.64,8.64,8.5,8.56,444161.0
2017-09-26,8.54,8.615,8.54,8.57,248756.0
2017-09-27,8.49,8.52,8.4,8.41,646550.0
2017-09-28,8.65,8.725,8.64,8.64,854630.0
2017-09-29,8.77,8.8958,8.75,8.82,828944.0
2017-10-02,8.66,8.7,8.61,8.65,431049.0
2017-10-03,8.55,8.6,8.51,8.52,769599.0
2017-10-04,8.53,8.57,8.52,8.54,734891.0
2017-10-05,8.78,8.84,8.75,8.77,783572.0
2017-10-06,8.72,8.81,8.72,8.8,303603.0
2017-10-09,8.52,8.53,8.37,8.47,447614.0
2017-10-10,8.76,8.8,8.61,8.62,208120.0
2017-10-11,8.88,8.98,8.855,8.97,482171.0
2017-10-12,9.03,9.22,9.01,9.2,491755.0
2017-10-13,9.24,9.315,9.21,9.24,341230.0
2017-10-16,9.19,9.26,9.16,9.22,218531.0
2017-10-17,9.54,9.59,9.465,9.59,574252.0
2017-10-18,9.62,9.62,9.5,9.55,422646.0
2017-10-19,9.53,9.66,9.52,9.57,311400.0
2017-10-20,9.5,9.59,9.47,9.55,544988.0
2017-10-23,9.47,9.48,9.44,9.45,470651.0
2017-10-24,9.44,9.53,9.44,9.51,358522.0
2017-10-25,9.45,9.5,9.19,9.2,610747.0
2017-10-26,9.36,9.36,9.17,9.23,583825.0
2017-10-27,9.42,9.6,9.34,9.56,1938698.0
2017-10-30,9.48,9.5,9.32,9.4,1409500.0
2017-10-31,9.37,9.43,9.225,9.39,522574.0
2017-11-01,9.54,9.79,9.54,9.77,574097.0
2017-11-02,9.31,9.47,9.29,9.45,813343.0
2017-11-03,9.13,9.15,9.06,9.12,445649.0
2017-11-06,9.37,9.54,9.35,9.48,559406.0
2017-11-07,9.37,9.44,9.34,9.4,522869.0
2017-11-08,9.12,9.24,9.1,9.16,472280.0
2017-11-09,9.09,9.18,9.09,9.16,296327.0
2017-11-10,9.02,9.1,9.01,9.02,269781.0
2017-11-13,9.04,9.05,8.99,9.01,172341.0
2017-11-14,9.22,9.23,9.06,9.1,259778.0
2017-11-15,9.24,9.25,9.135,9.16,288250.0
2017-11-16,9.27,9.27,9.15,9.24,321218.0
2017-11-17,9.22,9.31,9.19,9.3,390315.0
2017-11-20,9.04,9.12,9.04,9.09,303911.0
2017-11-21,9.1,9.215,9.0693,9.19,397296.0
2017-11-22,9.05,9.2,8.99,9.18,295383.0
2017-11-24,9.15,9.245,9.1263,9.23,140415.0
2017-11-27,9.11,9.18,9.11,9.13,198154.0
2017-11-28,9.1,9.1,8.9523,9.04,281197.0
2017-11-29,9.25,9.27,9.18,9.22,373353.0
2017-11-30,9.69,9.71,9.51,9.58,779532.0
2017-12-01,9.57,9.63,9.39,9.49,548198.0
2017-12-04,9.45,9.5786,9.335,9.49,1008037.0
2017-12-05,9.64,9.705,9.61,9.68,473526.0
2017-12-06,9.61,9.8838,9.55,9.6,410390.0
2017-12-07,9.62,9.64,9.57,9.62,305415.0
2017-12-08,9.72,9.82,9.66,9.69,276960.0
2017-12-11,9.91,9.95,9.87,9.9,350841.0
2017-12-12,9.9,9.92,9.83,9.88,308524.0
2017-12-13,9.92,10.08,9.92,10.05,312958.0
2017-12-14,10.0,10.04,9.95,9.96,278056.0
2017-12-15,9.61,9.71,9.51,9.66,678313.0
2017-12-18,9.79,9.97,9.78,9.94,324730.0
2017-12-19,9.84,9.88,9.81,9.84,345122.0
2017-12-20,9.6,9.71,9.6,9.71,306424.0
2017-12-21,9.82,9.92,9.81,9.89,177969.0
2017-12-22,9.85,9.97,9.79,9.96,206975.0
2017-12-26,9.99,10.1,9.97,10.06,247943.0
2017-12-27,9.81,9.93,9.81,9.89,343139.0
2017-12-28,10.09,10.17,10.08,10.13,270444.0
2017-12-29,10.12,10.28,10.11,10.2,207833.0
2018-01-02,10.31,10.39,10.31,10.38,241930.0
2018-01-03,10.06,10.25,10.04,10.07,388270.0
2018-01-04,9.77,10.01,9.77,9.99,434599.0
2018-01-05,10.08,10.27,10.08,10.22,301140.0
2018-01-08,10.26,10.26,10.15,10.21,199354.0
2018-01-09,9.93,9.97,9.86,9.94,424573.0
2018-01-10,9.7,9.74,9.66,9.67,315296.0
2018-01-11,9.51,9.73,9.49,9.7,361842.0
2018-01-12,9.61,9.69,9.58,9.68,422129.0
2018-01-16,9.48,9.59,9.48,9.52,440339.0
2018-01-17,9.85,9.96,9.85,9.88,424993.0
2018-01-18,10.4,10.49,10.25,10.37,633724.0
2018-01-19,10.21,10.21,10.06,10.09,384011.0
2018-01-22,10.47,10.68,10.45,10.66,536910.0
2018-01-23,11.22,11.29,11.07,11.13,492864.0
2018-01-24,10.95,11.05,10.86,10.94,533248.0
2018-01-25,10.94,10.99,10.76,10.79,593689.0
2018-01-26,10.91,10.94,10.84,10.9,217166.0
2018-01-29,10.75,10.89,10.69,10.84,296673.0
2018-01-30,10.61,10.66,10.51,10.57,303767.0
2018-01-31,10.46,10.47,10.36,10.45,553588.0
2018-02-01,10.34,10.47,10.32,10.4,243234.0
2018-02-02,10.23,10.29,10.15,10.21,347728.0
2018-02-05,10.13,10.27,9.97,9.98,433043.0
2018-02-06,10.02,10.3,10.02,10.28,454124.0
2018-02-07,10.03,10.18,9.99,10.0,376180.0
2018-02-08,10.17,10.3,9.96,9.96,430728.0
2018-02-09,9.93,9.99,9.75,9.88,338604.0
2018-02-12,10.11,10.18,10.01,10.12,193877.0
2018-02-13,10.06,10.14,10.05,10.08,194287.0
2018-02-14,9.95,10.12,9.9,10.1,372559.0
2018-02-15,10.15,10.34,10.11,10.33,224505.0
2018-02-16,10.26,10.36,10.2,10.25,394932.0
2018-02-20,9.98,10.0,9.66,9.72,601812.0
2018-02-21,9.92,10.04,9.89,9.92,547401.0
2018-02-22,9.97,9.98,9.85,9.89,406393.0
2018-02-23,10.02,10.06,9.9,10.03,255863.0
2018-02-26,10.21,10.21,10.04,10.16,401376.0
2018-02-27,10.25,10.27,10.09,10.09,381386.0
2018-02-28,10.05,10.05,9.89,9.9,508134.0
2018-03-01,9.74,9.79,9.64,9.74,299603.0
2018-03-02,9.57,9.78,9.57,9.74,344509.0
2018-03-05,9.63,9.75,9.57,9.72,231596.0
2018-03-06,9.81,9.81,9.71,9.74,201040.0
2018-03-07,9.73,9.79,9.69,9.72,129334.0
2018-03-08,9.68,9.68,9.58,9.65,186259.0
2018-03-09,9.62,9.72,9.61,9.69,138349.0
2018-03-12,9.66,9.68,9.57,9.62,139862.0
2018-03-13,9.59,9.65,9.56,9.58,146160.0
2018-03-14,9.95,9.96,9.78,9.8,236174.0
2018-03-15,9.88,9.93,9.84,9.85,359101.0
2018-03-16,9.81,9.82,9.69,9.7,419624.0
2018-03-19,9.51,9.61,9.46,9.58,515075.0
2018-03-20,9.54,9.56,9.48,9.51,175732.0
2018-03-21,9.74,9.8,9.68,9.74,256433.0
2018-03-22,9.6,9.66,9.54,9.55,328280.0
2018-03-23,9.51,9.51,9.28,9.29,258319.0
2018-03-26,9.44,9.52,9.33,9.48,430463.0
2018-03-27,9.46,9.46,9.25,9.3,193875.0
2018-03-28,9.23,9.23,9.11,9.15,313185.0
2018-03-29,9.38,9.6,9.35,9.56,580771.0
2018-04-02,9.56,9.61,9.38,9.41,167414.0
2018-04-03,9.53,9.57,9.47,9.54,262417.0
2018-04-04,9.49,9.57,9.45,9.57,126991.0
2018-04-05,9.43,9.47,9.35,9.38,445827.0
2018-04-06,9.13,9.16,9.04,9.1,1289095.0
2018-04-09,9.01,9.03,8.89,8.92,445734.0
2018-04-10,8.69,8.8,8.66,8.78,593218.0
2018-04-11,8.28,8.54,8.28,8.5,1124263.0
2018-04-12,8.8,8.85,8.65,8.67,392410.0
2018-04-13,8.7,8.71,8.51,8.61,431092.0
2018-04-16,8.61,8.69,8.58,8.66,186002.0
2018-04-17,8.68,8.73,8.67,8.72,129465.0
2018-04-18,8.81,9.13,8.8,9.04,544079.0
2018-04-19,9.01,9.01,8.94,8.98,187956.0
2018-04-20,8.96,8.97,8.88,8.9,188968.0
2018-04-23,8.9,8.94,8.76,8.77,224543.0
2018-04-24,8.69,8.93,8.66,8.87,300035.0
2018-04-25,8.76,8.78,8.67,8.74,334901.0
2018-04-26,8.71,8.85,8.7,8.83,231052.0
2018-04-27,8.82,8.9,8.8,8.85,148391.0
2018-04-30,8.87,8.89,8.59,8.65,428162.0
2018-05-01,8.59,8.61,8.5,8.5,212925.0
2018-05-02,8.21,8.35,8.16,8.27,549378.0
2018-05-03,8.1,8.13,7.85,8.02,871297.0
2018-05-04,7.6,7.85,7.59,7.8,894536.0
2018-05-07,7.46,7.6,7.38,7.52,766278.0
2018-05-08,7.36,7.44,7.34,7.41,581400.0
2018-05-09,7.68,7.73,7.62,7.66,583060.0
2018-05-10,7.74,7.89,7.66,7.87,451529.0
2018-05-11,7.59,7.68,7.55,7.67,340360.0
2018-05-14,7.73,7.76,7.63,7.64,245915.0
2018-05-15,7.42,7.44,7.36,7.38,440001.0
2018-05-16,7.47,7.5,7.39,7.42,300107.0
2018-05-17,7.31,7.35,7.25,7.28,384214.0
2018-05-18,7.27,7.31,7.22,7.24,230000.0
2018-05-21,7.11,7.18,7.07,7.12,484312.0
2018-05-22,7.08,7.13,7.05,7.06,711094.0
2018-05-23,6.68,7.24,6.62,7.22,3316828.0
2018-05-24,6.9,7.025,6.78,7.0,983869.0
2018-05-25,6.84,6.89,6.78,6.8,1603751.0
2018-05-29,7.12,7.23,7.05,7.08,2235675.0
2018-05-30,7.1,7.1,6.95,7.01,2031528.0
2018-05-31,6.77,6.77,6.61,6.68,3030221.0
2018-06-01,6.46,6.59,6.36,6.44,2990809.0
2018-06-04,6.57,6.65,6.52,6.53,1985365.0
2018-06-05,6.47,6.52,6.33,6.46,1261777.0
2018-06-06,6.39,6.54,6.37,6.51,1270694.0
2018-06-07,6.59,6.65,6.51,6.56,982029.0
2018-06-08,6.55,6.65,6.5,6.62,515952.0
2018-06-11,6.6,6.65,6.54,6.58,465070.0
2018-06-12,6.46,6.51,6.42,6.46,1127225.0
2018-06-13,6.29,6.31,6.18,6.23,1412289.0
2018-06-14,6.3,6.42,6.24,6.26,763750.0
2018-06-15,6.23,6.32,6.17,6.26,929894.0
2018-06-18,6.0,6.04,5.92,6.0,1501379.0
2018-06-19,5.98,6.18,5.97,6.1,1624098.0
2018-06-20,6.21,6.21,6.12,6.15,898841.0
2018-06-21,6.27,6.29,6.16,6.17,967116.0
2018-06-22,6.14,6.26,6.1,6.21,578350.0
2018-06-25,6.28,6.31,6.16,6.19,1030886.0
2018-06-26,6.37,6.37,6.21,6.23,955063.0
2018-06-27,6.39,6.59,6.36,6.38,1126386.0
2018-06-28,6.66,6.71,6.48,6.54,1091920.0
2018-06-29,6.68,6.69,6.52,6.54,678544.0
2018-07-02,6.47,6.49,6.39,6.45,493519.0
2018-07-03,6.51,6.53,6.47,6.51,591111.0
2018-07-05,6.82,6.875,6.8,6.87,793087.0
2018-07-06,6.91,6.93,6.87,6.92,502452.0
2018-07-09,7.09,7.15,6.82,6.9,1596859.0
2018-07-10,6.46,6.48,6.37,6.43,1665273.0
2018-07-11,6.02,6.1,5.87,5.89,2265677.0
2018-07-12,5.69,5.9,5.69,5.84,1518764.0
2018-07-13,5.74,5.83,5.7,5.8,742339.0
2018-07-16,5.81,5.85,5.69,5.81,876949.0
2018-07-17,5.83,5.94,5.77,5.91,780624.0
2018-07-18,5.97,6.06,5.96,6.01,785126.0
2018-07-19,5.93,6.01,5.89,5.95,1467410.0
2018-07-20,6.13,6.18,6.05,6.07,901842.0
2018-07-23,6.32,6.32,6.2,6.21,872297.0
2018-07-24,5.82,5.99,5.79,5.87,1326593.0
2018-07-25,6.1,6.35,6.0,6.32,1032435.0
2018-07-26,6.43,6.48,6.2,6.33,1364581.0
2018-07-27,6.37,6.41,6.27,6.34,605008.0
2018-07-30,6.44,6.46,6.37,6.43,649446.0
2018-07-31,6.47,6.53,6.43,6.49,524308.0
2018-08-01,6.7,6.71,6.41,6.44,1189567.0
2018-08-02,6.18,6.2,6.06,6.12,780300.0
2018-08-03,6.17,6.17,6.08,6.14,469406.0
2018-08-06,5.9,5.95,5.86,5.88,941483.0
2018-08-07,5.95,6.07,5.92,5.97,599549.0
2018-08-08,5.96,5.97,5.9,5.92,472307.0
2018-08-09,5.78,5.8,5.61,5.66,1124819.0
2018-08-10,4.62,5.01,4.51,4.92,4964691.0
2018-08-13,4.38,4.69,4.36,4.48,5854584.0
2018-08-14,4.55,4.65,4.45,4.6,4583128.0
2018-08-15,4.48,4.68,4.35,4.66,3348181.0
2018-08-16,4.45,4.6,4.44,4.53,2667461.0
2018-08-17,4.29,4.73,4.28,4.71,3441078.0
2018-08-20,4.69,4.8,4.58,4.78,2099508.0
2018-08-21,4.78,4.96,4.78,4.91,1927019.0
2018-08-22,4.89,4.97,4.77,4.78,1566875.0
2018-08-23,4.84,4.84,4.74,4.81,1704591.0
2018-08-24,4.8,4.86,4.74,4.77,1190592.0
2018-08-27,4.64,4.71,4.58,4.71,1702231.0
2018-08-28,4.64,4.64,4.55,4.59,964648.0
2018-08-29,4.4,4.48,4.35,4.43,2973239.0
2018-08-30,4.35,4.36,4.21,4.22,2178690.0
2018-08-31,4.15,4.17,4.05,4.07,3341452.0
2018-09-04,3.96,4.02,3.93,4.0,3496916.0
2018-09-05,3.97,4.06,3.95,3.99,2070990.0
2018-09-06,4.02,4.13,3.98,4.06,2270365.0
2018-09-07,4.16,4.36,4.16,4.32,2276180.0
2018-09-10,4.24,4.31,4.22,4.23,2668607.0
2018-09-11,4.24,4.26,4.0945,4.25,2334998.0
2018-09-12,4.2,4.32,4.14,4.24,4633766.0
2018-09-13,4.52,4.74,4.51,4.73,3071573.0
2018-09-14,4.6,4.7,4.54,4.69,2981279.0
2018-09-17,4.4,4.57,4.38,4.56,2506139.0
2018-09-18,4.43,4.57,4.43,4.51,2325332.0
2018-09-19,4.46,4.56,4.44,4.55,2437330.0
2018-09-20,4.55,4.71,4.51,4.7,1905757.0
2018-09-21,4.65,4.71,4.6,4.7,1758992.0
2018-09-24,4.72,4.85,4.71,4.77,2266384.0
2018-09-25,4.72,4.76,4.67,4.75,1362424.0
2018-09-26,4.72,4.8,4.66,4.77,1766518.0
2018-09-27,4.77,4.85,4.76,4.83,1903255.0
2018-09-28,4.82,4.87,4.77,4.82,1441696.0
2018-10-01,4.86,4.94,4.83,4.91,1282046.0
2018-10-02,4.88,4.93,4.84,4.9,916249.0
2018-10-03,4.84,5.05,4.81,4.91,2892821.0
2018-10-04,4.79,4.79,4.42,4.42,5975786.0
2018-10-05,4.47,4.52,4.43,4.48,3247597.0
2018-10-08,4.41,4.51,4.4,4.49,1393883.0
2018-10-09,4.43,4.45,4.37,4.38,4164625.0
2018-10-10,4.47,4.49,4.42,4.47,1841659.0
2018-10-11,4.46,4.63,4.41,4.6,6093460.0
2018-10-12,4.59,4.59,4.48,4.51,2127968.0
2018-10-15,4.75,4.88,4.7,4.8,3655909.0
2018-10-16,4.79,4.88,4.77,4.8,1713408.0
2018-10-17,4.88,5.08,4.85,5.0,1984931.0
2018-10-18,4.88,4.91,4.8,4.84,2047025.0
2018-10-19,4.92,5.07,4.88,4.95,2074946.0
2018-10-22,4.84,4.84,4.73,4.74,2160540.0
2018-10-23,4.54,4.71,4.52,4.66,1296423.0
2018-10-24,4.88,5.1,4.79,4.8,1360340.0
2018-10-25,5.12,5.35,5.1,5.32,2459120.0
2018-10-26,5.26,5.38,5.24,5.33,1669658.0
2018-10-29,5.38,5.49,5.35,5.44,1928267.0
2018-10-30,5.31,5.41,5.22,5.36,1327493.0
2018-10-31,5.31,5.31,4.98,5.16,1599874.0
2018-11-01,5.37,5.48,5.32,5.43,1043279.0
2018-11-02,5.5,5.53,5.36,5.47,1378544.0
2018-11-05,5.6,5.62,5.5,5.59,787260.0
2018-11-06,5.62,5.63,5.47,5.51,581772.0
2018-11-07,5.52,5.52,5.38,5.46,502956.0
2018-11-08,5.38,5.41,5.26,5.26,599388.0
2018-11-09,5.32,5.34,5.15,5.21,1067136.0
2018-11-12,5.23,5.28,5.1,5.11,367430.0
2018-11-13,5.17,5.31,5.16,5.23,712354.0
2018-11-14,5.35,5.39,5.25,5.32,478917.0
2018-11-15,5.43,5.49,5.36,5.44,519528.0
2018-11-16,5.45,5.51,5.39,5.5,562236.0
2018-11-19,5.55,5.62,5.52,5.58,817006.0
2018-11-20,5.4,5.4,5.21,5.23,996839.0
2018-11-21,5.44,5.56,5.41,5.5,771860.0
2018-11-23,5.65,5.755,5.64,5.69,882121.0
2018-11-26,5.98,6.0,5.72,5.86,1403400.0
2018-11-27,6.03,6.09,5.9,6.05,1449706.0
2018-11-28,6.06,6.08,5.92,6.08,855829.0
2018-11-29,6.17,6.2,6.1,6.13,963931.0
2018-11-30,6.01,6.13,5.92,6.02,1505768.0
2018-12-03,6.02,6.05,5.9,5.99,1098700.0
2018-12-04,5.71,5.83,5.63,5.66,1384433.0
2018-12-06,5.71,5.72,5.54,5.71,1131879.0
2018-12-07,5.76,5.8,5.62,5.67,576762.0
2018-12-10,5.7,5.71,5.56,5.62,484144.0
2018-12-11,5.63,5.63,5.47,5.53,869576.0
2018-12-12,5.8,5.9,5.75,5.79,690333.0
2018-12-13,5.73,5.9,5.73,5.75,998526.0
2018-12-14,5.61,5.67,5.52,5.55,777460.0
2018-12-17,5.54,5.54,5.375,5.43,931882.0
2018-12-18,5.55,5.72,5.53,5.65,1095839.0
2018-12-19,5.65,5.72,5.47,5.49,811074.0
2018-12-20,5.63,5.67,5.52,5.62,512165.0
2018-12-21,5.61,5.62,5.45,5.55,655993.0
2018-12-24,5.73,5.75,5.5,5.54,446551.0
2018-12-26,5.61,5.86,5.55,5.84,786665.0
2018-12-27,5.61,5.66,5.55,5.65,627771.0
2018-12-28,5.59,5.705,5.56,5.58,500853.0
2018-12-31,5.68,5.76,5.58,5.62,663337.0
2019-01-02,5.36,5.55,5.36,5.51,507957.0
2019-01-03,5.33,5.45,5.26,5.38,623577.0
2019-01-04,5.4,5.57,5.4,5.55,369389.0
2019-01-07,5.69,5.74,5.61,5.72,782001.0
2019-01-08,5.75,5.76,5.69,5.75,275279.0
2019-01-09,5.67,5.78,5.67,5.72,295643.0
2019-01-10,5.73,5.83,5.73,5.74,347834.0
2019-01-11,5.73,5.86,5.73,5.81,419179.0
2019-01-14,5.78,5.95,5.75,5.85,476250.0
2019-01-15,6.03,6.08,5.97,6.02,810552.0
2019-01-16,6.27,6.36,6.16,6.29,1435330.0
2019-01-17,6.38,6.46,6.33,6.4,728137.0
2019-01-18,6.61,6.63,6.56,6.59,1011328.0
2019-01-22,6.62,6.76,6.55,6.64,1302851.0
2019-01-23,6.76,6.84,6.7,6.82,668330.0
2019-01-24,6.8,6.81,6.71,6.75,740645.0
2019-01-25,6.8,6.82,6.72,6.73,769902.0
2019-01-28,6.68,6.74,6.63,6.7,438674.0
2019-01-29,6.87,6.93,6.83,6.89,589560.0
2019-01-30,6.85,7.02,6.81,6.98,1111555.0
2019-01-31,6.89,7.07,6.89,6.95,948431.0
2019-02-01,6.94,6.94,6.83,6.86,567664.0
2019-02-04,6.94,6.98,6.88,6.97,445824.0
2019-02-05,6.93,6.94,6.84,6.91,468699.0
2019-02-06,6.86,6.89,6.76,6.77,418476.0
2019-02-07,6.78,6.83,6.7,6.75,362761.0
2019-02-08,6.85,6.88,6.76,6.87,297929.0
2019-02-11,7.09,7.14,7.01,7.03,516383.0
2019-02-12,7.11,7.13,7.0,7.03,501295.0
2019-02-13,7.11,7.11,6.91,6.92,541846.0
2019-02-14,6.95,6.98,6.88,6.94,379106.0
2019-02-15,7.01,7.03,6.91,6.97,531298.0
2019-02-19,6.99,7.02,6.885,6.91,335100.0
2019-02-20,6.91,7.16,6.9,6.99,834632.0
2019-02-21,6.58,6.59,6.325,6.4,2025241.0
2019-02-22,6.42,6.46,6.39,6.43,584046.0
2019-02-25,6.66,6.69,6.58,6.67,866685.0
2019-02-26,6.59,6.69,6.59,6.65,448970.0
2019-02-27,6.67,6.67,6.59,6.62,365417.0
2019-02-28,6.63,6.7,6.6,6.6,445425.0
2019-03-01,6.44,6.5,6.38,6.39,560814.0
2019-03-04,6.49,6.5,6.4,6.45,277529.0
2019-03-05,6.6,6.6,6.51,6.57,384479.0
2019-03-06,6.39,6.4,6.22,6.26,875507.0
2019-03-07,6.34,6.36,6.27,6.32,405947.0
2019-03-08,6.42,6.46,6.38,6.42,466457.0
2019-03-11,6.47,6.63,6.47,6.59,525942.0
2019-03-12,6.51,6.54,6.43,6.45,302027.0
2019-03-13,6.53,6.56,6.4,6.44,351105.0
2019-03-14,6.46,6.51,6.44,6.48,256608.0
2019-03-15,6.28,6.3,6.22,6.28,775008.0
2019-03-18,6.08,6.11,5.98,6.06,780936.0
2019-03-19,6.05,6.08,6.02,6.05,416435.0
2019-03-20,5.92,5.96,5.83,5.91,573104.0
2019-03-21,6.03,6.06,5.98,6.05,386618.0
2019-03-22,5.9,5.92,5.6,5.62,901700.0
2019-03-25,5.77,5.83,5.72,5.82,934788.0
2019-03-26,5.87,5.89,5.76,5.87,433682.0
2019-03-27,5.36,5.55,5.24,5.46,1281736.0
2019-03-28,5.49,5.51,5.35,5.41,649606.0
2019-03-29,5.4,5.4,5.29,5.36,856951.0
2019-04-01,5.42,5.45,5.32,5.42,529480.0
2019-04-02,5.45,5.46,5.27,5.36,668890.0
2019-04-03,5.39,5.4,5.32,5.32,309790.0
2019-04-04,5.59,5.74,5.55,5.66,824306.0
2019-04-05,5.64,5.64,5.55,5.56,355114.0
2019-04-08,5.45,5.46,5.37,5.44,547435.0
2019-04-09,5.44,5.49,5.43,5.45,272770.0
2019-04-10,5.46,5.49,5.43,5.44,219159.0
2019-04-11,5.39,5.39,5.28,5.32,425929.0
2019-04-12,5.3,5.38,5.3,5.3,269229.0
2019-04-15,5.43,5.43,5.34,5.37,575877.0
2019-04-16,5.41,5.56,5.41,5.54,670806.0
2019-04-17,5.63,5.67,5.6,5.66,506742.0
2019-04-18,5.47,5.54,5.44,5.48,387317.0
2019-04-22,5.38,5.43,5.36,5.38,294016.0
2019-04-23,5.39,5.42,5.29,5.37,380869.0
2019-04-24,5.32,5.35,5.29,5.31,326656.0
2019-04-25,5.21,5.26,5.17,5.25,335675.0
2019-04-26,5.23,5.25,5.21,5.22,203487.0
2019-04-29,5.27,5.3,5.21,5.23,193075.0
2019-04-30,5.2,5.29,5.18,5.22,242098.0
2019-05-01,5.24,5.43,5.23,5.32,360312.0
2019-05-02,5.07,5.13,5.05,5.08,771268.0
2019-05-03,5.08,5.18,5.07,5.15,449287.0
2019-05-06,5.0,5.05,4.92,5.03,902266.0
2019-05-07,4.74,4.85,4.73,4.82,1178249.0
2019-05-08,4.75,4.83,4.75,4.79,875745.0
2019-05-09,4.63,4.72,4.6,4.71,951014.0
2019-05-10,4.82,4.97,4.81,4.94,564173.0
2019-05-13,4.69,4.73,4.66,4.68,796768.0
2019-05-14,4.71,4.76,4.7,4.7,338909.0
2019-05-15,4.67,4.75,4.65,4.7,519087.0
2019-05-16,4.71,4.74,4.63,4.64,455489.0
2019-05-17,4.68,4.72,4.63,4.64,234804.0
2019-05-20,4.67,4.7,4.61,4.64,342187.0
2019-05-21,4.64,4.71,4.62,4.7,230560.0
2019-05-22,4.68,4.75,4.66,4.7,311838.0
2019-05-23,4.66,4.74,4.64,4.71,275238.0
2019-05-24,4.72,4.75,4.7,4.73,243221.0
2019-05-28,4.8,4.81,4.65,4.67,360399.0
2019-05-29,4.79,4.84,4.75,4.83,446558.0
2019-05-30,4.93,5.03,4.9,5.0,543968.0
2019-05-31,5.02,5.02,4.92,4.95,456113.0
2019-06-03,4.94,5.05,4.92,5.04,328146.0
2019-06-04,5.06,5.15,5.02,5.14,370839.0
2019-06-05,5.15,5.18,5.12,5.17,334558.0
2019-06-06,5.15,5.18,5.06,5.07,299831.0
2019-06-07,5.36,5.515,5.3307,5.44,797035.0
2019-06-10,5.46,5.475,5.34,5.36,657715.0
2019-06-11,5.25,5.29,5.22,5.28,300985.0
2019-06-12,5.31,5.33,5.27,5.29,303496.0
2019-06-13,5.15,5.18,5.09,5.15,303463.0
2019-06-14,5.12,5.21,5.1,5.19,268172.0
2019-06-17,5.2,5.25,5.18,5.19,318636.0
2019-06-18,5.28,5.36,5.28,5.33,505164.0
2019-06-19,5.28,5.31,5.255,5.3,225418.0
2019-06-20,5.4,5.43,5.31,5.38,540384.0
2019-06-21,5.27,5.34,5.25,5.33,371308.0
2019-06-24,5.45,5.54,5.43,5.47,604689.0
2019-06-25,5.49,5.5,5.38,5.4,389925.0
2019-06-26,5.45,5.45,5.35,5.36,200550.0
2019-06-27,5.43,5.47,5.38,5.4,375747.0
2019-06-28,5.43,5.5,5.43,5.48,385609.0
2019-07-01,5.87,5.9,5.81,5.86,1128753.0
2019-07-02,5.82,5.83,5.74,5.77,536453.0
2019-07-03,5.8,5.84,5.78,5.79,346905.0
2019-07-05,5.72,5.72,5.61,5.64,317128.0
2019-07-08,5.48,5.48,5.37,5.38,610325.0
2019-07-09,5.59,5.61,5.44,5.5,1039258.0
2019-07-10,5.67,5.72,5.64,5.72,643465.0
2019-07-11,5.85,5.86,5.78,5.84,500216.0
2019-07-12,5.75,5.76,5.66,5.71,420898.0
2019-07-15,5.68,5.69,5.56,5.67,347653.0
2019-07-16,5.78,5.82,5.67,5.69,396746.0
2019-07-17,5.82,5.83,5.68,5.71,605771.0
2019-07-18,5.82,5.83,5.75,5.81,479138.0
2019-07-19,5.87,5.88,5.74,5.77,393767.0
2019-07-22,5.76,5.78,5.7,5.73,301719.0
2019-07-23,5.84,5.87,5.76,5.79,351735.0
2019-07-24,5.81,5.88,5.81,5.86,200394.0
2019-07-25,5.82,5.82,5.66,5.68,397037.0
2019-07-26,5.87,5.87,5.74,5.76,539121.0
2019-07-29,6.07,6.1,5.94,5.96,554601.0
2019-07-30,6.01,6.03,5.91,5.96,521022.0
2019-07-31,5.88,5.96,5.51,5.55,563305.0
2019-08-01,5.73,5.76,5.56,5.63,503036.0
2019-08-02,5.49,5.54,5.44,5.54,569378.0
2019-08-05,5.43,5.45,5.41,5.44,389024.0
2019-08-06,5.59,5.6,5.55,5.58,243702.0
2019-08-07,5.41,5.52,5.41,5.48,405141.0
2019-08-08,5.55,5.72,5.55,5.69,418710.0
2019-08-09,5.63,5.63,5.53,5.58,186082.0
2019-08-12,5.53,5.54,5.45,5.49,238906.0
2019-08-13,5.46,5.56,5.37,5.5,313487.0
2019-08-14,5.47,5.5,5.39,5.4,328604.0
2019-08-15,5.52,5.55,5.38,5.39,381624.0
2019-08-16,5.58,5.63,5.54,5.61,531598.0
2019-08-19,5.6,5.63,5.38,5.56,246106.0
2019-08-20,5.38,5.43,5.34,5.36,449645.0
2019-08-21,5.29,5.32,5.25,5.28,419190.0
2019-08-22,5.36,5.51,5.36,5.49,377555.0
2019-08-23,5.44,5.56,5.43,5.44,270234.0
2019-08-26,5.38,5.38,5.33,5.33,308200.0
2019-08-27,5.22,5.29,5.21,5.26,658435.0
2019-08-28,5.31,5.36,5.3,5.35,523069.0
2019-08-29,5.53,5.59,5.53,5.59,894722.0
2019-08-30,5.59,5.64,5.58,5.6,309921.0
2019-09-03,5.75,5.84,5.72,5.83,922578.0
2019-09-04,5.88,5.99,5.88,5.96,807738.0
2019-09-05,5.88,5.92,5.82,5.86,355312.0
2019-09-06,5.75,5.76,5.68,5.7,376123.0
2019-09-09,5.74,5.78,5.71,5.72,363808.0
2019-09-10,5.76,5.81,5.75,5.78,139192.0
2019-09-11,5.83,5.91,5.83,5.87,217246.0
2019-09-12,5.85,5.91,5.81,5.9,192802.0
2019-09-13,5.98,6.0,5.91,5.93,212161.0
2019-09-16,5.84,5.86,5.79,5.82,161558.0
2019-09-17,5.7,5.79,5.69,5.76,239585.0
2019-09-18,5.67,5.76,5.64,5.7,363087.0
2019-09-19,5.62,5.65,5.58,5.61,312684.0
2019-09-20,5.6,5.63,5.51,5.51,375330.0
2019-09-23,5.62,5.71,5.62,5.68,424502.0
2019-09-24,5.74,5.77,5.68,5.7,323372.0
2019-09-25,5.79,5.92,5.79,5.91,536840.0
2019-09-26,5.76,5.77,5.67,5.68,340586.0
2019-09-27,5.78,5.8,5.72,5.75,287721.0
2019-09-30,5.89,5.89,5.77,5.78,277413.0
2019-10-01,5.7,5.7,5.61,5.64,446401.0
2019-10-02,5.69,5.75,5.69,5.72,238412.0
2019-10-03,5.67,5.72,5.62,5.72,253858.0
2019-10-04,5.74,5.83,5.73,5.81,494129.0
2019-10-07,5.75,5.75,5.57,5.57,417629.0
2019-10-08,5.69,5.69,5.62,5.67,325263.0
2019-10-09,5.64,5.64,5.55,5.58,421616.0
2019-10-10,5.35,5.41,5.31,5.38,451402.0
2019-10-11,5.44,5.5,5.32,5.45,964052.0
2019-10-14,5.24,5.25,5.15,5.16,620549.0
2019-10-15,5.22,5.24,5.16,5.21,514257.0
2019-10-16,5.18,5.21,5.14,5.18,563612.0
2019-10-17,5.04,5.48,5.0,5.4,1878894.0
2019-10-18,5.43,5.45,5.38,5.43,629157.0
2019-10-21,5.33,5.35,5.28,5.3,330790.0
2019-10-22,5.33,5.39,5.32,5.34,389232.0
2019-10-23,5.52,5.62,5.5,5.58,517228.0
2019-10-24,5.62,5.63,5.52,5.57,360080.0
2019-10-25,5.6,5.61,5.56,5.59,316222.0
2019-10-28,5.64,5.66,5.59,5.64,384349.0
2019-10-29,5.64,5.69,5.6,5.65,422902.0
2019-10-30,5.63,5.71,5.61,5.69,388379.0
2019-10-31,5.46,5.52,5.43,5.47,305229.0
2019-11-01,5.4,5.48,5.4,5.43,371610.0
2019-11-04,5.45,5.46,5.4,5.43,341705.0
2019-11-05,5.53,5.61,5.51,5.6,433470.0
2019-11-06,5.61,5.76,5.6,5.7,735985.0
2019-11-07,5.72,5.88,5.72,5.8,640065.0
2019-11-08,5.76,5.85,5.75,5.83,476579.0
2019-11-11,5.78,5.89,5.76,5.85,604123.0
2019-11-12,5.84,5.87,5.81,5.82,357569.0
2019-11-13,5.77,5.79,5.7,5.74,334868.0
2019-11-14,5.69,5.73,5.68,5.71,320187.0
2019-11-15,5.77,5.78,5.74,5.75,213142.0
2019-11-18,5.89,5.9,5.85,5.86,346496.0
2019-11-19,5.94,5.94,5.9,5.92,422876.0
2019-11-20,5.88,5.96,5.83,5.9,517961.0
2019-11-21,5.83,5.85,5.77,5.79,229554.0
2019-11-22,5.75,5.78,5.72,5.75,221403.0
2019-11-25,5.76,5.83,5.75,5.81,342364.0
2019-11-26,5.75,5.81,5.74,5.8,308465.0
2019-11-27,5.76,5.83,5.76,5.81,147185.0
2019-11-29,5.92,5.94,5.88,5.89,209638.0
2019-12-02,5.92,5.92,5.83,5.88,350237.0
2019-12-03,5.87,5.89,5.8,5.81,243766.0
2019-12-04,5.9,5.92,5.87,5.89,218618.0
2019-12-05,6.04,6.05,6.01,6.04,441839.0
2019-12-06,6.01,6.03,5.98,6.03,174102.0
2019-12-09,5.86,5.88,5.84,5.85,183543.0
2019-12-10,5.79,5.81,5.77,5.79,208189.0
2019-12-11,5.8,5.91,5.79,5.89,351496.0
2019-12-12,5.88,5.94,5.86,5.86,219404.0
2019-12-13,5.93,5.95,5.87,5.91,160757.0
2019-12-16,5.93,5.97,5.9,5.97,273210.0
2019-12-17,5.91,5.92,5.87,5.88,251716.0
2019-12-18,5.83,5.84,5.78,5.79,159862.0
2019-12-19,5.84,5.9,5.84,5.87,165236.0
2019-12-20,5.77,5.81,5.73,5.73,305753.0
2019-12-23,5.77,5.79,5.73,5.78,333801.0
2019-12-24,5.83,5.86,5.83,5.86,88426.0
2019-12-26,5.9,5.93,5.87,5.9,181267.0
2019-12-27,5.88,5.9,5.84,5.87,169387.0
2019-12-30,5.85,5.9,5.85,5.88,162551.0
2019-12-31,5.83,5.84,5.79,5.8,170593.0
2020-01-02,5.88,5.93,5.88,5.91,415332.0
2020-01-03,5.81,5.86,5.8,5.8,127968.0
2020-01-06,5.73,5.81,5.73,5.8,239047.0
2020-01-07,5.85,5.89,5.82,5.88,107689.0
2020-01-08,5.85,5.9,5.85,5.87,177786.0
2020-01-09,6.2,6.31,6.1,6.19,625609.0
2020-01-10,6.17,6.18,6.11,6.15,238901.0
2020-01-13,6.2,6.31,6.18,6.28,359901.0
2020-01-14,6.26,6.28,6.21,6.23,177777.0
2020-01-15,6.21,6.21,6.13,6.14,217447.0
2020-01-16,6.2,6.21,6.14,6.16,213464.0
2020-01-17,6.1,6.12,6.06,6.09,149059.0
2020-01-21,6.26,6.3,6.21,6.23,434579.0
2020-01-22,6.2,6.24,6.2,6.23,229672.0
2020-01-23,6.21,6.26,6.16,6.23,260964.0
2020-01-24,6.1,6.11,6.01,6.03,248371.0
2020-01-27,5.93,5.93,5.87,5.89,238689.0
2020-01-28,5.88,5.92,5.86,5.9,137806.0
2020-01-29,6.01,6.01,5.88,5.94,217799.0
2020-01-30,5.92,5.94,5.865,5.93,354790.0
2020-01-31,5.92,5.92,5.81,5.83,162421.0
2020-02-03,5.89,5.92,5.87,5.9,191722.0
2020-02-04,6.04,6.08,6.0,6.02,194254.0
2020-02-05,6.01,6.05,5.95,5.98,207189.0
2020-02-06,5.99,5.99,5.93,5.96,192246.0
2020-02-07,5.93,5.95,5.87,5.9,212888.0
2020-02-10,5.77,5.88,5.75,5.85,208912.0
2020-02-11,5.9,5.98,5.9,5.95,374615.0
2020-02-12,6.02,6.05,6.0,6.05,232423.0
2020-02-13,6.02,6.03,5.9,5.95,280166.0
2020-02-14,5.95,5.95,5.87,5.89,189302.0
2020-02-18,5.93,5.97,5.87,5.89,391714.0
2020-02-19,5.98,6.0,5.89,5.96,458764.0
2020-02-20,5.91,5.95,5.7,5.71,507064.0
2020-02-21,5.86,5.88,5.77,5.83,805877.0
2020-02-24,5.68,5.72,5.65,5.68,417086.0
2020-02-25,5.86,5.9,5.76,5.8,642594.0
2020-02-26,5.76,5.81,5.73,5.77,317839.0
2020-02-27,5.68,5.72,5.54,5.56,426509.0
2020-02-28,5.27,5.47,5.24,5.46,578624.0
2020-03-02,5.48,5.68,5.44,5.65,494613.0
2020-03-03,5.73,5.86,5.67,5.71,497437.0
2020-03-04,6.03,6.11,5.9,5.96,970852.0
2020-03-05,5.99,6.07,5.91,5.94,978961.0
2020-03-06,5.9,5.92,5.7,5.77,1064851.0
2020-03-09,5.48,5.59,5.32,5.34,857406.0
2020-03-10,5.54,5.55,5.19,5.42,839300.0
2020-03-11,5.43,5.52,5.33,5.4,1305379.0
2020-03-12,5.09,5.15,4.91,5.0,1316755.0
2020-03-13,5.11,5.35,5.0,5.35,1377021.0
2020-03-16,4.71,4.88,4.57,4.67,522706.0
2020-03-17,4.73,5.01,4.71,4.98,390294.0
2020-03-18,4.73,4.85,4.5,4.54,550847.0
2020-03-19,4.58,4.73,4.47,4.64,757436.0
2020-03-20,4.78,4.9,4.64,4.66,474452.0
2020-03-23,4.71,5.17,4.6,5.13,794035.0
2020-03-24,5.26,5.26,4.99,5.03,482119.0
2020-03-25,5.05,5.14,4.89,4.98,550084.0
2020-03-26,5.06,5.2,5.01,5.13,392797.0
2020-03-27,4.98,5.02,4.77,4.79,216041.0
2020-03-30,4.76,4.76,4.64,4.66,243099.0
2020-03-31,4.67,4.75,4.61,4.65,282268.0
2020-04-01,4.56,4.58,4.36,4.39,602914.0
2020-04-02,4.49,4.76,4.49,4.68,541646.0
2020-04-03,4.64,4.8,4.57,4.67,517289.0
2020-04-06,4.68,4.81,4.67,4.8,483050.0
2020-04-07,4.75,4.85,4.7,4.73,681881.0
2020-04-08,4.85,4.91,4.82,4.85,368945.0
2020-04-09,4.98,5.03,4.96,4.96,253197.0
2020-04-13,4.9,4.93,4.81,4.91,363401.0
2020-04-14,4.9,4.99,4.87,4.95,395995.0
2020-04-15,4.73,4.81,4.71,4.78,313483.0
2020-04-16,4.72,4.75,4.68,4.71,274107.0
2020-04-17,4.92,4.92,4.8,4.84,221068.0
2020-04-20,4.84,4.87,4.77,4.77,270647.0
2020-04-21,4.73,4.79,4.7,4.79,374051.0
2020-04-22,4.86,5.07,4.85,5.05,701003.0
2020-04-23,5.1,5.13,5.05,5.07,549604.0
2020-04-24,4.96,4.96,4.89,4.93,232278.0
2020-04-27,4.98,5.02,4.85,4.88,420424.0
2020-04-28,5.07,5.09,4.86,4.89,378581.0
2020-04-29,5.02,5.03,4.9,4.92,631888.0
2020-04-30,4.9,4.98,4.87,4.97,175038.0
2020-05-01,4.83,4.93,4.79,4.84,298072.0
2020-05-04,4.78,4.83,4.76,4.82,161277.0
2020-05-05,4.77,4.78,4.73,4.74,189398.0
2020-05-06,4.66,4.68,4.62,4.63,294209.0
2020-05-07,4.62,4.7,4.6,4.69,167680.0
2020-05-08,4.7,4.77,4.69,4.72,313085.0
2020-05-11,4.78,4.82,4.67,4.68,399740.0
2020-05-12,4.86,4.89,4.75,4.75,518235.0
2020-05-13,4.79,4.86,4.75,4.78,174810.0
2020-05-14,4.69,4.76,4.67,4.73,345164.0
2020-05-15,4.71,4.77,4.61,4.64,358881.0
2020-05-18,4.85,5.05,4.81,5.02,496883.0
2020-05-19,5.02,5.12,5.02,5.02,287027.0
2020-05-20,5.05,5.06,4.99,4.99,157491.0
2020-05-21,5.06,5.09,4.96,5.0,295428.0
2020-05-22,5.16,5.16,5.06,5.06,382569.0
2020-05-26,5.12,5.16,5.01,5.09,285611.0
2020-05-27,5.12,5.16,5.01,5.08,129928.0
2020-05-28,5.11,5.11,5.0,5.02,171820.0
2020-05-29,5.03,5.2,5.0,5.18,411456.0
2020-06-01,5.15,5.21,5.13,5.19,194928.0
2020-06-02,5.18,5.27,5.17,5.23,161424.0
2020-06-03,5.19,5.27,5.19,5.23,182432.0
2020-06-04,5.25,5.29,5.25,5.27,143513.0
2020-06-05,5.4,5.53,5.37,5.43,455934.0
2020-06-08,5.36,5.42,5.32,5.4,276514.0
2020-06-09,5.26,5.3,5.2,5.29,286573.0
2020-06-10,5.29,5.36,5.27,5.3,123871.0
2020-06-11,5.24,5.31,5.21,5.21,203698.0
2020-06-12,5.26,5.3,5.21,5.3,207020.0
2020-06-15,5.26,5.42,5.24,5.38,277243.0
2020-06-16,5.43,5.65,5.42,5.48,756343.0
2020-06-17,5.48,5.5,5.43,5.43,240967.0
2020-06-18,5.97,5.98,5.82,5.87,1665655.0
2020-06-19,6.32,6.36,6.13,6.21,1672573.0
2020-06-22,6.05,6.1,5.96,5.99,816362.0
2020-06-23,6.1,6.11,5.97,5.97,328842.0
2020-06-24,6.03,6.07,5.95,5.97,436488.0
2020-06-25,5.97,5.99,5.88,5.9,255922.0
2020-06-26,5.94,5.99,5.82,5.84,448205.0
2020-06-29,5.89,5.92,5.72,5.8,416623.0
2020-06-30,5.88,5.94,5.71,5.76,1226334.0
2020-07-01,5.85,5.89,5.78,5.8,856292.0
2020-07-02,5.88,5.92,5.84,5.84,1264331.0
2020-07-06,5.83,5.89,5.78,5.79,834431.0
2020-07-07,5.9,5.91,5.76,5.82,742237.0
2020-07-08,5.84,5.9,5.75,5.78,708576.0
2020-07-09,5.79,5.79,5.59,5.67,242304.0
2020-07-10,5.66,5.79,5.65,5.72,367931.0
2020-07-13,5.75,5.94,5.75,5.77,407099.0
2020-07-14,5.76,5.82,5.75,5.79,336037.0
2020-07-15,5.81,5.81,5.68,5.74,198009.0
2020-07-16,5.81,5.84,5.77,5.79,360492.0
2020-07-17,5.79,5.83,5.75,5.75,353180.0
2020-07-20,5.82,5.84,5.78,5.79,1142861.0
2020-07-21,5.98,6.05,5.82,5.83,1526313.0
2020-07-22,5.82,5.84,5.77,5.78,703171.0
2020-07-23,5.8,5.85,5.76,5.79,496721.0
2020-07-24,5.76,5.795,5.685,5.69,773901.0
2020-07-27,5.75,5.775,5.71,5.72,394564.0
2020-07-28,5.63,5.63,5.48,5.52,623481.0
2020-07-29,5.39,5.41,5.3,5.38,575940.0
2020-07-30,5.27,5.35,5.26,5.32,582827.0
2020-07-31,5.31,5.34,5.24,5.29,278774.0
2020-08-03,5.27,5.41,5.27,5.4,305136.0
2020-08-04,5.41,5.44,5.3,5.37,583114.0
2020-08-05,5.33,5.46,5.31,5.43,779115.0
2020-08-06,5.12,5.245,5.08,5.2,2059730.0
2020-08-07,5.08,5.27,5.035,5.26,1535598.0
2020-08-10,5.14,5.295,5.06,5.25,510294.0
2020-08-11,5.27,5.325,5.25,5.27,389019.0
2020-08-12,5.28,5.385,5.2555,5.38,516306.0
2020-08-13,5.35,5.58,5.28,5.45,581014.0
2020-08-14,5.07,5.28,5.04,5.2,1713431.0
2020-08-17,5.1,5.17,5.04,5.1,899257.0
2020-08-18,5.11,5.245,5.11,5.17,450771.0
2020-08-19,5.19,5.29,5.1806,5.24,315113.0
2020-08-20,5.23,5.28,5.14,5.19,242442.0
2020-08-21,5.17,5.18,5.12,5.15,129949.0
2020-08-24,5.11,5.15,5.04,5.11,895805.0
2020-08-25,5.0,5.03,4.91,4.97,1026720.0
2020-08-26,4.98,4.98,4.91,4.93,344196.0
2020-08-27,4.94,5.01,4.86,4.97,439604.0
2020-08-28,4.98,5.08,4.96,5.02,262816.0
2020-08-31,4.97,4.97,4.88,4.88,252151.0
2020-09-01,4.88,4.94,4.82,4.88,623597.0
2020-09-02,4.92,4.93,4.83,4.85,231170.0
2020-09-03,4.81,4.86,4.75,4.79,300773.0
2020-09-04,4.87,4.93,4.845,4.91,368311.0
2020-09-08,4.83,4.86,4.78,4.84,207965.0
2020-09-09,4.82,4.84,4.78,4.81,255182.0
2020-09-10,4.82,4.86,4.75,4.75,190965.0
2020-09-11,4.79,4.835,4.75,4.76,167067.0
2020-09-14,4.78,4.815,4.76,4.8,175240.0
2020-09-15,4.87,4.87,4.71,4.77,389364.0
2020-09-16,4.77,4.78,4.65,4.68,240987.0
2020-09-17,4.62,4.75,4.62,4.74,266763.0
2020-09-18,4.76,4.76,4.7,4.73,175823.0
2020-09-21,4.8,4.81,4.7,4.72,305899.0
2020-09-22,4.86,4.88,4.79,4.82,532081.0
2020-09-23,4.93,4.97,4.87,4.92,719761.0
2020-09-24,5.03,5.0535,4.88,4.93,743155.0
2020-09-25,5.01,5.09,4.88,4.94,975500.0
2020-09-28,4.88,4.88,4.76,4.77,319579.0
2020-09-29,4.79,4.86,4.633,4.65,269538.0
2020-09-30,4.8,4.86,4.77,4.79,419562.0
2020-10-01,4.89,4.891,4.82,4.83,281471.0
2020-10-02,4.82,4.915,4.8,4.82,259692.0
2020-10-05,4.97,5.04,4.9,5.01,284318.0
2020-10-06,5.01,5.01,4.9,4.9,323836.0
2020-10-07,4.93,4.99,4.9,4.91,172911.0
2020-10-08,4.9,5.045,4.9,5.02,236751.0
2020-10-09,5.02,5.02,4.96,4.97,114688.0
2020-10-12,5.05,5.14,5.05,5.1,210146.0
2020-10-13,5.07,5.115,5.04,5.04,166712.0
2020-10-14,5.15,5.25,5.12,5.2,241959.0
2020-10-15,5.13,5.1601,5.09,5.14,190987.0
2020-10-16,5.15,5.32,5.14,5.23,291636.0
2020-10-19,5.34,5.5,5.335,5.47,423302.0
2020-10-20,5.41,5.46,5.35,5.35,255922.0
2020-10-21,5.35,5.37,5.29,5.32,154010.0
2020-10-22,5.11,5.2,5.07,5.19,196016.0
2020-10-23,5.1,5.18,5.1,5.13,146645.0
2020-10-26,5.03,5.05,4.89,4.99,327356.0
2020-10-27,4.98,4.98,4.75,4.76,250883.0
2020-10-28,4.75,4.76,4.65,4.75,263012.0
2020-10-29,4.75,4.75,4.6201,4.67,321186.0
2020-10-30,4.5,4.5341,4.361,4.41,487871.0
2020-11-02,4.47,4.5,4.415,4.46,234815.0
2020-11-03,4.49,4.6401,4.49,4.56,179649.0
2020-11-04,4.52,4.61,4.51,4.53,180304.0
2020-11-05,4.64,4.7,4.62,4.65,132596.0
2020-11-06,4.73,4.78,4.7,4.77,175848.0
2020-11-09,5.05,5.05,4.8,4.99,358673.0
2020-11-10,4.75,4.84,4.72,4.77,683402.0
2020-11-11,4.97,5.12,4.97,5.07,333728.0
2020-11-12,5.13,5.21,5.0,5.05,377238.0
2020-11-13,5.26,5.31,5.225,5.26,200212.0
2020-11-16,5.26,5.26,5.18,5.23,99109.0
2020-11-17,5.12,5.26,5.08,5.18,262892.0
2020-11-18,5.22,5.29,5.16,5.22,348680.0
2020-11-19,5.33,5.36,5.29,5.3,153306.0
2020-11-20,5.29,5.32,5.195,5.21,238850.0
2020-11-23,5.2,5.2,5.03,5.07,326188.0
2020-11-24,5.01,5.145,4.98,5.07,600163.0
2020-11-25,5.0,5.15,4.98,5.03,401151.0
2020-11-27,5.05,5.12,5.04,5.08,242884.0
2020-11-30,4.79,5.0,4.74,4.88,999491.0
2020-12-01,4.91,4.97,4.885,4.94,501581.0
2020-12-02,4.91,4.94,4.86,4.9,362505.0
2020-12-03,5.05,5.07,5.0,5.02,279565.0
2020-12-04,5.1,5.12,5.01,5.06,271979.0
2020-12-07,4.97,5.01,4.95,5.0,268871.0
2020-12-08,5.02,5.05,4.97,5.02,235463.0
2020-12-09,5.02,5.025,4.98,4.98,327482.0
2020-12-10,4.97,5.04,4.92,5.0,374937.0
2020-12-11,4.96,4.97,4.9,4.9,228493.0
2020-12-14,5.02,5.045,4.98,5.04,274174.0
2020-12-15,5.04,5.08,4.99,5.02,312667.0
2020-12-16,5.12,5.13,5.07,5.09,158875.0
2020-12-17,5.16,5.18,5.1,5.11,184517.0
2020-12-18,5.31,5.34,5.21,5.21,410350.0
2020-12-21,5.09,5.1,5.06,5.07,241750.0
2020-12-22,5.15,5.17,5.13,5.14,174246.0
2020-12-23,5.17,5.2,5.16,5.17,254556.0
2020-12-24,5.24,5.29,5.23,5.27,90906.0
2020-12-28,5.41,5.43,5.33,5.36,270765.0
2020-12-29,5.43,5.49,5.41,5.43,264931.0
2020-12-30,5.52,5.53,5.395,5.42,323831.0
2020-12-31,5.44,5.45,5.34,5.39,168203.0
2021-01-04,5.52,5.56,5.42,5.42,428606.0
2021-01-05,5.51,5.59,5.47,5.49,511231.0
2021-01-06,5.66,5.7,5.605,5.64,371189.0
2021-01-07,5.64,5.64,5.47,5.52,297396.0
2021-01-08,5.62,5.72,5.545,5.55,438127.0
2021-01-11,5.59,5.59,5.44,5.48,275533.0
2021-01-12,5.5,5.5,5.37,5.43,348264.0
2021-01-13,5.65,5.78,5.635,5.74,412787.0
2021-01-14,5.68,5.69,5.605,5.66,241956.0
2021-01-15,5.55,5.58,5.495,5.57,152538.0
2021-01-19,5.66,5.7,5.54,5.6,263042.0
2021-01-20,5.6,5.66,5.52,5.6,253919.0
2021-01-21,5.62,5.62,5.48,5.53,122380.0
2021-01-22,5.53,5.565,5.48,5.54,132883.0
2021-01-25,5.66,5.66,5.5463,5.6,299993.0
2021-01-26,5.66,5.69,5.56,5.68,279326.0
2021-01-27,5.61,5.64,5.52,5.55,444477.0
2021-01-28,5.52,5.6,5.5,5.54,286094.0
2021-01-29,5.53,5.53,5.42,5.43,189916.0
2021-02-01,5.58,5.62,5.53,5.59,264680.0
2021-02-02,5.62,5.7091,5.61,5.64,183242.0
2021-02-03,5.73,5.79,5.7,5.77,270427.0
2021-02-04,5.78,5.81,5.71,5.74,235724.0
2021-02-05,5.85,5.91,5.81,5.83,329347.0
2021-02-08,5.84,5.87,5.79,5.82,707675.0
2021-02-09,5.9,5.94,5.88,5.89,455212.0
2021-02-10,5.93,5.93,5.85,5.91,413233.0
2021-02-11,5.9,5.92,5.88,5.9,254030.0
2021-02-12,5.9,5.94,5.86,5.91,244352.0
2021-02-16,5.95,6.0,5.95,5.96,321110.0
2021-02-17,5.9,5.93,5.86,5.86,242323.0
2021-02-18,5.88,5.895,5.81,5.84,209230.0
2021-02-19,5.97,6.1,5.88,6.0,657173.0
2021-02-22,5.85,5.96,5.83,5.94,439709.0
2021-02-23,5.77,5.799,5.66,5.78,449677.0
2021-02-24,5.46,5.7,5.45,5.69,666291.0
2021-02-25,5.55,5.62,5.51,5.61,787296.0
2021-02-26,5.35,5.48,5.33,5.44,527107.0
2021-03-01,5.59,5.62,5.53,5.56,231717.0
2021-03-02,5.56,5.56,5.49,5.53,212589.0
2021-03-03,5.49,5.52,5.43,5.48,258169.0
2021-03-04,5.47,5.54,5.38,5.41,239771.0
2021-03-05,5.47,5.5,5.39,5.5,197932.0
2021-03-08,5.4,5.46,5.27,5.28,825045.0
2021-03-09,5.46,5.49,5.365,5.38,497891.0
2021-03-10,5.48,5.55,5.46,5.52,351492.0
2021-03-11,5.53,5.54,5.483,5.52,185942.0
2021-03-12,5.51,5.51,5.47,5.5,103398.0
2021-03-15,5.55,5.55,5.45,5.54,431528.0
2021-03-16,5.56,5.635,5.56,5.63,427697.0
2021-03-17,5.54,5.58,5.465,5.55,294316.0
2021-03-18,5.65,5.65,5.51,5.51,186693.0
2021-03-19,5.51,5.545,5.47,5.49,150644.0
2021-03-22,4.67,4.91,4.56,4.88,8599812.0
2021-03-23,4.77,4.86,4.71,4.82,4541944.0
2021-03-24,4.85,4.91,4.74,4.79,1496561.0
2021-03-25,4.78,4.79,4.71,4.75,789947.0
2021-03-26,4.63,4.71,4.61,4.68,876716.0
2021-03-29,4.57,4.7,4.53,4.68,981706.0
2021-03-30,4.53,4.64,4.51,4.62,1012495.0
2021-03-31,4.51,4.72,4.5055,4.67,1616026.0
2021-04-01,4.71,4.76,4.69,4.75,794866.0
2021-04-05,4.71,4.74,4.68,4.71,401609.0
2021-04-06,4.64,4.94,4.64,4.82,1337904.0
2021-04-07,4.71,4.74,4.7,4.73,612965.0
2021-04-08,4.75,4.805,4.6649,4.76,1826660.0
2021-04-09,4.7,4.735,4.67,4.72,622854.0
2021-04-12,4.65,4.65,4.48,4.56,2736433.0
2021-04-13,4.56,4.6,4.51,4.59,620067.0
2021-04-14,4.62,4.65,4.61,4.62,393134.0
2021-04-15,4.68,4.69,4.65,4.68,607738.0
2021-04-16,4.72,4.72,4.68,4.72,331240.0
2021-04-19,4.68,4.705,4.65,4.69,506981.0
2021-04-20,4.61,4.65,4.575,4.63,655959.0
2021-04-21,4.53,4.6,4.5,4.59,1487736.0
2021-04-22,4.55,4.64,4.54,4.61,851524.0
2021-04-23,4.65,4.65,4.57,4.6,412556.0
2021-04-26,4.62,4.67,4.58,4.63,369799.0
2021-04-27,4.69,4.7,4.62,4.63,474658.0
2021-04-28,4.7,4.73,4.67,4.68,536689.0
2021-04-29,4.72,4.75,4.68,4.73,630626.0
2021-04-30,4.57,4.65,4.5,4.53,782633.0
2021-05-03,4.5,4.56,4.49,4.5,821145.0
2021-05-04,4.51,4.53,4.46,4.47,437049.0
2021-05-05,4.49,4.52,4.49,4.49,384185.0
2021-05-06,4.51,4.54,4.485,4.53,571745.0
2021-05-07,4.6,4.66,4.59,4.63,327424.0
2021-05-10,4.66,4.66,4.615,4.65,351070.0
2021-05-11,4.57,4.6273,4.55,4.57,815973.0
2021-05-12,4.54,4.56,4.41,4.45,827591.0
2021-05-13,4.47,4.484,4.43,4.48,348138.0
2021-05-14,4.49,4.6,4.49,4.56,480778.0
2021-05-17,4.66,4.7,4.64,4.65,558157.0
2021-05-18,4.67,4.7,4.65,4.66,308987.0
2021-05-19,4.63,4.65,4.6,4.62,160896.0
2021-05-20,4.65,4.69,4.64,4.69,269908.0
2021-05-21,4.7,4.7,4.615,4.64,290775.0
2021-05-24,4.64,4.72,4.64,4.68,259037.0
2021-05-25,4.59,4.61,4.56,4.57,291319.0
2021-05-26,4.63,4.74,4.63,4.73,988847.0
2021-05-27,4.65,4.66,4.625,4.66,476882.0
2021-05-28,4.63,4.66,4.62,4.65,343465.0
2021-06-01,4.72,4.74,4.7,4.71,452939.0
2021-06-02,4.7,4.75,4.67,4.75,524910.0
2021-06-03,4.61,4.67,4.58,4.65,1208696.0
2021-06-04,4.71,4.75,4.69,4.74,469871.0
2021-06-07,4.77,4.8,4.77,4.8,324277.0
2021-06-08,4.8,4.81,4.77,4.77,297506.0
2021-06-09,4.79,4.81,4.77,4.81,311884.0
2021-06-10,4.9,4.96,4.88,4.9,555520.0
2021-06-11,4.91,4.9955,4.87,4.95,933395.0
2021-06-14,4.95,5.0,4.93,4.97,891823.0
2021-06-15,4.91,4.95,4.89,4.94,823150.0
2021-06-16,4.91,4.97,4.89,4.9,967559.0
2021-06-17,4.82,4.865,4.8,4.84,776882.0
2021-06-18,4.81,4.84,4.78,4.78,2026617.0
2021-06-21,4.76,4.83,4.75,4.81,480719.0
2021-06-22,4.84,4.89,4.84,4.86,423379.0
2021-06-23,4.89,4.92,4.85,4.87,260870.0
2021-06-24,4.9,4.91,4.86,4.88,331732.0
2021-06-25,4.91,4.915,4.85,4.85,183203.0
2021-06-28,4.86,4.9,4.85,4.86,317708.0
2021-06-29,4.71,4.785,4.68,4.76,680540.0
2021-06-30,4.74,4.75,4.65,4.67,753099.0
2021-07-01,4.71,4.745,4.7,4.71,338301.0
2021-07-02,4.67,4.7,4.64,4.68,488206.0
2021-07-06,4.69,4.69,4.64,4.64,168816.0
2021-07-07,4.68,4.68,4.62,4.65,380404.0
2021-07-08,4.62,4.64,4.55,4.56,468868.0
2021-07-09,4.61,4.62,4.57,4.59,255733.0
2021-07-12,4.52,4.58,4.52,4.56,314976.0
2021-07-13,4.56,4.6,4.54,4.56,269686.0
2021-07-14,4.59,4.63,4.57,4.63,187676.0
2021-07-15,4.64,4.64,4.57,4.58,208486.0
2021-07-16,4.57,4.6,4.57,4.59,176501.0
2021-07-19,4.56,4.6,4.47,4.49,462274.0
2021-07-20,4.58,4.58,4.47,4.48,416502.0
2021-07-21,4.48,4.54,4.48,4.52,435080.0
2021-07-22,4.55,4.55,4.51,4.53,417280.0
2021-07-23,4.53,4.535,4.47,4.5,310845.0
2021-07-26,4.47,4.505,4.44,4.48,509962.0
2021-07-27,4.52,4.53,4.48,4.52,369458.0
2021-07-28,4.53,4.56,4.49,4.52,818615.0
2021-07-29,4.6,4.67,4.565,4.65,495734.0
2021-07-30,4.52,4.62,4.51,4.55,455852.0
2021-08-02,4.6,4.62,4.52,4.52,463375.0
2021-08-03,4.52,4.56,4.515,4.56,211082.0
2021-08-04,4.55,4.55,4.48,4.5,224285.0
2021-08-05,4.49,4.52,4.47,4.52,235581.0
2021-08-06,4.47,4.55,4.47,4.53,421914.0
2021-08-09,4.5,4.51,4.475,4.49,194181.0
2021-08-10,4.52,4.55,4.51,4.55,202972.0
2021-08-11,4.45,4.46,4.41,4.44,608249.0
2021-08-12,4.55,4.61,4.53,4.61,385038.0
2021-08-13,4.57,4.59,4.54,4.59,248471.0
2021-08-16,4.56,4.58,4.54,4.54,218465.0
2021-08-17,4.56,4.65,4.54,4.65,309287.0
2021-08-18,4.68,4.68,4.64,4.68,198275.0
2021-08-19,4.64,4.71,4.63,4.7,495120.0
2021-08-20,4.7,4.78,4.69,4.74,515747.0
2021-08-23,4.76,4.77,4.74,4.75,341692.0
2021-08-24,4.81,4.835,4.81,4.81,242424.0
2021-08-25,4.79,4.83,4.7695,4.81,263567.0
2021-08-26,4.82,4.82,4.78,4.82,380955.0
2021-08-27,4.79,4.84,4.77,4.82,140315.0
2021-08-30,4.84,4.89,4.8101,4.89,423743.0
2021-08-31,4.9,5.0,4.9,4.99,598225.0
2021-09-01,5.0,5.0,4.95,4.99,271743.0
2021-09-02,4.99,4.99,4.96,4.97,367974.0
2021-09-03,4.93,4.94,4.88,4.89,169109.0
2021-09-07,4.86,4.86,4.79,4.79,186447.0
2021-09-08,4.77,4.77,4.71,4.71,188665.0
2021-09-09,4.78,4.78,4.705,4.77,276185.0
2021-09-10,4.77,4.77,4.68,4.68,219304.0
2021-09-13,4.71,4.76,4.7,4.74,125756.0
2021-09-14,4.74,4.75,4.7,4.7,272994.0
2021-09-15,4.67,4.7,4.64,4.7,299602.0
2021-09-16,4.62,4.625,4.57,4.61,281664.0
2021-09-17,4.61,4.61,4.53,4.58,448817.0
2021-09-20,4.5,4.52,4.47,4.51,399357.0
2021-09-21,4.5,4.51,4.47,4.48,249575.0
2021-09-22,4.5,4.57,4.49,4.52,259419.0
2021-09-23,4.395,4.48,4.395,4.47,766321.0
2021-09-24,4.4,4.43,4.38,4.42,599236.0
2021-09-27,4.36,4.43,4.35,4.4,662028.0
2021-09-28,4.34,4.39,4.31,4.39,1217332.0
2021-09-29,4.35,4.4,4.33,4.36,533032.0
2021-09-30,4.32,4.37,4.3,4.35,612165.0
2021-10-01,4.34,4.35,4.3,4.35,530971.0
2021-10-04,4.32,4.33,4.255,4.27,549161.0
2021-10-05,4.26,4.28,4.25,4.27,544257.0
2021-10-06,4.25,4.25,4.18,4.24,370996.0
2021-10-07,4.28,4.31,4.27,4.28,263216.0
2021-10-08,4.3,4.3,4.25,4.27,193053.0
2021-10-11,4.25,4.27,4.22,4.22,156845.0
2021-10-12,4.24,4.24,4.2,4.24,239099.0
2021-10-13,4.23,4.27,4.205,4.24,494639.0
2021-10-14,4.19,4.22,4.17,4.2,1635355.0
2021-10-15,4.17,4.21,4.15,4.2,493804.0
2021-10-18,4.19,4.19,4.15,4.17,394044.0
2021-10-19,4.19,4.22,4.16,4.21,386977.0
2021-10-20,4.22,4.26,4.2,4.25,336717.0
2021-10-21,4.2,4.23,4.16,4.18,671570.0
2021-10-22,4.15,4.19,4.14,4.14,408440.0
2021-10-25,4.13,4.23,4.13,4.19,414073.0
2021-10-26,4.22,4.23,4.17,4.17,291535.0
2021-10-27,4.21,4.23,4.16,4.21,391248.0
2021-10-28,4.16,4.18,4.11,4.15,513408.0
2021-10-29,4.06,4.09,3.97,3.97,725807.0
2021-11-01,4.05,4.11,4.02,4.07,546776.0
2021-11-02,4.09,4.13,4.055,4.13,656739.0
2021-11-03,4.08,4.17,4.065,4.16,504022.0
2021-11-04,4.19,4.42,4.19,4.38,1326654.0
2021-11-05,4.35,4.39,4.305,4.32,522636.0
2021-11-08,4.41,4.42,4.32,4.34,224655.0
2021-11-09,4.38,4.39,4.32,4.35,745681.0
2021-11-10,4.35,4.391,4.345,4.36,388589.0
2021-11-11,4.39,4.46,4.36,4.43,503757.0
2021-11-12,4.43,4.43,4.36,4.36,387630.0
2021-11-15,4.39,4.46,4.39,4.44,563933.0
2021-11-16,4.29,4.315,4.25,4.28,801014.0
2021-11-17,4.24,4.24,4.18,4.23,570955.0
2021-11-18,4.1,4.14,4.03,4.09,872389.0
2021-11-19,4.1,4.11,4.05,4.07,427786.0
2021-11-22,4.0,4.08,3.99,4.02,1053442.0
2021-11-23,3.63,3.7127,3.6001,3.67,3423320.0
2021-11-24,3.84,3.86,3.775,3.79,1560872.0
2021-11-26,3.7,3.75,3.68,3.74,389299.0
2021-11-29,3.69,3.71,3.64,3.68,877016.0
2021-11-30,3.58,3.66,3.56,3.6,1702363.0
2021-12-01,3.68,3.74,3.67,3.68,838628.0
2021-12-02,3.66,3.71,3.64,3.67,839385.0
2021-12-03,3.7,3.75,3.68,3.7,732694.0
2021-12-06,3.7,3.78,3.7,3.74,575621.0
2021-12-07,3.77,3.78,3.7,3.76,814346.0
2021-12-08,3.79,3.84,3.77,3.83,511128.0
2021-12-09,3.76,3.77,3.59,3.66,1494516.0
2021-12-10,3.67,3.67,3.61,3.62,765106.0
2021-12-13,3.76,3.76,3.62,3.72,1019005.0
2021-12-14,3.68,3.775,3.65,3.73,655885.0
2021-12-15,3.67,3.67,3.605,3.63,630883.0
2021-12-16,3.6,3.66,3.53,3.57,1725537.0
2021-12-17,3.24,3.57,3.15,3.37,3310270.0
2021-12-20,2.91,3.6,2.85,3.5,7834694.0
2021-12-21,3.67,3.725,3.515,3.56,1720325.0
2021-12-22,3.7,3.765,3.65,3.7,1099629.0
2021-12-23,4.11,4.12,3.88,3.9,2457331.0
2021-12-27,3.9,4.02,3.88,3.89,1082971.0
2021-12-28,3.89,3.92,3.83,3.85,399050.0
2021-12-29,3.84,3.85,3.78,3.83,380178.0
2021-12-30,3.69,3.715,3.63,3.69,1174261.0
2021-12-31,3.53,3.625,3.48,3.59,769148.0
2022-01-03,3.65,3.73,3.65,3.72,466869.0
2022-01-04,3.66,3.77,3.63,3.76,840003.0
2022-01-05,3.715,3.77,3.66,3.68,552242.0
2022-01-06,3.61,3.66,3.6,3.64,860094.0
2022-01-07,3.57,3.61,3.55,3.6,831513.0
2022-01-10,3.6,3.66,3.58,3.64,726079.0
2022-01-11,3.62,3.65,3.58,3.64,1103576.0
2022-01-12,3.7,3.8,3.675,3.74,709293.0
2022-01-13,3.69,3.74,3.65,3.66,705788.0
2022-01-14,3.65,3.68,3.615,3.66,548170.0
2022-01-18,3.52,3.58,3.48,3.54,817418.0
2022-01-19,3.55,3.59,3.52,3.55,515334.0
2022-01-20,3.46,3.6,3.46,3.52,1255990.0
2022-01-21,3.47,3.475,3.38,3.4,859403.0
2022-01-24,3.37,3.38,3.27,3.38,1021174.0
2022-01-25,3.38,3.5,3.37,3.45,507694.0
2022-01-26,3.395,3.48,3.39,3.41,473978.0
2022-01-27,3.46,3.515,3.42,3.45,405683.0
2022-01-28,3.45,3.53,3.41,3.53,356014.0
2022-01-31,3.5,3.57,3.49,3.57,804577.0
2022-02-01,3.53,3.54,3.47,3.49,642907.0
2022-02-02,3.4,3.4297,3.39,3.4,738263.0
2022-02-03,3.4,3.41,3.36,3.36,691762.0
2022-02-04,3.4,3.415,3.37,3.39,456680.0
2022-02-07,3.41,3.46,3.4,3.43,483723.0
2022-02-08,3.4,3.4,3.35,3.39,596081.0
2022-02-09,3.39,3.44,3.365,3.42,703108.0
2022-02-10,3.45,3.49,3.42,3.45,485274.0
2022-02-11,3.45,3.51,3.43,3.45,522998.0
2022-02-14,3.46,3.46,3.35,3.37,471990.0
2022-02-15,3.4,3.4199,3.36,3.39,292961.0
2022-02-16,3.39,3.4,3.36,3.39,271803.0
2022-02-17,3.37,3.38,3.28,3.3,800667.0
2022-02-18,3.36,3.465,3.32,3.44,517171.0
2022-02-22,3.54,3.665,3.5,3.57,1229906.0
2022-02-23,3.65,3.69,3.525,3.61,1410928.0
2022-02-24,3.4,3.47,3.32,3.46,1478198.0
2022-02-25,3.5,3.59,3.48,3.53,805867.0
2022-02-28,3.53,3.545,3.43,3.54,683565.0
2022-03-01,3.57,3.63,3.46,3.49,790134.0
2022-03-02,3.55,3.64,3.52,3.64,708165.0
2022-03-03,3.62,3.7,3.61,3.62,649035.0
2022-03-04,3.53,3.62,3.47,3.59,478530.0
2022-03-07,3.56,3.565,3.51,3.55,383334.0
2022-03-08,3.56,3.5807,3.47,3.49,379614.0
2022-03-09,3.6,3.66,3.57,3.64,509606.0
2022-03-10,3.53,3.55,3.46,3.54,429827.0
2022-03-11,3.64,3.65,3.57,3.57,359256.0
2022-03-14,3.58,3.58,3.525,3.54,229163.0
2022-03-15,3.54,3.63,3.5248,3.6,794603.0
2022-03-16,3.6,3.76,3.6,3.71,1021398.0
2022-03-17,3.71,3.81,3.71,3.8,210408.0
2022-03-18,3.67,3.765,3.645,3.75,569948.0
2022-03-21,3.78,3.79,3.75,3.77,341564.0
2022-03-22,3.73,3.78,3.72,3.76,307019.0
2022-03-23,3.72,3.76,3.71,3.71,252141.0
2022-03-24,3.73,3.775,3.72,3.75,173982.0
2022-03-25,3.79,3.805,3.71,3.74,294032.0
2022-03-28,3.74,3.74,3.66,3.73,220450.0
2022-03-29,3.77,3.84,3.77,3.82,339743.0
2022-03-30,3.83,3.91,3.83,3.87,290186.0
2022-03-31,3.88,3.925,3.84,3.89,246670.0
2022-04-01,3.83,3.87,3.82,3.85,262969.0
2022-04-04,3.9,3.9599,3.9,3.94,258773.0
2022-04-05,3.93,3.935,3.86,3.86,209397.0
2022-04-06,3.85,3.885,3.8,3.86,478795.0
2022-04-07,3.87,3.87,3.795,3.84,333312.0
2022-04-08,3.81,3.81,3.74,3.74,632685.0
2022-04-11,3.88,3.91,3.78,3.79,472899.0
2022-04-12,3.79,3.81,3.74,3.76,376308.0
2022-04-13,3.79,3.9,3.785,3.89,233418.0
2022-04-14,3.91,3.91,3.85,3.86,119892.0
2022-04-18,3.86,3.93,3.82,3.85,315636.0
2022-04-19,3.85,3.95,3.79,3.94,232362.0
2022-04-20,3.94,3.96,3.91,3.94,136135.0
2022-04-21,3.93,3.96,3.84,3.84,321589.0
2022-04-22,3.84,3.8676,3.76,3.78,144926.0
2022-04-25,3.75,3.9,3.75,3.87,285642.0
2022-04-26,3.86,3.8999,3.78,3.8,279481.0
2022-04-27,3.76,3.85,3.76,3.83,217129.0
2022-04-28,3.82,3.84,3.74,3.74,181866.0
2022-04-29,3.71,3.712,3.47,3.49,568527.0
2022-05-02,3.47,3.55,3.41,3.44,469174.0
2022-05-03,3.48,3.53,3.46,3.49,317161.0
2022-05-04,3.5,3.53,3.455,3.52,246670.0
2022-05-05,3.53,3.589,3.48,3.53,397663.0
2022-05-06,3.49,3.49,3.29,3.31,505929.0
2022-05-09,3.3,3.38,3.27,3.29,649878.0
2022-05-10,3.34,3.39,3.28,3.3,437655.0
2022-05-11,3.29,3.29,3.21,3.23,388482.0
2022-05-12,3.22,3.24,3.2,3.21,273326.0
2022-05-13,3.21,3.27,3.205,3.26,418689.0
2022-05-16,3.19,3.22,3.16,3.19,729079.0
2022-05-17,3.17,3.17,3.12,3.14,831422.0
2022-05-18,3.05,3.07,3.0,3.0,826301.0
2022-05-19,3.0,3.07,3.0,3.03,287434.0
2022-05-20,3.02,3.02,2.97,3.01,906589.0
2022-05-23,3.03,3.1,3.01,3.05,474840.0
2022-05-24,3.04,3.04,2.96,3.02,732644.0
2022-05-25,2.95,3.0,2.94,2.98,509553.0
2022-05-26,3.02,3.08,3.02,3.04,272819.0
2022-05-27,3.0,3.02,2.97,3.0,535446.0
2022-05-31,3.02,3.04,2.99,3.0,526504.0
2022-06-01,3.02,3.02,2.9,2.93,881323.0
2022-06-02,2.94,2.99,2.91,2.99,560365.0
2022-06-03,2.97,2.98,2.9,2.92,582239.0
2022-06-06,2.94,2.95,2.91,2.93,242269.0
2022-06-07,2.93,2.93,2.87,2.93,421870.0
2022-06-08,2.84,2.84,2.71,2.74,2004631.0
2022-06-09,2.69,2.78,2.665,2.71,1048754.0
2022-06-10,2.69,2.72,2.655,2.67,555377.0
2022-06-13,2.65,2.675,2.619,2.65,962579.0
2022-06-14,2.65,2.67,2.595,2.62,834714.0
2022-06-15,2.64,2.695,2.63,2.69,807330.0
2022-06-16,2.57,2.645,2.56,2.64,1247690.0
2022-06-17,2.6,2.67,2.59,2.6,1861137.0
2022-06-21,2.65,2.665,2.63,2.64,577414.0
2022-06-22,2.65,2.68,2.65,2.66,558036.0
2022-06-23,2.63,2.63,2.58,2.61,408264.0
2022-06-24,2.62,2.7,2.6,2.7,448038.0
2022-06-27,2.72,2.72,2.68,2.69,298476.0
2022-06-28,2.7,2.7,2.62,2.62,598546.0
2022-06-29,2.64,2.64,2.55,2.58,580600.0
2022-06-30,2.53,2.53,2.45,2.5,651160.0
2022-07-01,2.54,2.555,2.515,2.54,388936.0
2022-07-05,2.54,2.62,2.52,2.62,777655.0
2022-07-06,2.57,2.62,2.56,2.62,636002.0
2022-07-07,2.59,2.62,2.59,2.62,215822.0
2022-07-08,2.62,2.62,2.57,2.59,171111.0
2022-07-11,2.54,2.58,2.52,2.57,547902.0
2022-07-12,2.57,2.6,2.55,2.6,505640.0
2022-07-13,2.48,2.52,2.465,2.52,627605.0
2022-07-14,2.47,2.51,2.451,2.5,648050.0
2022-07-15,2.5,2.55,2.49,2.53,392299.0
2022-07-18,2.53,2.53,2.5,2.52,154351.0
2022-07-19,2.58,2.58,2.55,2.57,474606.0
2022-07-20,2.57,2.57,2.51,2.54,489782.0
2022-07-21,2.53,2.53,2.45,2.47,533302.0
2022-07-22,2.48,2.48,2.39,2.41,599429.0
2022-07-25,2.41,2.415,2.39,2.4,441019.0
2022-07-26,2.38,2.4,2.35,2.38,560721.0
2022-07-27,2.39,2.41,2.36,2.38,644573.0
2022-07-28,2.37,2.4,2.33,2.35,533888.0
2022-07-29,2.36,2.4,2.34,2.39,581867.0
2022-08-01,2.36,2.44,2.335,2.4,577029.0
2022-08-02,2.4,2.4099,2.34,2.38,438066.0
2022-08-03,2.39,2.39,2.33,2.36,619683.0
2022-08-04,2.35,2.39,2.35,2.36,275476.0
2022-08-05,2.34,2.4,2.33,2.37,595103.0
2022-08-08,2.37,2.49,2.37,2.49,540460.0
2022-08-09,2.49,2.49,2.36,2.39,515737.0
2022-08-10,2.42,2.56,2.42,2.52,763421.0
2022-08-11,2.52,2.55,2.47,2.55,372855.0
2022-08-12,2.54,2.54,2.455,2.51,348908.0
2022-08-15,2.47,2.485,2.43,2.48,230691.0
2022-08-16,2.4,2.49,2.38,2.48,928066.0
2022-08-17,2.46,2.52,2.45,2.49,821860.0
2022-08-18,2.52,2.63,2.51,2.59,679082.0
2022-08-19,2.63,2.63,2.57,2.61,405704.0
2022-08-22,2.61,2.76,2.6,2.63,832390.0
2022-08-23,2.76,2.83,2.7501,2.83,850592.0
2022-08-24,2.86,2.96,2.81,2.96,1568417.0
2022-08-25,3.03,3.1,2.93,2.97,821453.0
2022-08-26,2.96,2.98,2.88,2.91,209133.0
2022-08-29,2.87,3.03,2.8676,2.99,376636.0
2022-08-30,3.01,3.01,2.9109,2.99,281904.0
2022-08-31,3.01,3.035,2.95,2.97,563177.0
2022-09-01,2.96,2.96,2.865,2.92,468867.0
2022-09-02,2.97,2.97,2.9,2.93,492889.0
2022-09-06,3.09,3.21,3.05,3.14,1012677.0
2022-09-07,3.24,3.445,3.2,3.44,1422254.0
2022-09-08,3.39,3.41,3.25,3.41,1039803.0
2022-09-09,3.38,3.38,3.31,3.32,313023.0
2022-09-12,3.4,3.57,3.4,3.52,920908.0
2022-09-13,3.32,3.43,3.255,3.26,1140868.0
2022-09-14,3.34,3.43,3.31,3.43,454086.0
2022-09-15,3.3,3.3,3.14,3.19,624946.0
2022-09-16,3.2,3.24,3.19,3.19,403403.0
2022-09-19,3.09,3.11,2.91,2.97,756283.0
2022-09-20,3.09,3.1,3.045,3.07,995808.0
2022-09-21,3.09,3.099,3.0,3.0,621686.0
2022-09-22,3.0,3.015,2.95,2.98,637831.0
2022-09-23,2.97,2.98,2.9,2.94,410175.0
2022-09-26,2.91,2.95,2.9011,2.95,258681.0
2022-09-27,2.95,2.95,2.86,2.91,347788.0
2022-09-28,2.79,2.81,2.75,2.78,361723.0
2022-09-29,2.76,2.77,2.6609,2.75,480781.0
2022-09-30,2.7,2.72,2.66,2.66,298796.0
2022-10-03,2.84,2.98,2.815,2.97,324938.0
2022-10-04,2.96,2.965,2.89,2.91,377128.0
2022-10-05,2.91,2.94,2.87,2.89,505669.0
2022-10-06,3.01,3.01,2.97,2.98,353395.0
2022-10-07,3.04,3.07,3.005,3.04,268406.0
2022-10-10,3.15,3.1752,3.1,3.14,460852.0
2022-10-11,3.28,3.31,3.2,3.24,629314.0
2022-10-12,3.21,3.22,3.135,3.19,290210.0
2022-10-13,3.12,3.1549,3.09,3.12,324159.0
2022-10-14,3.12,3.16,3.1,3.12,295280.0
2022-10-17,3.28,3.35,3.265,3.3,498887.0
2022-10-18,3.32,3.38,3.27,3.35,287643.0
2022-10-19,3.34,3.4,3.32,3.35,397253.0
2022-10-20,3.42,3.42,3.31,3.33,258397.0
2022-10-21,3.36,3.3905,3.3315,3.37,178678.0
2022-10-24,3.4,3.41,3.35,3.39,296898.0
2022-10-25,3.39,3.42,3.33,3.39,450004.0
2022-10-26,3.38,3.38,3.3,3.31,168514.0
2022-10-27,3.3,3.38,3.3,3.33,261349.0
2022-10-28,3.34,3.34,3.26,3.3,183841.0
2022-10-31,3.33,3.47,3.33,3.47,523891.0
2022-11-01,3.47,3.61,3.45,3.59,444923.0
2022-11-02,3.57,3.67,3.55,3.61,405746.0
2022-11-03,3.63,4.06,3.59,3.97,1418198.0
2022-11-04,3.68,3.81,3.62,3.8,732189.0
2022-11-07,3.78,3.865,3.78,3.85,469760.0
2022-11-08,3.86,3.95,3.825,3.93,431422.0
2022-11-09,4.2,4.27,4.145,4.2,777669.0
2022-11-10,4.26,4.315,4.095,4.21,949354.0
2022-11-11,4.44,4.4508,4.25,4.35,1017004.0
2022-11-14,4.37,4.4,4.22,4.26,759570.0
2022-11-15,4.19,4.22,4.045,4.08,673798.0
2022-11-16,4.06,4.12,4.01,4.06,355899.0
2022-11-17,4.07,4.1,4.02,4.06,281217.0
2022-11-18,3.99,4.08,3.99,4.02,336222.0
2022-11-21,4.0,4.18,4.0,4.12,449897.0
2022-11-22,4.18,4.225,4.13,4.21,465354.0
2022-11-23,4.2,4.23,4.15,4.21,231363.0
2022-11-25,4.37,4.525,4.35,4.48,678112.0
2022-11-28,4.47,4.48,4.3001,4.42,596940.0
2022-11-29,4.42,4.5,4.37,4.41,864309.0
2022-11-30,4.48,4.53,4.41,4.5,434681.0
2022-12-01,4.55,4.57,4.455,4.48,641022.0
2022-12-02,4.34,4.36,4.27,4.3,439183.0
2022-12-05,4.28,4.41,4.265,4.36,476143.0
2022-12-06,4.37,4.45,4.3325,4.44,268827.0
2022-12-07,4.35,4.35,4.16,4.21,344051.0
2022-12-08,4.19,4.2,4.05,4.07,227927.0
2022-12-09,4.2,4.33,4.18,4.25,629693.0
2022-12-12,4.55,4.6,4.265,4.57,943602.0
2022-12-13,4.58,4.58,4.39,4.46,532891.0
2022-12-14,4.53,4.67,4.37,4.42,935666.0
2022-12-15,4.55,4.75,4.55,4.64,813818.0
2022-12-16,4.51,4.525,4.225,4.37,1711595.0
2022-12-19,4.55,4.665,4.51,4.61,423249.0
2022-12-20,4.62,4.64,4.41,4.43,453298.0
2022-12-21,4.43,4.48,4.3,4.32,372316.0
2022-12-22,4.49,4.51,4.235,4.32,524895.0
2022-12-23,4.42,4.465,4.34,4.44,351731.0
2022-12-27,4.7,4.91,4.6,4.74,861477.0
2022-12-28,4.61,4.705,4.525,4.54,444177.0
2022-12-29,4.61,4.63,4.56,4.62,151706.0
2022-12-30,4.78,4.9721,4.76,4.79,850487.0
2023-01-03,5.16,5.315,4.98,5.16,1544220.0
2023-01-04,5.09,5.265,5.03,5.22,1049133.0
2023-01-05,4.93,4.96,4.51,4.63,791998.0
2023-01-06,5.14,5.299,5.0,5.08,870002.0
2023-01-09,4.855,4.91,4.685,4.7,616101.0
2023-01-10,4.78,4.81,4.57,4.61,296443.0
2023-01-11,4.52,4.54,4.4,4.4,340865.0
2023-01-12,4.48,4.4987,4.32,4.38,492221.0
2023-01-13,4.42,4.47,4.31,4.35,326974.0
2023-01-17,4.91,4.95,4.6815,4.7,750242.0
2023-01-18,4.7,4.905,4.67,4.82,580806.0
2023-01-19,4.83,4.9,4.8,4.9,301445.0
2023-01-20,5.0,5.16,4.975,5.15,515573.0
2023-01-23,5.15,5.28,5.14,5.28,379339.0
2023-01-24,5.3,5.4,5.16,5.31,515007.0
2023-01-25,5.29,5.44,5.28,5.42,568775.0
2023-01-26,5.33,5.33,5.155,5.17,372997.0
2023-01-27,5.15,5.16,5.09,5.09,271208.0
2023-01-30,5.13,5.13,5.025,5.11,291655.0
2023-01-31,4.97,4.97,4.84,4.96,563484.0
2023-02-01,4.89,4.89,4.68,4.76,1011887.0
2023-02-02,4.68,4.7799,4.67,4.75,455714.0
2023-02-03,4.86,4.965,4.86,4.92,333260.0
2023-02-06,4.87,4.92,4.79,4.91,303617.0
2023-02-07,4.51,4.57,4.36,4.53,366681.0
2023-02-08,4.53,4.62,4.4501,4.52,274881.0
2023-02-09,4.47,4.4801,4.36,4.36,286429.0
2023-02-10,4.36,4.44,4.31,4.43,252615.0
2023-02-13,4.32,4.42,4.32,4.41,368482.0
2023-02-14,4.48,4.63,4.41,4.61,523901.0
2023-02-15,4.85,4.89,4.64,4.89,634838.0
2023-02-16,4.79,4.79,4.67,4.74,362843.0
2023-02-17,4.57,4.61,4.49,4.61,422015.0
2023-02-21,4.4,4.41,4.29,4.32,346174.0
2023-02-22,4.44,4.5,4.42,4.47,205605.0
2023-02-23,4.34,4.38,4.31,4.36,203696.0
2023-02-24,4.25,4.26,4.2,4.24,236198.0
2023-02-27,4.24,4.33,4.23,4.32,303420.0
2023-02-28,4.3,4.3,4.17,4.18,472112.0
2023-03-01,4.22,4.29,4.055,4.07,402519.0
2023-03-02,4.13,4.1501,4.08,4.09,209859.0
2023-03-03,4.14,4.17,4.04,4.07,186799.0
2023-03-06,4.22,4.34,4.16,4.27,456884.0
2023-03-07,4.28,4.29,4.15,4.17,104438.0
2023-03-08,4.36,4.409,4.29,4.32,312216.0
2023-03-09,4.2,4.53,4.2,4.42,436646.0
2023-03-10,4.53,4.72,4.53,4.67,447043.0
2023-03-13,4.54,4.55,4.36,4.51,441722.0
2023-03-14,4.45,4.615,4.45,4.59,281190.0
2023-03-15,4.32,4.38,4.23,4.32,311729.0
2023-03-16,4.31,4.4,4.24,4.37,300178.0
2023-03-17,4.37,4.37,4.24,4.34,316561.0
2023-03-20,4.22,4.23,4.13,4.13,405211.0
2023-03-21,4.09,4.16,4.07,4.12,366479.0
2023-03-22,4.12,4.28,4.12,4.17,608674.0
2023-03-23,4.16,4.31,4.16,4.26,288177.0
2023-03-24,4.23,4.28,4.1801,4.27,315993.0
2023-03-27,4.31,4.45,4.31,4.43,488913.0
2023-03-28,4.23,4.235,4.11,4.13,422558.0
2023-03-29,4.14,4.295,4.1,4.28,274950.0
2023-03-30,4.31,4.32,4.225,4.26,438115.0
2023-03-31,4.24,4.3,4.2,4.3,226734.0
2023-04-03,4.29,4.4,4.25,4.37,305346.0
2023-04-04,4.39,4.54,4.39,4.48,320020.0
2023-04-05,4.5,4.58,4.49,4.58,191346.0
2023-04-06,4.56,4.58,4.52,4.55,148137.0
2023-04-10,4.57,4.615,4.55,4.61,182672.0
2023-04-11,4.59,4.66,4.59,4.66,162536.0
2023-04-12,4.66,4.71,4.62,4.66,121527.0
2023-04-13,4.65,4.71,4.569,4.71,232551.0
2023-04-14,4.7,4.815,4.69,4.78,191864.0
2023-04-17,4.78,4.875,4.73,4.83,261341.0
2023-04-18,4.75,4.8,4.7,4.8,113980.0
2023-04-19,4.77,4.85,4.74,4.75,140866.0
2023-04-20,4.88,4.92,4.83,4.87,132680.0
2023-04-21,4.98,5.0,4.875,4.94,199783.0
2023-04-24,4.89,4.89,4.66,4.68,324218.0
2023-04-25,4.65,4.65,4.4,4.4,314023.0
2023-04-26,4.39,4.46,4.365,4.39,119072.0
2023-04-27,4.41,4.5,4.36,4.48,333619.0
2023-04-28,4.49,4.49,4.3,4.36,277696.0
2023-05-01,4.37,4.38,4.28,4.32,278952.0
2023-05-02,4.32,4.39,4.23,4.31,267444.0
2023-05-03,4.16,4.28,4.14,4.25,254004.0
2023-05-04,4.22,4.24,4.14,4.22,262389.0
2023-05-05,4.22,4.22,4.11,4.16,590865.0
2023-05-08,4.16,4.26,4.16,4.26,286860.0
2023-05-09,4.21,4.235,4.18,4.2,267204.0
2023-05-10,4.39,4.3922,4.19,4.27,197342.0
2023-05-11,4.48,4.5825,4.4499,4.55,436934.0
2023-05-12,4.53,4.53,4.23,4.26,299993.0
2023-05-15,4.15,4.1638,3.92,4.02,533853.0
2023-05-16,4.0,4.09,3.99,4.04,246967.0
2023-05-17,4.12,4.1653,4.0873,4.12,195942.0
2023-05-18,4.15,4.15,4.02,4.04,127677.0
2023-05-19,3.98,4.055,3.98,4.01,156138.0
2023-05-22,3.99,4.08,3.98,4.0,395807.0
2023-05-23,4.01,4.035,3.99,4.01,231208.0
2023-05-24,4.02,4.02,3.91,3.92,219623.0
2023-05-25,3.96,3.991,3.8801,3.98,524420.0
2023-05-26,4.06,4.18,4.06,4.15,405984.0
2023-05-30,4.26,4.3,4.14,4.18,414177.0
2023-05-31,4.18,4.18,4.1,4.14,354183.0
2023-06-01,4.14,4.165,4.07,4.15,283036.0
2023-06-02,4.19,4.23,4.15,4.18,280632.0
2023-06-05,4.21,4.34,4.19,4.25,415545.0
2023-06-06,4.27,4.28,4.195,4.28,232263.0
2023-06-07,4.06,4.08,4.01,4.03,425793.0
2023-06-08,3.85,3.99,3.8201,3.98,399549.0
2023-06-09,3.97,4.06,3.95,3.96,424127.0
2023-06-12,3.96,4.01,3.93,4.0,462325.0
2023-06-13,4.0,4.01,3.865,3.93,789823.0
2023-06-14,3.8,3.845,3.76,3.81,609543.0
2023-06-15,3.77,3.905,3.75,3.89,563044.0
2023-06-16,3.93,3.9797,3.855,3.88,857295.0
2023-06-20,3.68,3.72,3.64,3.71,489859.0
2023-06-21,3.67,3.67,3.58,3.62,448093.0
2023-06-22,3.59,3.6,3.54,3.56,202847.0
2023-06-23,3.56,3.62,3.53,3.62,1166950.0
2023-06-26,3.59,3.66,3.59,3.61,400767.0
2023-06-27,3.58,3.6,3.55,3.58,232912.0
2023-06-28,3.59,3.6,3.53,3.58,282483.0
2023-06-29,3.6,3.6,3.545,3.56,183145.0
2023-06-30,3.58,3.595,3.52,3.57,260896.0
2023-07-03,3.6,3.61,3.57,3.59,328626.0
2023-07-05,3.71,3.77,3.6,3.74,1335359.0
2023-07-06,3.75,3.75,3.67,3.7,1014366.0
2023-07-07,3.7,3.745,3.66,3.69,339013.0
2023-07-10,3.78,3.81,3.715,3.75,774201.0
2023-07-11,3.84,3.88,3.77,3.86,974661.0
2023-07-12,3.96,4.08,3.93,4.0,658525.0
2023-07-13,3.99,4.08,3.945,4.08,394305.0
2023-07-14,4.07,4.07,3.97,3.99,145277.0
2023-07-17,4.0,4.1389,4.0,4.12,426444.0
2023-07-18,4.22,4.2438,4.1,4.12,268852.0
2023-07-19,4.2,4.355,4.2,4.32,422226.0
2023-07-20,4.37,4.39,4.22,4.3,270911.0
2023-07-21,4.31,4.335,4.16,4.23,548774.0
2023-07-24,4.23,4.26,4.18,4.21,341467.0
2023-07-25,4.09,4.13,4.06,4.11,184148.0
2023-07-26,4.11,4.28,4.11,4.26,140139.0
2023-07-27,4.38,4.46,4.32,4.4,361518.0
2023-07-28,4.63,4.94,4.43,4.88,949693.0
2023-07-31,4.84,4.92,4.76,4.81,502301.0
2023-08-01,4.79,4.79,4.65,4.7,115275.0
2023-08-02,4.67,4.79,4.67,4.77,202350.0
2023-08-03,4.75,4.75,4.565,4.63,320932.0
2023-08-04,4.73,4.78,4.54,4.59,655011.0
2023-08-07,4.85,4.9,4.77,4.84,417881.0
2023-08-08,4.86,4.93,4.81,4.9,373600.0
2023-08-09,4.87,4.98,4.82,4.97,332916.0
2023-08-10,4.81,4.88,4.74,4.82,433054.0
2023-08-11,4.8,4.91,4.79,4.89,220197.0
2023-08-14,4.88,4.955,4.87,4.92,267903.0
2023-08-15,4.93,5.0299,4.91,4.98,497366.0
2023-08-16,4.99,5.035,4.915,4.95,400521.0
2023-08-17,4.89,5.02,4.82,5.02,642095.0
2023-08-18,4.81,4.86,4.62,4.75,504171.0
2023-08-21,5.04,5.275,5.0,5.15,807209.0
2023-08-22,5.29,5.45,5.255,5.26,879490.0
2023-08-23,5.39,5.43,5.25,5.33,511464.0
2023-08-24,5.42,5.5191,5.33,5.35,717543.0
2023-08-25,5.34,5.45,5.34,5.4,617644.0
2023-08-28,5.45,5.56,5.4418,5.48,560557.0
2023-08-29,5.49,5.49,5.36,5.39,238672.0
2023-08-30,5.4,5.4,5.31,5.36,211859.0
2023-08-31,5.36,5.36,5.22,5.26,267563.0
2023-09-01,5.3,5.3,5.2088,5.21,184549.0
2023-09-05,5.23,5.4,5.23,5.33,288513.0
2023-09-06,5.33,5.37,5.28,5.31,135369.0
2023-09-07,5.4,5.47,5.37,5.41,543188.0
2023-09-08,5.43,5.495,5.38,5.4,365750.0
2023-09-11,5.49,5.54,5.445,5.46,313760.0
2023-09-12,5.49,5.63,5.489,5.53,674444.0
2023-09-13,5.5,5.5,5.3573,5.39,222044.0
2023-09-14,5.43,5.469,5.31,5.41,641534.0
2023-09-15,5.37,5.37,5.1,5.15,471451.0
2023-09-18,5.1,5.115,5.02,5.11,225051.0
2023-09-19,5.01,5.07,4.96,5.0,245660.0
2023-09-20,5.0,5.04,4.93,4.95,175068.0
2023-09-21,4.92,5.03,4.92,4.97,277640.0
2023-09-22,4.99,5.05,4.845,4.85,219075.0
2023-09-25,4.83,5.0,4.83,4.94,236072.0
2023-09-26,4.93,4.93,4.8,4.81,201198.0
2023-09-27,4.83,4.85,4.73,4.75,201210.0
2023-09-28,4.78,4.78,4.685,4.74,192788.0
2023-09-29,4.77,4.83,4.72,4.73,194250.0
2023-10-02,4.82,4.88,4.76,4.8,448581.0
2023-10-03,4.87,4.99,4.85,4.89,393514.0
2023-10-04,4.88,4.9,4.8,4.86,329620.0
2023-10-05,4.81,5.04,4.81,5.0,295888.0
2023-10-06,5.03,5.05,4.89,4.94,179801.0
2023-10-09,4.84,4.84,4.6,4.69,354182.0
2023-10-10,4.79,4.82,4.66,4.76,311706.0
2023-10-11,4.89,5.01,4.82,4.83,358880.0
2023-10-12,4.83,4.83,4.655,4.74,479112.0
2023-10-13,4.71,4.74,4.66,4.66,162820.0
2023-10-16,4.71,4.71,4.54,4.64,299334.0
2023-10-17,4.65,4.69,4.58,4.58,221638.0
2023-10-18,4.56,4.56,4.445,4.49,257099.0
2023-10-19,4.46,4.46,4.34,4.37,193535.0
2023-10-20,4.44,4.45,4.31,4.36,190449.0
2023-10-23,4.35,4.43,4.345,4.38,496286.0
2023-10-24,4.44,4.535,4.41,4.52,260994.0
2023-10-25,4.44,4.505,4.24,4.25,761273.0
2023-10-26,4.47,4.515,4.265,4.28,585501.0
2023-10-27,4.28,4.43,4.26,4.33,463803.0
2023-10-30,4.34,4.358,4.27,4.29,178080.0
2023-10-31,4.24,4.28,4.09,4.12,444052.0
2023-11-01,4.11,4.3112,4.07,4.25,525751.0
2023-11-02,4.3,4.36,4.265,4.27,270938.0
2023-11-03,4.28,4.32,4.25,4.3,235718.0
2023-11-06,4.4,4.47,4.37,4.37,308649.0
2023-11-07,4.5,4.63,4.36,4.36,499352.0
2023-11-08,4.75,4.8,4.55,4.62,700349.0
2023-11-09,4.66,4.71,4.59,4.64,314943.0
2023-11-10,4.67,4.7689,4.67,4.69,221992.0
2023-11-13,4.64,4.65,4.59,4.6,136317.0
2023-11-14,4.65,4.76,4.63,4.68,317811.0
2023-11-15,4.66,4.79,4.6,4.77,407413.0
2023-11-16,4.76,4.81,4.575,4.62,304419.0
2023-11-17,4.6,4.83,4.6,4.74,297191.0
2023-11-20,4.9,4.99,4.8703,4.99,266432.0
2023-11-21,4.83,4.97,4.83,4.9,158919.0
2023-11-22,4.9,4.95,4.8501,4.92,91765.0
2023-11-24,4.97,5.01,4.93,5.01,53673.0
2023-11-27,4.96,5.05,4.96,5.02,101207.0
2023-11-28,4.97,5.0054,4.95,4.97,152977.0
2023-11-29,4.96,4.96,4.87,4.89,127658.0
2023-11-30,4.93,4.99,4.93,4.98,267393.0
2023-12-01,5.0,5.17,4.9699,5.11,303748.0
2023-12-04,5.07,5.07,4.93,4.98,207954.0
2023-12-05,4.95,5.04,4.92,5.01,192788.0
2023-12-06,5.06,5.06,4.9,4.91,187174.0
2023-12-07,4.91,5.05,4.91,5.04,219685.0
2023-12-08,4.98,5.075,4.96,5.0,151759.0
2023-12-11,4.94,5.0199,4.89,4.92,319442.0
2023-12-12,4.89,4.89,4.76,4.77,266111.0
2023-12-13,4.64,4.64,4.48,4.55,399683.0
2023-12-14,4.65,4.72,4.61,4.67,462588.0
2023-12-15,4.72,4.83,4.7,4.78,1242966.0
2023-12-18,4.75,4.82,4.695,4.82,311086.0
2023-12-19,4.75,4.81,4.6801,4.77,475102.0
2023-12-20,4.62,4.8,4.6,4.78,1111371.0
2023-12-21,4.81,4.91,4.81,4.91,298611.0
2023-12-22,4.8,4.85,4.77,4.84,670331.0
2023-12-26,4.63,4.75,4.605,4.7,358857.0
2023-12-27,4.63,4.7,4.62,4.69,417089.0
2023-12-28,4.74,4.84,4.74,4.81,195860.0
2023-12-29,4.81,4.88,4.772,4.81,222869.0
2024-01-02,4.9,4.945,4.82,4.85,183609.0
2024-01-03,4.8,4.8,4.74,4.8,138037.0
2024-01-04,4.87,4.945,4.84,4.92,188151.0
2024-01-05,4.96,5.13,4.96,5.13,475004.0
2024-01-08,5.13,5.15,5.08,5.15,200314.0
2024-01-09,5.12,5.26,5.12,5.23,284308.0
2024-01-10,5.18,5.19,5.09,5.18,155894.0
2024-01-11,5.13,5.13,4.96,5.08,347998.0
2024-01-12,5.09,5.17,5.08,5.16,382596.0
2024-01-16,5.35,5.36,5.235,5.29,340576.0
2024-01-17,5.25,5.33,5.22,5.28,439709.0
2024-01-18,5.28,5.305,5.21,5.29,239580.0
2024-01-19,5.25,5.2981,5.19,5.21,337068.0
2024-01-22,5.15,5.275,5.15,5.21,283112.0
2024-01-23,5.29,5.355,5.26,5.26,376811.0
2024-01-24,5.38,5.42,5.3,5.35,423776.0
2024-01-25,5.36,5.455,5.33,5.35,476619.0
2024-01-26,5.52,5.66,5.39,5.62,1160622.0
2024-01-29,5.61,5.64,5.53,5.6,349897.0
2024-01-30,5.62,5.65,5.555,5.61,126700.0
2024-01-31,5.56,5.6,5.52,5.54,118663.0
2024-02-01,5.66,5.68,5.615,5.64,411432.0
2024-02-02,5.63,5.7,5.545,5.58,342344.0
2024-02-05,5.6,5.67,5.58,5.62,334251.0
2024-02-06,5.6,5.6,5.52,5.58,125706.0
2024-02-07,5.53,5.56,5.36,5.47,250366.0
2024-02-08,5.47,5.54,5.46,5.47,209455.0
2024-02-09,5.49,5.51,5.4,5.51,168843.0
2024-02-12,5.64,5.7301,5.61,5.66,481329.0
2024-02-13,5.55,5.5699,5.355,5.36,308447.0
2024-02-14,5.37,5.4291,5.31,5.38,222349.0
2024-02-15,5.42,5.54,5.4,5.45,368273.0
2024-02-16,5.45,5.46,5.33,5.36,187082.0
2024-02-20,5.37,5.4,5.27,5.31,264156.0
2024-02-21,5.3,5.32,5.21,5.29,262531.0
2024-02-22,5.29,5.31,5.23,5.28,199626.0
2024-02-23,5.4,5.42,5.31,5.36,298198.0
2024-02-26,5.33,5.43,5.33,5.4,236608.0
2024-02-27,5.29,5.36,5.26,5.35,247971.0
2024-02-28,5.25,5.295,5.2139,5.26,172719.0
2024-02-29,5.27,5.41,5.27,5.39,250214.0
2024-03-01,5.35,5.43,5.32,5.39,429409.0
2024-03-04,5.15,5.17,5.07,5.07,293533.0
2024-03-05,5.08,5.135,5.08,5.11,243511.0
2024-03-06,5.05,5.05,4.975,4.99,205382.0
2024-03-07,5.03,5.1,5.03,5.07,153451.0
2024-03-08,5.11,5.1693,5.05,5.11,203392.0
2024-03-11,4.95,4.98,4.9,4.92,299126.0
2024-03-12,4.87,4.9,4.8,4.88,358226.0
2024-03-13,4.91,4.92,4.82,4.84,204165.0
2024-03-14,4.85,4.87,4.755,4.83,280247.0
2024-03-15,4.81,4.86,4.81,4.85,155723.0
2024-03-18,4.88,4.94,4.8711,4.93,201051.0
2024-03-19,4.89,5.015,4.858,4.97,495782.0
2024-03-20,4.92,5.0,4.845,4.99,474338.0
2024-03-21,5.2,5.42,5.2,5.28,576874.0
2024-03-22,5.33,5.35,5.28,5.32,288643.0
2024-03-25,5.39,5.39,5.26,5.29,261559.0
2024-03-26,5.17,5.17,5.056,5.09,196165.0
2024-03-27,5.11,5.14,5.05,5.06,355030.0
2024-03-28,5.16,5.195,5.1,5.19,516284.0
2024-04-01,5.17,5.18,5.1,5.14,158250.0
2024-04-02,5.11,5.18,5.11,5.16,163039.0
2024-04-03,5.28,5.33,5.17,5.3,298661.0
2024-04-04,5.49,5.5,5.39,5.43,284867.0
2024-04-05,5.58,5.69,5.39,5.69,658352.0
2024-04-08,5.63,5.84,5.605,5.75,482412.0
2024-04-09,5.79,5.81,5.7175,5.81,169717.0
2024-04-10,5.78,5.78,5.68,5.73,175121.0
2024-04-11,5.73,5.74,5.655,5.73,193519.0
2024-04-12,5.68,5.69,5.49,5.5,517971.0
2024-04-15,5.54,5.615,5.445,5.48,240938.0
2024-04-16,5.56,5.6,5.49,5.5,318767.0
2024-04-17,5.61,5.7,5.59,5.6,560098.0
2024-04-18,5.58,5.69,5.58,5.64,285323.0
2024-04-19,5.65,5.805,5.65,5.74,266394.0
2024-04-22,5.83,5.875,5.78,5.84,361336.0
2024-04-23,5.85,5.9,5.8,5.89,206945.0
2024-04-24,5.9,5.97,5.838,5.94,354520.0
2024-04-25,5.9,5.98,5.895,5.95,264710.0
2024-04-26,5.99,6.065,5.96,5.98,447424.0
2024-04-29,6.0,6.13,6.0,6.04,269768.0
2024-04-30,6.08,6.13,5.95,6.1,308544.0
2024-05-01,6.08,6.095,6.03,6.06,164772.0
2024-05-02,6.12,6.23,6.06,6.22,301870.0
2024-05-03,6.24,6.315,6.23,6.29,134189.0
2024-05-06,6.32,6.4,6.32,6.37,281991.0
2024-05-07,6.41,6.51,6.41,6.46,212479.0
2024-05-08,6.47,6.49,6.36,6.38,556091.0
2024-05-09,6.39,6.42,6.335,6.35,177111.0
2024-05-10,6.46,6.53,6.37,6.37,430111.0
2024-05-13,6.4,6.45,6.335,6.34,286058.0
2024-05-14,6.35,6.4,6.3,6.33,213972.0
2024-05-15,6.33,6.3999,6.27,6.27,294490.0
2024-05-16,6.36,6.56,6.33,6.52,358801.0
2024-05-17,6.64,6.73,6.64,6.68,415170.0
2024-05-20,6.66,6.705,6.62,6.64,230321.0
2024-05-21,6.89,7.0,6.87,7.0,234233.0
2024-05-22,7.0,7.115,6.99,7.06,332638.0
2024-05-23,7.15,7.175,7.07,7.09,234469.0
2024-05-24,7.11,7.13,7.035,7.04,175128.0
2024-05-28,6.88,7.0,6.57,6.89,431147.0
2024-05-29,6.93,7.055,6.92,6.94,265385.0
2024-05-30,7.14,7.285,7.07,7.24,418421.0
2024-05-31,7.58,7.8,7.57,7.67,767540.0
2024-06-03,8.02,8.02,7.8196,7.86,610286.0
2024-06-04,7.7,7.74,7.48,7.73,668097.0
2024-06-05,7.67,7.8,7.645,7.77,270501.0
2024-06-06,7.74,7.74,7.58,7.59,244434.0
2024-06-07,7.56,7.605,7.415,7.44,297170.0
2024-06-10,7.55,7.69,7.5,7.54,531011.0
2024-06-11,7.56,7.56,7.265,7.29,311119.0
2024-06-12,7.47,7.55,7.405,7.44,544244.0
2024-06-13,7.4,7.54,7.35,7.36,533965.0
2024-06-14,7.4,7.48,7.36,7.47,145336.0
2024-06-17,7.45,7.47,7.27,7.37,120515.0
2024-06-18,7.36,7.415,7.32,7.38,135518.0
2024-06-20,7.5,7.715,7.475,7.54,887239.0
2024-06-21,7.58,7.65,7.475,7.54,400752.0
2024-06-24,7.48,7.56,7.38,7.5,215837.0
2024-06-25,7.49,7.58,7.355,7.38,274349.0
2024-06-26,7.42,7.46,7.265,7.27,290489.0
2024-06-27,7.37,7.49,7.3,7.42,146054.0
2024-06-28,7.54,7.645,7.49,7.58,437328.0
2024-07-01,7.58,7.6,7.4,7.45,213356.0
2024-07-02,7.66,7.73,7.61,7.64,631607.0
2024-07-03,7.86,7.93,7.83,7.86,1337227.0
2024-07-05,7.89,8.0,7.87,7.96,204317.0
2024-07-08,8.4,8.4,8.085,8.11,1600067.0
2024-07-09,8.14,8.23,8.06,8.08,408986.0
2024-07-10,8.22,8.3,8.11,8.13,2104866.0
2024-07-11,8.31,8.36,8.18,8.2,1474199.0
2024-07-12,8.2,8.255,8.15,8.18,1035714.0
2024-07-15,8.14,8.22,8.06,8.08,545266.0
2024-07-16,8.07,8.1801,8.07,8.09,885259.0
2024-07-17,8.1,8.225,8.05,8.08,561173.0
2024-07-18,8.32,8.36,8.11,8.14,909549.0
2024-07-19,8.2,8.245,8.07,8.09,1538634.0
2024-07-22,8.47,8.47,8.165,8.19,2889280.0
2024-07-23,8.18,8.22,7.955,8.04,2250144.0
2024-07-24,8.03,8.1,7.88,7.9,2146875.0
2024-07-25,8.1,8.17,7.82,7.83,2090790.0
2024-07-26,7.97,8.0,7.895,7.94,1253363.0
2024-07-29,7.78,7.97,7.78,7.83,1186104.0
2024-07-30,7.85,7.92,7.81,7.81,1064535.0
2024-07-31,7.88,7.94,7.8,7.83,1385836.0
2024-08-01,8.0,8.03,7.91,7.91,1887202.0
2024-08-02,7.72,7.725,7.5,7.51,1215308.0
2024-08-05,7.38,7.5,7.325,7.37,866812.0
2024-08-06,7.55,7.5902,7.485,7.5,2153564.0
2024-08-07,7.66,7.85,7.62,7.79,554595.0
2024-08-08,7.77,7.81,7.73,7.8,339882.0
2024-08-09,7.74,7.75,7.6201,7.66,306264.0
2024-08-12,7.7,7.74,7.52,7.54,1048097.0
2024-08-13,7.56,7.58,7.47,7.53,1179019.0
2024-08-14,7.64,7.675,7.52,7.57,1308335.0
2024-08-15,7.69,7.75,7.59,7.6,1371783.0
2024-08-16,7.57,7.6702,7.52,7.54,987946.0
2024-08-19,7.73,7.73,7.555,7.58,2674368.0
2024-08-20,7.46,7.5,7.28,7.29,1331231.0
2024-08-21,7.27,7.28,7.13,7.16,637072.0
2024-08-22,7.05,7.05,6.935,6.99,333460.0
2024-08-23,6.87,6.96,6.83,6.91,487049.0
2024-08-26,6.83,6.83,6.66,6.68,495050.0
2024-08-27,6.98,7.04,6.89,7.0,812127.0
2024-08-28,7.08,7.09,6.98,7.04,395560.0
2024-08-29,7.15,7.19,7.08,7.1,728614.0
2024-08-30,7.08,7.105,7.015,7.05,337153.0
2024-09-03,7.21,7.24,7.12,7.17,718935.0
2024-09-04,7.22,7.3,7.18,7.23,1733685.0
2024-09-05,7.21,7.21,7.12,7.15,717057.0
2024-09-06,7.15,7.18,7.0,7.0,310615.0
2024-09-09,7.0,7.03,6.935,7.0,292713.0
2024-09-10,7.02,7.15,7.005,7.02,796427.0
2024-09-11,7.08,7.205,7.08,7.13,1466791.0
2024-09-12,7.03,7.15,6.9,7.04,1564495.0
2024-09-13,6.84,6.95,6.84,6.88,528968.0
2024-09-16,6.76,6.76,6.66,6.75,469167.0
2024-09-17,6.76,6.76,6.685,6.72,206758.0
2024-09-18,6.73,6.84,6.73,6.79,232071.0
2024-09-19,6.82,6.97,6.82,6.94,320722.0
2024-09-20,6.91,6.95,6.88,6.95,430940.0
2024-09-23,6.97,7.05,6.95,7.04,225705.0
2024-09-24,7.12,7.215,7.12,7.16,364370.0
2024-09-25,7.13,7.145,7.05,7.06,318537.0
2024-09-26,7.12,7.13,7.02,7.08,458284.0
2024-09-27,7.01,7.0588,6.9613,7.04,172242.0
2024-09-30,7.04,7.04,6.87,6.88,271252.0
2024-10-01,6.88,6.88,6.64,6.69,568483.0
2024-10-02,6.7,6.75,6.62,6.72,461253.0
2024-10-03,6.47,6.4798,6.35,6.4,392583.0
2024-10-04,6.26,6.35,6.205,6.33,971628.0
2024-10-07,6.13,6.15,6.065,6.12,616153.0
2024-10-08,6.2,6.23,6.035,6.16,905761.0
2024-10-09,6.35,6.42,6.292,6.37,564866.0
2024-10-10,6.4,6.4,6.3,6.31,380679.0
2024-10-11,6.28,6.28,6.18,6.21,594197.0
2024-10-14,6.03,6.28,5.97,6.23,728656.0
2024-10-15,6.23,6.35,6.23,6.32,276545.0
2024-10-16,6.35,6.365,6.295,6.32,189571.0
2024-10-17,6.3,6.36,6.27,6.35,221609.0
2024-10-18,6.24,6.31,6.2265,6.31,333084.0
2024-10-21,6.35,6.37,6.27,6.33,219353.0
2024-10-22,6.38,6.44,6.31,6.33,285028.0
2024-10-23,6.3,6.315,6.26,6.28,235470.0
2024-10-24,6.29,6.31,6.21,6.26,265144.0
2024-10-25,6.27,6.33,6.23,6.26,426235.0
2024-10-28,6.25,6.38,6.25,6.35,223973.0
2024-10-29,6.37,6.37,6.18,6.2,320489.0
2024-10-30,6.26,6.4,6.25,6.38,281266.0
2024-10-31,6.31,6.31,6.115,6.14,307455.0
2024-11-01,6.19,6.275,6.19,6.23,270759.0
2024-11-04,6.12,6.14,6.045,6.08,162737.0
2024-11-05,6.09,6.1,6.04,6.08,311464.0
2024-11-06,6.13,6.18,6.115,6.13,184940.0
2024-11-07,6.25,6.46,6.25,6.39,367828.0
2024-11-08,6.56,6.605,6.51,6.6,314188.0
2024-11-11,6.84,6.9401,6.76,6.78,566450.0
2024-11-12,6.8,6.865,6.765,6.82,866235.0
2024-11-13,6.83,6.84,6.75,6.75,413157.0
2024-11-14,6.84,6.9,6.77,6.77,613282.0
2024-11-15,6.77,6.825,6.72,6.74,471328.0
2024-11-18,6.68,6.71,6.53,6.68,248909.0
2024-11-19,6.63,6.675,6.62,6.64,431725.0
2024-11-20,6.78,6.81,6.71,6.78,385818.0
2024-11-21,6.84,6.9,6.815,6.83,693752.0
2024-11-22,6.7,6.77,6.64,6.74,298853.0
2024-11-25,6.74,6.74,6.62,6.66,278927.0
2024-11-26,6.66,6.7,6.625,6.67,189311.0
2024-11-27,6.62,6.7325,6.605,6.61,332400.0
2024-11-29,6.56,6.63,6.55,6.63,119665.0
2024-12-02,6.6,6.7,6.54,6.59,250597.0
2024-12-03,6.7,6.72,6.66,6.67,264191.0
2024-12-04,6.78,6.79,6.635,6.7,613197.0
2024-12-05,6.73,6.775,6.625,6.73,639841.0
2024-12-06,6.7,6.78,6.645,6.7,284181.0
2024-12-09,6.66,6.675,6.59,6.62,292967.0
2024-12-10,6.63,6.695,6.63,6.66,316701.0
2024-12-11,6.68,6.68,6.585,6.62,190968.0
2024-12-12,6.62,6.67,6.615,6.63,139148.0
2024-12-13,6.75,6.81,6.715,6.73,581710.0
2024-12-16,6.79,6.835,6.73,6.73,427120.0
2024-12-17,6.77,6.795,6.7,6.71,328978.0
2024-12-18,6.81,6.845,6.66,6.66,624652.0
2024-12-19,6.65,6.65,6.42,6.43,354476.0
2024-12-20,6.41,6.51,6.385,6.51,378612.0
2024-12-23,6.44,6.53,6.34,6.41,252333.0
2024-12-24,6.39,6.5,6.3847,6.46,118453.0
2024-12-26,6.47,6.57,6.47,6.56,214008.0
2024-12-27,6.56,6.63,6.52,6.63,210871.0
2024-12-30,6.61,6.61,6.525,6.57,127055.0
2024-12-31,6.57,6.57,6.495,6.51,148772.0
2025-01-02,6.7,6.7284,6.625,6.68,382065.0
2025-01-03,6.84,6.92,6.79,6.83,403082.0
2025-01-06,6.82,6.92,6.69,6.69,378476.0
2025-01-07,6.77,6.84,6.725,6.74,272217.0
2025-01-08,6.89,6.92,6.685,6.77,432352.0
2025-01-10,6.78,6.82,6.685,6.75,474376.0
2025-01-13,6.7,6.82,6.67,6.78,564382.0
2025-01-14,6.78,6.83,6.71,6.77,1113598.0
2025-01-15,6.81,6.85,6.78,6.8,736025.0
2025-01-16,6.87,6.955,6.87,6.93,583911.0
2025-01-17,6.99,7.09,6.99,7.04,679886.0
2025-01-21,7.07,7.1,7.027,7.05,527442.0
2025-01-22,7.25,7.43,7.25,7.4,1044600.0
2025-01-23,7.41,7.47,7.3792,7.4,573719.0
2025-01-24,7.5,7.51,7.425,7.47,650263.0
2025-01-27,7.43,7.49,7.395,7.48,512723.0
2025-01-28,7.55,7.63,7.5,7.51,383337.0
2025-01-29,7.54,7.57,7.455,7.48,397582.0
2025-01-30,7.54,7.54,7.38,7.39,193372.0
2025-01-31,7.42,7.51,7.37,7.39,237584.0
2025-02-03,7.29,7.3,7.23,7.26,325526.0
2025-02-04,7.46,7.47,7.35,7.42,408089.0
2025-02-05,7.3,7.34,7.23,7.28,489714.0
2025-02-06,7.31,7.37,7.3,7.36,235711.0
2025-02-07,7.34,7.35,7.3,7.35,149916.0
2025-02-10,7.35,7.42,7.33,7.38,286091.0
2025-02-11,7.43,7.515,7.43,7.46,374670.0
2025-02-12,7.39,7.46,7.37,7.43,379804.0
2025-02-13,7.39,7.49,7.35,7.49,242460.0
2025-02-14,7.37,7.41,7.34,7.37,212866.0
2025-02-18,7.28,7.33,7.23,7.31,301402.0
2025-02-19,7.22,7.31,7.22,7.31,348346.0
2025-02-20,7.32,7.4,7.32,7.36,268134.0
2025-02-21,7.11,7.19,7.03,7.1,619425.0
2025-02-24,7.14,7.295,7.0773,7.24,763794.0
2025-02-25,7.19,7.25,7.16,7.24,342460.0
2025-02-26,7.2,7.32,7.2,7.3,365134.0
2025-02-27,7.34,7.4,7.34,7.38,255161.0
2025-02-28,6.87,6.93,6.69,6.78,557092.0
2025-03-03,6.88,6.92,6.82,6.91,466981.0
2025-03-04,6.92,6.99,6.91,6.93,320676.0
2025-03-05,7.1,7.28,7.1,7.26,383262.0
2025-03-06,7.27,7.41,7.255,7.33,506555.0
2025-03-07,7.32,7.405,7.3,7.39,407023.0
2025-03-10,7.25,7.3,7.15,7.2,574630.0
2025-03-11,7.21,7.28,7.065,7.15,669460.0
2025-03-12,7.23,7.36,7.21,7.33,474201.0
2025-03-13,7.27,7.4,7.27,7.37,573753.0
2025-03-14,7.5,7.53,7.45,7.45,441558.0
2025-03-17,7.47,7.6,7.47,7.58,899165.0
2025-03-18,7.58,7.6,7.515,7.55,861236.0
2025-03-19,6.5,6.67,6.37,6.5,2402140.0
2025-03-20,6.35,6.53,6.315,6.42,1512730.0
2025-03-21,6.25,6.44,5.74,5.83,1666025.0
2025-03-24,5.79,5.95,5.7601,5.89,1020655.0
2025-03-25,6.185,6.28,6.17,6.21,1354566.0
2025-03-26,6.16,6.28,6.15,6.22,819716.0
2025-03-27,6.12,6.15,6.08,6.08,621095.0
2025-03-28,6.19,6.3092,6.19,6.22,599366.0
2025-03-31,6.19,6.221,6.16,6.22,302175.0
2025-04-01,6.21,6.28,6.21,6.27,397554.0
2025-04-02,6.24,6.31,6.22,6.24,302713.0
2025-04-03,6.15,6.155,6.055,6.06,334866.0
2025-04-04,5.82,5.84,5.75,5.78,571351.0
2025-04-07,5.82,5.96,5.76,5.8,1161421.0
2025-04-08,6.03,6.03,5.76,5.81,860903.0
2025-04-09,5.91,6.15,5.79,6.13,867567.0
2025-04-10,6.02,6.065,5.924,6.01,805132.0
2025-04-11,5.97,6.1,5.955,6.08,680147.0
2025-04-14,6.0,6.085,5.96,6.04,983062.0
2025-04-15,5.98,6.08,5.94,6.08,808858.0
2025-04-16,5.86,6.02,5.84,5.97,1392170.0
2025-04-17,5.88,6.05,5.88,6.02,1052783.0
2025-04-21,6.24,6.245,6.04,6.11,606739.0
2025-04-22,6.07,6.125,6.04,6.12,937025.0
2025-04-23,6.1,6.19,6.08,6.15,724274.0
2025-04-24,6.14,6.2806,6.12,6.26,905515.0
2025-04-25,6.08,6.12,5.9901,6.05,584155.0
2025-04-28,5.97,6.035,5.905,6.02,844731.0
2025-04-29,5.97,6.04,5.96,6.01,592728.0
2025-04-30,5.86,5.91,5.78,5.91,665927.0
2025-05-01,5.9,5.92,5.81,5.89,592714.0
2025-05-02,5.85,5.885,5.82,5.87,847098.0
2025-05-05,5.66,5.74,5.66,5.73,1164117.0
2025-05-06,5.73,5.76,5.69,5.75,960872.0
2025-05-07,5.71,5.78,5.69,5.72,1154810.0
2025-05-08,5.83,5.97,5.83,5.94,756078.0
2025-05-09,6.02,6.04,5.98,6.01,587481.0
2025-05-12,6.27,6.345,6.25,6.32,794311.0
2025-05-13,6.18,6.34,6.18,6.33,753370.0
2025-05-14,6.33,6.405,6.295,6.4,914401.0
2025-05-15,6.33,6.33,6.25,6.3,860365.0
2025-05-16,6.23,6.305,6.22,6.29,769949.0
2025-05-19,6.3,6.4,6.28,6.4,458277.0
2025-05-20,6.31,6.41,6.305,6.4,804128.0
2025-05-21,6.41,6.44,6.33,6.36,1047954.0
2025-05-22,6.37,6.51,6.37,6.49,1115783.0
2025-05-23,6.34,6.38,6.305,6.38,754468.0
2025-05-27,6.34,6.38,6.31,6.38,760288.0
2025-05-28,6.24,6.24,6.135,6.19,596942.0
2025-05-29,6.17,6.185,6.1201,6.15,549393.0
2025-05-30,5.94,6.095,5.9,6.08,1359505.0
2025-06-02,5.87,5.92,5.86,5.92,1011734.0
2025-06-03,5.99,6.03,5.965,6.01,977412.0
2025-06-04,6.16,6.25,6.09,6.24,1573337.0
2025-06-05,6.23,6.23,6.1517,6.19,303766.0
2025-06-06,6.21,6.41,6.21,6.39,771092.0
2025-06-09,6.41,6.47,6.375,6.44,584657.0
2025-06-10,6.21,6.32,6.209,6.32,955874.0
2025-06-11,6.26,6.305,6.22,6.24,972466.0
2025-06-12,6.14,6.22,6.1122,6.22,1023740.0
2025-06-13,5.81,5.9,5.78,5.87,1929983.0
2025-06-16,5.91,6.01,5.89,5.98,1323195.0
2025-06-17,5.93,5.945,5.845,5.88,871066.0
2025-06-18,5.83,5.875,5.8009,5.85,1007162.0
2025-06-20,5.8,5.825,5.755,5.76,1879315.0
2025-06-23,5.62,5.63,5.54,5.61,949088.0
2025-06-24,5.79,5.895,5.7893,5.89,985459.0
2025-06-25,5.9,5.935,5.89,5.9,622700.0
2025-06-26,5.67,5.71,5.64,5.71,1241752.0
2025-06-27,5.63,5.709,5.62,5.67,2067087.0
2025-06-30,5.94,6.07,5.94,6.05,984046.0
2025-07-01,6.12,6.26,6.12,6.22,1329988.0
2025-07-02,6.19,6.225,6.135,6.19,1015371.0
2025-07-03,6.24,6.31,6.2,6.23,977569.0
2025-07-07,6.11,6.121,6.0,6.04,938515.0
2025-07-08,5.98,5.98,5.87,5.91,925572.0
2025-07-09,5.93,6.01,5.92,5.99,1328613.0
2025-07-10,5.94,5.96,5.84,5.84,772529.0
2025-07-11,5.84,5.845,5.785,5.82,821114.0
2025-07-14,5.82,5.84,5.77,5.79,630062.0
2025-07-15,5.81,5.81,5.72,5.76,803994.0
2025-07-16,5.75,5.825,5.73,5.78,675991.0
2025-07-17,5.84,5.84,5.75,5.78,903012.0
2025-07-18,5.81,5.83,5.77,5.77,487762.0
2025-07-21,5.83,5.875,5.82,5.82,558630.0
2025-07-22,5.84,5.86,5.8,5.82,366727.0
2025-07-23,5.81,5.9,5.79,5.89,364787.0
2025-07-24,5.85,5.86,5.74,5.75,850724.0
2025-07-25,5.73,5.73,5.64,5.68,866212.0
2025-07-28,5.65,5.65,5.605,5.64,752053.0
2025-07-29,5.63,5.64,5.55,5.56,502919.0
2025-07-30,5.68,5.73,5.635,5.65,833038.0
2025-07-31,5.69,5.69,5.62,5.62,816083.0
2025-08-01,5.58,5.665,5.58,5.59,801570.0
2025-08-04,5.67,5.685,5.65,5.66,500160.0
2025-08-05,5.66,5.7,5.66,5.7,466793.0
2025-08-06,5.69,5.73,5.67,5.69,304500.0
2025-08-07,5.74,5.88,5.74,5.86,467858.0
2025-08-08,5.86,5.99,5.83,5.91,900132.0
2025-08-11,5.93,5.97,5.915,5.96,404383.0
2025-08-12,5.97,6.05,5.97,6.02,245908.0
2025-08-13,6.02,6.07,5.98,6.06,419729.0
2025-08-14,5.84,5.88,5.76,5.78,662247.0
2025-08-15,5.82,5.85,5.79,5.84,402938.0
2025-08-18,5.81,5.87,5.78,5.86,857263.0
2025-08-19,5.8,5.895,5.8,5.86,742295.0
2025-08-20,5.95,6.025,5.95,5.96,828313.0
2025-08-21,6.04,6.095,6.03,6.08,785484.0
2025-08-22,6.02,6.06,5.99,6.03,914765.0
2025-08-25,6.06,6.115,6.06,6.08,559660.0
2025-08-26,6.11,6.16,6.08,6.12,1055505.0
2025-08-27,6.14,6.2,6.115,6.18,1393547.0
2025-08-28,5.92,5.955,5.88,5.92,814344.0
2025-08-29,5.86,5.88,5.805,5.88,1140943.0
2025-09-02,5.54,5.62,5.47,5.62,2013631.0
2025-09-03,5.57,5.595,5.525,5.57,1073919.0
2025-09-04,5.55,5.58,5.53,5.58,1123064.0
2025-09-05,5.52,5.59,5.495,5.54,1331865.0
2025-09-08,5.44,5.45,5.405,5.43,1209550.0
2025-09-09,5.42,5.49,5.36,5.48,1384410.0
2025-09-10,5.44,5.51,5.4,5.5,2894850.0
2025-09-11,5.38,5.53,5.37,5.53,8072891.0
2025-09-12,5.38,5.59,5.35,5.58,7463614.0
2025-09-15,5.69,5.76,5.67,5.7,1719511.0
2025-09-16,5.76,5.88,5.76,5.86,2709481.0
2025-09-17,5.83,5.89,5.7911,5.87,4038066.0
2025-09-18,5.85,5.91,5.765,5.9,8389844.0
2025-09-19,5.9,6.04,5.885,6.03,4126489.0
2025-09-22,6.04,6.095,6.02,6.08,2439230.0
2025-09-23,6.03,6.11,6.0113,6.1,2272323.0
2025-09-24,6.03,6.11,6.02,6.09,2726309.0
2025-09-25,6.02,6.03,5.965,6.02,2505023.0
2025-09-26,5.88,5.96,5.825,5.94,4815950.0
2025-09-29,5.89,5.965,5.87,5.95,3302841.0
2025-09-30,5.9,6.02,5.8977,6.02,4465695.0
2025-10-01,6.09,6.12,6.03,6.12,2335444.0
2025-10-02,6.11,6.19,6.09,6.18,3435916.0
2025-10-03,5.98,5.99,5.8835,5.95,2987607.0
2025-10-06,5.93,6.0,5.9012,5.98,3602723.0
2025-10-07,6.06,6.09,6.025,6.08,1659095.0
2025-10-08,5.94,6.01,5.93,5.99,3966860.0
2025-10-09,6.06,6.1,6.025,6.05,4156776.0
2025-10-10,6.05,6.07,5.97,5.98,3108788.0
2025-10-13,5.98,5.99,5.86,5.91,2314104.0
2025-10-14,5.44,5.56,5.42,5.54,5291384.0
2025-10-15,5.65,5.7953,5.65,5.78,3092819.0
2025-10-16,5.79,5.81,5.695,5.81,2934814.0
2025-10-17,5.59,5.73,5.59,5.71,3485159.0
2025-10-20,5.76,5.84,5.745,5.82,1475703.0
2025-10-21,5.8,5.87,5.78,5.86,2480054.0
2025-10-22,5.89,5.92,5.875,5.88,2690360.0
2025-10-23,5.89,5.91,5.87,5.89,1135163.0
2025-10-24,6.08,6.115,6.04,6.05,1242716.0
2025-10-27,6.05,6.05,5.97,6.03,1866187.0
2025-10-28,6.01,6.05,5.9815,6.01,1192418.0
2025-10-29,6.05,6.06,6.0,6.03,1130849.0
2025-10-30,5.91,5.92,5.86,5.86,2578694.0
2025-10-31,5.94,5.99,5.93,5.99,978845.0
2025-11-03,5.82,5.86,5.805,5.84,1136370.0
2025-11-04,5.77,5.8,5.76,5.78,1554711.0
2025-11-05,5.84,5.89,5.84,5.85,811147.0
2025-11-06,6.06,6.1,6.02,6.02,1063479.0
2025-11-07,5.78,5.84,5.76,5.81,861835.0
2025-11-10,5.75,5.8,5.725,5.79,1058823.0
2025-11-11,5.64,5.76,5.6246,5.73,2620803.0
2025-11-12,5.7,5.79,5.69,5.76,1710991.0
2025-11-13,5.69,5.71,5.65,5.66,1216874.0
2025-11-14,5.53,5.61,5.5,5.58,1418334.0
2025-11-17,5.65,5.65,5.53,5.6,2335477.0
2025-11-18,5.56,5.64,5.56,5.62,2458917.0
2025-11-19,5.65,5.68,5.6301,5.65,1024375.0
2025-11-20,5.71,5.785,5.67,5.68,1452535.0
2025-11-21,5.58,5.68,5.57,5.68,1112959.0
2025-11-24,5.6,5.64,5.595,5.64,1087018.0
2025-11-25,5.59,5.63,5.575,5.62,1064375.0
2025-11-26,5.63,5.65,5.6,5.63,954155.0
2025-11-28,5.6,5.6,5.555,5.59,763297.0
