date,open,high,low,close,volume
2011-12-07,27.5,27.76,24.0,27.45,1413700.0
2011-12-08,26.06,27.78,25.759,26.55,719600.0
2011-12-09,27.93,28.0,26.7,27.91,716200.0
2011-12-12,28.28,28.28,27.0,27.45,393300.0
2011-12-13,28.53,28.53,27.01,27.5,452500.0
2011-12-14,28.19,28.19,26.85,27.12,444400.0
2011-12-15,27.87,29.1,27.6,28.33,1417600.0
2011-12-16,29.92,29.92,28.0,28.46,966700.0
2011-12-19,28.69,29.46,28.408,28.97,1048500.0
2011-12-20,29.5,30.62,29.47,30.25,2017200.0
2011-12-21,30.0,30.0,27.51,27.67,2871800.0
2011-12-22,27.12,27.6,23.99,24.53,6294100.0
2011-12-23,24.71,27.14,24.5,26.02,2744200.0
2011-12-27,25.36,26.1,24.63,25.94,2887400.0
2011-12-28,25.25,25.98,24.94,25.77,2098600.0
2011-12-29,25.54,25.66,24.79,24.82,2247300.0
2011-12-30,24.97,25.55,24.64,25.21,1798400.0
2012-01-03,26.15,27.35,26.105,26.63,3721800.0
2012-01-04,25.82,26.09,25.41,25.68,1681000.0
2012-01-05,24.57,25.82,24.57,25.52,1534700.0
2012-01-06,25.52,26.02,25.17,25.57,1484800.0
2012-01-09,25.74,26.77,25.65,26.26,1965300.0
2012-01-10,26.73,28.24,26.59,27.75,4177500.0
2012-01-11,26.69,28.22,26.56,27.79,1803300.0
2012-01-12,27.87,29.17,27.8,28.46,2005600.0
2012-01-13,28.22,29.77,27.93,29.51,1993400.0
2012-01-17,29.58,29.8,28.91,28.99,3210100.0
2012-01-18,28.69,29.43,28.52,29.03,1205200.0
2012-01-19,29.1,30.885,29.02,30.33,2712900.0
2012-01-20,30.42,30.49,29.82,30.4,1307600.0
2012-01-23,30.54,30.79,30.23,30.38,2565400.0
2012-01-24,30.14,30.75,29.97,30.69,1299100.0
2012-01-25,30.55,32.33,30.55,31.49,2349300.0
2012-01-26,31.48,31.94,30.46,31.05,1881500.0
2012-01-27,30.39,31.46,30.35,31.24,1227500.0
2012-01-30,30.96,31.84,30.64,31.64,904500.0
2012-01-31,30.84,33.04,30.84,32.91,1261100.0
2012-02-01,33.11,35.17,33.08,35.06,3610100.0
2012-02-02,35.28,35.6,33.83,34.88,2447800.0
2012-02-03,35.07,35.93,35.07,35.38,2993500.0
2012-02-06,35.35,35.75,35.06,35.15,1968000.0
2012-02-07,35.28,35.48,34.82,34.84,2235900.0
2012-02-08,34.78,34.97,33.02,34.34,3220900.0
2012-02-09,28.28,29.85,27.99,29.34,12923400.0
2012-02-10,29.02,30.89,28.65,30.04,3623600.0
2012-02-13,30.07,30.13,28.5,28.59,2396400.0
2012-02-14,28.7,28.788,26.929,27.63,4072100.0
2012-02-15,27.8,30.1,27.52,29.28,4922800.0
2012-02-16,29.27,30.65,28.73,30.4,2583300.0
2012-02-17,30.5,30.94,29.95,30.7,1939900.0
2012-02-21,30.61,30.74,30.12,30.67,2462700.0
2012-02-22,30.95,30.95,29.85,30.0,3275500.0
2012-02-23,30.0,30.69,29.56,30.59,2041700.0
2012-02-24,30.19,32.0,30.19,31.8,1904100.0
2012-02-27,31.38,32.08,31.14,31.91,1438400.0
2012-02-28,32.09,33.49,32.0,32.31,2442000.0
2012-02-29,32.32,32.43,31.67,32.23,1356200.0
2012-03-01,31.89,32.88,31.09,32.62,2641400.0
2012-03-02,32.37,33.09,32.04,32.45,1640400.0
2012-03-05,32.29,32.4099,31.81,31.97,648900.0
2012-03-06,31.5,31.8,30.8,31.42,1034800.0
2012-03-07,31.5,31.66,30.91,31.07,1478100.0
2012-03-08,31.2,31.79,31.14,31.26,1151700.0
2012-03-09,31.3,31.3499,30.56,30.7,705500.0
2012-03-12,30.73,31.06,30.5,30.7,1490800.0
2012-03-13,30.92,30.99,30.25,30.48,2280100.0
2012-03-14,30.4,31.0,30.23,30.99,1230200.0
2012-03-15,31.14,32.54,30.925,32.47,2319000.0
2012-03-16,32.51,34.92,31.99,34.0,4298000.0
2012-03-19,33.8,34.15,33.8,34.0,855800.0
2012-03-20,33.46,34.29,33.46,34.09,1064500.0
2012-03-21,34.17,34.4,33.35,33.77,1316200.0
2012-03-22,33.51,33.76,33.02,33.25,1047200.0
2012-03-23,33.01,33.36,32.8108,33.27,531200.0
2012-03-26,33.31,34.5,32.86,34.3,2182000.0
2012-03-27,34.3,36.05,33.9,35.29,2897800.0
2012-03-28,35.15,35.73,34.08,34.57,1842600.0
2012-03-29,34.25,35.1775,33.92,35.16,1575000.0
2012-03-30,35.28,36.86,35.27,35.67,3047000.0
2012-04-02,35.62,37.78,35.04,37.37,3569600.0
2012-04-03,37.42,37.59,36.54,36.59,1833000.0
2012-04-04,36.41,36.8,35.8,36.25,1635000.0
2012-04-05,36.04,36.9325,35.85,36.23,2259000.0
2012-04-09,35.56,35.83,35.16,35.5,1097200.0
2012-04-10,35.45,35.56,34.47,34.58,1154100.0
2012-04-11,35.01,35.4125,34.74,34.785,1014600.0
2012-04-12,34.84,35.47,34.75,35.1,1290800.0
2012-04-13,35.06,35.3599,34.39,34.5,559500.0
2012-04-16,34.63,34.84,33.74,33.83,918800.0
2012-04-17,34.16,35.18,33.98,35.0,1941400.0
2012-04-18,34.78,35.6,34.75,35.44,937400.0
2012-04-19,35.33,36.43,35.16,35.22,1065200.0
2012-04-20,35.35,35.66,34.94,35.02,1228300.0
2012-04-23,34.72,34.75,33.75,33.94,3340600.0
2012-04-24,33.79,34.2,33.23,33.38,927200.0
2012-04-25,33.73,34.1,33.53,33.69,1181900.0
2012-04-26,33.74,34.51,33.27,34.38,1977600.0
2012-04-27,36.24,37.85,35.88,36.87,5913200.0
2012-04-30,36.46,37.54,36.4,37.51,2465500.0
2012-05-01,36.38,37.89,36.07,36.53,4908600.0
2012-05-02,43.25,44.46,42.08,42.63,7645700.0
2012-05-03,42.63,43.5,40.24,40.9,3519600.0
2012-05-04,39.99,40.69,39.75,40.2,4765300.0
2012-05-07,39.8,40.98,39.8,40.97,3029100.0
2012-05-08,40.69,41.3,39.4,41.2,2288500.0
2012-05-09,40.54,41.08,40.1,40.68,1071200.0
2012-05-10,41.19,41.7,40.45,40.79,1546800.0
2012-05-11,40.57,42.05,40.5,41.73,1494900.0
2012-05-14,41.4,42.57,41.01,41.64,1306600.0
2012-05-15,41.81,43.09,41.47,42.65,2558300.0
2012-05-16,42.93,43.84,42.72,43.64,3112900.0
2012-05-17,43.69,43.73,40.73,41.03,2521900.0
2012-05-18,41.57,41.59,39.81,40.66,3278800.0
2012-05-21,40.87,42.63,40.33,42.17,2208700.0
2012-05-22,42.33,44.224,41.99,42.63,2271500.0
2012-05-23,42.21,45.82,41.91,45.15,3128000.0
2012-05-24,45.04,45.32,44.25,44.4,1650000.0
2012-05-25,44.53,45.23,44.515,45.0,2139200.0
2012-05-29,45.8,45.8,44.39,45.26,1567700.0
2012-05-30,44.88,44.88,42.71,43.16,2061700.0
2012-05-31,43.48,43.8499,42.14,42.88,2499100.0
2012-06-01,41.61,41.8,39.92,41.02,2355900.0
2012-06-04,41.16,41.62,40.12,41.49,1525100.0
2012-06-05,41.21,42.21,40.44,41.09,1301600.0
2012-06-06,40.86,43.81,40.86,42.99,2165700.0
2012-06-07,44.0,44.0,41.59,41.67,1862200.0
2012-06-08,42.01,43.15,41.56,43.02,1976700.0
2012-06-11,44.46,44.86,42.53,42.94,2273900.0
2012-06-12,43.04,45.07,42.8,45.018,2116600.0
2012-06-13,44.49,45.31,43.31,43.43,1474300.0
2012-06-14,43.63,44.567,42.7,44.05,957000.0
2012-06-15,44.18,44.45,43.5,44.38,1995900.0
2012-06-18,44.14,45.41,43.77,44.91,1449000.0
2012-06-19,45.0,45.12,43.63,44.24,1842000.0
2012-06-20,44.1,44.1,42.74,43.29,1370100.0
2012-06-21,43.53,43.8483,42.35,43.01,977800.0
2012-06-22,43.46,46.09,43.37,45.53,3595400.0
2012-06-25,44.76,45.39,43.98,44.07,1158500.0
2012-06-26,44.05,44.879,43.95,44.01,890600.0
2012-06-27,44.36,45.35,43.88,44.42,996800.0
2012-06-28,43.97,44.26,42.18,43.58,1209500.0
2012-06-29,44.74,46.3,44.13,44.69,1908900.0
2012-07-02,44.73,47.0,44.72,46.0,1814900.0
2012-07-03,46.02,46.17,44.7,46.05,562800.0
2012-07-05,46.09,47.44,45.71,46.27,1517900.0
2012-07-06,45.84,46.54,45.355,46.36,887100.0
2012-07-09,46.27,46.69,44.95,45.44,926100.0
2012-07-10,45.7,45.81,43.76,44.76,1248500.0
2012-07-11,44.96,45.47,43.98,44.28,923100.0
2012-07-12,43.695,44.54,43.26,43.88,1544400.0
2012-07-13,44.01,46.95,43.49,45.85,2290500.0
2012-07-16,45.91,46.2446,44.44,46.15,1010600.0
2012-07-17,47.0,47.03,45.37,45.52,1760700.0
2012-07-18,45.28,46.07,45.28,45.42,815300.0
2012-07-19,45.42,47.81,44.75,45.1,2613600.0
2012-07-20,45.33,46.4,44.81,44.9,2210600.0
2012-07-23,44.15,46.01,43.06,45.61,2383600.0
2012-07-24,46.25,46.38,43.14,43.47,6151600.0
2012-07-25,36.13,37.45,35.005,36.18,9251500.0
2012-07-26,36.765,37.01,34.03,35.04,6637500.0
2012-07-27,35.57,36.63,35.12,35.41,3029600.0
2012-07-30,35.52,36.18,35.252,36.01,2592100.0
2012-07-31,36.17,37.6,35.99,37.41,3158500.0
2012-08-01,37.47,37.82,36.305,36.57,2856800.0
2012-08-02,36.2,37.5,35.58,36.21,1661900.0
2012-08-03,36.57,37.03,35.91,36.68,2291800.0
2012-08-06,36.67,38.39,36.5,38.01,1985700.0
2012-08-07,38.45,39.0,38.24,38.66,2066600.0
2012-08-08,37.08,37.69,36.1,36.77,4031900.0
2012-08-09,36.92,37.12,36.1,36.18,1646400.0
2012-08-10,35.829,36.54,35.05,35.1,3806700.0
2012-08-13,35.27,35.29,32.8,33.52,9384300.0
2012-08-14,33.76,33.93,32.28,33.16,5752700.0
2012-08-15,33.2,34.72,32.51,33.96,4098600.0
2012-08-16,33.89,34.3,33.14,33.85,1992300.0
2012-08-17,33.66,33.735,32.37,33.45,3050900.0
2012-08-20,33.27,33.95,32.76,33.84,1842900.0
2012-08-21,33.96,34.748,33.71,34.05,2442900.0
2012-08-22,33.84,34.27,33.51,33.94,1716500.0
2012-08-23,33.73,34.12,33.48,33.54,2111800.0
2012-08-24,34.5,34.7,33.295,34.05,5589400.0
2012-08-27,34.29,34.34,33.89,33.97,737100.0
2012-08-28,33.88,34.44,33.635,34.26,2563100.0
2012-08-29,34.13,34.38,33.34,34.21,1701900.0
2012-08-30,34.13,34.33,33.635,33.71,976400.0
2012-08-31,33.98,34.26,33.28,33.44,1273500.0
2012-09-04,33.5,34.66,33.19,34.65,2225000.0
2012-09-05,34.61,35.92,34.6,35.4,2694000.0
2012-09-06,35.39,36.25,35.33,35.45,2343700.0
2012-09-07,35.46,35.78,35.23,35.61,1156100.0
2012-09-10,35.53,35.96,35.25,35.29,913100.0
2012-09-11,35.16,35.82,34.992,35.38,1408700.0
2012-09-12,35.58,35.95,35.11,35.25,1176700.0
2012-09-13,35.05,36.7,35.05,36.34,1885000.0
2012-09-14,36.47,36.975,36.02,36.06,2209100.0
2012-09-17,36.07,36.29,35.64,35.81,1526000.0
2012-09-18,35.81,36.1899,34.7,34.73,2077900.0
2012-09-19,34.96,35.19,34.0045,34.9,1784000.0
2012-09-20,34.84,34.85,33.82,34.48,1981700.0
2012-09-21,34.31,35.07,34.15,34.53,4039400.0
2012-09-24,34.53,34.53,33.47,33.7,2424400.0
2012-09-25,33.75,34.44,33.7,33.74,2135900.0
2012-09-26,33.85,34.09,33.05,33.24,1886400.0
2012-09-27,32.39,34.07,31.71,33.42,3641000.0
2012-09-28,33.38,33.4,32.57,32.93,2988400.0
2012-10-01,33.23,33.27,31.7,31.94,3920200.0
2012-10-02,32.0,32.66,31.8,32.39,1951800.0
2012-10-03,32.41,32.77,31.99,32.12,2502900.0
2012-10-04,32.64,33.45,32.15,33.4,1924400.0
2012-10-05,33.48,34.18,33.33,33.49,2723000.0
2012-10-08,33.28,34.16,33.15,33.57,1463000.0
2012-10-09,33.36,33.4381,32.45,32.52,2518400.0
2012-10-10,32.77,32.8,32.13,32.22,1935300.0
2012-10-11,32.68,32.68,30.97,31.15,3091000.0
2012-10-12,30.72,31.41,30.44,31.22,3370900.0
2012-10-15,31.28,31.5847,31.23,31.49,1787000.0
2012-10-16,31.69,31.9,31.14,31.18,1981800.0
2012-10-17,31.11,31.13,30.55,31.0877,3058100.0
2012-10-18,31.128,31.29,30.26,30.57,2785700.0
2012-10-19,30.4,30.48,29.06,29.93,3519600.0
2012-10-22,29.85,30.72,29.81,30.7,1389400.0
2012-10-23,30.14,31.84,30.13,31.5,2252900.0
2012-10-24,31.55,31.81,31.08,31.4,2110400.0
2012-10-25,31.61,31.65,30.445,30.78,2024700.0
2012-10-26,32.15,32.325,29.36,30.27,7092100.0
2012-10-31,30.73,30.99,29.7,30.29,5069300.0
2012-11-01,30.48,30.49,28.63,29.41,7728700.0
2012-11-02,35.01,35.95,34.64,35.1209,12211100.0
2012-11-05,34.7,34.995,34.14,34.45,2430600.0
2012-11-06,34.43,34.5,33.7,33.83,2094800.0
2012-11-07,34.01,34.42,32.95,34.0,3693500.0
2012-11-08,33.89,34.47,33.71,34.17,2536900.0
2012-11-09,33.72,35.045,32.5,34.31,4891400.0
2012-11-12,35.48,35.89,34.88,34.98,2787300.0
2012-11-13,34.7,35.67,34.31,35.54,1738900.0
2012-11-14,35.09,36.3499,35.09,35.64,2583300.0
2012-11-15,35.69,36.99,35.5,36.6,4309200.0
2012-11-16,36.54,38.7,36.51,38.03,4298900.0
2012-11-19,38.4,39.32,38.08,38.16,2747700.0
2012-11-20,38.09,38.39,37.05,37.28,2253600.0
2012-11-21,37.48,37.68,36.89,37.4,1836700.0
2012-11-23,37.64,38.0,36.96,38.0,581900.0
2012-11-26,38.0,38.09,37.46,37.91,767700.0
2012-11-27,38.03,38.04,37.39,37.77,702500.0
2012-11-28,37.63,37.97,37.16,37.9,990700.0
2012-11-29,37.96,38.21,37.55,37.87,1845200.0
2012-11-30,37.89,39.07,37.62,38.19,2961200.0
2012-12-03,38.24,38.38,37.5,37.7,3229000.0
2012-12-04,37.66,37.76,35.96,37.53,3610800.0
2012-12-05,37.35,38.96,37.35,38.37,2426400.0
2012-12-06,38.5,39.34,38.23,39.29,1858800.0
2012-12-07,39.1,39.69,38.35,38.59,1496700.0
2012-12-10,39.58,39.89,37.91,38.39,1933400.0
2012-12-11,47.0,47.0,40.64,40.91,12177200.0
2012-12-12,41.05,42.89,40.61,42.65,6426300.0
2012-12-13,42.91,43.15,42.02,42.71,3991100.0
2012-12-14,42.76,42.77,41.4,41.67,2446900.0
2012-12-17,41.86,43.65,41.31,43.45,4647900.0
2012-12-18,43.01,44.29,42.92,42.98,5502200.0
2012-12-19,43.1,44.29,42.85,43.41,1986500.0
2012-12-20,43.49,43.74,42.89,42.97,2640100.0
2012-12-21,42.79,42.79,41.48,41.97,2444900.0
2012-12-24,43.25,44.1015,42.13,42.25,1264100.0
2012-12-26,42.3,42.445,41.55,41.8,793200.0
2012-12-27,41.85,42.04,41.2901,41.93,785000.0
2012-12-28,41.73,41.98,41.29,41.34,653400.0
2012-12-31,41.34,42.27,40.88,41.92,2324700.0
2013-01-02,42.94,44.17,42.8,44.16,2106600.0
2013-01-03,44.09,44.5,43.45,43.91,1770400.0
2013-01-04,44.01,44.16,43.4,44.12,1052300.0
2013-01-07,44.03,45.33,43.75,45.12,1823800.0
2013-01-08,44.85,45.45,44.27,44.7151,2192300.0
2013-01-09,44.77,45.2,44.29,44.33,1261400.0
2013-01-10,44.38,44.6,42.77,43.49,2677000.0
2013-01-11,43.65,44.0,43.5,43.98,990200.0
2013-01-14,43.89,44.33,43.46,44.15,957100.0
2013-01-15,44.14,44.3,43.36,44.15,959400.0
2013-01-16,44.05,44.2,43.49,43.97,1241700.0
2013-01-17,43.98,44.568,43.53,44.09,1399900.0
2013-01-18,44.16,44.17,43.17,43.68,1901400.0
2013-01-22,43.59,44.38,43.31,44.32,1148900.0
2013-01-23,44.41,44.95,44.2,44.84,1236500.0
2013-01-24,44.78,45.72,44.59,44.82,1029100.0
2013-01-25,44.94,46.05,44.76,45.96,1657100.0
2013-01-28,46.34,47.77,46.02,46.5,2428300.0
2013-01-29,46.42,46.5525,45.65,45.9,1610000.0
2013-01-30,46.1,46.29,45.16,45.52,1364200.0
2013-01-31,45.43,46.34,45.07,46.28,1284700.0
2013-02-01,46.29,46.57,45.635,46.3,1772500.0
2013-02-04,46.09,46.78,45.56,45.64,1279400.0
2013-02-05,45.86,46.91,45.7,46.84,1237400.0
2013-02-06,47.05,49.35,46.82,47.0,4129900.0
2013-02-07,47.02,47.03,45.66,46.85,1991500.0
2013-02-08,46.82,47.42,46.48,47.02,913400.0
2013-02-11,47.13,47.2,46.0,46.23,1232200.0
2013-02-12,46.22,46.87,45.84,46.66,1813200.0
2013-02-13,46.79,47.78,46.64,46.9,2629000.0
2013-02-14,42.58,44.86,42.04,43.55,7033500.0
2013-02-15,43.6,45.42,43.5,44.415,2817100.0
2013-02-19,44.49,44.49,43.31,43.52,1607100.0
2013-02-20,43.53,43.55,42.68,42.76,1231100.0
2013-02-21,42.2,43.47,42.2,42.94,1498600.0
2013-02-22,43.11,44.09,42.9,43.85,1986000.0
2013-02-25,44.13,44.77,43.5,43.64,1846900.0
2013-02-26,43.68,44.21,43.44,43.73,1138100.0
2013-02-27,44.15,45.56,44.1,45.27,2194800.0
2013-02-28,45.24,45.735,44.58,45.536,1993300.0
2013-03-01,45.42,45.94,44.59,45.62,2159200.0
2013-03-04,45.42,45.66,44.75,45.51,1841700.0
2013-03-05,45.79,47.84,45.65,47.68,2586800.0
2013-03-06,48.0,50.88,47.9,48.63,4827100.0
2013-03-07,48.59,51.15,48.1,50.59,3630400.0
2013-03-08,50.77,51.34,50.56,51.03,1531800.0
2013-03-11,51.09,51.63,50.2581,51.4,1223200.0
2013-03-12,51.34,51.605,50.61,51.15,1781400.0
2013-03-13,51.14,52.61,50.77,52.39,2037600.0
2013-03-14,52.5,53.41,52.13,52.59,1482400.0
2013-03-15,52.47,53.73,52.23,52.4,2655900.0
2013-03-18,52.12,53.41,51.7,52.43,1098100.0
2013-03-19,52.51,53.3528,51.57,52.3,1256300.0
2013-03-20,52.47,53.45,52.47,53.24,1319000.0
2013-03-21,52.56,53.0,51.64,51.75,2136400.0
2013-03-22,52.06,52.58,51.96,52.5,1077200.0
2013-03-25,52.93,53.5,52.13,52.24,901400.0
2013-03-26,53.22,53.22,51.93,52.44,1256100.0
2013-03-27,52.03,52.73,51.36,52.2,896700.0
2013-03-28,52.24,52.9,52.14,52.52,1034300.0
2013-04-01,52.53,54.14,51.48,51.7,1695700.0
2013-04-02,51.75,51.75,50.13,50.51,2715200.0
2013-04-03,50.62,50.62,48.754,49.11,2461100.0
2013-04-04,48.87,49.8,48.65,49.52,1364800.0
2013-04-05,49.03,49.51,48.29,48.88,1439900.0
2013-04-08,48.86,49.48,48.27,48.68,1272600.0
2013-04-09,48.7,49.04,48.18,48.29,1314600.0
2013-04-10,48.66,50.18,48.41,50.07,2281300.0
2013-04-11,50.18,52.35,50.11,51.89,1987700.0
2013-04-12,51.85,52.69,51.6,52.49,1101900.0
2013-04-15,52.82,53.5004,51.1,51.56,3201700.0
2013-04-16,51.9,52.97,51.85,52.94,1565600.0
2013-04-17,52.14,52.54,51.08,52.172,1698500.0
2013-04-18,52.19,52.45,50.95,51.35,1214400.0
2013-04-19,51.23,51.82,50.62,51.09,779400.0
2013-04-22,51.29,51.55,50.34,51.09,742900.0
2013-04-23,51.41,52.549,51.37,52.3,789600.0
2013-04-24,52.11,52.61,51.0,51.34,1115500.0
2013-04-25,51.33,53.39,51.3,53.01,2121800.0
2013-04-26,53.75,54.8,52.83,53.72,3038000.0
2013-04-29,53.69,54.0,52.25,53.07,1898200.0
2013-04-30,53.07,53.5,52.38,52.58,1842600.0
2013-05-01,52.53,53.0,51.88,52.11,1115600.0
2013-05-02,51.9,53.54,51.9,53.51,1271900.0
2013-05-03,54.21,55.64,54.0,55.3,2378100.0
2013-05-06,55.26,55.55,54.83,55.17,1972600.0
2013-05-07,55.94,56.7999,54.07,55.01,2896000.0
2013-05-08,53.34,54.57,51.72,52.49,4386200.0
2013-05-09,52.58,53.1,51.7625,51.99,2300900.0
2013-05-10,52.19,54.3,52.15,53.84,2088300.0
2013-05-13,53.68,55.31,53.291,54.79,1785500.0
2013-05-14,55.04,58.38,54.81,58.01,3802200.0
2013-05-15,58.0,60.26,57.91,59.36,2893500.0
2013-05-16,59.53,60.39,58.65,59.03,2265700.0
2013-05-17,59.64,60.48,59.254,59.88,2675400.0
2013-05-20,60.07,63.01,59.895,62.63,3039500.0
2013-05-21,62.7,63.22,61.889,62.34,1773600.0
2013-05-22,62.26,63.57,61.0,61.51,2051300.0
2013-05-23,61.055,62.55,59.07,62.06,1479600.0
2013-05-24,61.73,62.02,60.8,61.69,1454600.0
2013-05-28,62.57,64.37,62.01,64.3,2532800.0
2013-05-29,63.97,64.9,63.12,63.56,1783600.0
2013-05-30,63.77,64.1,63.14,63.99,1248400.0
2013-05-31,63.92,65.41,63.76,64.49,6723400.0
2013-06-03,63.15,63.73,60.93,62.06,4068800.0
2013-06-04,62.43,63.9076,61.81,62.19,2868300.0
2013-06-05,62.18,62.69,61.25,61.52,1026700.0
2013-06-06,61.71,62.03,60.73,62.03,1486300.0
2013-06-07,62.62,64.17,62.4,64.05,1090300.0
2013-06-10,64.17,64.49,63.57,64.31,932000.0
2013-06-11,63.95,65.1016,63.42,63.86,907900.0
2013-06-12,64.48,64.82,63.18,63.18,1419100.0
2013-06-13,63.59,64.54,63.2,64.51,1208100.0
2013-06-14,64.38,64.84,63.67,63.75,1244100.0
2013-06-17,64.18,65.04,63.6,64.36,2113900.0
2013-06-18,64.19,65.2,63.72,63.85,1659700.0
2013-06-19,63.41,64.85,63.37,63.77,973200.0
2013-06-20,62.7,63.69,61.32,61.52,1496600.0
2013-06-21,61.86,62.295,60.101,60.28,2821800.0
2013-06-24,59.48,61.23,58.74,60.68,1454700.0
2013-06-25,61.12,61.83,60.79,61.53,926900.0
2013-06-26,62.35,63.02,60.76,61.91,2344800.0
2013-06-27,62.17,62.72,60.55,60.84,2360100.0
2013-06-28,60.76,61.56,60.47,60.87,4314600.0
2013-07-01,61.45,61.775,60.11,61.07,2544100.0
2013-07-02,60.91,61.13,60.0,60.23,1817200.0
2013-07-03,59.56,60.85,59.54,60.79,1203400.0
2013-07-05,60.85,61.74,60.37,61.7,1602300.0
2013-07-08,62.0,63.47,61.88,63.16,2060600.0
2013-07-09,63.54,63.75,62.24,62.74,1302200.0
2013-07-10,62.74,63.01,60.52,61.93,1746900.0
2013-07-11,62.34,62.56,59.74,60.44,2705300.0
2013-07-12,60.33,61.49,60.11,61.05,1265400.0
2013-07-15,61.35,61.35,60.09,60.45,807800.0
2013-07-16,60.67,60.95,59.85,60.62,1416200.0
2013-07-17,60.94,61.335,60.2,61.09,1037200.0
2013-07-18,61.61,62.969,61.5,62.27,1269600.0
2013-07-19,62.37,62.39,60.25,60.62,1249000.0
2013-07-22,61.11,61.27,60.27,60.65,1283900.0
2013-07-23,60.98,61.29,60.03,60.66,1400000.0
2013-07-24,60.6,62.15,60.41,61.14,2704000.0
2013-07-25,69.88,72.26,68.71,71.1,5496900.0
2013-07-26,70.46,74.86,70.46,73.95,2980500.0
2013-07-29,73.49,74.74,72.01,73.29,1308600.0
2013-07-30,73.94,74.66,73.27,73.27,1014200.0
2013-07-31,73.71,76.2,73.59,75.02,1814400.0
2013-08-01,75.78,76.93,75.14,75.894,1193400.0
2013-08-02,75.9,76.27,74.92,75.79,1053300.0
2013-08-05,75.96,78.04,75.83,78.01,1008500.0
2013-08-06,78.2,80.69,77.43,79.28,2520200.0
2013-08-07,78.89,78.99,76.325,77.99,1352900.0
2013-08-08,78.55,80.54,78.481,79.71,1081300.0
2013-08-09,80.9,81.49,80.0091,80.94,1429000.0
2013-08-12,80.76,82.195,80.03,81.26,1113800.0
2013-08-13,81.5,81.7,79.68,80.96,933200.0
2013-08-14,80.61,81.99,72.88,73.55,6889900.0
2013-08-15,71.53,72.16,69.56,70.52,4459600.0
2013-08-16,70.29,72.48,69.19,70.99,2405000.0
2013-08-19,71.15,72.29,69.22,69.26,1408300.0
2013-08-20,69.36,70.2,68.84,69.81,1230000.0
2013-08-21,69.49,71.249,69.425,70.2,1022100.0
2013-08-22,70.39,71.43,70.0,71.21,869700.0
2013-08-23,71.65,72.62,70.91,71.87,1225200.0
2013-08-26,71.72,72.64,71.5004,72.25,1137200.0
2013-08-27,71.21,71.7825,70.601,71.08,1403400.0
2013-08-28,71.51,73.16,71.16,72.52,1119500.0
2013-08-29,72.32,74.61,71.28,74.18,1009100.0
2013-08-30,74.64,74.67,72.6,73.97,1054000.0
2013-09-03,74.9,75.31,72.76,73.82,1132500.0
2013-09-04,74.02,74.963,73.3228,74.74,602600.0
2013-09-05,74.61,75.73,74.17,74.67,1000800.0
2013-09-06,74.96,75.47,73.05,74.11,1012000.0
2013-09-09,74.53,75.2,74.29,74.5,1198700.0
2013-09-10,74.25,74.64,72.25,72.62,2319300.0
2013-09-11,72.53,74.4,72.42,73.79,1645600.0
2013-09-12,73.93,75.9,73.85,74.49,1258000.0
2013-09-13,74.37,74.37,72.42,72.82,1291000.0
2013-09-16,73.83,74.16,72.56,72.6,745800.0
2013-09-17,73.4,73.46,72.1101,72.93,853600.0
2013-09-18,73.14,74.61,72.5,73.922,1645500.0
2013-09-19,74.32,75.0,73.14,74.27,1196300.0
2013-09-20,74.27,79.08,74.2547,75.12,4442400.0
2013-09-23,77.0,78.1653,73.54,74.3,2376600.0
2013-09-24,74.15,75.74,73.121,75.3,1212700.0
2013-09-25,75.29,75.92,74.06,74.78,1245500.0
2013-09-26,74.99,75.89,74.58,75.3,883800.0
2013-09-27,75.0,76.09,74.1,75.85,1048800.0
2013-09-30,74.72,76.61,74.16,75.84,1339300.0
2013-10-01,75.74,78.6,75.3,78.5,1755500.0
2013-10-02,78.15,79.79,77.61,79.66,1779300.0
2013-10-03,79.51,79.89,77.305,78.66,1705700.0
2013-10-04,78.35,79.459,78.0,78.41,1706600.0
2013-10-07,77.89,78.0,75.66,75.85,1752000.0
2013-10-08,75.74,75.83,70.87,71.7,2973200.0
2013-10-09,71.22,72.07,68.115,70.67,2673600.0
2013-10-10,71.88,72.82,70.15,72.27,2368100.0
2013-10-11,72.35,74.38,72.12,74.01,2875400.0
2013-10-14,73.4,75.07,72.54,75.01,3288400.0
2013-10-15,75.23,75.43,73.5,73.87,3511200.0
2013-10-16,74.41,75.35,73.75,75.0,2524700.0
2013-10-17,74.84,74.84,72.08,72.74,2517700.0
2013-10-18,73.13,73.5,71.6,71.866,2557300.0
2013-10-21,72.1,74.15,72.05,74.11,2517600.0
2013-10-22,75.6,77.3,73.14,75.5,3555900.0
2013-10-23,75.05,75.98,73.15,75.21,4724600.0
2013-10-24,72.0,75.15,69.329,74.85,10534800.0
2013-10-25,75.3,77.57,74.955,76.98,3246200.0
2013-10-28,76.89,78.22,75.88,77.79,2266300.0
2013-10-29,77.85,82.35,77.5101,82.26,3277500.0
2013-10-30,82.48,83.0,79.63,80.22,3152600.0
2013-10-31,81.5,84.64,81.2,82.715,3513300.0
2013-11-01,83.08,84.1,82.21,83.38,1793100.0
2013-11-04,84.0,88.409,83.42,88.22,3270900.0
2013-11-05,88.06,89.47,86.35,88.07,2781100.0
2013-11-06,88.01,88.679,86.1,86.61,1919700.0
2013-11-07,86.53,87.0,80.6939,83.88,3475700.0
2013-11-08,84.09,85.9,83.17,84.48,1939800.0
2013-11-11,84.4,85.959,83.77,85.02,1754400.0
2013-11-12,84.94,85.22,83.645,84.9,1881000.0
2013-11-13,84.85,87.6,83.5785,87.488,2465100.0
2013-11-14,87.62,89.18,87.16,89.18,2412000.0
2013-11-15,89.76,90.43,87.26,87.77,2300300.0
2013-11-18,87.64,89.21,86.52,87.42,1852400.0
2013-11-19,87.21,88.98,86.6,87.51,1376000.0
2013-11-20,87.92,88.55,86.7401,87.13,915000.0
2013-11-21,87.27,88.3699,87.02,87.27,1261700.0
2013-11-22,87.5,88.392,87.01,87.4,1082600.0
2013-11-25,87.88,88.47,86.07,86.61,1170900.0
2013-11-26,86.48,88.2,85.23,87.38,1703100.0
2013-11-27,87.38,88.94,87.29,88.31,740000.0
2013-11-29,88.69,89.455,88.23,88.32,431000.0
2013-12-02,88.25,89.57,86.9,87.54,1186100.0
2013-12-03,87.17,87.62,85.29,85.92,1430400.0
2013-12-04,85.32,86.84,84.521,85.13,1933100.0
2013-12-05,85.11,87.63,84.72,85.54,1473000.0
2013-12-06,86.76,87.97,84.67,85.61,1631800.0
2013-12-09,85.75,87.0,84.13,84.77,2298400.0
2013-12-10,84.82,85.9,84.52,84.98,1746800.0
2013-12-11,84.86,85.258,82.315,82.79,1754600.0
2013-12-12,82.84,83.91,82.13,82.6,2181200.0
2013-12-13,82.71,83.32,81.27,81.38,1596800.0
2013-12-16,82.05,83.2,81.54,81.89,1858900.0
2013-12-17,80.63,81.634,79.73,80.9,2356200.0
2013-12-18,80.9,81.6,78.67,81.41,3046000.0
2013-12-19,81.4,82.88,81.27,82.02,1413100.0
2013-12-20,82.44,83.7,81.63,83.13,6376000.0
2013-12-23,83.78,83.8,82.55,83.4,936900.0
2013-12-24,83.58,83.65,82.1,82.82,583800.0
2013-12-26,82.95,84.12,82.85,83.47,1369300.0
2013-12-27,83.82,83.8896,81.45,81.64,892500.0
2013-12-30,81.46,81.98,80.76,81.67,801200.0
2013-12-31,81.84,82.89,81.38,82.83,814100.0
2014-01-02,82.48,82.5,79.4,80.48,1995600.0
2014-01-03,80.5,81.34,79.71,80.92,1284500.0
2014-01-06,80.82,81.09,79.35,80.38,1631100.0
2014-01-07,80.03,85.58,80.03,84.91,2535600.0
2014-01-08,84.76,85.63,84.28,85.15,1455400.0
2014-01-09,85.72,86.25,84.19,85.17,1389100.0
2014-01-10,85.4,86.8,85.15,86.8,2071500.0
2014-01-13,86.43,86.83,83.68,84.45,1885100.0
2014-01-14,82.87,84.68,82.3617,84.31,1265500.0
2014-01-15,85.38,85.38,83.21,84.34,1197900.0
2014-01-16,84.26,84.87,83.27,84.76,1057300.0
2014-01-17,84.63,85.9,83.78,83.9,1364700.0
2014-01-21,84.66,85.16,81.26,81.5,1834600.0
2014-01-22,81.72,82.87,81.71,82.47,1898400.0
2014-01-23,82.07,82.15,80.74,81.34,1629500.0
2014-01-24,80.44,81.4215,80.25,80.36,2297400.0
2014-01-27,80.34,80.79,77.05,77.91,2300700.0
2014-01-28,77.43,78.73,76.78,77.77,1719700.0
2014-01-29,77.07,78.1,76.22,76.67,1633600.0
2014-01-30,77.68,78.67,76.9,77.79,1198400.0
2014-01-31,76.17,78.13,75.56,77.19,1841100.0
2014-02-03,76.94,77.47,72.57,73.91,2128800.0
2014-02-04,74.11,76.6,73.7,76.37,2364900.0
2014-02-05,76.27,76.53,74.69,76.16,2018600.0
2014-02-06,76.22,77.34,75.08,77.14,2151500.0
2014-02-07,79.91,85.42,79.85,84.45,5212500.0
2014-02-10,84.05,84.76,82.37,84.05,2585300.0
2014-02-11,85.19,85.19,83.0575,84.2,4589200.0
2014-02-12,87.95,93.13,87.6,90.27,9546600.0
2014-02-13,89.28,92.47,88.72,92.3,2880100.0
2014-02-14,91.94,92.29,90.94,91.25,2235900.0
2014-02-18,91.19,93.86,90.56,93.35,1989200.0
2014-02-19,92.87,95.0,92.844,93.761,1890200.0
2014-02-20,94.11,96.91,94.11,96.8,2303700.0
2014-02-21,96.85,97.97,96.215,96.92,1970500.0
2014-02-24,97.0,98.47,96.5,98.26,1307600.0
2014-02-25,98.58,102.695,97.82,101.04,2384300.0
2014-02-26,101.73,102.65,99.21,100.18,1879500.0
2014-02-27,100.19,100.798,99.55,99.72,1396200.0
2014-02-28,100.66,102.85,98.58,100.24,2071300.0
2014-03-03,98.81,100.704,98.1905,100.55,1550400.0
2014-03-04,102.99,107.24,102.551,106.89,2646300.0
2014-03-05,106.74,107.78,105.85,107.3,2297300.0
2014-03-06,107.81,108.73,107.05,108.38,2442800.0
2014-03-07,109.38,109.46,106.53,108.06,2361500.0
2014-03-10,109.16,109.79,106.9,107.54,1478100.0
2014-03-11,107.96,107.96,104.0,104.73,1774900.0
2014-03-12,104.34,107.179,102.54,106.69,2186600.0
2014-03-13,107.28,107.77,102.1085,103.21,1621700.0
2014-03-14,102.82,105.29,102.23,102.95,1618000.0
2014-03-17,104.81,106.9,104.46,104.53,1599000.0
2014-03-18,104.53,106.61,104.3585,105.2,963400.0
2014-03-19,105.03,105.54,102.89,103.76,1338500.0
2014-03-20,103.68,105.25,102.59,103.36,1331500.0
2014-03-21,103.61,104.74,101.4,101.51,1865300.0
2014-03-24,101.85,102.67,96.05,97.58,2403900.0
2014-03-25,98.38,99.75,95.31,96.48,1677500.0
2014-03-26,97.0,97.04,92.41,92.71,2182500.0
2014-03-27,92.26,92.34,88.82,89.95,3591700.0
2014-03-28,89.64,92.14,89.08,90.05,2143700.0
2014-03-31,90.56,92.19,90.07,90.59,1645800.0
2014-04-01,91.23,95.78,90.75,95.55,2617500.0
2014-04-02,95.4,96.33,94.02,95.16,1681100.0
2014-04-03,95.26,96.18,90.82,91.3,1874100.0
2014-04-04,92.19,92.48,83.76,85.69,5284100.0
2014-04-07,85.22,85.49,80.59,83.36,4267100.0
2014-04-08,83.47,87.74,82.79,86.07,3630100.0
2014-04-09,86.18,88.61,85.13,88.11,2471800.0
2014-04-10,87.69,87.96,81.78,81.9,2852500.0
2014-04-11,80.27,82.91,77.68,78.99,3103000.0
2014-04-14,80.15,80.76,78.03,79.77,2133500.0
2014-04-15,80.44,84.08,80.04,83.3,3750300.0
2014-04-16,84.12,86.94,83.39,84.8,2340600.0
2014-04-17,84.31,86.64,83.68,85.68,2320200.0
2014-04-21,85.83,85.91,84.04,84.8,1241000.0
2014-04-22,85.11,87.3,85.01,85.77,1390900.0
2014-04-23,85.93,86.05,82.96,83.28,1322800.0
2014-04-24,84.37,84.46,81.38,83.48,2129400.0
2014-04-25,82.6,83.0,77.12,77.39,3627600.0
2014-04-28,78.34,80.56,75.13,77.28,4101300.0
2014-04-29,78.47,81.58,77.19,80.83,2930900.0
2014-04-30,80.11,81.34,78.91,80.74,2291600.0
2014-05-01,81.51,84.88,81.5,83.5,2373200.0
2014-05-02,83.63,85.571,82.21,82.6,2030200.0
2014-05-05,82.02,84.87,81.4,84.71,2783200.0
2014-05-06,85.22,85.93,80.4225,81.37,5609100.0
2014-05-07,83.95,86.16,80.16,83.99,7148100.0
2014-05-08,82.26,85.94,81.62,83.22,3343100.0
2014-05-09,82.71,84.88,82.67,84.58,1872600.0
2014-05-12,85.4,90.71,85.07,89.51,4326700.0
2014-05-13,89.34,89.51,85.93,86.09,2402400.0
2014-05-14,86.12,86.96,84.07,84.19,2054700.0
2014-05-15,84.08,84.17,81.43,83.61,2521600.0
2014-05-16,83.45,83.74,80.27,82.16,3007200.0
2014-05-19,82.15,86.6,81.9,86.41,2177800.0
2014-05-20,86.05,88.59,85.14,85.87,2959500.0
2014-05-21,86.52,88.345,85.4,88.16,1659200.0
2014-05-22,88.39,91.34,87.17,91.01,2366300.0
2014-05-23,91.13,94.93,90.1,94.42,2531000.0
2014-05-27,94.78,96.749,94.17,95.42,1978500.0
2014-05-28,95.04,95.999,94.2,95.19,1563900.0
2014-05-29,95.92,98.36,95.55,98.2,1770100.0
2014-05-30,98.39,98.62,96.38,97.17,1884100.0
2014-06-02,99.97,100.0,97.26,97.77,1674900.0
2014-06-03,97.22,98.31,95.82,98.0,1620000.0
2014-06-04,97.65,99.59,96.27,99.35,1464000.0
2014-06-05,99.5,103.32,98.77,103.03,3390100.0
2014-06-06,103.14,104.47,102.1,104.05,2085900.0
2014-06-09,104.05,104.2,103.07,103.7,1890600.0
2014-06-10,103.82,104.56,102.22,102.68,1416200.0
2014-06-11,102.43,104.12,101.38,103.52,1376400.0
2014-06-12,104.08,104.25,101.14,101.72,1760300.0
2014-06-13,103.19,103.93,100.76,101.98,2106200.0
2014-06-16,102.0,104.11,101.27,103.97,1595900.0
2014-06-17,104.28,106.5,104.05,104.57,1620600.0
2014-06-18,104.68,105.39,103.03,105.24,1216000.0
2014-06-19,105.88,106.0,101.75,102.98,1237000.0
2014-06-20,103.31,104.61,102.5,103.53,2072800.0
2014-06-23,103.69,104.31,102.17,103.87,1225300.0
2014-06-24,103.59,107.43,103.21,104.68,2149100.0
2014-06-25,104.3,108.63,104.031,108.5,1605400.0
2014-06-26,108.2,108.88,106.6,107.87,1680100.0
2014-06-27,107.66,110.4,107.02,110.21,1586300.0
2014-06-30,110.01,111.24,108.02,108.66,1770100.0
2014-07-01,109.13,109.79,107.9,109.01,1702700.0
2014-07-02,109.0,110.22,107.69,108.12,880900.0
2014-07-03,108.92,109.48,107.76,109.18,952200.0
2014-07-07,109.08,109.14,107.24,107.41,1056300.0
2014-07-08,107.64,107.64,100.61,101.45,2826100.0
2014-07-09,102.01,103.59,101.47,103.52,1921000.0
2014-07-10,100.88,104.36,100.44,103.35,1357500.0
2014-07-11,103.64,105.34,103.34,104.78,916500.0
2014-07-14,103.99,104.205,101.55,104.05,2520000.0
2014-07-15,104.34,104.49,101.78,102.68,1234100.0
2014-07-16,103.32,104.76,101.5,101.96,1201400.0
2014-07-17,101.25,103.74,100.76,101.15,1519800.0
2014-07-18,102.05,104.31,101.58,104.17,1117900.0
2014-07-21,103.57,104.11,101.46,103.14,1223000.0
2014-07-22,104.38,105.33,103.17,104.17,1483800.0
2014-07-23,103.65,107.67,103.65,107.36,3927100.0
2014-07-24,97.0,102.99,95.2605,101.79,10669900.0
2014-07-25,101.81,102.86,98.11,99.88,2506700.0
2014-07-28,100.14,100.8,98.8,99.3,1644400.0
2014-07-29,99.46,100.11,98.87,99.21,1305600.0
2014-07-30,99.98,100.44,98.89,100.02,1220800.0
2014-07-31,98.94,98.94,94.17,94.84,2465600.0
2014-08-01,94.49,95.25,91.78,93.87,2416800.0
2014-08-04,94.16,95.75,93.88,94.79,1527700.0
2014-08-05,94.32,95.4,93.35,94.07,1225700.0
2014-08-06,93.44,95.609,93.27,94.03,909300.0
2014-08-07,94.45,96.64,94.05,94.45,1144200.0
2014-08-08,94.92,95.49,93.74,95.29,875600.0
2014-08-11,95.62,96.31,94.34,95.63,1061900.0
2014-08-12,95.79,96.74,93.87,94.75,1053700.0
2014-08-13,95.59,97.63,94.9152,96.84,1146900.0
2014-08-14,96.84,97.35,96.04,96.97,850500.0
2014-08-15,98.25,98.5,95.78,97.1,1352100.0
2014-08-18,97.56,98.5,97.26,97.96,743600.0
2014-08-19,98.0,98.39,96.13,97.37,1066300.0
2014-08-20,97.46,98.39,96.54,98.15,1109500.0
2014-08-21,98.02,98.15,96.95,97.9,861600.0
2014-08-22,98.27,103.1,97.05,101.99,2013700.0
2014-08-25,102.53,104.19,102.08,103.79,1981200.0
2014-08-26,104.33,105.2243,103.56,104.51,1110700.0
2014-08-27,104.07,104.439,101.55,101.78,1153000.0
2014-08-28,101.15,101.25,98.25,99.37,2175100.0
2014-08-29,99.71,100.78,98.71,99.09,1154400.0
2014-09-02,99.59,99.96,98.45,99.44,1425200.0
2014-09-03,100.14,100.23,98.05,98.28,982700.0
2014-09-04,98.14,99.04,97.5,98.29,1468000.0
2014-09-05,99.4,99.5,97.82,98.26,1701300.0
2014-09-08,98.11,99.42,97.95,99.23,1737900.0
2014-09-09,99.0,100.0,96.345,96.37,2855900.0
2014-09-10,96.53,98.47,95.43,98.03,2491300.0
2014-09-11,97.32,98.63,97.15,98.5,1312400.0
2014-09-12,98.09,99.35,97.46,99.32,1671500.0
2014-09-15,99.23,99.75,94.33,95.22,1890400.0
2014-09-16,94.55,96.62,93.9,95.8,1397100.0
2014-09-17,96.02,96.63,94.825,96.01,1356500.0
2014-09-18,96.29,99.15,96.29,97.95,1507700.0
2014-09-19,98.29,99.57,97.41,98.37,1514300.0
2014-09-22,97.84,98.0,92.82,94.29,2893400.0
2014-09-23,93.96,94.59,92.25,92.95,1793800.0
2014-09-24,92.89,94.75,91.52,94.33,1706573.0
2014-09-25,94.23,94.6,91.065,91.19,1780679.0
2014-09-26,91.51,92.51,90.85,92.15,1420777.0
2014-09-29,91.22,91.88,90.65,90.8,1223610.0
2014-09-30,90.92,92.3,89.1,91.42,1876176.0
2014-10-01,91.01,91.08,88.91,89.49,2138525.0
2014-10-02,89.0,89.94,86.64,88.39,2714919.0
2014-10-03,89.31,90.05,88.62,88.63,3119272.0
2014-10-06,89.18,90.94,88.66,88.92,2890122.0
2014-10-07,88.36,89.18,86.95,86.96,3042931.0
2014-10-08,87.03,89.2,85.82,88.54,2137674.0
2014-10-09,88.75,88.86,84.9707,85.91,2456594.0
2014-10-10,85.35,85.95,82.47,82.59,2249397.0
2014-10-13,82.31,83.4,79.2,79.64,4664913.0
2014-10-14,80.06,81.15,77.47,78.97,3001371.0
2014-10-15,77.19,79.04,75.34,78.89,3103937.0
2014-10-16,76.7,79.98,76.24,79.52,1952951.0
2014-10-17,80.82,81.46,80.5,81.05,1818492.0
2014-10-20,80.76,84.04,80.76,83.54,1832542.0
2014-10-21,85.0,88.35,84.51,88.085,2858443.0
2014-10-22,88.1,88.49,85.89,85.92,1427304.0
2014-10-23,86.67,88.76,85.6,87.63,1365525.0
2014-10-24,87.26,88.41,86.63,88.25,880882.0
2014-10-27,87.54,88.2199,86.33,86.93,990678.0
2014-10-28,87.09,88.83,87.0,88.82,1015951.0
2014-10-29,88.6,88.63,86.77,87.38,1276923.0
2014-10-30,86.74,88.06,85.27,86.31,1535831.0
2014-10-31,88.63,89.67,87.31,88.66,1950783.0
2014-11-03,89.33,89.35,85.0,85.21,2787692.0
2014-11-04,83.66,84.97,82.62,83.79,4905733.0
2014-11-05,73.69,74.4895,71.05,71.95,14041082.0
2014-11-06,72.3,74.49,72.2,74.005,3842558.0
2014-11-07,74.17,74.37,72.8,73.65,1815430.0
2014-11-10,73.72,74.14,72.42,72.89,2006179.0
2014-11-11,72.81,73.265,68.88,69.99,4839667.0
2014-11-12,69.98,70.74,69.35,70.38,2515393.0
2014-11-13,70.6,71.69,68.44,69.02,2692951.0
2014-11-14,69.14,69.98,67.14,69.91,3302482.0
2014-11-17,69.65,70.1799,68.28,68.53,1981805.0
2014-11-18,68.31,70.48,68.31,70.21,3015802.0
2014-11-19,70.32,71.41,69.5,71.4,2793660.0
2014-11-20,71.43,72.28,70.76,71.45,2404878.0
2014-11-21,72.51,72.51,71.11,71.31,1867845.0
2014-11-24,71.85,72.18,70.87,71.815,1583897.0
2014-11-25,71.86,72.02,70.6501,71.86,1540749.0
2014-11-26,71.86,72.97,71.545,72.77,1634857.0
2014-11-28,72.84,74.29,72.83,73.65,1316015.0
2014-12-01,73.5,73.7,70.59,71.05,2255530.0
2014-12-02,72.0,76.97,71.75,76.68,5317340.0
2014-12-03,75.62,76.86,75.31,75.73,3306622.0
2014-12-04,75.75,77.94,75.2139,77.22,2893752.0
2014-12-05,77.58,77.86,76.87,77.14,2071150.0
2014-12-08,76.98,76.98,73.59,74.0,2945244.0
2014-12-09,73.19,74.37,72.5384,74.06,2288990.0
2014-12-10,74.02,74.635,72.15,72.44,2003029.0
2014-12-11,73.0,74.37,72.5,72.8,1923552.0
2014-12-12,72.07,73.6,71.5801,72.38,1458949.0
2014-12-15,73.2,73.69,71.91,72.19,1408452.0
2014-12-16,71.88,72.74,71.145,71.21,1787530.0
2014-12-17,71.38,72.632,71.0,72.53,1959996.0
2014-12-18,73.13,75.09,73.07,75.07,1843522.0
2014-12-19,75.3,75.93,74.84,75.65,2788308.0
2014-12-22,75.75,76.9,75.73,76.87,1733216.0
2014-12-23,77.1,77.409,75.61,75.89,2452159.0
2014-12-24,76.05,76.47,75.93,76.14,373031.0
2014-12-26,76.52,77.19,76.16,76.91,634592.0
2014-12-29,76.64,76.64,75.43,75.76,1365836.0
2014-12-30,75.29,76.37,75.0,75.49,1223323.0
2014-12-31,75.78,76.0,74.5,74.66,2063936.0
2015-01-02,75.57,76.12,73.68,74.59,1374583.0
2015-01-05,74.36,74.49,72.41,72.73,1994694.0
2015-01-06,72.67,73.0,68.84,70.01,2762999.0
2015-01-07,70.84,71.3,70.43,70.84,2017402.0
2015-01-08,69.4,73.56,69.355,73.26,1985376.0
2015-01-09,73.68,74.83,73.09,74.53,2134748.0
2015-01-12,74.7,74.982,70.81,71.45,2081089.0
2015-01-13,72.12,73.61,70.71,71.47,1521721.0
2015-01-14,70.81,71.23,68.27,69.73,2023729.0
2015-01-15,70.0,70.36,66.26,66.39,2220625.0
2015-01-16,66.17,68.28,66.04,68.18,1997598.0
2015-01-20,68.75,69.43,67.48,69.24,1614870.0
2015-01-21,69.0,69.95,68.72,69.35,1433238.0
2015-01-22,69.6,71.29,68.6401,71.12,1850063.0
2015-01-23,70.7,71.53,69.67,69.77,2147164.0
2015-01-26,69.65,70.01,69.07,69.32,1799927.0
2015-01-27,68.46,70.57,67.74,69.1,1674538.0
2015-01-28,69.47,69.99,67.85,67.93,1158190.0
2015-01-29,67.98,68.445,66.48,68.0,1488324.0
2015-01-30,67.39,68.12,66.27,67.01,1753957.0
2015-02-02,67.27,67.83,66.18,67.7,1257732.0
2015-02-03,69.0,70.97,68.57,70.81,2040623.0
2015-02-04,70.62,71.76,70.42,71.18,1724713.0
2015-02-05,71.32,71.59,70.53,70.58,1247068.0
2015-02-06,70.0,70.25,67.79,68.58,2854661.0
2015-02-09,68.15,69.22,68.09,68.47,3818002.0
2015-02-10,69.1,70.23,68.4,69.98,3410253.0
2015-02-11,69.75,70.1675,66.62,67.27,6311062.0
2015-02-12,77.11,84.7,77.0,82.4,12738383.0
2015-02-13,81.74,84.87,80.52,84.81,4572258.0
2015-02-17,84.84,84.88,83.88,84.26,3028991.0
2015-02-18,84.33,85.64,84.08,85.58,3931771.0
2015-02-19,85.92,89.11,85.815,88.66,4075279.0
2015-02-20,88.54,88.93,87.31,88.78,2957785.0
2015-02-23,88.8,89.69,87.37,88.87,2578259.0
2015-02-24,88.46,89.15,87.97,88.5,1819472.0
2015-02-25,88.14,89.5,88.12,89.17,2397173.0
2015-02-26,89.18,90.3,89.17,89.86,2583726.0
2015-02-27,90.17,90.4,88.93,89.25,1800284.0
2015-03-02,89.29,91.25,89.13,91.21,1648430.0
2015-03-03,91.0,91.47,87.86,90.47,4202582.0
2015-03-04,90.45,90.53,87.985,89.24,1963975.0
2015-03-05,89.36,89.49,87.11,87.98,2429581.0
2015-03-06,87.35,87.98,84.93,85.7,2622519.0
2015-03-09,85.7,86.42,84.98,86.01,1476979.0
2015-03-10,84.83,85.23,83.5,84.17,1542717.0
2015-03-11,84.2,84.4,83.15,83.22,1393567.0
2015-03-12,83.43,84.66,83.23,84.15,1377010.0
2015-03-13,83.86,84.27,82.0001,82.52,1353885.0
2015-03-16,83.03,83.57,82.4,83.17,1196177.0
2015-03-17,82.78,83.7,82.33,83.395,1174866.0
2015-03-18,83.1,84.58,82.73,84.31,1676992.0
2015-03-19,84.53,84.96,83.28,83.8,1575020.0
2015-03-20,84.59,86.53,84.04,86.35,3192138.0
2015-03-23,86.61,87.2,86.35,86.51,1864931.0
2015-03-24,86.5,86.5,85.35,85.38,1537912.0
2015-03-25,85.48,85.55,84.02,84.18,2343159.0
2015-03-26,83.82,84.25,82.97,83.62,1378627.0
2015-03-27,83.38,84.15,83.17,83.79,897625.0
2015-03-30,84.31,84.6,83.46,83.61,1096755.0
2015-03-31,83.41,84.18,83.17,83.17,1257318.0
2015-04-01,83.38,83.51,81.58,82.34,1548811.0
2015-04-02,82.48,83.32,82.05,82.505,1159249.0
2015-04-06,80.61,83.855,80.55,83.4,2780027.0
2015-04-07,83.46,83.8,82.8,82.83,952302.0
2015-04-08,83.01,83.9646,82.66,83.05,1128605.0
2015-04-09,83.33,83.8,81.99,83.18,1805338.0
2015-04-10,83.12,83.3,82.51,82.93,1084602.0
2015-04-13,83.13,84.45,83.0,83.52,833221.0
2015-04-14,83.56,83.84,82.05,83.27,1009038.0
2015-04-15,83.33,83.8,82.38,83.09,1062453.0
2015-04-16,83.34,84.62,82.53,82.6,928432.0
2015-04-17,82.0,82.55,79.8808,80.71,2163406.0
2015-04-20,81.06,81.5,80.71,80.97,1416752.0
2015-04-21,81.2,81.4,80.71,81.28,1284603.0
2015-04-22,81.53,82.87,80.84,82.715,1245000.0
2015-04-23,82.34,83.34,82.02,82.785,900158.0
2015-04-24,82.83,83.56,81.41,81.57,1029324.0
2015-04-27,81.91,83.77,81.45,81.69,912518.0
2015-04-28,81.55,82.38,80.96,81.56,1637687.0
2015-04-29,81.26,82.845,81.18,81.7,1653945.0
2015-04-30,81.54,81.68,79.83,80.49,1649259.0
2015-05-01,81.89,83.0,79.82,80.82,1815562.0
2015-05-04,81.33,81.33,79.8,79.91,1998810.0
2015-05-05,78.47,79.82,77.33,77.72,3296464.0
2015-05-06,78.14,78.46,76.275,76.8,4451022.0
2015-05-07,78.18,80.72,75.65,78.47,6611638.0
2015-05-08,79.4,82.25,79.03,81.93,2644673.0
2015-05-11,82.01,82.82,81.11,81.63,1720432.0
2015-05-12,81.01,81.77,80.65,80.82,1515233.0
2015-05-13,80.78,81.51,80.74,81.15,1189976.0
2015-05-14,81.44,82.25,80.93,82.16,1203259.0
2015-05-15,82.18,82.61,81.3,81.83,891927.0
2015-05-18,81.86,82.36,81.34,81.49,1840405.0
2015-05-19,81.97,82.51,80.29,80.65,1305018.0
2015-05-20,80.78,80.9299,79.0,79.77,1790087.0
2015-05-21,79.72,80.19,79.03,79.3,1401186.0
2015-05-22,79.66,80.37,79.66,80.27,1301762.0
2015-05-26,80.11,80.57,77.69,77.77,1802054.0
2015-05-27,77.88,78.63,77.78,78.5,1251631.0
2015-05-28,78.26,78.54,76.79,76.8,1066133.0
2015-05-29,76.71,76.77,75.62,76.26,2177302.0
2015-06-01,76.24,76.94,75.7,76.51,1431460.0
2015-06-02,76.15,77.06,75.762,76.32,982286.0
2015-06-03,76.03,76.22,74.76,75.07,1828929.0
2015-06-04,74.68,75.15,74.1425,75.12,1741807.0
2015-06-05,74.96,76.51,74.7,76.41,1640480.0
2015-06-08,76.29,76.49,75.42,75.485,1894142.0
2015-06-09,75.35,75.73,74.8,75.21,810427.0
2015-06-10,75.63,76.98,75.63,76.475,1167588.0
2015-06-11,76.64,77.09,75.92,76.26,1287746.0
2015-06-12,75.86,76.29,75.48,76.1,930823.0
2015-06-15,75.51,76.0,74.76,75.83,1195991.0
2015-06-16,75.56,76.778,75.56,76.45,962179.0
2015-06-17,76.62,88.79,75.89,87.65,15024654.0
2015-06-18,85.77,91.42,85.65,90.67,8555800.0
2015-06-19,90.69,91.28,89.56,90.94,3659165.0
2015-06-22,91.15,92.0,90.11,90.74,1704690.0
2015-06-23,90.73,90.81,89.41,90.24,1623654.0
2015-06-24,89.93,90.14,88.42,88.98,1319651.0
2015-06-25,89.15,89.15,87.96,88.16,902616.0
2015-06-26,87.97,88.91,87.97,88.84,1160943.0
2015-06-29,87.66,88.5,85.55,85.77,1225790.0
2015-06-30,87.01,87.61,86.02,87.14,1273076.0
2015-07-01,88.0,88.78,86.53,86.9,958210.0
2015-07-02,87.01,87.6699,86.21,86.87,1028351.0
2015-07-06,86.5,86.99,85.898,86.89,1150494.0
2015-07-07,87.03,87.19,84.88,86.83,1214482.0
2015-07-08,85.6,86.73,85.15,85.58,1030292.0
2015-07-09,86.53,87.47,85.96,85.96,990048.0
2015-07-10,87.17,88.57,86.56,88.44,1029170.0
2015-07-13,89.41,90.73,89.05,90.3,1319810.0
2015-07-14,89.97,91.13,89.41,89.68,1377766.0
2015-07-15,89.41,90.96,89.03,90.38,1040274.0
2015-07-16,91.02,91.81,89.98,91.11,1063482.0
2015-07-17,91.3,92.75,90.87,92.18,1305758.0
2015-07-20,92.68,92.8,91.23,91.99,1284650.0
2015-07-21,92.31,92.71,90.06,92.55,1801505.0
2015-07-22,92.59,93.7,91.58,91.75,1600234.0
2015-07-23,92.19,94.0,91.8,93.37,4130338.0
2015-07-24,84.535,86.36,80.39,80.86,7178573.0
2015-07-27,80.35,82.47,78.9301,80.6,3158883.0
2015-07-28,80.85,80.85,79.17,79.34,2622050.0
2015-07-29,78.84,80.1,78.78,79.71,1833510.0
2015-07-30,79.6,79.64,77.75,78.69,2395304.0
2015-07-31,78.79,79.42,77.32,79.38,2082405.0
2015-08-03,79.39,80.05,78.23,78.85,1440735.0
2015-08-04,78.64,79.28,78.04,78.4,1218406.0
2015-08-05,79.68,80.24,77.92,77.96,1883852.0
2015-08-06,77.95,78.1245,74.78,76.12,2371670.0
2015-08-07,76.24,76.41,73.85,74.32,1938404.0
2015-08-10,75.2,75.7,73.87,75.31,1701609.0
2015-08-11,74.55,75.05,73.83,74.67,1886776.0
2015-08-12,73.54,73.85,71.53,73.5,2237658.0
2015-08-13,73.27,73.8763,71.3,71.7,2278887.0
2015-08-14,71.84,72.91,71.55,72.49,1123589.0
2015-08-17,72.3,73.57,71.07,73.5,1133020.0
2015-08-18,73.47,73.47,71.91,72.26,1337450.0
2015-08-19,71.87,72.18,71.14,71.75,1552540.0
2015-08-20,70.79,71.75,70.21,70.38,1995229.0
2015-08-21,69.79,71.12,69.01,69.51,2571965.0
2015-08-24,65.65,69.06,62.5,66.27,2717621.0
2015-08-25,68.63,69.8,66.25,66.54,2429928.0
2015-08-26,67.83,68.72,65.79,68.38,3287961.0
2015-08-27,69.23,70.76,68.66,70.34,1596851.0
2015-08-28,69.72,70.88,69.2,70.6,1230461.0
2015-08-31,70.11,70.84,69.52,69.9,1302996.0
2015-09-01,68.16,69.53,67.89,68.19,1942435.0
2015-09-02,69.34,69.96,68.45,69.73,1031129.0
2015-09-03,69.86,71.16,69.16,69.47,2235334.0
2015-09-04,68.6,68.74,67.12,67.21,1576773.0
2015-09-08,67.5,68.09,67.36,67.6,2224615.0
2015-09-09,68.32,68.53,66.75,66.92,1516492.0
2015-09-10,66.63,68.4,66.34,67.49,1908136.0
2015-09-11,67.36,67.86,65.62,66.92,1881639.0
2015-09-14,67.16,68.34,66.4,67.79,1270048.0
2015-09-15,67.41,70.34,66.27,70.06,2392609.0
2015-09-16,70.36,70.74,69.23,69.9,2070519.0
2015-09-17,69.85,70.49,69.1,69.89,2393022.0
2015-09-18,69.21,70.0999,68.4,68.64,1917877.0
2015-09-21,68.87,69.3,67.99,68.38,883628.0
2015-09-22,67.73,68.38,66.53,67.2,1277211.0
2015-09-23,67.08,67.72,65.66,65.69,1114474.0
2015-09-24,65.1,65.7,64.37,65.46,1480102.0
2015-09-25,65.74,66.485,64.34,64.89,1299831.0
2015-09-28,64.7,65.3,62.79,62.88,1515281.0
2015-09-29,62.97,63.96,62.24,63.42,1181481.0
2015-09-30,64.01,64.3184,62.62,63.02,1551462.0
2015-10-01,63.24,64.34,63.0,64.13,1641629.0
2015-10-02,63.23,66.36,63.07,66.36,1273888.0
2015-10-05,67.3,67.78,66.81,67.24,1224512.0
2015-10-06,67.2,68.16,66.76,66.84,1515108.0
2015-10-07,67.19,68.43,66.14,67.73,955957.0
2015-10-08,67.4,69.65,67.4,69.58,1063330.0
2015-10-09,69.34,69.38,67.57,67.98,1489599.0
2015-10-12,68.01,68.5,66.71,67.48,779228.0
2015-10-13,67.13,68.3,66.43,66.69,819626.0
2015-10-14,81.98,84.5,78.2,83.72,19927605.0
2015-10-15,83.21,83.55,79.82,83.36,4997502.0
2015-10-16,83.7,83.72,81.0901,83.2,2537980.0
2015-10-19,83.39,85.16,82.53,84.14,2316566.0
2015-10-20,84.3,85.08,83.44,84.25,1607060.0
2015-10-21,84.8,84.8,82.0,82.17,1361949.0
2015-10-22,82.4,83.71,81.47,83.56,1855878.0
2015-10-23,85.07,85.15,82.3,82.9,2507132.0
2015-10-26,82.95,84.07,82.53,83.65,1451798.0
2015-10-27,81.99,82.46,80.74,81.76,1395428.0
2015-10-28,81.77,82.35,80.87,81.3,1611853.0
2015-10-29,81.26,82.02,80.74,80.93,1780942.0
2015-10-30,81.27,84.7,80.76,83.78,2182164.0
2015-11-02,83.67,83.72,82.27,83.16,1612202.0
2015-11-03,83.31,84.04,82.05,82.25,2209200.0
2015-11-04,81.81,83.2,81.63,82.62,1475385.0
2015-11-05,83.95,84.56,82.76,83.11,3309442.0
2015-11-06,74.49,77.97,73.57,77.42,8422654.0
2015-11-09,76.44,77.65,74.815,77.12,3653954.0
2015-11-10,76.92,78.53,76.79,78.35,2298340.0
2015-11-11,78.97,81.13,78.145,79.74,2205066.0
2015-11-12,79.16,80.52,78.64,79.15,1643982.0
2015-11-13,78.61,79.15,76.8,77.95,2046400.0
2015-11-16,77.5,78.56,75.78,78.55,1883715.0
2015-11-17,78.37,79.61,77.42,78.12,1517256.0
2015-11-18,78.87,83.77,78.81,83.68,3233963.0
2015-11-19,83.55,85.22,83.06,84.55,2519401.0
2015-11-20,85.01,85.87,84.09,84.98,2166254.0
2015-11-23,84.92,86.195,84.33,84.8,2009452.0
2015-11-24,83.93,83.93,81.88,82.98,2141569.0
2015-11-25,82.9,83.17,82.27,82.77,858845.0
2015-11-27,82.8,83.35,82.31,82.79,558528.0
2015-11-30,82.81,82.98,81.774,82.37,1284856.0
2015-12-01,82.85,83.44,82.479,82.93,981318.0
2015-12-02,82.56,83.32,82.24,82.92,1121359.0
2015-12-03,82.74,84.91,82.581,83.14,2117356.0
2015-12-04,83.06,84.71,82.33,84.37,1712609.0
2015-12-07,83.99,84.48,82.37,83.07,1606913.0
2015-12-08,82.54,83.84,81.89,83.2,881003.0
2015-12-09,82.75,84.17,82.138,82.41,971471.0
2015-12-10,83.84,84.14,82.65,83.52,1219231.0
2015-12-11,82.39,83.47,82.0,82.48,941351.0
2015-12-14,82.39,84.19,82.05,83.8,1447124.0
2015-12-15,84.27,87.08,83.84,85.91,1599684.0
2015-12-16,86.68,87.5,84.61,86.88,1533340.0
2015-12-17,87.17,87.26,85.21,85.38,1095495.0
2015-12-18,84.94,85.74,83.84,84.35,2336466.0
2015-12-21,85.0,85.7899,83.18,84.12,878002.0
2015-12-22,84.48,84.65,83.02,84.4,670910.0
2015-12-23,84.78,85.15,83.66,84.88,1155534.0
2015-12-24,85.09,85.93,84.605,85.45,822998.0
2015-12-28,84.98,85.46,84.17,85.2,1386116.0
2015-12-29,86.0,86.93,85.4501,86.51,582913.0
2015-12-30,86.39,86.83,85.9403,86.15,573692.0
2015-12-31,85.87,86.584,85.2,85.25,551645.0
2016-01-04,83.64,83.76,82.02,82.98,1733885.0
2016-01-05,83.39,83.97,80.95,81.93,1450825.0
2016-01-06,81.34,81.74,79.23,80.1,2521661.0
2016-01-07,78.33,78.94,76.81,77.69,1945155.0
2016-01-08,77.77,78.6,75.92,76.18,1447745.0
2016-01-11,76.66,77.31,75.6,76.95,1357389.0
2016-01-12,77.18,78.8,76.34,77.36,1189363.0
2016-01-13,77.48,78.0,71.58,72.94,2893206.0
2016-01-14,73.21,73.36,69.27,71.92,2897200.0
2016-01-15,69.77,70.69,68.88,70.63,2911221.0
2016-01-19,71.34,72.34,70.07,71.19,2509939.0
2016-01-20,70.03,70.9,65.78,69.26,2480196.0
2016-01-21,69.29,72.46,68.17,69.51,1577910.0
2016-01-22,70.68,72.45,69.77,70.65,1009838.0
2016-01-25,70.76,71.01,69.23,69.49,1117965.0
2016-01-26,69.92,70.44,67.44,69.69,2445487.0
2016-01-27,65.8112,69.14,65.42,67.54,3199382.0
2016-01-28,67.29,68.1,65.0,67.32,2710621.0
2016-01-29,67.31,68.12,66.37,66.76,2624427.0
2016-02-01,66.52,67.64,65.8,67.19,1793687.0
2016-02-02,66.47,66.84,62.1,63.0,3028830.0
2016-02-03,63.7,64.26,60.88,62.77,2068481.0
2016-02-04,62.89,64.52,62.31,63.81,1802391.0
2016-02-05,63.27,63.575,57.2901,58.37,5109284.0
2016-02-08,57.01,57.84,55.285,55.88,4265367.0
2016-02-09,55.32,57.17,53.51,54.09,2689088.0
2016-02-10,54.9,55.99,53.48,54.35,4731478.0
2016-02-11,60.92,64.75,59.49,61.07,9480481.0
2016-02-12,61.0,61.07,57.85,59.9,4257744.0
2016-02-16,60.39,63.47,59.95,63.32,3093796.0
2016-02-17,65.02,67.0,64.07,65.35,3337235.0
2016-02-18,65.41,65.99,62.39,63.07,2286019.0
2016-02-19,62.7,63.77,61.38,63.42,1770758.0
2016-02-22,61.8,63.51,61.37,63.11,2022572.0
2016-02-23,63.0,63.21,60.385,60.7,2534005.0
2016-02-24,60.0,61.155,58.53,60.66,2502986.0
2016-02-25,60.83,62.07,59.76,62.05,1244134.0
2016-02-26,62.19,62.95,61.68,62.38,1677331.0
2016-02-29,62.28,63.3,61.81,62.6,2248288.0
2016-03-01,63.21,66.39,62.73,66.1,2970509.0
2016-03-02,66.07,66.425,64.53,65.32,1806731.0
2016-03-03,65.05,66.62,64.45,65.57,1594075.0
2016-03-04,65.85,65.91,64.22,65.1,1550729.0
2016-03-07,65.04,66.23,63.7,65.5,1983211.0
2016-03-08,65.11,65.95,62.49,62.57,2078660.0
2016-03-09,62.65,63.61,60.02,60.98,2732523.0
2016-03-10,61.45,61.86,59.33,61.02,2228965.0
2016-03-11,61.81,63.75,61.38,63.7,1597813.0
2016-03-14,63.08,68.28,63.0501,66.54,5466989.0
2016-03-15,66.43,66.97,65.55,66.8,2353624.0
2016-03-16,66.82,67.74,66.0101,67.48,1869483.0
2016-03-17,67.22,68.218,65.25,65.31,2083904.0
2016-03-18,65.25,65.27,63.45,64.31,4861334.0
2016-03-21,64.4,65.79,64.36,65.71,1519147.0
2016-03-22,64.0,65.08,63.65,64.04,2060248.0
2016-03-23,64.16,64.3396,61.5075,61.74,2097281.0
2016-03-24,61.72,62.44,60.5,62.23,1683395.0
2016-03-28,62.61,63.14,61.53,62.51,1309485.0
2016-03-29,62.79,65.91,62.02,65.58,2549599.0
2016-03-30,65.93,68.07,65.83,66.58,2249809.0
2016-03-31,66.0,66.845,65.33,66.5,1701402.0
2016-04-01,66.05,67.39,65.1,67.23,1725257.0
2016-04-04,67.44,67.5,64.93,65.09,1155235.0
2016-04-05,64.09,64.79,63.09,63.96,1801696.0
2016-04-06,64.39,65.76,63.85,65.53,1137709.0
2016-04-07,65.23,65.5077,62.58,63.35,2378795.0
2016-04-08,64.07,64.58,61.7,62.24,2389136.0
2016-04-11,62.48,62.86,60.55,60.59,2043410.0
2016-04-12,60.56,61.49,60.2,61.44,1801036.0
2016-04-13,61.96,63.86,61.8,63.79,2267406.0
2016-04-14,63.85,64.27,63.032,63.51,1032688.0
2016-04-15,63.6,63.77,62.29,63.0,1352627.0
2016-04-18,63.06,65.64,62.69,65.44,1904566.0
2016-04-19,65.88,65.88,63.9863,64.54,2299960.0
2016-04-20,64.7,64.84,63.64,64.39,1059518.0
2016-04-21,64.65,65.0,63.39,63.81,1193281.0
2016-04-22,63.47,64.55,62.97,63.34,1442201.0
2016-04-25,63.17,63.47,62.0,62.55,1049499.0
2016-04-26,62.53,63.5923,62.02,62.5,1248951.0
2016-04-27,62.5,63.74,61.96,63.69,1520460.0
2016-04-28,64.12,65.0,63.44,63.6,2886104.0
2016-04-29,64.0,64.98,62.38,64.59,1797504.0
2016-05-02,64.42,65.24,63.9,64.89,1832834.0
2016-05-03,64.27,65.99,63.19,65.83,3946442.0
2016-05-04,64.28,64.82,62.67,63.13,4826901.0
2016-05-05,61.0,65.8,60.56,62.04,7308906.0
2016-05-06,61.6,62.09,59.64,62.07,3181518.0
2016-05-09,62.38,64.95,62.15,63.09,3449066.0
2016-05-10,63.57,66.89,63.56,66.1,3416923.0
2016-05-11,66.21,66.4,65.22,65.67,2264331.0
2016-05-12,66.05,66.05,63.16,63.78,2495409.0
2016-05-13,63.71,64.91,63.67,64.46,1966283.0
2016-05-16,64.51,65.25,64.24,64.9,1187654.0
2016-05-17,64.95,66.8,64.91,65.79,2774216.0
2016-05-18,65.28,65.65,63.41,64.17,2143874.0
2016-05-19,64.07,64.53,62.57,63.25,1594894.0
2016-05-20,63.54,65.19,63.41,64.53,1798674.0
2016-05-23,64.81,68.43,64.53,66.87,3469388.0
2016-05-24,66.92,67.83,66.02,66.07,2302284.0
2016-05-25,66.18,67.22,65.7,66.9,1656713.0
2016-05-26,66.84,67.35,65.8,66.6,1001337.0
2016-05-27,66.54,68.53,66.39,67.32,1303586.0
2016-05-31,67.5,68.08,67.18,67.74,1566651.0
2016-06-01,67.41,67.679,66.06,67.06,863413.0
2016-06-02,66.79,68.7599,66.27,68.63,1284927.0
2016-06-03,68.3,68.41,67.16,68.16,1404108.0
2016-06-06,68.63,71.61,67.92,71.46,3407673.0
2016-06-07,69.78,69.95,68.05,68.63,4475517.0
2016-06-08,69.03,69.87,68.76,69.24,1676216.0
2016-06-09,69.02,70.51,68.85,69.47,1151695.0
2016-06-10,68.76,69.15,66.9004,67.22,1738379.0
2016-06-13,67.02,68.59,66.01,66.11,1579391.0
2016-06-14,65.65,66.37,64.22,65.07,1649849.0
2016-06-15,65.43,66.22,64.7,64.84,1574055.0
2016-06-16,63.99,64.63,62.525,64.39,1814719.0
2016-06-17,64.06,64.77,62.85,63.08,2014676.0
2016-06-20,63.98,65.75,63.62,64.66,2160949.0
2016-06-21,64.91,64.91,63.6301,64.51,1026670.0
2016-06-22,64.34,65.3,64.16,64.74,912839.0
2016-06-23,65.32,66.44,65.02,65.98,1442855.0
2016-06-24,62.71,64.37,61.36,61.87,4606873.0
2016-06-27,61.2,61.665,58.955,60.03,3190199.0
2016-06-28,60.69,61.598,60.3,61.15,1538798.0
2016-06-29,61.97,64.23,61.87,63.89,1966191.0
2016-06-30,64.02,64.85,63.4,64.3,1321134.0
2016-07-01,64.3,65.36,64.28,64.61,1066335.0
2016-07-05,64.15,64.58,63.75,64.3,1430042.0
2016-07-06,63.88,65.12,63.81,64.98,1512486.0
2016-07-07,65.13,66.17,65.0,65.61,1456693.0
2016-07-08,66.09,67.46,66.08,67.13,1495881.0
2016-07-11,67.19,68.53,67.18,68.2,1310539.0
2016-07-12,68.59,70.38,68.33,69.72,2220535.0
2016-07-13,69.89,70.36,68.2,68.59,2552370.0
2016-07-14,69.36,69.9057,68.38,68.53,1197262.0
2016-07-15,68.91,68.91,67.75,68.26,990690.0
2016-07-18,68.06,69.1099,67.87,68.74,1086966.0
2016-07-19,68.49,68.73,68.08,68.55,734202.0
2016-07-20,68.58,69.8,68.11,69.29,1228833.0
2016-07-21,69.36,69.69,68.22,68.69,1029809.0
2016-07-22,69.14,70.23,68.49,70.09,1254142.0
2016-07-25,70.02,70.31,69.45,70.06,1099133.0
2016-07-26,70.05,71.06,69.66,69.94,1338425.0
2016-07-27,70.05,70.22,69.48,69.85,1544054.0
2016-07-28,71.1,71.69,69.67,71.23,1568938.0
2016-07-29,69.5,70.44,69.17,69.97,2420622.0
2016-08-01,70.09,70.7,69.4,70.45,2078481.0
2016-08-02,70.28,70.28,68.24,69.41,2607137.0
2016-08-03,69.31,70.37,68.8,69.49,3674489.0
2016-08-04,64.0,66.13,62.69,63.59,8795389.0
2016-08-05,63.04,63.6,60.73,60.81,5439567.0
2016-08-08,61.0,61.86,60.68,61.84,3592672.0
2016-08-09,62.02,62.3,60.74,61.1,3539224.0
2016-08-10,61.18,61.66,60.94,61.25,2396124.0
2016-08-11,61.26,62.0,61.1,61.59,1563791.0
2016-08-12,61.31,61.95,61.03,61.7,1624314.0
2016-08-15,61.87,62.45,61.62,62.13,1382305.0
2016-08-16,62.07,62.51,61.885,62.0,1609915.0
2016-08-17,62.1,62.27,61.67,62.05,1274610.0
2016-08-18,62.15,62.5,61.795,62.23,1000989.0
2016-08-19,62.13,62.55,61.46,62.0,1388425.0
2016-08-22,62.0,62.0,61.34,61.8,1385294.0
2016-08-23,61.91,63.29,61.871,62.64,1852384.0
2016-08-24,62.72,63.58,61.71,61.93,1189296.0
2016-08-25,62.0,62.45,61.51,61.9,1450680.0
2016-08-26,62.28,63.21,61.975,62.37,1135514.0
2016-08-29,62.25,62.4,61.79,61.94,1295313.0
2016-08-30,62.39,62.51,60.95,61.25,1457591.0
2016-08-31,61.37,61.48,60.75,61.0,1230265.0
2016-09-01,60.91,61.58,60.8,61.32,1024136.0
2016-09-02,61.6,61.96,60.89,61.2,1035119.0
2016-09-06,61.11,61.98,60.64,61.52,1995430.0
2016-09-07,61.81,62.85,61.5828,62.16,1324100.0
2016-09-08,61.95,62.25,61.44,61.8,1037936.0
2016-09-09,61.36,62.97,61.13,61.72,2517765.0
2016-09-12,61.54,63.74,61.54,63.61,2142976.0
2016-09-13,62.86,63.34,62.52,63.04,1475554.0
2016-09-14,62.08,63.38,61.76,61.81,1656163.0
2016-09-15,61.65,62.036,60.95,61.82,1433257.0
2016-09-16,61.69,61.73,60.49,61.29,2782011.0
2016-09-19,61.56,61.64,59.81,60.0,1918491.0
2016-09-20,60.16,60.46,59.72,60.25,1188312.0
2016-09-21,60.5,60.78,59.87,60.54,1350266.0
2016-09-22,60.74,61.43,60.39,61.36,1193797.0
2016-09-23,61.44,62.17,61.21,61.87,1326433.0
2016-09-26,61.65,61.97,61.33,61.89,999651.0
2016-09-27,62.01,64.68,61.92,64.26,3147105.0
2016-09-28,64.37,65.03,63.72,64.08,1525973.0
2016-09-29,63.79,64.42,62.82,63.0,2562317.0
2016-09-30,62.98,63.48,62.96,63.18,1690269.0
2016-10-03,62.9,63.445,62.21,63.35,841938.0
2016-10-04,63.74,64.73,63.41,64.42,1019351.0
2016-10-05,64.75,66.13,64.54,65.87,2138443.0
2016-10-06,65.89,65.89,64.36,64.84,1675302.0
2016-10-07,65.09,65.09,63.6,64.0,1185144.0
2016-10-10,64.24,64.8,64.01,64.6,1203585.0
2016-10-11,64.5,64.6,63.1,63.43,2072689.0
2016-10-12,63.39,63.445,62.5,62.99,1558721.0
2016-10-13,62.66,62.66,61.75,62.24,1737510.0
2016-10-14,62.4,62.65,61.11,61.31,1983138.0
2016-10-17,61.43,61.85,60.69,61.46,1471267.0
2016-10-18,62.66,63.49,62.07,63.19,1666284.0
2016-10-19,63.16,64.24,63.16,63.87,2040040.0
2016-10-20,63.69,63.71,61.91,62.03,1534496.0
2016-10-21,61.87,63.67,61.74,62.96,2069710.0
2016-10-24,63.57,63.94,63.17,63.83,1174848.0
2016-10-25,63.72,64.265,63.105,63.53,812610.0
2016-10-26,62.54,63.52,61.51,61.75,1503632.0
2016-10-27,62.39,62.53,61.24,61.85,1397483.0
2016-10-28,62.48,64.86,61.835,64.34,2363536.0
2016-10-31,64.63,64.74,64.0,64.48,1155706.0
2016-11-01,64.41,64.58,62.93,63.47,1256084.0
2016-11-02,63.38,63.65,61.5,61.63,1262500.0
2016-11-03,61.66,63.25,61.39,62.74,1098684.0
2016-11-04,62.31,64.05,62.31,63.64,1357805.0
2016-11-07,64.6,64.85,63.36,63.43,2595436.0
2016-11-08,63.56,65.562,62.82,63.1,6931425.0
2016-11-09,53.0,56.02,51.0,52.63,18906705.0
2016-11-10,52.7,53.73,51.01,51.83,6272164.0
2016-11-11,51.94,51.94,50.59,51.01,3326432.0
2016-11-14,51.03,51.28,48.52,48.8,5540386.0
2016-11-15,49.57,50.52,49.33,50.02,4645583.0
2016-11-16,49.84,51.2,49.74,50.4,3272105.0
2016-11-17,50.18,51.69,50.099,50.97,2253659.0
2016-11-18,50.77,51.51,50.29,50.79,1338828.0
2016-11-21,51.3,52.045,50.93,51.68,1433253.0
2016-11-22,51.69,52.08,51.23,51.34,1305155.0
2016-11-23,51.0,51.01,50.39,50.79,1060034.0
2016-11-25,50.92,51.4,50.66,51.17,501095.0
2016-11-28,51.06,51.19,50.07,50.18,1925887.0
2016-11-29,50.43,50.82,49.16,49.3,2349047.0
2016-11-30,49.24,49.72,48.25,48.28,2706159.0
2016-12-01,48.34,48.39,46.88,47.16,2264462.0
2016-12-02,47.2,47.35,45.95,46.46,2588672.0
2016-12-05,47.13,48.51,46.69,47.98,2761415.0
2016-12-06,48.13,48.5,47.773,48.17,1379642.0
2016-12-07,48.19,48.405,47.54,47.6,2724765.0
2016-12-08,47.39,48.31,47.25,48.06,1664396.0
2016-12-09,48.17,49.4,48.01,49.23,1811601.0
2016-12-12,49.01,49.36,48.25,48.71,2146347.0
2016-12-13,48.83,49.55,48.66,49.03,1412366.0
2016-12-14,49.02,49.19,47.38,47.62,3847126.0
2016-12-15,47.69,47.98,47.14,47.38,1880917.0
2016-12-16,47.57,48.09,47.18,47.37,4050510.0
2016-12-19,47.53,47.6,46.385,46.45,1919516.0
2016-12-20,47.09,49.75,47.02,48.79,5586721.0
2016-12-21,49.49,49.49,46.205,46.28,2703936.0
2016-12-22,46.43,46.454,45.63,46.39,2677539.0
2016-12-23,46.47,46.69,46.17,46.54,1222638.0
2016-12-27,46.58,47.4825,46.49,47.29,1416035.0
2016-12-28,47.23,47.65,46.64,46.85,1368879.0
2016-12-29,46.75,47.12,46.53,46.95,1622578.0
2016-12-30,47.0,47.27,46.16,46.37,1533636.0
2017-01-03,46.75,47.6319,46.21,47.51,1913990.0
2017-01-04,47.74,48.995,47.63,48.86,2011388.0
2017-01-05,48.89,49.75,48.83,49.2,1734681.0
2017-01-06,49.01,51.06,48.555,50.77,2940673.0
2017-01-09,50.92,51.425,50.4,50.92,2646900.0
2017-01-10,51.07,51.88,50.24,51.31,2572763.0
2017-01-11,51.01,51.92,50.83,51.66,1560165.0
2017-01-12,51.72,52.35,50.81,51.88,2499996.0
2017-01-13,52.03,53.3,52.03,52.92,2254501.0
2017-01-17,52.56,53.58,52.38,52.6,1926548.0
2017-01-18,52.66,53.39,52.46,52.88,1289302.0
2017-01-19,52.9,53.11,51.58,52.16,2097831.0
2017-01-20,52.23,52.92,51.26,51.85,2137540.0
2017-01-23,51.79,51.8454,50.91,51.39,1550456.0
2017-01-24,51.66,52.38,50.76,52.13,1412610.0
2017-01-25,52.75,52.86,52.06,52.65,1892979.0
2017-01-26,52.73,52.84,52.1,52.18,772717.0
2017-01-27,52.46,52.46,51.67,52.0,812887.0
2017-01-30,51.97,52.33,51.23,52.25,1145599.0
2017-01-31,51.98,53.18,51.8,52.9,1405737.0
2017-02-01,52.99,53.47,51.57,51.87,1800906.0
2017-02-02,51.81,52.73,51.3,52.06,1044984.0
2017-02-03,52.4,52.955,52.06,52.61,960986.0
2017-02-06,52.5,52.8702,51.63,51.96,1644297.0
2017-02-07,52.03,52.4,51.5,51.96,1305017.0
2017-02-08,51.96,52.32,51.45,51.89,1786303.0
2017-02-09,52.12,52.9,52.04,52.51,2395161.0
2017-02-10,52.7,52.9,51.82,52.0,2486631.0
2017-02-13,52.02,52.2025,51.33,51.39,2586323.0
2017-02-14,51.5,52.46,50.72,52.19,3855261.0
2017-02-15,52.33,53.29,52.2,52.7,6553366.0
2017-02-16,49.0,50.36,46.8425,46.92,12391044.0
2017-02-17,46.97,47.65,46.32,47.06,5935715.0
2017-02-21,47.25,47.31,46.77,46.84,2424593.0
2017-02-22,45.84,46.16,44.96,45.55,4343788.0
2017-02-23,46.12,46.2,43.21,43.46,6814868.0
2017-02-24,43.15,43.36,42.0,42.62,4670239.0
2017-02-27,42.01,43.2,41.81,42.81,5004487.0
2017-02-28,42.18,42.25,41.147,41.47,3918310.0
2017-03-01,41.79,41.9,40.74,41.47,3881821.0
2017-03-02,40.85,41.5303,40.45,40.82,3173973.0
2017-03-03,40.94,41.785,40.81,41.74,3667698.0
2017-03-06,41.5,41.685,40.81,41.6,3430341.0
2017-03-07,41.35,41.92,41.1,41.31,3401785.0
2017-03-08,41.23,44.06,41.2,43.83,7547721.0
2017-03-09,43.94,44.6,43.1167,43.59,4063861.0
2017-03-10,43.72,44.35,43.275,43.6,2706853.0
2017-03-13,43.62,44.0,43.15,43.51,1482343.0
2017-03-14,43.4,43.5,41.94,42.26,1819716.0
2017-03-15,42.44,42.88,41.995,42.71,1910256.0
2017-03-16,42.82,43.18,42.61,43.07,1522658.0
2017-03-17,43.23,43.39,42.88,43.27,2213001.0
2017-03-20,43.19,43.399,42.82,43.0,1307757.0
2017-03-21,43.26,43.36,41.645,41.71,2304181.0
2017-03-22,41.8,41.8,40.87,41.4,2869119.0
2017-03-23,41.35,42.7,40.92,42.52,5023091.0
2017-03-24,42.73,43.02,42.45,42.69,2440526.0
2017-03-27,42.33,42.94,42.0,42.66,1548733.0
2017-03-28,42.52,43.42,42.5,43.13,1793289.0
2017-03-29,43.1,43.77,42.83,43.65,1706971.0
2017-03-30,43.5,43.58,42.8,43.31,2848970.0
2017-03-31,43.38,43.62,43.02,43.16,2435647.0
2017-04-03,43.26,43.44,42.16,42.77,3074130.0
2017-04-04,42.54,42.76,41.58,41.64,2186776.0
2017-04-05,41.78,42.33,41.35,41.76,4075598.0
2017-04-06,41.94,42.7525,41.75,42.3,4144477.0
2017-04-07,42.29,42.59,42.04,42.06,3169424.0
2017-04-10,42.2,42.63,42.03,42.24,3605844.0
2017-04-11,42.08,42.14,41.12,41.45,3849454.0
2017-04-12,41.45,42.1,41.2,41.5,1875367.0
2017-04-13,41.5,41.755,41.16,41.36,1830721.0
2017-04-17,41.72,41.8,40.89,41.77,3688579.0
2017-04-18,41.49,42.095,41.14,41.97,1922392.0
2017-04-19,42.18,42.89,41.96,42.03,2355633.0
2017-04-20,42.28,42.995,42.15,42.71,1928027.0
2017-04-21,42.68,43.055,42.32,42.65,5112946.0
2017-04-24,43.1,43.8,42.82,43.34,2486920.0
2017-04-25,43.48,43.9396,42.77,43.65,1902560.0
2017-04-26,43.7,44.86,43.68,44.5,2891717.0
2017-04-27,44.51,45.31,44.11,45.1,3636934.0
2017-04-28,45.2,45.2,43.66,45.01,3954713.0
2017-05-01,45.03,45.5,44.77,44.96,2079067.0
2017-05-02,45.07,46.12,44.74,46.1,2515124.0
2017-05-03,46.13,46.23,44.85,45.11,2750672.0
2017-05-04,45.12,45.95,45.02,45.89,2878102.0
2017-05-05,45.86,46.45,45.73,46.17,1866149.0
2017-05-08,46.18,47.38,46.03,47.03,3878561.0
2017-05-09,47.1,48.1,46.82,46.92,3978894.0
2017-05-10,49.8,50.95,46.7,47.99,8629688.0
2017-05-11,47.36,47.52,45.51,45.63,4087139.0
2017-05-12,46.09,46.68,45.573,46.25,2163901.0
2017-05-15,46.4,47.08,46.2,46.67,2011991.0
2017-05-16,47.04,47.04,45.52,45.62,2618368.0
2017-05-17,45.0,45.53,43.76,43.97,4198730.0
2017-05-18,43.97,44.93,43.66,44.61,1831934.0
2017-05-19,44.74,44.74,43.89,44.08,2073590.0
2017-05-22,44.3,44.56,42.46,42.97,4645304.0
2017-05-23,42.93,42.93,40.67,40.87,5633486.0
2017-05-24,40.77,40.905,39.93,40.8,4171424.0
2017-05-25,40.81,40.83,39.79,39.82,3480339.0
2017-05-26,39.25,39.68,38.32,39.07,4836639.0
2017-05-30,38.91,39.23,38.66,39.06,3264498.0
2017-05-31,39.25,39.315,38.23,38.51,3260814.0
2017-06-01,38.65,40.14,38.65,39.97,3152145.0
2017-06-02,40.0,40.11,38.76,39.13,2277155.0
2017-06-05,39.13,39.29,38.77,39.04,1515341.0
2017-06-06,38.93,38.93,38.01,38.07,2272549.0
2017-06-07,38.2,38.5,36.85,37.28,3171008.0
2017-06-08,36.97,37.65,36.96,37.39,2039009.0
2017-06-09,37.31,37.79,37.05,37.48,2790260.0
2017-06-12,37.42,38.4,37.34,37.81,2490249.0
2017-06-13,37.95,38.81,37.88,38.78,2521810.0
2017-06-14,38.92,39.39,38.44,38.57,2314216.0
2017-06-15,38.26,38.37,37.4,37.91,1376735.0
2017-06-16,37.77,37.98,37.34,37.91,3376827.0
2017-06-19,37.07,37.39,35.96,36.1,3860676.0
2017-06-20,36.09,36.58,35.69,36.01,2464200.0
2017-06-21,36.1,36.1,35.34,35.82,1600447.0
2017-06-22,35.82,36.23,35.61,35.74,1684504.0
2017-06-23,35.85,36.995,35.71,36.96,2838780.0
2017-06-26,37.07,37.3531,36.62,36.67,1988109.0
2017-06-27,36.79,37.25,36.24,36.49,1422096.0
2017-06-28,37.06,38.73,37.0,38.14,3984361.0
2017-06-29,38.02,38.49,37.2202,38.0,2112584.0
2017-06-30,38.2,38.91,38.14,38.2,2008770.0
2017-07-03,38.48,38.79,38.21,38.48,1092058.0
2017-07-05,38.45,38.64,37.45,37.78,2261480.0
2017-07-06,37.68,37.85,36.6,36.66,2005267.0
2017-07-07,36.68,37.15,36.53,36.64,1437501.0
2017-07-10,36.6,36.7,36.05,36.19,1920527.0
2017-07-11,36.23,36.85,35.99,36.41,1384401.0
2017-07-12,36.74,37.58,36.35,37.31,1754519.0
2017-07-13,37.37,38.15,37.31,38.03,1496833.0
2017-07-14,38.14,38.55,37.79,38.13,1485405.0
2017-07-17,38.13,38.69,37.805,38.0,942423.0
2017-07-18,38.0,38.31,37.75,38.28,1536537.0
2017-07-19,39.1,39.84,38.63,39.6,3719297.0
2017-07-20,39.6,39.76,37.87,37.89,2111516.0
2017-07-21,37.86,38.09,36.819,37.54,2348468.0
2017-07-24,37.48,37.66,37.0,37.27,1444968.0
2017-07-25,37.56,38.93,37.1401,38.82,1842630.0
2017-07-26,39.04,39.49,38.55,39.06,2132650.0
2017-07-27,39.01,39.36,38.13,38.53,2969818.0
2017-07-28,38.0,39.77,38.0,39.38,4356714.0
2017-07-31,39.43,39.4999,38.43,39.02,2236675.0
2017-08-01,39.24,39.2565,37.11,37.35,3240080.0
2017-08-02,37.26,37.65,36.86,37.57,2695065.0
2017-08-03,37.58,37.97,37.21,37.81,2020158.0
2017-08-04,38.0,39.7799,37.86,39.51,3836570.0
2017-08-07,39.49,40.27,39.25,39.56,4320900.0
2017-08-08,39.58,39.98,38.85,39.55,4446801.0
2017-08-09,36.55,40.82,35.55,40.54,15167912.0
2017-08-10,40.23,41.7,39.37,39.71,7585467.0
2017-08-11,39.83,42.36,39.78,42.18,5441596.0
2017-08-14,42.36,42.38,41.33,41.48,4489985.0
2017-08-15,41.38,41.54,40.61,40.66,3059171.0
2017-08-16,40.91,41.73,40.07,40.17,3212564.0
2017-08-17,39.77,40.31,39.17,39.21,3788368.0
2017-08-18,39.03,40.22,38.95,39.92,2272222.0
2017-08-21,39.93,40.64,39.79,40.48,2198003.0
2017-08-22,40.66,41.17,40.42,41.09,1721481.0
2017-08-23,40.86,41.62,40.52,41.34,1674556.0
2017-08-24,42.0,43.86,42.0,43.32,4582581.0
2017-08-25,42.24,42.88,41.29,41.72,4005693.0
2017-08-28,41.64,42.06,41.17,41.98,1758052.0
2017-08-29,41.6,41.83,40.86,41.69,2326996.0
2017-08-30,41.79,42.99,41.09,42.57,1890772.0
2017-08-31,42.64,43.195,42.321,42.73,1934427.0
2017-09-01,42.91,43.39,42.67,42.74,2107228.0
2017-09-05,42.59,44.84,42.59,44.55,3686468.0
2017-09-06,43.52,44.51,42.52,44.31,3826973.0
2017-09-07,44.35,45.97,44.06,45.81,3483700.0
2017-09-08,45.63,45.75,44.73,45.06,2406633.0
2017-09-11,45.38,45.47,44.3,44.48,2767041.0
2017-09-12,44.5,45.3,44.5,44.82,2005392.0
2017-09-13,44.65,44.72,44.08,44.41,2306804.0
2017-09-14,44.21,44.58,42.84,42.97,2666475.0
2017-09-15,43.15,44.09,42.65,43.93,2800971.0
2017-09-18,44.22,44.8125,43.32,43.59,1754113.0
2017-09-19,43.73,44.09,43.25,43.6,1762037.0
2017-09-20,43.6,44.05,43.31,43.92,1515644.0
2017-09-21,43.87,44.64,43.5001,44.24,1446882.0
2017-09-22,44.29,44.5,44.08,44.365,1136316.0
2017-09-25,43.51,43.59,39.91,41.225,8558884.0
2017-09-26,41.49,42.14,40.86,41.13,2173801.0
2017-09-27,40.93,42.17,40.6225,41.94,2318504.0
2017-09-28,41.81,42.17,40.38,40.46,2711468.0
2017-09-29,40.73,41.1,40.49,40.53,1505129.0
2017-10-02,41.11,41.81,40.06,40.98,2071496.0
2017-10-03,40.92,41.94,40.52,41.84,2442633.0
2017-10-04,42.02,43.44,41.85,43.4,2129132.0
2017-10-05,43.39,44.01,42.65,43.61,2944141.0
2017-10-06,43.73,43.78,41.23,41.61,2410337.0
2017-10-09,41.55,42.18,41.26,42.04,1447094.0
2017-10-10,42.28,42.39,40.84,40.99,2324291.0
2017-10-11,41.2,41.67,40.3,40.33,2263362.0
2017-10-12,40.18,40.46,39.15,39.53,2448079.0
2017-10-13,39.7,40.29,39.35,39.4,1907549.0
2017-10-16,39.41,39.805,38.78,39.72,1639285.0
2017-10-17,39.71,40.56,39.5,40.36,1699583.0
2017-10-18,40.46,40.46,39.73,40.01,1637703.0
2017-10-19,39.81,40.69,39.57,40.48,1473661.0
2017-10-20,40.66,40.77,40.19,40.3,1593499.0
2017-10-23,40.36,40.5501,39.68,39.74,1428176.0
2017-10-24,40.46,40.46,38.47,39.3,2480466.0
2017-10-25,38.37,38.5,37.25,37.59,5380497.0
2017-10-26,37.67,38.28,37.3,37.75,3374012.0
2017-10-27,36.7,37.2,35.88,37.05,6159835.0
2017-10-30,36.95,37.67,36.8451,37.35,1925324.0
2017-10-31,37.4,38.22,36.58,37.5,6639638.0
2017-11-01,37.76,38.47,37.675,37.87,2582412.0
2017-11-02,37.72,38.9,37.72,38.49,3113529.0
2017-11-03,38.68,38.94,38.03,38.88,2376742.0
2017-11-06,39.05,39.75,38.57,39.53,4725776.0
2017-11-07,34.71,34.8,30.21,30.35,29146589.0
2017-11-08,30.19,32.32,29.79,31.66,13228319.0
2017-11-09,31.03,32.09,31.02,31.56,5592816.0
2017-11-10,31.49,31.69,30.93,31.19,2801598.0
2017-11-13,30.8,31.17,30.4,30.75,3785304.0
2017-11-14,30.49,30.8525,29.99,30.06,4819927.0
2017-11-15,30.0,30.66,29.5,30.53,3995578.0
2017-11-16,30.55,30.835,29.97,30.33,4527532.0
2017-11-17,30.24,30.64,29.82,30.59,3123368.0
2017-11-20,30.51,30.92,30.15,30.48,3397968.0
2017-11-21,30.51,32.96,30.5,32.81,11398922.0
2017-11-22,32.77,34.48,32.31,34.19,8145891.0
2017-11-24,34.13,34.3403,33.62,34.17,2253458.0
2017-11-27,34.44,35.6699,34.13,34.4,4853444.0
2017-11-28,34.35,34.74,33.95,34.71,4983892.0
2017-11-29,34.85,35.32,34.44,34.57,3512604.0
2017-11-30,34.51,35.17,34.38,34.62,2465822.0
2017-12-01,34.63,34.78,34.05,34.29,2591841.0
2017-12-04,34.66,35.44,34.33,34.76,3509771.0
2017-12-05,34.71,34.95,34.25,34.39,2191907.0
2017-12-06,34.25,34.705,34.09,34.42,2143809.0
2017-12-07,34.37,34.65,34.13,34.45,2312262.0
2017-12-08,34.67,35.1,34.31,34.5,2626025.0
2017-12-11,34.49,35.55,34.3,35.32,2890787.0
2017-12-12,35.06,35.71,35.0,35.1,2663405.0
2017-12-13,35.24,35.52,34.64,34.71,2475839.0
2017-12-14,34.72,34.91,34.4,34.49,1678074.0
2017-12-15,34.5,35.3,34.2,35.03,4364555.0
2017-12-18,35.23,35.995,35.19,35.46,3695310.0
2017-12-19,35.32,35.5,34.41,34.77,2757885.0
2017-12-20,34.99,34.99,34.385,34.46,2656020.0
2017-12-21,34.49,35.085,34.47,34.74,2384077.0
2017-12-22,34.76,34.76,34.42,34.57,1230638.0
2017-12-26,34.63,34.67,34.25,34.53,1444017.0
2017-12-27,34.54,34.66,34.3401,34.53,1249105.0
2017-12-28,34.53,34.8,34.0,34.5,1888249.0
2017-12-29,34.52,34.68,34.25,34.46,1387944.0
2018-01-02,34.61,34.88,34.15,34.77,2574511.0
2018-01-03,34.96,35.5,34.67,34.97,1997435.0
2018-01-04,35.22,35.41,34.24,34.92,2734015.0
2018-01-05,34.98,35.145,34.65,34.73,1618373.0
2018-01-08,34.6,34.83,34.265,34.67,1864716.0
2018-01-09,34.87,34.88,34.45,34.59,1383591.0
2018-01-10,34.36,34.62,34.16,34.49,2134369.0
2018-01-11,34.59,35.61,34.42,35.28,4006779.0
2018-01-12,35.43,36.675,35.25,36.54,4304215.0
2018-01-16,37.36,37.42,35.78,35.89,3923741.0
2018-01-17,36.21,36.23,35.17,35.9,4649564.0
2018-01-18,35.91,36.47,35.15,35.62,2924740.0
2018-01-19,35.54,35.8,35.055,35.45,3046720.0
2018-01-22,35.49,37.265,35.15,37.2,3089290.0
2018-01-23,37.19,38.17,36.26,36.3,3368767.0
2018-01-24,36.35,36.83,35.84,36.31,2350691.0
2018-01-25,36.77,36.8,35.58,36.49,1671815.0
2018-01-26,36.8,36.97,36.12,36.78,1185814.0
2018-01-29,36.55,37.48,36.14,36.33,1932581.0
2018-01-30,36.04,36.11,34.88,34.9,1895237.0
2018-01-31,34.99,35.14,34.09,34.67,2561144.0
2018-02-01,34.28,34.95,34.23,34.62,1507053.0
2018-02-02,34.44,34.93,34.0791,34.35,1451954.0
2018-02-05,34.34,36.2,34.18,35.62,3653163.0
2018-02-06,34.89,41.31,34.76,40.84,11487826.0
2018-02-07,40.51,41.34,40.0,41.05,4213924.0
2018-02-08,41.2,41.33,40.05,40.05,5037251.0
2018-02-09,38.97,40.35,36.5,38.31,6873552.0
2018-02-12,38.52,38.75,36.27,37.71,3832905.0
2018-02-13,37.63,40.14,37.47,39.88,3572667.0
2018-02-14,39.5,40.93,39.02,40.72,4759116.0
2018-02-15,46.0,47.02,41.45,42.4,18826212.0
2018-02-16,42.45,44.26,41.9,43.32,5167445.0
2018-02-20,43.21,43.6,42.24,42.65,3573045.0
2018-02-21,42.67,43.11,41.68,42.37,3976968.0
2018-02-22,42.62,42.62,41.45,41.65,2757093.0
2018-02-23,41.78,42.52,41.26,42.3,2720880.0
2018-02-26,42.4,42.68,41.13,41.45,2089107.0
2018-02-27,41.64,42.1,39.64,39.73,3844020.0
2018-02-28,40.09,40.6,39.55,40.08,2571812.0
2018-03-01,40.49,40.75,39.354,39.76,2093722.0
2018-03-02,39.3,40.26,38.27,39.69,2220828.0
2018-03-05,39.54,42.1099,39.325,41.97,2710047.0
2018-03-06,41.89,42.64,41.15,42.38,2681738.0
2018-03-07,41.85,43.25,41.56,42.58,1958451.0
2018-03-08,42.69,42.78,41.68,42.45,1767404.0
2018-03-09,42.61,43.0466,42.189,43.03,1736600.0
2018-03-12,43.2,43.26,42.49,43.17,1524014.0
2018-03-13,43.23,43.58,41.95,42.28,1917724.0
2018-03-14,42.56,44.26,41.87,44.05,3064158.0
2018-03-15,44.27,45.2,43.495,43.74,2174955.0
2018-03-16,43.74,44.06,43.3,43.77,1862043.0
2018-03-19,43.57,43.72,42.3,42.72,1565915.0
2018-03-20,42.57,42.75,41.74,41.78,1507691.0
2018-03-21,41.83,42.0,41.21,41.59,1632041.0
2018-03-22,41.33,41.33,40.09,40.11,1414964.0
2018-03-23,40.37,40.76,39.67,40.04,1542525.0
2018-03-26,40.66,42.01,40.24,41.94,1673216.0
2018-03-27,42.0,42.0,40.21,40.33,1692980.0
2018-03-28,40.3,41.04,39.5,40.61,2218501.0
2018-03-29,40.69,41.29,40.27,40.89,1865583.0
2018-04-02,40.66,40.66,39.08,39.12,2076950.0
2018-04-03,39.54,40.2,39.13,40.01,2044991.0
2018-04-04,39.24,41.5,39.2,41.42,2435126.0
2018-04-05,41.64,42.02,41.3,41.37,2096462.0
2018-04-06,40.9,41.5,39.85,40.15,1997975.0
2018-04-09,40.39,40.49,39.78,39.8,1130303.0
2018-04-10,40.46,41.36,39.99,40.83,1078958.0
2018-04-11,40.65,41.16,40.2101,40.33,950718.0
2018-04-12,40.52,40.83,40.28,40.71,1051453.0
2018-04-13,41.04,41.04,40.18,40.52,831506.0
2018-04-16,40.8,41.98,40.26,41.14,1059623.0
2018-04-17,41.61,42.39,41.23,41.98,1484065.0
2018-04-18,41.57,42.31,41.09,42.1,1705657.0
2018-04-19,41.86,41.99,41.36,41.64,1125218.0
2018-04-20,41.54,42.12,41.23,41.62,1151736.0
2018-04-23,41.65,43.91,41.35,42.69,2247729.0
2018-04-24,42.79,43.155,41.65,41.91,1969613.0
2018-04-25,41.87,41.87,38.24,38.33,3931035.0
2018-04-26,38.43,38.77,37.28,37.39,3143583.0
2018-04-27,38.18,38.19,36.75,37.27,2851051.0
2018-04-30,37.33,37.78,36.96,37.42,1486031.0
2018-05-01,37.21,37.54,36.8399,37.53,1710953.0
2018-05-02,37.39,38.5,37.22,38.3,2535009.0
2018-05-03,38.22,38.26,37.355,38.0,2255436.0
2018-05-04,37.72,39.0,37.12,38.53,2629489.0
2018-05-07,38.77,40.23,38.75,39.43,3430789.0
2018-05-08,39.22,39.41,38.27,38.78,4219338.0
2018-05-09,46.0,47.99,44.8,47.62,18135490.0
2018-05-10,47.63,49.42,46.6,48.51,5749211.0
2018-05-11,48.64,49.41,48.06,48.99,3684866.0
2018-05-14,49.14,50.69,48.25,48.67,4735782.0
2018-05-15,48.08,49.9,47.68,48.37,3184235.0
2018-05-16,48.05,49.6,48.01,48.71,3340774.0
2018-05-17,48.85,49.32,48.42,48.85,1887455.0
2018-05-18,48.81,48.84,47.89,47.92,2413515.0
2018-05-21,48.41,48.96,47.69,48.03,2394122.0
2018-05-22,48.08,48.82,47.63,48.22,1932755.0
2018-05-23,48.13,48.79,48.0,48.68,1635088.0
2018-05-24,48.66,49.32,48.42,49.09,1571178.0
2018-05-25,48.98,49.66,48.25,49.48,1933163.0
2018-05-29,49.29,50.0,49.02,49.89,2591667.0
2018-05-30,50.03,50.98,49.61,50.75,2758659.0
2018-05-31,50.62,52.18,50.62,52.14,3863538.0
2018-06-01,52.4,55.35,52.3,55.21,7631138.0
2018-06-04,55.21,56.4,54.9201,56.15,5601738.0
2018-06-05,56.3,57.94,56.1463,57.51,3765912.0
2018-06-06,57.64,57.88,55.785,56.23,3383212.0
2018-06-07,56.13,56.7588,55.1,55.47,3396930.0
2018-06-08,55.42,56.48,55.03,55.84,2579239.0
2018-06-11,56.06,57.16,55.731,57.11,1597404.0
2018-06-12,57.21,58.8,57.21,58.29,2254128.0
2018-06-13,58.22,58.51,56.44,56.63,2141469.0
2018-06-14,56.83,57.9,56.73,57.73,1729110.0
2018-06-15,57.46,58.57,56.971,58.54,2348218.0
2018-06-18,58.38,59.41,57.83,59.32,1945815.0
2018-06-19,58.73,60.1224,57.92,59.12,2683281.0
2018-06-20,59.32,59.72,58.39,58.55,1679625.0
2018-06-21,58.84,59.38,56.79,57.03,1759888.0
2018-06-22,57.03,57.87,56.31,56.66,3220831.0
2018-06-25,56.65,56.69,54.84,55.71,2236865.0
2018-06-26,55.78,56.83,55.15,56.53,2102806.0
2018-06-27,56.75,57.43,55.97,55.98,1766098.0
2018-06-28,56.44,56.99,55.58,56.65,1848045.0
2018-06-29,56.8,57.27,55.69,55.71,1521621.0
2018-07-02,55.31,56.88,54.502,56.11,1812560.0
2018-07-03,56.67,56.86,56.12,56.24,920565.0
2018-07-05,56.66,56.95,56.05,56.91,1640902.0
2018-07-06,56.91,57.78,55.79,57.56,1292846.0
2018-07-09,57.69,57.805,57.2,57.7,1356150.0
2018-07-10,57.93,58.24,57.255,57.59,1531564.0
2018-07-11,59.05,60.42,58.14,58.67,3796022.0
2018-07-12,58.76,59.75,58.4,59.6,2407848.0
2018-07-13,59.68,59.97,58.7,59.13,1328908.0
2018-07-16,59.12,59.62,58.69,59.35,990201.0
2018-07-17,59.26,60.71,58.46,60.37,2172579.0
2018-07-18,60.51,61.39,60.06,60.95,1786650.0
2018-07-19,60.83,61.24,60.41,60.68,988350.0
2018-07-20,60.59,60.93,59.67,59.85,1234954.0
2018-07-23,60.1,60.44,59.12,60.3,1157251.0
2018-07-24,60.46,60.96,59.071,59.69,1195475.0
2018-07-25,59.5,60.905,58.99,60.83,1223402.0
2018-07-26,60.88,61.16,60.2,60.69,1827296.0
2018-07-27,62.22,62.36,56.805,57.93,2726555.0
2018-07-30,58.43,60.0,57.5097,58.24,2434993.0
2018-07-31,58.24,58.9448,56.97,57.99,1818177.0
2018-08-01,57.04,58.46,56.5398,57.65,3068070.0
2018-08-02,50.9,52.15,48.2,51.18,10637823.0
2018-08-03,51.54,53.8,50.49,53.27,4280083.0
2018-08-06,53.09,54.78,52.44,54.07,3281584.0
2018-08-07,54.3,54.78,53.411,54.51,2142996.0
2018-08-08,54.13,55.03,53.65,54.73,1219398.0
2018-08-09,54.38,55.69,54.01,55.04,1554972.0
2018-08-10,54.44,54.84,54.0,54.35,1291436.0
2018-08-13,54.53,54.63,53.66,53.9,1283415.0
2018-08-14,54.02,54.64,53.53,54.25,1001238.0
2018-08-15,53.71,53.7573,52.36,53.3,1720463.0
2018-08-16,53.83,54.34,53.55,53.72,1230230.0
2018-08-17,54.09,54.1,53.13,53.55,707321.0
2018-08-20,53.75,54.14,53.3749,53.84,938928.0
2018-08-21,53.81,54.29,53.52,53.84,990585.0
2018-08-22,53.7,54.29,53.48,53.55,1006026.0
2018-08-23,53.36,53.81,52.55,53.13,1253655.0
2018-08-24,53.21,53.49,52.79,53.38,1139351.0
2018-08-27,53.69,53.9765,52.99,53.36,1097937.0
2018-08-28,53.35,53.52,52.7,53.15,1209611.0
2018-08-29,53.22,54.39,52.85,54.14,1207670.0
2018-08-30,53.83,54.46,53.5589,53.82,1049551.0
2018-08-31,53.76,54.55,53.48,54.31,1237396.0
2018-09-04,54.07,54.07,52.43,53.02,1501978.0
2018-09-05,52.87,52.96,51.13,51.2,1994244.0
2018-09-06,51.59,51.82,50.31,50.63,1332140.0
2018-09-07,50.33,51.61,49.95,50.71,1517918.0
2018-09-10,50.78,52.0,50.32,50.67,1887102.0
2018-09-11,50.59,51.38,50.27,51.0,1220573.0
2018-09-12,50.91,51.43,50.69,51.15,1091194.0
2018-09-13,51.39,51.5,49.48,50.04,2099659.0
2018-09-14,50.05,51.03,49.83,50.39,2272457.0
2018-09-17,50.25,50.35,49.0752,49.27,1487147.0
2018-09-18,49.78,50.99,49.15,50.65,1757361.0
2018-09-19,50.61,51.64,50.28,50.52,1415881.0
2018-09-20,50.84,50.86,49.305,49.6,2152655.0
2018-09-21,49.68,50.355,49.34,50.0,4191660.0
2018-09-24,49.63,51.26,49.51,51.13,1858759.0
2018-09-25,51.43,52.04,50.68,52.0,1773409.0
2018-09-26,51.99,53.13,51.47,52.28,1607172.0
2018-09-27,52.54,52.89,51.89,51.92,1201569.0
2018-09-28,51.8,52.03,50.63,51.07,1900551.0
2018-10-01,50.75,51.2834,50.62,51.07,1871229.0
2018-10-02,50.79,50.79,49.95,50.45,1804302.0
2018-10-03,50.48,51.73,50.22,51.66,1578707.0
2018-10-04,51.5,51.88,50.75,51.54,2471405.0
2018-10-05,51.55,51.65,49.94,50.72,1701421.0
2018-10-08,50.61,50.82,49.1206,49.98,1306922.0
2018-10-09,49.71,49.76,47.2,47.8,5051365.0
2018-10-10,47.03,47.2675,43.4,44.2,6051111.0
2018-10-11,44.02,45.32,43.59,44.65,3928266.0
2018-10-12,45.77,45.78,44.41,45.35,2188459.0
2018-10-15,45.23,45.77,44.47,45.0,1183809.0
2018-10-16,45.58,47.77,45.3,47.66,1767349.0
2018-10-17,47.84,47.84,46.58,47.16,1122443.0
2018-10-18,47.03,47.23,45.84,46.38,1596588.0
2018-10-19,46.71,47.29,45.62,46.6,1363603.0
2018-10-22,46.93,47.72,46.49,47.27,1300013.0
2018-10-23,46.41,47.86,46.028,47.67,1549594.0
2018-10-24,47.82,48.93,46.59,46.72,1754069.0
2018-10-25,47.62,49.39,46.125,48.75,1933424.0
2018-10-26,47.65,49.0,47.07,47.44,2137444.0
2018-10-29,48.3,49.75,48.15,48.94,2324284.0
2018-10-30,48.99,50.98,48.52,50.67,1762346.0
2018-10-31,51.74,52.79,51.41,52.14,2679653.0
2018-11-01,52.14,53.44,51.69,53.29,1834111.0
2018-11-02,53.51,54.085,52.77,53.63,2477891.0
2018-11-05,53.77,53.77,52.56,53.24,2578126.0
2018-11-06,54.78,57.09,54.11,57.0,3711924.0
2018-11-07,57.47,58.53,55.32,58.07,4104300.0
2018-11-08,62.5,69.0,61.1,66.93,12562439.0
2018-11-09,63.92,65.5452,62.79,63.3,6091477.0
2018-11-12,63.3,64.62,62.44,62.67,3597416.0
2018-11-13,62.92,64.4,62.24,63.1,2199543.0
2018-11-14,63.32,63.88,61.24,61.35,2096178.0
2018-11-15,61.15,63.54,60.47,63.2,2812661.0
2018-11-16,62.6,64.12,62.44,63.67,2173606.0
2018-11-19,63.64,64.14,60.67,60.87,1967751.0
2018-11-20,58.95,59.91,57.82,58.76,2970989.0
2018-11-21,59.67,60.47,59.03,59.39,1691080.0
2018-11-23,58.85,59.78,58.46,58.65,853557.0
2018-11-26,59.77,61.25,58.83,61.21,1759431.0
2018-11-27,60.85,62.3,60.57,61.89,1868274.0
2018-11-28,62.7,63.62,61.65,63.32,1715557.0
2018-11-29,63.41,64.2,62.32,63.54,1220707.0
2018-11-30,63.88,64.21,62.63,64.06,2166627.0
2018-12-03,65.0,65.41,63.58,64.59,2563437.0
2018-12-04,64.34,65.4,62.92,63.22,1889892.0
2018-12-06,62.31,64.32,62.2,63.88,2396798.0
2018-12-07,63.42,63.81,61.07,61.61,1542795.0
2018-12-10,61.61,61.66,59.99,61.09,2283463.0
2018-12-11,62.26,62.91,61.49,61.79,2020536.0
2018-12-12,62.59,64.38,62.5,62.56,1973343.0
2018-12-13,62.85,63.21,60.96,61.39,1818573.0
2018-12-14,60.94,62.02,60.46,60.7,1508130.0
2018-12-17,60.65,60.74,57.35,57.71,2243386.0
2018-12-18,58.36,59.1,57.25,57.98,2502803.0
2018-12-19,58.28,59.56,56.34,56.67,1595087.0
2018-12-20,56.25,57.27,54.33,55.01,2067884.0
2018-12-21,54.91,55.36,52.23,52.48,4247809.0
2018-12-24,52.02,53.09,51.39,51.61,1590923.0
2018-12-26,52.31,53.74,51.52,53.68,2049948.0
2018-12-27,52.03,54.13,51.48,54.12,1768913.0
2018-12-28,54.3,55.25,52.75,53.55,1361743.0
2018-12-31,53.91,54.4,53.42,53.94,1608756.0
2019-01-02,52.96,54.34,52.01,54.22,2221498.0
2019-01-03,53.69,53.77,51.01,51.04,2316162.0
2019-01-04,51.45,54.295,51.45,53.92,3208180.0
2019-01-07,53.74,55.49,53.74,55.24,2192907.0
2019-01-08,55.79,57.36,55.57,57.17,2867158.0
2019-01-09,56.9,58.105,56.63,57.84,3060251.0
2019-01-10,57.24,57.86,55.81,57.56,2092199.0
2019-01-11,57.33,57.39,55.77,56.02,2431463.0
2019-01-14,55.48,56.08,55.0,55.76,1322094.0
2019-01-15,55.87,56.78,55.77,56.75,1575866.0
2019-01-16,56.76,57.47,56.27,56.9,1444554.0
2019-01-17,56.37,58.8,56.34,58.45,2137719.0
2019-01-18,58.68,59.43,58.35,59.04,1639228.0
2019-01-22,58.75,59.19,54.81,55.31,2335609.0
2019-01-23,55.65,56.25,54.64,55.58,1604560.0
2019-01-24,55.7,57.33,55.7,56.69,1492946.0
2019-01-25,57.24,57.69,56.77,57.23,1228561.0
2019-01-28,56.47,57.16,56.15,56.79,1485300.0
2019-01-29,56.8,57.045,55.43,56.34,1360391.0
2019-01-30,56.76,57.2,55.78,57.11,1319614.0
2019-01-31,57.11,58.33,56.71,57.38,1290133.0
2019-02-01,57.09,58.02,57.06,57.62,1625156.0
2019-02-04,57.93,59.07,57.37,57.62,2213081.0
2019-02-05,57.53,60.9,57.53,59.95,2993305.0
2019-02-06,59.72,60.46,58.65,59.22,1859482.0
2019-02-07,58.98,58.98,57.68,58.67,1492341.0
2019-02-08,58.64,59.93,58.13,59.2,3126089.0
2019-02-11,59.71,60.67,59.15,59.54,4154650.0
2019-02-12,60.42,60.7004,59.54,60.39,4838301.0
2019-02-13,56.88,59.11,55.41,56.94,9644840.0
2019-02-14,56.34,58.6,55.9,57.76,3153870.0
2019-02-15,57.83,58.24,56.44,56.81,2549282.0
2019-02-19,56.58,56.76,56.08,56.43,2636604.0
2019-02-20,56.46,57.51,55.36,55.4,2422227.0
2019-02-21,55.33,55.915,54.0,54.38,2324381.0
2019-02-22,54.69,55.44,53.86,54.94,2226653.0
2019-02-25,55.39,55.72,52.865,53.17,2834397.0
2019-02-26,52.93,53.37,52.47,53.24,1962471.0
2019-02-27,53.05,54.47,52.99,54.13,1808061.0
2019-02-28,53.8,54.28,52.8,53.17,2384932.0
2019-03-01,53.62,53.86,52.46,52.54,2719467.0
2019-03-04,52.9,52.99,51.58,52.7,2332558.0
2019-03-05,52.72,53.045,51.98,52.32,1734003.0
2019-03-06,50.0,51.44,48.8603,50.65,4035141.0
2019-03-07,50.59,51.16,49.98,51.05,3301575.0
2019-03-08,50.46,51.08,50.07,50.91,1844160.0
2019-03-11,50.84,51.83,50.65,51.81,1225007.0
2019-03-12,51.98,52.07,50.41,51.3,2299289.0
2019-03-13,51.5,52.18,51.2,52.13,2123587.0
2019-03-14,52.03,52.38,51.2167,51.71,1185625.0
2019-03-15,51.83,52.22,51.39,51.59,2272631.0
2019-03-18,51.57,51.794,50.73,51.32,1163040.0
2019-03-19,51.69,51.9,50.95,51.16,1137955.0
2019-03-20,51.08,52.12,50.92,51.78,1112983.0
2019-03-21,51.52,52.43,51.25,52.33,802498.0
2019-03-22,52.18,52.38,50.63,50.75,1753647.0
2019-03-25,50.62,51.17,50.1,50.78,1426898.0
2019-03-26,51.26,51.81,50.77,50.92,1046210.0
2019-03-27,51.05,51.395,50.07,50.69,1911523.0
2019-03-28,50.6,51.31,50.41,51.23,1262963.0
2019-03-29,51.62,52.0,51.06,51.45,1380896.0
2019-04-01,51.93,52.76,51.31,52.74,1809512.0
2019-04-02,52.66,52.94,52.13,52.56,1030777.0
2019-04-03,52.94,53.8,52.64,53.53,1282542.0
2019-04-04,53.53,53.77,52.99,53.7,1239271.0
2019-04-05,53.5,53.89,52.76,52.9,1318293.0
2019-04-08,52.9,52.9,51.79,52.21,1493033.0
2019-04-09,51.84,53.62,51.79,53.02,1520298.0
2019-04-10,53.09,53.57,52.66,53.37,873871.0
2019-04-11,53.46,54.14,53.345,53.88,746554.0
2019-04-12,54.15,55.035,52.42,52.59,1636018.0
2019-04-15,52.3,52.73,51.8,52.42,1057316.0
2019-04-16,52.6,52.94,52.09,52.23,1145495.0
2019-04-17,52.46,52.6,50.54,50.79,1503119.0
2019-04-18,50.9,51.75,50.26,51.72,1041774.0
2019-04-22,51.61,52.1,51.03,51.86,843821.0
2019-04-23,52.18,54.1,52.14,53.61,1886699.0
2019-04-24,53.65,53.9,52.75,53.05,1065038.0
2019-04-25,53.41,54.0,52.47,52.86,1503290.0
2019-04-26,53.06,53.73,52.71,53.39,1087377.0
2019-04-29,53.43,53.59,53.12,53.38,1374230.0
2019-04-30,53.0,53.51,53.0,53.23,2175632.0
2019-05-01,53.34,53.69,52.17,52.24,1281244.0
2019-05-02,52.08,53.27,51.75,52.44,1545693.0
2019-05-03,53.49,55.2,53.25,55.08,2551945.0
2019-05-06,53.97,56.3,53.89,56.22,3282178.0
2019-05-07,55.86,56.6,53.88,54.94,3531397.0
2019-05-08,51.45,51.65,46.4,48.67,10980509.0
2019-05-09,48.16,49.06,47.1301,48.83,2828334.0
2019-05-10,48.44,48.62,46.34,47.47,3208529.0
2019-05-13,46.46,46.54,45.22,46.0,2142802.0
2019-05-14,46.18,47.15,46.08,47.0,1981295.0
2019-05-15,46.77,47.805,46.33,47.2,1808027.0
2019-05-16,47.21,47.4681,46.675,46.75,1662940.0
2019-05-17,46.32,46.48,44.92,44.99,1696135.0
2019-05-20,44.52,45.205,44.1,44.94,1183760.0
2019-05-21,45.82,46.3429,45.385,45.74,2121282.0
2019-05-22,45.62,46.79,45.53,46.51,1591933.0
2019-05-23,45.96,46.69,45.41,45.55,1658499.0
2019-05-24,45.82,46.0845,45.18,45.24,1130950.0
2019-05-28,45.9,46.35,44.065,44.22,1835753.0
2019-05-29,43.9,43.9,43.03,43.32,1360698.0
2019-05-30,43.38,43.8,42.83,43.03,1000915.0
2019-05-31,42.56,42.78,42.07,42.27,1103979.0
2019-06-03,42.18,43.14,42.01,42.66,1538734.0
2019-06-04,43.03,45.38,42.78,45.36,2237190.0
2019-06-05,45.58,45.9089,44.6,45.05,983702.0
2019-06-06,45.01,45.246,44.37,44.84,904762.0
2019-06-07,45.22,45.98,44.82,45.27,1388900.0
2019-06-10,45.72,46.35,45.61,45.65,728665.0
2019-06-11,45.99,46.31,45.59,45.81,823683.0
2019-06-12,45.81,46.26,45.145,45.45,948114.0
2019-06-13,45.56,46.65,45.56,46.28,979859.0
2019-06-14,46.61,46.63,45.5163,45.55,757060.0
2019-06-17,45.6,45.895,45.415,45.68,1026014.0
2019-06-18,45.97,46.86,45.9,46.31,1007492.0
2019-06-19,47.35,48.47,46.79,47.19,1920230.0
2019-06-20,47.75,47.815,46.63,46.75,1252547.0
2019-06-21,46.8,47.39,46.57,47.3,1776597.0
2019-06-24,47.16,47.58,46.38,46.41,1346924.0
2019-06-25,46.5,46.63,44.48,44.51,2009477.0
2019-06-26,44.83,45.43,43.99,44.05,1674449.0
2019-06-27,45.19,46.86,44.53,46.58,2382224.0
2019-06-28,46.86,46.9927,45.72,46.29,1374046.0
2019-07-01,47.09,47.645,46.64,46.79,1001744.0
2019-07-02,46.67,47.31,46.255,47.25,1382992.0
2019-07-03,47.42,47.53,46.68,46.8,652304.0
2019-07-05,46.57,47.6,46.38,47.57,759479.0
2019-07-08,47.36,47.455,45.45,45.54,1651801.0
2019-07-09,45.29,46.075,44.81,45.79,1664810.0
2019-07-10,46.05,46.19,45.44,45.8,1358233.0
2019-07-11,45.82,46.04,45.26,45.95,1007081.0
2019-07-12,46.09,46.23,45.1,45.23,1320806.0
2019-07-15,45.32,45.91,45.02,45.76,888397.0
2019-07-16,45.61,46.83,45.61,46.76,1495537.0
2019-07-17,46.86,46.86,45.6,45.61,1277951.0
2019-07-18,45.54,46.365,45.25,45.87,1918771.0
2019-07-19,45.87,45.97,44.84,44.87,1424729.0
2019-07-22,45.3,45.3,44.275,44.6,1173543.0
2019-07-23,44.86,46.25,44.62,46.03,1483030.0
2019-07-24,45.98,46.88,45.855,46.86,1190880.0
2019-07-25,46.98,46.98,45.795,46.0,948616.0
2019-07-26,46.55,46.84,46.11,46.6,1137733.0
2019-07-29,46.55,46.68,44.24,45.33,1747414.0
2019-07-30,44.86,44.98,44.07,44.2,1482371.0
2019-07-31,44.36,45.16,43.84,44.15,1096865.0
2019-08-01,44.21,44.93,43.5,43.66,994363.0
2019-08-02,42.9,43.96,42.75,43.34,1152092.0
2019-08-05,42.5,43.06,41.64,41.96,1742305.0
2019-08-06,42.32,42.78,41.86,42.43,1222128.0
2019-08-07,42.1,42.94,41.21,41.4,3308338.0
2019-08-08,42.0,46.14,41.75,43.26,3588040.0
2019-08-09,42.26,43.38,41.18,42.68,2134110.0
2019-08-12,42.2,42.43,40.38,40.39,1817983.0
2019-08-13,40.19,40.97,39.59,40.82,1422603.0
2019-08-14,39.87,40.28,38.54,38.57,2119312.0
2019-08-15,38.74,38.95,37.9,38.45,1311187.0
2019-08-16,38.64,39.1,37.975,37.99,2134243.0
2019-08-19,38.62,38.84,37.94,38.74,1786492.0
2019-08-20,38.69,38.74,38.0,38.03,1649900.0
2019-08-21,38.39,39.2,38.14,38.52,1362411.0
2019-08-22,38.6,38.78,37.42,38.15,1703879.0
2019-08-23,37.91,38.1,36.15,36.3,1933354.0
2019-08-26,36.89,36.97,35.805,35.95,1458220.0
2019-08-27,36.13,36.28,35.41,35.81,2391434.0
2019-08-28,35.53,36.99,35.52,36.78,2942768.0
2019-08-29,37.3,38.1,37.1,37.88,1732956.0
2019-08-30,38.16,38.65,37.73,37.99,1389703.0
2019-09-03,37.52,37.75,36.7184,37.07,1470722.0
2019-09-04,37.87,37.97,37.21,37.7,1436582.0
2019-09-05,38.14,38.64,37.97,38.11,1465417.0
2019-09-06,38.1,38.59,37.47,37.88,1686479.0
2019-09-09,37.92,39.705,37.92,39.61,2383374.0
2019-09-10,39.54,40.98,39.31,40.94,2175002.0
2019-09-11,41.02,42.89,40.44,42.75,2754600.0
2019-09-12,42.96,42.96,40.78,41.27,2326860.0
2019-09-13,41.38,41.98,40.79,40.82,1121039.0
2019-09-16,40.55,41.345,40.16,41.15,1018980.0
2019-09-17,41.04,41.46,40.38,41.44,885044.0
2019-09-18,41.43,41.93,40.63,40.97,1332957.0
2019-09-19,40.96,41.16,40.22,40.29,1382961.0
2019-09-20,40.36,40.57,38.75,39.13,2592329.0
2019-09-23,38.8,38.98,38.11,38.155,1637603.0
2019-09-24,38.39,38.57,37.57,37.8,2123678.0
2019-09-25,37.73,38.61,37.51,38.04,1643642.0
2019-09-26,37.6,38.01,37.29,37.89,1360896.0
2019-09-27,38.01,38.86,37.94,38.43,1852720.0
2019-09-30,38.56,38.81,38.06,38.68,1121318.0
2019-10-01,38.82,39.33,38.03,38.23,1253456.0
2019-10-02,37.79,38.0,37.11,37.5,1868522.0
2019-10-03,37.55,38.66,37.11,38.65,1462180.0
2019-10-04,38.72,39.39,38.42,38.98,1564416.0
2019-10-07,39.02,39.31,38.73,38.8,1221632.0
2019-10-08,38.11,38.22,37.16,37.23,1717116.0
2019-10-09,37.51,37.88,37.29,37.42,815033.0
2019-10-10,37.52,38.23,37.52,37.83,1095702.0
2019-10-11,38.18,39.83,38.03,39.11,1746189.0
2019-10-14,39.07,39.21,38.15,38.69,1046245.0
2019-10-15,38.8,39.18,38.21,38.89,1199024.0
2019-10-16,38.74,39.49,38.4,38.71,1127050.0
2019-10-17,39.0,39.19,38.8,38.93,787608.0
2019-10-18,39.08,39.08,37.325,37.415,1656199.0
2019-10-21,38.08,38.89,37.73,37.79,1198994.0
2019-10-22,37.82,39.11,37.52,38.88,2726576.0
2019-10-23,38.77,39.945,38.29,39.91,1638514.0
2019-10-24,40.06,40.09,38.61,39.22,1485479.0
2019-10-25,39.29,40.74,39.23,40.32,1128280.0
2019-10-28,40.48,40.71,39.71,40.52,927313.0
2019-10-29,39.84,40.395,39.16,39.77,1482629.0
2019-10-30,39.78,40.34,39.39,40.26,763405.0
2019-10-31,40.13,40.47,39.35,40.4,1195678.0
2019-11-01,40.6,41.3793,40.23,40.4,1353714.0
2019-11-04,40.89,41.4,40.44,41.2,1381537.0
2019-11-05,41.31,41.75,40.66,40.98,1545470.0
2019-11-06,41.09,41.31,40.49,40.79,2377132.0
2019-11-07,36.2,37.9,29.27,31.65,16914470.0
2019-11-08,31.67,32.27,30.775,31.96,6136473.0
2019-11-11,32.4,32.41,31.46,31.75,3503217.0
2019-11-12,31.74,32.1,31.27,31.7,3120587.0
2019-11-13,31.75,31.8971,30.405,30.84,2658818.0
2019-11-14,30.87,31.9094,30.76,31.06,3759165.0
2019-11-15,31.29,31.7,31.1,31.14,3308840.0
2019-11-18,31.51,32.1,31.27,31.61,6438478.0
2019-11-19,28.63,29.49,27.675,28.38,6284449.0
2019-11-20,28.42,28.42,27.8,27.98,3880489.0
2019-11-21,28.2,28.62,27.83,28.06,4128050.0
2019-11-22,28.16,28.22,27.66,27.98,2860159.0
2019-11-25,28.21,28.58,28.0,28.575,6904045.0
2019-11-26,28.47,29.12,28.23,29.11,3670505.0
2019-11-27,29.28,29.37,28.57,28.68,2673099.0
2019-11-29,28.59,28.68,28.35,28.4,1116366.0
2019-12-02,28.56,28.68,28.13,28.48,2566609.0
2019-12-03,28.04,28.25,27.875,27.91,3551421.0
2019-12-04,27.96,28.96,27.96,28.55,2493477.0
2019-12-05,28.62,29.19,28.53,29.03,2240133.0
2019-12-06,29.33,29.6,28.955,29.04,2228459.0
2019-12-09,28.96,29.05,28.65,28.84,4266751.0
2019-12-10,28.85,29.18,28.73,28.97,2138181.0
2019-12-11,29.0,29.17,28.8,28.935,1863038.0
2019-12-12,29.03,29.62,28.84,29.45,2210648.0
2019-12-13,29.45,29.75,29.195,29.25,1963911.0
2019-12-16,29.37,29.8914,29.34,29.47,3352935.0
2019-12-17,29.48,29.5,28.83,29.21,4194510.0
2019-12-18,29.47,30.015,29.2,29.89,3099465.0
2019-12-19,29.9,30.435,29.6551,30.34,3660869.0
2019-12-20,30.44,30.5,29.99,30.06,25284764.0
2019-12-23,30.26,30.39,29.71,29.89,4385751.0
2019-12-24,29.99,30.4,29.97,30.15,986429.0
2019-12-26,30.32,30.4,29.92,30.35,2358994.0
2019-12-27,30.1,30.55,30.09,30.29,1440702.0
2019-12-30,30.36,30.45,29.99,30.02,1303481.0
2019-12-31,29.98,30.48,29.75,30.38,1923564.0
2020-01-02,30.66,30.844,30.18,30.26,1981064.0
2020-01-03,29.96,30.21,29.7701,30.165,1831464.0
2020-01-06,29.85,30.295,29.77,30.06,1685059.0
2020-01-07,30.1,30.55,29.88,30.47,1910159.0
2020-01-08,30.48,30.96,30.185,30.59,2786609.0
2020-01-09,30.82,30.94,30.14,30.485,1564013.0
2020-01-10,30.46,30.59,29.95,30.12,1692512.0
2020-01-13,30.26,30.68,29.9686,30.61,1922146.0
2020-01-14,30.69,31.28,30.45,31.05,2432344.0
2020-01-15,31.04,31.4,30.75,30.98,2119157.0
2020-01-16,31.31,31.67,30.99,31.52,2131847.0
2020-01-17,31.57,31.65,30.73,30.93,1931368.0
2020-01-21,30.69,30.7,30.02,30.485,2366514.0
2020-01-22,30.59,30.77,30.17,30.26,2316147.0
2020-01-23,30.15,30.725,29.8,30.56,2874436.0
2020-01-24,30.69,30.78,29.54,29.74,2761012.0
2020-01-27,28.64,29.32,28.56,28.94,2579042.0
2020-01-28,29.19,29.19,28.76,28.79,1940112.0
2020-01-29,28.94,29.12,28.28,28.3,2413075.0
2020-01-30,27.88,28.31,27.62,28.21,2670908.0
2020-01-31,28.19,28.2,27.12,27.32,2959236.0
2020-02-03,27.64,28.07,27.52,27.645,2086021.0
2020-02-04,27.98,28.5503,27.8,28.26,2425584.0
2020-02-05,28.57,29.38,28.505,29.29,2144243.0
2020-02-06,29.59,29.6,29.0,29.21,2162012.0
2020-02-07,29.12,29.2,28.64,28.88,1417291.0
2020-02-10,28.74,28.975,28.53,28.64,1378471.0
2020-02-11,28.92,29.99,28.8343,29.81,2818387.0
2020-02-12,30.24,30.66,30.0,30.45,4807631.0
2020-02-13,30.65,31.4,29.02,29.64,6853489.0
2020-02-14,29.8,29.89,29.01,29.65,3161558.0
2020-02-18,28.89,29.53,28.61,28.87,2522688.0
2020-02-19,28.88,29.11,28.54,28.84,1628522.0
2020-02-20,28.91,29.43,28.79,28.97,2206187.0
2020-02-21,28.71,28.89,28.14,28.29,1945868.0
2020-02-24,26.95,27.26,26.6,26.9,2764128.0
2020-02-25,27.05,27.13,25.19,25.62,3305744.0
2020-02-26,25.73,26.09,23.53,23.61,5647535.0
2020-02-27,22.8,23.45,21.94,22.72,5720917.0
2020-02-28,22.04,23.94,22.02,23.45,6135436.0
2020-03-02,23.4,24.12,22.54,24.11,4817884.0
2020-03-03,23.85,24.41,22.98,23.45,3300275.0
2020-03-04,23.64,23.87,23.09,23.86,3014027.0
2020-03-05,23.04,23.21,21.1701,21.74,5273722.0
2020-03-06,20.92,22.1593,20.8,22.0,5317361.0
2020-03-09,20.63,21.54,19.98,20.09,5548720.0
2020-03-10,20.83,20.83,18.75,19.68,5635625.0
2020-03-11,18.97,19.08,18.02,18.23,6162761.0
2020-03-12,17.11,17.37,14.67,14.92,6743698.0
2020-03-13,16.13,17.28,14.6868,17.08,6387903.0
2020-03-16,15.04,18.74,15.04,16.81,6074309.0
2020-03-17,17.16,17.86,15.4,15.6,4998335.0
2020-03-18,14.86,16.0,13.725,14.45,3622775.0
2020-03-19,14.29,16.37,14.27,15.69,2981060.0
2020-03-20,15.96,16.85,15.49,15.84,4365857.0
2020-03-23,15.8,17.5,15.36,17.05,4009013.0
2020-03-24,18.11,18.84,17.32,18.55,2723301.0
2020-03-25,18.66,20.29,17.75,19.76,4092031.0
2020-03-26,20.42,21.24,19.04,19.79,3491461.0
2020-03-27,18.94,19.19,17.755,17.96,2440530.0
2020-03-30,18.0,18.17,17.35,17.87,1891633.0
2020-03-31,17.89,18.46,17.17,17.39,3752085.0
2020-04-01,16.86,17.65,16.3,16.67,2268874.0
2020-04-02,16.57,17.45,16.015,16.27,2275566.0
2020-04-03,16.29,16.56,15.35,15.7,3145715.0
2020-04-06,16.49,17.5,16.38,16.79,4994712.0
2020-04-07,17.71,18.225,16.49,16.77,3391513.0
2020-04-08,17.13,17.64,16.68,17.42,2407310.0
2020-04-09,18.03,19.05,17.73,18.34,2709579.0
2020-04-13,18.37,18.5,17.44,18.11,1888159.0
2020-04-14,18.55,18.72,17.87,18.11,1570196.0
2020-04-15,17.41,20.07,17.11,19.24,7978610.0
2020-04-16,19.41,19.63,17.95,18.435,3895781.0
2020-04-17,19.41,19.73,18.615,18.78,2280421.0
2020-04-20,18.47,18.8,17.86,18.07,1857424.0
2020-04-21,17.64,17.855,16.95,17.36,1520300.0
2020-04-22,17.79,18.3,17.31,17.35,2279726.0
2020-04-23,17.4,18.81,17.34,18.52,2589735.0
2020-04-24,18.52,19.07,18.23,18.44,2746869.0
2020-04-27,18.55,18.99,18.27,18.7,1725392.0
2020-04-28,19.07,19.49,18.66,19.1,2543897.0
2020-04-29,19.91,20.93,19.6,20.47,3181354.0
2020-04-30,20.18,20.3,19.53,19.97,2367015.0
2020-05-01,19.5,19.54,18.3,18.37,2722229.0
2020-05-04,18.0,18.77,17.42,18.72,2085810.0
2020-05-05,19.13,19.32,18.08,18.36,2779076.0
2020-05-06,18.14,18.59,17.58,18.09,2541554.0
2020-05-07,18.55,18.92,18.31,18.72,3546969.0
2020-05-08,18.05,18.9,17.5,17.91,6450868.0
2020-05-11,17.78,17.78,16.67,16.7,4766818.0
2020-05-12,16.78,17.27,16.62,16.9,3743325.0
2020-05-13,16.76,16.76,15.28,15.59,4786184.0
2020-05-14,15.2,15.67,14.53,15.61,5610692.0
2020-05-15,15.4,15.78,15.31,15.66,2939153.0
2020-05-18,16.47,19.245,16.46,19.015,8243566.0
2020-05-19,18.47,19.29,18.3,18.47,6465762.0
2020-05-20,18.88,19.65,18.68,19.53,4084344.0
2020-05-21,19.48,20.055,18.98,19.48,3621488.0
2020-05-22,19.58,19.58,18.6133,18.92,2896822.0
2020-05-26,20.27,22.155,19.97,21.865,7685429.0
2020-05-27,22.75,23.44,22.23,23.35,7192126.0
2020-05-28,23.21,23.28,20.95,21.14,3669375.0
2020-05-29,21.005,21.1,19.02,19.28,10903191.0
2020-06-01,19.37,22.05,19.32,21.85,5668948.0
2020-06-02,21.9,22.18,21.12,21.19,3827768.0
2020-06-03,21.87,22.89,21.67,22.83,4576136.0
2020-06-04,22.99,23.2,21.93,22.01,4320541.0
2020-06-05,23.17,26.6,23.17,25.49,10782380.0
2020-06-08,26.56,26.74,24.972,25.45,4344961.0
2020-06-09,24.68,24.75,23.65,23.86,3202223.0
2020-06-10,23.66,23.83,22.03,22.22,3574041.0
2020-06-11,20.73,21.15,19.85,19.9,5810998.0
2020-06-12,20.98,21.26,20.0,20.41,3336907.0
2020-06-15,19.7,20.87,19.4,20.82,3239319.0
2020-06-16,21.76,21.93,20.158,20.51,4053495.0
2020-06-17,20.42,20.47,18.86,18.95,5816481.0
2020-06-18,18.83,19.17,18.57,18.96,4239659.0
2020-06-19,19.23,19.33,17.99,18.17,6548626.0
2020-06-22,17.85,18.24,17.17,18.18,5131387.0
2020-06-23,18.45,20.53,18.3563,20.11,8855892.0
2020-06-24,19.4,19.65,17.9,18.15,7482308.0
2020-06-25,17.97,18.5562,17.84,18.34,2815938.0
2020-06-26,18.16,18.3516,17.86,18.03,6787590.0
2020-06-29,18.24,19.15,18.09,19.06,3368200.0
2020-06-30,18.73,19.2,18.47,19.01,3120100.0
2020-07-01,18.95,19.73,18.86,19.22,2281500.0
2020-07-02,19.79,19.99,18.91,19.1,1985700.0
2020-07-06,19.61,19.97,19.03,19.51,2492400.0
2020-07-07,19.2,19.2,18.41,18.5,2914900.0
2020-07-08,18.6,19.12,18.21,19.02,2044200.0
2020-07-09,18.93,19.5,18.38,19.38,3730100.0
2020-07-10,18.89,19.69,18.72,19.61,2116600.0
2020-07-13,19.8,19.85,18.79,18.87,2685100.0
2020-07-14,18.78,19.09,18.43,18.85,2165400.0
2020-07-15,19.71,20.82,19.7,20.57,4426200.0
2020-07-16,20.08,20.2,19.28,19.65,2896600.0
2020-07-17,19.78,19.78,19.2,19.71,2311900.0
2020-07-20,19.54,19.79,19.04,19.63,1620517.0
2020-07-21,19.85,20.35,19.71,20.05,2656781.0
2020-07-22,20.04,20.29,19.52,20.25,2530494.0
2020-07-23,20.05,20.705,20.01,20.33,2190286.0
2020-07-24,20.26,20.28,19.855,20.03,2000946.0
2020-07-27,20.12,20.93,19.93,20.84,2297861.0
2020-07-28,20.79,21.36,20.635,21.15,2487430.0
2020-07-29,21.32,21.55,21.01,21.44,1894550.0
2020-07-30,21.03,21.14,20.2866,21.03,1507177.0
2020-07-31,20.81,20.83,19.79,20.23,2615380.0
2020-08-03,20.34,20.4979,19.8,20.355,1141930.0
2020-08-04,20.38,20.88,20.275,20.72,960077.0
2020-08-05,20.97,21.26,20.72,21.09,1310626.0
2020-08-06,21.13,22.33,20.72,21.57,4000150.0
2020-08-07,21.24,22.34,20.08,21.06,4254267.0
2020-08-10,21.32,21.63,20.75,21.17,2461141.0
2020-08-11,21.91,22.89,21.7,22.13,4958188.0
2020-08-12,22.28,23.1,21.82,23.01,4215200.0
2020-08-13,22.65,22.78,21.85,22.26,3679905.0
2020-08-14,22.05,22.45,21.95,22.29,2431000.0
2020-08-17,22.49,22.68,22.1143,22.21,2245306.0
2020-08-18,21.97,22.16,21.715,21.96,1930718.0
2020-08-19,21.91,22.3,21.84,21.92,1369578.0
2020-08-20,21.6,22.05,21.3,21.99,1691213.0
2020-08-21,21.91,22.12,21.74,22.0,1481517.0
2020-08-24,22.08,23.39,22.08,23.38,2713027.0
2020-08-25,23.52,23.79,23.02,23.67,2474237.0
2020-08-26,23.79,23.8535,22.59,22.93,2635931.0
2020-08-27,23.2,24.495,23.07,24.37,4128778.0
2020-08-28,24.55,24.7206,24.125,24.56,2619131.0
2020-08-31,24.5,24.61,23.32,23.37,2274732.0
2020-09-01,23.21,23.415,22.9,23.16,1784899.0
2020-09-02,23.21,23.775,23.0,23.705,1661007.0
2020-09-03,23.75,24.11,22.64,22.8,1807289.0
2020-09-04,23.3,23.3,22.15,22.6,1601570.0
2020-09-08,22.04,22.36,21.7801,22.03,2875589.0
2020-09-09,22.22,22.3,20.96,21.23,3639968.0
2020-09-10,21.45,22.13,21.4,21.43,2379959.0
2020-09-11,21.54,21.625,20.905,21.27,1731709.0
2020-09-14,21.52,21.59,20.93,21.32,2158856.0
2020-09-15,21.54,21.66,20.96,21.04,2358856.0
2020-09-16,21.0,21.74,20.88,21.315,2098761.0
2020-09-17,21.0,21.295,20.69,21.1,2089629.0
2020-09-18,21.11,21.14,20.4,20.75,4027174.0
2020-09-21,20.1,20.1782,19.1118,19.47,3396364.0
2020-09-22,19.55,19.93,19.14,19.875,2557354.0
2020-09-23,20.0,20.32,18.955,19.03,2484439.0
2020-09-24,18.73,19.065,18.44,18.93,2011701.0
2020-09-25,18.85,19.38,18.6858,19.32,1421094.0
2020-09-28,19.6,19.95,19.53,19.82,1700194.0
2020-09-29,19.71,20.03,19.315,19.58,1945555.0
2020-09-30,19.75,20.18,19.36,19.59,2098244.0
2020-10-01,19.69,20.09,19.42,19.87,1392954.0
2020-10-02,19.22,19.81,18.86,19.35,2158718.0
2020-10-05,19.56,19.67,18.895,19.3,2040753.0
2020-10-06,19.37,20.76,19.3,19.7,2815787.0
2020-10-07,19.91,20.36,19.69,20.17,1632659.0
2020-10-08,20.6,20.65,19.99,20.22,1384885.0
2020-10-09,20.12,20.77,19.95,20.37,1577899.0
2020-10-12,20.55,21.12,20.27,21.02,1582284.0
2020-10-13,20.72,20.72,19.87,20.08,1561219.0
2020-10-14,20.26,20.49,19.64,19.9,1516199.0
2020-10-15,19.41,19.95,19.23,19.78,1240292.0
2020-10-16,19.6076,19.85,19.38,19.51,1415330.0
2020-10-19,19.67,19.8,19.12,19.15,1635894.0
2020-10-20,19.36,19.89,19.2,19.645,1493071.0
2020-10-21,19.6,20.0,19.541,19.75,1450331.0
2020-10-22,19.78,21.0177,19.7,20.75,3468791.0
2020-10-23,20.95,21.08,20.5,20.91,2089856.0
2020-10-26,20.4,20.6664,19.86,20.11,2150433.0
2020-10-27,20.05,20.22,19.49,19.59,892705.0
2020-10-28,19.06,19.13,18.5,18.72,1613780.0
2020-10-29,18.64,19.52,18.24,19.4,1716763.0
2020-10-30,19.38,19.46,18.78,19.11,1386512.0
2020-11-02,19.4,19.475,18.9,19.01,1364545.0
2020-11-03,19.4,19.65,19.2,19.58,1577383.0
2020-11-04,19.81,20.07,19.25,19.72,1307754.0
2020-11-05,19.99,20.6601,19.84,20.55,2245204.0
2020-11-06,20.34,20.53,19.65,19.98,1942180.0
2020-11-09,24.33,25.94,22.89,24.31,6577275.0
2020-11-10,23.98,27.38,23.9,26.84,8253385.0
2020-11-11,26.23,26.45,24.94,25.16,4945403.0
2020-11-12,24.46,24.99,23.33,23.52,3767363.0
2020-11-13,23.79,25.54,23.69,25.48,5842292.0
2020-11-16,27.185,27.185,25.17,25.78,3628938.0
2020-11-17,25.25,25.88,25.02,25.61,2889030.0
2020-11-18,26.11,27.74,25.84,26.57,3552370.0
2020-11-19,26.43,26.89,25.96,26.55,1452074.0
2020-11-20,26.51,26.51,25.51,25.91,2221603.0
2020-11-23,26.1,27.02,25.945,26.65,2849495.0
2020-11-24,27.34,27.95,26.76,27.47,2756262.0
2020-11-25,27.11,27.59,26.24,27.28,1553509.0
2020-11-27,27.4,28.25,27.3,27.53,780650.0
2020-11-30,27.64,27.64,25.98,26.1,2677698.0
2020-12-01,27.85,28.32,26.91,27.59,3239707.0
2020-12-02,27.4,28.905,27.0,28.62,2868263.0
2020-12-03,28.95,29.74,28.48,28.6,3189451.0
2020-12-04,28.7,31.0,28.666,30.94,3365151.0
2020-12-07,30.61,31.13,29.7,29.995,4437808.0
2020-12-08,29.69,30.098,29.08,29.49,1588302.0
2020-12-09,29.95,30.51,29.2,29.39,1842119.0
2020-12-10,29.02,29.99,28.76,29.38,2016564.0
2020-12-11,29.0,29.1,28.24,28.41,1883494.0
2020-12-14,28.8,29.12,27.365,27.53,2768160.0
2020-12-15,27.82,28.18,27.17,27.84,2886536.0
2020-12-16,27.97,28.1,27.08,27.32,1781077.0
2020-12-17,27.44,27.47,26.6,26.75,2949579.0
2020-12-18,26.77,27.16,26.14,26.99,4465276.0
2020-12-21,25.9565,26.72,25.58,26.05,4734763.0
2020-12-22,26.35,26.52,25.06,25.88,3476810.0
2020-12-23,25.86,26.66,25.59,26.12,1471536.0
2020-12-24,26.39,26.39,25.73,26.0,901655.0
2020-12-28,26.63,27.74,26.43,27.21,2320066.0
2020-12-29,27.445,27.82,26.83,27.75,1765516.0
2020-12-30,28.05,28.89,27.63,28.07,2143819.0
2020-12-31,28.02,29.23,27.6,28.78,2066201.0
2021-01-04,29.205,29.79,28.09,28.31,2992389.0
2021-01-05,28.14,30.03,28.02,29.82,2385001.0
2021-01-06,30.44,32.15,29.59,31.39,4060691.0
2021-01-07,31.31,32.91,31.29,31.97,2523258.0
2021-01-08,32.5,36.17,32.37,35.65,6134069.0
2021-01-11,34.22,35.9,33.51,35.76,2866711.0
2021-01-12,35.67,35.76,34.25,34.6,2541405.0
2021-01-13,34.78,34.79,33.86,34.2,2683001.0
2021-01-14,34.36,35.275,34.07,34.74,1900604.0
2021-01-15,34.5,34.94,33.34,33.43,2288074.0
2021-01-19,34.445,34.445,32.6431,33.53,3067904.0
2021-01-20,33.87,34.155,33.38,33.67,2132867.0
2021-01-21,33.4,34.25,33.05,33.63,1535460.0
2021-01-22,32.84,33.52,32.61,33.19,1015938.0
2021-01-25,33.47,33.86,31.53,33.06,2316886.0
2021-01-26,33.15,33.43,32.445,32.7,1536852.0
2021-01-27,32.43,35.9,31.39,33.94,6234576.0
2021-01-28,34.28,34.95,32.11,33.27,3593734.0
2021-01-29,33.46,33.89,30.95,30.97,2832049.0
2021-02-01,31.43,33.05,31.16,32.81,1928324.0
2021-02-02,33.51,34.0,32.75,33.69,1795229.0
2021-02-03,33.6,35.3,33.21,34.46,2379585.0
2021-02-04,34.74,35.46,34.08,35.38,1490277.0
2021-02-05,35.746,36.19,35.45,35.9,1855768.0
2021-02-08,36.85,37.0,36.07,36.28,1752656.0
2021-02-09,36.06,37.36,35.5404,36.44,2043030.0
2021-02-10,37.37,37.76,36.02,36.59,1817057.0
2021-02-11,36.6,37.6,36.23,36.98,2741930.0
2021-02-12,36.65,37.62,36.325,37.38,1548302.0
2021-02-16,37.52,38.1,36.91,37.29,2583687.0
2021-02-17,37.36,38.31,36.59,38.05,2954460.0
2021-02-18,37.3,38.81,36.63,38.44,3985627.0
2021-02-19,38.77,40.96,38.23,39.92,7980417.0
2021-02-22,40.128,46.48,40.0,44.71,8610436.0
2021-02-23,41.95,46.47,41.14,46.05,6581949.0
2021-02-24,46.46,50.49,45.49,49.56,7380668.0
2021-02-25,49.5,50.25,42.91,43.54,5892043.0
2021-02-26,43.912,50.24,42.52,49.62,8008077.0
2021-03-01,52.265,52.98,48.5208,49.35,4399853.0
2021-03-02,51.9,54.5,51.37,52.64,7570906.0
2021-03-03,53.76,54.96,52.5,53.42,6152025.0
2021-03-04,54.62,55.3,50.67,51.69,7351690.0
2021-03-05,52.9,53.0,47.58,51.5,7223148.0
2021-03-08,51.69,52.4,47.0304,47.62,5001645.0
2021-03-09,49.055,50.86,46.74,50.35,3470608.0
2021-03-10,50.72,52.6,49.3207,51.8,3031160.0
2021-03-11,52.05,56.02,50.57,55.31,5668540.0
2021-03-12,55.23,59.87,54.77,59.79,7234639.0
2021-03-15,60.8,64.95,60.38,60.85,7182159.0
2021-03-16,60.25,60.6,56.9,58.62,3653159.0
2021-03-17,58.45,61.56,57.25,61.03,3713180.0
2021-03-18,60.56,62.62,57.85,58.77,5127310.0
2021-03-19,58.58,61.02,57.16,59.99,3991242.0
2021-03-22,58.0,58.19,53.59,53.68,7737316.0
2021-03-23,53.53,53.53,48.92,49.39,7839674.0
2021-03-24,50.33,51.14,48.52,48.7,5520020.0
2021-03-25,47.38,54.35,46.67,54.11,7445456.0
2021-03-26,53.55,56.02,52.3,55.68,4814723.0
2021-03-29,55.7,56.94,52.52,53.75,2985676.0
2021-03-30,54.02,55.42,53.29,54.13,3088441.0
2021-03-31,54.465,55.405,53.56,53.79,2241482.0
2021-04-01,55.24,56.99,54.735,55.25,3003652.0
2021-04-05,56.91,57.0,54.63,56.79,2263846.0
2021-04-06,55.82,57.69,53.91,54.24,3504794.0
2021-04-07,54.76,55.43,52.07,52.89,2602606.0
2021-04-08,52.63,52.69,50.6,51.68,3548936.0
2021-04-09,52.26,52.55,50.88,52.49,1681824.0
2021-04-12,51.56,52.36,49.66,51.13,3352730.0
2021-04-13,50.5756,52.09,50.085,51.69,2808128.0
2021-04-14,52.26,53.18,51.72,52.53,2570412.0
2021-04-15,52.53,52.7,50.99,52.36,1665679.0
2021-04-16,52.48,53.5,51.41,52.58,2738860.0
2021-04-19,52.49,54.27,51.86,53.01,4110269.0
2021-04-20,52.07,52.45,46.46,47.5,8032389.0
2021-04-21,48.11,50.59,47.52,50.39,3788881.0
2021-04-22,50.38,51.31,48.76,49.665,4301372.0
2021-04-23,50.18,51.285,49.65,50.99,2828849.0
2021-04-26,51.7323,52.0,48.54,48.75,5274507.0
2021-04-27,49.0,49.38,48.19,48.45,2612714.0
2021-04-28,48.42,49.4806,47.96,48.85,2213095.0
2021-04-29,49.5,49.6685,47.0001,47.84,2813194.0
2021-04-30,47.0,47.45,46.03,47.13,3492082.0
2021-05-03,47.54,49.28,46.99,47.33,2698364.0
2021-05-04,47.02,47.49,44.76,47.18,3115340.0
2021-05-05,47.38,47.81,45.11,45.44,2333225.0
2021-05-06,45.2,45.6,43.21,44.71,4930468.0
2021-05-07,42.33,47.25,42.22,44.17,5358728.0
2021-05-10,43.81,45.99,43.81,44.7,3712293.0
2021-05-11,43.04,45.9,42.675,45.45,2622734.0
2021-05-12,44.73,44.75,40.75,41.16,5157611.0
2021-05-13,41.67,43.0,39.92,40.9,2658554.0
2021-05-14,41.68,43.09,41.22,42.17,2300013.0
2021-05-17,41.27,41.49,40.1,41.0,4815875.0
2021-05-18,41.6,42.11,41.0,41.27,2459676.0
2021-05-19,40.01,40.55,38.95,40.29,2122254.0
2021-05-20,40.51,41.03,39.88,40.26,2140564.0
2021-05-21,40.51,40.51,39.62,39.78,1815814.0
2021-05-24,40.24,41.28,39.802,40.9,2236488.0
2021-05-25,41.68,42.27,40.76,40.84,2490190.0
2021-05-26,40.82,41.92,40.2,41.52,2934656.0
2021-05-27,41.86,43.27,41.5,42.96,3963805.0
2021-05-28,43.83,43.83,42.5,43.45,2115161.0
2021-06-01,44.75,44.99,42.88,43.34,2384717.0
2021-06-02,43.8,43.9,41.7,42.44,3404550.0
2021-06-03,41.86,42.63,40.97,42.26,2449174.0
2021-06-04,42.21,42.43,40.89,41.26,2131696.0
2021-06-07,41.798,42.68,41.31,42.25,2068637.0
2021-06-08,42.58,43.02,41.43,41.65,1691242.0
2021-06-09,41.81,44.29,41.63,42.82,3400469.0
2021-06-10,42.955,43.18,40.56,41.83,2471711.0
2021-06-11,41.97,43.09,41.81,43.02,4061314.0
2021-06-14,42.78,42.8,40.64,40.66,2979437.0
2021-06-15,40.96,41.1748,40.1,40.57,2295075.0
2021-06-16,41.63,42.26,40.26,41.38,2809189.0
2021-06-17,40.72,42.6518,40.65,41.0,3675370.0
2021-06-18,40.53,41.05,39.65,40.8,3075747.0
2021-06-21,40.5,41.07,39.82,40.88,2228364.0
2021-06-22,40.93,41.09,39.87,40.55,2412791.0
2021-06-23,40.92,41.79,40.76,41.45,1490753.0
2021-06-24,41.65,42.41,41.2,42.11,1583125.0
2021-06-25,42.15,42.62,41.5,42.37,3117900.0
2021-06-28,42.2809,42.48,39.86,40.49,2726812.0
2021-06-29,40.6,40.78,39.88,40.0,1667057.0
2021-06-30,39.95,40.77,39.45,40.3,1406606.0
2021-07-01,40.42,41.3,40.42,40.57,1159993.0
2021-07-02,40.6,40.68,39.975,40.28,1373704.0
2021-07-06,40.0,40.21,38.78,39.41,1655587.0
2021-07-07,39.47,39.8,38.15,38.54,1871773.0
2021-07-08,37.44,38.48,37.2961,38.0,2344607.0
2021-07-09,38.59,39.39,38.4901,38.89,1270656.0
2021-07-12,38.56,38.88,37.45,37.87,2345487.0
2021-07-13,38.01,38.15,36.64,36.7,2250818.0
2021-07-14,36.82,37.3501,35.935,35.99,2765930.0
2021-07-15,36.01,36.49,35.37,36.23,2363007.0
2021-07-16,36.73,36.85,35.03,35.28,1745782.0
2021-07-19,34.3,35.49,34.05,34.27,3884523.0
2021-07-20,34.22,36.1,33.23,35.56,3231338.0
2021-07-21,35.82,37.22,35.82,36.64,1959617.0
2021-07-22,36.48,36.48,35.36,36.06,1423171.0
2021-07-23,36.27,36.46,35.4,36.26,1980447.0
2021-07-26,37.05,38.88,37.02,38.65,3412407.0
2021-07-27,38.13,38.74,37.27,38.0,2750662.0
2021-07-28,38.77,39.265,37.93,38.23,2146296.0
2021-07-29,38.25,38.71,37.58,38.29,1133907.0
2021-07-30,38.02,39.07,37.65,37.95,1582048.0
2021-08-02,38.0,39.41,37.75,38.28,2542552.0
2021-08-03,38.35,38.47,36.26,37.06,1891034.0
2021-08-04,36.56,37.42,35.81,36.05,1557284.0
2021-08-05,36.45,38.51,36.4,37.95,3352326.0
2021-08-06,38.51,38.8299,36.95,37.24,1850167.0
2021-08-09,37.03,37.08,35.621,36.02,2614370.0
2021-08-10,35.85,36.19,34.67,35.85,3211003.0
2021-08-11,35.74,36.69,35.07,36.61,2215642.0
2021-08-12,36.37,36.59,35.13,35.5,1196777.0
2021-08-13,35.44,35.51,34.54,34.95,1138504.0
2021-08-16,34.57,34.57,33.37,33.55,2516335.0
2021-08-17,33.25,33.25,32.27,33.1,3113774.0
2021-08-18,33.14,34.25,32.67,33.55,2134957.0
2021-08-19,33.24,33.49,32.06,32.61,1331919.0
2021-08-20,32.47,32.77,32.19,32.66,1191155.0
2021-08-23,32.85,33.869,32.85,33.73,1279091.0
2021-08-24,34.15,35.16,34.14,34.99,1922967.0
2021-08-25,35.16,36.3999,34.74,36.01,2054855.0
2021-08-26,35.73,36.36,35.31,35.61,2105703.0
2021-08-27,35.59,36.51,35.5159,36.16,1214181.0
2021-08-30,36.15,36.365,34.41,34.46,2009718.0
2021-08-31,34.755,35.58,34.615,35.0,2877813.0
2021-09-01,35.04,35.45,34.475,34.57,1479618.0
2021-09-02,34.81,35.99,34.51,34.54,1891806.0
2021-09-03,34.16,34.545,33.68,33.94,1439929.0
2021-09-07,34.06,34.98,34.06,34.72,1744371.0
2021-09-08,34.29,35.66,33.9317,34.33,1834405.0
2021-09-09,34.58,35.48,34.25,34.76,1701511.0
2021-09-10,34.86,35.14,34.44,34.58,1591053.0
2021-09-13,35.0,36.74,34.94,36.32,2420265.0
2021-09-14,36.1258,36.425,35.265,35.46,1693674.0
2021-09-15,35.55,35.95,35.02,35.83,1657852.0
2021-09-16,35.89,36.29,35.6,35.73,947182.0
2021-09-17,35.86,36.57,35.39,35.79,2526855.0
2021-09-20,34.396,34.66,32.5,33.07,7319065.0
2021-09-21,33.06,33.2,31.905,32.41,2938388.0
2021-09-22,32.72,33.875,32.54,33.48,3865542.0
2021-09-23,33.9,35.59,33.71,35.36,2859186.0
2021-09-24,35.1,37.17,35.0,36.62,3592709.0
2021-09-27,36.69,37.6,36.12,36.2,1940440.0
2021-09-28,35.85,35.94,34.86,34.94,1655326.0
2021-09-29,35.35,35.355,33.9679,34.06,2425591.0
2021-09-30,34.05,34.3,33.14,33.85,1861580.0
2021-10-01,34.42,37.45,34.42,36.99,4421399.0
2021-10-04,36.91,37.27,35.92,36.02,1771329.0
2021-10-05,36.05,36.85,35.46,35.8,1955726.0
2021-10-06,35.155,36.44,35.1,36.42,1635494.0
2021-10-07,36.74,36.84,35.77,35.96,1761938.0
2021-10-08,36.18,37.06,36.01,36.03,1084167.0
2021-10-11,36.11,36.76,35.86,35.92,1267738.0
2021-10-12,35.92,36.51,35.77,36.42,843369.0
2021-10-13,36.45,36.9845,35.935,36.02,1217083.0
2021-10-14,36.38,37.41,36.22,37.33,1548070.0
2021-10-15,37.898,39.04,37.59,37.86,2705873.0
2021-10-18,37.3,38.06,37.03,37.22,2081194.0
2021-10-19,37.38,37.65,36.19,36.26,1246447.0
2021-10-20,36.26,36.375,34.6195,34.99,2814139.0
2021-10-21,34.85,35.21,34.24,34.57,1269519.0
2021-10-22,34.35,34.35,33.42,34.04,1678814.0
2021-10-25,33.94,34.59,33.57,34.45,1348069.0
2021-10-26,34.73,34.7879,33.64,33.97,971286.0
2021-10-27,33.73,33.92,33.06,33.09,1238797.0
2021-10-28,33.2,33.43,32.76,33.32,1164913.0
2021-10-29,33.52,33.6799,32.52,32.97,1729060.0
2021-11-01,31.53,33.11,31.31,32.8,3020449.0
2021-11-02,33.03,33.05,31.82,32.19,2087798.0
2021-11-03,32.27,33.09,31.97,32.83,1677205.0
2021-11-04,33.5,33.64,32.46,32.48,1577613.0
2021-11-05,35.165,36.39,34.66,35.04,4599581.0
2021-11-08,35.77,37.21,34.68,34.87,7792024.0
2021-11-09,31.53,33.27,31.0,31.33,9986873.0
2021-11-10,31.01,32.0,30.615,30.91,3500343.0
2021-11-11,30.71,31.7,30.52,30.68,4450573.0
2021-11-12,30.97,31.33,30.52,30.79,2823220.0
2021-11-15,31.01,31.789,30.45,31.49,3058588.0
2021-11-16,31.24,31.55,30.285,30.55,2853554.0
2021-11-17,30.5,30.91,29.76,30.02,2457196.0
2021-11-18,30.095,30.435,28.861,29.78,2449645.0
2021-11-19,29.14,29.67,28.65,28.95,3328355.0
2021-11-22,29.005,29.08,27.62,28.17,3159629.0
2021-11-23,28.31,28.84,27.72,28.4,2391962.0
2021-11-24,28.21,28.65,27.6701,28.21,1586293.0
2021-11-26,25.88,26.81,25.51,26.75,5310698.0
2021-11-29,27.49,27.88,26.18,26.58,3180118.0
2021-11-30,26.15,26.69,25.07,25.86,4671194.0
2021-12-01,26.6,27.28,25.05,25.05,4079386.0
2021-12-02,25.15,25.87,24.48,25.66,3253587.0
2021-12-03,25.82,25.82,24.42,24.75,2316155.0
2021-12-06,25.02,27.58,24.83,26.95,3859407.0
2021-12-07,28.24,28.28,26.74,26.88,3101580.0
2021-12-08,27.05,28.15,26.8,27.19,3033268.0
2021-12-09,26.95,27.3175,26.55,26.76,1876454.0
2021-12-10,27.05,27.6,26.15,26.43,2414418.0
2021-12-13,26.0,26.0,25.13,25.37,2730243.0
2021-12-14,25.11,25.7441,24.95,25.14,1935739.0
2021-12-15,25.015,25.05,23.62,24.87,3270626.0
2021-12-16,25.12,25.4,23.74,24.09,2308574.0
2021-12-17,24.05,25.7,23.52,25.68,4323604.0
2021-12-20,24.89,25.34,24.24,24.71,2609877.0
2021-12-21,25.23,26.92,25.177,26.65,3577820.0
2021-12-22,26.48,27.1,26.16,26.73,1773222.0
2021-12-23,26.69,27.7,26.67,27.26,2130039.0
2021-12-27,27.09,27.41,26.79,27.24,1617710.0
2021-12-28,27.0439,27.77,27.02,27.37,1437481.0
2021-12-29,27.21,27.72,26.88,27.21,2201415.0
2021-12-30,27.21,27.96,27.115,27.6,1442511.0
2021-12-31,27.69,28.09,27.15,27.26,1707707.0
2022-01-03,27.68,28.5,27.595,28.45,2335959.0
2022-01-04,28.882,29.2,28.48,29.02,3753305.0
2022-01-05,28.91,29.42,28.2,28.27,2749337.0
2022-01-06,28.42,29.01,27.8,28.01,1839258.0
2022-01-07,27.99,28.51,27.675,28.23,1686504.0
2022-01-10,28.07,28.61,26.73,28.54,2880373.0
2022-01-11,28.54,29.635,28.26,29.15,2970066.0
2022-01-12,29.14,29.62,28.59,28.72,1635564.0
2022-01-13,28.92,29.62,28.645,28.76,2118139.0
2022-01-14,28.6,29.2,28.2,28.96,1835906.0
2022-01-18,28.43,29.11,28.02,28.14,2149014.0
2022-01-19,28.19,28.94,27.96,27.99,2550878.0
2022-01-20,28.11,29.44,27.91,27.98,1830899.0
2022-01-21,27.64,28.14,27.06,27.49,3110809.0
2022-01-24,26.6983,26.75,24.505,26.68,5198495.0
2022-01-25,26.04,26.895,25.77,26.66,2315229.0
2022-01-26,27.36,27.58,25.85,26.05,4191118.0
2022-01-27,26.315,26.74,25.05,25.1,2725128.0
2022-01-28,25.1,25.86,24.36,25.85,2358820.0
2022-01-31,25.78,27.39,25.6,27.15,3154068.0
2022-02-01,27.2,27.96,27.06,27.66,2663790.0
2022-02-02,27.92,27.92,26.99,27.68,1983582.0
2022-02-03,26.92,27.64,26.445,26.54,1611563.0
2022-02-04,26.6,27.35,26.2,27.05,2141237.0
2022-02-07,27.36,28.02,27.0,27.87,2255679.0
2022-02-08,27.91,28.35,27.46,28.0,1860442.0
2022-02-09,28.41,29.41,28.41,29.4,2058156.0
2022-02-10,29.14,30.08,28.82,29.34,2296124.0
2022-02-11,29.62,30.48,28.48,28.61,2989553.0
2022-02-14,28.64,29.45,28.13,28.37,1689287.0
2022-02-15,29.09,30.21,28.91,30.07,2578079.0
2022-02-16,29.83,30.25,29.22,29.23,3918068.0
2022-02-17,26.74,28.91,26.55,28.5,5252553.0
2022-02-18,28.2,29.43,27.7,27.97,4136116.0
2022-02-22,27.64,27.86,26.835,27.12,2401253.0
2022-02-23,27.41,27.74,26.56,26.58,1910927.0
2022-02-24,24.711,26.76,24.67,26.69,4778128.0
2022-02-25,27.1,27.275,25.825,26.39,2549130.0
2022-02-28,26.04,26.31,25.08,25.44,2443265.0
2022-03-01,25.19,25.28,23.38,23.68,3730507.0
2022-03-02,23.89,24.86,23.83,24.75,2024932.0
2022-03-03,24.78,24.84,22.995,23.21,2241463.0
2022-03-04,23.0,23.04,21.38,21.58,4061852.0
2022-03-07,21.43,21.8,20.25,20.65,5773375.0
2022-03-08,21.0,23.515,20.72,23.08,5162411.0
2022-03-09,24.1,24.51,23.57,23.81,3362760.0
2022-03-10,23.14,24.38,23.06,24.02,1764729.0
2022-03-11,24.51,24.56,23.52,23.55,1809810.0
2022-03-14,23.43,24.21,23.38,23.73,2019678.0
2022-03-15,24.04,24.25,23.43,24.08,2301631.0
2022-03-16,24.56,25.6,24.52,25.46,2266077.0
2022-03-17,25.0,25.095,24.17,24.92,2126299.0
2022-03-18,24.74,25.52,24.63,25.38,1755184.0
2022-03-21,25.32,25.36,24.44,24.93,1294434.0
2022-03-22,25.19,26.12,25.07,25.91,1910699.0
2022-03-23,25.6,26.04,25.345,25.55,1185300.0
2022-03-24,25.73,26.27,25.23,26.24,1029071.0
2022-03-25,26.29,26.56,25.83,26.28,1063094.0
2022-03-28,26.4,26.57,25.68,26.22,1094719.0
2022-03-29,26.96,27.999,26.79,27.67,2056253.0
2022-03-30,27.3,27.83,26.94,27.08,1044809.0
2022-03-31,27.23,27.68,27.11,27.12,1254912.0
2022-04-01,27.46,27.79,27.165,27.4,1330821.0
2022-04-04,27.6,28.1,27.32,28.08,1192515.0
2022-04-05,28.23,28.28,26.92,27.1,1606445.0
2022-04-06,26.74,26.74,25.8,26.04,1796836.0
2022-04-07,26.03,26.17,25.1278,25.7,1083490.0
2022-04-08,25.47,25.76,25.235,25.3,943572.0
2022-04-11,25.05,25.87,24.8,25.02,1525396.0
2022-04-12,25.46,25.48,24.47,24.68,1501055.0
2022-04-13,24.92,26.23,24.91,26.2,1420708.0
2022-04-14,26.35,27.47,26.35,26.83,1511861.0
2022-04-18,26.79,27.23,26.55,26.73,1419117.0
2022-04-19,26.79,27.92,26.58,27.85,1614494.0
2022-04-20,27.7,27.785,26.655,26.7,1470370.0
2022-04-21,27.67,27.94,26.21,26.28,2222217.0
2022-04-22,26.0,26.3051,25.42,25.73,2049240.0
2022-04-25,25.435,26.165,25.26,26.09,1247697.0
2022-04-26,25.88,26.03,24.88,24.94,1613253.0
2022-04-27,24.68,25.635,24.68,25.54,1608792.0
2022-04-28,26.08,26.48,25.29,26.36,1657377.0
2022-04-29,26.0,26.68,25.595,25.67,1515142.0
2022-05-02,25.51,25.82,24.65,25.28,2144409.0
2022-05-03,25.28,25.36,24.49,24.79,2136466.0
2022-05-04,24.92,24.99,23.81,24.55,2751644.0
2022-05-05,26.18,27.43,25.13,25.8,6500354.0
2022-05-06,25.18,25.53,22.83,22.87,3598955.0
2022-05-09,22.44,22.77,21.13,21.21,3801495.0
2022-05-10,21.73,22.83,20.875,22.62,3568430.0
2022-05-11,22.86,24.13,22.65,22.84,3110696.0
2022-05-12,22.73,23.58,22.33,22.81,2181294.0
2022-05-13,23.4,25.12,23.17,24.77,3605304.0
2022-05-16,24.82,25.28,24.13,24.2,1511950.0
2022-05-17,24.86,25.75,24.635,25.37,1934866.0
2022-05-18,25.08,25.86,24.77,24.89,1482249.0
2022-05-19,24.69,25.59,24.64,25.04,1845065.0
2022-05-20,25.49,25.49,24.04,24.65,1580605.0
2022-05-23,24.76,24.76,23.36,23.52,2138720.0
2022-05-24,23.11,23.11,21.92,22.11,2787287.0
2022-05-25,21.95,23.54,21.89,23.45,1867489.0
2022-05-26,23.7,25.61,23.7,25.17,2760400.0
2022-05-27,25.38,26.02,25.21,25.59,1965147.0
2022-05-31,25.31,25.51,24.49,24.84,2748463.0
2022-06-01,24.955,25.52,23.79,24.23,3681837.0
2022-06-02,24.05,25.16,23.86,25.13,1526533.0
2022-06-03,24.72,24.9,24.33,24.55,1259181.0
2022-06-06,24.79,25.15,24.56,24.87,1101189.0
2022-06-07,24.38,24.855,24.34,24.63,1536550.0
2022-06-08,24.58,24.79,24.15,24.43,1584485.0
2022-06-09,24.24,24.34,23.28,23.33,1695018.0
2022-06-10,22.77,23.2,22.025,22.11,2881024.0
2022-06-13,21.2,21.37,19.68,19.73,4731710.0
2022-06-14,20.01,20.02,19.13,19.53,2502598.0
2022-06-15,19.81,20.36,19.55,20.0,2565666.0
2022-06-16,19.24,19.47,18.1001,18.29,4863459.0
2022-06-17,18.48,19.84,18.45,19.4,3839879.0
2022-06-21,19.7,19.895,18.75,18.78,2579408.0
2022-06-22,18.51,18.9184,18.37,18.4,2619657.0
2022-06-23,18.49,18.78,18.001,18.3,2241395.0
2022-06-24,18.51,19.34,18.41,19.32,4042516.0
2022-06-27,19.36,19.62,19.06,19.36,2329514.0
2022-06-28,19.6,20.43,18.9,18.91,1794659.0
2022-06-29,18.73,18.73,17.71,18.4,2462971.0
2022-06-30,18.09,18.35,17.435,17.8,2809432.0
2022-07-01,17.78,18.48,17.7,18.47,1675768.0
2022-07-05,17.99,18.835,17.53,18.82,1990956.0
2022-07-06,18.86,19.09,17.96,18.17,1936571.0
2022-07-07,18.49,18.93,18.44,18.71,1484840.0
2022-07-08,18.53,18.742,18.01,18.4,1630733.0
2022-07-11,18.0,18.13,17.33,17.62,1581071.0
2022-07-12,17.6,18.0,17.53,17.75,1253059.0
2022-07-13,17.28,17.84,17.04,17.8,1311086.0
2022-07-14,17.55,17.69,17.17,17.21,1130414.0
2022-07-15,17.45,17.6,16.87,17.34,2295093.0
2022-07-18,17.83,18.65,17.83,18.1,3250108.0
2022-07-19,18.38,19.095,18.38,19.04,1738218.0
2022-07-20,19.09,19.475,18.89,19.32,1697487.0
2022-07-21,19.0,19.08,18.42,18.78,1447955.0
2022-07-22,18.73,18.95,18.295,18.48,1745453.0
2022-07-25,18.48,18.86,18.14,18.83,1364022.0
2022-07-26,18.7,18.7,17.98,17.98,1649031.0
2022-07-27,18.42,19.25,18.38,19.2,1798552.0
2022-07-28,19.2,19.48,18.47,19.02,1941547.0
2022-07-29,18.92,19.08,18.69,19.01,1561509.0
2022-08-01,18.73,19.055,18.27,18.92,1857921.0
2022-08-02,18.64,19.67,18.61,19.43,1840179.0
2022-08-03,19.57,20.265,19.51,20.17,1636128.0
2022-08-04,20.13,20.51,20.0311,20.06,2253785.0
2022-08-05,20.75,24.32,20.74,23.86,7865069.0
2022-08-08,24.45,25.395,24.14,24.84,3449924.0
2022-08-09,24.65,25.11,24.61,24.95,2682546.0
2022-08-10,25.58,26.3432,25.58,26.07,2823231.0
2022-08-11,26.46,26.92,25.925,26.05,2357194.0
2022-08-12,26.4,27.47,26.26,27.34,2019732.0
2022-08-15,26.98,27.435,26.71,27.26,1579318.0
2022-08-16,27.13,28.05,26.94,28.0,1766811.0
2022-08-17,27.44,27.66,27.06,27.32,1655010.0
2022-08-18,27.3,27.35,26.6,27.15,1450556.0
2022-08-19,26.62,26.75,26.205,26.36,1277891.0
2022-08-22,25.75,25.86,25.205,25.32,1572545.0
2022-08-23,25.57,25.74,25.11,25.14,1615849.0
2022-08-24,25.0,25.39,24.9,25.16,1336537.0
2022-08-25,25.61,26.03,25.44,25.61,1128261.0
2022-08-26,25.71,25.95,24.915,25.04,1371039.0
2022-08-29,24.63,24.99,24.405,24.58,1437383.0
2022-08-30,24.69,24.95,23.64,23.69,1936598.0
2022-08-31,24.2,24.36,23.73,23.8,1483535.0
2022-09-01,23.62,23.62,22.64,23.51,1611018.0
2022-09-02,23.76,24.01,23.21,23.4,1180684.0
2022-09-06,23.5,23.705,22.82,23.47,1374940.0
2022-09-07,23.36,24.145,23.36,24.08,1422424.0
2022-09-08,24.04,24.64,23.795,24.52,1434176.0
2022-09-09,24.84,25.3,24.73,25.26,1594051.0
2022-09-12,25.59,25.91,25.46,25.66,1638511.0
2022-09-13,24.92,25.545,24.68,25.25,1999341.0
2022-09-14,25.35,25.83,24.9,25.82,1561179.0
2022-09-15,25.5,26.86,25.5,25.86,1515471.0
2022-09-16,25.35,25.45,24.275,24.39,2742423.0
2022-09-19,23.83,24.46,23.78,24.32,1373136.0
2022-09-20,24.31,25.095,24.25,24.62,1233192.0
2022-09-21,24.62,24.63,22.9101,23.53,2551072.0
2022-09-22,23.67,23.83,22.29,22.46,1998291.0
2022-09-23,22.05,22.53,21.58,22.06,1871822.0
2022-09-26,22.02,22.7,21.81,21.84,2271013.0
2022-09-27,22.3,22.76,21.99,22.29,1198287.0
2022-09-28,22.35,23.04,22.08,22.99,1461963.0
2022-09-29,22.49,22.695,22.005,22.37,1326704.0
2022-09-30,22.13,22.83,22.04,22.08,1185920.0
2022-10-03,22.28,22.65,21.42,22.0,1685762.0
2022-10-04,22.69,23.68,22.65,23.62,1514654.0
2022-10-05,23.2,23.65,22.68,23.31,1680446.0
2022-10-06,23.23,23.56,22.78,23.26,1486998.0
2022-10-07,22.84,23.125,22.51,22.88,1214590.0
2022-10-10,22.85,22.97,22.1,22.31,934161.0
2022-10-11,22.53,22.65,21.73,22.17,1593883.0
2022-10-12,21.98,22.96,21.83,22.94,2166110.0
2022-10-13,22.63,23.12,21.91,22.67,2380954.0
2022-10-14,23.1,23.31,22.17,22.21,1229542.0
2022-10-17,22.59,23.34,22.52,23.3,2466462.0
2022-10-18,23.94,24.4,23.59,24.39,2275893.0
2022-10-19,23.85,24.19,23.305,23.61,2914354.0
2022-10-20,23.56,24.6,23.49,23.68,2197550.0
2022-10-21,23.42,24.44,23.12,24.44,1711150.0
2022-10-24,24.5,24.5,23.7,23.99,1781884.0
2022-10-25,23.72,24.305,23.72,24.01,3265153.0
2022-10-26,23.77,24.34,23.38,23.55,1544949.0
2022-10-27,23.72,24.05,23.37,23.43,1008819.0
2022-10-28,23.43,23.87,22.89,23.49,1706180.0
2022-10-31,23.6,23.99,23.55,23.62,1576327.0
2022-11-01,24.25,24.68,23.91,23.93,1492530.0
2022-11-02,23.6,23.7,22.68,22.74,2188307.0
2022-11-03,22.52,23.43,22.39,23.17,1867729.0
2022-11-04,23.68,24.31,23.22,23.72,2623733.0
2022-11-07,23.98,24.03,22.82,23.8,3718280.0
2022-11-08,18.41,19.99,18.0,19.68,14842446.0
2022-11-09,19.43,20.56,19.04,19.91,6641910.0
2022-11-10,20.7,20.9675,20.3,20.86,4694374.0
2022-11-11,21.08,22.18,21.08,22.17,3160919.0
2022-11-14,21.92,22.63,21.48,21.52,2141217.0
2022-11-15,21.93,22.16,21.11,21.33,3467819.0
2022-11-16,21.0,21.08,20.28,20.34,3473663.0
2022-11-17,20.05,20.5,19.845,20.26,2122946.0
2022-11-18,20.6,20.6,19.67,19.91,1991795.0
2022-11-21,19.66,19.99,19.06,19.09,2537445.0
2022-11-22,19.23,19.56,18.6799,19.54,1764395.0
2022-11-23,19.57,19.87,19.41,19.64,1310908.0
2022-11-25,19.52,19.96,19.455,19.83,834047.0
2022-11-28,19.61,19.94,19.3,19.45,1869194.0
2022-11-29,19.65,19.91,19.455,19.58,1436263.0
2022-11-30,19.68,20.42,19.42,20.39,1721188.0
2022-12-01,20.32,20.995,20.26,20.62,1741059.0
2022-12-02,20.45,20.51,20.14,20.31,1164275.0
2022-12-05,20.22,20.3794,19.515,19.58,1316116.0
2022-12-06,19.6,19.9,18.955,19.02,1693291.0
2022-12-07,18.036,18.28,17.53,17.8,4200697.0
2022-12-08,17.94,18.9,17.94,18.64,3097648.0
2022-12-09,18.62,18.79,18.41,18.49,2578558.0
2022-12-12,18.44,18.64,18.24,18.56,1656828.0
2022-12-13,19.33,19.4,18.61,18.93,2950182.0
2022-12-14,18.92,18.97,18.35,18.68,3109298.0
2022-12-15,18.37,18.5,18.0,18.16,3119655.0
2022-12-16,18.0,18.25,17.79,18.0,3789847.0
2022-12-19,17.94,17.94,17.145,17.26,2337369.0
2022-12-20,17.16,17.575,17.16,17.49,1584626.0
2022-12-21,17.66,18.05,17.63,17.8,1547772.0
2022-12-22,17.68,17.68,17.18,17.48,1620722.0
2022-12-23,17.48,17.855,17.34,17.85,1315356.0
2022-12-27,17.65,17.82,17.49,17.61,1035770.0
2022-12-28,17.48,17.66,17.2,17.26,1794613.0
2022-12-29,17.39,17.9,17.36,17.86,1593377.0
2022-12-30,17.61,18.0,17.5,17.98,1395735.0
2023-01-03,18.23,18.45,18.0008,18.31,1808348.0
2023-01-04,18.5,19.23,18.43,19.21,1977417.0
2023-01-05,19.12,19.57,19.01,19.38,2568506.0
2023-01-06,19.53,19.67,19.41,19.64,1598083.0
2023-01-09,19.92,20.53,19.82,20.22,3156788.0
2023-01-10,20.27,20.67,20.23,20.58,1539373.0
2023-01-11,20.49,20.94,20.3533,20.63,1468631.0
2023-01-12,20.8,21.05,20.37,21.03,1397989.0
2023-01-13,20.9,21.36,20.83,21.35,1038117.0
2023-01-17,21.39,21.805,21.24,21.69,1763265.0
2023-01-18,21.99,22.3,21.675,21.68,1922217.0
2023-01-19,21.27,22.0,21.27,21.79,1891796.0
2023-01-20,22.0,22.755,21.71,22.67,2012366.0
2023-01-23,22.78,23.03,22.68,22.96,1320241.0
2023-01-24,22.9,23.06,22.63,22.74,1774697.0
2023-01-25,22.5,23.015,22.37,22.98,1545491.0
2023-01-26,23.3,23.44,22.71,23.08,1305511.0
2023-01-27,23.08,23.465,23.075,23.37,1002709.0
2023-01-30,23.04,23.34,22.91,22.92,1420481.0
2023-01-31,22.98,23.3,22.89,23.3,1433016.0
2023-02-01,23.35,24.015,23.19,23.8,3842546.0
2023-02-02,24.16,25.27,24.08,24.61,3618237.0
2023-02-03,24.072,24.535,23.785,23.93,2670767.0
2023-02-06,23.71,24.0398,23.5601,23.71,1989600.0
2023-02-07,23.9,24.26,23.506,24.17,1577485.0
2023-02-08,25.94,26.15,24.915,25.09,4825024.0
2023-02-09,25.53,25.8499,25.22,25.32,3016000.0
2023-02-10,24.845,25.01,23.8,24.06,2805407.0
2023-02-13,24.1,24.515,23.98,24.42,2451717.0
2023-02-14,24.26,25.19,23.96,25.13,3530320.0
2023-02-15,26.935,27.3,24.9408,25.2,8681480.0
2023-02-16,23.854,24.11,22.335,22.57,6033870.0
2023-02-17,22.3,22.35,21.595,21.89,4299979.0
2023-02-21,21.4,22.745,21.38,22.22,3118943.0
2023-02-22,22.22,22.81,22.14,22.24,2291504.0
2023-02-23,22.37,22.54,22.105,22.39,1801032.0
2023-02-24,21.94,22.14,21.445,21.59,1847631.0
2023-02-27,21.77,21.95,21.62,21.71,1777713.0
2023-02-28,21.72,21.96,21.485,21.57,1635018.0
2023-03-01,21.6,21.71,21.325,21.4,1312485.0
2023-03-02,21.14,21.28,20.85,21.26,1441972.0
2023-03-03,21.38,21.63,21.12,21.36,1418160.0
2023-03-06,21.36,21.615,21.21,21.32,1229818.0
2023-03-07,21.24,21.49,20.97,21.08,1320314.0
2023-03-08,20.98,21.07,20.56,20.83,1327251.0
2023-03-09,20.8,20.82,20.025,20.04,1845304.0
2023-03-10,20.01,20.07,19.505,19.61,2583693.0
2023-03-13,19.26,19.31,18.64,18.78,3646395.0
2023-03-14,19.36,19.54,18.81,19.13,3590606.0
2023-03-15,18.68,18.73,18.23,18.47,2899473.0
2023-03-16,18.27,19.2,18.24,19.02,2280642.0
2023-03-17,18.87,18.9,18.24,18.5,3321024.0
2023-03-20,18.6,18.915,18.52,18.78,2247537.0
2023-03-21,18.95,19.325,18.935,19.29,2225495.0
2023-03-22,19.34,19.41,18.875,18.89,2236616.0
2023-03-23,19.09,19.32,18.565,18.73,1990676.0
2023-03-24,18.51,18.65,18.27,18.45,1872543.0
2023-03-27,18.68,18.7067,18.43,18.53,2643789.0
2023-03-28,18.48,18.79,18.41,18.69,2405359.0
2023-03-29,18.95,18.97,18.7593,18.86,2193583.0
2023-03-30,19.03,19.32,18.91,19.31,2623796.0
2023-03-31,19.51,20.17,19.45,19.86,2055712.0
2023-04-03,19.74,19.889,19.63,19.82,1928184.0
2023-04-04,19.96,20.005,19.46,19.54,1465940.0
2023-04-05,19.445,19.445,18.935,19.14,1363532.0
2023-04-06,19.12,19.26,18.9,19.03,1123161.0
2023-04-10,18.81,19.1,18.71,18.97,2513717.0
2023-04-11,18.98,19.09,18.705,18.8,1489507.0
2023-04-12,18.99,19.06,17.915,18.0,2682315.0
2023-04-13,18.2,18.48,18.17,18.42,2442264.0
2023-04-14,18.3,18.615,18.23,18.47,1776795.0
2023-04-17,18.45,18.7,18.36,18.63,1316303.0
2023-04-18,18.78,19.11,18.675,19.03,1662730.0
2023-04-19,18.85,19.31,18.82,19.14,1871371.0
2023-04-20,18.37,18.58,18.195,18.25,2259336.0
2023-04-21,18.12,18.25,17.72,18.01,1952010.0
2023-04-24,18.05,18.24,17.735,18.04,2209001.0
2023-04-25,17.79,17.79,17.48,17.48,1759942.0
2023-04-26,17.58,17.685,17.255,17.29,1478268.0
2023-04-27,17.55,17.56,17.185,17.44,1313261.0
2023-04-28,17.29,17.77,17.19,17.73,1763488.0
2023-05-01,17.75,18.285,17.74,18.21,2221595.0
2023-05-02,18.21,18.365,17.91,18.26,3418828.0
2023-05-03,18.18,18.2,16.99,17.1,5687836.0
2023-05-04,14.72,16.08,14.385,15.63,9501991.0
2023-05-05,15.9,15.9,15.225,15.72,5148505.0
2023-05-08,15.83,16.21,15.47,16.15,4500267.0
2023-05-09,15.97,16.23,15.88,15.9,3355592.0
2023-05-10,16.02,16.175,15.545,15.79,3583953.0
2023-05-11,15.74,16.065,15.72,15.8,2951909.0
2023-05-12,15.81,15.81,15.4,15.58,2534861.0
2023-05-15,15.58,15.995,15.43,15.97,2192047.0
2023-05-16,15.76,15.99,15.5,15.61,6218559.0
2023-05-17,15.62,15.94,15.45,15.84,5840786.0
2023-05-18,15.77,16.23,15.7,16.19,2555429.0
2023-05-19,16.24,16.24,15.75,15.88,1745883.0
2023-05-22,15.94,16.21,15.865,16.1,2287902.0
2023-05-23,16.1,16.212,15.64,15.65,1914921.0
2023-05-24,15.46,15.59,15.06,15.33,1909766.0
2023-05-25,15.31,15.53,15.105,15.44,1735190.0
2023-05-26,15.41,15.6,15.28,15.31,2009716.0
2023-05-30,15.41,15.41,14.765,15.13,3086000.0
2023-05-31,15.0,15.6793,14.93,15.56,4935757.0
2023-06-01,15.51,15.615,15.27,15.53,3403423.0
2023-06-02,15.79,16.3,15.77,16.24,3366067.0
2023-06-05,16.09,16.35,15.85,16.29,2205289.0
2023-06-06,16.29,16.632,16.08,16.55,4112017.0
2023-06-07,16.58,16.86,16.315,16.54,2744529.0
2023-06-08,16.7,16.77,16.09,16.31,2943229.0
2023-06-09,16.32,16.78,16.31,16.51,2780341.0
2023-06-12,16.55,16.83,16.375,16.76,2050463.0
2023-06-13,16.96,16.98,16.71,16.96,1940565.0
2023-06-14,17.01,17.025,16.47,16.69,2299134.0
2023-06-15,16.5,16.91,16.295,16.74,3069835.0
2023-06-16,16.79,16.91,16.595,16.78,3344793.0
2023-06-20,16.62,16.7,16.3,16.51,2961186.0
2023-06-21,16.37,16.49,16.01,16.11,2503864.0
2023-06-22,16.34,16.93,16.23,16.86,3254641.0
2023-06-23,16.54,16.54,16.19,16.3,3710906.0
2023-06-26,16.22,16.57,16.135,16.19,1839470.0
2023-06-27,16.31,16.75,16.16,16.62,2264868.0
2023-06-28,16.63,16.925,16.48,16.62,2285819.0
2023-06-29,16.56,16.665,16.29,16.56,2327634.0
2023-06-30,16.68,16.85,16.46,16.49,2178139.0
2023-07-03,16.45,17.155,16.36,16.85,2060896.0
2023-07-05,16.71,16.71,16.1602,16.36,2369045.0
2023-07-06,16.17,16.17,15.78,16.08,2699122.0
2023-07-07,16.14,16.78,16.06,16.66,3003083.0
2023-07-10,16.62,16.879,16.55,16.67,1816361.0
2023-07-11,16.77,17.46,16.75,17.37,2666315.0
2023-07-12,17.65,17.7,17.19,17.5,2285151.0
2023-07-13,17.68,17.825,17.39,17.4,1321176.0
2023-07-14,17.42,17.475,17.085,17.22,1658414.0
2023-07-17,17.21,17.63,17.14,17.54,1624557.0
2023-07-18,17.49,17.97,17.49,17.95,1890766.0
2023-07-19,18.05,18.11,17.7,17.76,2049416.0
2023-07-20,17.76,17.8,17.405,17.44,1792120.0
2023-07-21,17.68,17.68,17.23,17.45,1566139.0
2023-07-24,17.51,17.595,17.06,17.38,1692590.0
2023-07-25,17.4,17.56,17.16,17.28,1698945.0
2023-07-26,17.29,17.745,17.28,17.69,2310737.0
2023-07-27,17.78,17.99,17.39,17.41,1819118.0
2023-07-28,17.68,18.32,17.64,18.11,3656448.0
2023-07-31,18.15,18.835,18.13,18.65,5398254.0
2023-08-01,18.45,18.49,17.845,18.38,3387807.0
2023-08-02,18.05,18.125,17.46,17.62,4625628.0
2023-08-03,16.71,16.97,15.855,16.06,8420724.0
2023-08-04,16.14,16.765,15.89,16.36,3890363.0
2023-08-07,16.32,16.405,16.025,16.09,3196357.0
2023-08-08,15.85,16.19,15.635,16.14,2301274.0
2023-08-09,16.06,16.565,16.01,16.42,2132757.0
2023-08-10,16.63,16.68,16.16,16.34,1546871.0
2023-08-11,16.27,16.415,16.2,16.39,1076046.0
2023-08-14,16.18,16.215,15.86,15.93,2035223.0
2023-08-15,15.76,15.84,14.95,15.02,3568802.0
2023-08-16,14.9,15.43,14.9,15.32,2463155.0
2023-08-17,15.34,15.4525,15.235,15.36,1704927.0
2023-08-18,15.07,15.44,15.04,15.35,1314285.0
2023-08-21,15.34,15.555,15.34,15.47,1253086.0
2023-08-22,15.51,15.56,15.14,15.24,1381883.0
2023-08-23,15.29,15.45,15.2,15.34,1347969.0
2023-08-24,15.32,15.37,14.965,14.99,1629160.0
2023-08-25,15.01,15.115,14.855,15.0,1633740.0
2023-08-28,15.07,15.29,15.04,15.17,1102574.0
2023-08-29,15.17,15.44,15.1,15.4,1237107.0
2023-08-30,15.36,15.39,15.13,15.15,1722981.0
2023-08-31,15.2,15.295,15.11,15.11,1452567.0
2023-09-01,15.3,15.615,15.24,15.6,1763046.0
2023-09-05,15.54,16.47,15.54,15.99,3881219.0
2023-09-06,15.88,16.02,15.435,15.58,1613998.0
2023-09-07,15.41,15.535,15.245,15.48,2500258.0
2023-09-08,15.5,15.825,15.5,15.67,1964436.0
2023-09-11,15.81,15.91,15.44,15.45,1647833.0
2023-09-12,15.38,15.675,15.265,15.49,2205198.0
2023-09-13,15.42,15.59,15.22,15.38,2439372.0
2023-09-14,15.55,15.785,15.44,15.77,1927239.0
2023-09-15,15.76,16.34,15.68,15.98,23433454.0
2023-09-18,15.83,16.335,15.675,16.15,3276634.0
2023-09-19,16.16,16.42,16.14,16.28,2548939.0
2023-09-20,16.42,16.465,16.025,16.15,2338491.0
2023-09-21,15.94,16.095,15.77,15.88,2169695.0
2023-09-22,15.97,16.36,15.89,16.07,2014285.0
2023-09-25,15.89,16.105,15.79,15.9,1905050.0
2023-09-26,15.75,16.065,15.64,15.67,2185444.0
2023-09-27,15.75,16.19,15.75,16.07,2270133.0
2023-09-28,16.07,16.64,16.07,16.59,2806294.0
2023-09-29,16.76,16.865,16.535,16.58,2698532.0
2023-10-02,16.57,16.715,16.35,16.5,2025280.0
2023-10-03,16.32,16.43,15.59,15.77,2219248.0
2023-10-04,15.84,16.11,15.8,16.01,1149788.0
2023-10-05,15.97,16.08,15.685,15.88,976397.0
2023-10-06,15.76,16.1,15.71,15.97,952991.0
2023-10-09,15.7,15.71,15.43,15.51,1852360.0
2023-10-10,15.6,16.04,15.6,15.92,1817917.0
2023-10-11,15.93,16.27,15.93,16.18,1074560.0
2023-10-12,16.34,16.38,15.71,15.75,1120610.0
2023-10-13,15.7,15.83,15.57,15.74,1461252.0
2023-10-16,15.78,16.38,15.69,16.29,1493037.0
2023-10-17,16.39,16.93,16.32,16.42,2437432.0
2023-10-18,16.17,16.21,15.76,15.8,1641276.0
2023-10-19,15.77,15.895,15.47,15.51,1770008.0
2023-10-20,15.43,15.43,14.92,14.92,1502647.0
2023-10-23,14.79,15.23,14.755,14.87,1709227.0
2023-10-24,15.07,15.34,15.06,15.25,1573901.0
2023-10-25,15.06,15.06,14.58,14.7,1809051.0
2023-10-26,14.71,14.9,14.37,14.49,1740900.0
2023-10-27,14.58,14.7789,14.29,14.31,1340325.0
2023-10-30,14.46,14.83,14.4,14.48,1239750.0
2023-10-31,14.55,14.83,14.4,14.76,1402209.0
2023-11-01,14.73,14.78,14.15,14.29,1342503.0
2023-11-02,14.45,14.7,14.23,14.66,2234826.0
2023-11-03,14.91,15.81,14.91,15.75,2407223.0
2023-11-06,15.95,16.44,15.66,16.11,7395173.0
2023-11-07,17.53,18.305,16.68,17.88,13738156.0
2023-11-08,17.94,18.295,17.33,17.46,4758384.0
2023-11-09,17.67,17.7497,16.945,16.99,3334652.0
2023-11-10,16.9,17.47,16.805,17.37,1968713.0
2023-11-13,17.82,17.9,17.045,17.12,2417715.0
2023-11-14,17.71,18.16,17.56,17.81,2997890.0
2023-11-15,17.9,19.48,17.83,19.09,5159179.0
2023-11-16,18.99,19.115,18.645,18.78,2766083.0
2023-11-17,19.03,19.24,18.682,19.09,2672463.0
2023-11-20,19.01,19.325,18.98,19.19,1658545.0
2023-11-21,19.04,19.215,19.0,19.04,1582133.0
2023-11-22,19.25,19.48,19.025,19.07,1246402.0
2023-11-24,18.97,19.25,18.705,18.92,1029093.0
2023-11-27,18.86,19.17,18.8289,18.97,1855861.0
2023-11-28,18.95,18.965,18.46,18.59,1701221.0
2023-11-29,18.76,18.88,17.855,17.91,2748795.0
2023-11-30,18.08,18.19,17.77,17.83,2106707.0
2023-12-01,17.78,18.13,17.395,18.1,2207666.0
2023-12-04,18.05,18.43,17.91,18.11,2128141.0
2023-12-05,18.04,18.22,17.585,17.77,2090607.0
2023-12-06,17.95,18.16,17.61,17.65,2048626.0
2023-12-07,17.67,17.9391,17.63,17.85,1612945.0
2023-12-08,17.78,18.13,17.76,17.91,1948695.0
2023-12-11,17.89,18.502,17.86,18.4,2769180.0
2023-12-12,18.27,18.355,17.785,18.13,2974837.0
2023-12-13,18.07,18.11,17.462,18.07,3091651.0
2023-12-14,19.13,19.65,18.73,19.25,4923420.0
2023-12-15,19.43,19.51,18.895,19.28,12109681.0
2023-12-18,19.34,19.97,19.22,19.93,3701254.0
2023-12-19,20.1,21.59,20.055,21.58,7206568.0
2023-12-20,21.5,21.99,21.105,21.18,4411303.0
2023-12-21,21.63,21.68,21.03,21.44,4958851.0
2023-12-22,21.4,21.45,21.04,21.32,2809031.0
2023-12-26,21.25,21.75,21.01,21.47,2165277.0
2023-12-27,21.5,21.725,21.055,21.35,2723998.0
2023-12-28,21.33,21.435,21.15,21.33,1592992.0
2023-12-29,21.45,22.0801,21.41,21.53,2652993.0
2024-01-02,21.26,21.44,20.83,21.06,2200152.0
2024-01-03,20.83,20.885,20.375,20.41,2140804.0
2024-01-04,20.31,21.19,20.12,21.14,2705129.0
2024-01-05,20.98,21.57,20.85,20.98,1809894.0
2024-01-08,20.95,21.4,20.66,21.36,2517480.0
2024-01-09,20.91,21.02,19.845,19.95,2960032.0
2024-01-10,19.79,20.78,19.79,20.3,2177057.0
2024-01-11,20.22,20.22,19.595,19.84,2662489.0
2024-01-12,19.89,20.03,19.52,19.55,1863507.0
2024-01-16,19.29,19.595,19.16,19.51,1735920.0
2024-01-17,19.22,19.89,19.15,19.88,3004063.0
2024-01-18,20.1,20.5,19.8901,20.27,1956200.0
2024-01-19,20.5,21.06,20.18,21.04,2800375.0
2024-01-22,21.31,21.54,21.065,21.14,2559825.0
2024-01-23,21.5,21.945,21.315,21.34,4771179.0
2024-01-24,21.54,21.59,21.16,21.19,1198589.0
2024-01-25,21.41,21.775,21.24,21.56,1747347.0
2024-01-26,21.65,21.945,21.6,21.71,1831142.0
2024-01-29,21.82,22.22,21.635,22.14,1642573.0
2024-01-30,22.1,22.46,21.96,22.06,1846690.0
2024-01-31,21.87,22.35,21.5404,21.6,1775604.0
2024-02-01,21.71,22.03,21.42,21.98,1573979.0
2024-02-02,21.95,22.04,21.66,21.85,1671864.0
2024-02-05,21.74,21.835,21.4,21.73,1607154.0
2024-02-06,21.72,21.79,21.245,21.54,1986825.0
2024-02-07,21.65,21.96,21.335,21.68,1315896.0
2024-02-08,21.7,22.59,21.7,22.55,2495454.0
2024-02-09,22.03,22.1299,21.31,21.71,3484343.0
2024-02-12,21.87,22.85,21.84,22.37,3351233.0
2024-02-13,24.86,26.6683,24.615,25.46,11404019.0
2024-02-14,25.6,25.69,25.08,25.32,5366676.0
2024-02-15,27.0,28.2,26.105,27.66,8237551.0
2024-02-16,26.95,27.49,26.405,26.75,5385626.0
2024-02-20,26.34,27.365,26.27,26.92,3043381.0
2024-02-21,26.54,26.975,26.475,26.52,2241878.0
2024-02-22,26.4,27.16,26.26,27.0,2087154.0
2024-02-23,26.89,27.415,26.63,27.32,1925375.0
2024-02-26,27.21,27.78,27.0,27.06,2486658.0
2024-02-27,27.28,27.43,26.9712,27.21,1948748.0
2024-02-28,27.02,27.13,26.63,26.81,1766556.0
2024-02-29,26.85,27.4189,26.665,26.82,2379631.0
2024-03-01,26.91,27.22,26.84,27.16,3083818.0
2024-03-04,27.22,28.05,26.865,27.03,2647800.0
2024-03-05,26.64,26.905,26.355,26.66,2195023.0
2024-03-06,26.85,28.19,26.46,26.77,5419021.0
2024-03-07,26.86,26.86,26.3,26.32,2226372.0
2024-03-08,26.47,26.68,26.115,26.56,2790701.0
2024-03-11,26.43,27.02,26.29,26.6,1696357.0
2024-03-12,26.58,26.945,26.36,26.76,1452158.0
2024-03-13,26.48,27.14,26.28,26.66,1365648.0
2024-03-14,26.83,27.02,26.49,26.89,1644436.0
2024-03-15,26.74,27.69,26.626,27.34,4118733.0
2024-03-18,27.53,28.0,27.37,27.82,2029471.0
2024-03-19,27.5,27.8177,27.15,27.68,1622510.0
2024-03-20,27.68,28.425,27.6,28.05,2308030.0
2024-03-21,28.26,28.525,27.92,28.34,1700888.0
2024-03-22,28.2,28.76,27.92,28.56,1492020.0
2024-03-25,28.5,28.58,28.16,28.16,1226131.0
2024-03-26,28.47,28.47,27.96,27.99,1613179.0
2024-03-27,28.32,28.32,27.51,27.85,1974224.0
2024-03-28,27.84,27.9619,27.37,27.79,2506023.0
2024-04-01,27.78,28.64,27.53,27.69,2437342.0
2024-04-02,27.2,27.92,26.475,27.72,2248683.0
2024-04-03,27.43,27.895,27.43,27.67,1043496.0
2024-04-04,27.78,28.15,26.98,27.06,1369263.0
2024-04-05,27.09,27.49,27.04,27.24,1082759.0
2024-04-08,27.39,27.42,27.015,27.05,1261304.0
2024-04-09,27.03,27.18,26.59,26.92,2060017.0
2024-04-10,26.36,26.89,26.26,26.46,1333731.0
2024-04-11,26.42,27.085,26.35,27.01,1295743.0
2024-04-12,26.69,26.89,26.485,26.74,1386285.0
2024-04-15,26.75,26.965,25.23,25.48,2520743.0
2024-04-16,25.38,25.54,25.1,25.21,1648324.0
2024-04-17,25.42,25.78,25.25,25.4,1299551.0
2024-04-18,25.56,25.89,25.22,25.25,1477187.0
2024-04-19,25.24,25.525,24.905,25.04,1731205.0
2024-04-22,25.21,25.625,24.99,25.56,1434228.0
2024-04-23,25.56,26.2,25.56,26.12,1289001.0
2024-04-24,26.25,26.34,25.755,26.15,1407149.0
2024-04-25,25.67,26.445,25.67,26.24,2090299.0
2024-04-26,26.48,27.52,26.32,27.45,2816884.0
2024-04-29,27.31,27.63,26.79,27.0,1682994.0
2024-04-30,26.78,27.1,26.29,26.33,1396889.0
2024-05-01,26.24,26.84,26.12,26.32,1992139.0
2024-05-02,26.54,26.58,26.03,26.55,1835469.0
2024-05-03,26.65,26.715,25.34,25.79,2501055.0
2024-05-06,26.08,26.08,25.28,25.5,2229916.0
2024-05-07,25.5,25.95,25.11,25.48,3781025.0
2024-05-08,17.41,18.745,15.88,18.16,27682342.0
2024-05-09,18.11,18.48,17.53,18.31,6641944.0
2024-05-10,18.21,18.31,17.63,18.18,4499506.0
2024-05-13,18.2,18.745,18.0369,18.64,5839774.0
2024-05-14,18.73,19.28,18.545,19.25,3836108.0
2024-05-15,19.3,19.3699,18.745,18.89,2870444.0
2024-05-16,18.85,18.93,18.63,18.69,2089147.0
2024-05-17,18.65,18.65,18.07,18.1,3103521.0
2024-05-20,18.08,18.47,18.02,18.45,2873940.0
2024-05-21,18.44,18.5599,18.14,18.19,1790468.0
2024-05-22,18.1,18.46,18.1,18.38,2081760.0
2024-05-23,18.4,18.72,17.76,17.77,1812883.0
2024-05-24,17.88,18.01,17.71,17.89,1716309.0
2024-05-28,17.88,18.12,17.75,17.92,2116330.0
2024-05-29,17.77,18.03,17.55,17.93,2442626.0
2024-05-30,17.83,18.07,17.8,17.93,1512353.0
2024-05-31,17.94,18.37,17.94,18.35,1742382.0
2024-06-03,18.45,18.57,18.14,18.26,1873966.0
2024-06-04,18.1,18.29,17.96,18.02,1744738.0
2024-06-05,18.14,18.19,17.715,17.82,2048457.0
2024-06-06,17.73,18.515,17.72,18.45,2456539.0
2024-06-07,18.34,18.64,18.25,18.58,2177523.0
2024-06-10,18.43,18.58,18.305,18.47,2445744.0
2024-06-11,18.48,18.535,18.28,18.36,1176914.0
2024-06-12,18.61,18.8,18.54,18.71,1451147.0
2024-06-13,18.58,18.74,18.29,18.35,2355384.0
2024-06-14,18.182,18.31,18.07,18.12,1607589.0
2024-06-17,18.14,18.155,17.8546,18.09,1915217.0
2024-06-18,18.11,18.28,17.9,18.0,1733122.0
2024-06-20,17.94,18.115,17.875,17.94,1423774.0
2024-06-21,17.94,18.0422,17.385,17.76,6029668.0
2024-06-24,17.69,17.825,17.61,17.62,1538072.0
2024-06-25,17.64,17.8324,17.53,17.58,1523821.0
2024-06-26,17.49,17.705,17.405,17.57,1242353.0
2024-06-27,17.5,17.57,17.325,17.47,1255180.0
2024-06-28,17.49,17.815,17.4,17.81,1687491.0
2024-07-01,17.83,17.95,17.381,17.58,1222851.0
2024-07-02,17.48,17.76,17.3615,17.73,1128409.0
2024-07-03,17.69,17.745,17.465,17.58,496646.0
2024-07-05,17.53,17.62,17.365,17.6,1413762.0
2024-07-08,17.74,17.965,17.6001,17.91,1106102.0
2024-07-09,17.91,17.94,17.51,17.53,1230434.0
2024-07-10,17.66,17.69,17.17,17.59,1238311.0
2024-07-11,17.97,18.0,17.595,17.94,1472174.0
2024-07-12,17.9,18.12,17.735,17.87,1118728.0
2024-07-15,17.88,18.165,17.86,18.01,1036189.0
2024-07-16,18.1,18.235,17.835,18.04,1714536.0
2024-07-17,17.89,18.215,17.88,18.02,2031129.0
2024-07-18,18.03,18.091,17.74,17.77,2005502.0
2024-07-19,17.85,17.92,17.595,17.67,1252733.0
2024-07-22,17.76,17.975,17.41,17.94,1259837.0
2024-07-23,17.86,18.35,17.86,18.2,1138615.0
2024-07-24,18.0,18.1,17.385,17.43,969181.0
2024-07-25,17.41,17.76,17.175,17.61,1820090.0
2024-07-26,17.77,18.02,17.7,17.9,1202296.0
2024-07-29,17.94,18.23,17.86,17.97,1197828.0
2024-07-30,18.04,18.23,17.8,18.02,976358.0
2024-07-31,18.16,18.16,17.605,17.63,1895503.0
2024-08-01,17.66,17.69,16.75,16.85,1616431.0
2024-08-02,16.31,16.56,15.97,16.22,1912251.0
2024-08-05,15.45,16.1,15.22,15.79,1957471.0
2024-08-06,15.88,16.405,15.71,16.32,2461508.0
2024-08-07,14.21,15.19,13.41,13.61,8094079.0
2024-08-08,13.7,14.17,13.425,14.03,3971594.0
2024-08-09,14.18,14.22,13.42,13.56,3727656.0
2024-08-12,13.56,13.93,13.49,13.7,4248722.0
2024-08-13,13.71,13.94,13.49,13.83,2409478.0
2024-08-14,13.81,13.8647,13.3,13.59,3226769.0
2024-08-15,13.81,14.145,13.7906,14.07,3054572.0
2024-08-16,14.04,14.06,13.7,13.8,2509062.0
2024-08-19,13.81,14.59,13.7975,14.54,3857125.0
2024-08-20,14.43,14.6,14.14,14.15,2805768.0
2024-08-21,14.21,14.435,14.18,14.4,1460624.0
2024-08-22,14.28,14.4,14.08,14.12,2004144.0
2024-08-23,14.24,14.625,14.2,14.6,1499948.0
2024-08-26,14.63,14.665,14.325,14.41,1440274.0
2024-08-27,14.53,14.845,14.38,14.6,1830669.0
2024-08-28,14.48,14.5949,14.265,14.33,971029.0
2024-08-29,14.39,14.74,14.33,14.57,1112620.0
2024-08-30,14.7,14.7476,14.415,14.51,1506775.0
2024-09-03,14.36,14.36,13.66,13.72,2664979.0
2024-09-04,13.72,14.07,13.62,13.98,2083615.0
2024-09-05,13.82,14.065,13.79,13.93,1624156.0
2024-09-06,13.94,14.045,13.61,13.77,1196932.0
2024-09-09,13.82,13.91,13.5,13.61,1791580.0
2024-09-10,13.68,13.695,13.11,13.23,1501588.0
2024-09-11,13.19,13.35,12.925,13.33,1797790.0
2024-09-12,13.443,13.5,13.24,13.33,1347593.0
2024-09-13,13.4,13.635,13.285,13.51,2527750.0
2024-09-16,13.55,13.6,13.39,13.53,1328308.0
2024-09-17,13.63,14.025,13.58,13.92,2769526.0
2024-09-18,13.87,14.3378,13.86,14.06,1579417.0
2024-09-19,14.43,14.68,14.325,14.55,2764448.0
2024-09-20,14.55,15.149,14.44,14.9,7505319.0
2024-09-23,14.87,14.9,14.565,14.58,5395091.0
2024-09-24,14.62,14.955,14.62,14.83,2799023.0
2024-09-25,14.76,14.9,14.41,14.43,1596539.0
2024-09-26,15.02,15.03,14.46,14.57,2769393.0
2024-09-27,14.67,14.9,14.6,14.77,1530465.0
2024-09-30,14.7,14.85,14.43,14.49,1499501.0
2024-10-01,14.52,14.63,14.055,14.09,1363539.0
2024-10-02,14.06,14.55,14.0,14.52,1463514.0
2024-10-03,14.44,14.485,14.15,14.27,960754.0
2024-10-04,14.64,14.769,14.44,14.71,1084758.0
2024-10-07,14.71,14.71,14.26,14.36,1211082.0
2024-10-08,14.36,14.59,14.3,14.41,1350258.0
2024-10-09,14.43,14.71,14.36,14.7,1003416.0
2024-10-10,14.5,14.53,14.12,14.33,1342574.0
2024-10-11,14.3,14.59,14.28,14.5,769206.0
2024-10-14,14.52,14.83,14.47,14.75,1759787.0
2024-10-15,14.66,15.145,14.66,14.97,1762572.0
2024-10-16,15.02,15.23,14.905,15.05,821250.0
2024-10-17,15.26,15.43,15.185,15.27,1552798.0
2024-10-18,15.26,15.6,15.1704,15.51,1220235.0
2024-10-21,15.45,15.67,15.125,15.26,1118504.0
2024-10-22,15.18,15.365,15.13,15.35,1756987.0
2024-10-23,15.35,15.595,15.19,15.3,2056786.0
2024-10-24,15.28,15.555,15.15,15.25,1482206.0
2024-10-25,15.27,15.355,15.08,15.27,1304617.0
2024-10-28,15.46,15.735,15.315,15.67,2268266.0
2024-10-29,15.63,16.1,15.6253,16.04,1492288.0
2024-10-30,16.01,16.36,15.9501,16.14,1970776.0
2024-10-31,16.24,16.7,15.845,16.04,2253994.0
2024-11-01,16.06,16.42,16.03,16.13,1978280.0
2024-11-04,16.04,16.465,16.0,16.34,2833269.0
2024-11-05,16.33,17.03,16.27,16.49,4103797.0
2024-11-06,17.46,17.76,17.1355,17.41,4667625.0
2024-11-07,16.21,16.66,15.36,15.46,5422249.0
2024-11-08,15.45,15.805,15.28,15.49,2830607.0
2024-11-11,15.69,15.69,14.76,14.8,2365684.0
2024-11-12,14.59,14.62,14.15,14.26,2187752.0
2024-11-13,14.305,14.57,14.12,14.4,1897510.0
2024-11-14,14.45,14.75,14.255,14.58,1501540.0
2024-11-15,14.61,14.69,13.9,13.94,2279717.0
2024-11-18,13.89,13.91,13.61,13.79,1953725.0
2024-11-19,13.57,13.7,13.355,13.43,1962561.0
2024-11-20,13.47,13.62,13.24,13.35,1555632.0
2024-11-21,13.37,13.53,13.26,13.45,1644766.0
2024-11-22,13.58,13.985,13.5,13.87,1473797.0
2024-11-25,14.0,14.53,13.998,14.21,2623520.0
2024-11-26,14.1,14.2,13.83,13.88,1672008.0
2024-11-27,13.91,14.13,13.86,14.1,1417061.0
2024-11-29,14.13,14.38,14.1,14.33,1046086.0
2024-12-02,14.3,14.5,14.18,14.44,2150915.0
2024-12-03,14.49,14.525,14.105,14.15,1631595.0
2024-12-04,14.15,14.6,14.11,14.56,1410459.0
2024-12-05,14.61,14.695,14.06,14.07,1206857.0
2024-12-06,14.26,14.475,14.21,14.33,1226886.0
2024-12-09,14.49,14.6,13.99,14.01,1616695.0
2024-12-10,14.01,14.23,13.9,13.98,1078912.0
2024-12-11,14.0,14.07,13.725,13.86,1033393.0
2024-12-12,13.83,14.03,13.35,13.67,1591963.0
2024-12-13,13.61,13.78,13.495,13.77,2032714.0
2024-12-16,13.6,13.9973,13.6,13.76,1740190.0
2024-12-17,13.77,13.78,13.381,13.49,1610646.0
2024-12-18,13.56,13.85,12.935,12.95,2575678.0
2024-12-19,14.39,14.59,13.645,13.89,8615559.0
2024-12-20,13.75,14.115,13.3201,13.79,14156387.0
2024-12-23,13.8,14.08,13.445,14.06,2898368.0
2024-12-24,14.08,14.42,14.01,14.41,1307872.0
2024-12-26,14.37,14.44,14.2137,14.41,1816429.0
2024-12-27,14.35,14.6,14.2,14.55,1964131.0
2024-12-30,14.38,14.92,14.181,14.9,2179414.0
2024-12-31,14.97,15.105,14.715,14.77,1690589.0
2025-01-02,14.9,15.239,14.82,14.99,1729914.0
2025-01-03,15.06,15.1299,14.78,14.99,1893254.0
2025-01-06,15.13,15.3499,14.99,15.23,2143446.0
2025-01-07,15.35,15.57,15.057,15.35,2259116.0
2025-01-08,15.18,15.2,14.5,15.08,3187627.0
2025-01-10,15.0,15.0,13.95,14.2,2759025.0
2025-01-13,14.02,14.4,13.915,14.34,2315583.0
2025-01-14,14.18,14.98,14.18,14.82,1710913.0
2025-01-15,15.21,15.6,15.19,15.26,2655550.0
2025-01-16,15.19,15.74,15.1,15.66,2232491.0
2025-01-17,15.88,16.07,15.65,16.03,2761166.0
2025-01-21,16.12,16.25,15.829,15.9,2809232.0
2025-01-22,15.89,16.08,15.69,15.74,2243159.0
2025-01-23,15.86,17.95,15.83,17.93,7959117.0
2025-01-24,17.79,17.94,17.44,17.66,3817674.0
2025-01-27,17.59,18.03,17.15,17.67,3285851.0
2025-01-28,17.65,17.91,17.27,17.86,1799503.0
2025-01-29,17.86,18.1,17.685,17.74,1876207.0
2025-01-30,17.78,17.845,17.38,17.48,1950416.0
2025-01-31,17.49,17.87,17.405,17.56,1582691.0
2025-02-03,17.0,17.635,16.94,17.27,1866201.0
2025-02-04,17.44,17.575,16.98,17.43,2235386.0
2025-02-05,17.36,17.875,17.28,17.47,1674872.0
2025-02-06,17.39,17.61,17.23,17.48,1399387.0
2025-02-07,17.83,18.34,17.68,18.29,2750461.0
2025-02-10,18.37,18.515,18.15,18.41,2109162.0
2025-02-11,18.33,18.66,17.72,17.84,2091764.0
2025-02-12,17.64,17.8,17.39,17.66,2168122.0
2025-02-13,17.6,17.81,17.325,17.75,1718694.0
2025-02-14,17.94,18.1991,17.81,17.81,2064437.0
2025-02-18,17.81,17.87,17.1315,17.64,2933992.0
2025-02-19,17.49,18.09,17.222,17.7,3931777.0
2025-02-20,17.21,17.35,15.95,16.5,5104741.0
2025-02-21,16.47,16.52,14.92,15.11,5350811.0
2025-02-24,15.12,15.24,14.785,15.02,3335971.0
2025-02-25,14.99,15.175,14.775,14.97,2897975.0
2025-02-26,15.09,15.405,14.88,14.91,2049103.0
2025-02-27,14.91,14.94,14.33,14.45,2626957.0
2025-02-28,14.4,14.93,14.35,14.8,2431034.0
2025-03-03,14.77,15.16,14.35,14.39,2140834.0
2025-03-04,14.06,14.08,13.485,13.79,3119197.0
2025-03-05,13.76,13.785,13.35,13.69,3056058.0
2025-03-06,13.49,14.225,13.49,13.95,3625980.0
2025-03-07,13.9,14.24,13.575,14.17,2908838.0
2025-03-10,13.84,13.96,13.23,13.31,4615054.0
2025-03-11,13.3,13.66,13.13,13.57,5963466.0
2025-03-12,13.68,13.8778,13.36,13.75,3955650.0
2025-03-13,13.75,13.97,13.54,13.68,3588876.0
2025-03-14,13.95,14.05,13.8,13.84,2569029.0
2025-03-17,13.86,14.6,13.86,14.45,3252151.0
2025-03-18,14.46,14.54,14.155,14.34,2947728.0
2025-03-19,14.4,14.97,14.4,14.81,3101840.0
2025-03-20,14.77,15.18,14.735,14.98,2344181.0
2025-03-21,14.81,14.975,14.64,14.89,1988090.0
2025-03-24,15.15,15.19,14.79,15.01,2652019.0
2025-03-25,15.08,15.46,15.07,15.33,2329829.0
2025-03-26,15.35,15.43,14.86,15.09,2450694.0
2025-03-27,15.0,15.08,14.58,14.68,1995090.0
2025-03-28,14.68,14.69,13.955,14.085,1727663.0
2025-03-31,13.94,14.25,13.39,14.17,2514367.0
2025-04-01,14.03,14.12,13.75,14.03,2717284.0
2025-04-02,13.85,14.455,13.85,14.31,1818432.0
2025-04-03,13.56,13.56,12.94,12.98,4228703.0
2025-04-04,12.4,12.565,11.485,11.69,4586887.0
2025-04-07,11.03,12.0,10.54,11.2,3937797.0
2025-04-08,11.59,12.045,10.5,10.67,3777510.0
2025-04-09,10.7,12.71,10.43,12.61,4752677.0
2025-04-10,12.11,12.11,11.09,11.44,3696327.0
2025-04-11,11.42,11.72,11.155,11.62,2968926.0
2025-04-14,11.92,11.97,11.425,11.71,2092038.0
2025-04-15,11.66,11.89,11.58,11.86,1819903.0
2025-04-16,11.72,11.95,11.565,11.77,1914243.0
2025-04-17,11.8,11.87,11.56,11.72,1598001.0
2025-04-21,11.6,11.655,11.225,11.42,1789630.0
2025-04-22,11.65,11.97,11.5655,11.89,2017073.0
2025-04-23,12.46,12.87,12.215,12.34,2171863.0
2025-04-24,12.4,12.74,12.28,12.7,1562293.0
2025-04-25,12.73,12.885,12.58,12.73,1715689.0
2025-04-28,12.7,13.07,12.57,12.82,1553687.0
2025-04-29,12.79,12.86,12.6,12.71,2570383.0
2025-04-30,12.28,12.515,12.11,12.45,1654448.0
2025-05-01,12.65,12.995,12.51,12.69,2355060.0
2025-05-02,12.75,12.955,12.62,12.87,1683162.0
2025-05-05,12.68,13.055,12.6,12.73,2716639.0
2025-05-06,12.54,12.83,12.455,12.76,4146220.0
2025-05-07,13.0,14.47,12.91,14.36,7076539.0
2025-05-08,14.6,15.15,14.51,14.94,3706009.0
2025-05-09,14.84,15.335,14.736,15.02,4269664.0
2025-05-12,15.98,16.07,15.27,15.3,4023317.0
2025-05-13,15.36,15.9,15.3,15.67,3619471.0
2025-05-14,15.68,15.98,15.615,15.71,2899721.0
2025-05-15,15.65,15.655,15.065,15.16,2429699.0
2025-05-16,15.16,15.41,15.06,15.3,2458076.0
2025-05-19,14.96,15.25,14.85,14.94,2473708.0
2025-05-20,14.78,14.865,14.445,14.61,2189968.0
2025-05-21,14.44,14.46,13.495,13.54,2855476.0
2025-05-22,13.43,14.07,13.43,13.87,3616713.0
2025-05-23,13.54,13.795,13.33,13.69,2315776.0
2025-05-27,14.0,14.445,13.8268,14.33,3225901.0
2025-05-28,14.32,14.765,14.31,14.58,2852211.0
2025-05-29,14.89,14.89,14.455,14.56,2781183.0
2025-05-30,14.4,14.44,13.855,14.24,3440429.0
2025-06-02,14.25,14.31,13.935,14.01,2077079.0
2025-06-03,14.01,14.215,13.905,14.04,1886863.0
2025-06-04,14.05,14.605,14.05,14.44,2456002.0
2025-06-05,14.44,14.61,13.94,14.14,3231748.0
2025-06-06,14.32,14.425,14.09,14.12,1758059.0
2025-06-09,14.34,14.55,14.2,14.27,2378790.0
2025-06-10,14.292,14.48,14.15,14.27,1412805.0
2025-06-11,14.45,14.4857,14.065,14.12,2852588.0
2025-06-12,14.0,14.225,13.85,14.0,1902376.0
2025-06-13,13.64,13.805,13.26,13.3,2434622.0
2025-06-16,13.45,13.625,13.315,13.39,3343470.0
2025-06-17,13.22,13.47,13.13,13.2,2561919.0
2025-06-18,13.25,13.335,12.975,13.04,2881623.0
2025-06-20,13.16,13.28,12.95,12.97,3985642.0
2025-06-23,12.9,13.1,12.65,13.06,2997907.0
2025-06-24,13.1518,13.65,13.13,13.43,3560311.0
2025-06-25,13.5,13.53,12.45,12.5,6304751.0
2025-06-26,12.5,12.93,12.08,12.91,5590564.0
2025-06-27,12.95,13.09,12.68,13.06,23516269.0
2025-06-30,13.21,13.21,12.745,13.05,4485687.0
2025-07-01,13.05,13.92,12.805,13.87,4308758.0
2025-07-02,13.96,15.125,13.82,14.99,5341867.0
2025-07-03,15.88,17.8,15.71,17.5,14366974.0
2025-07-07,17.48,17.905,16.88,17.17,9787465.0
2025-07-08,17.35,17.72,17.24,17.49,4858959.0
2025-07-09,17.64,17.64,17.19,17.33,2936458.0
2025-07-10,17.64,18.405,17.53,18.16,5698697.0
2025-07-11,18.0,18.275,17.79,18.0,5335419.0
2025-07-14,17.76,18.2,17.63,18.16,4078221.0
2025-07-15,18.33,18.33,18.025,18.24,3665169.0
2025-07-16,18.46,18.5,17.59,17.64,3905685.0
2025-07-17,17.63,17.985,17.495,17.51,3495283.0
2025-07-18,17.71,17.71,17.275,17.51,2356282.0
2025-07-21,17.68,17.8652,17.29,17.33,2068406.0
2025-07-22,17.38,18.265,17.11,17.79,3476049.0
2025-07-23,17.98,18.325,17.82,18.24,1911528.0
2025-07-24,18.24,18.35,17.88,17.9,2559029.0
2025-07-25,17.9,17.94,17.505,17.82,1678825.0
2025-07-28,17.84,18.2,17.84,18.13,1996842.0
2025-07-29,18.1,18.13,17.62,17.68,2299392.0
2025-07-30,17.8,17.94,17.255,17.56,2766779.0
2025-07-31,17.6,18.04,17.37,17.49,4390376.0
2025-08-01,16.93,16.98,16.15,16.21,3544497.0
2025-08-04,16.37,16.58,16.21,16.4,2400652.0
2025-08-05,16.53,16.585,16.09,16.23,2128898.0
2025-08-06,16.24,16.57,16.15,16.48,1694677.0
2025-08-07,16.73,16.73,15.95,16.09,4085066.0
2025-08-08,17.1,19.26,17.017,17.97,11279376.0
2025-08-11,17.73,18.33,17.55,17.79,3176163.0
2025-08-12,17.63,18.19,17.46,17.98,5902391.0
2025-08-13,18.07,18.57,17.94,18.18,3722329.0
2025-08-14,17.93,18.555,17.9212,18.03,2346547.0
2025-08-15,18.11,18.23,17.61,17.62,2015275.0
2025-08-18,17.51,17.54,16.705,16.72,2985080.0
2025-08-19,16.65,17.14,16.65,16.96,1906776.0
2025-08-20,16.86,17.19,16.785,17.16,1905934.0
2025-08-21,16.97,17.1,16.75,16.95,1276616.0
2025-08-22,17.0,17.8,16.8,17.69,2265593.0
2025-08-25,17.7,17.73,17.01,17.03,1632844.0
2025-08-26,17.03,17.3,17.02,17.14,1482890.0
2025-08-27,17.29,17.505,17.045,17.11,1968860.0
2025-08-28,17.14,17.26,16.92,17.04,1539063.0
2025-08-29,17.1,17.49,16.99,17.42,1831208.0
2025-09-02,17.03,17.1,16.56,16.72,1973195.0
2025-09-03,16.77,17.23,16.77,17.18,2058233.0
2025-09-04,17.23,18.13,17.1,17.96,2842655.0
2025-09-05,17.94,18.27,17.19,17.64,1868004.0
2025-09-08,17.59,17.62,17.23,17.38,1485304.0
2025-09-09,17.44,17.77,17.2,17.76,2154743.0
2025-09-10,17.69,17.835,17.325,17.76,1666025.0
2025-09-11,17.83,18.205,17.6336,17.9,1978410.0
2025-09-12,17.84,17.88,17.54,17.73,2360207.0
2025-09-15,17.9,19.105,17.9,18.86,3980288.0
2025-09-16,18.86,18.86,17.4,18.06,3387757.0
2025-09-17,18.06,18.94,17.95,18.51,2633122.0
2025-09-18,18.775,19.17,18.5701,19.14,3487327.0
2025-09-19,19.52,20.16,18.57,18.83,6549039.0
2025-09-22,18.67,19.45,18.4596,18.7,2529302.0
2025-09-23,18.79,19.3599,18.205,18.33,2503043.0
2025-09-24,18.22,18.455,16.95,16.97,3220576.0
2025-09-25,16.6,17.33,16.54,17.04,2749847.0
2025-09-26,17.08,17.71,17.04,17.14,2048549.0
2025-09-29,17.35,17.54,16.97,17.05,2164907.0
2025-09-30,16.56,16.61,15.96,16.26,2915064.0
2025-10-01,16.07,16.36,15.71,15.73,2649984.0
2025-10-02,15.73,15.905,15.41,15.67,1943412.0
2025-10-03,15.67,15.94,15.3101,15.88,3338580.0
2025-10-06,15.99,17.03,15.89,16.0,3469486.0
2025-10-07,16.01,16.18,15.4047,15.65,2388103.0
2025-10-08,15.81,15.81,15.375,15.52,2136617.0
2025-10-09,15.64,15.77,15.29,15.45,2433995.0
2025-10-10,15.58,15.59,14.81,14.91,2058392.0
2025-10-13,15.2,15.46,15.14,15.38,1893100.0
2025-10-14,15.08,16.04,15.04,15.72,1878579.0
2025-10-15,15.87,16.16,15.74,15.85,1214623.0
2025-10-16,15.77,16.13,15.315,15.5,1460334.0
2025-10-17,15.37,15.63,15.26,15.31,1270279.0
2025-10-20,15.47,16.62,15.47,16.58,3205721.0
2025-10-21,16.85,17.82,16.1,16.35,3327242.0
2025-10-22,16.17,16.57,16.08,16.43,2290540.0
2025-10-23,16.41,16.55,15.93,16.1,1462166.0
2025-10-24,16.41,16.86,16.3,16.62,1798493.0
2025-10-27,16.8,16.895,16.47,16.72,1511403.0
2025-10-28,16.93,16.93,16.36,16.42,1536612.0
2025-10-29,16.41,16.47,15.84,15.94,1934443.0
2025-10-30,15.8,16.32,15.72,16.19,2176038.0
2025-10-31,16.09,16.27,15.9,16.06,2148910.0
2025-11-03,16.05,16.2,15.38,15.4,2285198.0
2025-11-04,15.08,15.28,14.64,14.81,2574008.0
2025-11-05,15.39,15.79,14.89,15.43,3576402.0
2025-11-06,16.42,17.53,14.98,15.42,4388564.0
2025-11-07,15.28,15.56,14.8329,15.42,2601564.0
2025-11-10,15.585,15.73,15.3,15.33,2746150.0
2025-11-11,15.3,15.91,15.27,15.46,4744876.0
2025-11-12,15.48,16.04,15.48,15.85,5425771.0
2025-11-13,15.63,15.8247,14.71,14.78,2976184.0
2025-11-14,14.93,15.37,14.8,14.96,3448963.0
2025-11-17,14.8,15.285,14.22,14.38,3358592.0
2025-11-18,14.26,14.555,14.19,14.47,1977506.0
2025-11-19,14.55,14.8,14.39,14.545,1696119.0
2025-11-20,14.92,15.0,13.23,13.36,3538071.0
2025-11-21,13.49,14.72,13.485,14.52,3486968.0
2025-11-24,14.6,14.96,14.51,14.755,2005263.0
2025-11-25,14.92,15.43,14.777,15.19,1745763.0
2025-11-26,15.01,15.11,14.77,14.84,1851158.0
2025-11-28,14.88,14.97,14.78,14.87,614348.0
