date,open,high,low,close,volume
2014-03-21,16.05,16.45,15.95,16.0,2379300.0
2014-03-24,16.05,16.29,16.03,16.1,242500.0
2014-03-25,16.2,16.74,16.2,16.51,217400.0
2014-03-26,16.7,16.75,16.39,16.7,106700.0
2014-03-27,16.5,16.5,16.25,16.35,51600.0
2014-03-28,16.35,16.4,16.2,16.2,39400.0
2014-03-31,16.27,16.6,16.15,16.6,254800.0
2014-04-01,16.64,16.64,16.35,16.6,116300.0
2014-04-02,16.64,16.64,16.38,16.6,94100.0
2014-04-03,16.65,16.65,16.38,16.65,59800.0
2014-04-04,16.65,16.69,16.42,16.65,294900.0
2014-04-07,16.7,17.11,16.47,16.89,134200.0
2014-04-08,16.75,16.94,16.59,16.82,67200.0
2014-04-09,16.94,16.99,16.61,16.91,69500.0
2014-04-10,16.97,16.98,16.68,16.82,130000.0
2014-04-11,16.62,16.99,16.6,16.84,110800.0
2014-04-14,16.8,16.9,16.63,16.9,86500.0
2014-04-15,16.97,16.98,16.8,16.9,151700.0
2014-04-16,16.99,17.47,16.93,17.46,121000.0
2014-04-17,17.4,17.8,17.25,17.66,146000.0
2014-04-21,17.66,17.79,17.25,17.48,78700.0
2014-04-22,17.55,17.93,17.53,17.66,68400.0
2014-04-23,17.67,18.48,17.67,18.18,91300.0
2014-04-24,18.29,18.64,18.01,18.08,137000.0
2014-04-25,18.05,18.3,17.75,18.28,76900.0
2014-04-28,18.39,18.65,17.93,18.43,204700.0
2014-04-29,18.68,18.69,17.84,18.17,113400.0
2014-04-30,18.06,18.15,17.85,18.15,92600.0
2014-05-01,18.22,18.69,18.01,18.32,112000.0
2014-05-02,18.32,18.54,17.97,18.17,94500.0
2014-05-05,18.33,18.41,18.02,18.28,76400.0
2014-05-06,18.2,18.36,17.65,18.16,106300.0
2014-05-07,18.16,18.29,17.64,17.77,107400.0
2014-05-08,17.7,18.15,17.5,17.94,26000.0
2014-05-09,18.4,18.4,17.75,17.91,61000.0
2014-05-12,18.05,18.14,17.93,17.97,51800.0
2014-05-13,18.0,18.2,17.72,17.95,37700.0
2014-05-14,17.86,18.15,17.76,17.84,31900.0
2014-05-15,17.79,18.16,17.52,18.0,37700.0
2014-05-16,18.05,18.33,17.87,18.17,31800.0
2014-05-19,18.08,18.35,18.08,18.32,57400.0
2014-05-20,18.4,19.01,18.24,18.78,100600.0
2014-05-21,19.02,19.34,18.87,19.08,81500.0
2014-05-22,18.97,19.63,18.86,19.0,100000.0
2014-05-23,19.09,19.48,18.84,19.19,97000.0
2014-05-27,19.31,20.43,19.2,19.85,147800.0
2014-05-28,19.93,20.44,19.73,19.93,81500.0
2014-05-29,20.2,20.95,19.92,20.81,212900.0
2014-05-30,20.91,21.42,20.75,21.19,227400.0
2014-06-02,21.54,21.73,21.26,21.61,79100.0
2014-06-03,20.99,22.83,20.28,22.1,301700.0
2014-06-04,22.12,23.75,20.13,22.46,642600.0
2014-06-05,22.65,23.36,22.06,22.31,368800.0
2014-06-06,22.48,23.26,21.94,22.43,165600.0
2014-06-09,21.95,23.09,21.8,22.52,420700.0
2014-06-10,22.61,23.69,22.52,23.42,453200.0
2014-06-11,23.56,24.41,22.76,23.9,336100.0
2014-06-12,24.21,24.34,21.67,22.73,578500.0
2014-06-13,22.95,23.25,21.75,21.85,523000.0
2014-06-16,21.78,21.78,18.85,19.0,901800.0
2014-06-17,19.05,19.76,18.32,19.59,569100.0
2014-06-18,19.59,19.59,18.69,18.89,138600.0
2014-06-19,18.99,19.38,18.75,18.87,140100.0
2014-06-20,18.84,18.95,18.11,18.11,910800.0
2014-06-23,18.56,18.57,17.85,18.16,399200.0
2014-06-24,18.07,18.37,18.05,18.09,142300.0
2014-06-25,18.11,18.58,17.89,18.46,229400.0
2014-06-26,18.25,18.84,18.25,18.72,251800.0
2014-06-27,18.72,19.24,18.52,19.06,588400.0
2014-06-30,19.16,22.2,19.12,21.83,977100.0
2014-07-01,22.02,22.05,20.85,21.47,299100.0
2014-07-02,21.61,21.96,21.16,21.8,191200.0
2014-07-03,22.03,22.41,21.71,22.36,138200.0
2014-07-07,22.3,22.3,21.56,21.99,180600.0
2014-07-08,21.96,21.96,21.0,21.01,136300.0
2014-07-09,21.81,21.81,20.85,20.9,52000.0
2014-07-10,20.75,20.84,20.32,20.72,64100.0
2014-07-11,20.81,21.18,20.5,20.9,72100.0
2014-07-14,20.76,20.9,20.44,20.56,61100.0
2014-07-15,20.54,20.92,20.28,20.65,28800.0
2014-07-16,20.75,20.99,20.35,20.61,56000.0
2014-07-17,20.16,20.89,20.12,20.43,42900.0
2014-07-18,20.63,20.7,20.32,20.7,43900.0
2014-07-21,20.59,20.6,20.27,20.41,27200.0
2014-07-22,20.33,20.69,20.28,20.59,17300.0
2014-07-23,20.67,20.67,20.29,20.41,19600.0
2014-07-24,20.52,20.62,20.21,20.48,21100.0
2014-07-25,20.49,20.69,20.2,20.49,26300.0
2014-07-28,20.58,20.69,20.25,20.46,61300.0
2014-07-29,20.35,20.68,20.18,20.58,35000.0
2014-07-30,20.65,20.66,20.38,20.45,52400.0
2014-07-31,20.39,20.62,19.37,19.37,129500.0
2014-08-01,19.48,19.9,19.0,19.05,58700.0
2014-08-04,19.17,19.64,19.0,19.29,62700.0
2014-08-05,20.65,20.65,19.0,19.01,121600.0
2014-08-06,18.05,18.08,17.5,17.6,3188100.0
2014-08-07,17.65,17.98,17.4,17.93,651800.0
2014-08-08,17.93,18.0,17.75,17.95,408900.0
2014-08-11,17.98,18.07,17.8,18.01,388700.0
2014-08-12,18.0,18.09,17.82,17.92,386900.0
2014-08-13,17.95,17.96,17.7,17.72,395000.0
2014-08-14,17.75,17.79,17.52,17.62,353800.0
2014-08-15,17.71,17.79,17.55,17.58,562400.0
2014-08-18,17.63,17.89,17.55,17.87,190500.0
2014-08-19,17.77,17.81,17.58,17.65,196200.0
2014-08-20,17.64,17.78,17.62,17.67,121100.0
2014-08-21,17.75,17.9,17.68,17.7,131600.0
2014-08-22,17.7,17.78,17.58,17.71,145600.0
2014-08-25,17.8,17.8,17.63,17.79,75200.0
2014-08-26,17.8,17.8,17.68,17.71,97800.0
2014-08-27,17.79,17.82,17.71,17.72,70800.0
2014-08-28,17.71,17.71,17.58,17.59,90900.0
2014-08-29,17.67,17.69,17.5,17.66,81600.0
2014-09-02,17.7,17.7,17.52,17.6,96600.0
2014-09-03,17.56,17.65,17.18,17.33,332700.0
2014-09-04,17.36,17.48,17.11,17.12,223600.0
2014-09-05,17.15,17.19,16.52,16.89,303700.0
2014-09-08,16.95,17.32,16.92,17.21,94400.0
2014-09-09,17.2,17.44,17.12,17.31,101000.0
2014-09-10,17.38,17.51,17.33,17.5,52200.0
2014-09-11,17.52,17.55,17.25,17.32,50500.0
2014-09-12,17.25,17.38,17.13,17.31,57500.0
2014-09-15,17.32,17.39,16.88,16.94,63700.0
2014-09-16,16.99,17.36,16.97,17.26,90000.0
2014-09-17,17.26,17.38,16.69,16.76,259200.0
2014-09-18,16.74,17.0,16.74,16.93,208900.0
2014-09-19,17.0,17.34,16.81,17.28,241000.0
2014-09-22,17.29,17.29,16.82,16.94,82171.0
2014-09-23,16.9,17.03,16.8,16.86,83470.0
2014-09-24,16.85,17.03,16.814,16.98,77213.0
2014-09-25,16.96,16.98,16.7,16.72,100359.0
2014-09-26,16.5,16.95,16.35,16.93,98320.0
2014-09-29,16.85,16.85,16.44,16.44,187850.0
2014-09-30,16.55,16.5899,16.0,16.01,315338.0
2014-10-01,16.31,16.99,16.24,16.68,450170.0
2014-10-02,16.73,16.9799,16.605,16.83,91617.0
2014-10-03,16.91,17.26,16.81,16.84,95097.0
2014-10-06,16.93,16.93,16.29,16.4,96842.0
2014-10-07,16.37,16.48,16.2,16.27,92141.0
2014-10-08,16.23,16.48,16.0901,16.25,90806.0
2014-10-09,16.26,16.374,16.1,16.23,78180.0
2014-10-10,16.17,16.1893,15.74,15.74,122636.0
2014-10-13,15.79,16.1599,15.74,15.86,89771.0
2014-10-14,15.88,16.19,15.71,15.86,77867.0
2014-10-15,15.7,16.13,15.65,16.09,90580.0
2014-10-16,15.84,16.49,15.84,16.38,119320.0
2014-10-17,16.4,16.62,16.23,16.24,115655.0
2014-10-20,16.33,16.4,16.28,16.34,59713.0
2014-10-21,16.4,16.62,16.32,16.53,190726.0
2014-10-22,16.55,16.63,16.358,16.44,78745.0
2014-10-23,16.5,16.54,16.3,16.36,144156.0
2014-10-24,16.42,16.5,16.39,16.48,42204.0
2014-10-27,16.43,16.655,16.288,16.45,128440.0
2014-10-28,16.45,16.6,16.45,16.5,98908.0
2014-10-29,16.57,16.71,16.5,16.66,192561.0
2014-10-30,16.66,16.73,16.486,16.73,156074.0
2014-10-31,16.92,16.92,16.54,16.77,140555.0
2014-11-03,16.69,16.69,16.39,16.43,101768.0
2014-11-04,16.85,16.89,16.49,16.89,296143.0
2014-11-05,16.86,17.15,16.79,17.09,200442.0
2014-11-06,17.44,17.6,17.4327,17.52,212262.0
2014-11-07,17.56,18.1418,17.55,18.0,291121.0
2014-11-10,17.96,17.96,17.45,17.76,86059.0
2014-11-11,17.66,17.9,17.5,17.64,158709.0
2014-11-12,17.55,17.8,17.4,17.53,92324.0
2014-11-13,17.61,17.74,17.47,17.54,79362.0
2014-11-14,17.62,17.67,17.51,17.65,57660.0
2014-11-17,17.66,17.84,17.538,17.69,96434.0
2014-11-18,17.72,17.72,17.4,17.54,84784.0
2014-11-19,17.59,17.81,17.26,17.78,131790.0
2014-11-20,17.84,18.06,17.618,18.0,174788.0
2014-11-21,18.08,18.08,17.65,17.81,255240.0
2014-11-24,17.81,17.81,17.66,17.8,179644.0
2014-11-25,17.78,17.81,17.61,17.7,48382.0
2014-11-26,17.78,17.8,17.574,17.78,65502.0
2014-11-28,17.75,17.85,17.6,17.85,52001.0
2014-12-01,17.77,17.77,16.93,17.08,114308.0
2014-12-02,17.17,17.29,17.1,17.27,54212.0
2014-12-03,17.28,17.64,17.112,17.54,140906.0
2014-12-04,17.5,17.72,17.19,17.55,83915.0
2014-12-05,17.71,17.74,17.26,17.71,211857.0
2014-12-08,17.61,17.75,17.011,17.25,114686.0
2014-12-09,17.21,17.59,16.9601,17.51,135897.0
2014-12-10,17.41,17.75,17.41,17.5,120363.0
2014-12-11,17.7,18.0,17.62,17.67,205149.0
2014-12-12,17.69,17.69,17.34,17.44,85898.0
2014-12-15,17.72,17.72,17.0,17.09,278992.0
2014-12-16,16.88,16.9,16.49,16.51,867909.0
2014-12-17,16.5,16.73,16.45,16.56,331608.0
2014-12-18,16.78,16.87,16.43,16.54,264339.0
2014-12-19,16.53,17.04,16.45,16.9,691413.0
2014-12-22,16.99,17.38,16.6,16.85,194642.0
2014-12-23,16.91,16.94,16.6,16.73,181699.0
2014-12-24,16.85,16.95,16.82,16.85,44495.0
2014-12-26,16.93,17.05,16.84,16.96,111183.0
2014-12-29,16.65,16.95,16.5001,16.83,207098.0
2014-12-30,16.83,16.99,16.64,16.84,265858.0
2014-12-31,16.97,17.03,16.82,16.82,313308.0
2015-01-02,16.95,17.09,16.67,16.67,156869.0
2015-01-05,16.64,16.94,16.56,16.78,144001.0
2015-01-06,16.81,16.93,16.37,16.46,138709.0
2015-01-07,16.49,16.8122,16.21,16.34,113075.0
2015-01-08,16.46,16.54,16.35,16.45,135070.0
2015-01-09,16.42,16.62,16.36,16.61,118938.0
2015-01-12,16.69,16.8,16.47,16.51,107372.0
2015-01-13,16.6,16.96,16.55,16.89,267070.0
2015-01-14,16.75,17.0,16.565,16.82,184341.0
2015-01-15,16.91,17.01,16.69,16.9,719769.0
2015-01-16,16.88,17.05,16.8,16.97,220325.0
2015-01-20,17.07,17.15,16.95,17.01,167628.0
2015-01-21,16.99,17.175,16.87,17.04,805746.0
2015-01-22,17.12,17.13,16.82,17.0,143150.0
2015-01-23,17.0,17.0,16.84,17.0,114058.0
2015-01-26,17.0,17.57,16.92,17.52,331243.0
2015-01-27,17.37,17.65,17.23,17.64,311970.0
2015-01-28,17.63,17.6399,17.15,17.29,225803.0
2015-01-29,17.25,17.69,17.23,17.61,123340.0
2015-01-30,17.69,17.74,17.4,17.48,197139.0
2015-02-02,17.54,17.54,17.3,17.53,314368.0
2015-02-03,17.64,17.8,17.39,17.8,135861.0
2015-02-04,17.75,17.76,17.3,17.34,442219.0
2015-02-05,17.46,17.695,17.29,17.51,140838.0
2015-02-06,17.55,17.7425,17.4,17.64,169729.0
2015-02-09,17.68,17.75,17.46,17.71,194348.0
2015-02-10,17.75,17.75,17.31,17.52,281102.0
2015-02-11,17.54,17.66,17.14,17.31,218477.0
2015-02-12,17.35,17.74,17.33,17.71,150947.0
2015-02-13,17.83,17.83,17.63,17.78,161741.0
2015-02-17,17.85,17.85,17.51,17.8,117328.0
2015-02-18,17.76,17.83,17.6,17.8,165037.0
2015-02-19,17.84,17.84,17.55,17.75,177464.0
2015-02-20,17.67,17.8,17.6,17.69,166334.0
2015-02-23,17.6,17.8,17.57,17.8,114914.0
2015-02-24,17.81,17.81,17.63,17.72,122405.0
2015-02-25,17.86,18.5,17.76,18.5,282261.0
2015-02-26,18.55,18.61,18.28,18.48,189375.0
2015-02-27,18.55,18.55,18.36,18.54,274401.0
2015-03-02,18.6,18.6,18.4,18.5,259756.0
2015-03-03,18.4,18.5,18.1,18.41,173826.0
2015-03-04,18.32,18.42,18.13,18.25,145055.0
2015-03-05,18.19,18.27,18.09,18.13,186526.0
2015-03-06,18.13,18.29,17.98,18.27,114940.0
2015-03-09,18.2,18.34,17.97,18.08,150313.0
2015-03-10,18.15,18.33,17.87,17.88,94625.0
2015-03-11,17.94,18.12,17.73,17.89,186815.0
2015-03-12,17.88,18.06,17.75,17.86,67680.0
2015-03-13,17.79,18.12,17.7305,17.91,150999.0
2015-03-16,17.89,18.043,17.785,17.87,100266.0
2015-03-17,17.82,18.03,17.785,17.84,76721.0
2015-03-18,17.77,18.08,17.76,17.91,96082.0
2015-03-19,17.83,18.17,17.83,18.0,52600.0
2015-03-20,18.12,18.12,17.98,18.0,393140.0
2015-03-23,18.07,18.21,17.0,17.94,225745.0
2015-03-24,18.09,18.19,17.86,17.92,129710.0
2015-03-25,18.0,18.02,17.9,17.98,131194.0
2015-03-26,17.96,18.068,17.8,17.85,86711.0
2015-03-27,17.46,17.7,17.28,17.35,133867.0
2015-03-30,17.53,17.57,17.18,17.34,80229.0
2015-03-31,17.49,17.51,16.98,17.21,164536.0
2015-04-01,17.33,17.788,17.23,17.6,89142.0
2015-04-02,17.6,17.75,17.27,17.52,63111.0
2015-04-06,17.97,17.97,17.51,17.81,65170.0
2015-04-07,17.78,17.964,17.61,17.72,66352.0
2015-04-08,17.68,17.96,17.67,17.93,98616.0
2015-04-09,17.87,17.97,17.63,17.97,88020.0
2015-04-10,17.95,17.9799,17.85,17.93,40653.0
2015-04-13,17.85,17.96,17.78,17.85,39912.0
2015-04-14,17.8,17.99,17.75,17.98,55271.0
2015-04-15,18.04,18.18,17.73,18.09,96157.0
2015-04-16,18.1,18.1,17.83,18.01,120529.0
2015-04-17,18.1,18.1,17.82,18.01,144086.0
2015-04-20,18.09,18.09,17.96,18.01,46186.0
2015-04-21,17.95,18.05,17.87,17.95,46897.0
2015-04-22,18.03,18.06,17.85,17.93,67867.0
2015-04-23,18.01,18.15,17.95,18.15,124352.0
2015-04-24,18.15,18.31,17.98,18.31,104076.0
2015-04-27,18.22,18.35,18.09,18.15,110516.0
2015-04-28,18.2,18.34,17.99,18.28,73223.0
2015-04-29,18.29,18.29,18.1,18.24,62231.0
2015-04-30,18.35,18.35,18.1,18.16,137475.0
2015-05-01,18.1,18.31,18.1,18.26,67304.0
2015-05-04,18.19,18.29,18.1,18.24,66204.0
2015-05-05,18.2,18.25,18.1,18.2,39878.0
2015-05-06,18.29,18.29,17.93,17.99,34348.0
2015-05-07,17.99,18.24,17.9,17.97,66233.0
2015-05-08,17.76,18.14,17.61,18.06,127875.0
2015-05-11,17.99,18.14,17.76,17.9,107509.0
2015-05-12,17.82,18.23,17.81,18.21,89671.0
2015-05-13,18.1,18.31,18.06,18.17,93442.0
2015-05-14,18.24,18.24,17.65,17.72,108255.0
2015-05-15,17.68,17.91,17.68,17.9,48056.0
2015-05-18,17.92,18.06,17.7,18.0,58035.0
2015-05-19,18.07,18.17,17.95,18.17,48546.0
2015-05-20,18.2,18.2,18.05,18.1,48246.0
2015-05-21,18.14,18.21,18.03,18.14,37858.0
2015-05-22,18.18,18.28,18.14,18.27,65117.0
2015-05-26,18.25,18.33,18.1101,18.28,77712.0
2015-05-27,18.19,18.33,18.19,18.31,63469.0
2015-05-28,18.34,18.35,18.25,18.35,78278.0
2015-05-29,18.36,18.36,18.1,18.13,96519.0
2015-06-01,18.25,18.25,18.1,18.1,50188.0
2015-06-02,18.11,18.31,18.1,18.21,57802.0
2015-06-03,18.26,18.2795,18.14,18.26,53042.0
2015-06-04,18.18,18.198,18.04,18.08,58811.0
2015-06-05,18.19,18.2575,18.01,18.25,101250.0
2015-06-08,18.2,18.2,18.1,18.14,46603.0
2015-06-09,18.16,18.23,17.9,18.13,77415.0
2015-06-10,18.21,18.24,18.07,18.13,47678.0
2015-06-11,18.07,18.1865,17.97,18.06,56962.0
2015-06-12,18.08,18.12,17.885,18.08,108827.0
2015-06-15,18.0,18.0,17.86,17.91,71707.0
2015-06-16,17.81,17.94,17.7,17.71,72926.0
2015-06-17,17.71,17.91,17.63,17.66,96361.0
2015-06-18,17.75,17.88,17.51,17.59,117504.0
2015-06-19,17.64,17.68,17.41,17.57,112154.0
2015-06-22,17.78,17.83,17.67,17.75,144953.0
2015-06-23,17.76,18.0694,17.76,18.0,139768.0
2015-06-24,17.96,18.05,17.79,17.94,64456.0
2015-06-25,18.02,18.02,17.8,17.9,62741.0
2015-06-26,17.6,17.6,17.38,17.5,94696.0
2015-06-29,17.41,17.41,17.03,17.28,124165.0
2015-06-30,17.29,17.45,17.0,17.0,168879.0
2015-07-01,17.28,17.3,17.0,17.28,105259.0
2015-07-02,17.27,17.35,17.135,17.3,46291.0
2015-07-06,17.22,17.45,17.1745,17.45,28666.0
2015-07-07,17.42,17.49,17.24,17.49,90591.0
2015-07-08,17.45,17.45,17.17,17.2,108936.0
2015-07-09,17.41,17.5,17.34,17.4,79904.0
2015-07-10,17.5,17.64,17.43,17.62,51924.0
2015-07-13,17.65,18.0,17.65,17.96,95330.0
2015-07-14,18.0,18.0,17.56,17.77,98011.0
2015-07-15,17.69,17.84,17.48,17.64,50486.0
2015-07-16,17.58,17.9399,17.45,17.7,90268.0
2015-07-17,17.78,17.7899,17.54,17.64,72157.0
2015-07-20,17.75,17.8,17.6401,17.74,46882.0
2015-07-21,17.8,17.8998,17.72,17.79,57399.0
2015-07-22,17.73,17.74,17.4,17.4,68935.0
2015-07-23,17.49,17.49,17.1,17.27,50364.0
2015-07-24,17.35,17.39,17.22,17.27,54173.0
2015-07-27,17.25,17.64,17.24,17.29,87513.0
2015-07-28,17.43,17.898,17.2469,17.55,71412.0
2015-07-29,17.6,17.8,17.58,17.65,64218.0
2015-07-30,17.68,17.84,17.68,17.8,217597.0
2015-07-31,17.76,17.87,17.62,17.8,102465.0
2015-08-03,17.8,17.8,17.57,17.75,73553.0
2015-08-04,17.7,17.8,17.6414,17.72,88411.0
2015-08-05,17.85,18.13,17.54,18.0,148621.0
2015-08-06,17.95,18.04,17.92,18.0,189814.0
2015-08-07,17.99,18.05,17.74,17.95,44544.0
2015-08-10,17.92,18.0,17.79,17.97,53776.0
2015-08-11,17.87,18.0,17.8,17.85,51406.0
2015-08-12,17.87,17.99,17.68,17.93,67005.0
2015-08-13,17.91,17.94,17.78,17.82,39757.0
2015-08-14,17.75,17.9,17.7,17.89,62648.0
2015-08-17,17.76,17.9,17.69,17.9,124823.0
2015-08-18,17.88,17.9,17.68,17.74,93919.0
2015-08-19,17.73,17.9,17.45,17.5,150536.0
2015-08-20,17.41,17.5185,17.15,17.23,270059.0
2015-08-21,17.13,17.61,17.05,17.1,131550.0
2015-08-24,16.89,16.99,12.68,16.33,442242.0
2015-08-25,16.54,16.98,16.5,16.59,204780.0
2015-08-26,16.9,17.01,16.59,16.93,109360.0
2015-08-27,17.01,17.24,16.84,17.03,98617.0
2015-08-28,17.03,17.24,16.72,17.2,83128.0
2015-08-31,17.21,17.6,17.09,17.46,107197.0
2015-09-01,17.38,17.45,17.23,17.37,39914.0
2015-09-02,17.4,17.73,17.17,17.18,67223.0
2015-09-03,17.27,17.518,17.17,17.3,47267.0
2015-09-04,17.26,17.73,17.26,17.45,50194.0
2015-09-08,17.48,17.5815,17.24,17.48,95038.0
2015-09-09,17.55,17.5999,17.4264,17.49,56169.0
2015-09-10,17.42,17.6,17.33,17.36,38015.0
2015-09-11,17.35,17.49,17.25,17.37,37057.0
2015-09-14,17.49,17.4999,17.265,17.35,41904.0
2015-09-15,17.31,17.4,17.31,17.35,32644.0
2015-09-16,17.44,17.44,17.085,17.23,121804.0
2015-09-17,17.3,17.5,17.05,17.29,87039.0
2015-09-18,17.14,17.5,17.14,17.5,53540.0
2015-09-21,17.5,17.64,17.43,17.6,37516.0
2015-09-22,17.47,17.7396,17.41,17.58,198285.0
2015-09-23,17.64,17.6699,17.42,17.51,52928.0
2015-09-24,17.46,17.64,17.4,17.52,45261.0
2015-09-25,17.6,17.6,17.4,17.43,76599.0
2015-09-28,17.0,17.09,16.51,16.65,254876.0
2015-09-29,16.67,16.74,16.22,16.22,324737.0
2015-09-30,16.38,16.86,16.36,16.43,181262.0
2015-10-01,16.61,17.0625,16.6,16.65,156229.0
2015-10-02,16.6,16.972,16.55,16.7,79867.0
2015-10-05,16.79,17.06,16.76,16.87,78862.0
2015-10-06,16.96,17.07,16.8,16.82,88546.0
2015-10-07,16.82,17.03,16.7,16.79,108490.0
2015-10-08,16.8,17.19,16.65,17.16,129471.0
2015-10-09,17.28,17.33,17.13,17.28,151728.0
2015-10-12,17.12,17.7,17.12,17.63,113231.0
2015-10-13,17.59,17.72,17.56,17.63,80406.0
2015-10-14,17.64,17.68,17.4705,17.6,80034.0
2015-10-15,17.6,17.65,17.504,17.61,93075.0
2015-10-16,17.65,17.7,17.5,17.59,76266.0
2015-10-19,17.7,17.7,17.55,17.65,90734.0
2015-10-20,17.65,17.66,17.5401,17.65,45824.0
2015-10-21,17.65,17.65,17.28,17.4,83430.0
2015-10-22,17.53,17.61,17.0,17.12,85422.0
2015-10-23,17.17,17.28,16.96,17.14,93646.0
2015-10-26,17.05,17.2365,16.9701,17.05,85896.0
2015-10-27,17.06,17.1599,16.9,16.92,38762.0
2015-10-28,16.95,17.2791,16.86,17.13,193683.0
2015-10-29,17.05,17.34,16.95,17.0,114915.0
2015-10-30,17.22,17.24,16.96,17.0,172996.0
2015-11-02,17.02,17.33,17.02,17.2,471558.0
2015-11-03,17.25,17.25,16.97,17.1,300215.0
2015-11-04,17.35,17.65,17.01,17.09,213802.0
2015-11-05,17.09,17.18,17.04,17.18,140173.0
2015-11-06,17.2,17.24,17.01,17.19,538074.0
2015-11-09,17.22,17.48,17.1135,17.36,148853.0
2015-11-10,17.29,17.56,17.24,17.31,156935.0
2015-11-11,17.32,17.36,17.205,17.35,116216.0
2015-11-12,17.28,17.5,17.26,17.44,69629.0
2015-11-13,17.5,17.5,17.37,17.37,163349.0
2015-11-16,17.44,17.48,17.38,17.4,62450.0
2015-11-17,17.33,17.44,17.33,17.4,98447.0
2015-11-18,17.57,17.61,17.35,17.38,114362.0
2015-11-19,17.48,17.5,17.4,17.45,92546.0
2015-11-20,17.5,17.5,17.23,17.25,180448.0
2015-11-23,17.36,17.49,17.21,17.26,205611.0
2015-11-24,17.39,17.51,17.0,17.15,141237.0
2015-11-25,17.29,17.37,17.17,17.3,126185.0
2015-11-27,17.43,17.44,17.15,17.28,56121.0
2015-11-30,17.35,17.65,17.13,17.21,357023.0
2015-12-01,17.29,17.53,17.24,17.43,155802.0
2015-12-02,17.47,17.49,17.14,17.14,132639.0
2015-12-03,17.26,17.34,17.1,17.14,120131.0
2015-12-04,17.17,17.3,17.05,17.22,79267.0
2015-12-07,17.16,17.26,16.76,16.81,167768.0
2015-12-08,16.71,16.99,16.51,16.74,268690.0
2015-12-09,16.65,17.29,16.57,16.58,101119.0
2015-12-10,16.66,16.87,16.57,16.73,142640.0
2015-12-11,16.63,16.83,16.4,16.65,179285.0
2015-12-14,16.74,16.775,15.8,15.97,340495.0
2015-12-15,15.97,16.36,15.87,16.35,246404.0
2015-12-16,16.4,17.03,16.4,16.75,91283.0
2015-12-17,16.88,17.13,16.68,16.95,309435.0
2015-12-18,16.84,16.88,16.31,16.37,247041.0
2015-12-21,16.36,17.0,16.36,16.66,162850.0
2015-12-22,16.77,16.855,16.27,16.27,406016.0
2015-12-23,16.58,16.91,16.51,16.86,137357.0
2015-12-24,16.9,17.165,16.9,17.11,90916.0
2015-12-28,17.1,17.1,16.72,16.79,74341.0
2015-12-29,16.48,16.66,16.35,16.51,121607.0
2015-12-30,16.4,16.54,16.13,16.15,164294.0
2015-12-31,16.1,16.56,16.1,16.22,138225.0
2016-01-04,16.1,16.56,16.08,16.46,76087.0
2016-01-05,16.41,16.71,16.25,16.5,64892.0
2016-01-06,16.42,16.85,16.39,16.74,92055.0
2016-01-07,16.65,16.73,16.3,16.33,119984.0
2016-01-08,16.34,16.549,16.06,16.11,53404.0
2016-01-11,16.09,16.28,15.84,15.96,72647.0
2016-01-12,16.03,16.0677,15.66,16.04,97242.0
2016-01-13,16.2,16.72,15.52,15.56,128131.0
2016-01-14,15.65,16.2,15.55,16.03,252000.0
2016-01-15,15.76,15.875,15.51,15.68,114965.0
2016-01-19,15.79,16.004,15.65,15.72,90315.0
2016-01-20,15.52,15.72,15.2,15.42,218339.0
2016-01-21,15.42,15.98,15.42,15.8,151391.0
2016-01-22,16.03,16.34,15.82,16.3,80874.0
2016-01-25,16.27,16.27,16.01,16.08,78277.0
2016-01-26,16.04,16.21,15.81,16.0,77393.0
2016-01-27,15.99,16.132,15.77,16.06,108230.0
2016-01-28,16.16,16.1999,15.84,16.04,70975.0
2016-01-29,16.12,16.19,15.95,16.01,186994.0
2016-02-01,15.95,16.26,15.81,16.24,129124.0
2016-02-02,16.05,16.1499,15.9101,16.04,111258.0
2016-02-03,16.1,16.24,15.5901,16.03,155600.0
2016-02-04,15.9,16.0424,15.62,15.75,144371.0
2016-02-05,15.78,15.98,15.64,15.75,145196.0
2016-02-08,15.7,15.9,15.26,15.44,207992.0
2016-02-09,15.36,15.53,15.21,15.28,100364.0
2016-02-10,15.27,15.57,15.2,15.44,72876.0
2016-02-11,15.17,15.36,15.11,15.15,63715.0
2016-02-12,15.27,15.49,15.12,15.22,103398.0
2016-02-16,15.3,15.54,15.18,15.28,123810.0
2016-02-17,15.4,15.9,15.31,15.81,122722.0
2016-02-18,15.91,15.92,15.54,15.62,58529.0
2016-02-19,15.64,15.775,15.4401,15.54,30435.0
2016-02-22,15.71,15.88,15.53,15.55,56901.0
2016-02-23,15.55,15.72,15.53,15.69,42002.0
2016-02-24,15.55,15.82,15.52,15.82,48885.0
2016-02-25,15.83,16.06,15.82,15.88,121275.0
2016-02-26,15.97,16.191,15.91,16.04,92611.0
2016-02-29,16.08,16.47,16.06,16.24,124868.0
2016-03-01,16.62,16.99,16.5,16.86,226434.0
2016-03-02,16.85,16.94,16.72,16.84,156779.0
2016-03-03,15.73,16.43,15.66,16.42,3962405.0
2016-03-04,16.42,16.47,16.3,16.42,768634.0
2016-03-07,16.42,16.45,16.07,16.22,384579.0
2016-03-08,16.24,16.3,15.9,16.0,347415.0
2016-03-09,16.05,16.11,15.815,15.9,278939.0
2016-03-10,15.98,16.0,15.85,15.96,135157.0
2016-03-11,16.08,16.24,16.06,16.22,110659.0
2016-03-14,16.12,16.3,16.1,16.26,162991.0
2016-03-15,16.24,16.42,16.16,16.35,196524.0
2016-03-16,16.3,16.43,16.2,16.41,242431.0
2016-03-17,16.22,16.65,16.16,16.43,269070.0
2016-03-18,16.55,16.75,16.3001,16.75,266679.0
2016-03-21,16.63,16.7,16.3,16.38,259847.0
2016-03-22,16.38,16.42,16.01,16.28,256591.0
2016-03-23,16.17,16.31,15.87,16.0,205825.0
2016-03-24,16.02,16.19,15.88,16.15,116273.0
2016-03-28,16.13,16.27,16.06,16.21,161575.0
2016-03-29,15.81,16.33,15.78,16.29,180798.0
2016-03-30,16.38,16.38,16.06,16.15,229076.0
2016-03-31,16.1,16.16,15.85,16.13,278426.0
2016-04-01,16.1,16.37,16.01,16.26,202157.0
2016-04-04,16.27,16.38,16.0,16.11,186476.0
2016-04-05,16.1,16.2,15.95,16.13,111737.0
2016-04-06,16.18,16.42,16.18,16.27,126593.0
2016-04-07,16.27,16.33,16.0,16.2,169644.0
2016-04-08,16.28,16.37,16.1,16.2,173964.0
2016-04-11,16.15,16.35,16.11,16.14,58297.0
2016-04-12,16.19,16.37,16.1,16.34,115801.0
2016-04-13,16.39,16.39,16.24,16.33,115952.0
2016-04-14,16.2,16.3828,16.17,16.32,82734.0
2016-04-15,16.34,16.47,16.23,16.46,94011.0
2016-04-18,16.46,16.5,16.29,16.3,108166.0
2016-04-19,16.37,16.49,16.23,16.41,100066.0
2016-04-20,16.4,16.44,16.26,16.31,68459.0
2016-04-21,16.38,16.38,16.1,16.15,67614.0
2016-04-22,16.15,16.2442,16.105,16.18,39170.0
2016-04-25,16.2,16.31,16.1448,16.3,61255.0
2016-04-26,16.3,16.5,16.135,16.48,108909.0
2016-04-27,16.49,16.49,16.38,16.41,109283.0
2016-04-28,16.3,16.6399,16.3,16.48,134330.0
2016-04-29,16.65,16.65,16.17,16.43,170407.0
2016-05-02,16.54,16.55,16.38,16.49,110781.0
2016-05-03,16.46,16.46,16.2,16.29,80623.0
2016-05-04,16.28,16.39,16.01,16.35,93938.0
2016-05-05,16.29,16.29,15.91,16.04,141142.0
2016-05-06,15.99,16.06,15.91,15.97,46493.0
2016-05-09,16.0,16.11,15.98,16.03,131225.0
2016-05-10,16.09,16.25,16.01,16.17,101994.0
2016-05-11,16.1,16.44,15.91,16.3,113455.0
2016-05-12,16.34,16.49,16.25,16.36,138714.0
2016-05-13,16.31,16.54,16.3,16.51,112035.0
2016-05-16,16.51,16.55,16.37,16.4,95670.0
2016-05-17,16.25,16.54,16.25,16.37,118136.0
2016-05-18,16.32,16.48,16.28,16.4,87977.0
2016-05-19,16.37,16.44,15.9848,16.06,202848.0
2016-05-20,16.13,16.33,16.06,16.29,83173.0
2016-05-23,16.32,16.32,16.1,16.25,103563.0
2016-05-24,16.3,16.44,16.26,16.43,85852.0
2016-05-25,16.48,16.5,16.397,16.42,63274.0
2016-05-26,16.46,16.5,16.3999,16.49,68324.0
2016-05-27,16.5,16.54,16.41,16.48,48629.0
2016-05-31,16.5,16.5112,16.38,16.4,113730.0
2016-06-01,16.31,16.5,16.26,16.47,125850.0
2016-06-02,16.29,16.4326,16.22,16.4,224186.0
2016-06-03,16.3,16.39,16.2,16.31,143559.0
2016-06-06,16.33,16.5,16.31,16.31,281719.0
2016-06-07,16.4,16.49,16.2842,16.42,229529.0
2016-06-08,16.42,16.48,16.25,16.4,172592.0
2016-06-09,16.4,16.42,16.27,16.37,147229.0
2016-06-10,16.28,16.42,16.25,16.4,117629.0
2016-06-13,16.36,16.45,16.33,16.43,146640.0
2016-06-14,16.42,16.44,16.31,16.32,162561.0
2016-06-15,16.38,16.47,16.33,16.36,139907.0
2016-06-16,16.36,16.5,16.3,16.45,135312.0
2016-06-17,16.44,16.49,16.34,16.43,90811.0
2016-06-20,16.5,16.5,16.41,16.44,102371.0
2016-06-21,16.53,16.74,16.5,16.69,268716.0
2016-06-22,16.65,16.78,16.61,16.7,181618.0
2016-06-23,16.8,16.8299,16.68,16.74,169142.0
2016-06-24,16.68,16.835,16.6,16.69,173352.0
2016-06-27,16.72,16.72,16.5,16.5,208277.0
2016-06-28,16.36,16.63,16.3,16.53,260607.0
2016-06-29,16.65,16.81,16.5,16.57,351007.0
2016-06-30,16.7,16.7,16.52,16.61,192474.0
2016-07-01,16.64,16.64,16.57,16.61,161020.0
2016-07-05,16.63,16.86,16.57,16.84,213548.0
2016-07-06,16.84,16.99,16.8,16.96,147256.0
2016-07-07,16.98,17.11,16.9,17.11,153977.0
2016-07-08,17.17,17.22,17.08,17.1,134837.0
2016-07-11,17.17,17.2,17.08,17.13,222782.0
2016-07-12,17.19,17.29,17.11,17.25,214194.0
2016-07-13,17.25,17.25,17.1,17.15,158606.0
2016-07-14,17.23,17.26,17.16,17.21,92576.0
2016-07-15,17.25,17.27,17.165,17.26,66740.0
2016-07-18,17.3,17.5,17.3,17.45,129992.0
2016-07-19,17.44,17.5,17.27,17.47,90334.0
2016-07-20,17.49,17.5,17.3701,17.46,79495.0
2016-07-21,17.5,17.5,17.16,17.45,153699.0
2016-07-22,17.4,17.46,17.33,17.44,61514.0
2016-07-25,17.46,17.5,17.38,17.5,69886.0
2016-07-26,17.5,17.61,17.4589,17.58,129444.0
2016-07-27,17.6,17.6,17.46,17.57,54199.0
2016-07-28,17.27,17.6,17.2,17.53,95733.0
2016-07-29,17.68,17.7,17.33,17.55,201431.0
2016-08-01,17.55,17.64,17.38,17.49,97874.0
2016-08-02,17.5,17.58,17.36,17.49,133929.0
2016-08-03,17.5,17.65,17.4501,17.5,106606.0
2016-08-04,17.52,18.0,17.52,17.81,201797.0
2016-08-05,18.0,18.14,17.865,17.97,137910.0
2016-08-08,18.12,18.48,18.05,18.07,191387.0
2016-08-09,18.13,18.25,18.01,18.18,227029.0
2016-08-10,18.19,18.19,17.95,18.14,153737.0
2016-08-11,18.12,18.15,18.02,18.05,78628.0
2016-08-12,18.11,18.12,18.0301,18.04,93051.0
2016-08-15,18.09,18.2,18.05,18.1,78494.0
2016-08-16,18.16,18.16,18.0101,18.09,64624.0
2016-08-17,18.08,18.1199,17.97,18.08,97108.0
2016-08-18,18.12,18.12,18.01,18.07,151360.0
2016-08-19,18.1,18.12,18.0,18.1,100767.0
2016-08-22,18.1,18.42,18.1,18.34,141956.0
2016-08-23,18.35,18.35,18.2,18.28,115920.0
2016-08-24,18.31,18.35,18.24,18.28,84600.0
2016-08-25,18.31,18.38,18.25,18.27,93237.0
2016-08-26,18.31,18.35,18.24,18.32,98591.0
2016-08-29,18.35,18.52,18.32,18.5,110401.0
2016-08-30,18.55,18.79,18.49,18.77,137082.0
2016-08-31,18.69,18.7,18.532,18.66,143592.0
2016-09-01,18.57,18.6,18.5,18.53,72514.0
2016-09-02,18.57,18.64,18.49,18.53,69141.0
2016-09-06,18.45,18.54,18.38,18.5,101275.0
2016-09-07,18.48,18.61,18.33,18.35,82154.0
2016-09-08,18.39,18.42,18.3,18.36,78061.0
2016-09-09,18.28,18.32,18.09,18.13,97745.0
2016-09-12,18.01,18.1123,17.85,18.05,108665.0
2016-09-13,17.95,18.13,17.0,17.68,279904.0
2016-09-14,17.82,17.82,17.49,17.49,136594.0
2016-09-15,17.65,17.71,17.43,17.69,150990.0
2016-09-16,17.72,17.79,17.4907,17.72,233673.0
2016-09-19,17.79,17.97,17.7604,17.92,104943.0
2016-09-20,18.02,18.36,17.995,18.15,139571.0
2016-09-21,18.26,18.32,18.04,18.15,93067.0
2016-09-22,18.28,18.33,18.1929,18.3,58361.0
2016-09-23,18.3,18.405,18.2,18.29,172701.0
2016-09-26,18.34,18.56,18.23,18.29,154242.0
2016-09-27,18.37,18.39,18.25,18.3,142902.0
2016-09-28,17.92,18.06,17.78,17.87,97659.0
2016-09-29,17.96,17.98,17.72,17.72,290449.0
2016-09-30,17.75,18.23,17.75,18.11,212591.0
2016-10-03,18.15,18.25,18.05,18.08,75193.0
2016-10-04,18.14,18.2,17.98,17.99,59320.0
2016-10-05,18.04,18.19,18.02,18.07,80337.0
2016-10-06,18.07,18.07,17.79,17.88,86538.0
2016-10-07,17.94,17.95,17.8,17.85,95794.0
2016-10-10,17.93,17.945,17.78,17.82,77824.0
2016-10-11,17.85,17.88,17.77,17.84,78407.0
2016-10-12,17.87,17.95,17.71,17.73,80498.0
2016-10-13,17.7,17.99,17.695,17.96,71990.0
2016-10-14,18.05,18.14,17.68,17.76,63250.0
2016-10-17,17.72,17.75,17.52,17.57,84003.0
2016-10-18,17.6,17.7599,17.55,17.57,72615.0
2016-10-19,17.67,17.7,17.57,17.61,102251.0
2016-10-20,17.59,17.701,17.57,17.69,57000.0
2016-10-21,17.7,17.8,17.6784,17.72,61474.0
2016-10-24,17.75,17.9,17.74,17.87,94935.0
2016-10-25,17.81,18.0,17.78,17.86,141537.0
2016-10-26,17.96,18.0,17.83,17.93,205483.0
2016-10-27,17.99,18.02,17.8745,17.97,96253.0
2016-10-28,17.98,18.11,17.9,18.06,98259.0
2016-10-31,18.2,18.2,17.87,17.92,171832.0
2016-11-01,17.9,17.91,17.63,17.73,164234.0
2016-11-02,17.7,17.79,17.501,17.52,132725.0
2016-11-03,17.6,17.64,17.41,17.43,124446.0
2016-11-04,17.41,17.59,17.4,17.44,152344.0
2016-11-07,17.45,17.74,17.45,17.74,94516.0
2016-11-08,17.91,18.35,17.91,18.15,264479.0
2016-11-09,18.06,18.2526,17.93,18.16,121876.0
2016-11-10,18.05,18.35,17.95,17.98,199235.0
2016-11-11,17.91,17.97,17.73,17.92,147201.0
2016-11-14,17.98,18.12,17.93,17.98,215655.0
2016-11-15,18.04,18.17,17.98,18.05,122343.0
2016-11-16,18.1,18.45,18.0,18.44,205850.0
2016-11-17,18.5,18.55,18.41,18.43,133634.0
2016-11-18,18.5,18.5,18.15,18.39,201795.0
2016-11-21,18.45,18.49,18.23,18.29,152103.0
2016-11-22,18.38,18.48,18.32,18.42,131006.0
2016-11-23,18.43,18.45,18.28,18.32,101408.0
2016-11-25,18.38,18.72,18.38,18.72,110573.0
2016-11-28,18.52,18.59,18.19,18.24,195881.0
2016-11-29,18.3,18.38,18.24,18.32,165405.0
2016-11-30,18.38,18.44,18.22,18.33,194353.0
2016-12-01,18.37,18.48,18.2587,18.35,122736.0
2016-12-02,18.38,18.38,18.13,18.18,175357.0
2016-12-05,18.29,18.39,18.2,18.37,173185.0
2016-12-06,18.37,18.51,18.37,18.49,234435.0
2016-12-07,18.5,18.75,18.47,18.63,242955.0
2016-12-08,18.65,18.9,18.57,18.83,290715.0
2016-12-09,18.84,18.95,18.61,18.67,360140.0
2016-12-12,18.7,18.75,18.56,18.64,212190.0
2016-12-13,18.54,18.73,18.47,18.66,298415.0
2016-12-14,18.65,18.72,18.38,18.52,279750.0
2016-12-15,18.55,18.67,18.53,18.63,259480.0
2016-12-16,18.68,18.7299,18.57,18.67,264096.0
2016-12-19,18.7,19.07,18.69,19.05,322865.0
2016-12-20,19.15,19.2,18.81,19.0,338688.0
2016-12-21,19.01,19.13,18.9316,19.0,287280.0
2016-12-22,19.0,19.0,18.91,18.99,156776.0
2016-12-23,19.05,19.14,18.91,18.94,169673.0
2016-12-27,19.07,19.09,18.7145,18.88,168355.0
2016-12-28,18.5,18.5,18.27,18.35,181805.0
2016-12-29,18.45,18.6,18.41,18.48,198296.0
2016-12-30,18.59,18.75,18.53,18.68,155876.0
2017-01-03,18.71,18.7819,18.38,18.45,275353.0
2017-01-04,18.62,18.75,18.46,18.73,539807.0
2017-01-05,18.77,19.1,18.77,18.97,321463.0
2017-01-06,18.9,19.15,18.87,19.1,294510.0
2017-01-09,19.13,19.15,18.74,18.76,315683.0
2017-01-10,18.64,18.95,18.64,18.84,255701.0
2017-01-11,18.8,19.0,18.75,18.97,153882.0
2017-01-12,18.97,18.97,18.5401,18.72,280018.0
2017-01-13,18.79,19.0,18.55,18.86,525929.0
2017-01-17,18.8,19.09,18.73,18.82,257980.0
2017-01-18,18.91,18.96,18.71,18.96,201051.0
2017-01-19,18.88,18.9135,18.8,18.86,151955.0
2017-01-20,18.9,19.1259,18.84,18.97,277637.0
2017-01-23,18.92,19.04,18.84,18.91,129037.0
2017-01-24,18.85,18.96,18.81,18.89,159554.0
2017-01-25,19.01,19.05,18.7,18.85,285579.0
2017-01-26,18.79,18.84,18.44,18.56,555014.0
2017-01-27,18.57,18.65,18.36,18.4,321114.0
2017-01-30,18.4,18.5199,18.3,18.43,239285.0
2017-01-31,18.44,18.4424,18.2,18.27,267259.0
2017-02-01,18.38,18.55,18.3259,18.46,176122.0
2017-02-02,18.49,18.58,18.38,18.48,108265.0
2017-02-03,18.56,19.05,18.52,18.87,366801.0
2017-02-06,18.79,18.97,18.6,18.95,209562.0
2017-02-07,18.97,19.05,18.75,19.04,215888.0
2017-02-08,18.93,19.023,18.76,19.01,265969.0
2017-02-09,19.02,19.1,18.88,19.02,281502.0
2017-02-10,19.06,19.2,18.98,19.2,338079.0
2017-02-13,19.19,19.2,18.89,19.02,187030.0
2017-02-14,19.06,19.12,18.9133,19.07,187047.0
2017-02-15,19.1,19.2931,19.04,19.24,186040.0
2017-02-16,19.22,19.28,19.03,19.18,279046.0
2017-02-17,19.19,19.4,19.1,19.29,241940.0
2017-02-21,19.35,19.48,19.3,19.43,165294.0
2017-02-22,19.42,19.4871,19.2,19.41,169818.0
2017-02-23,19.5,20.08,19.41,19.67,398101.0
2017-02-24,19.63,19.63,19.34,19.49,296767.0
2017-02-27,19.64,19.64,19.35,19.4,247561.0
2017-02-28,19.36,19.61,19.1893,19.52,363408.0
2017-03-01,19.69,19.69,19.1201,19.39,265364.0
2017-03-02,19.4,19.69,19.25,19.68,483333.0
2017-03-03,19.59,19.59,19.3,19.36,231504.0
2017-03-06,19.35,19.56,19.3,19.56,167037.0
2017-03-07,19.53,19.72,19.42,19.52,275806.0
2017-03-08,19.4,19.77,19.29,19.67,420978.0
2017-03-09,19.53,19.778,19.53,19.75,307680.0
2017-03-10,19.73,20.08,19.72,20.06,278642.0
2017-03-13,20.06,20.12,19.98,20.07,154984.0
2017-03-14,20.04,20.1488,19.77,19.91,150703.0
2017-03-15,19.96,20.05,19.76,20.03,263200.0
2017-03-16,20.08,20.2,19.9,19.94,337699.0
2017-03-17,20.01,20.16,19.96,20.1,209316.0
2017-03-20,20.15,20.155,20.0,20.13,171527.0
2017-03-21,20.16,20.19,19.93,20.02,243207.0
2017-03-22,20.02,20.1,19.76,20.04,237034.0
2017-03-23,20.04,20.129,19.94,19.99,121597.0
2017-03-24,20.03,20.09,19.94,20.05,131295.0
2017-03-27,20.0,20.06,19.9601,20.06,172696.0
2017-03-28,20.1,20.12,19.97,20.0,246039.0
2017-03-29,19.9,20.28,19.81,20.25,176416.0
2017-03-30,20.31,20.4,20.25,20.26,146777.0
2017-03-31,20.32,20.45,20.23,20.39,232943.0
2017-04-03,20.52,20.55,20.34,20.48,180659.0
2017-04-04,20.5,20.73,20.48,20.73,331339.0
2017-04-05,20.38,20.49,20.21,20.36,280212.0
2017-04-06,20.43,20.58,20.27,20.55,208761.0
2017-04-07,20.54,20.65,20.43,20.61,307396.0
2017-04-10,20.61,20.62,20.44,20.47,192923.0
2017-04-11,20.54,20.59,20.26,20.59,128472.0
2017-04-12,20.58,20.67,20.45,20.52,223925.0
2017-04-13,20.51,20.63,20.43,20.43,149078.0
2017-04-17,20.5,20.5807,20.42,20.49,167230.0
2017-04-18,20.45,20.68,20.45,20.64,215304.0
2017-04-19,20.66,20.68,20.53,20.56,94556.0
2017-04-20,20.59,20.68,20.5125,20.65,105911.0
2017-04-21,20.73,20.84,20.52,20.58,199919.0
2017-04-24,20.68,20.7,20.56,20.58,90912.0
2017-04-25,20.8,20.92,20.67,20.74,250235.0
2017-04-26,20.73,21.04,20.73,20.78,196930.0
2017-04-27,20.83,20.94,20.73,20.85,123639.0
2017-04-28,20.96,21.0,20.76,20.91,162045.0
2017-05-01,20.96,21.01,20.83,20.96,126620.0
2017-05-02,20.97,21.09,20.93,20.99,120141.0
2017-05-03,20.97,20.97,20.68,20.7,198534.0
2017-05-04,20.86,21.1,20.17,20.31,368460.0
2017-05-05,20.43,20.565,20.33,20.49,220724.0
2017-05-08,20.54,20.83,20.5,20.58,180775.0
2017-05-09,20.59,20.71,20.58,20.66,155196.0
2017-05-10,20.7,20.7,20.545,20.59,215430.0
2017-05-11,20.59,20.67,20.44,20.49,166939.0
2017-05-12,20.48,20.699,20.48,20.56,129130.0
2017-05-15,20.54,20.73,20.54,20.66,123381.0
2017-05-16,20.69,20.78,20.55,20.75,160162.0
2017-05-17,20.65,20.76,20.5,20.53,173680.0
2017-05-18,20.54,20.64,20.419,20.55,150433.0
2017-05-19,20.65,20.65,20.4,20.5,113348.0
2017-05-22,20.6,20.6824,20.51,20.56,144754.0
2017-05-23,20.64,20.65,20.54,20.55,101336.0
2017-05-24,20.64,20.81,20.528,20.81,174998.0
2017-05-25,20.92,20.99,20.79,20.82,201564.0
2017-05-26,20.8,20.81,20.58,20.73,115418.0
2017-05-30,20.73,20.77,20.58,20.72,99670.0
2017-05-31,20.74,20.85,20.65,20.68,215745.0
2017-06-01,20.75,20.99,20.7,20.93,158603.0
2017-06-02,20.91,20.9763,20.77,20.84,126773.0
2017-06-05,20.84,20.97,20.84,20.92,98394.0
2017-06-06,20.95,21.0,20.875,20.92,94559.0
2017-06-07,20.91,20.94,20.72,20.87,130559.0
2017-06-08,20.9,20.96,20.8,20.9,109681.0
2017-06-09,20.92,20.98,20.75,20.82,113121.0
2017-06-12,20.74,20.9,20.665,20.88,191862.0
2017-06-13,20.51,20.6017,20.4,20.56,128348.0
2017-06-14,20.55,20.55,20.225,20.34,201881.0
2017-06-15,20.25,20.385,20.16,20.37,133431.0
2017-06-16,20.58,20.58,20.41,20.48,155216.0
2017-06-19,20.61,20.69,20.49,20.53,96846.0
2017-06-20,20.49,20.6,20.429,20.46,118075.0
2017-06-21,20.48,20.5683,20.37,20.4,90409.0
2017-06-22,20.47,20.54,20.31,20.37,144451.0
2017-06-23,20.38,20.52,20.36,20.51,70623.0
2017-06-26,20.54,20.69,20.397,20.62,122643.0
2017-06-27,20.65,20.84,20.51,20.53,231155.0
2017-06-28,20.55,20.82,20.51,20.8,125996.0
2017-06-29,20.84,20.84,20.36,20.45,214198.0
2017-06-30,20.47,20.52,20.42,20.45,155003.0
2017-07-03,20.47,20.69,20.45,20.6,64550.0
2017-07-05,20.59,20.7683,20.42,20.45,112213.0
2017-07-06,20.41,20.54,20.39,20.44,130547.0
2017-07-07,20.51,20.58,20.4401,20.5,127446.0
2017-07-10,20.51,20.63,20.37,20.5,236574.0
2017-07-11,20.54,20.54,20.41,20.48,121733.0
2017-07-12,20.56,20.71,20.53,20.55,157347.0
2017-07-13,20.6,20.65,20.48,20.51,136996.0
2017-07-14,20.55,20.64,20.43,20.57,172502.0
2017-07-17,20.63,20.69,20.43,20.45,300172.0
2017-07-18,20.44,20.58,20.36,20.45,190248.0
2017-07-19,20.52,20.54,20.25,20.39,360272.0
2017-07-20,20.41,20.67,20.34,20.58,186186.0
2017-07-21,20.64,20.88,20.6084,20.73,250876.0
2017-07-24,20.67,20.73,20.37,20.39,209321.0
2017-07-25,20.45,20.55,20.4001,20.52,164281.0
2017-07-26,20.55,20.72,20.55,20.6,124461.0
2017-07-27,20.59,20.78,20.58,20.74,142578.0
2017-07-28,20.74,20.74,20.585,20.65,93314.0
2017-07-31,20.7,20.76,20.57,20.76,96556.0
2017-08-01,20.79,20.79,20.67,20.74,126593.0
2017-08-02,20.76,20.85,20.71,20.79,137248.0
2017-08-03,21.25,21.43,20.81,21.14,425239.0
2017-08-04,21.19,21.25,20.93,21.12,241752.0
2017-08-07,21.11,21.43,21.1,21.19,343562.0
2017-08-08,21.19,21.57,21.17,21.32,249800.0
2017-08-09,21.27,21.62,21.27,21.49,241315.0
2017-08-10,21.46,21.54,21.24,21.26,262117.0
2017-08-11,21.17,21.5,20.95,21.33,350242.0
2017-08-14,21.42,21.6044,21.35,21.51,219666.0
2017-08-15,21.59,21.74,21.46,21.61,173807.0
2017-08-16,21.6,21.72,21.56,21.59,116806.0
2017-08-17,21.55,21.6285,21.27,21.28,220512.0
2017-08-18,21.27,21.27,20.86,20.96,286947.0
2017-08-21,20.96,21.03,20.9,20.95,167974.0
2017-08-22,20.98,21.1799,20.96,21.11,260944.0
2017-08-23,21.06,21.21,20.96,21.14,181177.0
2017-08-24,21.15,21.15,21.02,21.07,196130.0
2017-08-25,21.14,21.19,21.04,21.07,165304.0
2017-08-28,21.11,21.11,20.921,20.97,180367.0
2017-08-29,20.81,20.98,20.81,20.9,173315.0
2017-08-30,20.92,20.95,20.82,20.88,116695.0
2017-08-31,21.0,21.0139,20.75,20.75,240763.0
2017-09-01,20.77,20.93,20.76,20.84,158821.0
2017-09-05,20.85,20.8877,20.6,20.62,227839.0
2017-09-06,20.58,20.66,20.45,20.51,212459.0
2017-09-07,20.44,20.94,20.31,20.31,191326.0
2017-09-08,20.3,20.34,19.97,20.03,348129.0
2017-09-11,20.03,20.12,19.95,20.0,325320.0
2017-09-12,19.92,20.07,19.57,19.94,398833.0
2017-09-13,19.94,20.135,19.84,20.09,293290.0
2017-09-14,19.67,19.97,19.6,19.95,259936.0
2017-09-15,19.95,20.17,19.92,20.12,303381.0
2017-09-18,20.12,20.36,20.1,20.14,333168.0
2017-09-19,20.21,20.31,20.2,20.28,180822.0
2017-09-20,20.3,20.35,20.22,20.26,162200.0
2017-09-21,20.28,20.33,20.08,20.16,123356.0
2017-09-22,20.19,20.45,20.07,20.34,150860.0
2017-09-25,20.31,20.4202,20.01,20.07,456885.0
2017-09-26,20.1,20.64,20.04,20.59,269134.0
2017-09-27,20.64,20.74,20.53,20.61,210595.0
2017-09-28,20.61,20.78,20.53,20.78,165691.0
2017-09-29,20.93,21.01,20.8499,20.96,198705.0
2017-10-02,20.91,20.975,20.77,20.96,156590.0
2017-10-03,20.95,21.1,20.92,20.99,122209.0
2017-10-04,21.04,21.09,20.96,21.03,157690.0
2017-10-05,21.04,21.15,20.96,21.12,123025.0
2017-10-06,21.04,21.0712,20.807,20.82,300638.0
2017-10-09,20.85,21.05,20.85,20.92,223400.0
2017-10-10,20.99,21.01,20.83,20.93,96197.0
2017-10-11,21.04,21.065,20.91,20.91,200948.0
2017-10-12,20.91,21.02,20.82,20.82,232288.0
2017-10-13,20.82,20.8649,20.67,20.76,189853.0
2017-10-16,20.79,20.89,20.75,20.76,140914.0
2017-10-17,20.78,20.78,20.62,20.63,88860.0
2017-10-18,20.7,20.75,20.6,20.7,106226.0
2017-10-19,20.72,20.74,20.56,20.67,110232.0
2017-10-20,20.78,20.78,20.63,20.64,127839.0
2017-10-23,20.7,20.9,20.61,20.82,297795.0
2017-10-24,20.86,20.87,20.61,20.75,190152.0
2017-10-25,20.69,20.69,20.2591,20.35,183249.0
2017-10-26,20.42,20.47,20.33,20.35,109324.0
2017-10-27,20.44,20.69,20.32,20.63,175552.0
2017-10-30,20.64,20.745,20.55,20.63,152815.0
2017-10-31,20.67,20.67,20.42,20.44,288963.0
2017-11-01,20.57,20.6,20.2701,20.4,157162.0
2017-11-02,20.38,20.49,20.2172,20.27,123426.0
2017-11-03,20.24,20.42,20.1,20.4,156583.0
2017-11-06,20.4,20.402,20.23,20.29,156040.0
2017-11-07,20.25,20.33,20.17,20.24,116807.0
2017-11-08,20.09,20.83,20.0,20.8,242276.0
2017-11-09,20.78,20.85,20.57,20.62,187235.0
2017-11-10,20.5,20.62,20.29,20.35,157221.0
2017-11-13,20.34,20.48,20.34,20.43,134571.0
2017-11-14,20.43,20.58,20.42,20.42,90334.0
2017-11-15,20.37,20.54,20.3016,20.41,119163.0
2017-11-16,20.49,20.57,20.42,20.47,131584.0
2017-11-17,20.45,20.66,20.45,20.54,115153.0
2017-11-20,20.56,20.67,20.56,20.64,85878.0
2017-11-21,20.72,20.72,20.55,20.57,85201.0
2017-11-22,20.64,20.85,20.64,20.81,104887.0
2017-11-24,20.85,20.8624,20.65,20.83,77218.0
2017-11-27,20.83,20.86,20.6,20.62,126448.0
2017-11-28,20.66,20.75,20.55,20.6,91149.0
2017-11-29,20.6,20.65,20.49,20.6,124722.0
2017-11-30,20.68,20.7,20.35,20.47,153552.0
2017-12-01,20.49,20.49,20.22,20.31,103085.0
2017-12-04,20.35,20.4729,20.27,20.32,115166.0
2017-12-05,20.39,20.4103,20.25,20.33,95292.0
2017-12-06,20.3,20.52,20.26,20.45,118196.0
2017-12-07,20.4,20.72,20.37,20.61,154110.0
2017-12-08,20.62,20.66,20.46,20.54,80474.0
2017-12-11,20.6,20.94,20.59,20.8,179942.0
2017-12-12,20.8,20.87,20.65,20.69,168155.0
2017-12-13,20.69,20.79,20.53,20.69,187808.0
2017-12-14,20.2,20.42,20.16,20.24,212188.0
2017-12-15,20.21,20.35,19.93,20.17,301069.0
2017-12-18,20.24,20.43,20.11,20.13,126677.0
2017-12-19,20.13,20.27,19.87,19.95,174190.0
2017-12-20,20.21,20.21,19.9,20.0,182648.0
2017-12-21,20.01,20.07,19.94,20.03,147879.0
2017-12-22,20.07,20.2,20.01,20.06,88966.0
2017-12-26,20.0,20.12,20.0,20.0,157924.0
2017-12-27,20.02,20.05,19.81,19.86,166701.0
2017-12-28,19.85,20.08,19.85,20.04,139890.0
2017-12-29,20.05,20.05,19.79,19.8,266443.0
2018-01-02,19.94,19.94,19.68,19.88,287214.0
2018-01-03,19.92,19.97,19.85,19.88,118970.0
2018-01-04,19.9,20.06,19.78,19.85,116293.0
2018-01-05,19.98,20.14,19.87,20.01,141941.0
2018-01-08,20.05,20.19,19.89,20.0,152738.0
2018-01-09,20.0,20.11,19.9,19.95,123449.0
2018-01-10,19.95,19.99,19.73,19.8,144079.0
2018-01-11,19.8,20.01,19.75,20.01,106386.0
2018-01-12,20.12,20.12,19.91,20.06,128182.0
2018-01-16,20.05,20.13,20.01,20.05,248470.0
2018-01-17,20.05,20.12,19.9,20.0,167178.0
2018-01-18,20.06,20.06,19.69,19.78,356676.0
2018-01-19,19.78,19.99,19.76,19.87,126300.0
2018-01-22,19.9,20.0,19.69,19.78,254178.0
2018-01-23,19.73,19.81,19.66,19.67,234556.0
2018-01-24,19.65,19.87,19.59,19.77,241457.0
2018-01-25,19.76,19.8,19.47,19.64,252667.0
2018-01-26,19.65,19.65,19.43,19.57,220601.0
2018-01-29,19.57,19.57,19.18,19.48,263628.0
2018-01-30,19.42,19.53,19.32,19.39,174866.0
2018-01-31,19.46,19.47,19.16,19.21,202665.0
2018-02-01,19.2,19.45,19.11,19.41,190829.0
2018-02-02,19.29,19.33,19.07,19.15,328039.0
2018-02-05,19.03,19.12,17.76,18.36,615925.0
2018-02-06,18.06,18.77,17.9,18.73,445945.0
2018-02-07,18.67,18.99,18.56,18.73,354750.0
2018-02-08,18.84,19.2,18.51,18.53,218737.0
2018-02-09,18.66,18.79,18.16,18.27,464787.0
2018-02-12,18.4,18.63,18.35,18.53,271383.0
2018-02-13,18.47,18.67,18.38,18.64,239718.0
2018-02-14,18.59,18.72,18.3,18.44,387650.0
2018-02-15,18.46,18.51,18.2,18.31,363845.0
2018-02-16,18.29,18.48,18.24,18.36,203935.0
2018-02-20,18.34,18.54,18.09,18.15,239968.0
2018-02-21,18.15,18.2,18.04,18.06,313024.0
2018-02-22,18.04,19.08,18.02,18.31,460250.0
2018-02-23,18.34,18.36,18.11,18.22,315582.0
2018-02-26,18.34,18.5,18.23,18.38,351058.0
2018-02-27,18.38,18.52,18.23,18.25,341608.0
2018-02-28,18.31,18.42,18.04,18.04,500329.0
2018-03-01,18.1,18.23,17.98,18.02,347477.0
2018-03-02,18.01,18.06,17.88,18.03,352696.0
2018-03-05,18.08,18.71,18.04,18.54,539422.0
2018-03-06,18.6,18.69,18.35,18.45,184385.0
2018-03-07,18.33,18.42,18.11,18.31,417492.0
2018-03-08,18.37,18.52,18.2,18.32,310648.0
2018-03-09,18.4,18.5,18.27,18.46,177036.0
2018-03-12,18.5,18.62,18.3,18.5,408129.0
2018-03-13,18.51,18.51,18.22,18.4,396289.0
2018-03-14,18.02,18.12,17.91,17.96,335092.0
2018-03-15,17.98,18.04,17.75,17.81,265130.0
2018-03-16,17.87,18.09,17.85,17.88,179771.0
2018-03-19,17.88,18.0,17.79,17.93,120925.0
2018-03-20,17.96,18.04,17.89,17.9,206537.0
2018-03-21,17.05,17.59,17.0,17.5,3538368.0
2018-03-22,17.45,18.05,17.45,17.97,1231900.0
2018-03-23,17.97,17.97,17.48,17.52,339180.0
2018-03-26,17.56,17.7,17.45,17.5,393058.0
2018-03-27,17.51,17.63,17.45,17.47,389038.0
2018-03-28,17.54,17.69,17.49,17.66,353494.0
2018-03-29,17.69,17.86,17.61,17.86,562942.0
2018-04-02,17.85,17.87,17.77,17.83,273325.0
2018-04-03,17.87,17.95,17.81,17.89,183974.0
2018-04-04,17.85,18.01,17.81,17.97,214500.0
2018-04-05,18.01,18.01,17.89,17.95,155487.0
2018-04-06,17.89,17.96,17.82,17.89,199412.0
2018-04-09,17.9,18.05,17.9,17.91,177713.0
2018-04-10,17.98,17.98,17.71,17.85,245167.0
2018-04-11,17.85,17.93,17.83,17.85,193175.0
2018-04-12,17.9,17.95,17.82,17.84,151259.0
2018-04-13,17.81,17.95,17.67,17.7,209916.0
2018-04-16,17.79,17.79,17.65,17.75,204801.0
2018-04-17,17.82,17.91,17.76,17.88,123266.0
2018-04-18,17.89,17.93,17.85,17.93,106040.0
2018-04-19,17.88,17.94,17.79,17.82,128898.0
2018-04-20,17.85,17.86,17.65,17.78,196137.0
2018-04-23,17.82,17.82,17.69,17.75,223378.0
2018-04-24,17.85,17.85,17.74,17.82,215610.0
2018-04-25,17.77,17.83,17.74,17.8,201999.0
2018-04-26,17.88,17.88,17.78,17.87,179868.0
2018-04-27,17.85,18.02,17.82,17.96,158109.0
2018-04-30,18.02,18.19,17.95,18.06,491923.0
2018-05-01,18.05,18.14,17.97,18.1,237114.0
2018-05-02,18.13,18.17,18.05,18.08,273546.0
2018-05-03,18.05,18.15,18.0,18.08,184199.0
2018-05-04,18.2,18.99,18.2,18.86,360240.0
2018-05-07,18.9,18.95,18.74,18.91,377634.0
2018-05-08,18.89,19.04,18.83,18.93,612543.0
2018-05-09,18.95,18.97,18.81,18.88,222742.0
2018-05-10,18.89,19.13,18.87,19.03,759974.0
2018-05-11,19.1,19.13,18.97,19.0,126616.0
2018-05-14,18.97,19.09,18.9,18.91,236720.0
2018-05-15,18.88,19.15,18.87,19.13,215874.0
2018-05-16,19.13,19.16,18.96,19.08,279669.0
2018-05-17,19.1,19.29,19.05,19.19,247362.0
2018-05-18,19.22,19.26,19.04,19.16,191144.0
2018-05-21,19.17,19.27,19.09,19.19,212271.0
2018-05-22,19.22,19.27,19.12,19.19,151696.0
2018-05-23,19.18,19.31,19.05,19.17,153571.0
2018-05-24,19.22,19.225,19.0649,19.17,179370.0
2018-05-25,19.2,19.23,19.1,19.16,243271.0
2018-05-29,19.13,19.16,18.92,18.98,455643.0
2018-05-30,18.98,19.02,18.79,18.8,310830.0
2018-05-31,18.82,18.86,18.6,18.66,262930.0
2018-06-01,18.7,18.74,18.56,18.7,159907.0
2018-06-04,18.79,18.8,18.55,18.69,187600.0
2018-06-05,18.67,18.67,18.48,18.59,195050.0
2018-06-06,18.56,18.56,18.37,18.54,235189.0
2018-06-07,18.5,18.61,18.46,18.54,215684.0
2018-06-08,18.54,18.65,18.51,18.61,183148.0
2018-06-11,18.61,18.64,18.47,18.49,254476.0
2018-06-12,18.49,18.51,18.32,18.32,298377.0
2018-06-13,18.31,18.33,18.0,18.16,562339.0
2018-06-14,17.8,18.14,17.74,18.08,283059.0
2018-06-15,17.95,18.21,17.95,18.13,293681.0
2018-06-18,17.99,18.22,17.98,18.07,304323.0
2018-06-19,18.07,18.25,18.04,18.1,301636.0
2018-06-20,18.09,18.17,18.01,18.07,285099.0
2018-06-21,18.09,18.09,17.84,17.85,421448.0
2018-06-22,17.91,18.01,17.79,17.83,257586.0
2018-06-25,17.82,17.9,17.66,17.85,296950.0
2018-06-26,17.86,17.91,17.69,17.73,284055.0
2018-06-27,17.77,17.83,17.49,17.51,308073.0
2018-06-28,17.5,17.61,17.48,17.59,317969.0
2018-06-29,17.96,18.04,17.74,17.94,429183.0
2018-07-02,18.0,18.11,17.86,18.04,280534.0
2018-07-03,18.09,18.19,18.08,18.15,122444.0
2018-07-05,18.15,18.17,18.1,18.1,195971.0
2018-07-06,18.06,18.21,18.02,18.14,183861.0
2018-07-09,18.22,18.33,18.2,18.24,186808.0
2018-07-10,18.26,18.26,18.07,18.13,171916.0
2018-07-11,18.12,18.17,18.1,18.14,130464.0
2018-07-12,18.18,18.2,18.04,18.09,156355.0
2018-07-13,18.11,18.22,18.01,18.2,272052.0
2018-07-16,18.21,18.21,18.06,18.2,212934.0
2018-07-17,18.2,18.45,18.1,18.34,347872.0
2018-07-18,18.38,18.77,18.37,18.75,234240.0
2018-07-19,18.72,18.8,18.67,18.72,244678.0
2018-07-20,18.72,18.84,18.7,18.81,199742.0
2018-07-23,19.11,19.12,18.63,18.77,583491.0
2018-07-24,18.83,19.12,18.76,19.08,360131.0
2018-07-25,19.08,19.24,19.05,19.19,196137.0
2018-07-26,19.23,19.28,19.19,19.22,249333.0
2018-07-27,19.2,19.45,19.17,19.39,312415.0
2018-07-30,19.49,19.5,19.36,19.41,192452.0
2018-07-31,19.46,19.53,19.27,19.51,304195.0
2018-08-01,19.5,19.59,19.28,19.54,276396.0
2018-08-02,19.98,20.0,19.67,19.74,632816.0
2018-08-03,19.98,20.0,19.74,19.85,398407.0
2018-08-06,19.86,20.09,19.81,20.08,235262.0
2018-08-07,20.12,20.26,20.04,20.17,343990.0
2018-08-08,20.15,20.22,19.93,19.94,209640.0
2018-08-09,19.93,20.03,19.86,20.0,214082.0
2018-08-10,19.99,19.99,19.82,19.87,161165.0
2018-08-13,19.88,20.01,19.83,19.86,139235.0
2018-08-14,19.9,19.9142,19.67,19.77,316220.0
2018-08-15,19.74,19.83,19.62,19.7,200094.0
2018-08-16,19.75,19.81,19.65,19.71,201418.0
2018-08-17,19.69,19.76,19.64,19.67,184706.0
2018-08-20,19.69,19.74,19.62,19.66,170163.0
2018-08-21,19.66,19.87,19.64,19.82,267743.0
2018-08-22,19.82,19.9,19.73,19.79,265953.0
2018-08-23,19.81,19.81,19.73,19.78,197182.0
2018-08-24,19.82,19.88,19.68,19.81,280330.0
2018-08-27,19.83,19.94,19.7,19.8,228561.0
2018-08-28,19.83,19.96,19.73,19.83,274723.0
2018-08-29,20.1,20.18,19.83,19.87,565698.0
2018-08-30,19.77,20.09,19.68,20.05,407259.0
2018-08-31,20.04,20.05,19.85,20.05,196190.0
2018-09-04,20.06,20.15,19.98,20.04,226482.0
2018-09-05,20.06,20.09,19.8,20.0,253704.0
2018-09-06,20.04,20.11,19.93,20.04,168249.0
2018-09-07,20.04,20.12,19.98,20.01,192125.0
2018-09-10,20.05,20.08,19.96,20.02,159781.0
2018-09-11,20.01,20.02,19.91,19.97,136557.0
2018-09-12,19.97,20.07,19.85,20.06,264832.0
2018-09-13,19.8,20.15,19.7,20.11,393500.0
2018-09-14,20.07,20.28,20.07,20.24,480838.0
2018-09-17,20.24,20.39,20.2,20.3,416484.0
2018-09-18,20.32,20.44,20.28,20.42,385965.0
2018-09-19,20.5,20.57,20.21,20.21,461038.0
2018-09-20,20.32,20.67,20.27,20.65,301795.0
2018-09-21,20.67,20.8,20.6,20.71,380026.0
2018-09-24,20.73,20.78,20.55,20.56,321630.0
2018-09-25,20.6,20.62,20.39,20.39,147847.0
2018-09-26,20.42,20.55,20.35,20.5,191336.0
2018-09-27,20.53,20.53,20.4,20.46,272302.0
2018-09-28,20.44,20.5,20.35,20.39,191021.0
2018-10-01,20.45,20.45,20.2,20.35,236099.0
2018-10-02,20.28,20.33,20.12,20.16,191861.0
2018-10-03,20.16,20.27,20.13,20.21,204299.0
2018-10-04,20.21,20.21,20.01,20.15,282719.0
2018-10-05,20.18,20.18,20.01,20.07,428537.0
2018-10-08,20.01,20.1,19.81,19.86,426722.0
2018-10-09,19.85,20.07,19.83,20.01,165682.0
2018-10-10,19.98,20.1,19.95,19.96,225414.0
2018-10-11,19.92,19.97,19.77,19.8,326531.0
2018-10-12,19.93,19.97,19.63,19.66,343091.0
2018-10-15,19.7,19.86,19.7,19.83,185777.0
2018-10-16,19.89,20.01,19.78,19.94,254906.0
2018-10-17,20.03,20.09,19.87,20.07,193057.0
2018-10-18,20.07,20.22,20.01,20.03,200817.0
2018-10-19,20.01,20.1,19.87,19.88,122736.0
2018-10-22,19.9,20.03,19.9,19.95,228922.0
2018-10-23,19.89,19.99,19.76,19.88,229559.0
2018-10-24,19.87,19.94,19.67,19.68,237304.0
2018-10-25,19.71,19.82,19.7,19.76,253391.0
2018-10-26,19.65,19.88,19.61,19.64,679008.0
2018-10-29,19.77,19.88,19.66,19.75,236233.0
2018-10-30,19.83,20.02,19.8,19.95,257130.0
2018-10-31,19.93,20.23,19.93,20.08,431465.0
2018-11-01,20.16,20.5,20.16,20.4,210550.0
2018-11-02,20.43,20.65,20.2,20.37,273061.0
2018-11-05,20.4,20.44,20.23,20.44,182583.0
2018-11-06,20.42,20.87,20.34,20.86,222935.0
2018-11-07,20.78,21.0,20.5,20.65,395737.0
2018-11-08,20.8,21.24,20.6,20.69,331417.0
2018-11-09,20.8,21.05,20.69,21.0,391216.0
2018-11-12,20.91,21.02,20.69,20.72,223332.0
2018-11-13,20.75,20.9,20.47,20.5,243135.0
2018-11-14,20.6,20.63,20.33,20.35,205029.0
2018-11-15,20.34,20.36,20.18,20.22,248161.0
2018-11-16,20.22,20.29,20.14,20.22,189195.0
2018-11-19,20.3,20.32,20.1,20.2,255183.0
2018-11-20,20.16,20.27,19.69,20.0,488934.0
2018-11-21,20.0,20.28,19.95,20.14,172010.0
2018-11-23,20.09,20.29,20.0001,20.24,66207.0
2018-11-26,20.32,20.5,20.26,20.45,238786.0
2018-11-27,20.44,20.54,20.42,20.44,145984.0
2018-11-28,20.45,20.62,20.44,20.51,275745.0
2018-11-29,20.42,20.59,20.4,20.48,191618.0
2018-11-30,20.53,20.55,20.24,20.29,161542.0
2018-12-03,20.39,20.5,20.13,20.42,169869.0
2018-12-04,20.38,20.43,20.05,20.12,485485.0
2018-12-06,19.9,20.05,19.36,19.93,342584.0
2018-12-07,19.96,20.09,19.94,20.0,199576.0
2018-12-10,20.05,20.1,19.49,19.63,281970.0
2018-12-11,19.96,20.03,19.58,19.69,308676.0
2018-12-12,19.87,19.88,19.68,19.77,257136.0
2018-12-13,19.5,19.55,19.33,19.41,278806.0
2018-12-14,19.32,19.44,19.18,19.23,251601.0
2018-12-17,19.23,19.23,18.3,18.4,711972.0
2018-12-18,18.52,18.8,18.35,18.52,384886.0
2018-12-19,18.54,19.05,18.54,18.63,356758.0
2018-12-20,18.58,18.72,18.09,18.23,574406.0
2018-12-21,18.22,18.48,18.07,18.09,453110.0
2018-12-24,18.09,18.3,17.75,18.25,389628.0
2018-12-26,18.29,18.87,18.2,18.86,399565.0
2018-12-27,18.73,18.9,18.19,18.54,497691.0
2018-12-28,18.7,18.81,18.45,18.6,485097.0
2018-12-31,18.67,18.7062,17.93,18.09,423699.0
2019-01-02,18.03,18.56,17.95,18.44,269286.0
2019-01-03,18.45,18.7,18.45,18.61,219358.0
2019-01-04,18.7,18.93,18.7,18.85,211945.0
2019-01-07,18.9,19.42,18.8,19.25,299422.0
2019-01-08,19.38,19.41,19.16,19.26,357302.0
2019-01-09,19.37,19.39,18.96,19.04,271193.0
2019-01-10,19.04,19.24,18.96,19.18,254736.0
2019-01-11,19.21,19.39,19.07,19.35,294374.0
2019-01-14,19.24,19.5,19.2,19.3,177211.0
2019-01-15,19.31,19.53,19.2,19.42,274881.0
2019-01-16,19.43,19.54,19.25,19.44,223658.0
2019-01-17,19.32,19.43,19.25,19.33,147350.0
2019-01-18,19.34,19.63,19.3,19.41,247624.0
2019-01-22,19.42,19.53,19.26,19.32,244623.0
2019-01-23,19.36,19.4,19.16,19.36,180076.0
2019-01-24,19.4,19.47,19.25,19.27,211632.0
2019-01-25,19.39,19.48,19.33,19.45,240078.0
2019-01-28,19.45,19.53,19.3,19.44,183866.0
2019-01-29,19.61,19.64,19.48,19.57,193805.0
2019-01-30,19.62,19.87,19.6,19.74,219436.0
2019-01-31,19.7,19.83,19.62,19.83,335825.0
2019-02-01,19.85,19.85,19.52,19.67,245293.0
2019-02-04,19.65,19.87,19.61,19.83,98457.0
2019-02-05,19.83,20.01,19.7,20.0,167948.0
2019-02-06,19.97,20.04,19.83,19.91,111413.0
2019-02-07,19.9,19.94,19.73,19.85,211946.0
2019-02-08,19.82,20.0,19.77,19.98,282082.0
2019-02-11,20.06,20.21,20.06,20.16,303838.0
2019-02-12,20.19,20.27,20.11,20.2,230284.0
2019-02-13,20.26,20.27,20.07,20.26,163797.0
2019-02-14,20.21,20.36,20.0,20.31,113564.0
2019-02-15,20.38,20.53,20.31,20.49,205689.0
2019-02-19,20.49,20.54,20.43,20.5,219658.0
2019-02-20,20.53,20.73,20.41,20.72,312670.0
2019-02-21,20.95,21.05,20.4,20.99,733747.0
2019-02-22,20.92,21.1,20.81,20.97,391229.0
2019-02-25,21.0,21.06,20.55,20.6,733693.0
2019-02-26,20.62,20.67,20.47,20.61,495063.0
2019-02-27,20.51,20.51,20.31,20.38,216762.0
2019-02-28,20.41,20.45,20.08,20.14,261393.0
2019-03-01,20.21,20.21,19.85,19.89,270672.0
2019-03-04,19.9,20.1,19.83,19.95,303305.0
2019-03-05,19.93,20.01,19.76,19.82,314939.0
2019-03-06,19.8,19.99,19.8,19.8,580110.0
2019-03-07,19.8,19.9,19.65,19.66,380178.0
2019-03-08,19.6,19.8,19.58,19.72,582733.0
2019-03-11,19.78,19.95,19.72,19.87,949412.0
2019-03-12,19.93,20.21,19.84,20.0,827158.0
2019-03-13,20.11,20.15,19.97,20.1,345921.0
2019-03-14,19.76,19.82,19.63,19.73,262874.0
2019-03-15,19.73,19.81,19.62,19.75,310757.0
2019-03-18,19.76,19.97,19.75,19.95,239318.0
2019-03-19,20.01,20.17,19.79,19.85,305270.0
2019-03-20,19.9,19.96,19.7,19.83,436958.0
2019-03-21,19.78,20.01,19.78,19.89,284166.0
2019-03-22,19.89,20.08,19.89,19.97,260937.0
2019-03-25,19.98,20.0,19.77,19.81,285970.0
2019-03-26,19.9,19.97,19.81,19.97,215261.0
2019-03-27,19.97,20.06,19.81,20.01,229329.0
2019-03-28,20.06,20.18,20.06,20.17,170745.0
2019-03-29,20.25,20.33,19.98,20.0,331106.0
2019-04-01,20.07,20.22,20.02,20.14,220969.0
2019-04-02,20.16,20.24,20.05,20.14,185296.0
2019-04-03,20.15,20.33,20.04,20.04,162795.0
2019-04-04,20.09,20.33,20.04,20.16,221817.0
2019-04-05,20.18,20.28,20.12,20.23,149607.0
2019-04-08,20.3,20.3,20.11,20.17,114484.0
2019-04-09,20.1,20.16,19.98,20.01,123563.0
2019-04-10,20.01,20.14,20.0,20.06,150140.0
2019-04-11,20.14,20.21,20.05,20.16,123344.0
2019-04-12,20.19,20.24,20.01,20.09,143494.0
2019-04-15,20.13,20.2,20.03,20.06,213308.0
2019-04-16,20.13,20.16,20.06,20.15,180756.0
2019-04-17,20.11,20.14,20.03,20.12,178392.0
2019-04-18,20.15,20.15,20.02,20.05,115138.0
2019-04-22,20.05,20.13,19.99,20.11,119378.0
2019-04-23,20.05,20.2,20.03,20.15,233007.0
2019-04-24,20.15,20.24,20.05,20.13,163787.0
2019-04-25,20.15,20.15,19.85,20.12,159731.0
2019-04-26,20.1,20.15,20.0,20.14,142304.0
2019-04-29,20.15,20.16,20.1,20.15,298794.0
2019-04-30,20.05,20.29,20.05,20.29,212387.0
2019-05-01,20.2,20.25,20.1,20.15,257706.0
2019-05-02,20.13,20.25,20.1,20.24,120243.0
2019-05-03,20.13,20.24,19.45,20.16,448355.0
2019-05-06,19.95,20.3,19.9,20.21,363347.0
2019-05-07,20.1,20.25,20.1,20.15,193782.0
2019-05-08,20.1,20.12,19.9,19.92,198726.0
2019-05-09,19.85,19.91,19.7,19.82,237385.0
2019-05-10,19.84,19.92,19.71,19.84,212591.0
2019-05-13,19.74,19.75,19.52,19.53,293040.0
2019-05-14,19.53,19.88,19.53,19.81,184218.0
2019-05-15,19.8,19.87,19.62,19.66,246545.0
2019-05-16,19.72,19.77,19.64,19.71,175569.0
2019-05-17,19.64,19.86,19.63,19.74,92629.0
2019-05-20,19.75,19.95,19.75,19.9,134069.0
2019-05-21,19.83,19.95,19.71,19.74,174335.0
2019-05-22,19.76,19.91,19.74,19.84,216883.0
2019-05-23,19.82,19.95,19.82,19.9,156721.0
2019-05-24,19.96,20.01,19.77,19.84,77657.0
2019-05-28,19.92,19.96,19.85,19.85,132323.0
2019-05-29,19.84,19.85,19.75,19.82,148141.0
2019-05-30,19.91,19.94,19.76,19.78,165620.0
2019-05-31,19.69,19.71,19.52,19.52,242768.0
2019-06-03,19.54,19.8,19.54,19.67,161721.0
2019-06-04,19.76,19.85,19.65,19.82,135753.0
2019-06-05,19.87,19.91,19.75,19.88,113083.0
2019-06-06,19.92,20.0,19.86,19.91,157460.0
2019-06-07,19.89,19.97,19.78,19.9,360108.0
2019-06-10,19.96,20.16,19.93,20.16,152951.0
2019-06-11,20.25,20.29,20.07,20.12,126817.0
2019-06-12,20.14,20.22,20.03,20.13,205165.0
2019-06-13,19.91,19.96,19.61,19.93,200876.0
2019-06-14,19.97,20.1,19.93,20.04,145317.0
2019-06-17,20.07,20.07,19.87,19.89,215459.0
2019-06-18,19.94,19.99,19.86,19.97,185778.0
2019-06-19,19.99,20.28,19.88,20.2,267681.0
2019-06-20,20.26,20.3,19.71,19.95,429588.0
2019-06-21,19.97,20.08,19.93,20.04,329413.0
2019-06-24,20.0,20.09,19.59,19.6,253186.0
2019-06-25,19.63,19.64,19.5,19.61,275936.0
2019-06-26,19.67,19.72,19.5,19.63,386758.0
2019-06-27,19.67,19.7,19.49,19.49,227613.0
2019-06-28,19.49,19.65,19.36,19.6,193844.0
2019-07-01,19.65,19.74,19.46,19.55,182678.0
2019-07-02,19.55,19.65,19.52,19.63,115797.0
2019-07-03,19.65,19.77,19.56,19.68,123134.0
2019-07-05,19.7,19.76,19.56,19.71,137026.0
2019-07-08,19.68,19.74,19.58,19.6,147530.0
2019-07-09,19.64,19.67,19.55,19.59,144163.0
2019-07-10,19.55,19.73,19.51,19.65,197558.0
2019-07-11,19.6,19.7,19.53,19.58,200248.0
2019-07-12,19.56,19.7,19.56,19.63,102193.0
2019-07-15,19.61,19.67,19.55,19.56,201595.0
2019-07-16,19.62,19.64,19.51,19.51,175137.0
2019-07-17,19.51,19.55,19.5,19.51,167807.0
2019-07-18,19.5,19.53,19.33,19.39,340759.0
2019-07-19,19.4,19.72,19.37,19.52,332250.0
2019-07-22,19.54,19.55,19.32,19.36,155236.0
2019-07-23,19.36,19.55,19.34,19.53,117520.0
2019-07-24,19.45,19.66,19.4,19.57,225438.0
2019-07-25,19.62,19.8,19.62,19.68,123488.0
2019-07-26,19.74,19.79,19.71,19.76,84246.0
2019-07-29,19.78,19.8,19.63,19.7,197477.0
2019-07-30,19.7,19.8,19.61,19.77,73571.0
2019-07-31,19.77,19.8,19.37,19.52,206349.0
2019-08-01,19.73,19.97,19.61,19.81,300918.0
2019-08-02,19.92,20.31,19.9,20.28,369883.0
2019-08-05,20.12,20.49,19.93,19.99,446691.0
2019-08-06,20.14,20.26,20.03,20.15,218593.0
2019-08-07,20.06,20.06,19.82,19.96,123000.0
2019-08-08,19.96,20.45,19.93,20.39,247727.0
2019-08-09,20.4,20.43,20.12,20.12,168304.0
2019-08-12,20.06,20.32,20.06,20.26,308209.0
2019-08-13,20.15,20.46,20.15,20.38,140518.0
2019-08-14,20.25,20.33,20.17,20.27,167629.0
2019-08-15,20.39,20.41,20.09,20.14,174128.0
2019-08-16,20.19,20.6,20.15,20.5,200166.0
2019-08-19,20.56,20.84,20.52,20.79,195346.0
2019-08-20,20.89,21.17,20.64,21.01,365279.0
2019-08-21,20.95,21.15,20.9,20.95,262841.0
2019-08-22,21.02,21.09,20.86,20.9,207161.0
2019-08-23,20.9,20.94,20.69,20.77,197502.0
2019-08-26,20.94,20.94,20.82,20.9,195529.0
2019-08-27,20.9,20.97,20.67,20.76,267026.0
2019-08-28,20.94,20.95,20.62,20.91,355143.0
2019-08-29,20.94,20.95,20.69,20.87,289137.0
2019-08-30,20.9,20.93,20.72,20.73,206513.0
2019-09-03,20.73,20.77,20.6,20.69,190315.0
2019-09-04,20.79,20.85,20.55,20.63,351785.0
2019-09-05,20.73,20.81,20.57,20.72,314216.0
2019-09-06,20.71,20.88,20.63,20.84,208033.0
2019-09-09,20.87,21.0,20.8,20.97,273341.0
2019-09-10,20.97,21.03,20.92,20.94,186193.0
2019-09-11,20.92,20.95,20.82,20.87,253718.0
2019-09-12,20.53,20.73,20.51,20.65,221014.0
2019-09-13,20.65,20.79,20.63,20.72,134294.0
2019-09-16,20.7,20.82,20.65,20.72,218412.0
2019-09-17,20.64,20.78,20.63,20.76,127980.0
2019-09-18,20.78,20.83,20.72,20.81,116886.0
2019-09-19,20.83,21.05,20.78,20.87,225636.0
2019-09-20,20.88,21.01,20.86,21.01,172558.0
2019-09-23,20.98,21.03,20.92,20.96,157386.0
2019-09-24,21.0,21.02,20.92,20.92,202812.0
2019-09-25,20.97,20.98,20.85,20.86,165463.0
2019-09-26,20.92,21.08,20.85,21.0,165803.0
2019-09-27,21.0,21.08,20.9,20.93,183519.0
2019-09-30,21.01,21.08,20.93,20.98,187867.0
2019-10-01,20.98,20.98,20.6,20.73,234303.0
2019-10-02,20.62,20.65,20.05,20.2,368382.0
2019-10-03,20.21,20.34,19.93,20.01,319539.0
2019-10-04,20.08,20.42,20.04,20.41,177466.0
2019-10-07,20.41,20.65,20.36,20.55,173114.0
2019-10-08,20.5,20.6,20.4,20.43,165998.0
2019-10-09,20.49,20.52,20.3,20.31,149194.0
2019-10-10,20.38,20.62,20.34,20.6,138316.0
2019-10-11,20.73,20.86,20.6,20.73,155134.0
2019-10-14,20.72,20.78,20.54,20.57,118228.0
2019-10-15,20.66,20.89,20.59,20.72,278543.0
2019-10-16,20.7,20.85,20.7,20.78,180348.0
2019-10-17,20.85,20.92,20.79,20.84,135138.0
2019-10-18,20.84,20.91,20.78,20.91,182455.0
2019-10-21,20.91,20.96,20.81,20.85,138596.0
2019-10-22,20.86,20.97,20.77,20.9,147009.0
2019-10-23,20.9,21.2,20.8,21.18,230381.0
2019-10-24,21.22,21.28,21.11,21.17,120257.0
2019-10-25,21.2,21.2,21.06,21.1,112720.0
2019-10-28,21.16,21.41,21.13,21.23,159348.0
2019-10-29,21.2,21.43,21.2,21.27,202890.0
2019-10-30,21.34,21.43,21.24,21.42,195361.0
2019-10-31,21.48,21.48,21.24,21.3,177471.0
2019-11-01,21.34,21.5,21.32,21.41,170045.0
2019-11-04,21.58,21.68,21.28,21.37,185542.0
2019-11-05,21.4,21.57,21.27,21.4,156559.0
2019-11-06,22.0,22.23,21.47,21.64,374591.0
2019-11-07,21.44,21.44,21.1,21.21,452240.0
2019-11-08,21.2,21.62,21.14,21.55,189299.0
2019-11-11,21.5,21.57,21.43,21.48,205976.0
2019-11-12,21.66,21.99,21.65,21.8,319447.0
2019-11-13,21.74,21.8,21.66,21.78,178208.0
2019-11-14,21.72,21.84,21.59,21.63,266745.0
2019-11-15,21.63,21.64,21.36,21.58,307826.0
2019-11-18,21.6,21.6,21.43,21.57,278471.0
2019-11-19,21.59,21.75,21.5,21.67,339184.0
2019-11-20,21.54,21.85,21.51,21.83,424801.0
2019-11-21,21.88,21.92,21.42,21.49,273194.0
2019-11-22,21.47,21.51,21.31,21.32,207900.0
2019-11-25,21.36,21.41,21.29,21.37,183651.0
2019-11-26,21.35,21.45,21.29,21.42,156291.0
2019-11-27,21.42,21.42,21.25,21.41,399175.0
2019-11-29,21.42,21.59,21.33,21.59,155475.0
2019-12-02,21.64,21.72,21.36,21.4,291360.0
2019-12-03,21.35,21.41,21.21,21.28,278116.0
2019-12-04,21.31,21.66,21.28,21.6,268217.0
2019-12-05,21.62,21.68,21.5,21.62,167091.0
2019-12-06,21.67,21.74,21.61,21.72,198337.0
2019-12-09,21.74,21.79,21.67,21.7,164147.0
2019-12-10,21.68,21.78,21.61,21.76,188583.0
2019-12-11,21.71,21.8,21.63,21.76,274011.0
2019-12-12,21.35,21.63,21.32,21.46,268558.0
2019-12-13,21.5,21.59,21.4,21.52,181902.0
2019-12-16,21.6,21.82,21.6,21.77,334090.0
2019-12-17,21.73,21.79,21.61,21.64,278868.0
2019-12-18,21.66,21.72,21.54,21.55,210059.0
2019-12-19,21.61,21.89,21.61,21.74,224680.0
2019-12-20,21.8,21.81,21.58,21.59,208785.0
2019-12-23,21.59,21.63,21.45,21.5,161951.0
2019-12-24,21.6,21.6,21.46,21.51,57973.0
2019-12-26,21.57,21.57,21.45,21.52,112738.0
2019-12-27,21.5,21.6,21.46,21.47,92950.0
2019-12-30,21.5,21.52,21.43,21.51,201981.0
2019-12-31,21.47,21.57,21.46,21.47,206582.0
2020-01-02,21.5,21.7,21.46,21.6,276009.0
2020-01-03,21.5,21.72,21.5,21.63,141543.0
2020-01-06,21.6,21.73,21.53,21.58,195554.0
2020-01-07,21.63,21.69,21.55,21.59,197983.0
2020-01-08,21.58,21.86,21.56,21.8,222268.0
2020-01-09,21.82,21.84,21.73,21.75,165283.0
2020-01-10,21.75,21.83,21.73,21.77,126013.0
2020-01-13,21.81,22.0,21.7,21.81,259719.0
2020-01-14,21.8,21.83,21.76,21.82,118610.0
2020-01-15,21.84,21.91,21.76,21.79,271090.0
2020-01-16,21.84,22.07,21.8,21.97,263136.0
2020-01-17,22.02,22.1,21.89,21.9,173404.0
2020-01-21,21.93,21.95,21.83,21.91,193995.0
2020-01-22,21.91,21.93,21.82,21.82,151206.0
2020-01-23,21.85,21.97,21.81,21.87,190642.0
2020-01-24,21.94,21.99,21.65,21.66,187488.0
2020-01-27,21.65,21.7,21.5,21.64,160861.0
2020-01-28,21.65,21.72,21.54,21.63,151126.0
2020-01-29,21.68,21.78,21.65,21.66,165008.0
2020-01-30,21.73,22.16,21.67,21.77,83561.0
2020-01-31,21.72,21.74,21.53,21.58,144272.0
2020-02-03,21.66,21.79,21.64,21.75,223490.0
2020-02-04,21.78,22.0,21.68,21.91,184379.0
2020-02-05,21.94,22.1,21.94,22.04,166903.0
2020-02-06,22.05,22.1,22.02,22.06,99574.0
2020-02-07,22.05,22.14,22.03,22.08,185153.0
2020-02-10,22.08,22.45,22.08,22.45,297805.0
2020-02-11,22.45,22.53,22.39,22.51,196066.0
2020-02-12,22.5,22.55,22.4,22.45,138716.0
2020-02-13,22.41,22.55,22.41,22.48,112367.0
2020-02-14,22.47,22.67,22.47,22.67,190313.0
2020-02-18,22.7,22.76,22.67,22.69,173578.0
2020-02-19,22.74,22.75,22.49,22.65,243873.0
2020-02-20,23.1,23.67,23.01,23.28,570703.0
2020-02-21,23.0,23.26,22.93,23.03,446220.0
2020-02-24,22.78,23.01,22.53,22.81,357761.0
2020-02-25,22.81,22.85,21.56,21.81,761587.0
2020-02-26,21.76,22.23,21.76,21.86,506110.0
2020-02-27,21.55,21.96,21.15,21.59,923039.0
2020-02-28,21.19,21.34,20.62,20.94,1353660.0
2020-03-02,21.02,22.23,21.02,22.13,716722.0
2020-03-03,22.21,22.56,21.96,22.0,858494.0
2020-03-04,22.36,22.6,22.07,22.27,273556.0
2020-03-05,22.14,22.37,21.94,22.27,491387.0
2020-03-06,21.9,21.99,21.31,21.73,649140.0
2020-03-09,20.56,20.98,20.01,20.55,615427.0
2020-03-10,20.85,21.01,19.4,20.0,1012392.0
2020-03-11,19.75,19.79,19.02,19.37,706448.0
2020-03-12,17.9,17.9,15.93,17.28,1628407.0
2020-03-13,17.93,18.49,17.93,18.47,1080447.0
2020-03-16,16.0,17.21,14.4,16.71,1009615.0
2020-03-17,16.99,16.99,14.45,14.95,1899665.0
2020-03-18,14.26,14.55,12.53,12.92,1800668.0
2020-03-19,12.82,14.35,11.53,13.87,1564009.0
2020-03-20,13.95,14.75,12.82,13.52,1158011.0
2020-03-23,13.48,13.58,11.25,11.3,1948926.0
2020-03-24,11.86,13.63,11.86,12.52,889231.0
2020-03-25,12.73,15.33,12.55,13.51,1428943.0
2020-03-26,13.5,16.54,13.48,14.91,1122963.0
2020-03-27,14.48,15.57,13.27,14.73,769661.0
2020-03-30,14.63,14.67,13.88,14.29,716693.0
2020-03-31,14.36,14.58,13.81,13.92,695317.0
2020-04-01,13.45,13.55,12.97,13.18,767439.0
2020-04-02,13.08,13.27,12.65,12.82,659664.0
2020-04-03,13.12,13.25,12.25,12.57,794186.0
2020-04-06,12.77,13.67,12.61,12.72,792280.0
2020-04-07,13.29,14.24,13.09,13.4,860775.0
2020-04-08,13.63,15.1,13.63,14.48,873029.0
2020-04-09,15.57,16.29,15.15,15.84,1082764.0
2020-04-13,15.81,16.03,14.9,15.1,1469466.0
2020-04-14,15.49,15.67,14.79,15.16,606960.0
2020-04-15,15.07,15.23,14.12,14.41,768066.0
2020-04-16,15.05,15.25,14.33,15.0,555766.0
2020-04-17,15.65,16.48,15.37,15.56,772220.0
2020-04-20,15.22,15.66,15.04,15.15,1087868.0
2020-04-21,15.0,15.47,14.84,14.95,603540.0
2020-04-22,15.09,15.38,14.81,14.9,434703.0
2020-04-23,14.89,15.34,14.87,15.2,425394.0
2020-04-24,15.39,15.92,15.25,15.82,760050.0
2020-04-27,16.01,16.74,16.01,16.5,830711.0
2020-04-28,16.96,17.25,16.47,16.49,640591.0
2020-04-29,16.92,17.15,16.78,16.85,375688.0
2020-04-30,16.85,16.85,16.21,16.46,379262.0
2020-05-01,15.99,16.14,15.55,16.01,403750.0
2020-05-04,15.8,15.85,15.38,15.49,475112.0
2020-05-05,15.64,16.3,15.64,15.99,596078.0
2020-05-06,16.04,16.57,15.87,16.37,460535.0
2020-05-07,16.59,16.95,16.44,16.57,465306.0
2020-05-08,16.69,16.93,16.65,16.83,260549.0
2020-05-11,16.74,17.05,16.66,16.87,260797.0
2020-05-12,16.89,16.96,16.64,16.82,257222.0
2020-05-13,16.75,16.98,16.45,16.9,822193.0
2020-05-14,16.67,17.06,16.43,17.01,421542.0
2020-05-15,16.83,17.33,16.82,17.16,375380.0
2020-05-18,17.72,17.96,17.18,17.4,483430.0
2020-05-19,17.3,17.76,17.3,17.44,352958.0
2020-05-20,17.62,17.8,17.52,17.66,238665.0
2020-05-21,17.55,18.0,17.55,17.9,254076.0
2020-05-22,18.0,18.12,17.81,18.0,279467.0
2020-05-26,18.45,18.71,18.37,18.56,284109.0
2020-05-27,18.95,18.98,18.39,18.7,206185.0
2020-05-28,18.89,18.89,18.2,18.34,330309.0
2020-05-29,18.3,18.5,18.06,18.4,343151.0
2020-06-01,18.4,18.74,18.33,18.6,257375.0
2020-06-02,18.6,18.85,18.57,18.68,593842.0
2020-06-03,18.71,18.89,18.71,18.85,477842.0
2020-06-04,18.74,18.88,18.55,18.85,317970.0
2020-06-05,19.08,19.51,18.89,19.09,448800.0
2020-06-08,19.09,19.57,19.09,19.51,592648.0
2020-06-09,19.31,19.46,19.05,19.42,440562.0
2020-06-10,19.42,19.54,18.37,18.77,649079.0
2020-06-11,18.1,18.13,17.34,17.68,630611.0
2020-06-12,17.7,17.87,17.09,17.6,417073.0
2020-06-15,17.15,17.58,17.05,17.51,460523.0
2020-06-16,17.83,18.13,17.55,17.78,346108.0
2020-06-17,17.85,17.93,17.23,17.37,278915.0
2020-06-18,17.25,17.45,17.17,17.24,247237.0
2020-06-19,17.33,17.51,17.01,17.16,312811.0
2020-06-22,17.05,17.13,16.85,16.91,291084.0
2020-06-23,17.06,17.17,17.0,17.0,506356.0
2020-06-24,16.72,16.75,16.25,16.51,633836.0
2020-06-25,16.47,16.72,16.36,16.59,262683.0
2020-06-26,16.48,16.51,16.12,16.16,263899.0
2020-06-29,16.22,16.46,16.1697,16.35,173984.0
2020-06-30,16.27,16.66,16.27,16.49,365817.0
2020-07-01,16.53,16.76,16.3,16.42,349157.0
2020-07-02,16.6,16.8,16.25,16.33,279465.0
2020-07-06,16.55,16.55,16.12,16.26,325638.0
2020-07-07,16.19,16.19,15.9,15.94,427127.0
2020-07-08,15.87,16.11,15.83,15.85,413840.0
2020-07-09,15.84,15.88,15.53,15.68,392363.0
2020-07-10,15.66,15.97,15.65,15.83,296757.0
2020-07-13,15.91,16.13,15.73,15.95,272182.0
2020-07-14,15.85,16.28,15.76,16.24,373172.0
2020-07-15,16.37,16.62,16.31,16.54,234375.0
2020-07-16,16.42,16.8,16.42,16.6,229340.0
2020-07-17,16.66,16.8,16.61,16.67,175397.0
2020-07-20,16.7,16.73,16.41,16.46,230673.0
2020-07-21,16.49,16.84,16.49,16.8,337531.0
2020-07-22,16.85,16.9,16.81,16.87,278282.0
2020-07-23,17.17,17.26,16.92,17.02,539383.0
2020-07-24,17.1,17.11,16.74,17.01,502539.0
2020-07-27,17.06,17.08,16.85,16.9,357335.0
2020-07-28,16.83,16.99,16.74,16.89,334157.0
2020-07-29,16.85,17.1801,16.79,17.1,1038509.0
2020-07-30,17.06,17.16,16.965,17.12,375579.0
2020-07-31,17.2,17.28,17.0,17.04,289525.0
2020-08-03,17.03,17.41,16.98,17.27,348655.0
2020-08-04,17.37,17.71,17.35,17.65,391144.0
2020-08-05,17.98,18.145,17.38,17.65,717113.0
2020-08-06,17.9,18.09,17.68,18.07,735698.0
2020-08-07,18.02,18.28,18.02,18.26,354062.0
2020-08-10,18.25,18.6297,18.18,18.48,424546.0
2020-08-11,18.6,18.82,18.21,18.29,684929.0
2020-08-12,18.54,18.5811,18.25,18.32,294599.0
2020-08-13,18.17,18.27,18.1,18.12,341675.0
2020-08-14,18.18,18.18,17.85,18.0,630330.0
2020-08-17,18.0,18.0899,17.815,17.91,469892.0
2020-08-18,17.87,18.01,17.64,17.92,476880.0
2020-08-19,17.89,18.115,17.73,18.01,532204.0
2020-08-20,17.95,17.95,17.71,17.81,343519.0
2020-08-21,17.76,17.81,17.54,17.81,674318.0
2020-08-24,17.89,18.1,17.71,18.03,377137.0
2020-08-25,18.03,18.04,17.67,17.68,359857.0
2020-08-26,17.66,17.73,17.41,17.5,458677.0
2020-08-27,17.4,17.5477,17.26,17.3,601010.0
2020-08-28,17.31,17.54,17.28,17.41,888894.0
2020-08-31,17.48,17.7099,17.4201,17.6,471130.0
2020-09-01,17.6,17.61,17.38,17.41,895627.0
2020-09-02,17.43,17.68,17.4,17.54,701037.0
2020-09-03,17.45,17.6,17.145,17.22,713688.0
2020-09-04,17.28,17.4,16.81,16.91,668454.0
2020-09-08,16.84,17.1,16.54,16.95,848522.0
2020-09-09,17.05,17.28,16.91,16.99,499346.0
2020-09-10,17.01,17.19,16.9902,17.12,343665.0
2020-09-11,17.2,17.44,17.12,17.37,351714.0
2020-09-14,17.16,17.241,17.0,17.11,339671.0
2020-09-15,17.12,17.225,17.02,17.06,286105.0
2020-09-16,17.12,17.2,16.97,17.02,451887.0
2020-09-17,16.8,17.02,16.73,16.93,344139.0
2020-09-18,16.97,17.12,16.8,16.88,310377.0
2020-09-21,16.6,16.87,16.55,16.79,397407.0
2020-09-22,16.9,17.155,16.865,17.13,406501.0
2020-09-23,17.2,17.27,16.5,16.55,446250.0
2020-09-24,16.5,16.69,16.32,16.46,327394.0
2020-09-25,16.46,16.85,16.45,16.85,211583.0
2020-09-28,17.01,17.3384,16.94,17.19,261714.0
2020-09-29,17.16,17.32,17.015,17.03,195124.0
2020-09-30,16.97,17.2744,16.97,17.21,317117.0
2020-10-01,17.21,17.35,17.15,17.32,237733.0
2020-10-02,17.17,17.3818,17.06,17.35,168075.0
2020-10-05,17.3,17.465,17.2,17.25,207140.0
2020-10-06,17.34,17.37,17.03,17.03,310269.0
2020-10-07,17.1,17.25,17.03,17.16,175668.0
2020-10-08,17.12,17.28,17.06,17.23,141983.0
2020-10-09,17.29,17.39,17.15,17.29,201570.0
2020-10-12,17.35,17.3518,17.2004,17.29,168048.0
2020-10-13,17.3,17.37,17.2,17.24,225758.0
2020-10-14,17.25,17.48,17.22,17.46,507502.0
2020-10-15,17.48,17.5,17.315,17.38,260841.0
2020-10-16,17.35,17.35,17.17,17.25,224043.0
2020-10-19,17.37,17.37,16.87,16.88,204278.0
2020-10-20,16.94,17.02,16.81,16.82,259366.0
2020-10-21,16.83,16.8889,16.68,16.76,242250.0
2020-10-22,16.72,16.79,16.615,16.73,284569.0
2020-10-23,16.79,16.94,16.75,16.9,174765.0
2020-10-26,16.76,16.78,16.6,16.71,409663.0
2020-10-27,16.78,16.845,16.7,16.8,213152.0
2020-10-28,16.62,16.66,16.3,16.31,517465.0
2020-10-29,16.35,16.49,16.12,16.45,324451.0
2020-10-30,16.38,16.47,16.16,16.46,243796.0
2020-11-02,16.6,17.02,16.6,16.67,310236.0
2020-11-03,16.71,17.05,16.68,17.01,260003.0
2020-11-04,16.91,17.38,16.59,17.26,252905.0
2020-11-05,17.6,18.47,17.5,18.2,438898.0
2020-11-06,18.45,18.5,18.099,18.28,379770.0
2020-11-09,18.95,19.0032,18.62,18.83,490668.0
2020-11-10,18.87,19.52,18.82,19.43,261366.0
2020-11-11,19.48,19.52,19.12,19.21,287010.0
2020-11-12,19.14,19.14,18.93,18.97,201457.0
2020-11-13,19.01,19.43,19.0,19.39,292177.0
2020-11-16,19.69,19.92,19.58,19.77,416528.0
2020-11-17,19.64,19.93,19.6199,19.87,151956.0
2020-11-18,19.95,20.19,19.75,19.77,372336.0
2020-11-19,19.83,20.05,19.83,19.95,201642.0
2020-11-20,20.0,20.0,19.825,19.92,195586.0
2020-11-23,20.05,20.33,20.0,20.3,226025.0
2020-11-24,20.55,21.07,20.37,20.77,421440.0
2020-11-25,20.75,21.03,20.66,20.78,325788.0
2020-11-27,20.71,20.97,20.58,20.75,114589.0
2020-11-30,20.75,20.91,20.54,20.61,387495.0
2020-12-01,20.8,21.26,20.69,21.05,349751.0
2020-12-02,20.96,21.19,20.9,21.03,187714.0
2020-12-03,21.03,21.16,20.905,21.16,571855.0
2020-12-04,21.18,21.57,21.15,21.24,409421.0
2020-12-07,21.27,21.3802,20.92,21.12,335181.0
2020-12-08,21.11,21.29,20.98,21.04,246924.0
2020-12-09,21.05,21.08,20.68,20.81,452693.0
2020-12-10,20.69,20.9,20.54,20.87,313649.0
2020-12-11,20.75,20.98,20.62,20.95,309641.0
2020-12-14,20.72,20.8,20.4,20.5,246896.0
2020-12-15,20.51,20.8,20.49,20.58,327324.0
2020-12-16,20.6,20.8,20.47,20.77,273396.0
2020-12-17,20.71,20.905,20.59,20.75,426674.0
2020-12-18,20.65,20.76,20.15,20.67,432198.0
2020-12-21,20.63,20.82,20.48,20.5,220880.0
2020-12-22,20.48,20.65,20.4,20.5,208506.0
2020-12-23,20.58,20.76,20.58,20.65,111224.0
2020-12-24,20.78,20.79,20.52,20.7,92413.0
2020-12-28,20.71,20.81,20.58,20.58,224711.0
2020-12-29,20.7,20.81,20.6,20.74,156202.0
2020-12-30,20.74,20.9,20.68,20.68,242051.0
2020-12-31,20.71,20.89,20.551,20.75,203697.0
2021-01-04,20.85,20.85,20.33,20.62,242205.0
2021-01-05,20.65,20.89,20.65,20.71,234124.0
2021-01-06,20.86,20.9975,20.72,20.85,295538.0
2021-01-07,21.03,21.22,20.83,20.97,257796.0
2021-01-08,21.01,21.0876,20.65,20.89,483556.0
2021-01-11,20.8,20.92,20.59,20.66,236066.0
2021-01-12,20.66,20.81,20.43,20.64,216448.0
2021-01-13,20.72,20.95,20.63,20.71,146529.0
2021-01-14,20.75,20.91,20.69,20.76,200859.0
2021-01-15,20.81,21.15,20.7,20.99,335804.0
2021-01-19,21.19,21.29,21.04,21.09,265192.0
2021-01-20,21.24,21.2499,20.98,21.16,217592.0
2021-01-21,21.2,21.28,21.04,21.11,193685.0
2021-01-22,21.05,21.05,20.895,20.94,230701.0
2021-01-25,21.0,21.364,20.86,21.1,422662.0
2021-01-26,21.14,21.45,20.99,21.09,359651.0
2021-01-27,21.07,21.12,20.59,20.61,288543.0
2021-01-28,20.6,20.79,20.551,20.7,299046.0
2021-01-29,20.6,20.6499,20.16,20.46,475380.0
2021-02-01,20.62,20.74,20.405,20.69,239124.0
2021-02-02,20.85,21.29,20.78,21.06,261691.0
2021-02-03,21.13,21.23,20.97,21.18,202070.0
2021-02-04,21.26,21.63,21.22,21.45,311786.0
2021-02-05,21.5,21.83,21.46,21.72,318384.0
2021-02-08,21.84,21.9,21.47,21.59,261687.0
2021-02-09,21.5,21.585,21.11,21.23,360063.0
2021-02-10,21.41,21.71,21.41,21.59,288027.0
2021-02-11,21.5,21.86,21.45,21.46,353792.0
2021-02-12,21.45,21.57,21.32,21.55,165092.0
2021-02-16,21.63,21.65,21.36,21.53,298280.0
2021-02-17,21.55,21.85,21.42,21.72,372290.0
2021-02-18,22.6,22.6,22.0501,22.19,864135.0
2021-02-19,21.45,21.66,21.35,21.63,2939857.0
2021-02-22,21.55,21.75,21.44,21.5,1320052.0
2021-02-23,21.5,21.71,21.27,21.7,718805.0
2021-02-24,21.85,21.99,21.68,21.74,652169.0
2021-02-25,21.7,21.86,21.5,21.65,616166.0
2021-02-26,21.81,21.97,21.55,21.74,540626.0
2021-03-01,22.15,22.2,21.84,21.92,562437.0
2021-03-02,21.91,22.26,21.82,22.11,762426.0
2021-03-03,21.99,22.2,21.8,22.04,589342.0
2021-03-04,21.98,22.12,21.75,21.83,558124.0
2021-03-05,21.85,21.95,21.54,21.8,637527.0
2021-03-08,21.8,22.19,21.72,22.01,400799.0
2021-03-09,22.13,22.41,21.96,22.13,484590.0
2021-03-10,22.3,22.47,22.19,22.42,447282.0
2021-03-11,22.48,22.66,22.42,22.51,566693.0
2021-03-12,22.24,22.43,22.09,22.42,334027.0
2021-03-15,22.42,22.83,22.41,22.64,633738.0
2021-03-16,22.64,22.9,22.52,22.76,442313.0
2021-03-17,22.75,22.87,22.6281,22.76,383206.0
2021-03-18,22.75,22.76,22.02,22.05,710584.0
2021-03-19,22.0,22.41,21.9204,22.31,487525.0
2021-03-22,22.39,22.51,22.26,22.5,458948.0
2021-03-23,22.5,22.805,22.31,22.38,904465.0
2021-03-24,21.27,21.6,20.94,20.94,843527.0
2021-03-25,20.76,20.94,20.36,20.81,807012.0
2021-03-26,20.875,20.97,20.61,20.97,738950.0
2021-03-29,20.85,21.025,20.77,20.94,290943.0
2021-03-30,20.9,21.23,20.9,21.16,323740.0
2021-03-31,21.15,21.23,21.02,21.03,274686.0
2021-04-01,21.11,21.35,21.05,21.34,236907.0
2021-04-05,21.51,21.74,21.4726,21.68,368045.0
2021-04-06,21.7,21.9,21.65,21.8,483139.0
2021-04-07,21.81,22.09,21.81,22.04,431601.0
2021-04-08,22.21,22.22,21.97,22.13,555684.0
2021-04-09,22.08,22.22,22.06,22.21,280738.0
2021-04-12,22.23,22.34,22.12,22.2,388028.0
2021-04-13,22.23,22.3062,22.045,22.24,350613.0
2021-04-14,22.11,22.2199,22.03,22.05,262147.0
2021-04-15,22.06,22.26,21.95,22.18,366087.0
2021-04-16,22.32,22.39,22.2,22.38,368841.0
2021-04-19,22.4,22.43,22.225,22.3,308816.0
2021-04-20,22.2,22.31,22.09,22.23,513477.0
2021-04-21,22.22,22.4,22.17,22.34,312430.0
2021-04-22,22.34,22.44,22.11,22.15,249665.0
2021-04-23,22.19,22.25,22.06,22.15,195692.0
2021-04-26,22.14,22.24,22.06,22.07,250244.0
2021-04-27,22.07,22.23,22.07,22.23,152566.0
2021-04-28,22.18,22.35,22.12,22.33,249786.0
2021-04-29,22.36,22.46,22.28,22.41,247508.0
2021-04-30,22.4,22.45,22.28,22.28,210527.0
2021-05-03,22.31,22.4,22.23,22.32,266980.0
2021-05-04,22.23,22.32,22.0706,22.15,364551.0
2021-05-05,22.3,22.37,21.81,22.12,565700.0
2021-05-06,21.91,22.17,21.85,22.03,632459.0
2021-05-07,22.0,22.1563,21.93,22.0,524071.0
2021-05-10,22.0,22.26,21.97,22.04,344073.0
2021-05-11,21.9,21.9422,21.64,21.67,581839.0
2021-05-12,21.68,21.7,20.8,20.86,848033.0
2021-05-13,20.93,21.495,20.93,21.39,397844.0
2021-05-14,21.61,21.83,21.47,21.76,249042.0
2021-05-17,21.82,21.97,21.44,21.87,392954.0
2021-05-18,21.94,22.135,21.8,21.94,311390.0
2021-05-19,21.76,22.02,21.6,22.0,310011.0
2021-05-20,21.95,22.08,21.85,22.04,240962.0
2021-05-21,22.0,22.16,21.91,22.05,293936.0
2021-05-24,22.2,22.22,22.01,22.16,277133.0
2021-05-25,22.24,22.24,21.93,21.93,318202.0
2021-05-26,21.93,22.2,21.93,22.16,248123.0
2021-05-27,22.16,22.31,22.11,22.26,255265.0
2021-05-28,22.35,22.35,22.212,22.32,246746.0
2021-06-01,22.42,22.45,22.29,22.38,343607.0
2021-06-02,22.41,22.4727,22.28,22.42,282042.0
2021-06-03,22.35,22.46,22.29,22.31,385775.0
2021-06-04,22.44,22.46,22.26,22.44,190449.0
2021-06-07,22.48,22.67,22.48,22.61,256488.0
2021-06-08,22.7,22.77,22.61,22.62,420309.0
2021-06-09,22.62,22.71,22.46,22.67,325823.0
2021-06-10,22.74,22.78,22.46,22.51,442126.0
2021-06-11,22.55,22.74,22.54,22.64,388044.0
2021-06-14,22.19,22.4,22.19,22.35,265046.0
2021-06-15,22.33,22.35,22.11,22.17,192056.0
2021-06-16,22.18,22.39,22.17,22.28,286048.0
2021-06-17,22.27,22.3,21.86,22.09,313949.0
2021-06-18,22.01,22.06,21.59,21.59,502440.0
2021-06-21,21.67,21.81,21.585,21.72,809174.0
2021-06-22,21.71,21.8,21.63,21.71,304379.0
2021-06-23,21.78,21.95,21.71,21.84,483939.0
2021-06-24,21.97,22.135,21.8901,22.09,234392.0
2021-06-25,22.11,22.17,21.99,22.01,325108.0
2021-06-28,22.01,22.41,21.88,22.31,642673.0
2021-06-29,22.34,22.47,22.01,22.24,483948.0
2021-06-30,22.27,22.315,22.09,22.19,383904.0
2021-07-01,22.22,22.65,22.14,22.18,1017885.0
2021-07-02,22.22,22.77,22.0,22.72,752191.0
2021-07-06,22.76,23.08,22.73,22.95,622714.0
2021-07-07,22.95,23.26,22.77,23.18,959655.0
2021-07-08,23.0,23.02,22.77,22.94,442670.0
2021-07-09,22.99,23.39,22.94,23.37,476871.0
2021-07-12,23.36,23.84,23.27,23.82,576017.0
2021-07-13,23.8,23.89,23.6,23.78,601211.0
2021-07-14,23.84,23.97,23.27,23.44,338358.0
2021-07-15,23.42,23.61,23.25,23.28,301103.0
2021-07-16,23.36,23.41,23.23,23.37,307012.0
2021-07-19,23.175,23.175,22.491,22.95,409465.0
2021-07-20,23.03,23.5,22.98,23.43,272172.0
2021-07-21,23.55,23.7042,23.49,23.49,181669.0
2021-07-22,23.5,23.51,23.21,23.29,190389.0
2021-07-23,23.47,23.505,23.3,23.4,210071.0
2021-07-26,23.48,23.6,23.31,23.51,182450.0
2021-07-27,23.35,23.51,23.3,23.5,153321.0
2021-07-28,23.5,23.65,23.4,23.6,168647.0
2021-07-29,23.61,23.69,23.42,23.43,239122.0
2021-07-30,23.46,23.56,23.14,23.29,253799.0
2021-08-02,23.4,23.5,23.23,23.35,218616.0
2021-08-03,23.35,23.46,23.06,23.4,200394.0
2021-08-04,22.98,23.1,22.0,22.61,685257.0
2021-08-05,22.64,23.07,22.56,22.96,428188.0
2021-08-06,23.11,23.13,22.91,23.05,216867.0
2021-08-09,23.14,23.32,23.1,23.24,273181.0
2021-08-10,23.34,23.63,23.26,23.53,285751.0
2021-08-11,23.68,23.68,23.29,23.49,205136.0
2021-08-12,23.56,23.73,23.31,23.69,204267.0
2021-08-13,23.73,23.75,23.45,23.7,323124.0
2021-08-16,23.65,23.67,23.46,23.56,244736.0
2021-08-17,23.52,23.56,23.05,23.2,221335.0
2021-08-18,23.13,23.23,22.93,22.96,211087.0
2021-08-19,22.8,22.88,22.32,22.45,337758.0
2021-08-20,22.51,22.885,22.39,22.76,248291.0
2021-08-23,22.91,23.05,22.78,22.93,219768.0
2021-08-24,22.95,23.14,22.9,23.03,224014.0
2021-08-25,23.05,23.29,22.97,23.11,189739.0
2021-08-26,23.1,23.2,22.99,23.05,188854.0
2021-08-27,23.09,23.37,23.09,23.22,186935.0
2021-08-30,23.28,23.28,22.92,22.94,165056.0
2021-08-31,22.93,23.0,22.77,22.8,178833.0
2021-09-01,22.9,23.0,22.8,22.86,172411.0
2021-09-02,22.96,23.0397,22.86,22.99,222158.0
2021-09-03,23.01,23.18,22.88,23.04,150202.0
2021-09-07,23.04,23.04,22.55,22.61,326743.0
2021-09-08,22.6,22.76,22.51,22.53,170119.0
2021-09-09,22.51,22.74,22.48,22.64,147385.0
2021-09-10,22.74,22.77,22.46,22.46,192973.0
2021-09-13,22.55,22.57,22.4,22.43,279542.0
2021-09-14,22.0,22.27,21.99,22.06,207859.0
2021-09-15,22.0,22.15,21.9,22.13,163175.0
2021-09-16,22.11,22.13,21.82,21.86,223940.0
2021-09-17,21.81,21.905,21.59,21.59,365278.0
2021-09-20,21.51,21.78,21.13,21.74,466620.0
2021-09-21,22.0,22.07,21.75,21.77,248981.0
2021-09-22,21.91,22.21,21.9,22.1,222557.0
2021-09-23,22.19,22.29,21.98,22.27,281463.0
2021-09-24,22.17,22.335,22.15,22.21,212209.0
2021-09-27,22.3,22.5,22.27,22.42,200489.0
2021-09-28,22.42,22.48,22.21,22.25,218729.0
2021-09-29,22.23,22.38,22.23,22.33,177222.0
2021-09-30,22.4,22.48,22.21,22.21,313705.0
2021-10-01,22.33,22.57,22.25,22.49,209008.0
2021-10-04,22.45,22.622,22.4,22.6,201538.0
2021-10-05,22.66,22.66,22.4,22.42,188846.0
2021-10-06,22.28,22.6,22.28,22.55,227704.0
2021-10-07,22.58,22.7,22.49,22.53,205875.0
2021-10-08,22.5,22.67,22.4772,22.62,185203.0
2021-10-11,22.65,22.77,22.62,22.66,256560.0
2021-10-12,22.75,23.19,22.63,23.14,301320.0
2021-10-13,23.18,23.28,23.04,23.23,293686.0
2021-10-14,23.3,23.39,23.15,23.27,220434.0
2021-10-15,23.44,23.48,23.25,23.25,181660.0
2021-10-18,23.25,23.48,23.24,23.41,253587.0
2021-10-19,23.48,23.6,23.37,23.57,186193.0
2021-10-20,23.6,23.7,23.55,23.66,177845.0
2021-10-21,23.71,23.74,23.585,23.69,146760.0
2021-10-22,23.71,23.78,23.66,23.74,145835.0
2021-10-25,23.71,23.8,23.64,23.68,239868.0
2021-10-26,23.71,23.76,23.571,23.63,188432.0
2021-10-27,23.65,23.715,23.57,23.62,137653.0
2021-10-28,23.64,23.77,23.55,23.76,203286.0
2021-10-29,23.76,23.96,23.76,23.84,261803.0
2021-11-01,23.95,23.9794,23.73,23.77,282605.0
2021-11-02,23.71,23.79,23.64,23.7,210056.0
2021-11-03,24.0,24.1,23.78,23.84,493335.0
2021-11-04,23.95,23.99,23.65,23.66,299563.0
2021-11-05,23.77,24.15,23.77,24.12,333357.0
2021-11-08,24.18,24.74,24.18,24.72,998368.0
2021-11-09,24.72,24.72,24.2,24.4,258222.0
2021-11-10,24.43,24.54,24.29,24.35,127769.0
2021-11-11,24.34,24.59,24.34,24.49,216781.0
2021-11-12,24.5,24.56,24.41,24.46,176415.0
2021-11-15,24.62,24.63,24.42,24.48,170244.0
2021-11-16,24.51,24.535,24.42,24.48,145497.0
2021-11-17,24.43,24.5199,24.1,24.31,196220.0
2021-11-18,24.27,24.46,24.21,24.45,194231.0
2021-11-19,24.38,24.43,24.005,24.1,238067.0
2021-11-22,24.2,24.311,24.1,24.16,214194.0
2021-11-23,24.2,24.42,24.09,24.27,362907.0
2021-11-24,24.27,24.33,24.18,24.23,142348.0
2021-11-26,23.98,24.165,23.8995,24.06,165733.0
2021-11-29,24.0,24.21,23.88,24.04,358265.0
2021-11-30,24.0,24.035,23.78,23.85,223762.0
2021-12-01,24.07,24.1,23.73,23.76,237138.0
2021-12-02,23.84,24.05,23.82,23.86,182438.0
2021-12-03,23.87,23.94,23.66,23.78,244585.0
2021-12-06,23.42,23.52,23.21,23.34,185988.0
2021-12-07,23.38,23.49,23.27,23.29,190657.0
2021-12-08,23.26,23.45,23.14,23.16,292446.0
2021-12-09,23.12,23.33,22.9,23.16,219527.0
2021-12-10,23.25,23.37,23.12,23.13,173409.0
2021-12-13,23.19,23.38,23.0474,23.26,199148.0
2021-12-14,22.88,22.91,22.48,22.5,343775.0
2021-12-15,22.59,22.69,22.25,22.59,343562.0
2021-12-16,22.83,22.9215,22.33,22.43,504356.0
2021-12-17,22.47,22.5,22.16,22.25,467561.0
2021-12-20,22.24,22.36,21.9697,22.35,592572.0
2021-12-21,22.51,22.7899,22.51,22.64,359505.0
2021-12-22,22.72,22.93,22.66,22.87,327688.0
2021-12-23,22.95,23.17,22.9,23.08,334839.0
2021-12-27,23.18,23.25,23.03,23.19,178463.0
2021-12-28,23.13,23.41,23.13,23.21,188539.0
2021-12-29,23.27,23.39,23.195,23.3,265550.0
2021-12-30,23.3,23.55,23.3,23.32,235840.0
2021-12-31,23.39,23.52,23.39,23.39,202210.0
2022-01-03,23.47,23.63,23.3899,23.47,190809.0
2022-01-04,23.57,24.01,23.5202,23.94,334513.0
2022-01-05,24.01,24.135,23.72,23.74,389604.0
2022-01-06,23.82,24.02,23.69,23.77,327541.0
2022-01-07,23.85,23.935,23.74,23.91,344038.0
2022-01-10,23.95,24.1,23.75,23.85,285288.0
2022-01-11,23.83,24.2,23.8095,24.16,245456.0
2022-01-12,24.24,24.36,24.14,24.27,227304.0
2022-01-13,24.27,24.27,23.88,23.91,323054.0
2022-01-14,23.94,24.0318,23.8,23.99,266706.0
2022-01-18,23.88,24.12,23.71,24.0,329490.0
2022-01-19,24.05,24.13,23.93,24.07,270974.0
2022-01-20,24.03,24.08,23.75,23.76,217579.0
2022-01-21,23.7,23.74,23.35,23.38,278764.0
2022-01-24,23.1,23.175,22.41,23.02,560846.0
2022-01-25,22.93,23.53,22.78,23.4,287665.0
2022-01-26,23.52,23.71,23.18,23.32,188834.0
2022-01-27,23.45,23.62,23.37,23.43,245204.0
2022-01-28,23.43,23.49,23.15,23.48,154984.0
2022-01-31,23.45,23.87,23.4,23.86,145917.0
2022-02-01,23.83,23.98,23.7148,23.9,165741.0
2022-02-02,23.97,24.05,23.84,24.0,193445.0
2022-02-03,23.87,23.976,23.78,23.81,140354.0
2022-02-04,23.82,23.89,23.6,23.71,324465.0
2022-02-07,23.71,24.02,23.71,23.94,208616.0
2022-02-08,23.93,24.09,23.92,23.92,154206.0
2022-02-09,24.09,24.09,23.89,23.92,174192.0
2022-02-10,23.9,23.99,23.57,23.66,163765.0
2022-02-11,23.66,23.8,23.52,23.6,252685.0
2022-02-14,23.59,23.63,23.2967,23.45,208957.0
2022-02-15,23.6,23.6,23.42,23.45,189918.0
2022-02-16,23.45,23.58,23.43,23.56,500727.0
2022-02-17,23.52,23.8527,23.41,23.59,191476.0
2022-02-18,24.0,24.27,23.8,23.97,512580.0
2022-02-22,23.97,23.99,23.38,23.56,360671.0
2022-02-23,23.67,23.7205,23.1,23.18,282921.0
2022-02-24,22.94,23.17,22.52,23.08,371874.0
2022-02-25,23.05,23.426,23.05,23.4,151956.0
2022-02-28,23.25,23.49,23.15,23.44,203203.0
2022-03-01,23.48,23.5,23.02,23.13,290798.0
2022-03-02,23.14,23.66,23.14,23.51,291205.0
2022-03-03,23.53,23.62,23.35,23.41,304070.0
2022-03-04,23.38,23.45,23.24,23.35,276282.0
2022-03-07,23.29,23.365,22.47,22.99,629365.0
2022-03-08,23.13,23.13,22.73,22.95,310244.0
2022-03-09,23.15,23.32,23.03,23.19,301584.0
2022-03-10,23.04,23.25,23.03,23.13,241283.0
2022-03-11,23.27,23.325,23.01,23.07,270668.0
2022-03-14,22.76,22.98,22.56,22.59,400227.0
2022-03-15,22.67,22.75,22.36,22.4,376057.0
2022-03-16,22.52,22.71,22.21,22.43,447744.0
2022-03-17,22.35,22.68,22.29,22.55,239893.0
2022-03-18,22.59,22.8,22.39,22.62,363160.0
2022-03-21,22.66,23.02,22.62,22.9,294477.0
2022-03-22,22.9,23.05,22.79,23.02,221657.0
2022-03-23,23.03,23.1,22.86,22.87,227559.0
2022-03-24,22.9,23.06,22.885,22.96,180572.0
2022-03-25,22.96,23.19,22.9,23.17,158340.0
2022-03-28,23.18,23.1808,23.0202,23.17,152798.0
2022-03-29,23.29,23.39,23.11,23.23,212194.0
2022-03-30,23.22,23.37,23.12,23.33,171677.0
2022-03-31,23.38,23.49,23.29,23.29,261657.0
2022-04-01,23.33,23.68,23.31,23.64,251145.0
2022-04-04,23.6,23.6,23.3786,23.42,184175.0
2022-04-05,23.33,23.5,23.32,23.39,110781.0
2022-04-06,23.37,23.43,23.22,23.28,251338.0
2022-04-07,23.3,23.37,23.16,23.26,158108.0
2022-04-08,23.31,23.455,23.31,23.36,149862.0
2022-04-11,23.27,23.45,23.25,23.31,150370.0
2022-04-12,23.35,23.42,23.16,23.17,209166.0
2022-04-13,23.21,23.49,23.21,23.48,157987.0
2022-04-14,23.48,23.545,23.32,23.4,167484.0
2022-04-18,23.45,23.5,23.31,23.4,229301.0
2022-04-19,23.41,23.59,23.4,23.54,148466.0
2022-04-20,23.65,23.65,23.51,23.56,177520.0
2022-04-21,23.54,23.605,23.29,23.33,157465.0
2022-04-22,23.37,23.39,22.85,22.92,305822.0
2022-04-25,22.86,23.06,22.6,23.04,204381.0
2022-04-26,23.0,23.0,22.4,22.41,264750.0
2022-04-27,22.5,22.72,22.47,22.55,270091.0
2022-04-28,22.68,22.75,22.285,22.71,252598.0
2022-04-29,22.7,22.7217,22.31,22.34,364578.0
2022-05-02,22.37,22.458,21.42,21.69,485134.0
2022-05-03,21.68,22.2,21.625,22.01,216703.0
2022-05-04,21.85,22.5,21.85,22.05,567974.0
2022-05-05,22.11,22.11,21.26,21.64,609629.0
2022-05-06,21.6,21.77,21.43,21.65,276293.0
2022-05-09,21.4,21.44,20.69,21.03,703142.0
2022-05-10,21.18,21.7,21.18,21.59,556013.0
2022-05-11,21.57,21.6,21.27,21.28,368631.0
2022-05-12,21.31,21.31,20.79,21.0,531462.0
2022-05-13,21.08,21.42,21.02,21.33,354619.0
2022-05-16,21.32,21.5599,21.18,21.44,198588.0
2022-05-17,21.6,21.71,21.485,21.62,156102.0
2022-05-18,21.59,21.63,20.93,21.01,281277.0
2022-05-19,20.92,20.9335,20.55,20.57,425529.0
2022-05-20,20.61,20.75,19.69,20.05,796096.0
2022-05-23,20.23,20.364,20.0316,20.21,280991.0
2022-05-24,20.15,20.18,19.859,20.17,534013.0
2022-05-25,20.2,20.52,20.09,20.35,227915.0
2022-05-26,20.46,20.795,20.46,20.63,179571.0
2022-05-27,20.76,21.14,20.76,21.06,235898.0
2022-05-31,20.96,21.06,20.53,20.69,347568.0
2022-06-01,20.76,21.13,20.72,21.04,274747.0
2022-06-02,21.03,21.14,20.85,20.89,588580.0
2022-06-03,20.87,20.95,20.67,20.69,243037.0
2022-06-06,20.8,20.8592,20.61,20.65,227575.0
2022-06-07,20.6,20.76,20.51,20.64,726857.0
2022-06-08,20.62,20.71,20.2201,20.39,559182.0
2022-06-09,20.37,20.5,20.04,20.08,717906.0
2022-06-10,20.0,20.03,19.68,19.89,371860.0
2022-06-13,19.66,19.66,18.94,19.02,609437.0
2022-06-14,18.75,18.96,18.47,18.81,499744.0
2022-06-15,18.92,19.13,18.563,18.74,304973.0
2022-06-16,18.5,18.64,18.02,18.09,474827.0
2022-06-17,18.16,18.47,18.16,18.26,739791.0
2022-06-21,18.54,18.77,18.43,18.52,325122.0
2022-06-22,18.34,18.67,18.34,18.51,370264.0
2022-06-23,18.52,18.63,18.41,18.53,302317.0
2022-06-24,18.58,18.75,18.55,18.69,791226.0
2022-06-27,18.8,18.98,18.6401,18.85,408098.0
2022-06-28,18.9,19.01,18.54,18.57,347296.0
2022-06-29,18.56,18.6201,18.325,18.36,282497.0
2022-06-30,18.3,18.57,18.21,18.5,345368.0
2022-07-01,18.48,19.0,18.48,18.99,168016.0
2022-07-05,18.96,19.05,18.5,19.04,276885.0
2022-07-06,19.1,19.1283,18.59,18.71,675136.0
2022-07-07,18.71,18.97,18.7,18.95,275412.0
2022-07-08,18.99,19.03,18.805,18.97,246548.0
2022-07-11,18.86,18.93,18.605,18.66,244622.0
2022-07-12,18.66,18.84,18.66,18.74,181728.0
2022-07-13,18.65,18.79,18.48,18.57,258113.0
2022-07-14,18.46,18.65,18.22,18.39,167590.0
2022-07-15,18.61,18.76,18.35,18.66,395553.0
2022-07-18,18.89,19.038,18.73,18.73,1715336.0
2022-07-19,18.89,18.89,18.605,18.84,1725353.0
2022-07-20,18.83,19.04,18.76,18.94,253896.0
2022-07-21,18.99,19.0,18.68,18.83,954008.0
2022-07-22,18.89,19.02,18.8,18.84,865488.0
2022-07-25,18.83,18.885,18.64,18.67,1131191.0
2022-07-26,18.7,19.01,18.57,19.01,641098.0
2022-07-27,19.06,19.1899,18.94,19.1,443547.0
2022-07-28,19.21,19.28,19.05,19.16,488828.0
2022-07-29,19.11,19.34,18.96,19.24,324662.0
2022-08-01,19.2,19.29,19.13,19.15,480465.0
2022-08-02,19.16,19.16,18.88,19.0,447448.0
2022-08-03,18.8,19.14,18.61,19.06,724307.0
2022-08-04,19.09,19.1531,18.79,18.82,462127.0
2022-08-05,18.8,19.045,18.797,19.04,330694.0
2022-08-08,19.07,19.225,18.965,19.12,468463.0
2022-08-09,19.12,19.12,18.84,18.92,328913.0
2022-08-10,19.09,19.275,19.0,19.2,625242.0
2022-08-11,19.35,19.4,19.23,19.32,534168.0
2022-08-12,19.45,19.61,19.36,19.57,390850.0
2022-08-15,19.5,19.68,19.44,19.51,409585.0
2022-08-16,19.5,19.63,19.39,19.62,315821.0
2022-08-17,19.45,19.5,19.04,19.08,480708.0
2022-08-18,19.26,19.43,19.15,19.38,1462768.0
2022-08-19,19.24,19.4,19.02,19.14,595503.0
2022-08-22,19.04,19.06,18.92,18.96,526471.0
2022-08-23,19.0,19.26,19.0,19.1,380196.0
2022-08-24,19.15,19.35,19.0733,19.27,418596.0
2022-08-25,19.36,19.44,19.18,19.44,427342.0
2022-08-26,19.45,19.52,19.18,19.23,459697.0
2022-08-29,19.09,19.23,19.03,19.05,315140.0
2022-08-30,19.06,19.145,18.825,18.9,582051.0
2022-08-31,19.05,19.11,18.83,18.83,234743.0
2022-09-01,18.77,18.795,18.455,18.62,615458.0
2022-09-02,18.73,18.86,18.55,18.6,216997.0
2022-09-06,18.67,18.75,18.29,18.45,416103.0
2022-09-07,18.45,18.665,18.41,18.64,274633.0
2022-09-08,18.69,18.77,18.52,18.73,307505.0
2022-09-09,18.82,18.9499,18.79,18.89,294272.0
2022-09-12,18.97,19.19,18.89,19.1,603084.0
2022-09-13,18.94,19.02,18.45,18.54,616158.0
2022-09-14,18.23,18.3689,18.04,18.12,534100.0
2022-09-15,18.08,18.35,18.08,18.2,356664.0
2022-09-16,18.14,18.17,17.845,18.07,663751.0
2022-09-19,17.93,18.13,17.9107,18.11,317612.0
2022-09-20,18.05,18.17,17.8,17.81,401199.0
2022-09-21,17.95,18.02,17.62,17.64,470208.0
2022-09-22,17.63,17.6899,17.08,17.09,598310.0
2022-09-23,16.97,16.98,16.6676,16.92,756489.0
2022-09-26,16.93,17.03,16.275,16.32,880998.0
2022-09-27,16.46,17.085,16.45,16.64,749264.0
2022-09-28,16.65,16.985,16.565,16.91,432539.0
2022-09-29,16.74,16.74,16.09,16.13,750697.0
2022-09-30,16.22,16.57,16.15,16.34,683491.0
2022-10-03,16.41,16.84,16.025,16.56,800703.0
2022-10-04,16.73,17.4,16.73,17.3,434551.0
2022-10-05,17.18,17.21,16.94,17.15,473904.0
2022-10-06,17.12,17.37,17.0,17.15,458008.0
2022-10-07,17.05,17.26,16.941,16.99,673538.0
2022-10-10,17.02,17.135,16.7,16.71,520116.0
2022-10-11,16.6,16.93,16.48,16.74,476126.0
2022-10-12,16.79,16.96,16.595,16.79,395862.0
2022-10-13,16.6,17.255,16.44,17.21,513499.0
2022-10-14,17.29,17.45,17.04,17.07,335068.0
2022-10-17,17.32,17.49,17.23,17.29,386383.0
2022-10-18,17.53,17.74,17.445,17.49,327359.0
2022-10-19,17.4,17.56,17.275,17.32,365491.0
2022-10-20,17.35,17.45,17.19,17.22,245550.0
2022-10-21,17.17,17.375,17.015,17.31,446694.0
2022-10-24,17.34,17.575,17.235,17.49,418089.0
2022-10-25,17.62,18.14,17.49,18.03,389244.0
2022-10-26,18.08,18.175,17.92,17.96,421431.0
2022-10-27,18.01,18.17,17.855,18.11,448756.0
2022-10-28,18.15,18.21,17.97,18.18,377892.0
2022-10-31,18.2,18.35,18.13,18.16,403062.0
2022-11-01,18.2,18.41,18.15,18.3,252477.0
2022-11-02,18.25,18.44,17.8677,18.2,678606.0
2022-11-03,18.04,18.275,17.838,18.22,609774.0
2022-11-04,18.29,18.5399,17.9275,18.37,823594.0
2022-11-07,18.49,18.71,18.445,18.67,414787.0
2022-11-08,18.86,18.86,18.305,18.43,453994.0
2022-11-09,18.37,18.535,18.22,18.22,302098.0
2022-11-10,18.66,18.75,18.19,18.36,461657.0
2022-11-11,18.38,18.7,18.36,18.57,234049.0
2022-11-14,18.51,18.54,18.3,18.36,246014.0
2022-11-15,18.56,18.71,18.46,18.63,389149.0
2022-11-16,18.63,18.77,18.5914,18.63,242453.0
2022-11-17,18.5,18.67,18.385,18.58,201257.0
2022-11-18,18.79,18.79,18.58,18.65,304168.0
2022-11-21,18.65,18.805,18.5,18.55,347739.0
2022-11-22,18.73,19.0,18.62,18.99,465805.0
2022-11-23,18.93,19.0814,18.85,18.91,361702.0
2022-11-25,18.97,19.2,18.97,19.14,166447.0
2022-11-28,19.05,19.13,18.6,18.7,613521.0
2022-11-29,18.71,18.89,18.68,18.78,293614.0
2022-11-30,18.75,18.85,18.4,18.84,486472.0
2022-12-01,18.9,18.99,18.72,18.74,340552.0
2022-12-02,18.69,18.69,18.51,18.57,293198.0
2022-12-05,18.5,18.56,18.29,18.43,441723.0
2022-12-06,18.42,18.43,17.9225,17.95,376632.0
2022-12-07,17.95,18.2,17.87,18.03,306179.0
2022-12-08,18.11,18.27,18.09,18.18,302083.0
2022-12-09,18.15,18.37,18.09,18.31,265017.0
2022-12-12,18.35,18.37,18.19,18.32,253503.0
2022-12-13,18.51,18.653,18.13,18.23,563457.0
2022-12-14,17.79,17.79,17.57,17.7,517464.0
2022-12-15,17.62,17.69,17.47,17.67,502252.0
2022-12-16,17.45,17.58,17.04,17.22,904563.0
2022-12-19,17.2,17.33,16.875,17.01,443034.0
2022-12-20,17.04,17.25,16.98,17.18,389291.0
2022-12-21,17.25,17.705,17.25,17.43,420670.0
2022-12-22,17.32,17.365,17.075,17.35,305435.0
2022-12-23,17.45,17.72,17.38,17.71,198814.0
2022-12-27,17.75,17.87,17.595,17.81,396545.0
2022-12-28,17.78,17.8899,17.5,17.62,471675.0
2022-12-29,17.65,17.9499,17.65,17.91,296486.0
2022-12-30,17.83,18.08,17.6973,17.8,560435.0
2023-01-03,17.92,18.06,17.85,17.96,272055.0
2023-01-04,18.01,18.26,18.01,18.18,188879.0
2023-01-05,18.19,18.19,17.955,18.02,195829.0
2023-01-06,18.09,18.189,18.021,18.07,207829.0
2023-01-09,18.17,18.345,18.15,18.28,199692.0
2023-01-10,18.33,18.46,18.23,18.35,338449.0
2023-01-11,18.4,18.87,18.39,18.79,337343.0
2023-01-12,18.9,18.98,18.825,18.94,317432.0
2023-01-13,18.9,18.9,18.59,18.74,325136.0
2023-01-17,18.81,19.03,18.76,18.84,255680.0
2023-01-18,18.87,18.97,18.67,18.72,208132.0
2023-01-19,18.64,18.71,18.42,18.46,297571.0
2023-01-20,18.55,18.8,18.42,18.77,306807.0
2023-01-23,18.8,19.06,18.73,19.05,362821.0
2023-01-24,19.0,19.36,18.91,19.06,305413.0
2023-01-25,19.0,19.21,18.96,19.13,735974.0
2023-01-26,19.45,19.74,19.31,19.54,583894.0
2023-01-27,19.55,19.7,19.46,19.48,217973.0
2023-01-30,19.46,19.46,19.02,19.03,331421.0
2023-01-31,19.1,19.1709,19.039,19.15,223914.0
2023-02-01,19.09,19.325,19.05,19.16,307143.0
2023-02-02,19.23,19.43,19.15,19.24,224412.0
2023-02-03,19.15,19.31,19.07,19.23,336704.0
2023-02-06,19.2,19.21,18.94,19.0,328940.0
2023-02-07,18.97,19.27,18.96,19.22,527074.0
2023-02-08,19.14,19.175,18.8,18.84,433255.0
2023-02-09,18.89,19.01,18.45,18.5,443467.0
2023-02-10,18.5,19.01,18.45,18.94,513314.0
2023-02-13,18.96,19.04,18.8375,19.04,313314.0
2023-02-14,18.98,19.11,18.9,18.98,274551.0
2023-02-15,18.91,18.92,18.78,18.87,286362.0
2023-02-16,18.74,19.1,18.74,18.93,288391.0
2023-02-17,19.06,19.8299,19.014,19.48,788509.0
2023-02-21,19.31,19.37,18.83,18.92,672809.0
2023-02-22,18.95,19.07,18.9,18.99,435730.0
2023-02-23,19.1,19.27,19.01,19.13,1002187.0
2023-02-24,19.05,19.07,18.86,19.0,606046.0
2023-02-27,19.05,19.1664,18.9601,19.0,757187.0
2023-02-28,19.0,19.08,18.82,19.0,827713.0
2023-03-01,19.01,19.11,18.945,18.98,536533.0
2023-03-02,18.95,19.01,18.8201,18.99,415383.0
2023-03-03,19.01,19.22,19.0,19.12,742362.0
2023-03-06,19.12,19.36,19.12,19.34,531687.0
2023-03-07,19.3,19.3,18.88,18.96,542188.0
2023-03-08,19.0,19.04,18.86,19.01,402264.0
2023-03-09,18.95,19.08,18.19,18.21,687526.0
2023-03-10,18.14,18.25,17.3,17.55,1404170.0
2023-03-13,17.3,17.65,16.99,17.34,1408156.0
2023-03-14,17.2,17.77,17.2,17.47,1010817.0
2023-03-15,17.18,17.29,16.918,17.19,1005542.0
2023-03-16,17.05,17.46,16.86,17.3,693855.0
2023-03-17,17.17,17.27,17.04,17.1,605002.0
2023-03-20,17.27,17.55,17.09,17.2,551600.0
2023-03-21,17.46,17.76,17.45,17.64,580438.0
2023-03-22,17.75,17.96,17.58,17.62,1147944.0
2023-03-23,17.65,17.75,17.26,17.32,582935.0
2023-03-24,17.25,17.63,17.1003,17.61,335806.0
2023-03-27,17.75,17.845,17.64,17.77,280018.0
2023-03-28,17.66,17.84,17.66,17.83,200922.0
2023-03-29,17.91,18.07,17.8801,18.06,257516.0
2023-03-30,18.16,18.25,18.1101,18.19,281489.0
2023-03-31,18.34,18.42,18.17,18.3,374911.0
2023-04-03,18.3,18.49,18.12,18.13,311433.0
2023-04-04,18.21,18.22,17.785,17.9,328718.0
2023-04-05,17.85,17.91,17.6,17.63,374996.0
2023-04-06,17.62,17.73,17.61,17.72,415857.0
2023-04-10,17.71,17.76,17.325,17.57,406842.0
2023-04-11,17.55,17.66,17.4693,17.55,321685.0
2023-04-12,17.64,17.71,17.55,17.62,328974.0
2023-04-13,17.67,18.16,17.65,18.16,374393.0
2023-04-14,18.2,18.2,17.94,18.05,210594.0
2023-04-17,18.03,18.17,17.89,18.17,166279.0
2023-04-18,18.08,18.08,17.83,17.94,300874.0
2023-04-19,17.86,18.1,17.86,18.04,215792.0
2023-04-20,18.0,18.04,17.69,17.83,222316.0
2023-04-21,17.85,18.13,17.78,18.12,263696.0
2023-04-24,18.1,18.5,18.0206,18.44,608095.0
2023-04-25,18.29,18.37,18.15,18.16,309440.0
2023-04-26,18.13,18.3042,17.97,17.98,304691.0
2023-04-27,18.04,18.22,18.035,18.19,241021.0
2023-04-28,18.19,18.395,18.19,18.28,247482.0
2023-05-01,18.31,18.36,18.07,18.09,312597.0
2023-05-02,18.05,18.09,17.67,17.91,381657.0
2023-05-03,17.94,18.15,17.915,17.96,273230.0
2023-05-04,17.9,17.9,17.6,17.74,290751.0
2023-05-05,17.91,18.17,17.89,18.12,261646.0
2023-05-08,18.1,18.28,18.07,18.24,156732.0
2023-05-09,18.17,18.55,17.96,18.19,406333.0
2023-05-10,18.39,18.5,18.195,18.43,382796.0
2023-05-11,17.4,17.74,17.31,17.66,3851434.0
2023-05-12,17.69,17.8,17.5,17.65,582028.0
2023-05-15,17.74,17.905,17.62,17.89,694939.0
2023-05-16,17.7,17.8488,17.69,17.7,408931.0
2023-05-17,17.8,17.86,17.59,17.8,377986.0
2023-05-18,17.74,17.9,17.68,17.84,359815.0
2023-05-19,17.9,18.13,17.88,18.05,430817.0
2023-05-22,18.05,18.18,17.95,18.13,420294.0
2023-05-23,18.1,18.24,17.99,18.0,447275.0
2023-05-24,17.86,18.02,17.75,17.96,586736.0
2023-05-25,17.8,18.06,17.8,18.02,454786.0
2023-05-26,18.0,18.32,18.0,18.21,348528.0
2023-05-30,18.25,18.31,18.15,18.29,319276.0
2023-05-31,18.28,18.3099,18.085,18.2,338679.0
2023-06-01,18.19,18.7,18.19,18.65,354104.0
2023-06-02,18.76,18.765,18.55,18.64,365969.0
2023-06-05,18.69,18.93,18.555,18.81,339374.0
2023-06-06,18.79,18.99,18.715,18.79,283462.0
2023-06-07,18.82,19.07,18.79,18.9,340970.0
2023-06-08,18.93,19.01,18.84,18.93,269637.0
2023-06-09,18.95,18.99,18.89,18.93,230365.0
2023-06-12,19.03,19.19,18.92,19.1,457685.0
2023-06-13,19.2,19.22,19.08,19.16,400648.0
2023-06-14,18.71,18.75,18.52,18.58,323503.0
2023-06-15,18.59,18.72,18.495,18.55,335945.0
2023-06-16,18.57,18.8,18.53,18.71,739941.0
2023-06-20,18.65,18.72,18.5644,18.66,472216.0
2023-06-21,18.66,18.78,18.55,18.66,379804.0
2023-06-22,18.67,18.67,18.34,18.35,277646.0
2023-06-23,18.25,18.34,18.09,18.12,562576.0
2023-06-26,18.16,18.29,18.16,18.26,376471.0
2023-06-27,18.26,18.4,18.26,18.31,268631.0
2023-06-28,18.32,18.43,18.24,18.43,498562.0
2023-06-29,18.53,18.725,18.49,18.7,406322.0
2023-06-30,18.92,18.97,18.675,18.69,493037.0
2023-07-03,18.63,18.805,18.6136,18.72,178379.0
2023-07-05,18.68,18.76,18.59,18.73,233655.0
2023-07-06,18.6,18.72,18.45,18.72,217112.0
2023-07-07,18.74,18.93,18.715,18.82,267748.0
2023-07-10,18.84,18.97,18.83,18.88,289198.0
2023-07-11,18.95,18.96,18.835,18.89,342297.0
2023-07-12,19.0,19.04,18.93,18.94,335735.0
2023-07-13,18.92,19.17,18.9136,19.17,397450.0
2023-07-14,19.2,19.2943,19.0208,19.17,350946.0
2023-07-17,19.14,19.51,19.061,19.45,412084.0
2023-07-18,19.64,19.8501,19.59,19.72,333565.0
2023-07-19,19.73,19.89,19.7,19.7,239902.0
2023-07-20,19.7,19.79,19.55,19.58,191687.0
2023-07-21,19.62,19.71,19.525,19.64,241232.0
2023-07-24,19.64,19.815,19.64,19.79,256948.0
2023-07-25,19.74,19.94,19.66,19.68,326814.0
2023-07-26,19.71,19.98,19.71,19.96,204939.0
2023-07-27,20.0,20.03,19.76,19.8,292419.0
2023-07-28,19.88,19.89,19.73,19.86,325326.0
2023-07-31,19.99,20.08,19.8599,19.89,280592.0
2023-08-01,19.85,20.07,19.85,20.03,246812.0
2023-08-02,19.95,20.06,19.86,20.0,247137.0
2023-08-03,19.91,20.1,19.88,20.04,363644.0
2023-08-04,19.98,20.97,19.98,20.9,730681.0
2023-08-07,20.8,20.8,20.525,20.57,533143.0
2023-08-08,20.39,20.62,20.28,20.5,652198.0
2023-08-09,20.5,20.645,20.4,20.4,281176.0
2023-08-10,20.39,20.5,20.205,20.28,288968.0
2023-08-11,20.24,20.43,20.22,20.31,336163.0
2023-08-14,20.33,20.435,20.2501,20.42,213746.0
2023-08-15,20.31,20.4,20.145,20.28,322994.0
2023-08-16,20.05,20.32,20.05,20.21,381060.0
2023-08-17,20.24,20.2815,19.855,19.9,305899.0
2023-08-18,19.8,20.18,19.75,20.11,202340.0
2023-08-21,20.11,20.175,19.92,20.09,240588.0
2023-08-22,20.11,20.19,19.88,19.92,372283.0
2023-08-23,19.99,20.05,19.82,19.92,435169.0
2023-08-24,19.89,20.07,19.89,19.99,240537.0
2023-08-25,19.99,20.08,19.79,20.02,329374.0
2023-08-28,20.03,20.16,20.01,20.11,318598.0
2023-08-29,20.14,20.2,20.04,20.15,263031.0
2023-08-30,20.19,20.2793,20.09,20.17,201744.0
2023-08-31,20.22,20.23,20.145,20.17,229101.0
2023-09-01,20.24,20.41,20.22,20.27,345591.0
2023-09-05,20.22,20.2899,20.0009,20.06,273033.0
2023-09-06,20.11,20.24,19.82,19.87,326215.0
2023-09-07,19.87,20.07,19.87,20.05,272137.0
2023-09-08,20.12,20.25,20.04,20.2,262941.0
2023-09-11,20.31,20.525,20.25,20.49,351753.0
2023-09-12,20.51,20.6,20.46,20.5,471109.0
2023-09-13,20.58,20.63,20.5,20.56,348403.0
2023-09-14,20.18,20.205,20.03,20.16,352749.0
2023-09-15,20.19,20.35,20.11,20.31,358581.0
2023-09-18,20.33,20.38,20.22,20.27,213714.0
2023-09-19,20.26,20.38,20.135,20.37,435645.0
2023-09-20,20.43,20.53,20.33,20.33,397133.0
2023-09-21,20.25,20.26,20.09,20.09,219923.0
2023-09-22,20.12,20.36,20.12,20.28,193752.0
2023-09-25,20.21,20.5,20.21,20.43,402220.0
2023-09-26,20.35,20.45,20.1,20.13,274249.0
2023-09-27,20.22,20.445,20.15,20.25,337524.0
2023-09-28,20.24,20.53,20.24,20.51,320980.0
2023-09-29,20.64,20.64,20.41,20.44,506290.0
2023-10-02,20.52,20.52,19.96,20.04,466240.0
2023-10-03,20.01,20.01,19.54,19.7,495734.0
2023-10-04,19.69,19.85,19.505,19.81,425027.0
2023-10-05,19.78,19.855,19.66,19.8,247820.0
2023-10-06,19.67,20.02,19.67,19.94,291126.0
2023-10-09,19.89,20.09,19.86,20.03,177997.0
2023-10-10,20.09,20.13,19.925,19.99,267096.0
2023-10-11,20.04,20.139,19.95,20.09,214060.0
2023-10-12,19.94,20.13,19.771,19.92,357483.0
2023-10-13,20.02,20.06,19.81,19.98,264884.0
2023-10-16,20.09,20.41,20.09,20.23,254784.0
2023-10-17,20.17,20.19,20.02,20.13,254754.0
2023-10-18,20.05,20.13,19.82,19.82,292894.0
2023-10-19,19.89,19.89,19.62,19.62,229985.0
2023-10-20,19.62,19.7071,19.3146,19.52,315652.0
2023-10-23,19.5,19.57,19.24,19.34,327482.0
2023-10-24,19.36,19.5809,19.36,19.43,332698.0
2023-10-25,19.38,19.54,19.215,19.26,248150.0
2023-10-26,19.3,19.44,19.26,19.31,276971.0
2023-10-27,19.33,19.3699,19.02,19.05,238773.0
2023-10-30,19.17,19.37,19.14,19.34,260562.0
2023-10-31,19.35,19.58,19.33,19.41,249872.0
2023-11-01,19.46,19.775,19.4584,19.75,303821.0
2023-11-02,19.87,20.27,19.87,20.26,323282.0
2023-11-03,20.45,20.75,20.2901,20.66,500113.0
2023-11-06,20.53,20.65,20.28,20.5,419345.0
2023-11-07,20.46,20.53,20.23,20.33,275884.0
2023-11-08,20.38,20.43,20.2999,20.42,257292.0
2023-11-09,20.41,20.61,20.41,20.52,334777.0
2023-11-10,20.6,20.73,20.5,20.68,265849.0
2023-11-13,20.61,20.87,20.61,20.87,213631.0
2023-11-14,21.0,21.21,20.91,21.08,419204.0
2023-11-15,21.06,21.13,20.95,20.97,329234.0
2023-11-16,20.91,21.065,20.85,20.87,227405.0
2023-11-17,20.88,20.98,20.87,20.97,184740.0
2023-11-20,20.98,21.04,20.84,20.99,316056.0
2023-11-21,21.0,21.04,20.9499,21.0,180267.0
2023-11-22,21.01,21.08,20.975,21.08,205001.0
2023-11-24,21.14,21.14,21.05,21.1,124580.0
2023-11-27,21.04,21.14,21.02,21.1,256715.0
2023-11-28,21.06,21.07,20.91,20.92,265772.0
2023-11-29,20.93,20.9962,20.72,20.75,256989.0
2023-11-30,20.73,20.96,20.72,20.96,200537.0
2023-12-01,20.89,21.0,20.89,21.0,253547.0
2023-12-04,21.0,21.0,20.9,20.96,228370.0
2023-12-05,20.93,20.95,20.75,20.86,207019.0
2023-12-06,20.92,21.01,20.81,20.82,210045.0
2023-12-07,20.9,21.02,20.825,20.98,227549.0
2023-12-08,21.0,21.18,21.0,21.14,188213.0
2023-12-11,21.17,21.21,21.04,21.09,214791.0
2023-12-12,21.14,21.32,21.068,21.29,332705.0
2023-12-13,21.25,21.57,21.03,21.49,433632.0
2023-12-14,21.21,21.45,21.1371,21.32,507188.0
2023-12-15,21.23,21.33,21.1,21.17,368493.0
2023-12-18,21.17,21.2,20.981,21.12,380367.0
2023-12-19,21.1,21.2675,21.05,21.26,223056.0
2023-12-20,21.25,21.345,21.075,21.08,277320.0
2023-12-21,21.12,21.22,20.9,21.19,667229.0
2023-12-22,21.32,21.44,21.28,21.31,232375.0
2023-12-26,21.23,21.635,21.23,21.49,346037.0
2023-12-27,21.59,21.79,21.51,21.74,348927.0
2023-12-28,21.76,21.96,21.75,21.94,430667.0
2023-12-29,21.97,22.0,21.55,21.6,460918.0
2024-01-02,21.5,21.615,21.42,21.59,335534.0
2024-01-03,21.51,21.6,21.41,21.42,261524.0
2024-01-04,21.49,22.01,21.49,21.8,361173.0
2024-01-05,21.78,21.83,21.64,21.72,340231.0
2024-01-08,21.71,21.85,21.55,21.85,494525.0
2024-01-09,21.81,21.84,21.69,21.7,437136.0
2024-01-10,21.73,21.845,21.7,21.73,360114.0
2024-01-11,21.69,21.69,21.36,21.6,394391.0
2024-01-12,21.67,21.82,21.615,21.73,485636.0
2024-01-16,21.68,21.74,21.54,21.59,264544.0
2024-01-17,21.52,21.66,21.5,21.62,219758.0
2024-01-18,21.68,21.73,21.5093,21.72,186915.0
2024-01-19,21.81,21.82,21.6075,21.79,292722.0
2024-01-22,21.87,22.06,21.81,22.06,201961.0
2024-01-23,22.07,22.16,22.005,22.14,199696.0
2024-01-24,22.17,22.17,21.99,22.03,295241.0
2024-01-25,22.08,22.17,21.92,22.06,245950.0
2024-01-26,22.08,22.29,22.08,22.26,241900.0
2024-01-29,22.35,22.35,21.865,22.02,413401.0
2024-01-30,22.0,22.1496,21.98,22.09,246113.0
2024-01-31,22.01,22.1005,21.635,21.66,348373.0
2024-02-01,21.65,21.65,21.17,21.45,367972.0
2024-02-02,21.35,21.68,21.32,21.47,300861.0
2024-02-05,21.41,21.48,21.18,21.44,275593.0
2024-02-06,21.46,21.46,21.23,21.39,259242.0
2024-02-07,21.39,21.51,21.27,21.42,275508.0
2024-02-08,21.43,21.43,21.195,21.31,271756.0
2024-02-09,21.29,21.43,21.23,21.43,218102.0
2024-02-12,21.48,21.73,21.39,21.68,283450.0
2024-02-13,21.6,21.6,21.3,21.42,384876.0
2024-02-14,21.59,21.61,21.08,21.33,772225.0
2024-02-15,21.38,21.74,21.35,21.73,330241.0
2024-02-16,21.88,21.9102,21.39,21.73,505878.0
2024-02-20,21.7,21.84,21.5,21.67,439305.0
2024-02-21,21.7,21.74,21.56,21.74,327177.0
2024-02-22,21.75,21.88,21.65,21.82,283836.0
2024-02-23,21.91,22.08,21.78,21.88,327398.0
2024-02-26,21.8,21.91,21.77,21.81,229187.0
2024-02-27,21.85,21.99,21.7,21.97,366188.0
2024-02-28,21.89,21.92,21.73,21.75,213013.0
2024-02-29,21.83,21.83,21.68,21.83,304664.0
2024-03-01,20.82,21.16,20.7,21.07,2984568.0
2024-03-04,21.1,21.25,20.98,21.03,695332.0
2024-03-05,20.98,21.07,20.78,20.86,757992.0
2024-03-06,20.93,21.1,20.88,21.03,629483.0
2024-03-07,21.1,21.1,20.55,20.94,770343.0
2024-03-08,21.0,21.14,20.9,21.06,557222.0
2024-03-11,21.06,21.38,21.05,21.31,520691.0
2024-03-12,21.34,21.445,21.22,21.43,307547.0
2024-03-13,21.49,21.52,21.31,21.31,376561.0
2024-03-14,20.86,20.87,20.51,20.53,374856.0
2024-03-15,20.56,20.83,20.56,20.74,457854.0
2024-03-18,20.74,20.82,20.67,20.68,308227.0
2024-03-19,20.73,20.88,20.61,20.76,296174.0
2024-03-20,20.75,20.81,20.5601,20.8,395944.0
2024-03-21,20.83,20.965,20.79,20.92,267074.0
2024-03-22,20.92,20.92,20.75,20.82,216656.0
2024-03-25,20.8,21.0,20.8,20.88,232653.0
2024-03-26,20.98,21.075,20.87,21.01,368742.0
2024-03-27,21.12,21.3,21.1,21.24,396627.0
2024-03-28,21.32,21.52,21.31,21.43,959341.0
2024-04-01,21.45,21.45,21.13,21.16,505497.0
2024-04-02,21.11,21.19,20.99,21.01,390138.0
2024-04-03,21.03,21.14,21.0,21.08,271261.0
2024-04-04,21.16,21.18,20.845,20.88,246894.0
2024-04-05,20.92,21.0,20.85,20.98,352338.0
2024-04-08,21.0,21.03,20.885,20.93,206253.0
2024-04-09,20.97,21.05,20.91,20.96,223840.0
2024-04-10,20.82,21.0,20.79,20.88,303639.0
2024-04-11,20.86,21.05,20.7899,21.0,344182.0
2024-04-12,21.0,21.07,20.705,20.75,236732.0
2024-04-15,20.85,21.0,20.625,20.7,332330.0
2024-04-16,20.7,20.7,20.4,20.55,635946.0
2024-04-17,20.62,20.9,20.5607,20.72,789432.0
2024-04-18,20.8,20.93,20.7,20.83,454053.0
2024-04-19,20.77,20.999,20.76,20.91,498231.0
2024-04-22,20.95,21.355,20.91,21.33,413791.0
2024-04-23,21.33,21.36,21.135,21.18,343880.0
2024-04-24,21.13,21.22,21.12,21.14,260985.0
2024-04-25,21.06,21.16,21.0,21.13,283800.0
2024-04-26,21.12,21.74,21.091,21.68,473585.0
2024-04-29,21.72,21.94,21.69,21.69,394165.0
2024-04-30,21.63,21.86,21.595,21.69,327555.0
2024-05-01,21.72,21.925,21.685,21.78,340539.0
2024-05-02,21.56,21.76,20.73,20.89,1012738.0
2024-05-03,21.09,21.19,20.72,21.01,469704.0
2024-05-06,21.16,21.22,20.985,21.04,642199.0
2024-05-07,21.1,21.14,21.01,21.03,307890.0
2024-05-08,21.02,21.27,20.98,21.21,285790.0
2024-05-09,21.18,21.405,21.17,21.36,219713.0
2024-05-10,21.51,21.705,21.51,21.65,344719.0
2024-05-13,21.66,21.6992,21.515,21.55,305037.0
2024-05-14,21.56,21.81,21.52,21.67,281625.0
2024-05-15,21.75,21.79,21.415,21.43,305011.0
2024-05-16,21.5,21.545,21.29,21.3,416672.0
2024-05-17,21.37,21.37,21.185,21.23,263937.0
2024-05-20,21.22,21.445,21.22,21.42,266412.0
2024-05-21,21.46,21.59,21.42,21.55,251233.0
2024-05-22,21.5,21.61,21.25,21.25,371686.0
2024-05-23,21.6,21.6,21.305,21.34,410600.0
2024-05-24,21.39,21.69,21.375,21.69,316942.0
2024-05-28,21.69,21.81,21.565,21.59,390162.0
2024-05-29,21.51,21.7091,21.4206,21.62,285651.0
2024-05-30,21.72,21.87,21.675,21.84,244659.0
2024-05-31,21.83,22.045,21.786,22.01,292189.0
2024-06-03,22.0,22.18,21.86,21.93,663014.0
2024-06-04,21.88,22.025,21.705,21.72,477182.0
2024-06-05,21.74,21.91,21.55,21.91,424227.0
2024-06-06,21.84,21.92,21.69,21.78,272886.0
2024-06-07,21.69,21.89,21.69,21.88,269075.0
2024-06-10,21.83,21.93,21.71,21.76,474887.0
2024-06-11,21.75,21.92,21.645,21.68,227024.0
2024-06-12,21.9,21.9,21.6,21.68,243648.0
2024-06-13,21.71,21.73,21.4,21.45,312130.0
2024-06-14,20.99,21.09,20.852,21.01,274421.0
2024-06-17,20.94,21.22,20.92,21.22,351644.0
2024-06-18,21.24,21.26,21.07,21.18,309964.0
2024-06-20,21.19,21.31,21.16,21.24,243655.0
2024-06-21,21.22,21.22,21.03,21.19,410743.0
2024-06-24,21.2,21.36,21.14,21.26,431171.0
2024-06-25,21.35,21.35,21.14,21.14,234506.0
2024-06-26,21.07,21.24,21.046,21.17,211950.0
2024-06-27,21.18,21.37,21.16,21.35,252416.0
2024-06-28,21.47,21.48,21.305,21.35,327915.0
2024-07-01,21.46,21.52,21.28,21.4,363146.0
2024-07-02,21.4,21.77,21.35,21.76,482416.0
2024-07-03,21.78,21.88,21.735,21.74,181018.0
2024-07-05,21.76,21.83,21.65,21.72,200548.0
2024-07-08,21.72,21.81,21.68,21.76,172500.0
2024-07-09,21.71,21.7415,21.64,21.68,163566.0
2024-07-10,21.72,21.87,21.6985,21.86,199118.0
2024-07-11,21.85,21.87,21.72,21.76,312301.0
2024-07-12,21.79,22.0,21.7892,21.86,224259.0
2024-07-15,21.92,21.92,21.715,21.77,284642.0
2024-07-16,21.84,21.8791,21.6,21.6,340941.0
2024-07-17,21.61,21.73,21.48,21.63,368687.0
2024-07-18,21.54,21.67,21.34,21.48,364005.0
2024-07-19,21.51,21.57,21.26,21.26,208543.0
2024-07-22,21.24,21.5394,21.195,21.51,273418.0
2024-07-23,21.5,21.54,21.225,21.25,264780.0
2024-07-24,21.28,21.28,20.88,21.04,573316.0
2024-07-25,21.08,21.2272,20.89,20.91,779853.0
2024-07-26,21.0,21.04,20.85,21.01,414845.0
2024-07-29,21.18,21.18,20.88,20.92,248747.0
2024-07-30,21.04,21.04,20.845,21.01,209548.0
2024-07-31,21.01,21.0796,20.76,20.87,296690.0
2024-08-01,21.08,21.08,20.48,20.84,365290.0
2024-08-02,20.7,20.7981,20.38,20.41,361244.0
2024-08-05,19.87,19.9988,19.5001,19.97,675238.0
2024-08-06,20.12,20.409,20.08,20.33,371313.0
2024-08-07,20.36,20.63,20.29,20.31,366164.0
2024-08-08,20.6,20.68,20.37,20.62,251760.0
2024-08-09,20.65,20.66,20.47,20.64,158822.0
2024-08-12,20.69,20.76,20.49,20.53,220247.0
2024-08-13,20.53,20.65,20.53,20.62,149605.0
2024-08-14,20.65,20.67,20.47,20.48,196943.0
2024-08-15,20.56,20.92,20.56,20.8,186022.0
2024-08-16,20.73,20.8899,20.72,20.79,173759.0
2024-08-19,20.83,21.09,20.76,20.9,310296.0
2024-08-20,20.86,20.93,20.72,20.74,181034.0
2024-08-21,20.74,20.87,20.7235,20.77,301932.0
2024-08-22,20.8,20.98,20.66,20.83,289624.0
2024-08-23,20.95,21.11,20.85,21.1,227068.0
2024-08-26,21.1,21.2,21.0,21.01,207316.0
2024-08-27,21.02,21.215,20.9235,21.14,246522.0
2024-08-28,21.12,21.22,21.0083,21.04,214130.0
2024-08-29,21.05,21.24,21.05,21.18,197215.0
2024-08-30,21.12,21.28,21.12,21.24,345868.0
2024-09-03,21.07,21.25,21.07,21.21,257148.0
2024-09-04,21.24,21.33,21.15,21.23,195366.0
2024-09-05,21.28,21.43,21.23,21.35,294690.0
2024-09-06,21.35,21.36,21.07,21.2,268923.0
2024-09-09,21.25,21.4,21.13,21.14,311291.0
2024-09-10,21.1,21.2064,20.93,21.06,237976.0
2024-09-11,21.08,21.159,20.84,21.15,285577.0
2024-09-12,21.17,21.31,21.1688,21.25,266136.0
2024-09-13,21.34,21.42,21.26,21.4,272318.0
2024-09-16,20.92,20.99,20.7633,20.87,239733.0
2024-09-17,20.87,20.91,20.69,20.7,338887.0
2024-09-18,20.71,20.81,20.4,20.45,553698.0
2024-09-19,20.68,20.75,20.5,20.62,410480.0
2024-09-20,20.56,20.62,20.4,20.51,320661.0
2024-09-23,20.56,20.62,20.44,20.62,307341.0
2024-09-24,20.62,20.67,20.475,20.5,260801.0
2024-09-25,20.44,20.483,20.31,20.32,259838.0
2024-09-26,20.33,20.51,20.33,20.46,216499.0
2024-09-27,20.54,20.705,20.51,20.68,186893.0
2024-09-30,20.7,20.82,20.445,20.53,469684.0
2024-10-01,20.45,20.55,20.24,20.28,455691.0
2024-10-02,20.28,20.47,20.25,20.34,250709.0
2024-10-03,20.34,20.55,20.34,20.47,269748.0
2024-10-04,20.54,20.6,20.4,20.52,199950.0
2024-10-07,20.52,20.63,20.46,20.46,272234.0
2024-10-08,20.47,20.5,20.35,20.46,181327.0
2024-10-09,20.42,20.4919,20.275,20.31,211702.0
2024-10-10,20.3,20.43,20.2901,20.41,197444.0
2024-10-11,20.46,20.54,20.41,20.5,276227.0
2024-10-14,20.52,20.68,20.4718,20.64,196613.0
2024-10-15,20.76,20.76,20.59,20.62,237916.0
2024-10-16,20.71,20.9,20.7,20.89,207613.0
2024-10-17,20.96,20.96,20.7105,20.74,197360.0
2024-10-18,20.75,20.89,20.7,20.83,219107.0
2024-10-21,20.78,20.8336,20.62,20.73,209883.0
2024-10-22,20.72,20.7708,20.58,20.61,202210.0
2024-10-23,20.6,20.68,20.46,20.58,198586.0
2024-10-24,20.5,20.77,20.5,20.77,357676.0
2024-10-25,20.81,20.81,20.58,20.67,307387.0
2024-10-28,20.69,20.76,20.54,20.57,291514.0
2024-10-29,20.55,20.55,20.33,20.44,292925.0
2024-10-30,20.41,20.5198,20.3701,20.41,247737.0
2024-10-31,20.39,20.51,20.34,20.4,329647.0
2024-11-01,20.42,20.455,20.15,20.26,420977.0
2024-11-04,20.27,20.27,19.87,20.05,487749.0
2024-11-05,20.04,20.19,19.96,20.19,419387.0
2024-11-06,20.43,20.43,19.69,20.26,978576.0
2024-11-07,20.24,20.24,19.74,19.79,701752.0
2024-11-08,19.78,20.37,19.69,20.32,609399.0
2024-11-11,20.32,20.49,20.25,20.38,418222.0
2024-11-12,20.36,20.495,20.29,20.38,420504.0
2024-11-13,20.34,20.55,20.32,20.4,285362.0
2024-11-14,20.37,20.421,20.2,20.26,245737.0
2024-11-15,20.33,20.37,20.2,20.36,255675.0
2024-11-18,20.36,20.52,20.33,20.5,215999.0
2024-11-19,20.4,20.59,20.37,20.55,214359.0
2024-11-20,20.59,20.59,20.365,20.48,236011.0
2024-11-21,20.5,20.6475,20.46,20.56,242137.0
2024-11-22,20.65,20.88,20.62,20.78,371501.0
2024-11-25,20.87,20.99,20.7901,20.94,384172.0
2024-11-26,20.89,21.06,20.82,20.94,182641.0
2024-11-27,20.92,21.23,20.92,21.19,263393.0
2024-11-29,21.19,21.75,21.19,21.48,382249.0
2024-12-02,21.51,21.71,21.39,21.45,492876.0
2024-12-03,21.54,21.6,21.27,21.41,320284.0
2024-12-04,21.4,21.54,21.23,21.52,220030.0
2024-12-05,21.48,21.52,21.26,21.5,368818.0
2024-12-06,21.52,21.64,21.42,21.6,218101.0
2024-12-09,21.6,21.71,21.42,21.47,344184.0
2024-12-10,21.47,21.51,21.34,21.46,249736.0
2024-12-11,21.47,21.47,21.35,21.4,130935.0
2024-12-12,21.45,21.5,21.33,21.36,267392.0
2024-12-13,21.37,21.43,21.28,21.37,303173.0
2024-12-16,20.87,20.99,20.55,20.65,497898.0
2024-12-17,20.54,20.76,20.4611,20.69,307890.0
2024-12-18,20.75,20.96,20.38,20.41,312558.0
2024-12-19,20.52,20.88,20.475,20.8,480117.0
2024-12-20,20.68,21.13,20.68,21.0,477529.0
2024-12-23,20.91,21.01,20.6601,20.93,310661.0
2024-12-24,20.93,21.14,20.93,21.14,83077.0
2024-12-26,21.04,21.17,21.04,21.1,158244.0
2024-12-27,21.13,21.2131,21.06,21.14,209980.0
2024-12-30,21.11,21.36,21.0501,21.3,272991.0
2024-12-31,21.36,21.4199,21.24,21.3,390957.0
2025-01-02,21.24,21.42,21.2202,21.25,265288.0
2025-01-03,21.27,21.29,21.17,21.27,224537.0
2025-01-06,21.34,21.34,20.98,21.17,356017.0
2025-01-07,21.19,21.19,20.985,21.08,399232.0
2025-01-08,21.0,21.09,20.8337,21.08,283944.0
2025-01-10,20.99,20.99,20.7779,20.96,266523.0
2025-01-13,20.95,21.12,20.7999,21.09,218546.0
2025-01-14,21.11,21.39,21.11,21.37,218922.0
2025-01-15,21.49,21.515,21.25,21.39,298313.0
2025-01-16,21.4,21.67,21.35,21.65,299987.0
2025-01-17,21.68,21.78,21.6,21.65,203351.0
2025-01-21,21.65,22.14,21.65,22.01,551660.0
2025-01-22,21.95,22.05,21.82,21.89,320533.0
2025-01-23,21.9,22.05,21.872,22.02,182957.0
2025-01-24,22.0,22.05,21.945,22.04,194379.0
2025-01-27,22.03,22.1896,21.95,22.04,260668.0
2025-01-28,22.1,22.15,21.975,22.11,199745.0
2025-01-29,22.1,22.28,21.89,21.94,305567.0
2025-01-30,22.07,22.29,22.04,22.28,197117.0
2025-01-31,22.28,22.42,22.2201,22.38,296297.0
2025-02-03,22.09,22.43,22.0307,22.37,236036.0
2025-02-04,22.47,22.47,22.24,22.42,208621.0
2025-02-05,22.42,22.42,22.13,22.35,290111.0
2025-02-06,22.41,22.41,22.11,22.14,264809.0
2025-02-07,22.13,22.23,22.04,22.15,426134.0
2025-02-10,22.07,22.175,21.91,22.08,290310.0
2025-02-11,21.98,22.1505,21.98,22.07,288410.0
2025-02-12,21.93,22.3,21.93,22.2,371418.0
2025-02-13,22.19,22.48,22.16,22.47,238416.0
2025-02-14,22.51,23.15,22.51,22.96,731055.0
2025-02-18,23.02,23.13,22.82,23.05,617962.0
2025-02-19,22.96,23.12,22.8571,23.12,319865.0
2025-02-20,23.12,23.15,22.9333,23.07,305564.0
2025-02-21,23.15,23.6583,22.865,23.47,2304016.0
2025-02-24,23.58,23.6268,23.32,23.45,588973.0
2025-02-25,23.45,23.49,23.18,23.18,461602.0
2025-02-26,23.21,23.524,23.16,23.26,316694.0
2025-02-27,23.35,23.46,23.19,23.19,553956.0
2025-02-28,23.19,23.55,23.19,23.51,373435.0
2025-03-03,23.52,23.67,23.22,23.35,666545.0
2025-03-04,23.25,23.34,22.78,22.78,536899.0
2025-03-05,22.79,22.8307,22.4,22.65,528790.0
2025-03-06,22.51,22.62,22.16,22.21,417622.0
2025-03-07,22.29,22.69,22.21,22.62,427275.0
2025-03-10,22.44,22.8,22.42,22.54,636596.0
2025-03-11,22.54,22.62,21.93,22.08,648002.0
2025-03-12,22.16,22.28,21.975,22.16,362524.0
2025-03-13,22.25,22.28,21.91,21.96,399532.0
2025-03-14,21.7,21.8,21.54,21.79,505319.0
2025-03-17,21.73,22.04,21.71,21.92,331398.0
2025-03-18,21.9,22.28,21.86,22.24,300484.0
2025-03-19,22.24,22.4,22.135,22.2,249458.0
2025-03-20,22.09,22.39,22.09,22.36,299878.0
2025-03-21,22.34,22.6,22.285,22.48,947555.0
2025-03-24,22.55,22.5759,22.37,22.41,304063.0
2025-03-25,22.5,22.64,22.46,22.62,214312.0
2025-03-26,22.62,22.68,22.4,22.5,153611.0
2025-03-27,22.45,22.74,22.33,22.55,469078.0
2025-03-28,22.48,22.56,22.21,22.34,310260.0
2025-03-31,22.32,22.43,21.99,22.38,694180.0
2025-04-01,22.34,22.63,22.31,22.43,494627.0
2025-04-02,22.29,22.45,22.18,22.29,311312.0
2025-04-03,21.85,22.1336,21.75,21.85,488494.0
2025-04-04,21.31,21.31,20.22,20.34,1374048.0
2025-04-07,19.81,20.19,18.91,19.58,1391059.0
2025-04-08,20.15,20.47,19.0,19.16,821080.0
2025-04-09,18.88,20.56,18.58,20.38,1035935.0
2025-04-10,20.3,20.52,19.51,19.79,774635.0
2025-04-11,19.8,19.93,19.29,19.78,672188.0
2025-04-14,19.95,20.09,19.69,19.94,833471.0
2025-04-15,19.91,20.36,19.8605,20.21,629187.0
2025-04-16,20.11,20.3,20.0,20.12,512084.0
2025-04-17,20.11,20.56,20.0913,20.43,566527.0
2025-04-21,20.42,20.42,19.9,20.01,444323.0
2025-04-22,20.14,20.395,20.06,20.34,303650.0
2025-04-23,20.7,20.9595,20.58,20.7,337530.0
2025-04-24,20.67,21.0026,20.6509,20.83,469681.0
2025-04-25,20.93,21.01,20.7101,20.92,307380.0
2025-04-28,20.99,21.12,20.91,21.02,191959.0
2025-04-29,20.93,20.9999,20.62,20.88,360054.0
2025-04-30,20.78,20.81,20.28,20.76,510235.0
2025-05-01,21.3,21.65,20.53,20.56,796448.0
2025-05-02,20.6,20.98,20.54,20.87,468159.0
2025-05-05,20.72,20.98,20.68,20.69,355256.0
2025-05-06,20.62,20.9299,20.62,20.86,318236.0
2025-05-07,20.85,21.08,20.82,20.86,468636.0
2025-05-08,20.89,21.19,20.8232,21.16,419530.0
2025-05-09,21.17,21.36,21.16,21.27,356324.0
2025-05-12,21.55,22.09,21.51,21.81,602832.0
2025-05-13,21.81,22.44,21.72,22.26,574135.0
2025-05-14,22.37,22.52,22.06,22.39,701666.0
2025-05-15,22.4,22.5,22.26,22.3,327589.0
2025-05-16,22.35,22.75,22.35,22.69,337116.0
2025-05-19,22.53,22.88,22.53,22.79,373897.0
2025-05-20,22.71,23.06,22.53,23.05,520599.0
2025-05-21,22.98,23.0305,22.53,22.56,503752.0
2025-05-22,22.56,22.64,22.38,22.44,448666.0
2025-05-23,22.35,22.59,22.35,22.59,453719.0
2025-05-27,22.79,23.0,22.7,22.98,512012.0
2025-05-28,22.96,23.12,22.93,23.06,397108.0
2025-05-29,23.06,23.27,22.9601,23.17,787433.0
2025-05-30,23.09,23.31,22.99,23.29,538734.0
2025-06-02,23.27,23.333,23.04,23.18,355182.0
2025-06-03,23.19,23.46,23.19,23.35,356552.0
2025-06-04,23.37,23.4599,23.21,23.21,451107.0
2025-06-05,23.23,23.32,22.89,23.29,438901.0
2025-06-06,23.39,23.45,23.33,23.38,258027.0
2025-06-09,23.49,23.75,23.37,23.48,542393.0
2025-06-10,23.5,23.5999,23.4,23.48,251382.0
2025-06-11,23.53,23.65,23.4,23.48,337748.0
2025-06-12,23.4,23.56,23.3301,23.5,340610.0
2025-06-13,23.4,23.505,23.3,23.32,335866.0
2025-06-16,22.98,23.14,22.47,22.48,457745.0
2025-06-17,22.42,22.71,22.32,22.7,447170.0
2025-06-18,22.67,23.161,22.6,23.06,454708.0
2025-06-20,23.05,23.2,23.01,23.16,506942.0
2025-06-23,23.15,23.25,22.76,22.87,534496.0
2025-06-24,22.97,23.22,22.9,23.15,530689.0
2025-06-25,23.04,23.25,22.93,23.16,299631.0
2025-06-26,23.2,23.6713,23.17,23.5,2466279.0
2025-06-27,23.61,23.8288,23.48,23.77,997426.0
2025-06-30,23.83,23.98,23.68,23.81,929204.0
2025-07-01,23.76,23.96,23.6701,23.79,708167.0
2025-07-02,23.76,24.02,23.71,23.97,803538.0
2025-07-03,23.94,24.4235,23.83,24.37,326925.0
2025-07-07,24.25,24.25,23.75,23.94,559397.0
2025-07-08,24.04,24.21,24.015,24.11,545157.0
2025-07-09,24.17,24.2091,23.95,24.17,349472.0
2025-07-10,24.22,24.46,24.2,24.29,486232.0
2025-07-11,24.29,24.435,24.22,24.33,388321.0
2025-07-14,24.34,24.395,24.1304,24.38,341188.0
2025-07-15,24.43,24.62,24.36,24.46,451551.0
2025-07-16,24.45,24.75,24.41,24.72,356893.0
2025-07-17,24.7,25.145,24.685,25.1,446864.0
2025-07-18,24.98,25.165,24.69,24.8,428115.0
2025-07-21,24.8,24.9384,24.2,24.26,504018.0
2025-07-22,24.23,24.4553,24.2,24.41,328604.0
2025-07-23,24.42,24.5704,24.42,24.5,280001.0
2025-07-24,24.57,24.5899,24.36,24.4,237967.0
2025-07-25,24.33,24.5,24.31,24.45,373924.0
2025-07-28,24.5,24.559,23.89,23.99,432873.0
2025-07-29,24.03,24.118,23.6058,23.87,699701.0
2025-07-30,23.87,23.965,23.51,23.66,448262.0
2025-07-31,24.68,24.705,24.1101,24.28,745604.0
2025-08-01,24.25,24.25,23.83,23.91,583522.0
2025-08-04,23.99,24.045,23.71,23.79,474916.0
2025-08-05,23.76,23.98,23.55,23.75,316230.0
2025-08-06,23.87,24.0998,23.72,24.0,484672.0
2025-08-07,24.04,24.18,23.7175,23.75,419443.0
2025-08-08,23.97,24.095,23.7801,24.04,434971.0
2025-08-11,24.07,24.16,23.74,23.88,428771.0
2025-08-12,23.97,24.23,23.88,24.2,349840.0
2025-08-13,24.46,24.46,24.15,24.31,382277.0
2025-08-14,24.24,24.4,24.14,24.22,254131.0
2025-08-15,24.24,24.36,23.935,23.96,252623.0
2025-08-18,23.96,24.05,23.83,24.03,297954.0
2025-08-19,24.06,24.35,24.017,24.21,445874.0
2025-08-20,24.17,24.42,24.095,24.26,663321.0
2025-08-21,24.23,24.36,24.15,24.35,399219.0
2025-08-22,24.42,24.555,24.07,24.09,441281.0
2025-08-25,24.0,24.16,23.91,24.06,496752.0
2025-08-26,24.01,24.23,24.0,24.15,350989.0
2025-08-27,24.17,24.2999,24.15,24.25,149192.0
2025-08-28,24.21,24.38,24.21,24.29,234855.0
2025-08-29,24.28,24.51,24.275,24.45,243285.0
2025-09-02,24.36,24.59,24.25,24.51,274718.0
2025-09-03,24.54,24.74,24.3487,24.57,268114.0
2025-09-04,24.6,24.77,24.5,24.77,387646.0
2025-09-05,24.6,24.77,24.51,24.58,291648.0
2025-09-08,24.65,24.79,24.44,24.68,342841.0
2025-09-09,24.65,24.74,24.47,24.49,217959.0
2025-09-10,24.52,24.62,24.37,24.39,255547.0
2025-09-11,24.48,24.66,24.4032,24.66,291991.0
2025-09-12,24.64,24.76,24.5,24.67,316429.0
2025-09-15,24.31,24.345,23.35,23.4,756536.0
2025-09-16,23.36,23.437,23.14,23.24,592597.0
2025-09-17,23.22,23.585,23.155,23.4,360372.0
2025-09-18,23.38,23.53,23.36,23.49,448084.0
2025-09-19,23.56,23.65,23.3748,23.6,932637.0
2025-09-22,23.5,23.56,23.04,23.14,430618.0
2025-09-23,23.1,23.38,23.0438,23.2,276667.0
2025-09-24,23.2,23.2716,22.61,22.65,459616.0
2025-09-25,22.65,23.01,22.6,22.88,490620.0
2025-09-26,22.9,23.1,22.63,22.8,434101.0
2025-09-29,22.84,22.9602,22.6,22.82,617505.0
2025-09-30,22.85,23.09,22.695,22.86,504776.0
2025-10-01,22.57,22.62,22.015,22.15,920408.0
2025-10-02,22.16,22.56,22.1013,22.51,434399.0
2025-10-03,22.51,22.6206,22.17,22.31,565630.0
2025-10-06,22.31,22.4715,22.17,22.25,442309.0
2025-10-07,22.08,22.385,21.78,21.84,659802.0
2025-10-08,21.8,21.93,21.495,21.57,798140.0
2025-10-09,21.57,21.57,20.9,21.05,930044.0
2025-10-10,21.1,21.18,20.68,20.86,759162.0
2025-10-13,21.0,21.77,21.0,21.69,1269216.0
2025-10-14,21.51,21.99,21.4,21.89,574884.0
2025-10-15,22.06,22.25,21.805,21.88,556995.0
2025-10-16,21.9,22.15,21.27,21.28,739454.0
2025-10-17,21.25,21.57,21.15,21.5,550636.0
2025-10-20,21.51,21.71,21.35,21.68,562888.0
2025-10-21,21.69,22.04,21.68,21.92,399183.0
2025-10-22,22.0,22.01,21.75,21.87,640330.0
2025-10-23,22.08,22.19,21.87,22.12,354996.0
2025-10-24,22.24,22.52,22.24,22.48,372866.0
2025-10-27,22.65,22.99,22.53,22.89,693096.0
2025-10-28,22.94,23.18,22.72,22.86,618197.0
2025-10-29,22.69,23.19,22.65,22.78,372451.0
2025-10-30,22.85,22.895,22.3611,22.57,404087.0
2025-10-31,22.5,22.78,22.4148,22.62,353982.0
2025-11-03,22.58,22.76,22.45,22.64,453716.0
2025-11-04,22.57,22.6564,22.3,22.32,327248.0
2025-11-05,22.02,22.12,21.36,21.85,905372.0
2025-11-06,21.65,21.9085,21.01,21.17,1201513.0
2025-11-07,21.24,21.31,20.9,21.19,616205.0
2025-11-10,21.27,21.4078,20.93,20.99,463011.0
2025-11-11,21.04,21.33,20.95,21.32,326171.0
2025-11-12,21.4,21.71,21.2551,21.51,460206.0
2025-11-13,21.39,21.6,21.17,21.34,479438.0
2025-11-14,21.27,21.31,21.085,21.23,335668.0
2025-11-17,21.16,21.2159,20.74,20.75,684174.0
2025-11-18,20.68,20.96,20.53,20.88,584019.0
2025-11-19,20.99,21.1598,20.69,20.78,443829.0
2025-11-20,20.92,21.055,20.68,20.71,357710.0
2025-11-21,20.88,21.395,20.74,21.23,430100.0
2025-11-24,21.22,21.39,21.06,21.22,375143.0
2025-11-25,21.19,21.57,21.08,21.56,399308.0
2025-11-26,21.6,21.846,21.6,21.68,283125.0
2025-11-28,21.72,21.8517,21.7,21.82,174237.0
