date,close,YesterdayClose,YesterdayOpenLogR,YesterdayHighLogR,YesterdayLowLogR,YesterdayVolumeLogR,YesterdayCloseLogR,MA10,MA20,MA30,DayOfWeek,DayOfMonth,MonthNumber,EMA10,EMA30,RSI,MACD,MACD_Signal,BollingerUpper,BollingerLower,Volatility_10,Volatility_20,Volatility_30,OBV,ZScore,insider_shares,insider_amount,insider_buy_flag,sentiment,num_articles,overnight_gap,abnormal_vol,volatility_5d,volatility_20d,momentum_5d,momentum_20d,skew_5d,intraday_range,sentiment_change
2021-02-03,10.79,10.75,0.0046882411234555384,0.020469215918594262,0.0009394082419358841,0.4860976232636697,0.0037140246963713874,10.571000000000002,10.486,10.369,2,3,2,10.580918813060238,10.401396342588214,58.9595375722543,0.12823971201205175,0.11531781621805573,10.837142496191483,10.134857503808519,0.017661596885174123,0.013214775391143655,0.014141757450636195,4204097.0,1.731490795316461,0,0,-1,0,0,-0.005581395348837255,0.586690658485888,0.24863614662572248,0.2097780558992545,0.05268292682926812,0.06200787401574792,0.23284097092211975,0.04216867469879519,0.0
2021-02-04,11.0,10.79,0.03583295628218401,0.011193311403961041,0.020446808977683858,0.36158484588482154,0.01927549352832739,10.615,10.5285,10.4,3,4,2,10.657115392503831,10.440015933388974,63.212435233160605,0.15390660536357892,0.12303557404716037,10.912620321061823,10.144379678938176,0.018426253443947365,0.013665748439860051,0.014411833400774081,5055342.0,2.454959939097379,0,0,-1,0,0,0.0268767377201113,1.3792190444975647,0.25061968131666595,0.2169370311086317,0.05363984674329503,0.08374384236453203,0.1903855920514058,0.032727272727272834,0.0
2021-02-05,11.32,11.0,0.006297816586990104,0.047814409473088716,0.013705102591650345,-0.055926031628271256,0.028675799976666298,10.687000000000001,10.5835,10.443333333333333,4,5,2,10.777639866594043,10.496789098976782,70.64220183486238,0.19778913883997618,0.13798628700572355,11.08015300817203,10.086846991827972,0.020024707380062734,0.014760544651026032,0.015084406041482883,5860287.0,2.9658533740115582,0,0,-1,0,0,0.013636363636363669,1.1010208980462397,0.19960154462750543,0.23431638217487732,0.09477756286266925,0.10763209393346385,-0.13590018895391495,0.06713780918727913,0.0
2021-02-08,11.32,11.32,0.028295433235151594,-0.010238997301094312,0.012624153228396407,-0.4062350222159563,0.0,10.746,10.631,10.485333333333333,0,8,2,10.87625079994058,10.549899479687959,68.62745098039214,0.22991603385607107,0.15637223637579306,11.215606030183,10.046393969817,0.02002665211825015,0.01463029561194791,0.015103752570030132,5860287.0,2.357142979809231,0,0,-1,0,0,0.01325088339222618,0.08096371110628772,0.19125179405204956,0.23224874277944227,0.06091846298031878,0.0916104146576664,0.738765245436083,0.044169611307420496,0.0
2021-02-09,11.24,11.32,-0.005244767267295077,-0.012079525654601238,-0.003590668130728596,-0.23735116500720918,-0.00709222830949191,10.812000000000001,10.675,10.525666666666668,1,9,2,10.9423870181332,10.594422093901638,67.96116504854369,0.2460847859757358,0.17431474629578161,11.304469283561462,10.04553071643854,0.019386849203540793,0.014812632381296365,0.015187526344292969,5437365.0,1.7951630516529657,0,0,-1,0,0,0.007950530035335676,-0.3777645775376638,0.23547315189821727,0.235143249258796,0.04558139534883732,0.084942084942085,0.5261690948158375,0.035587188612099675,0.0
2021-02-10,13.68,11.24,0.3018235025010852,0.3127557100038969,0.18650941813442942,4.227698399451599,0.19645606772885926,11.155000000000001,10.836,10.633666666666668,2,10,2,11.440134833018071,10.793491636230566,85.13513513513513,0.4505921013290255,0.2295702173024304,12.311946083739267,9.360053916260734,0.06689342905320098,0.04990052023388469,0.041409743547625444,34432582.0,3.853799310601927,0,0,-1,0,0,0.3727758007117437,4.245081139921521,1.4855191873834253,0.7921462009896334,0.267840593141798,0.3078393881453154,2.1028528645536273,0.17178362573099412,0.0
2021-02-11,14.08,13.68,-0.06216501694854069,-0.060188209121801284,0.011869575555383729,-0.7008683532142695,0.028820438535491884,11.519000000000002,11.016,10.762333333333334,3,11,2,11.920110317923877,11.005524433893111,86.25,0.6375925096391057,0.3111746757697655,13.072889834063483,8.959110165936517,0.06675616624247127,0.049910105465650494,0.04113469353934631,48818683.0,2.979255329340534,0,0,-1,0,0,0.05994152046783628,1.6934373960471538,1.4737210704753037,0.7922983618267008,0.28,0.3435114503816794,2.0599829200723145,0.0901988636363636,0.0
2021-02-12,13.56,14.08,-0.04586341679318119,-0.06836692351649323,-0.042174925050712804,-0.7592577630986472,-0.037631068217646765,11.841,11.169500000000001,10.874333333333334,4,12,2,12.218272078301354,11.170329309125814,77.26396917148362,0.7353553080627968,0.39601080222837176,13.500991277905067,8.838008722094935,0.06917202951645575,0.051210309219569435,0.04201443625917066,42085791.0,2.0506188658341933,0,0,-1,0,0,-0.016335227272727303,0.5449296369344926,1.611213782117049,0.8129384565461936,0.1978798586572439,0.2926596758817923,1.9409689621045654,0.06268436578171088,0.0
2021-02-16,14.14,13.56,0.07106052783871614,0.07106052783871614,0.045855459201837895,0.24899287069001041,0.04188337795617728,12.187999999999999,11.3555,11.010333333333334,1,16,2,12.567677154973833,11.361920966601568,81.67259786476869,0.8498377819495904,0.4867761981726155,14.006835115510084,8.704164884489915,0.06930097444161547,0.051351468351716445,0.042166378075781275,50722293.0,2.1004511905801064,0,0,-1,0,0,0.09660766961651908,0.7484704651839493,1.5716675159063644,0.8151792882998737,0.24911660777385158,0.3570057581573898,1.6862863662349414,0.08910891089108909,0.0
2021-02-17,16.1,14.14,0.09976317157711294,0.1040146204344712,0.1085149766970663,0.5337976836969395,0.12981161152199072,12.723,11.632499999999999,11.210666666666667,2,17,2,13.209917672251317,11.667603484885339,90.3448275862069,1.086200543177707,0.6066610671736339,14.995874715027192,8.269125284972805,0.0764979693790321,0.05813789883012689,0.048011884752431094,65450954.0,2.6565579981556606,0,0,-1,0,0,0.16195190947666188,1.4299838240043397,1.5843823600338804,0.9229105323140926,0.4323843416370108,0.5246212121212122,0.5099020379123902,0.08260869565217391,0.0
2021-02-18,17.14,16.1,-0.0006088280248944773,0.11980119981262077,0.06321925973250851,0.06474290189288635,0.06259564117921637,13.357999999999999,11.9645,11.443333333333333,3,18,2,13.92447809547835,12.020661324570156,91.35802469135804,1.341969651909963,0.7537227841208998,16.08323498719411,7.845765012805886,0.0753860987921511,0.05845114747519297,0.048755756264887214,81164737.0,2.513150283323186,0,0,-1,0,0,0.019875776397515543,1.388149924778154,1.0064490281227505,0.9278832003943293,0.2529239766081872,0.6323809523809525,0.23819106949365287,0.1423570595099184,0.0
2021-02-19,16.28,17.14,0.06939879801982395,-0.02835522575512535,-0.009950330853168092,-0.5402581456987277,-0.05147755259523951,13.886000000000001,12.250499999999999,11.647666666666664,4,19,2,14.352754805391378,12.295457368146277,83.5214446952596,1.458461464712613,0.8946705202392425,16.736593013560444,7.764406986439552,0.08145986507025464,0.06077574783610204,0.05024248859155108,72009921.0,1.7964406836058608,0,0,-1,0,0,0.026837806301050225,0.4985444763392584,1.2308929356847693,0.9647850871097876,0.15625,0.5416666666666667,0.34096373893301946,0.12776412776412766,0.0
2021-02-22,14.87,16.28,-0.061512800221034225,-0.04467805526883124,-0.09775065534368477,-0.10251160448956029,-0.09059160010233061,14.241,12.464,11.802666666666665,0,22,2,14.446799386229308,12.461556892782001,71.12676056338027,1.4206307030655427,0.9998625568045025,17.025160517144506,7.902839482855493,0.09124055836460712,0.06549566276954043,0.05367323746559693,63747080.0,1.0549946624137942,0,0,-1,0,0,0.01658476658476656,0.337536033438698,1.4385895883921056,1.0397114138493353,0.09660766961651901,0.40283018867924536,0.017200991561568887,0.1869535978480161,0.0
2021-02-23,13.4,14.87,-0.2111313948662062,-0.22112130593344195,-0.2203906245928047,0.17912169810222328,-0.10409105351519797,14.449000000000002,12.5975,11.903666666666668,1,23,2,14.256472225096708,12.522101609376712,61.694616063548104,1.2575367364980021,1.0513973927432025,17.100896963462844,8.094103036537156,0.09993227999724935,0.07060758202712383,0.05748177794978074,53863348.0,0.3563976289502693,0,0,-1,0,0,-0.09885675857431062,0.4881602639393202,1.645281828122867,1.1208606163161812,-0.052333804809052364,0.24883504193849015,0.7590686975144735,0.16567164179104468,0.0
2021-02-24,13.52,13.4,0.011869575555383729,0.028451421224392762,0.11127085022112217,-0.5680632201676856,0.008915363657952329,14.677000000000001,12.744499999999999,12.008999999999999,2,24,2,14.122568184170031,12.586482150707248,61.963190184049076,1.1249983098539413,1.0661175761653503,17.161722156395058,8.327277843604938,0.09955525972406216,0.07032506570858349,0.05744454726506315,59463686.0,0.35112564980562094,0,0,-1,0,0,0.011940298507462697,-0.1000515280682417,1.0880013684083516,1.1163758087951297,-0.160248447204969,0.277882797731569,0.6805955327105191,0.09245562130177515,0.0
2021-02-25,12.16,13.52,-0.023126730080018313,-0.06220370802928416,-0.08081164273641353,0.10037223445901625,-0.10601819407679704,14.525,12.84,12.065666666666667,3,25,2,13.765737605230026,12.558967173242266,54.617834394904456,0.8998471401487205,1.0328634889620243,17.110289032495658,8.569710967504342,0.07932585251868136,0.07430086529182506,0.06091635369120805,53272051.0,-0.3184796133589073,0,0,-1,0,0,-0.019970414201183402,-0.060303901023000026,0.7347055625084173,1.1794896705544782,-0.29054842473745623,0.1863414634146341,1.3679190601518227,0.11513157894736845,0.0
2021-02-26,11.9,12.16,-0.04397160342315141,-0.03802739558923925,-0.010050335853501338,-0.006908256898669891,-0.021613476420537188,14.307000000000002,12.913,12.113,4,26,2,13.426512586097294,12.516453162065346,52.32,0.6924512420588904,0.9647810395813976,17.05863867214692,8.76736132785308,0.07822925627095266,0.07462556521141497,0.06112810591151552,47123042.0,-0.4887063635362093,0,0,-1,0,0,0.04276315789473681,-0.10519751113443299,0.7981317397392818,1.1846441219822237,-0.269041769041769,0.13984674329501923,0.7601928160946966,0.08571428571428567,0.0
2021-03-01,12.85,11.9,0.017976255849471375,0.0357860797462254,0.06280090123903044,-0.41806923381635197,0.07680541122374504,14.236,13.038499999999999,12.191666666666666,0,1,3,13.321692115897784,12.53797231289984,55.687732342007436,0.5978538718510862,0.8913956060353354,17.004238930282472,9.072761069717528,0.08298887537971972,0.07611180277393505,0.06258420148142778,51171037.0,-0.09506425073048011,0,0,-1,0,0,0.08487394957983191,-0.4238753549984076,1.2119537557722166,1.2082374118597692,-0.13584398117014118,0.24274661508704054,0.4260260052910387,0.05603112840466917,0.0
2021-03-02,12.36,12.85,0.013846375063257416,0.0029873061797354755,-0.029685292454532893,0.5436488755627847,-0.03887835931168407,14.057999999999998,13.123,12.256333333333334,1,2,3,13.14683900391637,12.526490228196623,54.040404040404034,0.4778376544876952,0.8086840157258075,16.94568629713659,9.30031370286341,0.08204654979529338,0.0768308947485176,0.06311017168829994,44199257.0,-0.3991957177189927,0,0,-1,0,0,0.018677042801556437,-0.06798842728979358,1.0489797124290456,1.219652643066936,-0.07761194029850749,0.15838800374882855,0.27194449986846303,0.09142394822006479,0.0
2021-03-03,11.22,12.36,-0.04692025578432226,-0.0520785627933672,-0.09205814441794759,0.14490910421995642,-0.09676755193499441,13.569999999999999,13.1465,12.278333333333334,2,3,3,12.796504639567939,12.442200536054907,40.20700636942675,0.2874222402629556,0.7044316606332371,16.9131306317171,9.379869368282902,0.06646534498489386,0.08016952699534119,0.06566703085852438,36140336.0,-1.0229301401511532,0,0,-1,0,0,0.010517799352750873,0.03250218980342405,1.1490746020796432,1.2726517869321123,-0.1701183431952662,0.0437209302325583,1.115851188703455,0.136319073083779,0.0
2021-03-04,10.77,11.22,-0.11438608963834833,-0.09896980021925238,-0.08863607271663158,-0.03374243034341751,-0.04093340892625311,12.933000000000002,13.145500000000002,12.287333333333333,3,4,3,12.428049250555587,12.334316630502979,36.87549563838223,0.09906347139442317,0.5833580227854744,16.91477453581135,9.376225464188654,0.05685432559234533,0.08080481541478225,0.06614152389186077,28348806.0,-1.2604547519320815,0,0,-1,0,0,-0.007130124777183606,-0.06092156396980407,1.0005378693374622,1.2827366779439544,-0.11430921052631582,-0.001853568118628357,1.195976306752093,0.11884865366759512,0.0
2021-03-05,11.03,10.77,-0.03563647992546619,-0.023695711569423353,-0.0029115515287141355,-0.17737897517939472,0.02385434209711384,12.408,13.147,12.303,4,5,3,12.173858477727297,12.25016717047053,39.757085020242904,-0.02889925032758356,0.46090656816286285,16.912701723939946,9.381298276060054,0.06067592552698391,0.08086210736750407,0.06625426639385348,34873919.0,-1.124358834127226,0,0,-1,0,0,-0.001857010213556135,-0.30410172929119,1.054223632998199,1.2836461594981177,-0.07310924369747906,0.0027272727272726893,0.47501646148222454,0.09427017225747956,0.0
2021-03-08,10.72,11.03,0.01660554761477538,0.010600805986640548,0.028912053253860776,-0.5919466206128519,-0.028507677622755006,11.992999999999999,13.116999999999999,12.306999999999999,0,8,3,11.90952057268597,12.151446707859527,35.84437086092714,-0.1535549525277009,0.33801426402475016,16.952891991235038,9.28110800876496,0.0580719577930726,0.08090636420731968,0.06650470847376751,31263905.0,-1.249774501199257,0,0,-1,0,0,-0.009066183136899334,-0.7977432679856863,0.6572438496349681,1.284348715049912,-0.1657587548638132,-0.053003533568904526,0.10114323630202193,0.08022388059701503,0.0
2021-03-09,10.93,10.72,0.006383970609923313,-0.02041793079205712,0.013220211428134737,-0.09458003374600497,0.01940014654579117,11.746,13.0975,12.313666666666666,1,9,3,11.731425923106702,12.072643694449235,24.97579864472408,-0.23271762573260446,0.22386788607327923,16.975588921648214,9.219411078351788,0.054588944120441824,0.08102164798215467,0.06655550456943399,34548133.0,-1.11781861828934,0,0,-1,0,0,0.026119402985074567,-0.8940023131015182,0.7591388450901253,1.2861787882403968,-0.11569579288025889,-0.03445229681978801,-0.5546029881600043,0.04483074107959746,0.0
2021-03-10,10.75,10.93,0.004535155165391363,-0.003593894254589171,-0.007532992307545148,-0.008008591533120717,-0.0166055476147754,11.469,13.072999999999999,12.319333333333333,2,10,3,11.55298484617821,11.987311843194446,16.261879619852138,-0.30644658478792763,0.11780499190103788,17.006296996561275,9.139703003438722,0.05373789858518553,0.08109956325905923,0.06657852220753196,31290102.0,-1.1811973527709216,0,0,-1,0,0,0.010978956999085179,-0.9481922210915326,0.45601882066687777,1.28741565491653,-0.04188948306595375,-0.04359430604982206,0.2505337197255569,0.04930232558139529,0.0
2021-03-11,11.21,10.75,-0.004535155165391374,0.015185642418374185,0.022430846988182134,0.07251184881507348,0.041900482510396915,11.373999999999999,12.9495,12.351333333333335,3,11,3,11.4906239650549,11.93716269202061,22.050716648291058,-0.32402401328098307,0.029439190864633688,16.956958703861833,8.942041296138168,0.049179418961983544,0.06424408200057602,0.06665433214548118,34793155.0,-0.8681312165855688,0,0,-1,0,0,0.023255813953488372,-1.103022381342234,0.4700285522009172,1.0198431850869905,0.040854224698235964,-0.18055555555555547,-0.2879897788567096,0.04103479036574478,0.0
2021-03-12,11.15,11.21,-0.011888571665252489,-0.010695289116747919,-0.005551425047585794,-0.550682422602095,-0.005366739177940787,11.299000000000001,12.803,12.375,4,12,3,11.428692335044918,11.88637800221283,25.90673575129533,-0.3388892462794626,-0.04422649656418556,16.850471465391443,8.755528534608558,0.0489193965087999,0.06365299319064416,0.06663038957922965,32773448.0,-0.8168062525624915,0,0,-1,0,0,-0.030330062444246353,-1.3934222072252858,0.4541281753606509,1.0104599411239934,0.010879419764279419,-0.20809659090909094,0.614188148575209,0.03586547085201799,0.0
2021-03-15,10.92,11.15,0.015518339715831123,-0.007194275634027085,0.0037012857594242395,0.041363490806148165,-0.020843527589368773,11.106,12.671,12.394333333333334,0,15,3,11.336202819582205,11.824031034328133,30.86419753086419,-0.36502138898448955,-0.10838547504824636,16.78615248806166,8.55584751193834,0.038723021646594885,0.06338950408531945,0.06673995265633492,30668447.0,-0.8510012715590838,0,0,-1,0,0,-0.009865470852018046,-1.2475972277625025,0.4245283624746589,1.006277181248809,0.018656716417910335,-0.19469026548672574,0.8266392713770969,0.02564102564102558,0.0
2021-03-16,10.56,10.92,-0.011845241003969685,-0.002711253355375855,-0.025792754561728953,0.08305876363429084,-0.03352269203864356,10.925999999999998,12.492,12.390666666666668,1,16,3,11.195075034203622,11.742480645016641,27.976190476190467,-0.4100534507735034,-0.1687190701932978,16.649335178870444,8.334664821129557,0.03842011677623558,0.06239669254540927,0.06685160375247229,28381141.0,-0.929441537367179,0,0,-1,0,0,-0.0009157509157508962,-1.084620965150201,0.4648788830473428,0.9905167866486645,-0.03385178408051226,-0.25318246110325315,1.6203234462685727,0.04971590909090912,0.0
2021-03-17,10.44,10.56,-0.04021112095208335,-0.04252026835044681,-0.015801142737108257,0.1705774843741714,-0.011428695823622857,10.848,12.209,12.380333333333335,2,17,3,11.057788664348418,11.65844963566073,34.306569343065675,-0.4502346564398412,-0.2250221874426065,16.09385805471232,8.324141945287678,0.027220424109141213,0.05128275701224338,0.06688413486902632,25668420.0,-0.9107153852657286,0,0,-1,0,0,-0.007575757575757582,-0.9254956320309996,0.4593800994803227,0.8140885296008985,-0.028837209302325584,-0.35155279503105596,1.517669742109872,0.02203065134099621,0.0
2021-03-18,10.35,10.44,-0.008624873781760025,0.0056497325421191276,-0.007751976804317936,-0.2713697499970164,-0.008658062743114541,10.806000000000001,11.869499999999999,12.365666666666666,3,18,3,10.92909981628507,11.574033530134232,35.404896421845564,-0.4837642659340968,-0.27677060314090457,15.065665301041072,8.673334698958925,0.024644915086532177,0.0473791952422359,0.06690539249193639,23600419.0,-0.9508269171842011,0,0,-1,0,0,-0.004789272030651239,-1.200895113462015,0.17719653734512902,0.7521214075759851,-0.0767172167707405,-0.3961493582263711,-1.0768681199906125,0.0357487922705315,0.0
2021-03-19,10.68,10.35,-0.008699909875545905,0.006551263487221728,-0.004875680063483807,-0.08119270724991151,0.03138631382067066,10.771,11.5895,12.354999999999999,4,19,3,10.883808940596875,11.516353947544927,26.86567164179104,-0.4781961335898899,-0.31705570923070164,14.056882802634576,9.122117197365423,0.025715154642368294,0.04851569827827842,0.06706384972875672,25507149.0,-0.7372183992113993,0,0,-1,0,0,-0.004830917874396033,-1.159237229432756,0.3876011368738026,0.7701628339618154,-0.04215246636771308,-0.34398034398034405,1.3812767740668161,0.045880149812734104,0.0
2021-03-22,10.62,10.68,0.038099846232270175,0.010208905370243274,0.023189444918910354,-0.26021917311644854,-0.00563381771825602,10.761,11.376999999999999,12.331666666666667,0,22,3,10.835843678670171,11.458524660606546,29.577464788732385,-0.47317043293742245,-0.3482786539720458,13.334066548097999,9.419933451901999,0.024207494779469436,0.0459501825688312,0.06686340050745579,24037284.0,-0.7736068052828347,0,0,-1,0,0,0.0018726591760299227,-1.2136251738990995,0.3719522694958119,0.7294365346508547,-0.027472527472527486,-0.2858103564223269,0.9788344119893593,0.033898305084745714,0.0
2021-03-23,10.34,10.62,-0.009389740349839032,-0.021466059894877803,-0.018313764855426552,-0.06060463718759022,-0.026719146733509645,10.702,11.224,12.299,1,23,3,10.745690282548322,11.386361779277093,37.058823529411754,-0.4861768448713857,-0.3758582921519138,12.983645897392579,9.464354102607421,0.024294829114280405,0.04170533085928803,0.0670356744193833,22653854.0,-1.0047476044014314,0,0,-1,0,0,-0.0018832391713747246,-1.2045051894587273,0.3428732738658205,0.662051602796063,-0.02083333333333337,-0.22835820895522396,1.4311977746423052,0.03094777562862672,0.0
2021-03-24,10.13,10.34,-0.02773970308915284,-0.022901764286684455,-0.03463978196993781,0.9742888789129877,-0.020518550819691013,10.639999999999999,11.0545,12.262,2,24,3,10.633746594812264,11.305306180614057,39.873417721519,-0.5075787135390648,-0.402202376429344,12.509675518442256,9.599324481557746,0.024520847172069704,0.041442600114536515,0.06712098339060199,18988757.0,-1.2706370994884026,0,0,-1,0,0,-0.0029013539651836905,-0.13077174182378407,0.36038419269562627,0.6578808815217633,-0.02969348659003823,-0.2507396449704141,1.4877230932631722,0.04244817374136226,0.0
2021-03-25,10.04,10.13,-0.043614444583478476,-0.020478531343540562,-0.008089022873083718,0.04109898020220028,-0.008924203997009003,10.523,10.9485,12.140666666666666,3,25,3,10.525792668482762,11.223673523800247,33.4448160535117,-0.5257416737369418,-0.4269102358908636,12.37314436928918,9.523855630710818,0.01766309195370842,0.03601766686496032,0.0529415728269186,15169890.0,-1.27540601652508,0,0,-1,0,0,-0.02566633761105642,-0.006117346308650344,0.3605188467635024,0.5717627359767387,-0.02995169082125604,-0.17434210526315796,1.497428394618596,0.029880478087649476,0.0
2021-03-26,10.15,10.04,0.01906731122620316,0.0,0.019105659079585616,-0.8841042254795423,0.010896591224213412,10.422999999999998,10.861,12.009666666666668,4,26,3,10.457466728758623,11.154404264200231,39.78494623655915,-0.5252056263280203,-0.4465693139782949,12.254200027199783,9.467799972800218,0.018931614005064604,0.036154152512288325,0.05259134212771006,16747403.0,-1.0206718146984997,0,0,-1,0,0,0.001992031872510095,-0.9642722458601419,0.22918027627928364,0.573929378458896,-0.04962546816479396,-0.1470588235294118,0.5428741245255908,0.01083743842364544,0.0
2021-03-29,10.29,10.15,0.00890654081620325,0.018546163592486644,0.0,-0.12822707779967807,0.013698844358161709,10.36,10.733,11.900666666666666,0,29,3,10.427018232620691,11.098636247155056,38.23529411764706,-0.5076323056933614,-0.45878191232130827,11.785517783322698,9.680482216677303,0.01973346190881208,0.030323239046278573,0.05249494235329334,18135068.0,-0.8417910025263294,0,0,-1,0,0,0.0,-0.9665314849139812,0.28694863640613383,0.48136649677449916,-0.031073446327683607,-0.19922178988326855,0.13150867345502906,0.02915451895043739,0.0
2021-03-30,10.12,10.29,0.0029513056345803197,0.0,0.0,-0.13500494101278232,-0.016658885986638755,10.315999999999999,10.620999999999999,11.766666666666667,1,30,3,10.371196735780565,11.035498424757956,38.37638376383764,-0.5016403045614393,-0.46735359076933447,11.3804707298334,9.861529270166598,0.017804082016782477,0.029668479359993664,0.05163324278109188,16922649.0,-1.319339851609291,0,0,-1,0,0,-0.010689990281826963,-0.9636727633693664,0.24932649861940434,0.4709725089839759,-0.021276595744680882,-0.18122977346278324,0.3368938985906361,0.02964426877470363,0.0
2021-03-31,10.05,10.12,-0.003937012959339532,-0.011673284304724621,0.0009955202415018415,0.26635294988994934,-0.006941029354234576,10.277,10.5625,11.565,2,31,3,10.312797329275007,10.971917881225185,25.0,-0.4968130637365853,-0.47324548536278466,11.307811662114718,9.817188337885282,0.017657574910210087,0.02239061094861637,0.043386031968423895,15340205.0,-1.375263600587846,0,0,-1,0,0,0.0019762845849803706,-0.7427874231845288,0.20978031720494186,0.35543992963703364,-0.007897334649555776,-0.10427807486631013,0.2869415338940992,0.016915422885572132,0.0
2021-04-01,10.12,10.05,-0.007920833491443997,0.0009779951879767099,0.0009945301665083635,-0.2952771976973831,0.006941029354234542,10.254,10.53,11.331,3,1,4,10.277743269406823,10.916955437275172,27.896995708154464,-0.48178530452922885,-0.4749534491960735,11.293675323681466,9.766324676318533,0.01785780712264007,0.020962630141689052,0.040964227059385065,16518058.0,-1.0737547418018023,0,0,-1,0,0,0.0009950248756218692,-1.0341951459691643,0.2048189280296151,0.3327714370844155,0.007968127490039834,-0.060352831940575724,-0.7550835578977494,0.01679841897233201,0.0
2021-04-05,10.08,10.12,0.012839682563040187,-0.002936859673309825,-0.0019900504080101475,0.07880180682912996,-0.003960401216096794,10.193999999999999,10.482499999999998,11.124333333333333,0,5,4,10.24178994769649,10.862958312289678,30.373831775700907,-0.4677118714803985,-0.47350513365293856,11.23329957378783,9.731700426212166,0.013291941276780739,0.019973174658100855,0.040523841253044646,15243633.0,-1.0721902730161648,0,0,-1,0,0,0.006916996047430859,-1.0605071295476274,0.1888955986373951,0.31706431822675435,-0.006896551724137945,-0.08612873980054392,0.08051601636648943,0.015873015873015886,0.0
2021-04-06,10.22,10.08,-0.0088714233874197,0.014598799421152631,0.005958309583630625,0.18377344512424254,0.01379332213233577,10.154,10.4575,10.969333333333335,1,6,4,10.237828139024401,10.821477130851635,41.145833333333336,-0.4401875365107397,-0.4668416142244988,11.208299573787832,9.706700426212167,0.01466354169863822,0.01954212230891867,0.03850682713624033,16775165.0,-0.6326588567486694,0,0,-1,0,0,0.001984126984126942,-0.7064713834883097,0.189379214280294,0.31022157431883696,-0.006802721088435271,-0.04664179104477617,0.08809492381122318,0.02446183953033268,0.0
2021-04-07,10.06,10.22,0.007889587275162924,-0.008733679968754553,-0.003968259175620511,-0.03162241486620034,-0.015779420103965228,10.126,10.414,10.858,2,7,4,10.205495750110874,10.772349574022497,40.3061224489796,-0.4263700371868122,-0.4587472988169615,11.150203633157071,9.677796366842928,0.013138852718408431,0.019056426791775834,0.03483298118966589,15291306.0,-0.9616904455685347,0,0,-1,0,0,-0.003913894324853319,-0.6810727433750824,0.18504995504300384,0.3025113970112838,-0.005928853754940566,-0.07959743824336685,0.16941289551585784,0.019880715705765335,0.0
2021-04-08,10.4,10.06,-0.001966568972040827,0.013552966404703668,0.005946499187726303,-0.132193404660572,0.033238641475733716,10.153,10.3965,10.754,3,8,4,10.240860159181624,10.748327020859756,51.131221719457024,-0.3835629361531172,-0.4437104262841927,11.11551321267414,9.67748678732586,0.015912723997448936,0.0205750809794247,0.03556008000505159,16591421.0,0.009735565183798485,0,0,-1,0,0,0.009940357852882668,-0.809946277065598,0.29685567486376685,0.32661928485943814,0.03482587064676612,-0.032558139534883734,0.4199670038681298,0.026923076923077032,0.0
2021-04-09,10.21,10.4,0.018528077561042213,-0.0038535693159900777,0.0019743343037178294,-0.23694288254841198,-0.018438173970752727,10.17,10.3465,10.688999999999998,4,9,4,10.235249221148601,10.713596245320417,38.64734299516909,-0.3608102166976206,-0.42713038436687834,10.958426208141564,9.734573791858438,0.016919797470942733,0.01803810424016671,0.031067950783328,15565583.0,-0.4461322237351266,0,0,-1,0,0,-0.004807692307692376,-1.064322836476227,0.3469220663412429,0.2863460276552449,0.008893280632411127,-0.08920606601248882,0.7986744834377563,0.02154750244857971,0.0
2021-04-12,10.08,10.21,-0.01852807756104224,-0.01507444056952877,-0.00891536365795228,0.27944371838798976,-0.012814369533351659,10.163,10.293,10.628333333333334,0,12,4,10.207022090030673,10.672719068202971,37.38317757009346,-0.34924258502510774,-0.4115528244985242,10.784361159915665,9.801638840084333,0.01715344307138868,0.018131557205811357,0.030953882421632797,14209021.0,-0.8669793926591883,0,0,-1,0,0,-0.004897159647404574,-0.5891813269915036,0.36163951463421745,0.28782954749350814,0.0,-0.09596412556053813,0.9869140262741267,0.015376984126984064,0.0
2021-04-13,10.06,10.08,-0.010885807645251057,-0.012324533618585591,-0.004987541511039162,-0.1447199878809433,-0.001986097971629403,10.14,10.25,10.535333333333334,1,13,4,10.180290800934188,10.633188805738264,42.55319148936171,-0.3377950948540498,-0.3968012785696293,10.652884337587933,9.847115662412067,0.016395388579704087,0.017754432772980763,0.026501215218882324,13035236.0,-0.9431987410457731,0,0,-1,0,0,-0.0029761904761904127,-0.7544527613595661,0.3407568729170774,0.28184288271793195,-0.015655577299412915,-0.0787545787545787,1.8175383220434573,0.00795228628230617,0.0
2021-04-14,10.01,10.06,-0.00298953884836616,0.0,0.0,-0.039323871947558584,-0.00498257134446405,10.129,10.2225,10.457,2,14,4,10.149328837127971,10.592983076335797,46.51162790697671,-0.32896535076157996,-0.38323409300801947,10.611121043935421,9.833878956064579,0.015659900238769432,0.016397516096751708,0.025875731457422422,11906713.0,-1.0936103606129588,0,0,-1,0,0,-0.003976143141153173,-0.7360418181413751,0.32371117107909475,0.2603024982671014,-0.004970178926441471,-0.05208333333333337,1.693584897893814,0.007992007992007999,0.0
2021-04-15,9.95,10.01,-0.0019980026626729977,-0.005970166986503908,-0.012062459828000908,0.4518005533370001,-0.006012042156627834,10.119,10.198,10.414666666666667,3,15,4,10.11308723037743,10.551500297217359,47.337278106508876,-0.32308489199099455,-0.3712042528046145,10.590648228798921,9.80535177120108,0.015623717593593078,0.016289109422962213,0.02021373335066091,10133647.0,-1.2632172097585304,0,0,-1,0,0,-0.0009990009990009777,0.14288806576570956,0.10473823952814654,0.25858159567126116,-0.04326923076923084,-0.046934865900383205,-0.754635736737379,0.01406030150753759,0.0
2021-04-16,9.92,9.95,-0.011060947359424835,-0.00801607498823606,-0.00203646455150083,0.03640293350839859,-0.0030196298737199456,10.099,10.1765,10.386333333333335,4,16,4,10.077980461217898,10.510758342558177,42.85714285714282,-0.31718897823066605,-0.36040119788982483,10.581015304505193,9.771984695494808,0.015383044737141909,0.01622227316306697,0.019015208142691083,8294847.0,-1.2681844031278566,0,0,-1,0,0,-0.0060301507537687165,0.2463728694546751,0.0669207960803274,0.25752060293779416,-0.028403525954946218,-0.04154589371980677,-1.4929258262290108,0.008064516129032265,0.0
2021-04-19,9.87,9.92,-0.0010116338748442624,-0.00403226352793834,-0.004065046248169445,0.18843815410407225,-0.005053067851391289,10.078,10.136,10.347666666666667,0,19,4,10.040165831905552,10.469419094651197,36.18421052631577,-0.3129435873559867,-0.3509096757830572,10.486902595571658,9.78509740442834,0.015403092680237918,0.014129810024595459,0.018336332616970135,6074749.0,-1.5160902390400168,0,0,-1,0,0,-0.004032258064516043,0.7238673534097321,0.026122987066918502,0.22430378038600218,-0.02083333333333337,-0.0758426966292135,0.5370544302893185,0.008105369807497475,0.0
2021-04-20,9.86,9.87,-0.005073577600701339,0.00302572091653689,-0.005104656311683173,-0.012153654728198196,-0.0010136848308461204,10.041999999999998,10.098,10.318999999999999,1,20,4,10.007408407922725,10.43010173370596,40.441176470588225,-0.30684883852418743,-0.3420975083312833,10.387435021341453,9.808564978658548,0.014382403241249423,0.014136853088418869,0.017742066638348302,3881470.0,-1.6445832912474567,0,0,-1,0,0,-0.004052684903748647,0.6351192026403111,0.03164027386826062,0.2244155855580704,-0.01988071570576555,-0.07156308851224102,0.9443736178812456,0.01622718052738338,0.0
2021-04-21,9.89,9.86,0.0,-0.003025720916536956,0.006122468104383829,-0.7610670884751038,0.003037977020076801,10.025,10.0755,10.284333333333334,2,21,4,9.986061424664047,10.395256460563642,43.93939393939394,-0.2961837351542673,-0.3329147536958801,10.355535712008269,9.79546428799173,0.013829547260870052,0.013139816331242952,0.01727855450798651,4906099.0,-1.3248310272264252,0,0,-1,0,0,-0.0030425963488843167,-0.8491705950018676,0.05713255525734847,0.20858811771320376,-0.011988011988011915,-0.0435203094777562,0.8888415633488969,0.007077856420626924,0.0
2021-04-22,9.92,9.89,0.004060919286315012,0.011049836186584935,0.003047234455468906,0.12998407053002237,0.0030287756621605686,9.977,10.065000000000001,10.256666666666666,3,22,4,9.974050256543311,10.364594753430506,42.187500000000036,-0.2820594093213771,-0.3227436848209795,10.352090669704811,9.777909330295191,0.006617067799404355,0.012460181764085004,0.017127727438792997,6072957.0,-1.0101338378505418,0,0,-1,0,0,-0.002022244691607821,-0.6246550018171959,0.05734061298071126,0.19779925343058602,-0.0030150753768843908,-0.02073050345508398,-0.04985000078288686,0.015120967741935519,0.0
2021-04-23,9.89,9.92,0.005053067851391201,-0.00903167203034782,0.0020263431452324674,-0.6540849594697343,-0.0030287756621605925,9.944999999999999,10.057500000000001,10.212666666666667,4,23,4,9.958768391717255,10.333975737080152,42.5196850393701,-0.2701721522235694,-0.3122293783014975,10.354989495612834,9.760010504387168,0.004586683013732105,0.01233261040581336,0.014836291193288064,5466287.0,-1.1260901811336106,0,0,-1,0,0,0.0,-2.026702560129188,0.05736485371151505,0.19577412090017707,-0.003024193548387011,-0.014940239043824577,-0.04867940269000257,0.0040444893832152825,0.0
2021-04-26,9.89,9.89,-0.0020181641562371246,0.000503905276472671,0.0,0.4233502655786104,0.0,9.925999999999998,10.044500000000001,10.170666666666667,0,26,4,9.946265047768664,10.305332141139498,35.39823008849558,-0.2577798892298606,-0.30133948048717013,10.347639710711915,9.741360289288087,0.003192465152607148,0.012028078160167115,0.0148524029174591,5466287.0,-1.0193319749310434,0,0,-1,0,0,0.0010111223458038206,-1.096561469885836,0.04184957598907581,0.19093982137109708,0.0020263424518744966,-0.025615763546797954,-0.15836007956178413,0.004550050556117282,0.0
2021-04-27,9.9,9.89,-0.0010106115059235032,0.002405165722020946,0.0010116338748442258,-0.023931940776308676,0.0010106115059234598,9.91,10.025,10.136666666666665,1,27,4,9.937853220901633,10.279181680420821,41.83673469387755,-0.24433546791878058,-0.2899386779734922,10.311356421265486,9.738643578734514,0.0033212448764231126,0.011516621357591161,0.014533161575732395,6370806.0,-0.8730378697120992,0,0,-1,0,0,0.0,-1.0567638328954807,0.03994371649535704,0.1828206963352877,0.0040567951318459805,-0.03790087463556835,-0.9145288247046541,0.0059494949494949,0.0
2021-04-28,9.91,9.9,0.0010106115059234598,-0.0019015142381939112,0.0010106115059234598,-0.19958488823209178,0.0010095912013522745,9.9,10.014500000000002,10.115,2,28,4,9.932788998919518,10.255363507490445,12.307692307692307,-0.2302199188241314,-0.27799492614362004,10.301588836425204,9.7274111635748,0.003181860172332292,0.01099811385716579,0.013410911404695717,7111671.0,-0.7279976560650998,0,0,-1,0,0,0.0,-1.3268233078984584,0.035108540841229746,0.17458964494100418,0.002022244691607611,-0.02075098814229237,-0.8417140912427743,0.0030272452068616914,0.0
2021-04-29,9.9,9.91,0.0010095912013522745,0.0,-0.0010106115059235032,0.10696357094965055,-0.0010095912013523254,9.895,10.007,10.097,3,29,4,9.926827362752332,10.232436829587837,17.02127659574468,-0.2173348599172229,-0.26586291289834063,10.297994664447335,9.716005335552664,0.002660049298322699,0.01090955435133568,0.01329512985971154,6287167.0,-0.7354086728924488,0,0,-1,0,0,0.0,-1.028097176164843,0.02679572071614149,0.1731838063690607,-0.002016129032258007,-0.014925373134328401,-1.0861448157466491,0.0040404040404039545,0.0
2021-04-30,9.94,9.9,-0.0010095912013523254,0.0010065426114014722,0.0,-0.6821946970160043,0.00403226352793823,9.897,9.998,10.083333333333334,4,30,4,9.929222387706453,10.213569937356363,31.57894736842094,-0.20157209456374936,-0.2530047492314224,10.285391169332847,9.710608830667152,0.002848021118844356,0.010820700920228495,0.013268262218699351,6703959.0,-0.4036310519536253,0,0,-1,0,0,0.0,-1.702928552608428,0.029994146089695577,0.1717733018779942,0.005055611729019027,-0.017786561264822143,1.1455911794720748,0.005030181086519008,0.0
2021-05-03,9.9,9.94,-0.0010106115059235032,-0.002014099371701145,-0.0020242921892306798,0.6073617373647471,-0.00403226352793834,9.9,9.989,10.057333333333334,0,3,5,9.92390922630528,10.193339618817243,29.999999999999915,-0.1901161149328079,-0.24042702237169952,10.276852301308146,9.701147698691855,0.0026514115167227577,0.010821795683132697,0.011702286004424647,5938903.0,-0.618372683459813,0,0,-1,0,0,-0.005030181086519008,-0.9132248729348489,0.04720364626176295,0.17179068070032877,0.0010111223458038054,-0.017857142857142794,-0.3175387813078288,0.005050505050505122,0.0
2021-05-04,9.87,9.9,-0.0020242921892306798,0.0010075567602997706,-0.0040609192863149575,0.4140350583264871,-0.0030349036951541584,9.901,9.9715,10.032333333333334,1,4,5,9.91410754879523,10.172478998248389,31.57894736842094,-0.18136722929679827,-0.22861506375671928,10.24227082949468,9.700729170505321,0.0028334606665113347,0.010255872531748157,0.011687724161647357,4781442.0,-0.7497114825066187,0,0,-1,0,0,-0.0030303030303031452,-0.0891037495302358,0.05139286404864022,0.16280692918190406,-0.003030303030303161,-0.03424657534246589,0.6121962673447335,0.0101317122593718,0.0
2021-05-05,9.89,9.87,-0.0010136848308461204,-0.0010075567602998278,0.003047234455468906,-0.9310527822379338,0.0020242921892306607,9.901,9.963000000000001,10.017333333333335,2,5,5,9.909724358105187,10.154254546748493,41.176470588235475,-0.1708503846612146,-0.21706212793761834,10.232744518504328,9.693255481495674,0.0027328307370744127,0.009737785801636136,0.010793204913079849,5237642.0,-0.5412528892506819,0,0,-1,0,0,-0.0010131712259371618,-1.3471151862780657,0.053849588023860355,0.15458255730926979,-0.0020181634712411745,-0.016898608349900535,0.3813195706600257,0.006066734074823103,0.0
2021-05-06,9.88,9.89,0.001013684830846201,-0.0030287756621605925,0.0,1.0653741701396053,-0.0010116338748442624,9.897000000000002,9.937000000000001,10.008999999999999,3,6,5,9.90431992935879,10.136560705022784,43.750000000000135,-0.1614613994377656,-0.2059419822376478,10.113527916384719,9.760472083615284,0.00252603615631626,0.005349153175192194,0.010187009324713996,3913784.0,-0.645790208906983,0,0,-1,0,0,-0.002022244691607821,0.3350056475847522,0.053851045587144215,0.08491517415810039,-0.002020202020201922,-0.04999999999999993,0.3818657777534501,0.0030364372469636777,0.0
2021-05-07,9.86,9.88,-0.0020283982613926096,-0.0020242921892306798,-0.0010147134305464591,-0.3300713823051129,-0.002026343145232584,9.894000000000002,9.9195,10.003000000000002,4,7,5,9.896261760384464,10.118718078892284,48.27586206896556,-0.15386078253121482,-0.19552574229636122,10.043719669600913,9.795280330399086,0.0024285764822282196,0.003863236250508033,0.010075258910062942,2962099.0,-0.9579803293819442,0,0,-1,0,0,-0.0030364372469636777,-0.378985521877521,0.03688782547616815,0.06132697424840329,-0.008048289738430636,-0.03428011753183169,1.044957196333448,0.002028397565922878,0.0
2021-05-10,9.86,9.86,0.0,0.003539826705123987,-0.0010157441198354164,0.2281459132470219,0.0,9.891000000000002,9.9085,9.993333333333332,0,10,5,9.889668713041834,10.102026589931492,50.0,-0.1461524840143298,-0.18565109063995494,10.009708487266172,9.807291512733828,0.0024285764822282196,0.0028794652526641725,0.009839458655773905,2962099.0,-0.9584176448057816,0,0,-1,0,0,-0.001014198782961439,0.10912459011447045,0.030889703416150327,0.04571009380440701,-0.0040404040404041774,-0.02182539682539686,0.5942861249597429,0.0065922920892494425,0.0
2021-05-11,9.86,9.86,-0.010204170174241623,-0.0015155345158934374,-0.011241814866248296,0.5062407498159774,0.0,9.887,9.8985,9.979000000000001,1,11,5,9.884274401579681,10.086411971226235,43.99999999999977,-0.1384476634211662,-0.1762104051961972,9.972562562458132,9.824437437541869,0.0023885922350519273,0.002881536679793104,0.009442533185601645,2962099.0,-1.0396615704936163,0,0,-1,0,0,-0.011156186612576008,1.4662283947880805,0.023841564978388404,0.045742976690659874,-0.0010131712259371373,-0.01988071570576555,0.5528882467968746,0.01622718052738338,0.0
2021-05-12,9.85,9.86,0.006134988567515929,0.002020202707275802,0.008188377379358033,-1.0721719602603987,-0.0010147134305464591,9.881,9.8905,9.97,2,12,5,9.878042692201557,10.071159585985834,34.782608695652144,-0.13163109271801865,-0.16729454270056152,9.94612089724641,9.83487910275359,0.0023409040592873172,0.0027262276772462377,0.008999090384713348,2283216.0,-1.4562871871907273,0,0,-1,0,0,-0.005070993914807195,-0.855494038299924,0.013443869332802883,0.043277522708008845,-0.004044489383215444,-0.015984015984015998,-0.5110010778668792,0.010152284263959355,0.0
2021-05-13,9.85,9.85,0.0,-0.0005046681913824538,0.0,0.84663268136743,0.0,9.876,9.8855,9.963333333333333,3,13,5,9.872944020892183,10.056891225599651,39.999999999999815,-0.12479040521306928,-0.15879371520306307,9.936376527521057,9.834623472478944,0.0023432806370674935,0.002439817627392575,0.00892693175679647,2283216.0,-1.3955354946466536,0,0,-1,0,0,-0.00406091370558367,0.791167194278906,0.014374694708661158,0.03873090411859442,-0.0030364372469636747,-0.01005025125628134,-1.2551323282442555,0.009644670050761306,0.0
2021-05-14,9.87,9.85,0.004069181606725749,-0.0030333693633286603,0.001018848789102848,-0.7878733263271823,0.002028398261392619,9.869,9.883000000000001,9.955,4,14,5,9.87240874436633,10.044833727173868,45.454545454545155,-0.11641333773525275,-0.15031763970950102,9.93160149445364,9.834398505546362,0.0019660346926122273,0.002427120949738995,0.008827028895230316,3003185.0,-0.5349629737168939,0,0,-1,0,0,0.0,-0.6985441354448191,0.01764999379315176,0.038529350609305686,0.0010141987829614951,-0.00504032258064524,1.294680368323307,0.0055724417426544805,0.0
2021-05-17,9.88,9.87,0.0,0.0005062009725910612,0.0015263294746479246,-0.3264164199911969,0.0010126583143864074,9.866999999999999,9.883500000000002,9.948333333333332,0,17,5,9.87378897266336,10.03419929316265,45.454545454545595,-0.10772573970864308,-0.14179925970932944,9.931742806935562,9.835257193064441,0.0016392005791793316,0.0021611573704370317,0.008812344755838407,3522646.0,-0.14509935148159123,0,0,-1,0,0,-0.0020263424518743235,-1.0248031402881874,0.01836604664526437,0.03430730967750408,0.0020283975659229903,0.0010131712259373593,0.4073635704041514,0.004554655870445337,0.0
2021-05-18,9.89,9.88,0.002028398261392619,0.003031836582120176,0.0035524016043677006,0.33379500557181657,0.0010116338748442258,9.869,9.885,9.937333333333333,1,18,5,9.876736432179113,10.02489611295861,45.454545454545595,-0.09889385248313687,-0.13321817826409094,9.932016234597835,9.837983765402164,0.0013339744392858225,0.0021560217148197257,0.008383936291996045,4247947.0,0.21269248985034603,0,0,-1,0,0,-0.0010121457489880123,-0.5364325211403088,0.018362478708799732,0.0342257836720081,0.0030425963488844854,0.0030425963488844854,-0.4005820667785993,0.004044489383215462,0.0
2021-05-19,9.93,9.89,0.0010126583143864074,0.0030226723265858856,0.0010126583143864074,0.06208687975405015,0.004036332422460332,9.873000000000001,9.887,9.932999999999998,2,19,5,9.886420717237455,10.018773783090312,55.99999999999983,-0.08765640405878727,-0.1241058234230302,9.938134497573309,9.835865502426692,0.0017333189414481815,0.002236793461257245,0.007962201263060777,5019707.0,1.6818391512834834,0,0,-1,0,0,-0.0010111223458038206,-0.38321596043038175,0.02434648530491751,0.03550799539621236,0.008121827411167626,0.004044489383215222,1.1110598906203515,0.0060422960725074245,0.0
2021-05-20,9.9,9.93,0.006054508908706002,0.0,0.0,0.28355961352666414,-0.003025720916536956,9.875,9.886,9.916333333333334,3,20,5,9.888889677739735,10.01111095837481,41.66666666666691,-0.08024636436382515,-0.1153339316111892,9.935161388357454,9.836838611642545,0.002010220553229828,0.0022434423852311747,0.0046627832607234075,3994927.0,0.5695526700021847,0,0,-1,0,0,0.001007049345417904,0.28763946657442385,0.04085909727237092,0.03561354379213952,0.005076142131979822,-0.002016129032258007,-0.9032650983228846,0.006060606060605931,0.0
2021-05-21,9.92,9.9,-0.00302267232658601,0.0010055305020187962,0.003031836582120176,-1.1625225796186547,0.0020181641562371953,9.880999999999998,9.8875,9.906666666666668,4,21,5,9.894546099968874,10.005232832028048,54.545454545454405,-0.0719308476300089,-0.10665331481495313,9.938952584201592,9.836047415798406,0.00191676488369473,0.0021798682561228037,0.0034901853820506652,4315372.0,1.2632990355805975,0,0,-1,0,0,0.0010101010101009886,-1.437889160369869,0.040843115854016114,0.03460433577950994,0.005065856129685908,0.0030333670374114163,-0.9011070895713512,0.004032258064516043,0.0
2021-05-24,9.91,9.92,0.0020161297151844956,0.0010045204260057121,0.0,0.9935736115489214,-0.0010085729548847744,9.886,9.888499999999999,9.901,0,24,5,9.897355899974533,9.999088778348819,60.00000000000018,-0.06539383768038043,-0.0984014193880386,9.940925385574173,9.836074614425824,0.0019778580340469843,0.0021952096729897256,0.0026906492336847064,3449892.0,0.8202133285059617,0,0,-1,0,0,0.0010080645161290108,-0.07691299801608817,0.04329222778359061,0.034847873222245425,0.0030364372469635637,0.002022244691607611,-0.178511317335404,0.005045408678102998,0.0
2021-05-25,9.92,9.91,-0.0010075567602998278,-0.0010045204260055874,0.0,-0.19330507360094112,0.0010085729548847497,9.892,9.889500000000002,9.896333333333333,1,25,5,9.901473009070074,9.993986276519864,57.89473684210511,-0.058729298971350374,-0.09046699530470097,9.943585701972557,9.835414298027446,0.0019748161801501052,0.002195165304992134,0.002691642259678057,4163247.0,1.127839665110545,0,0,-1,0,0,0.0010090817356205638,-0.42871937138721045,0.043290437992062614,0.03484716890211865,0.0030333670374114163,0.002020202020202033,-0.17744027378371205,0.004032258064516043,0.0
2021-05-26,9.95,9.92,-0.0020181641562371246,0.0,-0.0010095912013523254,-0.1701986052741545,0.0030196298737198914,9.902,9.891499999999999,9.894333333333332,2,26,5,9.91029609833006,9.991148452228261,66.66666666666639,-0.05044535213126977,-0.08246266667001473,9.951421000623812,9.831578999376186,0.002018518048269646,0.002283385771539163,0.0026249936623943173,4764960.0,1.9525708646711846,0,0,-1,0,0,-0.0020161290322580215,-0.6809068740514311,0.03853388314857593,0.03624762539229583,0.002014098690835908,0.004036326942482349,-0.6008791955715145,0.005025125628140597,0.0
2021-05-27,9.89,9.95,0.005037794029957081,0.0010045204260057121,-0.002022245380767698,-0.057442642870621605,-0.006048405535880481,9.906,9.891000000000002,9.892333333333333,3,27,5,9.906605898633686,9.98462274563289,56.00000000000031,-0.04816652936902699,-0.07560343920981719,9.950789103037886,9.831210896962117,0.003011213640300917,0.0026674917731056833,0.0026277529556424373,4196837.0,-0.0334509115939602,0,0,-1,0,0,0.0,-0.7214795439311206,0.05692188760307829,0.04234511913569023,-0.0010101010101010166,-0.0010101010101010166,-1.3822135259905646,0.008088978766430745,0.0
2021-05-28,9.93,9.89,0.0,-0.0010045204260055874,0.004040409537004906,-0.7133903728878952,0.004036332422460332,9.912,9.8905,9.892666666666665,4,28,5,9.910859371609378,9.981098697527543,62.068965517241615,-0.04264133741149756,-0.06901101885015326,9.9487101456157,9.8322898543843,0.003193516576965719,0.0026678213936595996,0.0026823343575361337,4475206.0,1.3571517329909044,0,0,-1,0,0,0.006066734074822924,-1.374192832145369,0.06334140818927037,0.042350351699766295,0.0010080645161290036,-0.001006036217303774,-1.0836413647470517,0.0030211480362537122,0.0
2021-06-01,9.92,9.93,-0.0010055305020187607,0.0,-0.0010085729548847744,0.46231706049954246,-0.0010075567602998278,9.916,9.8915,9.894333333333332,1,1,6,9.912521304044038,9.977156846074154,60.00000000000024,-0.0386242629443565,-0.06293366766899391,9.95106862473317,9.831931375266832,0.0032289403745967057,0.0025118317118769,0.0025149255980725454,4033226.0,0.9568795696614418,0,0,-1,0,0,0.001007049345417904,-0.9279854335162638,0.06334018081928727,0.03987409226923154,0.0010090817356205317,0.002020202020202033,-1.0839292737093997,0.004032258064516043,0.0
2021-06-02,9.91,9.92,-0.00302267232658601,-0.0020120731134201197,-0.0010095912013523254,-0.16380808030184363,-0.0010085729548847744,9.918000000000001,9.8935,9.895999999999999,2,2,6,9.91206288512694,9.972824146327435,60.00000000000024,-0.03583454063597458,-0.05751384226239005,9.952714151935524,9.834285848064475,0.0032501270732229787,0.0024179742183939677,0.002514842819064171,3658027.0,0.5572992084043275,0,0,-1,0,0,-0.0010080645161290108,-0.9794296306783838,0.06335199625484668,0.03838415075061731,-0.0010080645161290036,0.004052684903748771,-0.5908826814447544,0.0030272452068616914,0.0
2021-06-03,9.93,9.91,0.0,0.0010065426114014722,0.0,0.1325494314967397,0.0020161297151844956,9.918,9.8955,9.897333333333332,3,3,6,9.915324178740223,9.970061298177278,62.50000000000021,-0.0316450483358377,-0.05234008347707958,9.956878892308533,9.834121107691468,0.0030406962567390053,0.0024176506385536487,0.0024812465774543707,4086405.0,1.124164959725201,0,0,-1,0,0,0.0,-0.8527113789026705,0.06046801384074821,0.038379014079896766,-0.0020100502512562235,0.004044489383215222,-0.584930535460193,0.004028197381671616,0.0
2021-06-04,9.92,9.93,0.0030226723265858856,0.0010055305020187962,0.0010095912013522745,-0.12873474486742956,-0.0010075567602998278,9.92,9.897499999999999,9.897333333333334,4,4,6,9.916174328060183,9.966831537004552,58.0645161290325,-0.02879977603987882,-0.04763202198963943,9.959357220996772,9.835642779003226,0.002880526156765811,0.0024175430105892602,0.0024277205263330114,3709772.0,0.7274817600090553,0,0,-1,0,0,0.001007049345417904,-0.8787520786667801,0.03691160486006697,0.038377305538929436,0.0030333670374114163,0.004048582995951344,1.0186700334476584,0.004032258064516043,0.0
2021-06-07,9.96,9.92,-0.002014099371701145,0.002008032803245613,0.0010085729548847497,0.2819599123522406,0.004024150299725548,9.924000000000001,9.9025,9.899666666666665,0,7,6,9.92414263204924,9.966390792681679,61.76470588235314,-0.02305148833176318,-0.04271591525806419,9.967671837637303,9.837328162362697,0.0030844173388681353,0.002501494696094839,0.0024658658289539353,4209084.0,1.7645658641698185,0,0,-1,0,0,0.0,-0.5410133930909153,0.03683989864217847,0.03970999723088424,0.0030211480362538623,0.01014198782961473,1.0155062713450504,0.005020080321285212,0.0
2021-06-08,10.07,9.96,0.007031671363680747,0.012954839873466732,0.005027662676965616,1.2321017059882082,0.010983635133963977,9.94,9.913,9.905666666666667,1,8,6,9.950662153494832,9.97307525766996,70.4545454545457,-0.009510220317352491,-0.03607477626992185,10.009485613871611,9.81651438612839,0.004499992914850628,0.0034301612261960837,0.0031567328871198058,5920939.0,3.254371168927097,0,0,-1,0,0,0.00301204819277102,2.0039577777566584,0.07891806092612598,0.054452121368227274,0.015120967741935498,0.02129817444219073,1.313232079938407,0.012909632571995929,0.0
2021-06-09,10.16,10.07,0.028615667366556803,0.05957573179544221,0.017893121514049377,0.9872658164340218,0.00889773541986479,9.963999999999999,9.928,9.914333333333333,2,9,6,9.988723580132135,9.985134918465448,73.46938775510233,0.008386901008098135,-0.027182440814317855,10.071578329987771,9.78442167001223,0.005047133353396782,0.0038422392223966184,0.0035043578401002546,10515363.0,3.2316854503010433,0,0,-1,0,0,0.020854021847070414,3.8979949045577045,0.07855390788313575,0.06099365676047788,0.025227043390514625,0.030425963488843966,0.12448037281708023,0.056102362204724435,0.0
2021-06-10,10.16,10.16,0.006786259684359007,-0.03512463593127791,-0.0009857073247591882,-1.2463703450427805,0.0,9.985000000000001,9.943499999999998,9.922666666666666,3,10,6,10.019864747380836,9.996416536628969,78.26086956521765,0.02231328494105078,-0.01728329566324413,10.115702451232549,9.771297548767448,0.005096263128152262,0.0038138043722913185,0.003507820287332869,10515363.0,2.514482209171689,0,0,-1,0,0,0.018700787401574753,0.41845294622768453,0.08447196356685775,0.06054226750880175,0.023162134944612278,0.03147208121827427,0.2072612204091078,0.020669291338582585,0.0
2021-06-11,9.99,10.16,-0.028419355039784856,-0.019512814223581715,-0.01791092656653022,0.5880037145341318,-0.016873849489873652,9.995000000000001,9.9505,9.925666666666668,4,11,6,10.014434793311592,9.996002566523874,55.73770491803285,0.019408733493181174,-0.00994488983195907,10.118017477485576,9.782982522514423,0.007534372264254969,0.005593449036929188,0.004748365724189584,8136847.0,0.47159258356670447,0,0,-1,0,0,-0.009842519685039335,1.4191704515164036,0.1752454615258943,0.08879325073697024,0.007056451612903247,0.014213197969543234,-1.4565966778986208,0.01901901901901897,0.0
2021-06-14,9.97,9.99,-0.0019900504080101475,-0.009911021280971948,-0.0010045204260055874,-1.1977736158535774,-0.002004008686715143,9.998999999999999,9.955499999999999,9.926666666666668,0,14,6,10.006355739982212,9.99432498158685,54.83870967741943,0.01531646402840181,-0.004892619059886894,10.11881757890356,9.792182421096438,0.007508347005543921,0.0056163875251218675,0.004712809512850194,7418855.0,0.17756814786685082,0,0,-1,0,0,0.005005005005004898,-0.24413481321883213,0.17489316993520776,0.08915738794822796,0.0010040160642570406,0.010131712259372039,-0.9331803351379062,0.010020060180541612,0.0
2021-06-15,9.92,9.97,-0.006996530289836057,-0.006979593883451789,-0.0030196298737199456,0.668038338141876,-0.005027662676965612,9.998999999999999,9.9575,9.927333333333333,1,15,6,9.990654696349083,9.989529821484474,50.0,0.007947119416073178,-0.0023246713646948797,10.117877843331154,9.797122156668845,0.007698014942138591,0.00574868066408228,0.004746146396182387,6018478.0,-0.4676456450729062,0,0,-1,0,0,0.0,0.395736462347144,0.1474551589736752,0.09125747642332413,-0.014895729890764708,0.004048582995951344,-0.47185052452575516,0.006048387096774244,0.0
2021-06-16,9.95,9.92,-0.005027662676965612,-0.0030105391528712634,0.0,-1.0618087344807614,0.0030196298737198914,10.003,9.9605,9.93,2,16,6,9.98326293337652,9.98697951042096,50.0,0.0044760133019554615,-0.0009645344313648115,10.117776156723318,9.803223843276681,0.007743260501272302,0.005780829229463127,0.004738126788200655,6502770.0,-0.13352309998866618,0,0,-1,0,0,0.0,-0.5082971848757284,0.12099236158373027,0.09176781907735546,-0.02066929133858275,0.006066734074822833,-1.454337532303637,0.0030150753768843582,0.0
2021-06-17,9.93,9.95,0.0,-0.0005026388645657826,0.0,-0.29833553217463477,-0.0020120731134201197,10.003,9.9605,9.931333333333333,3,17,6,9.973578763671698,9.983303412974447,53.225806451612854,0.00011003542563159385,-0.0007496204599655305,10.117776156723318,9.803223843276681,0.007756227312637242,0.005733772099402782,0.0047441330147652925,6143400.0,-0.3878528142527772,0,0,-1,0,0,-0.0030150753768843582,-0.6069158285167617,0.11744354769891122,0.09102081029604288,-0.022637795275590622,0.0,-1.381438815476157,0.0025176233635448497,0.0
2021-06-18,9.93,9.93,0.0010075567602997706,-0.0005028916374529631,0.0010075567602997706,0.3659315764633122,0.0,10.004000000000001,9.962,9.933,4,18,6,9.965655352095025,9.979864483105128,50.0,-0.0033118564766230207,-0.0012620676632970288,10.117407782775967,9.806592217224033,0.007747840456990417,0.00568917881310112,0.004739222005561364,6143400.0,-0.4118197869939451,0,0,-1,0,0,0.0,-0.42275682042705026,0.04704975398006597,0.09031291382185908,-0.006006006006006093,0.003030303030302939,0.32953318539156384,0.001007049345417904,0.0
2021-06-21,9.94,9.93,-0.0020161297151845485,0.0,-0.0020161297151845485,0.814997893083171,0.0010065426114014722,10.001999999999999,9.963,9.935666666666666,0,21,6,9.960990742623201,9.977292580969314,51.724137931034456,-0.005157363163842632,-0.00204112676340615,10.11752473826807,9.808475261731928,0.007636715395402727,0.005676302509606898,0.004722909607775312,7314012.0,-0.2976869627191865,0,0,-1,0,0,-0.002014098690835808,0.17922310312461193,0.04864328713228296,0.09010850884075006,-0.0030090270812438424,0.002016129032258007,-0.5363097377614168,0.0030181086519114044,0.0
2021-06-22,9.93,9.94,0.0020161297151844956,0.0,-0.0020202027072758794,-0.1120677815716137,-0.0010065426114013946,9.988,9.964,9.938,1,22,6,9.955356062146254,9.97424144671323,51.724137931034456,-0.007342220389855214,-0.003101345488695963,10.117334858878673,9.810665141121328,0.006542027457469226,0.005676281386524691,0.004728536120175721,6267504.0,-0.443473848655687,0,0,-1,0,0,-0.0010060362173038016,0.04691643487438302,0.030747202058410677,0.0901081735222154,0.0010080645161290036,0.0020181634712410634,0.5939682943411566,0.00503524672708952,0.0
2021-06-23,9.94,9.93,-0.0010075567602998278,0.0,0.0023228814161397287,-0.09818691471071278,0.0010065426114014722,9.966000000000001,9.965,9.940666666666667,2,23,6,9.952564050846934,9.972032321118828,50.877192982456116,-0.008172610291829585,-0.004115598449322688,10.11738455509517,9.81261544490483,0.0055592531331973,0.005676264577942723,0.004730298777359196,7216142.0,-0.3281172423857115,0,0,-1,0,0,-0.001007049345417904,-0.0622055566609595,0.020819088362546076,0.09010790669424873,-0.0010050251256281673,0.002016129032258007,-0.5394522431784737,0.002716297786720246,0.0
2021-06-24,9.97,9.94,0.0020140993717011856,0.0030135633052644803,0.0007058942460209954,-1.073808560164573,0.0030135633052644803,9.947,9.966,9.944666666666667,3,24,6,9.955734223420219,9.97190120362729,54.237288135593275,-0.006336903117686532,-0.004559859382995457,10.118232509149916,9.813767490850083,0.005768310990314573,0.005676100660515196,0.004749498632955293,7540296.0,0.05255119320226405,0,0,-1,0,0,0.0,-0.6653176686936879,0.023688913130271647,0.09010530458575602,0.004028197381671816,0.0020100502512563345,0.550215382681757,0.00501504513540629,0.0
2021-06-25,9.98,9.97,0.0,0.0020040086867150406,0.0020140993717011856,0.4631578759048636,0.0010025063496255707,9.946000000000002,9.9705,9.949000000000002,4,25,6,9.96014618279836,9.972423706619079,51.78571428571425,-0.0040287347833309894,-0.004453634463062564,10.118536268671159,9.82246373132884,0.002481158715796133,0.005490115441679751,0.004750009303864498,8055404.0,0.128346925861848,0,0,-1,0,0,-0.003009027081243845,-0.47335014068086917,0.022585472427552045,0.08715288076632094,0.0050352467270897705,0.009100101112234471,0.0007035164428123964,0.005010020040080231,0.0
2021-06-28,9.97,9.98,0.0030135633052644803,0.0,-0.002014099371701145,-0.28486979273074686,-0.00100250634962559,9.946000000000002,9.9725,9.952333333333334,0,28,6,9.96193778592593,9.972267338450106,39.13043478260871,-0.0029721500793922218,-0.004157337586328495,10.119308145478792,9.825691854521208,0.0024151393316349835,0.005432729215520602,0.00474744007334056,7667985.0,-0.03405805572771392,0,0,-1,0,0,-0.0010020040080160107,-0.6070606974702162,0.026706286008353387,0.08624190266773522,0.003018108651911655,0.004028197381671816,0.514682139011829,0.007021063189568734,0.0
2021-06-29,9.94,9.97,-0.004020105916665776,0.0,0.0010075567602997706,-0.12422540816136175,-0.003013563305264406,9.948,9.9735,9.954333333333333,1,29,6,9.95794909757576,9.970185574679132,22.499999999999943,-0.004503633287651354,-0.004226596726593067,10.11906966138507,9.827930338614928,0.0019996304101978822,0.00547471369527613,0.004784628286733755,7325824.0,-0.4602607395147212,0,0,-1,0,0,-0.004012036108325068,-0.644953283962293,0.03635617401034716,0.08690838562188055,0.001007049345417954,0.002016129032258007,-0.40146866327542413,0.006036217303822988,0.0
2021-06-30,9.96,9.94,0.0010065426114014722,-0.002004008686715143,0.0010065426114014722,0.09412954949885526,0.0020100509280243217,9.949,9.976,9.956666666666667,2,30,6,9.95832198892562,9.969528440828865,26.19047619047636,-0.004056748242412311,-0.004192627029756916,10.118666338743592,9.83333366125641,0.0018618488764029467,0.005483750610598751,0.004793861718533621,7701757.0,-0.2242995809790311,0,0,-1,0,0,0.0,-0.6116403207443265,0.03839848954802118,0.08705184220525737,0.00201207243460777,0.005045408678103103,-0.5985388257844877,0.003012048192771198,0.0
2021-07-01,9.96,9.96,0.0,0.0010025063496255707,0.0,-0.026242226834689204,0.0,9.952000000000002,9.9775,9.957666666666666,3,1,7,9.958627081848233,9.968913702710875,44.00000000000017,-0.0036603938822672433,-0.004086180400258981,10.118753784299473,9.836246215700525,0.0017108763134434353,0.005468358402034553,0.00473992973692149,7701757.0,-0.2477809721953552,0,0,-1,0,0,-0.0020080321285141918,-0.6170142811212144,0.030652946585358345,0.08680749846932392,-0.0010030090270811698,0.0030211480362538623,-0.5870489535490522,0.004016064257028205,0.0
2021-07-02,9.96,9.96,0.0,-0.00100250634962559,0.0,-0.30689720891743205,0.0,9.955,9.9795,9.959666666666667,4,2,7,9.958876703330372,9.968338625116626,47.8260869565218,-0.003308145949024066,-0.0039305735100119985,10.118439593083796,9.840560406916204,0.0017108763134434353,0.005461629598229341,0.004703029425089276,7701757.0,-0.2806975256972047,0,0,-1,0,0,-0.0020080321285141918,-0.7045837629890523,0.028954689326629417,0.08670068202038672,-0.002004008016032066,0.0040322580645162365,-0.262609719608076,0.003012048192771198,0.0
2021-07-06,9.94,9.96,0.0,0.0,0.0,0.8260952058202983,-0.0020100509280243342,9.955,9.9785,9.960333333333333,1,6,7,9.955444575452121,9.966510326722005,54.99999999999982,-0.004589910150054166,-0.004062440838020432,10.118315668122735,9.838684331877266,0.0018342460090287,0.005406186013091114,0.004707131045021658,7086299.0,-0.550725115674511,0,0,-1,0,0,-0.0020080321285141918,-0.3712662056990084,0.031076030202350575,0.08582054239196919,-0.0030090270812438424,-0.002008032128514192,0.08485299470919634,0.003018108651911583,0.0
2021-07-07,9.94,9.94,-0.0010065426114013946,-0.0010035123772400224,-0.0010065426114013946,-0.3742501233305861,0.0,9.956,9.972,9.961333333333334,2,7,7,9.952636470824462,9.964799983062521,47.05882352941189,-0.005541834693312708,-0.004358319609078887,10.105865604245356,9.838134395754643,0.0018001160380707796,0.004731336717548627,0.004702707630203055,7086299.0,-0.47809144373409773,0,0,-1,0,0,-0.0010060362173038016,-0.5006146886972169,0.022562787738327136,0.07510764194125391,0.0,-0.012909632571996066,0.0042639569166782925,0.003018108651911583,0.0
2021-07-08,9.91,9.94,0.0,-0.0010045204260055874,-0.0020161297151845485,1.2751933994130151,-0.00302267232658601,9.953,9.9595,9.961,3,8,7,9.944884385220014,9.961264500284294,44.44444444444466,-0.008617652102493878,-0.005210186107761886,10.06260444372462,9.85639555627538,0.0020127504856619566,0.0041810093441355485,0.0047335791080315185,5571088.0,-0.9601913983884015,0,0,-1,0,0,-0.0010060362173038016,1.3491477482020864,0.022574134357742325,0.06637146572291959,-0.005020080321285203,-0.02460629921259838,-0.8862849568105373,0.004036326942482255,0.0
2021-07-09,9.92,9.91,-0.0020161297151845485,-1.0050301760335263e-05,0.0,0.028993929173287566,0.0010085729548847497,9.948,9.947500000000002,9.96,4,9,7,9.940359951543648,9.958602274459501,47.368421052631675,-0.010131552897693297,-0.006194459465748169,9.990968076610121,9.904031923389882,0.0017243070046436496,0.004202748774857976,0.004703050341097005,7130874.0,-1.2652963804521777,0,0,-1,0,0,0.0,1.3713686791763002,0.026243478556896325,0.06671656848693355,-0.004016064257028162,-0.023622047244094557,-0.5182236057752753,0.004022177419354777,0.0
2021-07-12,9.91,9.92,0.0,-0.0020020228116598,0.0,-1.8681005149599355,-0.0010085729548847744,9.940999999999999,9.9435,9.960666666666667,0,12,7,9.934839960353894,9.955466643849212,42.10526315789504,-0.011999919014755278,-0.0073555513755495915,9.985188064680608,9.901811935319392,0.0016448076981297121,0.0020721741740822412,0.004571869761946554,6890017.0,-1.607174631715786,0,0,-1,0,0,-0.0010080645161290108,-1.0091420483538,0.02525648609436078,0.03289474522699365,-0.005020080321285203,-0.00800800800800805,0.0019179389303609236,0.0020181634712411276,0.0
2021-07-13,9.91,9.91,-0.0010095912013523254,0.0,-0.0020202027072758794,0.7991748820620723,0.0,9.934999999999999,9.9405,9.96,1,13,7,9.930323603925913,9.952533311987972,44.44444444444466,-0.013326987408300184,-0.008549838582099711,9.982789727506852,9.898210272493149,0.0016550176147328108,0.00203879427827131,0.004510070504826745,6890017.0,-1.4424306704297403,0,0,-1,0,0,-0.0010090817356205638,-0.308617651041246,0.024235091453221568,0.032364855808363825,-0.003018108651911433,-0.006018054162487463,-1.1140257126982287,0.004036326942482255,0.0
2021-07-14,9.9,9.91,0.0,0.0,0.0010106115059234598,0.0024875913040855887,-0.0010095912013523254,9.931000000000001,9.939499999999999,9.959333333333332,2,14,7,9.92481022139393,9.949144066053265,38.88888888888933,-0.015012559654996593,-0.009842382796679087,9.984678010486862,9.894321989513136,0.001438538573115896,0.001723583144624028,0.004510085277683614,6353088.0,-1.7486383120604472,0,0,-1,0,0,-0.0010090817356205638,-0.2243215613997473,0.023705232728939676,0.027361034187707113,-0.004024144869215207,-0.002016129032258007,-0.545368460304196,0.0030303030303029657,0.0
2021-07-15,9.9,9.9,0.0,-0.0010075567602998278,0.0,-0.45490757305818397,0.0,9.925,9.937000000000001,9.959000000000001,3,15,7,9.92029927204958,9.945973481146602,26.666666666666913,-0.01616208139066977,-0.011106322515477223,9.98516637831488,9.888833621685123,0.0011809927779810685,0.0015600141369549584,0.004506512079161216,6353088.0,-1.5363413773035162,0,0,-1,0,0,0.0,-0.6896477051629849,0.013398327158831097,0.024764456688767263,-0.0010090817356205317,-0.005025125628140614,0.5128547636273688,0.0020202020202019773,0.0
2021-07-16,9.9,9.9,0.0,-0.0010085729548847744,0.0,0.910199157158646,0.0,9.919,9.9355,9.958,4,16,7,9.916608495313293,9.943007450104886,21.428571428571885,-0.016878520569438393,-0.012260762126269458,9.986376527521081,9.884623472478918,0.0011809927779810685,0.001504462956628355,0.0044900120696097405,6353088.0,-1.3955354946458893,0,0,-1,0,0,0.0,0.5032860780901267,0.008769369744241555,0.023882609039685483,-0.002016129032258007,-0.0030211480362537513,-0.6085825537356447,0.0010101010101009886,0.0
2021-07-19,9.9,9.9,-0.0040485885260003315,0.0,-0.0040485885260003315,0.6083871478935786,0.0,9.913,9.934000000000001,9.957333333333334,0,19,7,9.913588768892694,9.940232775904573,23.076923076923507,-0.017247485503579796,-0.013258106801731527,9.987271894436127,9.880728105563875,0.0011809927779810685,0.001504462956628355,0.004486691164037687,6353088.0,-1.2764704675846332,0,0,-1,0,0,-0.004040404040404133,1.9121731423155728,0.007163769666660208,0.023882609039685483,-0.0010090817356205317,-0.0030211480362537513,-2.2360679769944483,0.005050505050505122,0.0
2021-07-20,9.89,9.9,0.0020263431452324674,-0.0005046681913824538,0.001013684830846201,0.24605934543792113,-0.0010106115059235032,9.908000000000001,9.931500000000002,9.955000000000002,1,20,7,9.909299901821296,9.936991951652665,27.272727272728005,-0.018137728850801338,-0.01423403121154549,9.98817079448305,9.874829205516953,0.001087584688534295,0.001490346642111106,0.0044221825043717945,4363657.0,-1.46459919535502,0,0,-1,0,0,-0.0020202020202019773,2.3819693059177482,0.008778223230292925,0.023658519493837016,-0.0020181634712411745,-0.005030181086518981,-0.6085825576446786,0.003538928210313462,0.0
2021-07-21,9.87,9.89,-0.002026343145232584,-0.0005049230099699496,-0.0010136848308461204,-0.8320747600821775,-0.0020242921892306798,9.901,9.928500000000001,9.948333333333332,2,21,7,9.902154465126515,9.932669890255719,9.09090909090881,-0.020223956785509145,-0.015432016326338224,9.99150375928611,9.865496240713894,0.0011685306339171355,0.0015341208349893556,0.003884738320978962,3497965.0,-1.8570320457973695,0,0,-1,0,0,-0.0030333670374116414,0.2644330463104499,0.014354702149501372,0.024353413263027552,-0.003030303030303161,-0.006042296072507614,-1.2591120848062678,0.0040526849037488275,0.0
2021-07-22,9.88,9.87,0.001013684830846201,-0.0010106115059235032,0.001013684830846201,-0.5770057979309211,0.0010126583143864074,9.898,9.925500000000001,9.939,3,22,7,9.898126380558057,9.929271832819866,16.66666666666741,-0.02083027261144288,-0.016511667583359153,9.991824560823213,9.85917543917679,0.0009587353911390009,0.0015343963266024813,0.003455241461352208,3984118.0,-1.372040747356946,0,0,-1,0,0,0.0,-0.4186128867728201,0.01830889044184725,0.024357786556807242,-0.002020202020201922,-0.006036217303822755,-0.40328153810563244,0.002024291497975845,0.0
2021-07-23,9.88,9.88,0.003034903695154111,0.0010106115059234598,0.0,-0.09899894336866974,0.0,9.894,9.921000000000001,9.929666666666666,4,23,7,9.894830675002046,9.926093004896003,16.66666666666741,-0.021067924354138512,-0.017422918937515026,9.986822728437204,9.855177271562798,0.0008525481473993029,0.001324830731514567,0.003455241461352208,3984118.0,-1.245770297690272,0,0,-1,0,0,0.002024291497975665,-0.5213887192686509,0.01830889044184725,0.02103103586905996,-0.002020202020201922,-0.009027081243731194,-0.40328153810563244,0.0030364372469636777,0.0
2021-07-26,9.88,9.88,-0.0040485885260003315,-0.0010106115059235032,-0.0010136848308461204,0.05955185609947491,0.0,9.891,9.916,9.925999999999998,0,26,7,9.892134188638037,9.923119262644649,20.000000000001066,-0.021014028433413046,-0.01814114083669463,9.97803564340443,9.85396435659557,0.0008324999804728436,0.0012852271661707704,0.001740833397760056,3984118.0,-1.160623087772443,0,0,-1,0,0,-0.002024291497975845,-0.4636675542013857,0.01830889044184725,0.020402348759472867,-0.002020202020201922,-0.01002004008016033,-0.40328153810563244,0.0030364372469636777,0.0
2021-07-27,9.88,9.88,0.0,-0.0010116338748442624,0.0,-0.021260073698421672,0.0,9.888000000000002,9.9115,9.923,1,27,7,9.889927972522031,9.92033737473209,20.000000000001066,-0.02073232617719256,-0.018659377904794217,9.969998762919634,9.853001237080367,0.0008324999804728436,0.0012842651843368615,0.0017141855154091746,3984118.0,-1.0769458507447378,0,0,-1,0,0,-0.002024291497975845,-0.49129943972291595,0.01759197690596064,0.020387077771283155,-0.0010111223458038054,-0.009027081243731194,-1.2903432793656315,0.002024291497975845,0.0
2021-07-28,9.87,9.88,0.001013684830846201,0.0,0.0,-0.01528724456220903,-0.00101265831438638,9.885,9.908,9.921333333333333,2,28,7,9.886304704790753,9.91708980216873,25.000000000000554,-0.02107307425363203,-0.019142117174561782,9.967683375098323,9.848316624901676,0.0008327893132984508,0.001145137704527183,0.001473470478651209,3533541.0,-1.2733864308912999,0,0,-1,0,0,-0.0010121457489880123,-0.5187440936960754,0.011367064203894071,0.018178497498613742,0.0,-0.007042253521126751,0.002148172167793609,0.0020263424518745035,0.0
2021-07-29,9.92,9.87,0.003034903695154111,0.004040409537004906,0.004048588526000332,-0.3291868816057657,0.005053067851391201,9.887,9.906,9.920333333333334,3,29,7,9.892431122101524,9.917277556867523,50.0,-0.01711128913684057,-0.01873595156701754,9.960829880443448,9.851170119556553,0.0018976505147574574,0.001593037845868799,0.0016611585300376644,3857735.0,0.5106704551157708,0,0,-1,0,0,0.0030395136778116655,-0.757000019444974,0.03839598804231664,0.02528869181569732,0.004048582995951344,-0.004016064257028162,2.043198183913139,0.0020161290322580215,0.0
2021-07-30,9.93,9.92,0.0,0.0010075567602997706,-0.0010106115059235032,-0.6733502385710023,0.0010075567602997706,9.89,9.9045,9.920333333333334,4,30,7,9.899261827173973,9.918098359650264,58.333333333332845,-0.013014605194776152,-0.017591682292569265,9.95454208754923,9.854457912450771,0.001912359893393337,0.0016154875235028657,0.0016325961785413482,4023073.0,1.0191421361034738,0,0,-1,0,0,-0.0020161290322580215,-1.027758996556118,0.03771592181893863,0.025645069399897174,0.005060728744939125,-0.003012048192771233,1.7469583933489703,0.004028197381671616,0.0
2021-08-02,9.91,9.93,0.0,-0.0010075567602998278,0.0010106115059234598,0.6866880388069754,-0.0020161297151845485,9.891,9.902000000000001,9.919666666666666,0,2,8,9.90121422223325,9.917575884834118,50.0,-0.011252079539941562,-0.016323761742043724,9.944846113868739,9.859153886131264,0.0020491363206232116,0.0016676081823434245,0.0016735497799645594,3694526.0,0.37342943280725993,0,0,-1,0,0,-0.0030211480362537122,-0.7255132854639866,0.04340339745402313,0.026472459208662927,0.0030364372469635637,-0.005020080321285203,1.3456286289762633,0.0020181634712411276,0.0
2021-08-03,9.88,9.91,0.0,-0.0005041593250222219,-0.0030349036951541584,-0.1371228834629869,-0.003031836582120125,9.889999999999999,9.899000000000001,9.917666666666666,1,3,8,9.897357090918113,9.91515163419966,43.75000000000028,-0.012136116938121333,-0.015486232781259247,9.938947333748985,9.859052666251017,0.0022593653638079895,0.0017382283303593064,0.0017449289359304826,3408078.0,-0.9512524725374826,0,0,-1,0,0,-0.0010090817356205638,-0.7627185049192865,0.050776254936691675,0.027593519303866495,0.0,-0.006036217303822755,1.1914610751509458,0.004554655870445337,0.0
2021-08-04,9.9,9.88,-0.0010106115059235032,-0.0005044136298625718,0.0010126583143864074,0.27347788747260127,0.002022245380767649,9.893,9.897,9.916666666666666,2,4,8,9.897837619842093,9.914174109412585,50.0,-0.01109499390890889,-0.014607985006789177,9.932003759196164,9.861996240803837,0.0022388871017921057,0.0018139779471202293,0.0017839532807132372,3784622.0,0.17141016101658604,0,0,-1,0,0,0.0010121457489878326,-0.5868740559845718,0.05151807752078535,0.02879600719101361,0.003039513677811634,-0.004024144869215207,0.304748131336651,0.0030303030303029657,0.0
2021-08-05,9.91,9.9,-0.0020242921892306798,0.0,-0.00101265831438638,-0.46815694585156997,0.0010095912013522745,9.895999999999999,9.897000000000002,9.915666666666665,3,5,8,9.900048961688986,9.913904812031127,52.631578947368325,-0.009355139753155939,-0.01355741595606253,9.932003759196165,9.861996240803839,0.002238779527252476,0.0017049670487469545,0.0017840186274857657,4020397.0,0.7427773644050708,0,0,-1,0,0,-0.0030303030303031452,-0.7728308540573592,0.03473898235402528,0.027065512827265086,-0.0010080645161290036,0.0,-0.5583103566602955,0.004036326942482434,0.0
2021-08-06,9.9,9.91,-0.0010136848308461204,0.0010085729548847497,-0.0010136848308461204,-0.11075919741360253,-0.0010095912013523254,9.898,9.895999999999999,9.913333333333334,4,6,8,9.900040059563716,9.913007727383958,50.0,-0.008683115673825625,-0.01258255589961515,9.929340350138181,9.862659649861817,0.0022765016685057015,0.0017019069478742248,0.001690424427184146,3809342.0,0.23994948963780574,0,0,-1,0,0,-0.005045408678102998,-0.7529674840271114,0.03323977715102282,0.027016935231889,-0.0030211480362537513,-0.002016129032258007,0.23689622426330464,0.006060606060606111,0.0
2021-08-09,9.9,9.9,0.0020263431452324674,0.0,0.001013684830846201,-0.04480696788873303,0.0,9.9,9.8955,9.910666666666666,0,9,8,9.900032776006677,9.912168519165638,52.631578947368325,-0.008057648196587053,-0.011677574359009532,9.928251054622951,9.86274894537705,0.0022765016685057015,0.0016884579909104778,0.0016749743740401167,3809342.0,0.2748003111232147,0,0,-1,0,0,-0.0020202020202019773,-0.7663511992380735,0.03084289124897812,0.026803439658773288,-0.0010090817356205317,-0.0010090817356205317,-0.5866504849820179,0.005050505050505122,0.0
2021-08-10,9.95,9.9,0.0,0.005027662676965616,0.0010126583143864074,1.1397579064077563,0.005037794029957081,9.907,9.8975,9.91,1,10,8,9.909117725823643,9.91460925986463,68.18181818181816,-0.0034871805355418672,-0.010039495594316,9.937957905349036,9.857042094650966,0.0027392735032234264,0.002037740724820928,0.0019286746900904338,4440193.0,2.595290069867664,0,0,-1,0,0,-0.0020202020202019773,0.15389242603317743,0.03691503522362938,0.032348131165828076,0.007085020242914908,0.004036326942482349,1.031205180750429,0.009045226130653252,0.0
2021-08-11,9.96,9.95,0.0070600394107248835,0.0010025063496255707,0.0050479662973046315,-0.6627615589266479,0.0010045204260057121,9.916,9.9005,9.910666666666668,2,11,8,9.918369048401162,9.917537694712074,68.18181818181816,0.0009311309428898795,-0.007845370286874825,9.949693495504675,9.851306504495323,0.0026718375719851865,0.0020243909990256487,0.0018552391865921522,4765350.0,2.4190189938564166,0,0,-1,0,0,0.0,-0.4827388288076327,0.03656298287431496,0.0321362108386768,0.0060606060606061,0.0060606060606061,1.4951986312279617,0.005020080321285212,0.0
2021-08-12,9.97,9.96,0.0,0.0,0.0010065426114014722,-0.3019623434750438,0.001003512377240109,9.921000000000001,9.904,9.911,3,12,8,9.927756494146404,9.92092235956936,69.56521739130429,0.005179880608979559,-0.005240320107703949,9.962183014341505,9.845816985658495,0.0022446773731364645,0.0020288966785135874,0.0018277519477698473,5005760.0,2.268703357739918,0,0,-1,0,0,-0.001004016064257185,-0.6504132161696549,0.03656511794448077,0.0322077362831515,0.006054490413723634,0.007070707070707005,1.4975525010530804,0.004012036108325068,0.0
2021-08-13,9.99,9.97,0.0,0.0010015023370896004,0.0010055305020187962,0.625442942261106,0.0020040086867150406,9.927,9.9085,9.912,4,13,8,9.939073495210694,9.925378981532628,71.99999999999989,0.010045084699402906,-0.0021832391462825776,9.978168387454396,9.838831612545604,0.0022912215051224464,0.0020598087386017546,0.001862783728161719,5455104.0,2.3396551284712825,0,0,-1,0,0,-0.0020060180541626228,-0.16244113727248788,0.030856366646115792,0.03269845002418736,0.009090909090909038,0.009090909090909038,1.5272982433080078,0.004004004004004097,0.0
2021-08-16,9.97,9.99,0.0,-0.0010015023370895213,0.0,-0.21163262409265773,-0.002004008686715143,9.933,9.912,9.912333333333333,0,16,8,9.944696496081477,9.92825775691762,66.66666666666666,0.012146938790767337,0.0006827964411274053,9.986720531948768,9.837279468051234,0.0022896877966996155,0.002130496442426403,0.0019020087074403012,5091467.0,1.552451474509541,0,0,-1,0,0,-0.004004004004004097,-0.2568415685228875,0.040143255603583325,0.033820582534608616,0.007070707070707005,0.007070707070707005,0.21636386298575722,0.003009027081243845,0.0
2021-08-17,9.98,9.97,-0.0010055305020187607,0.0,-0.0010055305020187607,0.14378187715914525,0.0010025063496255707,9.943000000000001,9.916500000000001,9.913666666666666,1,17,8,9.951115314975754,9.931595966148743,70.37037037037076,0.014452984716584183,0.003436834096218761,9.996308982478045,9.836691017521957,0.0019007475206741047,0.0021100892733100277,0.0018696407202045773,5511334.0,1.5912995762718476,0,0,-1,0,0,-0.003009027081243845,0.2062416473503187,0.024123167925097763,0.03349662876794001,0.0030150753768845018,0.009100101112234471,-1.7487949641286058,0.004008016032064221,0.0
2021-08-18,9.95,9.98,0.0010055305020187962,-0.002006018726865743,0.0010055305020187962,-0.5878871779714036,-0.0030105391528712634,9.948,9.9205,9.913999999999998,2,18,8,9.950912530434707,9.932783323171407,55.99999999999991,0.013701847083344987,0.0054898366936440065,9.998494601702346,9.842505398297655,0.0022379696430780993,0.0021811495019766754,0.0019557260233303625,5278098.0,0.7564626103888883,0,0,-1,0,0,-0.00300601202404821,-1.007737811623089,0.0344921958373967,0.034624674926896006,-0.0010040160642571516,0.008105369807497542,-0.5597314720387228,0.0010050251256282978,0.0
2021-08-19,9.94,9.95,-0.0020120731134201197,-0.0010045204260055874,-0.0020120731134201197,0.9616622067606243,-0.0010055305020187607,9.951,9.9235,9.915000000000001,3,19,8,9.948928433992032,9.933248915224864,51.99999999999997,0.012159481734418165,0.0068237657017988385,9.999526311234803,9.847473688765199,0.0022779185206678832,0.002198198096165779,0.001880431813700303,4667943.0,0.4340602544569044,0,0,-1,0,0,-0.0020100502512562387,1.9108577244473928,0.03299408067669931,0.034895312969461786,-0.0030090270812438424,0.006072874493926905,0.23707825923342224,0.002012072434607603,0.0
2021-08-20,9.95,9.94,0.0,0.002008032803245613,0.0,1.5231029454250955,0.0010055305020187962,9.956,9.927,9.916,4,20,8,9.949123264175299,9.934329630371648,58.33333333333321,0.011610227039566823,0.007781057969352436,10.001012801168537,9.852987198831462,0.0022375635501224265,0.0022023565787565812,0.0018803812628919992,7466379.0,0.6215141066644861,0,0,-1,0,0,-0.0010060362173038016,4.134534134716913,0.028470232098233482,0.03496132683406171,-0.004004004004004136,0.007085020242914908,-0.050403259108615574,0.004020100502512656,0.0
2021-08-23,9.97,9.95,0.002012073113420235,0.0,0.0010065426114014722,-0.5983080240585366,0.002008032803245613,9.963,9.9315,9.918000000000001,0,23,8,9.952919034325243,9.93663094454122,69.56521739130429,0.012643030602980332,0.008753452496078016,10.004416679197801,9.858583320802198,0.0022769786368273637,0.002230963881289384,0.0018995620566136136,9004794.0,1.0559998185205943,0,0,-1,0,0,0.0,1.6520866016234095,0.03185263496394511,0.03541545368315481,0.0,0.009109311740890691,-0.9339086768520173,0.003009027081243845,0.0
2021-08-24,9.96,9.97,0.0,0.0,0.0010055305020187962,-2.0529769767633947,-0.0010035123772400224,9.964,9.935500000000001,9.919666666666668,1,24,8,9.954206482629743,9.93813862553856,63.636363636363704,0.012510406265450413,0.009504843249952495,10.005228797946977,9.865771202053025,0.0017338857775051452,0.002252916266645175,0.001912043490445196,8807335.0,0.7027225686187875,0,0,-1,0,0,-0.0020060180541626228,-0.5247862434859263,0.031053082787502344,0.035763936997171286,-0.002004008016032066,0.00809716599190291,-0.07679642878278964,0.0020080321285141918,0.0
2021-08-25,9.96,9.96,0.0,0.0,0.0,0.8380971618530761,0.0,9.964,9.940000000000001,9.921666666666669,2,25,8,9.955259849424335,9.939549036794137,61.90476190476202,0.012263929576324273,0.010056660515226851,10.003245553203154,9.876754446796848,0.001704595112769961,0.00223064836679571,0.001899428761433179,8807335.0,0.6324555320358064,0,0,-1,0,0,-0.001004016064257185,-0.10294288695291337,0.02079693763085044,0.03541044504584303,0.0010050251256283893,0.009118541033434902,0.5414502268549888,0.0020080321285141918,0.0
2021-08-26,10.0,9.96,0.002008032803245613,0.003004509020298722,0.0010045204260057121,1.7240472945976337,0.004008021397538647,9.967,9.943999999999999,9.925,3,26,8,9.963394422256274,9.943449098936451,70.83333333333324,0.015121944368873486,0.011069717285956179,10.011869844477845,9.876130155522153,0.002117556257453785,0.0021263870233956816,0.002022172753251131,11367112.0,1.6502174251564714,0,0,-1,0,0,0.0010040160642570066,2.5317890730400925,0.030655787570833638,0.033755347529879146,0.006036217303823088,0.008064516129032251,0.5887285153748297,0.003999999999999915,0.0
2021-08-27,9.99,10.0,0.0,0.0,0.001003512377240109,-0.046105723851554196,-0.0010005003335835344,9.967,9.947000000000001,9.928,4,27,8,9.96823180002786,9.946452382876036,67.99999999999997,0.016391079099573602,0.012133989648679663,10.017516888607775,9.876483111392227,0.0020614826514253246,0.0021436928098099465,0.0020361139984008386,8922676.0,1.2195660032356879,0,0,-1,0,0,-0.002999999999999936,1.9913003526364517,0.03454121623195999,0.03403006837244641,0.004020100502512669,0.0060422960725075026,0.9127843056716062,0.003003003003002939,0.0
2021-08-30,10.0,9.99,0.003004509020298722,0.0009995003330834232,0.0020040086867150406,0.38822631116569223,0.001000500333583622,9.97,9.951500000000001,9.931333333333333,0,30,8,9.97400783638643,9.949907067851775,61.90476190476202,0.01799634330055433,0.013306460379054598,10.02354530738198,9.879454692618022,0.0019530064106613875,0.00207711933959262,0.002039165015804232,12526663.0,1.346374989917261,0,0,-1,0,0,0.0010010010010009797,2.54556069165926,0.033032611157576844,0.03297324729578875,0.0030090270812437314,0.00908173562058523,1.4498139729431525,0.0019999999999999575,0.0
2021-08-31,10.0,10.0,-0.0020020026706730793,0.0,-0.002004008686715143,-1.7124760168520925,0.0,9.972,9.9575,9.935,1,31,8,9.97873368431617,9.953138869925855,59.99999999999982,0.019048942394762847,0.014454956782196248,10.02426746765317,9.89073253234683,0.001938720029693613,0.0019139621960876962,0.002024439909771896,12526663.0,1.273075091623071,0,0,-1,0,0,-0.0019999999999999575,-0.26381468001408953,0.03064171968373061,0.030383207937762512,0.00401606425702794,0.012145748987854255,1.5216078042573478,0.003999999999999915,0.0
2021-09-01,9.99,10.0,0.0020020026706729687,-0.0009995003330834993,0.0010025063496255707,0.6373356259837226,-0.0010005003335835344,9.976,9.962,9.939,2,1,9,9.980782105349594,9.955517007349995,54.999999999999915,0.018858825532451107,0.01533573053224722,10.024441551617466,9.899558448382534,0.0016525781698396508,0.001915441644095166,0.001991101421174895,11296803.0,0.8968387003428723,0,0,-1,0,0,0.0,0.2488340744400653,0.0330234012433404,0.030406693446795002,0.003012048192771122,0.009090909090909038,1.4506562293610816,0.0020020020020019595,0.0
2021-09-02,9.98,9.99,0.0,0.0,0.0,-0.2520169616711302,-0.0010015023370895213,9.98,9.9655,9.942333333333332,3,2,9,9.98063990437694,9.957096555262899,47.368421052631625,0.01769723738639506,0.01580803190307679,10.023347349026984,9.907652650973017,0.0016521977899293548,0.0019373926703599787,0.0020037987343542447,10340917.0,0.5013194292874509,0,0,-1,0,0,0.0010010010010009797,-0.04868451417705284,0.014207476148274691,0.030755155185911053,-0.0020000000000000018,0.007063572149344166,1.2582240676961056,0.0020040080160320215,0.0
2021-09-03,10.0,9.98,-0.0020020026706730793,0.0009995003330834232,0.0,0.7320626127813722,0.0020020026706729687,9.985,9.970500000000001,9.946333333333333,4,3,9,9.98415992176295,9.959864519439487,57.89473684210511,0.018180924880097038,0.01628261049848084,10.02137652752113,9.919623472478872,0.0017213679431866795,0.0019429798532673928,0.0020254401166093093,12328553.0,1.1596703406201194,0,0,-1,0,0,0.0,0.8631525859765478,0.020725882518607852,0.030843848964925744,0.0010010010010010895,0.010101010101010166,0.5429814810806203,0.002999999999999936,0.0
2021-09-07,10.0,10.0,0.0020020026706729687,-0.0001698445926063401,0.0010015023370896004,-0.7808523584909499,0.0,9.988,9.9755,9.950333333333333,1,7,9,9.987039935987868,9.9624539052821,55.55555555555545,0.018352692291058403,0.01669662685699635,10.015749223594714,9.935250776405287,0.0016412930640296263,0.0019429798532673928,0.0020254401166093093,12328553.0,1.2174147877583943,0,0,-1,0,0,0.0,-0.21686519569526408,0.01947144338267417,0.030843848964925744,0.0,0.010101010101010166,1.3624610710508178,0.0018299999999999983,0.0
2021-09-08,9.99,10.0,0.0,0.00016984459260638437,0.0,0.29711737719248515,-0.0010005003335835344,9.991000000000001,9.9775,9.954,2,8,9,9.987578129444618,9.964231072683255,62.50000000000042,0.017480399609720365,0.016853381407541154,10.016365490036367,9.93863450996363,0.0016410275439306845,0.0016462776983239842,0.002040499015117859,11103222.0,0.6432441730853938,0,0,-1,0,0,0.0,0.06484770791912653,0.020727105060366412,0.026133848272302466,-0.0010000000000000009,0.004020100502512669,1.7153875291455678,0.0020020020020019595,0.0
2021-09-09,9.78,9.99,-0.0030045090202986133,0.0,-0.024317307650706357,0.4208293624314379,-0.021245108613736265,9.973,9.9685,9.951,3,9,9,9.949836651363777,9.952345197026272,27.77777777777773,-0.00015436416750880255,0.013451832292531165,10.065023790358854,9.871976209641147,0.006949250442685189,0.005010540469297633,0.0044065455065179174,9236768.0,-3.9057728524584805,0,0,-1,0,0,-0.0020020020020019595,0.6299890067467818,0.15050464969854382,0.07953986409471842,-0.021021021021021102,-0.01807228915662662,-2.140102374479361,0.0265848670756646,0.0
2021-09-10,9.73,9.78,-0.010080730528356898,-0.008024115270048055,-0.004111002706522206,-0.3124589303310854,-0.0051255878488122054,9.946,9.956500000000002,9.944666666666667,4,10,9,9.909866351115816,9.938000345605221,22.500000000000043,-0.01795761938707585,0.007169941956609761,10.1003237225143,9.812676277485703,0.00669527084248464,0.005074504445358712,0.004371187270214389,7871185.0,-3.1496890226503833,0,0,-1,0,0,0.009202453987730048,0.07439102117904087,0.1477989445716166,0.08055526073586544,-0.02505010020040077,-0.02407221664994985,-1.834114962675849,0.0226104830421376,0.0
2021-09-13,9.57,9.73,-0.012232568435634295,-0.00403633242246037,-0.09954157060614811,0.339405868638828,-0.016580690733050824,9.904,9.935500000000001,9.932666666666666,0,13,9,9.848072469094758,9.91425838782424,12.962962962962749,-0.044464926246998715,-0.003157031684111934,10.159198575390082,9.71180142460992,0.007924613035625803,0.006044350317264764,0.0052232233109706155,5953752.0,-3.267790144507164,0,0,-1,0,0,0.0020554984583761125,0.5739336404160384,0.15052056571784303,0.09595108665862155,-0.04299999999999993,-0.04204204204204198,-0.5654539456361639,0.11494252873563233,0.0
2021-09-14,10.19,9.57,-0.01758969302698666,0.06317890162153146,0.08397301536622453,0.5579336297566274,0.06277364176977038,9.923,9.9465,9.942,1,14,9,9.910241111077529,9.932048169254935,59.999999999999964,-0.015267346991985065,-0.005579094745686561,10.197332298767996,9.695667701232004,0.023327737349225292,0.01613841514017256,0.01312821221686174,9303620.0,1.9415362470940853,0,0,-1,0,0,0.0010449320794148158,1.7885757140269058,0.5525757172740338,0.2561893980936972,0.018999999999999906,0.02206619859578729,1.9362251582510437,0.09568204121687926,0.0
2021-09-15,9.39,10.19,0.0399029919909779,-0.04812593299256931,-0.03512867854854909,-0.7965000814014123,-0.08176155401446182,9.862,9.916999999999998,9.925666666666668,2,15,9,9.815651818154342,9.897077319625584,35.384615384615344,-0.05603542766692193,-0.015670361329933637,10.26944111116905,9.564558888830947,0.034605565841227745,0.02404781923804956,0.019577501102529045,7793150.0,-2.9905705282333925,0,0,-1,0,0,-0.021589793915603422,-0.06056684565612036,0.8119793230636497,0.3817472956638835,-0.06006006006006004,-0.059118236472945895,0.4197468503004183,0.08626198083067078,0.0
2021-09-16,9.92,9.39,-0.03677636099154596,-0.01202419296680159,0.004324331063002803,-0.38739854634383025,0.05490762807660991,9.855,9.9155,9.926333333333332,3,16,9,9.834624214853552,9.898556202230386,48.36065573770491,-0.045058448963049,-0.02154797885655671,10.267604948469646,9.563395051530353,0.03984834377857189,0.027449806851791474,0.022254029505723395,8818488.0,0.025560560960920967,0,0,-1,0,0,0.023429179978700622,-0.6148665542350878,0.9308450618973959,0.43575217479958245,0.014314928425357865,-0.0030150753768843908,-0.4376288857416825,0.06552419354838714,0.0
2021-09-17,9.48,9.92,0.029730534158343216,0.008032171697264253,0.00966191091173689,-0.13925316646748584,-0.04536860502985095,9.805000000000001,9.8925,9.912,4,17,9,9.770147084880179,9.87155257628004,41.1149825783972,-0.07104448047467926,-0.031447279180181226,10.294436103850991,9.490563896149009,0.04225672149324157,0.029205991680767613,0.023699023625514768,7926436.0,-2.052565052244842,0,0,-1,0,0,-0.0020161290322580215,-0.7809859130041117,0.9951355412822503,0.46363074468199467,-0.025693730729701936,-0.046277665995975714,0.07928719625429465,0.06751054852320681,0.0
2021-09-20,8.72,9.48,-0.05182506786458602,-0.06187540371808741,-0.07657649969705015,0.6229701009357463,-0.0835650783460422,9.677000000000001,9.831,9.872666666666667,0,20,9,9.579211251265601,9.797258861681328,32.320441988950265,-0.15122106379034683,-0.05540203610221435,10.490055145045153,9.171944854954846,0.04842904646559033,0.03401650510561884,0.027739008969894365,6263243.0,-3.3714932911232576,0,0,-1,0,0,-0.008438818565400852,0.10676151463121163,1.1392823282756783,0.5399952778861584,-0.08881922675026122,-0.12361809045226113,0.4491239312247255,0.08371559633027527,0.0
2021-09-21,8.99,8.72,-0.04459684079242929,-0.008547060578458408,0.005750447128437938,-0.059774135244584824,0.030493610562640598,9.576,9.782,9.842333333333334,1,21,9,9.472081932853673,9.745177644798662,37.01799485861181,-0.19077569671526895,-0.08247676822482528,10.536372517219972,9.027627482780028,0.05027440925999601,0.03497861272170554,0.028453763144210383,7829933.0,-2.0997583605476318,0,0,-1,0,0,0.030963302752293528,-0.0024975924377103947,1.0048898270395537,0.555268262806038,-0.11776251226692824,-0.09829488465396197,0.48773663513623455,0.06674082313681864,0.0
2021-09-22,8.85,8.99,0.0011117288526904154,0.0032137146030958245,0.009132483563272474,-0.33862213102489186,-0.015695389463690774,9.462,9.7265,9.805666666666667,2,22,9,9.358976126880277,9.687424248360038,35.82089552238804,-0.23075980289046072,-0.11213337515795237,10.582248979426456,8.870751020573543,0.050213695655352115,0.03505205803790689,0.02850636268001798,6713272.0,-2.048497914861553,0,0,-1,0,0,0.0011123470522802878,-0.5901850364968814,0.8776388311344996,0.5564341710558257,-0.057507987220447365,-0.11144578313253029,-0.01087902345663572,0.06214689265536712,0.0
2021-09-23,9.38,8.85,0.0,0.011696039763191456,0.01801850550267843,-0.07266865672437249,0.058162303998295244,9.422,9.6975,9.786333333333333,3,23,9,9.362798649265681,9.667590425885198,43.392070484581495,-0.2171774381799665,-0.1331421877623552,10.559221044128947,8.835778955871053,0.054717793612325684,0.03796538777709228,0.030764751393862484,7751665.0,-0.7368974035464974,0,0,-1,0,0,0.016949152542372923,-0.7462019582470513,0.8943788794472799,0.6026818469179049,-0.05443548387096764,-0.05823293172690758,0.04223365294236104,0.053304904051172705,0.0
2021-09-24,9.28,9.38,0.04348511193973889,-0.00317628641842093,0.017151181143787102,-0.9086356368844893,-0.01071821622002426,9.377,9.6615,9.763333333333334,4,24,9,9.347744349399193,9.642584591957121,42.2077922077922,-0.2120382357637105,-0.14892139736262627,10.530141407450039,8.792858592549962,0.054771860334992345,0.0379786389333811,0.030805235524051185,7333116.0,-0.8783831779788674,0,0,-1,0,0,0.0021321961620468627,-1.3547689029039087,0.8429949554218497,0.6028922025026505,-0.021097046413502185,-0.07200000000000006,-0.47400381629832605,0.033943965517241326,0.0
2021-09-27,9.07,9.28,-0.010695289116747919,-0.013881696486155748,-0.008262233726541376,0.5835178768182657,-0.022889282671063896,9.327,9.6155,9.732666666666667,0,27,9,9.297245376781158,9.605643650540534,40.37267080745341,-0.2223475417251759,-0.16360662623513622,10.508006228785543,8.722993771214458,0.054970559793791375,0.038224707915956786,0.03102441959313001,6582937.0,-1.2224004324144102,0,0,-1,0,0,0.002155172413793249,-0.8620902105252181,0.5646535556065674,0.6067984265022223,0.04013761467889898,-0.09209209209209213,0.9021127194447296,0.02866593164277856,0.0
2021-09-28,9.07,9.07,-0.02173998663640599,0.007498696091120384,-0.013363227812167028,-0.041324556424252125,0.0,9.215,9.568999999999999,9.702666666666666,1,28,9,9.25592803554822,9.571085995666952,40.45643153526971,-0.22789075817105164,-0.17646345262231933,10.473978045677256,8.664021954322742,0.04951211042617408,0.038218305281783015,0.031028227313322977,6582937.0,-1.1027891834139756,0,0,-1,0,0,0.00330760749724359,-0.9014056929151754,0.5283138112233765,0.606696787835665,0.008898776418242438,-0.09299999999999997,1.9085745276596988,0.049614112458654824,0.0
2021-09-29,9.0,9.07,-0.0033021493957589992,-0.02705425713648654,0.0,0.05916418385571232,-0.007747686790825938,9.176,9.519,9.67,2,29,9,9.209395665448543,9.534241737881986,41.66666666666667,-0.23522073392584275,-0.18821490888302403,10.434156587119,8.603843412881,0.043383149820880186,0.03821295256281993,0.031033393327880916,5819255.0,-1.1342321244364568,0,0,-1,0,0,0.0,-0.8500952326310963,0.5144220105094942,0.606611816056379,0.016949152542372836,-0.09999999999999998,1.8816038963992816,0.022211111111111057,0.0
2021-09-30,8.88,9.0,-0.008859415643516347,-0.00438464650064222,-0.007878487572079939,-0.3624200527551854,-0.013423020332140548,9.072,9.4635,9.634333333333334,3,30,9,9.149505544457899,9.492032593502504,41.05263157894737,-0.2478556638314391,-0.20014305987270706,10.392908980283437,8.534091019716563,0.037965077093868996,0.038252052270858664,0.031091036131550034,5287740.0,-1.255636673151257,0,0,-1,0,0,-0.0011111111111110875,-1.115008370220292,0.13102159483510264,0.6072325046792134,-0.05330490405117272,-0.11111111111111105,-0.24214834574482344,0.025900900900900945,0.0
2021-10-01,8.39,8.88,-0.011185798957715628,-0.01442066032643798,-0.06899287148695143,0.5294638632542984,-0.056761036524963934,8.963,9.384,9.582666666666666,4,1,10,9.011413627283735,9.420933716502343,38.38582677165354,-0.2940185785571181,-0.21891816360958927,10.395749917092537,8.372250082907463,0.039177135302453835,0.03982713559534473,0.03249396437758172,4385216.0,-1.9649124417157464,0,0,-1,0,0,0.001126126126126102,-0.5562088036917926,0.3404329555724734,0.6322361773039833,-0.09590517241379293,-0.1593186372745491,-1.4645876309388757,0.0822407628128724,0.0
2021-10-04,7.85,8.39,-0.06266551066304916,-0.06640245457563376,-0.05472724533364407,-0.2645679619280244,-0.06652698868479781,8.876,9.2765,9.512666666666666,0,4,10,8.800247513232147,9.319583154147354,26.60000000000001,-0.36991238834439066,-0.24911700855654956,10.455692855080791,8.09730714491921,0.03631010985914193,0.04168175949876902,0.034215142102111705,3692495.0,-2.4194515661346454,0,0,-1,0,0,-0.004767580452920253,-0.7836958606538308,0.4676512514869687,0.6616774190480825,-0.13450937155457554,-0.21500000000000008,-0.5455100810414899,0.07068789808917197,0.0
2021-10-05,7.82,7.85,-0.06813780516721803,-0.058388318238154234,-0.007715008004115315,-0.4558750922281435,-0.0038289772370972393,8.759,9.1675,9.441,1,5,10,8.622020692644483,9.222835853879783,31.442080378250594,-0.4275509870284999,-0.28480380425093965,10.462443607794684,7.872556392205317,0.033523941858305754,0.04163645105465501,0.034176976675730296,3253384.0,-2.0811717080017433,0,0,-1,0,0,-0.0063694267515923345,-1.0991253012956546,0.4537552403152283,0.6609581697955809,-0.13781697905181922,-0.21799999999999997,-0.6041831831158142,0.01790281329923281,0.0
2021-10-06,7.92,7.82,-0.0038535693159899662,0.0075662403833158766,0.0012878301844286859,-0.32842474317510206,0.012706651269114662,8.666,9.064,9.373,2,6,10,8.494380566709122,9.138781927823024,23.68421052631578,-0.45985984939321867,-0.3198150132793955,10.411955957425084,7.716044042574916,0.03449940957866883,0.041930647165095675,0.03435953721468666,3569569.0,-1.6973848347171703,0,0,-1,0,0,-0.006393861892583211,-1.1663557358695518,0.5308204059147075,0.6656283882650319,-0.12,-0.2072072072072072,-0.2937415430015137,0.02398989898989904,0.0
2021-10-07,8.08,7.92,0.02917137730027987,0.017435061822101347,0.017225306281879342,0.44513863435527823,0.020000666706669435,8.536,8.979000000000001,9.310333333333334,3,7,10,8.419038645489282,9.070473416350572,30.11363636363636,-0.4671689597998423,-0.3492858025834849,10.351034984976648,7.606965015023353,0.026961768035651187,0.042407133991276894,0.034698429871646945,4063041.0,-1.31046221101323,0,0,-1,0,0,0.01010101010101011,-0.8277633129997309,0.6219540050788628,0.6731923821354757,-0.09009009009009017,-0.17382413087934556,-0.42875477112993693,0.024133663366336558,0.0
2021-10-08,8.0,8.08,0.01611938187988339,0.012879662863661238,-0.008256636299118932,1.0752645417184603,-0.009950330853168092,8.408,8.8925,9.243666666666666,4,8,10,8.342849800854866,9.001410615295695,37.323943661971825,-0.47395337439420615,-0.37421931694562915,10.28318896215996,7.501811037840041,0.026974770698855767,0.04239968743445708,0.03464791917869463,2616789.0,-1.2835364690229611,0,0,-1,0,0,0.006188118811881276,0.5243073977407176,0.5276976512256939,0.6730741717106621,-0.04648390941597147,-0.1778006166495375,-1.5205417518344995,0.04562500000000003,0.0
2021-10-11,7.99,8.0,-0.016119381879883415,0.004256619379326148,0.013933094303924191,-0.6254004190616439,-0.0012507819016526025,8.3,8.813500000000001,9.177,0,11,10,8.278695291608527,8.936158317534684,30.620155038759705,-0.47466534167589813,-0.394308521891683,10.221541192579199,7.405458807420803,0.02709663531960148,0.042393132496103894,0.034646500187956245,1842976.0,-1.1697100970342267,0,0,-1,0,0,0.0,-0.3643876469316789,0.19778284633037868,0.6729701152902107,0.017834394904458595,-0.16509926854754442,0.5087323612519647,0.0362953692115144,0.0
2021-10-12,8.0,7.99,0.004987541511038968,-0.002430134853291782,-0.019048194970694474,-0.4113312385972557,0.0012507819016526766,8.193,8.704,9.110333333333333,1,12,10,8.228023420406975,8.875761006725995,32.65306122448982,-0.4690161383589775,-0.4092500451851419,9.997260261997946,7.410739738002055,0.0271623535671707,0.038877111371421,0.034648483770097924,2355834.0,-1.0887213048863,0,0,-1,0,0,0.0062578222778471755,-0.8999804640766025,0.18886219278180194,0.6171550102880473,0.023017902813299296,-0.21491658488714427,0.2546341861420607,0.0525000000000001,0.0
2021-10-13,7.73,8.0,0.013588844061896579,-0.008552281815317253,-0.015491165787402216,-0.23987951888859305,-0.03433267908050528,8.065999999999999,8.620999999999999,9.034666666666668,2,13,10,8.137473707605707,8.80184094177593,12.328767123287648,-0.4807836726450496,-0.42355677067712344,9.941668092491879,7.300331907508118,0.027928877687630697,0.035985167874101456,0.03496574160904193,1952357.0,-1.3493170692400545,0,0,-1,0,0,0.018750000000000044,-1.0738176664706096,0.31131711788164484,0.5712468304906999,-0.023989898989898895,-0.17678381256656017,-0.4977830425935781,0.060789133247089254,0.0
2021-10-14,7.33,7.73,-0.052909064653440786,-0.03954469200913182,-0.060393531737470474,0.7736128521493768,-0.053133346700770495,7.911,8.4915,8.946,3,14,10,7.990660306222852,8.706883461661354,10.84337349397589,-0.5164330664857602,-0.4421320298388508,9.783471565598717,7.199528434401284,0.030259011823538906,0.033678272039925974,0.035834674203552665,1077787.0,-1.79802718717226,0,0,-1,0,0,0.0,0.1513782261195184,0.36354364607957296,0.5346259944241446,-0.0928217821782178,-0.2610887096774194,-0.8039475751601699,0.08240109140518406,0.0
2021-10-15,7.1,7.33,-0.04498112763922034,-0.05027262576105007,-0.028052330348099796,0.01461871791408379,-0.03188073185129046,7.782000000000001,8.3725,8.85,4,15,10,7.828722068727787,8.603213560909008,10.756972111553779,-0.5568258044921777,-0.46507078476951624,9.718415849406643,7.026584150593358,0.02790437428538268,0.03319368428125347,0.036010876624524464,190338.0,-1.8909057361364647,0,0,-1,0,0,0.008185538881309632,0.18515805340398725,0.3613507590637645,0.5269334022371428,-0.11250000000000004,-0.25105485232067515,0.045796873044540734,0.05914084507042256,0.0
2021-10-18,6.92,7.1,-0.02743656322715501,-0.034119583460579736,-0.0170723607133164,-0.163019696720339,-0.025679014417691506,7.688999999999998,8.2825,8.747333333333334,0,18,10,7.6634998744136436,8.494619137624557,10.037174721189572,-0.5964859176938759,-0.49135381135438816,9.764431527646051,6.800568472353949,0.022655899858107825,0.02948244285692025,0.036025678073318926,-563616.0,-1.8388164022183136,0,0,-1,0,0,0.012676056338028275,-0.048447890577488585,0.30440600051175143,0.4680192710525018,-0.1339173967459324,-0.20642201834862395,0.7261865701410162,0.041763005780346904,0.0
2021-10-19,6.69,6.92,-0.041169760129741585,-0.030702650631196298,-0.04604469607687743,0.39627568355665,-0.03380189548944103,7.5760000000000005,8.1675,8.637,1,19,10,7.486499897247526,8.378192096487489,9.473684210526315,-0.639108673989293,-0.5209047838813692,9.77029853939742,6.56470146060258,0.023332870704088102,0.02812800917183814,0.0361685466214741,-1684202.0,-1.8436502950089706,0,0,-1,0,0,-0.0028901734104045626,1.2899930440266436,0.1570037004085273,0.44651830286416555,-0.16374999999999995,-0.25583982202447164,-1.5653803029790243,0.05714499252615855,0.0
2021-10-20,6.68,6.69,-0.03540192705091595,-0.03829022085575532,0.0,-0.683210862982262,-0.0014958865915828024,7.452,8.059000000000001,8.526666666666667,2,20,10,7.339863552293431,8.26863131606894,9.854014598540132,-0.6660170024373908,-0.5499272275925735,9.75816264207117,6.359837357928831,0.021814525199800098,0.028269963380820533,0.03616315290844284,-2250090.0,-1.623152446806492,0,0,-1,0,0,-0.004484304932735463,-0.555205724696418,0.2873033676800878,0.44877175607132336,-0.13583441138421737,-0.24519774011299433,0.5334661519320191,0.017964071856287442,0.0
2021-10-21,6.79,6.68,0.007479466431292653,0.024982930490509047,0.004535155165391363,0.08528900042759997,0.01633295402205045,7.323,7.9295,8.427,3,21,10,7.239888360967352,8.1732357472903,16.101694915254228,-0.6707341600256473,-0.5740886140791883,9.599286938819551,6.259713061180449,0.021134539947923994,0.023614682238907177,0.036511339831329606,-1633820.0,-1.3648447876895777,0,0,-1,0,0,0.004491017964071893,-0.3086977110584211,0.34420213375997727,0.3748714589637742,-0.07366984993178716,-0.27611940298507465,0.9011637446323965,0.03829160530191455,0.0
2021-10-22,6.71,6.79,-0.0014914245866700204,-0.01314847284350621,-0.004111002706522206,0.1291250872290021,-0.011851990587014293,7.194,7.801,8.326333333333332,4,22,10,7.143545022609651,8.078833441013508,20.0,-0.6731680110133045,-0.5939044934660116,9.428201666406968,6.173798333593032,0.02107222891602814,0.023603281456307464,0.03649178551360702,-2335032.0,-1.3409524123817333,0,0,-1,0,0,-0.013254786450662718,-0.04636131709264543,0.31206996755227456,0.3746904771507121,-0.05492957746478866,-0.2769396551724137,0.4386665609489049,0.02938897168405359,0.0
2021-10-25,6.24,6.71,0.008915363657952329,0.0,-0.06617553002164953,0.9791728903571321,-0.07261876860225411,7.019,7.6594999999999995,8.215333333333334,0,25,10,6.979264109407896,7.96019902546425,16.239316239316224,-0.7048963214906623,-0.6161028590709418,9.314024577921726,6.004975422078273,0.025943318349990592,0.026524608883073255,0.03801441384451916,-4201836.0,-1.7159007716682628,0,0,-1,0,0,0.007451564828613983,2.9942409303248287,0.5276641263684866,0.42106511236719935,-0.09826589595375723,-0.3120176405733186,-0.8171457398829259,0.09935897435897437,0.0
2021-10-26,6.33,6.24,-0.04849434993861038,-0.025317807984289897,0.019231361927887592,-0.4222123597398447,0.014320053774748471,6.851999999999999,7.522499999999999,8.086666666666666,1,26,10,6.861216089515551,7.855024894789137,15.879828326180274,-0.7145421907080722,-0.6357907253983679,9.138575493286028,5.90642450671397,0.027651910508032913,0.02723161030300573,0.03546704901351771,-2977969.0,-1.4757973930725747,0,0,-1,0,0,0.032051282051282076,1.1300775864139425,0.5599389038829199,0.4322884119694646,-0.053811659192825156,-0.30209481808158767,-1.6663111222782456,0.05213270142180096,0.0
2021-10-27,5.39,6.33,-0.025158559636154987,-0.05105517080028418,-0.19189100781010526,2.148711147865788,-0.16075485123517905,6.618,7.3420000000000005,7.953333333333333,2,27,10,6.593722255058179,7.695991030609194,6.752411575562704,-0.788942319688001,-0.6664210442562946,9.06604176283513,5.617958237164871,0.048588656834132125,0.03985154391795898,0.04155886679678334,-13471161.0,-2.264446305279752,0,0,-1,0,0,-0.007898894154818297,4.184741001977978,1.1118207154190927,0.6326236474133285,-0.19311377245508987,-0.4011111111111112,-1.14889273247708,0.20408163265306117,0.0
2021-10-28,5.64,5.39,-0.10218086274044665,-0.08961215868968717,0.04879016416943204,-0.7012422275649748,0.04533868058906177,6.449000000000001,7.18,7.810666666666666,3,28,10,6.420318208683964,7.563346447989247,14.024390243902431,-0.8182992034222698,-0.6967966760894896,8.904437360568936,5.455562639431063,0.054245374995552084,0.042855980280113636,0.04097847569707338,-8266865.0,-1.7860898113363937,0,0,-1,0,0,0.051948051948052,1.5635209010091542,1.2221560057109049,0.6803175960784134,-0.1693667157584684,-0.3648648648648649,-0.8316878460599197,0.0531914893617021,0.0
2021-10-29,5.7,5.64,-0.00885745383406094,0.0017346058122083715,0.01814931850567727,-0.13072031043720736,0.010582109330537008,6.309,7.0455,7.684666666666668,4,29,10,6.289351261650515,7.443130548118973,15.615615615615624,-0.8271879390725116,-0.722874928686094,8.792045161168078,5.298954838831921,0.05526686019087316,0.04266137060242842,0.04097944524309533,-3700287.0,-1.5407560364487087,0,0,-1,0,0,-0.0035460992907800663,1.1707812109823323,1.2575746610027043,0.6772282632191242,-0.15052160953800298,-0.3206197854588796,-0.9817778387540812,0.036842105263157884,0.0
2021-11-01,6.41,5.7,0.08031641781620585,0.15687042436443036,0.09104997345931472,0.61764441344885,0.11739309609207416,6.258,6.9735,7.607666666666668,0,1,11,6.311287395895876,7.376476964369363,30.272952853598028,-0.7680872283817042,-0.731917388625216,8.699002520243896,5.247997479756103,0.07163698086505893,0.0518367544527945,0.046582361575975215,4768680.0,-0.6531430622545248,0,0,-1,0,0,0.06842105263157888,2.228104066520005,1.5792683214849252,0.8228829663288859,0.027243589743589647,-0.18343949044585983,-1.0032613558278491,0.10296411856474261,0.0
2021-11-02,6.5,6.41,0.057432049085875604,0.019076147060813887,0.04652001563489291,-1.3064860478868314,0.013942905969012667,6.239,6.907500000000001,7.524666666666667,1,2,11,6.345598778460261,7.319930063442308,34.02597402597402,-0.7058506347819931,-0.7267040378565714,8.597281985314776,5.217718014685224,0.07114372042140979,0.0520799345535053,0.04618073563441438,7061821.0,-0.48231074013265757,0,0,-1,0,0,0.006240249609984405,0.04016442907817504,1.579195549634521,0.8267433307505684,0.026856240126382325,-0.1687979539641944,-0.9995657830512448,0.07692307692307693,0.0
2021-11-03,6.54,6.5,0.0,-0.014641549992948005,-0.015798116876591176,-0.06737938933727997,0.006134988567515929,6.225,6.838500000000001,7.447666666666667,2,3,11,6.38094445510385,7.269611994833127,38.68194842406878,-0.6458550057818551,-0.7105342314416282,8.465745331356233,5.211254668643768,0.07117331422431519,0.05196234050780368,0.04625580082341089,9205542.0,-0.36687768494159995,0,0,-1,0,0,-0.007692307692307665,-0.04521369764615027,0.7886410285095441,0.8248765831470376,0.2133580705009277,-0.1742424242424242,1.7426944407255152,0.0764525993883792,0.0
2021-11-04,6.52,6.54,0.06744128079553269,0.020438667677273956,0.026710150327573862,0.24691624329478956,-0.003062789530545767,6.1979999999999995,6.7605,7.352333333333334,3,4,11,6.406227281448604,7.2212499306503455,41.15853658536586,-0.5930851539352293,-0.6870444159403485,8.28338472798713,5.23761527201287,0.07094596545188729,0.05155150284264522,0.04441533434210008,6461425.0,-0.31584793724720217,0,0,-1,0,0,0.05504587155963308,0.13014519117749815,0.8411925580989056,0.8183547373996714,0.15602836879432624,-0.19306930693069313,2.1528686130894004,0.07208588957055212,0.0
2021-11-05,6.29,6.52,-0.047486666265987895,-0.03829628507728044,-0.039530838756635205,-0.46861755031303687,-0.03591330522621233,6.156000000000001,6.675,7.252666666666667,4,5,11,6.3850950484579485,7.161169289963227,40.54054054054054,-0.5633300260903207,-0.662301537970343,8.09329400856678,5.25670599143322,0.0717012402586744,0.05187626711296989,0.044634219217185196,4743973.0,-0.5429057694307706,0,0,-1,0,0,0.009202453987730138,-0.2451681012067032,0.9636228681258394,0.8235102103636619,0.10350877192982444,-0.21375,1.6809240207320688,0.07313195548489665,0.0
2021-11-08,6.14,6.29,-0.01069528911674803,-0.016654434905137235,-0.01790121032924029,0.33418392544510106,-0.024136328553298114,6.146,6.5825000000000005,7.154999999999999,0,8,11,6.340532312374685,7.09528740028818,41.53846153846153,-0.5455637005583798,-0.6389539704879503,7.875458663400625,5.289541336599376,0.06838979544735427,0.051906893164347136,0.044644871545809435,2345036.0,-0.6844766387754063,0,0,-1,0,0,0.03497615262321141,-0.028766832703512962,0.32773015171833025,0.8239963838571664,-0.04212168486739476,-0.23153942428035046,-0.4061256710653517,0.07491856677524429,0.0
2021-11-09,6.06,6.14,-0.055262678675049415,-0.05491575759611465,-0.03849847813288436,-0.11459566506477105,-0.013114942077828018,6.119,6.4855,7.054666666666666,1,9,11,6.289526437397469,7.028494664785717,40.662650602409634,-0.53180873097571,-0.6175249225855023,7.610928105678987,5.360071894321013,0.06832207341820591,0.05181637731691315,0.044588077179034916,205840.0,-0.7561566977986398,0,0,-1,0,0,0.0032573289902280886,-0.15518773154869228,0.2603986848977119,0.822559489325043,-0.06769230769230772,-0.24250000000000005,-0.1602913453583267,0.056105610561056084,0.0
2021-11-10,5.95,6.06,-0.029656209582887966,0.006430890330290331,0.00680274732275262,-0.07208388335575024,-0.01831858052368463,6.175,6.3965000000000005,6.953,2,10,11,6.227794357870656,6.9589143638318,37.34939759036145,-0.523746475821472,-0.5987692332326963,7.380140392141447,5.412859607858554,0.046141548365815466,0.05159648610877012,0.04459121681871646,-1784581.0,-0.9078521044219051,0,0,-1,0,0,-0.013201320132013068,-0.24340303827720555,0.19088790571464703,0.819068824611627,-0.0902140672782874,-0.2302716688227685,-0.17469053540495602,0.05714285714285712,0.0
2021-11-11,6.1,5.95,0.0033389012655146303,-0.0032102756302483213,-0.017094433359300183,0.2097899556878839,0.024897551621727087,6.221,6.335,6.860333333333333,3,11,11,6.204559020075991,6.9035005339071684,41.00294985250737,-0.4994954613750302,-0.5789144788611631,7.221946269065983,5.448053730934017,0.04479566733551127,0.05132253264154627,0.045124993191281805,670442.0,-0.5299080861966351,0,0,-1,0,0,0.008403361344537785,-0.0997889170575629,0.3637687583447194,0.8147199481411578,-0.06441717791411039,-0.16780354706684864,1.504164294297147,0.06885245901639343,0.0
2021-11-12,5.74,6.1,-0.03390155167568134,-0.036010437523033054,-0.02620237239402396,0.030052342386611385,-0.06082956084779044,6.225,6.2669999999999995,6.772,4,12,11,6.120093743698538,6.828435983332513,42.3780487804878,-0.5035210715793852,-0.5638357974048075,7.11466179949041,5.419338200509589,0.049620567058304886,0.052350806188436086,0.0452584701367552,-1859480.0,-1.2434204309237862,0,0,-1,0,0,-0.04918032786885243,-0.10390664062264006,0.4767711572053883,0.8310432846500584,-0.08744038155802858,-0.19154929577464785,0.13956974174439551,0.0609756097560975,0.0
2021-11-15,5.8,5.74,-0.010398707220898511,-0.024326846157736122,0.0,-0.34702983536275056,0.010398707220898517,6.164,6.211,6.703666666666666,0,15,11,6.061894881207895,6.762085274730415,41.84615384615384,-0.4961505830320343,-0.5502987545302529,7.024307736151412,5.3976922638485885,0.025501229671048536,0.052383226544270946,0.04429986051259623,-71371.0,-1.010687546007764,0,0,-1,0,0,0.0,-0.4148022037176679,0.510223885135544,0.83155794184379,-0.055374592833876246,-0.161849710982659,-0.6887214943453193,0.035482758620689656,0.0
2021-11-16,5.99,5.8,0.01898245091229003,0.02765463625041069,0.012313260233356887,-0.13559627679593467,0.03223349457498444,6.113,6.176,6.642666666666667,1,16,11,6.04882308462464,6.712273321522002,62.000000000000014,-0.46956515088773365,-0.534152033801749,6.962314521241538,5.389685478758462,0.027998228545815247,0.052751027559947865,0.04494795879447715,1489997.0,-0.47309313251984286,0,0,-1,0,0,0.008620689655172384,-0.5146274808095775,0.5947679781158095,0.8373966019604185,-0.011551155115511413,-0.10463378176382665,-1.0276570000749998,0.05008347245409012,0.0
2021-11-17,6.08,5.99,0.020305266160745523,0.034289073478632165,0.03942241416583186,0.07283194880397373,0.0149132838507176,6.067,6.146,6.581333333333333,2,17,11,6.054491614692887,6.671481494327034,59.40170940170941,-0.43620545161926216,-0.5145627173652517,6.896309409860914,5.395690590139086,0.028622371964484302,0.052923936749599124,0.04498522123923113,3169326.0,-0.17592742176120224,0,0,-1,0,0,-0.003338898163606087,-0.4982507653045961,0.5836585346506089,0.8401414502517082,0.02184873949579824,-0.08982035928143706,-1.925498146599796,0.04605263157894741,0.0
2021-11-18,5.99,6.08,0.018257768573564963,-0.021087561620096392,-0.01694955831377332,-0.46938512106888347,-0.014913283850717635,6.014,6.106,6.511666666666667,3,18,11,6.042765866566907,6.627514946305936,56.11814345991562,-0.41227741998021195,-0.4941056578882438,6.79450409928798,5.417495900712019,0.028688399657781753,0.0527699833368309,0.0446875240446077,2119096.0,-0.3369624091416783,0,0,-1,0,0,0.0,-0.7635693047093838,0.5646972053828374,0.8376975155896618,-0.01803278688524579,-0.11782032400589104,-1.1258641982696824,0.041736227045075125,0.0
2021-11-19,5.92,5.99,-0.030052345066401823,-0.011541760440171345,0.0,-0.023026675781446133,-0.011754963231443732,5.976999999999999,6.0665,6.442333333333334,4,19,11,6.020444799918378,6.581868820737812,35.83815028901732,-0.3944161140524063,-0.47416774912107634,6.697331531434612,5.435668468565387,0.027130071577217186,0.0527693288476555,0.04469003388153069,1092773.0,-0.4644663200865532,0,0,-1,0,0,-0.015025041736227021,-0.7842563939903177,0.31372162467299747,0.8376871258960984,0.03135888501742157,-0.1177347242921013,0.2056807010013873,0.030405405405405508,0.0
2021-11-22,6.05,5.92,0.0,0.01317976244440982,-0.013769580723756995,0.7773388299932056,0.021721823146835753,5.968,6.0569999999999995,6.377666666666666,0,22,11,6.025818472660491,6.547554703270857,37.288135593220325,-0.365557072495835,-0.4524456137960281,6.682530511687589,5.43146948831241,0.027590367868418907,0.05076242008886031,0.04502845924321489,3325718.0,-0.022381002586475605,0,0,-1,0,0,-0.0033783783783783066,-0.3049431887887611,0.33323170095668847,0.8058284370174821,0.0431034482758621,-0.030448717948718063,-0.21103983561752604,0.056198347107438144,0.0
2021-11-23,5.8,6.05,0.021794659827420293,-0.004922077205428332,-0.0052128701885329875,0.21201078184597913,-0.042200354490376416,5.942,6.0305,6.304333333333333,1,23,11,5.984760568540402,6.499325367575963,31.313131313131294,-0.3587238396809056,-0.4337012589730036,6.652228490411189,5.408771509588811,0.03026723022695994,0.05143808531990227,0.04538885258918217,565438.0,-0.7414812206773913,0,0,-1,0,0,-0.003305785123966872,-0.12406724356295196,0.403250897177378,0.8165542900427023,-0.03171953255425719,-0.0837282780410743,-0.31787534371799775,0.05862068965517239,0.0
2021-11-24,5.93,5.8,-0.030305349495329037,-0.019934214900817253,-0.05736339487992031,-0.5253463491175067,0.022166295457260423,5.9399999999999995,6.057499999999999,6.2443333333333335,2,24,11,5.9748041015330555,6.462594698700095,35.885167464114815,-0.3389117759121616,-0.4147433623608352,6.604525449229529,5.5104745507704695,0.030865913453352895,0.03860235123766047,0.04551848938183398,2197731.0,-0.46615747102654814,0,0,-1,0,0,0.008620689655172384,-0.5779197695096497,0.4302216443109476,0.612793328383296,-0.024671052631578982,0.1001855287569573,-0.24529845382378837,0.09106239460370996,0.0
2021-11-26,6.15,5.93,-0.02422263757584619,0.036247790392340905,0.038013626700044205,-0.8235512401183797,0.03642786880879243,5.945,6.083,6.204999999999999,4,26,11,6.006657901254318,6.442427298783961,46.63461538461539,-0.3019774037182783,-0.39219017063232386,6.5944725901999295,5.571527409800071,0.03214320360554375,0.038137565264329716,0.045449135793303806,2914096.0,0.2619886237650021,0,0,-1,0,0,-0.03709949409780772,-1.0211195426908026,0.504688584818294,0.6054150797934704,0.026711185308848195,0.09042553191489366,-0.897463479622118,0.08943089430894305,0.0
2021-11-29,6.07,6.15,0.06770774951558516,-0.00019419361164047807,0.0035461030067507116,0.9233617762540104,-0.013093476747019658,5.978,6.1015,6.1706666666666665,0,29,11,6.018174646480805,6.41839973112048,48.25870646766171,-0.27598064597414407,-0.3689482657006879,6.580370381319177,5.622629618680822,0.02506599268937048,0.038319872717656994,0.04520196625607399,1110475.0,-0.13155960873263528,0,0,-1,0,0,-0.006504065040650412,-0.28929240127348593,0.5076351786440031,0.6083091208954154,0.02533783783783794,0.06491228070175437,-0.8570374183643493,0.0871169686985172,0.0
2021-11-30,6.16,6.07,0.004897968975546935,0.022595130300807228,0.06674846678837394,0.1618820075727186,0.014718172474021485,6.014,6.089,6.145333333333334,1,30,11,6.043961074393386,6.401728780725611,52.47524752475249,-0.2452882500666398,-0.3442162625738783,6.546540334718423,5.631459665281578,0.02519232898641134,0.025997237726162567,0.04514886406167967,3231031.0,0.31035515172096984,0,0,-1,0,0,0.011532125205930707,0.32302159123516994,0.49537985964331993,0.4126933547883147,0.0181818181818183,-0.03900156006240252,-0.7440294472234663,0.04545454545454549,0.0
2021-12-01,6.08,6.16,0.00972454989199478,0.009448889197932289,0.0033057881344994103,-0.03101714328964835,-0.013072081567352775,6.023,6.068,6.125,2,1,12,6.050513606321861,6.3809720851949265,53.266331658291456,-0.2248279598249594,-0.32033860202409453,6.482657753612646,5.6533422463873535,0.02398370324187824,0.02583997813585278,0.04482931688862545,1175239.0,0.0578790575864176,0,0,-1,0,0,0.006493506493506499,0.23104066460824735,0.3522043240725875,0.4101969361848771,0.048275862068965614,-0.06461538461538463,-0.016947715600253255,0.05263157894736847,0.0
2021-12-02,6.62,6.08,0.019169916107720123,0.05192005717835961,0.0065789710980425605,0.38891742972349697,0.08509067397084127,6.077,6.072,6.123,3,2,12,6.154056586990613,6.396393240988802,60.92436974789916,-0.1631587528284868,-0.288902632184973,6.506879293597094,5.637120706402906,0.03657018455823787,0.0330019434718156,0.047810481547592695,4208319.0,2.520239561038791,0,0,-1,0,0,0.03947368421052635,1.7468995686750692,0.6729812801375719,0.5238896112494138,0.11635750421585178,0.012232415902140747,1.067207648154204,0.09365558912386708,0.0
2021-12-03,6.18,6.62,0.05539877938978817,-0.0029806281381377893,-0.029952322283351217,-0.3437447832109632,-0.06877709847931755,6.096,6.055000000000001,6.102666666666667,4,3,12,6.158773571174137,6.38243238673146,58.943089430894304,-0.1480827786537171,-0.2607386614787218,6.439844466190435,5.670155533809567,0.0433480375293655,0.0363046887441199,0.049250691450794915,2057532.0,0.6496130825908503,0,0,-1,0,0,0.00906344410876127,0.35870092002265247,0.8993500650937946,0.5763190670552827,0.004878048780487809,-0.05214723926380371,0.7324593221017377,0.12621359223300976,0.0
2021-12-06,6.44,6.18,-0.07295709160316687,-0.02264247674975989,0.01342302033214077,-0.1928004534197528,0.0412102686466629,6.148000000000001,6.0625,6.093666666666667,0,6,12,6.209905649142476,6.386146426297172,62.030075187969935,-0.11384282420164737,-0.23135949402330697,6.4717033338336325,5.6532966661663675,0.04450923193681869,0.03669675860419839,0.04985730971339622,3831171.0,1.8450485066354743,0,0,-1,0,0,0.004854368932038875,-0.29490247989512697,0.925166534125726,0.5825429831332721,0.060955518945634335,0.02384737678855342,-0.14580503449839222,0.0854037267080745,0.0
2021-12-07,6.5,6.44,0.04410163477061121,0.01965293790139382,0.06453852113757116,-0.2376688878240913,0.009273636785329033,6.193,6.0805,6.102333333333333,1,7,12,6.262650076571116,6.393491818148967,60.079051383399204,-0.0809329701528565,-0.2012741892492169,6.533395944827964,5.627604055172036,0.044289981035880215,0.03622230999146059,0.04809490062406353,5229621.0,1.8525226590816608,0,0,-1,0,0,0.007763975155279475,-0.8519679607877654,0.9254026811501556,0.5750113448981693,0.05519480519480524,0.05863192182410426,-0.05129210099590373,0.04307692307692298,0.0
2021-12-08,7.19,6.5,0.0015396461855928362,0.0846383039968736,0.01242251999855711,0.7585307001579789,0.100888994831364,6.332,6.137,6.131,2,8,12,6.4312591535581864,6.444879442784518,67.73162939297124,0.0008161516250035916,-0.1608561210743728,6.8083725140569085,5.465627485943091,0.05017583603924679,0.04260566100665906,0.051662679507792894,8215503.0,3.1368576399919266,0,0,-1,0,0,0.0,1.6640177329425294,1.0928953196586946,0.6763439008028502,0.1825657894736843,0.18646864686468656,-0.7670914635594007,0.10987482614742686,0.0
2021-12-09,7.03,7.19,0.08547173080403696,0.017723708664696212,0.06280090123903044,-0.26862078029166503,-0.02250446591038175,6.442,6.191,6.185666666666666,3,9,12,6.540121125638516,6.4826291561532585,66.24999999999999,0.05209177522161834,-0.11826654181517457,6.96494138224895,5.417058617751049,0.052165095150481525,0.04275502689291926,0.043115956778937994,5932996.0,2.168122855924824,0,0,-1,0,0,-0.015299026425591142,0.5208711285945512,1.0376552176214304,0.6787150107392578,0.0619335347432024,0.18151260504201683,0.3700598590259113,0.07112375533428164,0.0
2021-12-10,7.31,7.03,0.0028208763416412634,0.026668247082161273,0.024339068305267622,-0.04389017751334904,0.039056567939113544,6.558,6.2515,6.241333333333333,4,10,12,6.680099102795149,6.536007920272404,70.38123167155425,0.11400752846430251,-0.07181172775927916,7.17097983006386,5.33202016993614,0.05228108599290638,0.04316563956633477,0.042940299461103115,8117490.0,2.302388731956163,0,0,-1,0,0,0.009957325746799344,0.39303010521663095,0.756072502859,0.6852332848534307,0.18284789644012944,0.1983606557377049,0.599516117598963,0.07250341997264013,0.0
2021-12-13,7.16,7.31,0.04070931211549344,0.01308506849600923,-0.0029747171167428432,-0.23874428410388518,-0.020733292789132846,6.667,6.3225,6.29,0,13,12,6.767353811377848,6.5762654738032165,66.1807580174927,0.14925197868618678,-0.027598986470185972,7.293530380574952,5.351469619425048,0.05283717542917917,0.040716880529415134,0.04328840793026081,6396947.0,1.7249717758657812,0,0,-1,0,0,0.011627906976744182,-0.28961179903593176,0.8446975020435372,0.6463604402589623,0.11180124223602483,0.2473867595818815,1.158461735249054,0.09093575418994407,0.0
2021-12-14,6.96,7.16,-0.06638832653318481,-0.029000523801908727,-0.02354063061112046,0.03451990549239596,-0.028330506626225996,6.747,6.3805000000000005,6.308333333333334,1,14,12,6.80238039112733,6.6010225400094615,67.15976331360946,0.15920985873254967,0.009762782570361155,7.358671764057593,5.402328235942408,0.054805182585880144,0.04168117519235644,0.037795895844130435,4615974.0,1.1848634795920763,0,0,-1,0,0,-0.033519553072625725,-0.19029017047073093,0.9194271881566823,0.6616681434713396,0.0707692307692307,0.19999999999999996,1.2756366819515734,0.08548850574712653,0.0
2021-12-15,7.28,6.96,0.005763704716750134,-0.0134591533740048,-0.013408299837531707,0.15989703902920724,0.04495138786226627,6.867,6.445,6.334333333333333,2,15,12,6.889220320013269,6.644827537428206,68.90756302521008,0.19072432476622403,0.04595509100953374,7.483044720667088,5.406955279332912,0.05479847905874036,0.042163638511944226,0.03854746417799083,6705750.0,1.608793885996349,0,0,-1,0,0,0.0,0.2726793925838394,0.580623571697573,0.6693270112333795,0.012517385257301727,0.21535893155258767,0.5986253529351426,0.08059065934065927,0.0
2021-12-16,7.19,7.28,0.051796041552231796,0.05661852105992926,0.04837440208311808,-0.04588916047404233,-0.012439690475639236,6.9239999999999995,6.5005,6.356,3,16,12,6.943907534556311,6.679999954368323,65.11627906976744,0.20606216197475824,0.07797650520257865,7.574449425448242,5.426550574551757,0.0496795892945165,0.04245695880449361,0.03866796175835806,4709705.0,1.2840455679972431,0,0,-1,0,0,0.006868131868131844,0.09296758919596351,0.5572776968792518,0.6739833265248256,0.022759601706970223,0.1825657894736843,0.5153601591360494,0.09456189151599442,0.0
2021-12-17,6.64,7.19,-0.02906779047467572,-0.0852773219201796,-0.07572758056260953,1.3784787535470489,-0.0795792082446129,6.970000000000001,6.5329999999999995,6.359999999999999,4,17,12,6.888651619182435,6.677419312151012,57.28900255754475,0.1718560553777433,0.09675241523761158,7.5809272775087635,5.4850727224912355,0.051450686782056776,0.04635869119583134,0.04135313138442265,-3212317.0,0.20421264394294836,0,0,-1,0,0,-0.009735744089012557,3.9054173378992965,0.6942795437834229,0.7359214080636556,-0.09165526675786595,0.10851419031719534,0.33377934612316523,0.08456325301204815,0.0
2021-12-20,6.57,6.64,-0.10193318717435643,-0.06502668321707261,-0.04962258315124579,-1.1325512661811232,-0.010598130991823248,6.983,6.5655,6.3693333333333335,0,20,12,6.830714961149265,6.670489033947721,55.26992287917738,0.13751388006238763,0.1049047082025668,7.5729140945481666,5.558085905451834,0.05029969049867423,0.0463361984572294,0.04083955483161576,-5764873.0,0.008933764227347755,0,0,-1,0,0,-0.03162650602409638,0.1364487698122035,0.6958512781774189,0.7355643469077825,-0.08240223463687146,0.10979729729729737,0.10604158311106063,0.06544901065449006,0.0
2021-12-21,6.38,6.57,0.04113298814739243,-0.0014892035514677455,0.006339165443735676,-0.29666654959694866,-0.029345735139820688,6.971000000000001,6.582000000000001,6.377333333333334,1,21,12,6.748766786394852,6.651747805951095,53.75,0.0938838124499295,0.10270052905203934,7.564362351412783,5.599637648587218,0.051220902097106044,0.04682122930460411,0.04096163070059887,-7662167.0,-0.4112535455160611,0,0,-1,0,0,0.019786910197869084,-0.3143289285730846,0.6969271072674328,0.743263972909873,-0.08333333333333337,0.05454545454545445,0.1258648890032552,0.05956112852664575,0.0
2021-12-22,5.99,6.38,-0.05050805681284841,-0.051999481399518474,-0.0602297550788264,0.02008736798712633,-0.06307668522934046,6.851000000000001,6.591499999999999,6.375,2,22,12,6.610809188868515,6.609054399115541,41.81818181818182,0.027519698936466774,0.08766436302892483,7.5452797384476415,5.6377202615523565,0.03807240860006119,0.04801745081590554,0.04248641202677996,-9597958.0,-1.2612975003620674,0,0,-1,0,0,-0.0015673981191222236,-0.25823102831789047,0.4702719724963607,0.7622534007009695,-0.17719780219780223,0.03275862068965529,-0.5173279877370955,0.06844741235392322,0.0
2021-12-23,6.86,5.99,-0.0367747274250209,0.11900329206161282,0.028124268870861627,0.6549061964392172,0.13561602961043595,6.8340000000000005,6.638,6.405333333333333,3,23,12,6.656116609074239,6.62524443788228,57.94392523364487,0.044613117705845085,0.07905411396430888,7.545549621667624,5.7304503783323755,0.06384063351078655,0.05757578747579135,0.049850694009423276,-5871634.0,0.48922944751401026,0,0,-1,0,0,0.025041736227044985,0.9155384562549929,1.4071148344156823,0.9139872911979072,-0.045897079276773334,0.15682967959527838,1.7734572068374133,0.15233236151603496,0.0
2021-12-27,6.65,6.86,0.10062619941155371,-0.022552048091260515,0.07538890391547504,-0.8701282552855722,-0.03109058707003112,6.768000000000001,6.662999999999999,6.423666666666667,0,27,12,6.655004498333468,6.626841570922133,52.4822695035461,0.040744849018538254,0.07139226097515475,7.541014506533797,5.784985493466202,0.0627505089497604,0.05781665155181162,0.050146921434597425,-7432583.0,-0.029612267003013584,0,0,-1,0,0,-0.010204081632653102,-0.6333361028399743,1.2964018446687906,0.9178108898674212,0.001506024096385561,0.08130081300813008,1.9558559274317502,0.060902255639097645,0.0
2021-12-28,6.66,6.65,-0.02838129253822491,-0.04594318715750376,-0.016781476962003543,-0.1256351467495646,0.001502629884534875,6.718000000000001,6.6925,6.4543333333333335,1,28,12,6.655912771363746,6.628980824411029,51.913875598086136,0.038047546212033545,0.06472331802253051,7.525095813989757,5.859904186010243,0.06263810376653656,0.057663666204477944,0.04871881117102233,-6055925.0,-0.0780690929594311,0,0,-1,0,0,-0.007518796992481309,-0.7424349984843327,1.2913978290894907,0.9153823227677307,0.013698630136986356,0.0971993410214167,1.8323913550640365,0.030030030030030058,0.0
2021-12-29,6.46,6.66,0.001514004831215233,0.00149142458667012,-0.01394290596901275,0.19338633588928905,-0.030490166757787276,6.668000000000001,6.7075000000000005,6.476333333333334,2,29,12,6.620292267479428,6.61807883573935,40.108401084010836,0.019546268557797397,0.055687908129583887,7.509966592188442,5.905033407811559,0.06272490197621243,0.05817952785351938,0.04915224768147581,-7726295.0,-0.6168481090908284,0,0,-1,0,0,-0.0075075075075074806,-0.515790347488643,1.2932702217115206,0.9235713725734067,0.012539184952978122,0.04870129870129869,1.834987115789086,0.04643962848297211,0.0
2021-12-30,6.0,6.46,-0.035415556506896526,-0.02872457504502885,-0.07942147582101415,1.4902821880933295,-0.07386984856645552,6.540000000000001,6.7035,6.4766666666666675,3,30,12,6.50751185521044,6.578202781820683,37.09273182957393,-0.031866940642049535,0.0381769383752572,7.519814567849792,5.887185432150208,0.0629361261896594,0.060481670546887446,0.0507472200437327,-15139978.0,-1.7236002583000554,0,0,-1,0,0,-0.01238390092879258,2.6236474838218937,1.3272681556308672,0.9601167548688246,0.0016694490818029983,-0.013157894736842146,1.7087939041135258,0.09989999999999988,0.0
2021-12-31,6.04,6.0,-0.05874551070915975,-0.05679759839313307,0.008309132292946142,-1.57110152226901,0.006644542718668511,6.425,6.6745,6.475333333333334,4,31,12,6.422509699717633,6.54348002170322,33.06666666666668,-0.06859390579130764,0.016822769541944234,7.542855372316633,5.806144627683367,0.06339323604055844,0.05688830912359115,0.05069198596796156,-13599295.0,-1.4613832544324696,0,0,-1,0,0,0.002666666666666669,-0.5802446683653936,0.49547816042089066,0.903073910687934,-0.11953352769679304,-0.08761329305135956,-0.7081527287228985,0.03145695364238417,0.0
2022-01-03,6.17,6.04,-0.002663117419483662,0.030378035359171704,-0.013134456782504007,0.36748299997509876,0.02129482597057292,6.378,6.6739999999999995,6.481333333333334,0,3,1,6.376598845223517,6.519384536432045,36.729222520107236,-0.08621652628384524,-0.0037850896232136597,7.543564924484834,5.804435075515165,0.06043188303267069,0.05510315339376425,0.05073565829269387,-11374402.0,-1.1592003904678871,0,0,-1,0,0,-0.006622516556291397,-0.20688071545303,0.5864201535265928,0.8747354420120701,-0.07218045112781957,-0.0016181229773462036,-1.0654466055937357,0.07421393841166929,0.0
2022-01-04,5.99,6.17,0.03922071315328133,-0.017474630523263885,-0.0037578367820014663,-0.31642440177674686,-0.02960742578993846,6.32,6.6515,6.483666666666666,1,4,1,6.306308146091968,6.485230695371913,36.927223719676554,-0.11339987252405148,-0.025708046203381223,7.568549616978045,5.734450383021956,0.06088155771671731,0.05463050010794219,0.05100043665162296,-12995793.0,-1.442670031704158,0,0,-1,0,0,0.011345218800648345,-0.53290820530896,0.574629389737928,0.8672323037082138,-0.10060060060060061,-0.06987577639751552,-0.338350480985343,0.0617696160267112,0.0
2022-01-05,5.43,5.99,-0.05264373348542203,-0.0416737193143482,-0.09275807293208997,0.2675192142252808,-0.098152278181514,6.225,6.598000000000001,6.463,2,5,1,6.146979392257065,6.4171512956705,26.58227848101265,-0.17807742444986552,-0.056181921852678084,7.664871471566129,5.5311285284338725,0.06655226445532063,0.05820474123531195,0.05369673327640638,-15114495.0,-2.1895795906613196,0,0,-1,0,0,-0.011686143572621082,-0.28293331573187314,0.7809030280532595,0.923971622601011,-0.1594427244582044,-0.1646153846153846,-0.17010050911792737,0.11699815837937386,0.0
2022-01-06,5.04,5.43,-0.07177182573109124,-0.08274183990216495,-0.06566064581114173,-0.24094187762480276,-0.07453305186256674,6.13,6.4905,6.437666666666667,3,6,1,5.945710411846689,6.328302824982081,24.705882352941174,-0.2578324588709462,-0.0965120292563317,7.726137061344462,5.254862938655537,0.06747206356210945,0.05333322187071776,0.05474096034874493,-16779556.0,-2.3477767790839024,0,0,-1,0,0,0.014732965009208118,-0.4945345964742284,0.7828042640391668,0.8466386501265013,-0.16000000000000003,-0.2990264255910988,-0.16583210154086284,0.0992063492063492,0.0
2022-01-07,4.64,5.04,-0.08717637987755465,-0.08717637987755465,-0.10292392125263365,0.5673685554626007,-0.08269171584511341,5.9079999999999995,6.371,6.394666666666667,4,7,1,5.708308518783655,6.2193800620800115,25.609756097560975,-0.3492891672194176,-0.1470674568489489,7.8291877721839915,4.912812227816009,0.03990257349507206,0.055166894165781265,0.056229247727651664,-19716091.0,-2.374179832008064,0,0,-1,0,0,0.001984126984126942,0.18686933781212223,0.7436530975797234,0.8757472953988638,-0.23178807947019875,-0.3399715504978663,1.0911068743897174,0.11422413793103454,0.0
2022-01-10,4.2,4.64,-0.09987503838115497,-0.09987503838115497,-0.08540365960153272,-0.12602350611546811,-0.09962984094884118,5.663,6.2155000000000005,6.329666666666667,0,10,1,5.434070606277536,6.089097477429689,23.48993288590603,-0.45206249521643116,-0.20806646452244537,7.89809792864285,4.532902071357151,0.043644594864085215,0.055804239378502055,0.05782646161281487,-22304923.0,-2.39570008460151,0,0,-1,0,0,-0.015086206896551595,-0.015487478637876497,0.42419485875641433,0.8858648369918044,-0.31928687196110206,-0.4254445964432284,1.555434774548617,0.09999999999999998,0.0
2022-01-11,4.35,4.2,-0.07494993566224696,-0.044750195798614556,0.004855662048676424,-0.39114426347771136,0.03509131981126998,5.4319999999999995,6.075,6.272333333333333,1,11,1,5.23696685968162,5.976897640176161,27.088036117381478,-0.5154653875762971,-0.26954624913321573,7.889624798104072,4.260375201895928,0.048662004482152584,0.05747983091570908,0.05845012658410406,-20554141.0,-1.901219471708188,0,0,-1,0,0,0.009523809523809532,-0.4780577036982436,0.8697589423496025,0.9124640280300498,-0.27378964941569295,-0.39245810055865926,2.06582118300149,0.045931034482758565,0.0
2022-01-12,4.12,4.35,0.021004272770531997,0.0,-0.04166963517139274,-0.054913804553702934,-0.05432268173915754,5.198,5.933,6.2043333333333335,2,12,1,5.033881976103143,5.85709779242286,28.1030444964871,-0.5776133472590841,-0.3311596687583894,7.894557920043071,3.9714420799569288,0.04864679474158007,0.0578603059416951,0.058787782803353006,-22211373.0,-1.8485306821428864,0,0,-1,0,0,-0.00459770114942519,-0.5252611653256007,0.8198284986838713,0.9185038818230288,-0.24125230202578263,-0.40804597701149425,1.7797223395321358,0.08980582524271848,0.0
2022-01-13,4.01,4.12,-0.047290135041457106,-0.05411553161594563,-0.01765493523872071,-0.009524880468081798,-0.027061922042957307,4.9990000000000006,5.7695,6.1353333333333335,3,13,1,4.847721616811663,5.737930192911708,9.401709401709397,-0.6284972091500531,-0.3906271768367222,7.802154215033685,3.7368457849663153,0.04779629082285818,0.05544540912314852,0.05885162023315062,-23852895.0,-1.7312339570464936,0,0,-1,0,0,0.0024271844660193657,-0.5188588235393767,0.8158710877796562,0.8801685832804969,-0.20436507936507942,-0.44917582417582425,0.9917092241815424,0.05231920199501247,0.0
2022-01-14,3.96,4.01,-0.036995587676594985,-0.014550489075482734,-0.0455511406650719,0.14422169478975563,-0.01254721605208864,4.7909999999999995,5.608,6.046666666666667,4,14,1,4.686317686482269,5.62322501917547,9.850746268656692,-0.6651897253421222,-0.4455396865378023,7.678358219703581,3.537641780296418,0.04614451412468006,0.05544384346808908,0.05568072577099005,-25749083.0,-1.5919950318896485,0,0,-1,0,0,-0.007481296758104689,-0.376414527598789,0.7679946346130262,0.8801437292769397,-0.14655172413793094,-0.44923504867872044,0.04149266910416146,0.08207070707070711,0.0
2022-01-18,3.6,3.96,-0.015190165493975233,-0.034916265106227876,-0.05332774035215891,-0.053127238391814664,-0.09531017980432477,4.534000000000001,5.4559999999999995,5.960666666666667,1,18,1,4.488805379849129,5.492694372777053,8.648648648648631,-0.7150748622408418,-0.4994467216784102,7.650024420532771,3.261975579467228,0.042983293187133884,0.05619664631957581,0.05662301225241388,-27547161.0,-1.691868132943853,0,0,-1,0,0,-0.01010101010101011,-0.36001308186626163,0.7474599016006256,0.8920941040647049,-0.1428571428571429,-0.45783132530120474,0.14592842854724622,0.10555555555555553,0.0
2022-01-19,3.65,3.6,-0.07410797215372185,-0.036179656577502356,0.0028050509276084604,-0.22028444630689342,0.01379332213233577,4.3,5.3100000000000005,5.867666666666667,2,19,1,4.336295310785651,5.373810864855953,10.4225352112676,-0.7420210536886609,-0.5479615880804604,7.579226624575787,3.0407733754242137,0.04740809038875369,0.056872915001325915,0.05584933730435328,-26104580.0,-1.46305351966362,0,0,-1,0,0,0.01111111111111112,-0.57994298737358,0.6352243944356963,0.9028295365729384,-0.16091954022988497,-0.44444444444444453,-0.48408257011853945,0.06301369863013698,0.0
2022-01-20,3.6,3.65,0.01634913800152941,0.04502368137395511,0.0,0.061232293726391746,-0.01379332213233576,4.117,5.170999999999999,5.771,3,20,1,4.202423436097351,5.259371454220085,11.78343949044583,-0.7586652657496167,-0.5901023236142917,7.503939415370416,2.8380605846295826,0.045441475308216676,0.05695398869220329,0.05562930946215538,-27638254.0,-1.3467987978166684,0,0,-1,0,0,0.013698630136986375,-0.49615162587009226,0.6219088387189509,0.9041165415165284,-0.12621359223300976,-0.4357366771159874,-1.428090405785538,0.11250000000000007,0.0
2022-01-21,3.33,3.6,-0.0498718300401731,-0.11731144875775912,-0.09699226598730958,0.48558274615892705,-0.0779615414697118,3.946,5.038,5.642333333333334,4,21,1,4.04380099317056,5.134895876528467,9.792284866468819,-0.7845983063586326,-0.6290015201631599,7.475303082464068,2.6006969175359327,0.04570440264036639,0.05747752359492087,0.05135235483576349,-30130661.0,-1.4015491239384512,0,0,-1,0,0,-0.02222222222222224,0.19186135497624457,0.7132637265814734,0.912427400448047,-0.16957605985037405,-0.44407345575959933,-0.3921063152027473,0.08858858858858856,0.0
2022-01-24,3.11,3.33,-0.13678342801090004,-0.11214127174971533,-0.11086259281180982,0.20653402382712635,-0.06834957780120976,3.793,4.8505,5.511666666666667,0,24,1,3.874018994412276,5.004257432881469,5.780346820809243,-0.8135247819769935,-0.6659061725259267,7.27456769924556,2.42643230075444,0.044599665222763096,0.04118923765846146,0.051918896391593916,-33194850.0,-1.436015999505042,0,0,-1,0,0,-0.07807807807807815,0.6537918557907297,0.7050271687583048,0.6538588772197526,-0.21464646464646464,-0.5466472303206997,0.6369307251524017,0.08360128617363352,0.0
2022-01-25,3.19,3.11,-0.009820046180975348,0.04335044087361361,0.04714677842570208,-0.5870445579263665,0.025398190605610403,3.6919999999999993,4.6775,5.374333333333333,1,25,1,3.7496519045191348,4.887208566243956,8.333333333333329,-0.8205352710571683,-0.6968319922321751,7.054228180104866,2.3007718198951346,0.04390785390832146,0.043574494292292806,0.0513675481053895,-31491259.0,-1.251720758353081,0,0,-1,0,0,-0.022508038585208952,-0.3815501634573511,0.7265932282458255,0.6917236524168613,-0.11388888888888893,-0.5203007518796993,-0.23049399594534575,0.0815047021943573,0.0
2022-01-26,2.94,3.19,0.10305522894614001,0.02099027589183583,-0.036855092389154305,0.1586853200909697,-0.08161133544616292,3.5509999999999997,4.4915,5.233666666666666,2,26,1,3.6024424673338373,4.761582207131442,9.180327868852444,-0.8366200101250301,-0.7247895958107462,6.796124869577039,2.1868751304229614,0.040728138011883894,0.04370027991466177,0.05223339971926857,-33487815.0,-1.3464230300393683,0,0,-1,0,0,0.056426332288401305,-0.18480243536403534,0.7264665237877344,0.6937204372686359,-0.19452054794520546,-0.5585585585585586,0.9663807679074132,0.1496598639455782,0.0
2022-01-27,2.87,2.94,-0.10965591297749212,-0.07868359212485389,-0.031198370855861395,0.3566111821116244,-0.024097551579060416,3.4259999999999997,4.312,5.097333333333333,3,27,1,3.469271109636776,4.639544645381028,10.256410256410248,-0.8452719280827563,-0.7488860622651483,6.5286128736381155,2.0953871263618855,0.040557507470582746,0.04379045545808827,0.05223880343660646,-36339856.0,-1.301084205681124,0,0,-1,0,0,0.02721088435374152,0.4252483872185098,0.7053442216324086,0.6951519296421156,-0.20277777777777772,-0.5557275541795665,1.2079236528622104,0.09581881533101057,0.0
2022-01-28,2.83,2.87,-0.04400032926243747,-0.06807607105601539,-0.05426285855936686,0.08393771557105974,-0.01403531811638348,3.308,4.1535,4.949,4,28,1,3.353039998793726,4.522799829549994,11.814345991561169,-0.8456086509489777,-0.7682305800019142,6.314545312367262,1.9924546876327383,0.04103661587561948,0.04343168107717785,0.0504356291599117,-39441625.0,-1.2248701981636894,0,0,-1,0,0,0.0069686411149825845,1.8291520111391706,0.6656655843950703,0.6894565629100948,-0.1501501501501501,-0.5283333333333333,0.25201342278176525,0.07773851590106014,0.0
2022-01-31,3.15,2.83,-0.013937507843781624,0.07924937165414048,0.05777780066681139,-0.24357200125656436,0.10712574118239536,3.2270000000000003,4.0089999999999995,4.814333333333334,0,31,1,3.3161236353766848,4.434232098611285,26.666666666666643,-0.8107088338105584,-0.7767262307636431,6.0202096386318225,1.997790361368176,0.06201500931643462,0.05412740690821828,0.056735783367019836,-37010387.0,-0.8542122944322762,0,0,-1,0,0,0.007067137809187285,0.5573555643427373,1.1294232936051865,0.8592459467516707,0.012861736334405238,-0.47847682119205304,0.7973958614541569,0.09523809523809519,0.0
2022-02-01,3.17,3.15,0.13133600206108695,0.03738753207162041,0.0595920972022456,-0.8670491653537605,0.00632913505164753,3.184,3.8589999999999995,4.698666666666667,1,1,2,3.2895557016718326,4.352668737410557,22.169811320754704,-0.7725313835304801,-0.7758872613170106,5.624015580667551,2.093984419332448,0.05726168282973998,0.05346014910872194,0.0561868155848645,-35988806.0,-0.7807296519608184,0,0,-1,0,0,0.03174603174603177,-1.7400771664552752,1.1148065945399601,0.8486535575646575,-0.006269592476489061,-0.486223662884927,1.0939723062517603,0.07728706624605682,0.0
2022-02-02,2.97,3.17,-0.018634079544892983,-0.013857034661426241,-0.028501510132214584,0.4391478029141678,-0.06516963507458093,3.116,3.7079999999999997,4.578666666666666,2,2,2,3.2314546650042266,4.2634643027389085,22.48803827751196,-0.7497709152651142,-0.7706639921066314,5.201192975859814,2.2148070241401854,0.05867344218434974,0.05392218906330487,0.05660768230654588,-37573671.0,-0.9884857643065759,0,0,-1,0,0,0.006309148264984233,-0.7963294993382768,1.0499604992214033,0.8559882144582696,0.010204081632653184,-0.5041736227045075,1.4159339202297812,0.095959595959596,0.0
2022-02-03,2.77,2.97,-0.10570888702522342,-0.10277986906433459,-0.07410797215372185,-0.11339938152431432,-0.06971463261536115,3.033,3.575,4.458333333333333,3,3,2,3.14755381682164,4.1671117670783335,21.55963302752292,-0.7393486576182875,-0.7644009252089627,4.885002008837036,2.2649979911629643,0.0605682970840411,0.05268323920180906,0.05714102038038764,-38988629.0,-1.2290057489524688,0,0,-1,0,0,-0.0336700336700337,-0.9923044556203052,1.1614212720293817,0.8363204951358946,-0.03484320557491294,-0.4898710865561694,1.2851130926100065,0.06498194945848382,0.0
2022-02-04,3.03,2.77,-0.026479923164467265,0.0502618347808883,0.01092907053219023,-0.12244783566231214,0.08971529932203065,3.003,3.4745,4.359666666666667,4,4,2,3.1261803955813416,4.093749717589409,30.543933054393293,-0.7020167046742691,-0.7519240811020241,4.607757531004365,2.3412424689956346,0.06793720771223598,0.058733942729151147,0.06073720058197722,-37736742.0,-0.7844642331316446,0,0,-1,0,0,0.009025270758122712,-1.18541623042113,1.3464951088762869,0.9323724358778653,0.07067137809187263,-0.39880952380952384,0.17959069121998922,0.0990099009900991,0.0
2022-02-07,3.06,3.03,0.09709749037842072,0.04941244172529335,0.08338160893905121,0.06122668433436415,0.00985229644301164,2.998,3.3954999999999997,4.233,0,7,2,3.1141475963847336,4.0270561874223505,36.89320388349514,-0.6623746708329525,-0.7340141990482099,4.399585863386086,2.391414136613913,0.06481914006406429,0.05764626380323858,0.052446393572814456,-36405811.0,-0.6682695419465231,0,0,-1,0,0,0.01650165016501659,-0.9696354712241433,1.0464305776573728,0.9151060682123624,-0.02857142857142858,-0.3405172413793103,0.7039159558794952,0.07026143790849669,0.0
2022-02-08,3.16,3.06,-0.009788006366162932,-0.007806440892829529,0.0,0.3719314189223241,0.03215711163453144,2.995,3.3435,4.116666666666666,1,8,2,3.122484397042055,3.971117078556393,38.388625592417064,-0.6157904600361035,-0.7103694512457887,4.27742831912428,2.4095716808757204,0.06515948880777589,0.05584478920315675,0.05348470909667544,-34475251.0,-0.3929637772887391,0,0,-1,0,0,-0.003267973856209226,0.059990494093689964,1.0791225565558336,0.886508545502266,-0.003154574132492094,-0.24761904761904763,0.31785456118450384,0.06012658227848099,0.0
2022-02-09,3.14,3.16,0.04487932617743304,0.006250020345171326,0.013245226750020723,0.534107616789564,-0.00634922767865878,3.0149999999999997,3.283,3.999333333333333,2,9,2,3.125669052125317,3.9174966218753355,38.9423076923077,-0.5738707454797565,-0.6830697100925822,4.090624196086521,2.4753758039134786,0.05912021046593401,0.054708001192804674,0.053379425539560085,-37768642.0,-0.3541251009886288,0,0,-1,0,0,0.009493670886075887,1.9692264154357806,0.9311600315348819,0.868462595289517,0.05723905723905731,-0.2781609195402298,0.05974229210717862,0.054140127388535006,0.0
2022-02-10,3.05,3.14,-0.03997334740857852,0.04564027448553234,-0.0032948958968526494,0.5811226216600058,-0.02908120930084185,3.0330000000000004,3.2295000000000003,3.885666666666667,3,10,2,3.1119110426479866,3.8615290978833787,42.63157894736841,-0.5416673138988033,-0.6547892308538265,3.9395326160033806,2.51946738399662,0.059430674142683174,0.05408446470298452,0.05337412607950059,-43657372.0,-0.5056105760616098,0,0,-1,0,0,-0.023885350318471395,3.374798362120595,0.7437047287345184,0.8585642603768872,0.10108303249097461,-0.2597087378640778,1.0651068639689194,0.10816393442622961,0.0
2022-02-11,2.91,3.05,0.011354542102925849,-0.07728848543631398,-0.05425058974974789,-0.9003722020113774,-0.04698850943591898,3.041,3.1745,3.7826666666666666,4,11,2,3.075199943984716,3.8001401238263863,44.50549450549451,-0.5214319493963613,-0.6281177745623335,3.7947028530621987,2.5542971469378015,0.061542833047796716,0.054499125855167516,0.05278804940478418,-46050660.0,-0.8529467373265174,0,0,-1,0,0,0.016393442622950907,0.1577715877108516,0.49191631522319845,0.8651468020991016,-0.03960396039603953,-0.2743142144638403,0.08263944252069165,0.08247422680412363,0.0
2022-02-14,2.86,2.91,-0.07014560936675977,-0.049433457855173724,-0.021127546425875394,-0.671322049022159,-0.017331456351639976,3.012,3.1195,3.6766666666666667,0,14,2,3.0360726814420405,3.7394859222892003,40.78212290502793,-0.5036243908899309,-0.6032190978278531,3.6321802635470717,2.606819736452928,0.048374514383945445,0.054500047175259296,0.05251281122893509,-47273708.0,-1.0123268573071336,0,0,-1,0,0,-0.006872852233676982,-0.8673236486968379,0.467990308474932,0.865161427602146,-0.06535947712418311,-0.2777777777777778,0.9254344326858481,0.05244755244755242,0.0
2022-02-15,3.14,2.86,0.02393276621162814,0.06379922765720739,0.03925493101843193,0.08340718405957519,0.09340117508840079,3.009,3.0965,3.5756666666666663,1,15,2,3.0549685575434875,3.7008094111737684,55.494505494505496,-0.4615971084032413,-0.5748946999429307,3.557038586301731,2.6359614136982685,0.059007186695522046,0.05691138855478947,0.05646270541886012,-45944274.0,0.18890925231398698,0,0,-1,0,0,0.034965034965034995,-0.7415763181756556,0.8997007018973445,0.9034402853000435,-0.006329113924050667,-0.12777777777777777,1.8633115174112689,0.07404458598726112,0.0
2022-02-16,3.08,3.14,0.06854231955322014,0.041899068784104154,0.04270217625523378,-0.05520310280581631,-0.019293202934678896,3.02,3.068,3.478666666666667,2,16,2,3.059519728899217,3.6607571910980417,55.8011049723757,-0.4281957092082189,-0.5455549017959884,3.447783872054612,2.6882161279453882,0.05525336590722306,0.05680400685094256,0.0564407080296266,-47202308.0,0.06319383672129422,0,0,-1,0,0,0.009554140127388472,-0.7919207061609814,0.9098501155035091,0.9017356535976195,-0.019108280254777066,-0.15616438356164375,2.009992187276167,0.07792207792207799,0.0
2022-02-17,2.92,3.08,-0.0484747565024109,-0.07903004935915017,-0.05735129647146567,0.6273577786982132,-0.053345980705292735,3.035,3.034,3.395,3,17,2,3.034152505462995,3.612966404575588,52.331606217616574,-0.40991033138638455,-0.5184259877140677,3.3245095342201165,2.743490465779883,0.05319070704701892,0.05768029996960273,0.05507874871768598,-49558173.0,-0.7848279424359473,0,0,-1,0,0,-0.019480519480519497,0.14235742698034046,0.9652201666926832,0.9156463756030517,-0.042622950819672045,-0.18888888888888888,1.8774180080477845,0.05479452054794526,0.0
2022-02-18,2.94,2.92,-0.013333530869465144,-0.009917436657346028,-0.010471299867295366,-0.4758988127922207,0.006825965070399891,3.026,3.0145,3.325,4,18,2,3.017033868106087,3.5695492171836145,43.55828220858896,-0.3893173962680083,-0.4926042694248558,3.271812016204671,2.757187983795329,0.04356057291890751,0.05560721173181015,0.05434551842065824,-48094412.0,-0.5790635128422542,0,0,-1,0,0,0.02054794520547947,-0.6009342148456197,0.9027610313807031,0.882737120064498,0.010309278350515427,-0.11711711711711714,1.4909732522402386,0.054421768707482894,0.0
2022-02-22,2.94,2.94,-0.020339684237122672,0.016474837203505042,0.0035026305512020745,0.35427084473345555,0.0,3.0140000000000002,3.0060000000000002,3.268333333333333,1,22,2,3.0030277102686167,3.5289331386556393,42.857142857142854,-0.3687466648075368,-0.46783274850139206,3.261252197266993,2.7507478027330077,0.04336756562651302,0.05370406928852358,0.05309137661955081,-48094412.0,-0.5171356071106772,0,0,-1,0,0,-0.00680272108843538,-0.00855623116025373,0.8862891663356263,0.8525256703776893,0.027972027972027913,-0.054662379421221874,1.287913599110791,0.0680272108843538,0.0
2022-02-23,2.81,2.94,0.03367321510658802,-0.013158084577511199,-0.02120220765060305,-0.38157706369662137,-0.04522509800493578,2.979,2.987,3.222,2,23,2,2.9679317629470496,3.4825503555165658,44.8051948051948,-0.3587981240358564,-0.44602582360828497,3.2411528756666454,2.7328471243333547,0.043121394187426845,0.05411592763146293,0.05119627882166453,-49518744.0,-1.3928624615065048,0,0,-1,0,0,0.02721088435374152,-0.58748212467315,0.41354998392329134,0.8590637188825174,-0.10509554140127386,-0.11912225705329149,-0.1345731378907313,0.07829181494661928,0.0
2022-02-24,3.09,2.81,-0.13827298519710507,0.026145280104322207,-0.07026919584655618,0.6279514805911186,0.09498660756399961,2.9739999999999998,2.9945,3.18,3,24,2,2.9901259878657678,3.4572245261284005,59.87654320987654,-0.32457863341376125,-0.42173638556938026,3.2516483290962523,2.7373516709037475,0.05558042025694361,0.05601320733481261,0.05447851273995294,-46849876.0,0.7427619719376325,0,0,-1,0,0,-0.06405693950177942,0.49159532075180457,0.9593358294158767,0.8891821004580793,0.0032467532467532756,0.05102040816326525,1.2695615988771556,0.15857605177993536,0.0
2022-02-25,3.15,3.09,0.16441826530142745,0.03797924806521647,0.14921239818667575,-0.9410548426882899,0.019231361927887592,2.984,3.0085,3.1476666666666664,4,25,2,3.0191939900719915,3.4374035889588264,54.22535211267606,-0.2892832645968628,-0.3952457613748768,3.267589498861213,2.7494105011387875,0.05492643886926832,0.05571944657054053,0.05411083325797965,-45808441.0,1.0922866470616586,0,0,-1,0,0,0.0032362459546926314,-0.8651092186646966,0.8314572139854112,0.8845187928948062,0.07876712328767121,0.09756097560975596,1.017464142347504,0.06031746031746044,0.0
2022-02-28,3.15,3.15,0.01600034134644112,-0.006230549750636086,0.0032948958968527058,0.15868070494393618,0.0,3.008,3.0245,3.1189999999999998,0,28,2,3.042976900967993,3.4188614219292246,53.237410071942435,-0.25833352247995567,-0.36786331359589264,3.2766048236435927,2.7723951763564076,0.05208675748212394,0.05554255644017529,0.05400388474341819,-45808441.0,0.9956176021242849,0,0,-1,0,0,0.0,-0.6337580909808591,0.8377797697975827,0.8817107491288368,0.0714285714285714,0.11307420494699638,1.1144796032165343,0.05079365079365084,0.0
2022-03-01,3.15,3.15,-0.006369448285479823,-0.007843177461026005,0.001314924581309022,-0.07764245608279342,0.0,3.037,3.0244999999999997,3.092,1,1,3,3.0624356462465396,3.4015155237402426,49.61240310077518,-0.23114117726038463,-0.34051888632879107,3.2766048236435923,2.772395176356407,0.051401019714181095,0.049591032500920874,0.05400533932464446,-45808441.0,0.9956176021242884,0,0,-1,0,0,-0.006349206349206355,-0.6528536865849094,0.8377797697975827,0.7872332355381488,0.0714285714285714,0.0,1.1144796032165343,0.04158730158730152,0.0
2022-03-02,3.06,3.15,0.00953902304675891,-0.0031545767485154324,-0.0013149245813090288,-0.3240563740599717,-0.028987536873252298,3.029,3.019,3.074,2,2,3,3.0619928014744415,3.379482264144098,47.05882352941176,-0.2143820329742776,-0.3152915156578884,3.262388361956658,2.775611638043342,0.0423687461745929,0.05001099202206448,0.05178776355287601,-46625194.0,0.33691011082363176,0,0,-1,0,0,0.003174603174603248,-0.9137124154399195,0.7730014464783432,0.7938998862601073,0.08896797153024916,-0.034700315457413256,1.5472627819586122,0.04084967320261438,0.0
2022-03-03,2.84,3.06,-0.015949301407678064,-0.017530329404996776,-0.06805346324501575,0.3428046507903506,-0.07461086379117482,3.005,3.0124999999999997,3.0469999999999997,3,3,3,3.0216304739336337,3.3446769567799626,42.95302013422819,-0.21635840673331908,-0.2955048938729745,3.268038646781856,2.7569613532181436,0.04771655993942709,0.05062492603086013,0.05310988566217736,-47775912.0,-1.350089328345365,0,0,-1,0,0,0.016339869281045694,-0.5957915993822195,0.563965026381295,0.8036457865121767,-0.08090614886731395,-0.043771043771043905,-1.1227440397151829,0.09507042253521128,0.0
2022-03-04,2.88,2.84,-0.039349338788547655,-0.003220614700042172,-0.0035273405179682992,0.7332259193335054,0.01398624197473987,3.001,3.018,3.0230000000000006,4,4,3,2.9958794786729728,3.3146977982780292,48.920863309352505,-0.2122503416529864,-0.27885398342897694,3.255672928731344,2.7803270712686556,0.04532544147060479,0.04823033821321793,0.05323098181272986,-45380364.0,-1.1612597255953332,0,0,-1,0,0,0.052816901408450835,0.446683161212673,0.543645115698826,0.7656328833642597,-0.08571428571428574,0.03971119133573997,-1.278324754368949,0.09375000000000001,0.0
2022-03-07,3.03,2.88,-0.020270964373619107,0.03174869831458027,0.03472571137382971,-0.07738446605476522,0.05077232537342314,3.0100000000000002,3.018,3.0129999999999995,0,7,3,3.002083209823341,3.296330198389124,55.70469798657717,-0.194647152867506,-0.2620126173166828,3.255672928731344,2.7803270712686556,0.04829668858256585,0.04487713283074164,0.052608960016256194,-43163203.0,0.1009791065735074,0,0,-1,0,0,0.017361111111111206,0.2509732532702316,0.7386782732883587,0.7124023981425269,-0.03809523809523818,0.0,-0.29368138038717595,0.08910891089108912,0.0
2022-03-08,3.28,3.03,0.03685509238915429,0.054724899689246466,0.028597407150172706,0.0160550859635143,0.07928080287477458,3.0439999999999996,3.029,3.0186666666666664,1,8,3,3.052613535310006,3.295276637202729,54.79452054794519,-0.15869425962683037,-0.24134894577871233,3.2936865077171964,2.7643134922828034,0.05421246642584472,0.048436105402927886,0.05334139592635573,-40910158.0,1.8965832611927484,0,0,-1,0,0,0.0033003300330033767,0.24348734516273468,0.9798285504582421,0.768899336235955,0.041269841269841345,0.07189542483660127,-0.2382599504353517,0.11128048780487798,0.0
2022-03-09,3.44,3.28,0.12361395596717663,0.08231595257155158,0.08880633777532179,-0.01834260432284514,0.047628048989254664,3.107,3.043,3.027,2,9,3,3.123047437980914,3.30461362835094,61.53846153846153,-0.1159540240721495,-0.21626996143739977,3.361093001956728,2.7249069980432723,0.05133944333058319,0.0490577501546451,0.05384200912320769,-38698063.0,2.4961253316349663,0,0,-1,0,0,0.04878048780487809,0.19475556743654537,0.9429653369217684,0.7787676407371884,0.12418300653594772,0.08860759493670889,-1.3761920093828715,0.10901162790697674,0.0
2022-03-10,3.31,3.44,-0.014641549992948005,-0.07936174067411991,-0.018377240001606635,-0.3116225289296215,-0.0385232819963354,3.129,3.0515,3.039333333333333,3,10,3,3.157038812893475,3.3049611361992666,62.7450980392157,-0.09151704152563678,-0.19131937745504718,3.38900009746455,2.7139999025354498,0.046272853533526385,0.04994905152322154,0.05218845186050068,-40317887.0,1.5318514094779019,0,0,-1,0,0,-0.01453488372093018,-0.26267205950927514,0.7286594726295446,0.7929166113239771,0.16549295774647899,0.05414012738853491,-0.8716614224699826,0.04682779456193361,0.0
2022-03-11,3.17,3.31,-0.014859114403749941,0.03193304710300901,-0.02662647511532219,-0.1075803653798775,-0.04321660149978238,3.131,3.0575,3.049333333333333,4,11,3,3.1593953923673883,3.2962539661218946,56.96969696969697,-0.08249641939915975,-0.1695547858438697,3.3991292234497767,2.7158707765502235,0.04861640855557597,0.05050533136093693,0.05265044087981098,-41772496.0,0.6586087622362824,0,0,-1,0,0,0.00906344410876127,-0.40637738621057884,0.9044062860056877,0.8017472799837028,0.10069444444444442,0.03934426229508192,-0.35884067102836753,0.11041009463722401,0.0
2022-03-14,2.91,3.17,-0.04594989019185581,-0.08338160893905101,-0.115998913862882,0.7480700804711944,-0.08557850670578802,3.107,3.0575,3.0519999999999996,0,14,3,3.1140507755733178,3.2713343554043535,49.21465968586388,-0.095229591016317,-0.15468974687835918,3.3991292234497767,2.7158707765502235,0.055381167171626985,0.05293746226373504,0.0548975936622489,-44845966.0,-0.8635092660431269,0,0,-1,0,0,0.006309148264984233,2.1482076529862826,1.092386743779044,0.8403561611322556,-0.03960396039603953,0.0,0.444689559419453,0.14261168384879724,0.0
2022-03-15,3.33,2.91,-0.07483164846078424,0.039578986280658146,0.03330719801776855,-0.0458551593653914,0.13481922280895126,3.125,3.081,3.0580000000000003,1,15,3,3.1533142709236235,3.275119235700847,61.81818181818182,-0.0706162116164677,-0.13787503982598087,3.4300076156598656,2.7319923843401344,0.07320542377352099,0.061581306148428376,0.05731459330735051,-41910248.0,1.4269029604366543,0,0,-1,0,0,0.01718213058419238,1.6771596671684719,1.4410564010330107,0.977572928875646,0.015243902439024515,0.16433566433566438,1.017537044003278,0.1351351351351352,0.0
2022-03-16,3.88,3.33,0.13858616328614673,0.14944881179337996,0.1139442593492179,0.12144613793137612,0.15286284964282956,3.207,3.118,3.0816666666666666,2,16,3,3.28543894893751,3.3141438011395024,65.9919028340081,-0.0066528378802162,-0.11163059943682795,3.6177093892287053,2.6182906107712944,0.08684072131746118,0.06815558799602546,0.06448256249666794,-38595445.0,3.049772593531358,0,0,-1,0,0,0.021021021021020974,1.898259659970826,1.8394939184212618,1.0819364177811746,0.12790697674418605,0.23566878980891715,0.5229784113773562,0.16494845360824745,0.0
2022-03-17,4.21,3.88,0.12429771667757712,0.09904239780586364,0.16211884947643512,0.037542352374142926,0.08162749405910791,3.344,3.1745,3.1229999999999998,3,17,3,3.4535409582215992,3.3719409752595344,69.34306569343066,0.06986151861263279,-0.0753321758269358,3.872360640589031,2.476639359410969,0.08090160328413873,0.06955816683440764,0.06446797006934228,-35153831.0,2.967641215948168,0,0,-1,0,0,-0.007731958762886548,1.7824598851243019,1.761559995141679,1.1042016665843013,0.27190332326283984,0.3668831168831168,-0.38895617115823056,0.11235154394299285,0.0
2022-03-18,4.43,4.21,0.030692946399406198,0.04551411248736484,0.0020909573744734146,-0.18131776452195159,0.050936936362754176,3.499,3.25,3.1783333333333332,4,18,3,3.6310789658176716,3.4402028478234357,71.62162162162161,0.14656237890061874,-0.030953264881424893,4.133867101226599,2.3661328987734014,0.08028440739231536,0.06792986767210439,0.06296845266798172,-32282939.0,2.6700846730519525,0,0,-1,0,0,-0.05700712589073629,1.0130390649770968,1.5510938024016285,1.078353218723486,0.3974763406940063,0.5171232876712328,-1.153118767388514,0.15011286681715577,0.0
2022-03-21,4.45,4.43,0.10963348935794509,0.026346200031231944,0.11108820640115083,-0.3113358730294645,0.004504512121104729,3.6409999999999996,3.3255000000000003,3.225666666666667,0,21,3,3.7799736993053674,3.505351051189666,71.81208053691276,0.20658086056327862,0.016553560207515815,4.345375637413021,2.30562436258698,0.08133933961851712,0.06796138644152047,0.061329635407888425,-30180103.0,2.205170824263174,0,0,-1,0,0,0.0,0.03873497208688741,1.0457310271418738,1.0788535636765206,0.529209621993127,0.5136054421768708,-0.15637246197962346,0.07528089887640449,0.0
2022-03-22,4.59,4.45,0.0,0.0032450001433271367,0.013921338518608014,-0.35291175116621876,0.03097592789430493,3.772,3.408,3.2766666666666664,1,22,3,3.927251208522573,3.5753284027258165,75.24752475247524,0.26241778083387235,0.06572640433278712,4.555530070698387,2.2604699293016126,0.08011067379359448,0.06776354212114048,0.0613984492585032,-28702568.0,2.0600767338160195,0,0,-1,0,0,-0.004494382022472014,-0.6870390532061561,0.983217510078996,1.0757128824563282,0.3783783783783783,0.5612244897959184,1.1013350683239178,0.06318082788671026,0.0
2022-03-23,4.75,4.59,0.02892303946925045,0.05258835176691309,0.005743841179252093,0.5312365914331301,0.03426459397409608,3.903,3.505,3.3296666666666663,2,23,3,4.076841897882105,3.651113667066087,82.15488215488216,0.31593767243238435,0.11576865795270658,4.762407525112558,2.2475924748874414,0.0800030432192671,0.065814236059552,0.06142092541077638,-26189230.0,1.9802649103576062,0,0,-1,0,0,-0.006535947712418355,0.513787239120152,0.471259792559135,1.044768608047645,0.22422680412371143,0.6903914590747331,0.48726286951011727,0.10842105263157888,0.0
2022-03-24,4.98,4.75,0.05337446059137511,0.05579135962841551,0.0760697187367608,0.4478507466206591,0.0472852729900119,4.069999999999999,3.5995,3.391,3,24,3,4.24105246190354,3.7368482691908556,83.22784810126583,0.3726163604661772,0.1671381984554007,5.00137055487686,2.19762944512314,0.07575355086382884,0.06387118491282663,0.061565242839372564,-22255994.0,1.9695113720699609,0,0,-1,0,0,0.01263157894736834,1.9624969437585214,0.298822635575237,1.0139236273341599,0.18289786223277926,0.6116504854368934,-1.1151079368602492,0.09036144578313256,0.0
2022-03-25,5.11,4.98,0.036738825645757596,0.0019361090268664007,0.03750439545845427,-0.5803857827548543,0.025769513179051393,4.264,3.6975000000000002,3.4596666666666662,4,25,3,4.399042923375624,3.825438703436607,83.12101910828027,0.4231467700599896,0.21833991277631848,5.234576856620086,2.160423143379915,0.06994357870886193,0.06385231403673662,0.06096570761653764,-20054631.0,1.837904193165695,0,0,-1,0,0,0.002008032128514013,-0.017752644009668743,0.2541709928041901,1.0136240614632233,0.1534988713318286,0.6222222222222225,-0.7495406302692664,0.05479452054794525,0.0
2022-03-28,4.62,5.11,0.023763494452185792,0.013429725661046122,-0.061135999991731374,0.11496368807025714,-0.10080469912196564,4.4350000000000005,3.771,3.5166666666666666,0,28,3,4.439216937307328,3.876700722569729,69.8224852071006,0.41882561780374594,0.258437053781804,5.338134831131821,2.203865168868178,0.072948118302759,0.06930266716659372,0.06343618359370673,-22524192.0,1.0835060048876999,0,0,-1,0,0,0.0,0.2282956220057754,0.9398766614457703,1.10014573509773,0.038202247191011285,0.4666666666666668,-2.1255085174927064,0.1385064935064935,0.0
2022-03-29,5.14,4.62,-0.07305478616906334,-0.011497357909992201,-0.0190055537393764,0.1077728507188596,0.10665837437342622,4.6160000000000005,3.8705,3.5926666666666667,1,29,3,4.566632039615087,3.958203901758779,72.72727272727272,0.45214863962231533,0.29717937094990626,5.5220444127747905,2.218955587225209,0.0689469012550263,0.07197825074242471,0.06538829073590859,-19773608.0,1.5373489083070908,0,0,-1,0,0,0.028138528138528116,0.4915311140651188,1.2018309845913213,1.1426193076194362,0.11982570806100212,0.6317460317460317,-1.0525558302542037,0.1296887159533074,0.0
2022-03-30,4.87,5.14,0.05129329438755048,-0.023438572972017582,0.05319691848765576,0.16452120705548867,-0.053959142372575236,4.715,3.9610000000000007,3.6503333333333337,2,30,3,4.621789850594162,4.017029456484019,70.10309278350516,0.4515652676611124,0.3280565502921475,5.6238687956595275,2.298131204340474,0.061234897823189575,0.07314491746990243,0.06511386522537409,-23016075.0,1.0932913076157302,0,0,-1,0,0,-0.02723735408560305,1.0444847944928775,1.3126460134073965,1.1611395677622338,0.025263157894736876,0.5915032679738561,-0.07824479010941514,0.06160164271047224,0.0
2022-03-31,4.81,4.87,-0.026343975339601977,-0.019960742562537943,-0.04073446333721516,-0.544729759684217,-0.012396852976828682,4.775,4.0595,3.7079999999999997,3,31,3,4.656009877758859,4.068188846388276,71.57894736842104,0.4411758421341174,0.3506804086605415,5.675505145900896,2.4434948540991037,0.05823670281567985,0.0700985582118493,0.0649967342615281,-24896701.0,0.9288336759368526,0,0,-1,0,0,0.0,-0.9447681222520684,1.2639544885049272,1.1127801137564268,-0.03413654618473916,0.6936619718309858,0.6203720329054243,0.08108108108108102,0.0
2022-04-01,4.75,4.81,-0.00617921636595812,-0.008097210232619362,0.025919377552074713,-0.5712803586974722,-0.01255246607111986,4.807,4.153,3.7689999999999997,4,1,4,4.673098990893612,4.112176662750323,75.55555555555556,0.423222009118561,0.3651887287521454,5.696422035266637,2.6095779647333623,0.05721694543963917,0.07064474396808158,0.06394483105882474,-25958882.0,0.7736056455833408,0,0,-1,0,0,0.006237006237006289,-1.8543030910129645,1.2345985268026647,1.1214505438402451,-0.07045009784735823,0.6493055555555556,1.1381170007189771,0.04842105263157885,0.0
2022-04-04,4.85,4.75,0.0020639842208514275,-0.004073325387635786,-0.012875714360045393,0.15095065640517769,0.020834086902841834,4.8469999999999995,4.244000000000001,3.832666666666667,0,4,4,4.705262810731137,4.159778168379335,73.17073170731707,0.4123097808685543,0.3746129391754272,5.721856199827194,2.7661438001728076,0.05732881692075461,0.07042001520893265,0.06390993307374433,-24723630.0,0.820106854876488,0,0,-1,0,0,0.021052631578947295,-1.4660404871211568,0.9896068099572549,1.1178830853853319,0.04978354978354971,0.6006600660066006,1.2974543750309624,0.055670103092783606,0.0
2022-04-05,4.91,4.85,0.0,0.022200709980192333,0.004310351501122263,0.49565279243485577,0.012295236857037558,4.879,4.3255,3.8983333333333334,1,5,4,4.742487754234566,4.20817957687099,68.45878136200717,0.4038479521157736,0.3804599417634965,5.7586191598450736,2.8923808401549262,0.05685525871210655,0.06919818461312141,0.06382468218888634,-22695878.0,0.8157032804769523,0,0,-1,0,0,0.0,-0.4541415135495821,0.4544053291461576,1.0984871259807334,-0.04474708171206221,0.49695121951219523,-0.8494714284642101,0.07331975560081455,0.0
2022-04-06,4.51,4.91,-0.03781963326858586,-0.03245721014738167,-0.05185938554334173,-0.1379230737467781,-0.08497678829184231,4.8549999999999995,4.379,3.955,2,6,4,4.700217253464645,4.227651862234152,55.24475524475525,0.36070722643065256,0.3765093986969278,5.751541246623749,3.0064587533762497,0.0624253953331802,0.07264563399183112,0.06544185125213951,-24462386.0,0.19088679531087463,0,0,-1,0,0,-0.048879837067209816,-0.7423575463710699,0.6389059712039108,1.1532136882620334,-0.07392197125256683,0.31104651162790686,-1.4996268407665267,0.09645232815964515,0.0
2022-04-07,4.12,4.51,-0.043770663055328465,-0.0815902963239143,-0.09871347293603273,0.01228701297430108,-0.09044399015315191,4.769,4.4195,3.989333333333333,3,7,4,4.594723207380164,4.220706580799691,44.88448844884489,0.29168577780064986,0.35954467451767225,5.704219506556037,3.134780493443963,0.06451861508767225,0.07531199874700764,0.06624373365708157,-26250733.0,-0.46624963421451177,0,0,-1,0,0,-0.008869179600886927,-0.7324561506150797,0.8150749362978572,1.1955409165427417,-0.1434511434511434,0.24471299093655596,-0.3723555982789682,0.11407766990291256,0.0
2022-04-08,3.96,4.12,-0.08640143491521537,-0.06468767469143093,-0.01005033585350145,-0.2860820606378866,-0.03960913809504583,4.653999999999999,4.4590000000000005,4.016333333333334,4,8,4,4.479318987856497,4.20388680139326,42.27129337539432,0.22152155704722087,0.331940051023582,5.625062199297643,3.292937800702358,0.06295763403250017,0.07518057845636204,0.06686088484727833,-27594141.0,-0.8558720114597055,0,0,-1,0,0,-0.004854368932038947,-1.2678952234016467,0.801970479353598,1.1934546841050853,-0.1663157894736842,0.24921135646687698,0.1148765448404722,0.05808080808080819,0.0
2022-04-11,4.02,3.96,-0.02469261259037141,-0.013213405458391834,-0.03337922207383449,0.37546539447162947,0.015037877364540502,4.593999999999999,4.5145,4.045333333333334,0,11,4,4.395806444609861,4.192023136787244,40.776699029126206,0.1688114518182129,0.29931433118250816,5.453737652790993,3.575262347209007,0.05837766527609772,0.07172221458349409,0.06684177959208656,-25638584.0,-1.0529816357565478,0,0,-1,0,0,0.01010101010101011,-0.45103824012469707,0.7768393562036883,1.1385548596004125,-0.17113402061855676,0.3814432989690719,0.0715305847809509,0.07587064676616909,0.0
2022-04-12,3.91,4.02,0.02955880224154443,0.00118430448046968,0.015544354437800379,-0.1271851730239512,-0.027744528633655105,4.470999999999999,4.5435,4.070666666666666,1,12,4,4.30747800013534,4.173828095704196,36.18421052631578,0.11681565482319822,0.2628145959106462,5.356014615252726,3.730985384747274,0.03851849691734286,0.06593077730705531,0.06717267092106363,-27360590.0,-1.5593565656734798,0,0,-1,0,0,0.0248756218905474,-0.6704759188958157,0.6645511584202406,1.046618642997895,-0.20366598778004075,0.17417417417417425,0.4442964347156055,0.06391304347826081,0.0
2022-04-13,4.07,3.91,-0.04976150955906394,-0.008465890051732544,-0.028685147998858664,-0.472270299813012,0.04010562545722925,4.391,4.553,4.104333333333334,2,13,4,4.264300181928914,4.167129508884571,34.68013468013467,0.08751050726501663,0.2277537781815203,5.336785684992579,3.769214315007421,0.04256802515597917,0.05559179131005898,0.06701751490100248,-26286773.0,-1.2324797690189324,0,0,-1,0,0,0.0025575447570331936,-1.3437495202122176,0.7846441173130779,0.882492328458106,-0.09756097560975596,0.0489690721649485,-0.1767516647477655,0.07985257985258,0.0
2022-04-14,4.07,4.07,0.037551345652132626,0.018105503632273194,0.05694528119346763,0.17121037645769424,0.0,4.317,4.546,4.145333333333333,3,14,4,4.228972876123657,4.160863088956535,31.690140845070417,0.06355336308393422,0.1949136951620031,5.345036261610014,3.7469637383899865,0.04289375268406945,0.05220457761126556,0.0651864042925531,-26286773.0,-1.1914352899100884,0,0,-1,0,0,0.0,-1.0055418371973919,0.5107340085664687,0.8287219779514742,-0.012135922330097082,-0.03325415676959609,0.22695977624871957,0.04385749385749377,0.0
2022-04-18,3.97,4.07,-0.009876623495911976,-0.033819060440328105,-0.03083413718978172,-0.367931967324401,-0.024876904755404557,4.239,4.523,4.181666666666667,0,18,4,4.181886898646629,4.148549341281919,36.73469387755102,0.0360820579496508,0.16314736771953267,5.361597827202501,3.6844021727974985,0.04296280303564677,0.05093846030362005,0.06556709692610245,-27168827.0,-1.3188681917881078,0,0,-1,0,0,-0.009828009828009836,-1.3660301542697553,0.452707251142522,0.8086229887914862,0.002525252525252597,-0.10383747178329561,0.5137763887643032,0.04055415617128475,0.0
2022-04-19,4.04,3.97,-0.007472014838701066,0.029022888176835168,-0.015584731016698316,0.694966275207061,0.017478597273959545,4.158,4.5024999999999995,4.215333333333334,1,19,4,4.156089280710878,4.1415461579734085,22.5,0.01973180967692567,0.1344642561110113,5.368218442134572,3.636781557865427,0.0426392878655456,0.05114097109933211,0.06515548230270901,-25401507.0,-1.06847671827258,0,0,-1,0,0,0.0075566750629722425,-0.19597663337380497,0.45796419253631687,0.8118377480110457,0.004975124378109541,-0.09213483146067414,0.4416369827668318,0.08415841584158423,0.0
2022-04-20,4.06,4.04,0.04401688541677426,0.0047961722634930135,0.02838900326268611,-0.5595872140051148,0.004938281640582577,4.0729999999999995,4.476000000000001,4.241333333333333,2,20,4,4.138618502399809,4.136285115523512,26.857142857142833,0.008292363768927835,0.1092298776425946,5.3626352718352885,3.5893647281647127,0.04212774960748763,0.05052508554507768,0.06377041538997207,-24391581.0,-0.9383790905112613,0,0,-1,0,0,0.03465346534653457,-1.1180538250272196,0.3815196222378995,0.8020608679352392,0.038363171355498604,-0.11546840958605675,0.0888451863319907,0.06157635467980285,0.0
2022-04-21,3.8,4.06,-0.012033839563723565,0.0,-0.06301296782873415,0.3976119976957299,-0.0661819068813011,4.002000000000001,4.4285000000000005,4.253333333333334,3,21,4,4.07705150196348,4.11458930161877,24.102564102564088,-0.02150540568912085,0.08308282097625153,5.354254884006793,3.502745115993208,0.039488659380653504,0.05126378094141042,0.06466703480275023,-25894620.0,-1.3578108219743172,0,0,-1,0,0,0.0172413793103449,-0.43647057158095204,0.512443671248907,0.8137872938151876,-0.0663390663390665,-0.20000000000000007,-1.1793941053667116,0.1289473684210526,0.0
2022-04-22,3.73,3.8,-0.0965215669906219,-0.07318826271705418,-0.005434795985956945,-0.2748069014118703,-0.018592833076615856,3.9629999999999996,4.3660000000000005,4.267333333333334,4,22,4,4.01395122887921,4.089777088611107,23.97959183673467,-0.050190206196832676,0.056428215541634685,5.3036880863953035,3.4283119136046976,0.03099466558225318,0.04941094757011483,0.06431781614285217,-27036507.0,-1.3565278459384855,0,0,-1,0,0,-0.01315789473684206,-0.9041439083101354,0.49904981886619415,0.7843744758874504,-0.08353808353808356,-0.25100401606425704,-0.7203936181443977,0.05764075067024125,0.0
2022-04-25,3.88,3.73,-0.024292692569044472,0.007692345623155645,-0.002728514653203951,-0.12192225307567858,0.03942691997945792,3.9550000000000005,4.3045,4.2909999999999995,0,25,4,3.989596459992081,4.076243082894261,25.870646766169145,-0.06012627262085957,0.033117317909135836,5.196982640255345,3.412017359744655,0.032703027062436635,0.05009738319897299,0.06394726243248007,-26025689.0,-0.9512790072388363,0,0,-1,0,0,-0.01876675603217154,-1.0078499459860621,0.630782510942429,0.795271303677528,-0.02267002518891692,-0.24070450097847362,-0.8197004116659267,0.06572164948453606,0.0
2022-04-26,3.72,3.88,0.04800921918636045,-0.013215938119762616,0.013568729206068796,-0.040774880323533255,-0.04211148535012685,3.925,4.2595,4.3180000000000005,1,26,4,3.9405789218117024,4.053259658191406,21.800947867298547,-0.07998927312263682,0.010495999702781308,5.175451619039076,3.3435483809609243,0.03432407193773384,0.046682119284779264,0.06236647515011389,-26996120.0,-1.1780098179552079,0,0,-1,0,0,-0.010309278350515474,-0.9749458263579276,0.642335152922518,0.7410556698058701,-0.07920792079207917,-0.19480519480519476,0.3403682574188723,0.04129032258064515,0.0
2022-04-27,3.7,3.72,-0.03174869831458019,0.059387582387258234,-0.010840214552864833,0.9678738348552977,-0.005390848634876423,3.904000000000001,4.1875,4.330333333333333,2,27,4,3.89683729966412,4.030468712501638,26.589595375722524,-0.09623533593032363,-0.010850267423839679,5.035925786848041,3.3390742131519593,0.03358459241481195,0.03682963624841654,0.057010721541427695,-29550626.0,-1.1491871358863228,0,0,-1,0,0,0.0,1.6651024527702274,0.6253724931281545,0.5846523503416803,-0.08866995073891615,-0.2801556420233462,0.5787005694423197,0.11621621621621614,0.0
2022-04-28,4.63,3.7,0.07257069283483537,0.13017209797054394,0.06342243533019126,0.9243020673884113,0.22422404844796384,3.9599999999999995,4.1754999999999995,4.355333333333333,3,28,4,4.030139608816098,4.069148150404758,61.23348017621146,-0.03367899954397835,-0.015416013847867414,4.989366017681094,3.3616339823189048,0.08776699440687923,0.0692359903180052,0.0667045171600035,-23112993.0,1.1168914541855013,0,0,-1,0,0,0.08108108108108103,3.941462239097467,1.8883352357137966,1.0990872729403054,0.21842105263157907,-0.04928131416837789,1.9086228966165146,0.1640820734341253,0.0
2022-04-29,4.61,4.63,0.1419334958886666,0.03987936623159654,0.1448978964474697,-0.9905968853658115,-0.00432901108958547,4.014,4.1655,4.368666666666667,4,29,4,4.135568770849535,4.104041818120581,65.25821596244134,0.014120739784856617,-0.009508663121322609,4.95095930243948,3.3800406975605197,0.08786534276822226,0.06918687125842193,0.06511824311208163,-25503640.0,1.1318218489983434,0,0,-1,0,0,-0.004319654427645697,0.5347174339340343,1.8608070282876374,1.0983075320425613,0.23592493297587147,-0.04158004158004147,1.909596695729932,0.07375271149674636,0.0
2022-05-02,4.6,4.61,-0.008714652102443775,-0.044171218313137424,-0.04179038361163451,-0.1395236043460668,-0.002171553513508018,4.077,4.158,4.374333333333333,0,2,5,4.220010812513255,4.136039120177317,63.94230769230771,0.05061203709622397,0.002515476922186708,4.922545960891188,3.393454039108813,0.08700828265147263,0.06912779751516013,0.06451014635805417,-27582959.0,1.1562418026112784,0,0,-1,0,0,-0.008676789587852502,0.23610443676178466,1.8961522321411228,1.0973697654404548,0.18556701030927836,-0.03157894736842115,2.129380130567125,0.06847826086956531,0.0
2022-05-03,4.37,4.6,-0.002190581379818809,-0.0032310205814466432,-0.005783706116848806,-0.160210403980875,-0.05129329438755046,4.109999999999999,4.1339999999999995,4.371666666666667,1,3,5,4.247281573874481,4.151133370488458,60.45454545454546,0.06027773114819368,0.014067927767388104,4.834538139011547,3.4334618609884515,0.08961726942587901,0.06983640809902332,0.06523370558098263,-29354465.0,0.6737677418477005,0,0,-1,0,0,-0.008695652173913052,-0.0437405320305613,1.9205656927349044,1.1086186097281965,0.174731182795699,-0.09896907216494832,2.076628792045725,0.07437070938215107,0.0
2022-05-04,4.02,4.37,-0.04027389913793985,-0.05658747462946373,-0.10510275048047432,0.3859668760107337,-0.08348110647656917,4.106,4.089499999999999,4.352666666666667,2,4,5,4.205957651351848,4.142673153037591,48.95397489539748,0.03924341473707926,0.019103025161326337,4.688146719473241,3.4908532805267583,0.09418384473260141,0.07179253250371806,0.06662088274025425,-31960414.0,-0.23219036449795913,0,0,-1,0,0,0.002288329519450752,0.6269645052778963,2.0922011997704932,1.139671121978156,0.08648648648648627,-0.18126272912423635,1.8920668338534923,0.12437810945273634,0.0
2022-05-05,3.92,4.02,-0.10333314547532416,-0.09075436326846407,-0.04211148535012685,-0.26984168263067826,-0.025190248828558404,4.118,4.06,4.325,3,5,5,4.153965351106057,4.128307143164198,46.98795180722891,0.014339110828233359,0.01815024229470774,4.6288029905903185,3.4911970094096803,0.0918917123860707,0.06982059290558523,0.06636107268641657,-33950057.0,-0.4922618281408959,0,0,-1,0,0,-0.017412935323382936,0.10485329987117578,0.5230889207427625,1.108367551315555,-0.1533477321814255,-0.13082039911308196,-0.7586830766642095,0.07142857142857138,0.0
2022-05-06,3.82,3.92,-0.02046107187134006,-0.025317807984289897,-0.030015895940265724,-0.31637580728226533,-0.025841231183887328,4.127000000000001,4.045,4.286333333333333,4,6,5,4.093244378177682,4.1084163597342505,46.98795180722891,-0.013313424836283616,0.01185750886850947,4.622890902105292,3.467109097894708,0.09213242686508133,0.06735811802258569,0.06570169961800743,-35400080.0,-0.778693691768849,0,0,-1,0,0,-0.012755102040816282,-0.32904745791447615,0.4707114989216641,1.0692769744145971,-0.17136659436008683,-0.0728155339805826,-0.6652290471119955,0.07591623036649216,0.0
2022-05-09,3.48,3.82,-0.0341688956152499,-0.025975486403260677,-0.05114751116694097,0.5481474033743898,-0.09321812883210076,4.087,4.021,4.232,0,9,5,3.9817454003271946,4.067873368783654,39.85507246376811,-0.061949304062486554,-0.0029038537176897354,4.651251411822684,3.390748588177316,0.09575953801095138,0.06970221258771941,0.06705768830814621,-37908685.0,-1.7167752101829674,0,0,-1,0,0,-0.020942408376963255,0.499690125323256,0.4750417603355961,1.1064883220283688,-0.24347826086956514,-0.12121212121212122,-0.2157555411980893,0.10632183908045967,0.0
2022-05-10,3.34,3.48,-0.05495888428075747,-0.010582109330536972,-0.03863779270541406,-0.22497093585067562,-0.041061486797773925,4.049,3.9869999999999997,4.189333333333333,1,10,5,3.865064418449523,4.020913796604064,37.5,-0.11051645383728914,-0.02442637374160962,4.686987969820879,3.287012030179121,0.09572019086345308,0.0699866956901567,0.06536786008254289,-39911905.0,-1.8486031986108609,0,0,-1,0,0,0.017241379310344845,0.0793617089200257,0.48504882497751234,1.1110043512758638,-0.2356979405034325,-0.1691542288557213,-0.48655362250302325,0.1377245508982036,0.0
2022-05-11,3.25,3.34,-0.06717853775671156,-0.08894748601649617,-0.05129329438755058,0.01441423892618034,-0.027315810646962865,4.004,3.9539999999999997,4.126333333333333,2,11,5,3.753234524185973,3.971177422629608,39.85239852398524,-0.15448767997039958,-0.050438634987367614,4.727628497814548,3.180371502185452,0.09592178734341607,0.06998040416362974,0.061267988266085864,-41944209.0,-1.819995002740348,0,0,-1,0,0,-0.008982035928143655,0.09063094857161662,0.4348895111357793,1.11090447638852,-0.1915422885572139,-0.1687979539641944,-1.9681719656501897,0.0938461538461539,0.0
2022-05-12,3.49,3.25,-0.04954573655142988,0.04801466975290152,-0.04401688541677421,0.2619121554043621,0.07124673987268973,3.8899999999999997,3.925,4.080333333333333,3,12,5,3.705373701606705,3.940133717943827,45.833333333333336,-0.16803222830864328,-0.07395735365162276,4.723406307326138,3.126593692673862,0.04555215586233949,0.07153911473417754,0.06281600118380526,-39303408.0,-1.089670750364722,0,0,-1,0,0,-0.030769230769230795,0.5327698299541987,0.9406356708442432,1.1356482396021024,-0.10969387755102034,-0.14250614250614246,1.1120746971736368,0.1745558739255014,0.0
2022-05-13,4.0,3.49,0.13907157300013812,0.1250588289165018,0.1823215567939546,0.059576596525916826,0.13639262490555476,3.8289999999999997,3.9215000000000004,4.053333333333334,4,13,5,3.7589421194963943,3.9439960587216447,51.851851851851855,-0.13604539605731159,-0.08637496213276052,4.717840974311653,3.125159025688348,0.0713758637426404,0.07917857842377178,0.06891638611533679,-36500496.0,0.1971517290513753,0,0,-1,0,0,0.037249283667621744,0.6041673216968135,1.5114211952878949,1.2569209660375482,0.04712041884816753,-0.017199017199017286,0.6445592480256808,0.12249999999999994,0.0
2022-05-16,3.98,4.0,0.045891993256655335,0.05471043220130876,0.03547438819365973,-0.11087704586548291,-0.005012541823544286,3.7670000000000003,3.9219999999999997,4.027666666666667,0,16,5,3.7991344614061404,3.9463188936428293,54.193548387096776,-0.11102955430988803,-0.09130588056818603,4.718481737326066,3.1255182626739337,0.07133865282660219,0.07895528314011185,0.06889817584177366,-39009239.0,0.14564050192718,0,0,-1,0,0,-0.05249999999999999,0.2989785556616386,1.250166907384625,1.2533762633005614,0.14367816091954033,0.0025188916876572875,0.9463131251602427,0.14824120603015084,0.0
2022-05-17,4.0,3.98,0.02088848794735553,-0.05715841383994864,0.0316649146439687,-0.07448325345234107,0.0050125418235441935,3.7299999999999995,3.9199999999999995,3.999333333333333,1,17,5,3.835655468423205,3.949782190827163,54.83870967741936,-0.08856951243586852,-0.09075860694172254,4.715434340139332,3.124565659860667,0.07020953108892465,0.07888130588695902,0.06876127500263313,-36680566.0,0.2011479664958576,0,0,-1,0,0,-0.02763819095477384,0.12139917458948023,1.1261367451667075,1.252201910813453,0.1976047904191618,-0.00990099009900991,1.0319254018472581,0.057499999999999996,0.0
2022-05-18,3.83,4.0,0.010282866955584056,-0.018553407895747834,-0.03166491464396869,-0.4880018268610878,-0.04342955792733598,3.711,3.908499999999999,3.9633333333333334,2,18,5,3.8346272014371676,3.9420543075479912,32.90598290598291,-0.08352452791991727,-0.08931179113736148,4.702060265346023,3.1149397346539756,0.06676311755243544,0.07950581227160845,0.06903239078095237,-38110026.0,-0.19784256704377706,0,0,-1,0,0,-0.022499999999999964,-0.6781132298846688,1.186952350761303,1.2621156423291797,0.17846153846153845,-0.056650246305418595,0.8383987119129864,0.07180156657963443,0.0
2022-05-19,3.69,3.83,-0.02853630726493436,-0.0037523496185503527,-0.04104543324311526,0.637824015517924,-0.03723834514011888,3.6879999999999997,3.903,3.936,3,19,5,3.8083313466304096,3.925792739319089,31.300813008130078,-0.08978814941972857,-0.0894070627938349,4.701237532250862,3.104762467749138,0.06729014275997458,0.07857558040551275,0.06781805311691429,-40815077.0,-0.5336757328345233,0,0,-1,0,0,-0.007832898172323825,0.383050127178564,1.2205471587551258,1.2473486692532791,0.05730659025787954,-0.02894736842105261,1.861647550013841,0.11111111111111115,0.0
2022-05-20,3.48,3.69,-0.005277057100843781,-0.028471674081312,-0.06939199342399993,-0.07976527141868081,-0.05859416426605282,3.654,3.8904999999999994,3.9146666666666667,4,20,5,3.748634738152153,3.8970319174275354,28.94736842105263,-0.1104244551598117,-0.09361054126703026,4.7077476272279615,3.0732523727720373,0.06910961659269749,0.07954719839147004,0.06679452998030756,-43312740.0,-1.0045914758844448,0,0,-1,0,0,0.024390243902438987,0.14572056691146917,0.41514147243580524,1.2627726266144816,-0.13,-0.06702412868632712,0.31868944998766635,0.15459770114942537,0.0
2022-05-23,3.5,3.48,-0.07982227341716043,-0.07716735432027264,0.013383099375629344,-0.15266033006608112,0.0057306747089850745,3.656,3.8714999999999997,3.899333333333333,0,23,5,3.7034284221244884,3.871416955012856,32.244897959183675,-0.12373866102272801,-0.09963616521816981,4.707235415194146,3.035764584805854,0.06286288246139261,0.07898534567240197,0.06647933347475737,-41168693.0,-0.8890373514055239,0,0,-1,0,0,0.002873563218390871,-0.232902285025716,0.45629925679893485,1.2538534912058843,-0.12060301507537685,-0.09793814432989689,0.3003715884250556,0.058571428571428594,0.0
2022-05-24,3.33,3.5,-0.020261185139822082,-0.03688361343055462,-0.03762671098562207,-0.32350776533687486,-0.049790664503015565,3.655,3.8519999999999994,3.876333333333333,1,24,5,3.6355323453745814,3.8364868288829945,34.80176211453745,-0.1463211452626454,-0.10897316122706494,4.720188677043516,2.9838113229564827,0.06354104576857332,0.07919175408187619,0.06692437864546326,-42720139.0,-1.2025035889147744,0,0,-1,0,0,-0.022857142857142878,-0.8418388884236475,0.3872516219995861,1.2571301231257714,-0.16749999999999998,-0.10483870967741937,1.7112769179771203,0.060060060060060115,0.0
2022-05-25,3.31,3.33,-0.026668247082161294,-0.0028943580263644146,0.0,0.287216591828194,-0.006024114603380902,3.661,3.8324999999999996,3.856333333333333,2,25,5,3.576344646215566,3.802519936696995,36.0730593607306,-0.16394193895189524,-0.119966916772031,4.7320174144765454,2.932982585523454,0.06284332720397329,0.07919295826597196,0.06678361581349823,-44787771.0,-1.161734040033137,0,0,-1,0,0,0.0,-0.3181530376771322,0.43137488596417806,1.2571492389556724,-0.13577023498694518,-0.10540540540540544,0.4079045356951073,0.05740181268882187,0.0
2022-05-26,3.46,3.31,0.008968669982760316,0.049480057263369716,0.007639456557957626,0.038493921217170324,0.044320399680661315,3.6580000000000004,3.774,3.836,3,26,5,3.5551910741763724,3.780421876264931,41.964285714285715,-0.16391330792265357,-0.12875619500215552,4.604685195929262,2.943314804070738,0.05987343431903808,0.0536787324090146,0.06688930876105896,-42638996.0,-0.7560023978728498,0,0,-1,0,0,0.015105740181268828,-0.08278909263214371,0.6636296642000624,0.8521234598846142,-0.06233062330623307,-0.25269978401727866,0.3215883778719304,0.09826589595375719,0.0
2022-05-27,4.1,3.46,0.04652001563489291,0.13766078596653378,0.06624938554120045,0.43371897465428694,0.16971838464062916,3.668,3.7485,3.837,4,27,5,3.6542472425079406,3.80103981973171,62.204724409448815,-0.11096878722541126,-0.12519871344680666,4.498525262731885,2.998474737268115,0.07064820476805216,0.06963136056260635,0.0752202019462509,-39323468.0,0.9373017615958678,0,0,-1,0,0,0.01734104046242776,2.255066188572635,1.4223160627149978,1.105363580998362,0.17816091954022983,-0.11062906724511945,1.4899815791284827,0.15853658536585377,0.0
2022-05-31,4.18,4.1,0.1451820098444979,0.03284410174688563,0.125665781818572,-0.4568166945055542,0.019324272826402842,3.6879999999999997,3.7275,3.8440000000000003,1,31,5,3.749838652961042,3.8254888636199866,66.93548387096774,-0.061841669445800385,-0.11252730464660542,4.396257685641408,3.058742314358592,0.07070518304928226,0.0698244070789259,0.07509833931538258,-37223756.0,1.3532554756840076,0,0,-1,0,0,-0.007317073170731552,-0.27077732348618594,1.4069670683255686,1.1084280994402553,0.19428571428571417,-0.09130434782608698,1.3981357076216825,0.07629186602870808,0.0
2022-06-01,4.27,4.18,0.03144152583481888,0.023245364904157954,0.04423325497682566,0.031475230569521645,0.021302580703868187,3.715,3.7225,3.8516666666666666,2,1,6,3.8444134433317614,3.8541670014509553,70.56451612903226,-0.015467526804273657,-0.09311534907813906,4.372257039612118,3.072742960387882,0.07084639965833665,0.0690959347588958,0.07512569887140948,-35056904.0,1.6852453043889677,0,0,-1,0,0,0.004784688995215422,-0.17673583825611977,1.2055434095250233,1.096863959865492,0.28228228228228214,-0.022883295194508158,1.9211000712277435,0.056206088992974294,0.0
2022-06-02,4.84,4.27,0.021202207650602906,0.13936660732355782,0.014320053774748471,0.7059747576459985,0.12530089348800727,3.816,3.7635000000000005,3.877666666666667,3,2,6,4.025429180907804,3.917769130389604,74.02135231316726,0.06651184451662973,-0.061189910359185314,4.575522167184612,2.9514778328153892,0.07820410678732463,0.07233330048514587,0.07873904369027072,-30667251.0,2.6514054504998743,0,0,-1,0,0,0.004683840749414628,3.0688701585765297,1.1814433130958617,1.1482555475532221,0.46223564954682783,0.20398009950248763,0.7911298106995607,0.1731404958677686,0.0
2022-06-03,4.8,4.84,0.10396093530340299,-0.04612468058329205,0.08295497766050776,-1.0715781762294516,-0.008298802814695066,3.9270000000000005,3.8075,3.911,4,3,6,4.166260238924567,3.9746872510096294,67.09401709401709,0.1267918437621618,-0.023593559534915896,4.741441844238842,2.8735581557611574,0.07616482730318375,0.0719860806946531,0.07761407505815235,-32170565.0,2.1254000045557047,0,0,-1,0,0,-0.016528925619834725,-1.1758257726065582,1.3346047405566508,1.1427436042576793,0.3872832369942196,0.22448979591836737,0.7240909746846764,0.051041666666666693,0.0
2022-06-06,4.57,4.8,0.04518222279323297,0.06705863490712048,-0.043460878621348197,0.7648513084040643,-0.04910271300773185,4.036,3.8449999999999998,3.9389999999999996,0,6,6,4.2396674682110085,4.01309452513804,61.5686274509804,0.15422726375496154,0.011970605123059589,4.8393313013484525,2.850668698651547,0.07508196974904686,0.0727788219199849,0.07817790675886699,-35400698.0,1.4582664731901707,0,0,-1,0,0,0.03750000000000013,1.2020992953035736,1.071577405660278,1.1553279810752186,0.11463414634146352,0.19633507853403165,1.2529382337585644,0.1695842450765865,0.0
2022-06-07,4.23,4.57,-0.09470795154161891,-0.10503788297233681,-0.07323223867100957,-0.26264952560435145,-0.07731121184792672,4.109,3.8824999999999994,3.9506666666666663,1,7,6,4.237909746718098,4.027088426742038,54.006968641114995,0.1468421681509744,0.03894491772864255,4.875440873842232,2.8895591261577676,0.0819221397244581,0.07178488602819949,0.07941693333753966,-37884707.0,0.6999409716216701,0,0,-1,0,0,-0.008752735229759306,0.11859929219064164,1.2813923524256983,1.1395497379423862,0.011961722488038395,0.2155172413793105,1.1752636464281798,0.13475177304964545,0.0
2022-06-08,4.63,4.23,-0.06380295655861729,0.008565362858923,0.03612864502461883,0.012680885118587445,0.09035487503995603,4.239,3.947,3.981,2,8,6,4.309198883678444,4.06598594759739,62.903225806451616,0.17129154147376457,0.06541424247766696,4.958972539672814,2.935027460327186,0.08072382192350709,0.07293033767441141,0.08051190068809468,-35368998.0,1.3498389990321753,0,0,-1,0,0,0.004728132387706754,0.12858853578292062,1.4366375204889634,1.157733219110744,0.08430913348946145,0.38622754491017974,0.4209903728016716,0.09933045356371495,0.0
2022-06-09,4.08,4.63,0.07478001518976812,-0.023733584332094444,-0.03612864502461875,-0.3252693737756943,-0.12645987968207228,4.316,3.9885000000000006,3.993666666666667,3,9,6,4.267526359373272,4.066890080010462,55.55555555555556,0.14462034916001087,0.08125546381413574,4.94677201939591,3.0302279806040917,0.09406481210266292,0.07863450320803289,0.08386284798033404,-37186177.0,0.19096873987342494,0,0,-1,0,0,-0.010799136069114432,-0.8706179851477851,1.2837665711683217,1.2482840397453947,-0.15702479338842967,0.2553846153846153,0.9652076340818481,0.12254901960784313,0.0
2022-06-10,4.11,4.08,-0.13540463700620292,-0.08659066359640369,-0.02275698712261629,-0.05260506425601171,0.007326040092072881,4.380999999999999,4.0195,3.9763333333333337,4,10,6,4.238885203123586,4.069671365171078,59.45945945945947,0.12446918311179811,0.08989820767366823,4.9495701727907475,3.089429827209252,0.0939197681306818,0.07737829050142242,0.0699740790126818,-35462120.0,0.19460897176919068,0,0,-1,0,0,-0.01960784313725492,-0.9196218720332273,1.3057611946861365,1.2283422812524507,-0.14374999999999993,0.17765042979942702,0.7606265610978998,0.05155717761557177,0.0
2022-06-13,3.99,4.11,-0.012578782206860073,-0.04134195857109819,-0.076359446893289,0.3090352745316236,-0.02963179760637123,4.37,4.019,3.9556666666666667,0,13,6,4.193633348010207,4.064531277095525,57.142857142857146,0.09769013070238053,0.09145659227941069,4.949125062332033,3.088874937667967,0.07492405118454507,0.07091748646448415,0.07015354771600121,-37810476.0,-0.06235720587356365,0,0,-1,0,0,-0.03892944038929443,-0.0006367146724137017,1.2943394543790852,1.1257801967448857,-0.12691466083150982,-0.0024999999999999467,0.5573720830496477,0.08395989974937353,0.0
2022-06-14,3.98,3.99,0.017566323717899065,0.019656652549551592,0.06673502451286557,-0.17527697200074163,-0.002509411605425807,4.35,4.019,3.935,1,14,6,4.154790921099259,4.059077646315169,59.9388379204893,0.07479839299469049,0.08812495242246665,4.949125062332033,3.088874937667967,0.07460284895815085,0.07090640805410794,0.07015351741873505,-39781274.0,-0.08385969065755168,0,0,-1,0,0,0.007518796992481042,-0.5011660617097847,1.216605850347615,1.1256043324322218,-0.05910165484633578,0.0,-0.1534947960778392,0.04020100502512566,0.0
2022-06-15,4.39,3.98,0.004962789342129097,0.08172573752382947,0.0050505157860685716,0.5988483888784073,0.09804740779073359,4.362,4.038500000000001,3.935666666666667,2,15,6,4.197556208172121,4.080427475585158,64.75409836065575,0.08871742022661788,0.0882434459832969,4.983186525561878,3.093813474438124,0.08162800186764502,0.07440419166394123,0.07211789061075577,-36194379.0,0.744162196641759,0,0,-1,0,0,0.015075376884422124,1.5909988987093016,1.262848981576401,1.1811299258614416,-0.05183585313174954,0.09749999999999992,0.003689710150935186,0.1116173120728929,0.0
2022-06-16,4.34,4.39,0.04595730108512794,0.019978466930886295,0.03587273942993401,0.194742143598738,-0.011454878974766478,4.312,4.063999999999999,3.9463333333333335,3,16,6,4.223455079413553,4.097174090063535,62.359550561797754,0.09462301227184078,0.08951935924100568,5.0125146282473585,3.11548537175264,0.06818369091785303,0.07363177901852701,0.07047443462486819,-40552448.0,0.5819625586797461,0,0,-1,0,0,-0.036446469248291403,2.175432673320848,0.82293112064529,1.1688682552457164,0.06372549019607843,0.1331592689295038,1.8577543947219135,0.10023041474654369,0.0
2022-06-17,4.32,4.34,0.01641302964133005,-0.0044052934679162685,0.009673594178378458,0.985067009983705,-0.004618945856294417,4.264,4.0954999999999995,3.9596666666666667,4,17,6,4.241008701338361,4.111549955220727,53.741496598639465,0.09657613410474397,0.09093071421375334,5.033504039941512,3.1574959600584873,0.06819640430405459,0.07294055467608883,0.07027637678550482,-52223319.0,0.47867597673459733,0,0,-1,0,0,-0.00921658986175116,3.930955068178978,0.8328403028862039,1.1578954089842428,0.051094890510948954,0.17073170731707332,2.0040658985646305,0.08680555555555555,0.0
2022-06-21,4.6,4.32,0.016147986407982158,0.08461704855965589,0.04799906570521121,-1.2202325540473429,0.06280090123903023,4.267,4.1515,3.9856666666666665,1,21,6,4.306279846549567,4.143062861335519,56.68789808917197,0.11934195737434283,0.09661296284587124,5.068274092588431,3.23472590741157,0.0702234147142159,0.0721068201540084,0.07083291463742179,-48778527.0,0.9784307903677756,0,0,-1,0,0,0.011574074074074032,0.18907159080984534,0.8137394725620968,1.1446602837549984,0.1528822055137844,0.32183908045976994,0.8940002342610432,0.12406521739130426,0.0
2022-06-22,4.43,4.6,0.03595893038744397,-0.03509131981127006,-0.004437145900309376,-0.22713709662467643,-0.037656719438005054,4.287000000000001,4.198,4.017333333333333,2,22,6,4.3287744199041915,4.161574934797744,52.48447204968945,0.12225715272944981,0.10174180082258696,5.0688277973461915,3.3271722026538093,0.06654686566226183,0.07306578580236048,0.06897405549676283,-51523377.0,0.5328263537452732,0,0,-1,0,0,-0.015217391304347697,-0.1417448490747125,0.9287105917405201,1.1598833914833588,0.11306532663316582,0.26571428571428557,0.6433671357296535,0.0948081264108352,0.0
2022-06-23,4.41,4.43,-0.024582243405336022,-0.03419136474827931,-0.012753796062570353,-0.026250805376670277,-0.004524894598289577,4.265,4.252,4.053,3,23,6,4.343542707194339,4.17760235835918,41.947565543071164,0.12155245219308686,0.10570393109668695,5.024599167539971,3.479400832460029,0.05894134190628338,0.07172236929435793,0.06837772763846967,-54197110.0,0.4090089832819453,0,0,-1,0,0,-0.0022573363431150763,-0.201939361147432,0.6006824632169591,1.1385573155592374,0.004555808656036442,0.32432432432432434,1.4987533541747387,0.07142857142857131,0.0
2022-06-24,4.07,4.41,0.011248712535870667,-0.010929070532190206,-0.0839398287399007,1.9359916148666714,-0.08023169000425101,4.264,4.290000000000001,4.080333333333333,4,24,6,4.293807669522641,4.170660270723104,37.71043771043771,0.0924926161353321,0.10306166810441598,4.931084607273846,3.648915392726156,0.05077082300401548,0.07460043381930132,0.06994458084938289,-72728522.0,-0.686336865692443,0,0,-1,0,0,0.01360544217687066,3.5959473551442,0.8275766284095487,1.184245173500422,-0.062211981566820174,0.2296072507552871,0.44694442385890204,0.14987714987714984,0.0
2022-06-27,3.81,4.07,-0.0851826657210858,-0.10048839883382578,-0.036179656577502356,-2.3459231861106677,-0.06601381031589411,4.234,4.307499999999999,4.090999999999999,0,27,6,4.205842638700342,4.147391866160324,37.33333333333332,0.04793015066403861,0.09203536461634051,4.867119231450972,3.747880768549027,0.05461530212781922,0.07608782167078787,0.07011595472501857,-74503067.0,-1.7779946507917128,0,0,-1,0,0,0.008599508599508634,-0.5267489594573551,0.8995548400580798,1.2078567236492146,-0.11805555555555558,0.10115606936416177,1.0864080113200159,0.08267716535433081,0.0
2022-06-28,3.29,3.81,-0.07457655376578208,-0.07700964499042358,-0.1471576443362877,0.7962926212319935,-0.14674162436132915,4.164,4.267,4.067333333333333,1,28,6,4.03932579530028,4.092076261891916,35.22012578616351,-0.0290111559093571,0.06782606051120099,4.984747939922091,3.5492520600779103,0.06842053309905126,0.07035903345960727,0.0695127752000623,-78437775.0,-2.722404191382427,0,0,-1,0,0,0.0,-0.003387820959078326,0.7815258024616055,1.11691503012596,-0.2847826086956521,-0.19756097560975605,-0.5551790041298305,0.16109422492401224,0.0
2022-06-29,2.92,3.29,-0.14370672066617515,-0.14370672066617515,-0.11625980611586197,0.1727466513458634,-0.11930394849709013,4.058000000000001,4.204,4.032,2,29,6,3.835812014336592,4.01645843854405,22.857142857142847,-0.1184778644109139,0.030565275526778013,5.1414635431503894,3.26653645684961,0.074412399471097,0.0736946934173521,0.07226921678284035,-83114431.0,-2.739306524251724,0,0,-1,0,0,0.0030395136778114855,0.14816657723607343,0.8017870701542227,1.1698669903647743,-0.3408577878103837,-0.3014354066985646,0.6010656891448575,0.13013698630136983,0.0
2022-06-30,3.08,2.92,-0.11892004544345855,-0.06575137756278042,-0.017271586508660595,-0.5547592177360247,0.053345980705292714,3.9270000000000005,4.1445,4.001333333333333,3,30,6,3.6983916480935752,3.9560417650895956,31.884057971014485,-0.17445915609263585,-0.010439610797104763,5.207038668026659,3.081961331973341,0.06607782916426558,0.07493189531598027,0.07313951669844157,-80429046.0,-2.0036917846519104,0,0,-1,0,0,0.0034246575342466545,-0.3515057857604703,1.1730030356431518,1.1895069616368568,-0.3015873015873016,-0.2786885245901638,1.4230955718158205,0.07142857142857134,0.0
2022-07-01,2.89,3.08,0.04013916759034426,0.00323102058144654,-0.035356412187558584,-0.35543912009991263,-0.0636730948611423,3.782,4.047,3.97,4,1,7,3.5514113484401975,3.8872648770192995,29.109589041095873,-0.23148769907868427,-0.05464922845342067,5.195236175962375,2.8987638240376246,0.06618309258034558,0.0670757421002858,0.07355128497960575,-82311140.0,-2.0152648457191815,0,0,-1,0,0,-0.009740259740259822,-0.5157966084449006,1.1697644391009796,1.0647943956147692,-0.28992628992629,-0.402892561983471,1.2269046693071388,0.11408304498269892,0.0
2022-07-05,3.12,2.89,-0.07486487896417388,0.009630893060961146,0.007085978249302999,0.28122375176226716,0.07657649969705009,3.662,3.963,3.951,1,5,7,3.4729729214510705,3.837763917211603,35.64356435643563,-0.2551825666708458,-0.09475589609690571,5.1250145845625426,2.8009854154374576,0.07556591075081227,0.07087940160084862,0.07497225913684542,-79817836.0,-1.4509284327396967,0,0,-1,0,0,-0.0207612456747405,-0.3799643810978064,1.55139973373301,1.1251756182775132,-0.18110236220472442,-0.35,0.32509180376026303,0.10897435897435892,0.0
2022-07-06,2.91,3.12,0.08465288533033681,0.0063694482854799285,0.03521490629106665,-0.3557230177397983,-0.06967992063798982,3.493,3.8800000000000003,3.9320000000000004,2,6,7,3.370614208459967,3.777908180617306,33.436532507739926,-0.2875909949362616,-0.1333229158647769,5.095375185736681,2.6646248142633198,0.06848332885043838,0.07142787790051379,0.07525405020006165,-81564811.0,-1.5962149159924637,0,0,-1,0,0,-0.012820512820512832,-0.5425619696540268,1.3287845385542996,1.1338824096110751,-0.11550151975683887,-0.3632385120350109,0.395185481804098,0.0893470790378006,0.0
2022-07-07,3.2,2.91,-0.04312442663375457,0.017309637535091824,0.0034542348680873824,-0.0762018222676544,0.0949977286222798,3.37,3.8285000000000005,3.922,3,7,7,3.3395934432854273,3.7406237818678028,30.86816720257235,-0.2865709202731397,-0.16397251674644947,5.068470712726819,2.5885292872731815,0.08202218586265864,0.0749495025515117,0.07755884058407865,-79946013.0,-1.013733620559257,0,0,-1,0,0,0.013745704467353964,-0.5605496688907095,1.26490727253826,1.1897864678358059,0.09589041095890427,-0.2434988179669031,-0.4351191438255705,0.09531250000000005,0.0
2022-07-08,3.33,3.2,0.06876685724709228,0.06784817080521519,0.06669137449867235,0.11470400278226847,0.03982149418667151,3.2620000000000005,3.7635000000000005,3.922,4,8,7,3.337849180869895,3.714131924973106,34.1692789968652,-0.27213558063367804,-0.1856051295238952,4.962170755022648,2.5648292449773527,0.0847136878656626,0.07185167561912466,0.07734657547185601,-78130464.0,-0.7233012037434915,0,0,-1,0,0,-0.012500000000000011,-0.5019398503653784,1.244904924124666,1.1406099898289206,0.08116883116883122,-0.28077753779697623,-0.3024481400301632,0.09909909909909911,0.0
2022-07-11,3.01,3.33,0.04031553717845977,-0.02359991534087349,-0.03947881097378746,-0.5392923227854861,-0.10103222523156816,3.156,3.7099999999999995,3.912,0,11,7,3.27824023889355,3.6687040588458095,31.232091690544394,-0.2832516469488162,-0.20513443300887943,4.944179889642992,2.4758201103570068,0.08622573812424868,0.07026897709316224,0.07942361368461642,-79189221.0,-1.1343565162165887,0,0,-1,0,0,-0.012012012012012022,-0.6733013218912837,1.398459958925263,1.11548542962841,0.04152249134948094,-0.2622549019607844,-0.4207201391059064,0.12292358803986715,0.0
2022-07-12,3.01,3.01,-0.0856307333905023,-0.09054542987268567,-0.01351371916672282,-0.3667206472367522,0.0,3.076,3.655,3.897,1,12,7,3.22946928636745,3.6262070227912413,25.233644859813083,-0.28873287671767,-0.22185412175063757,4.911955385884657,2.398044614115342,0.08549749187382684,0.07017761898452687,0.07895874302254255,-79189221.0,-1.026289408905381,0,0,-1,0,0,0.0033222591362127014,-0.7342876355646123,1.260990509630698,1.1140351646142197,-0.03525641025641035,-0.26763990267639914,0.17881734661520243,0.039867109634551534,0.0
2022-07-13,2.99,3.01,-0.05094480161524845,-0.016474837203505097,-0.031090587070031005,0.7090197892351162,-0.006666691358189122,3.0460000000000003,3.6049999999999995,3.86,2,13,7,3.1859294161188227,3.585161408417613,26.470588235294116,-0.2913323259471974,-0.23574976258994954,4.885189130763691,2.324810869236308,0.07505293577474206,0.07008622965149455,0.07065499820472936,-80680143.0,-0.9607955343803359,0,0,-1,0,0,-0.04651162790697664,-0.5393174667252049,1.13861638205608,1.1125844039280943,0.027491408934708028,-0.2506265664160401,-0.33485587303573,0.053511705685618624,0.0
2022-07-14,2.97,2.99,0.017271586508660498,0.003316752625994042,0.006993035490970604,-0.6193172150229614,-0.006711434587986804,3.051,3.5544999999999995,3.819666666666666,3,14,7,3.1466695222790366,3.5454735756164766,26.470588235294116,-0.29164434655782756,-0.24692867938352514,4.851970819061054,2.257029180938945,0.06535865397076686,0.07006278041068742,0.07046433194829677,-81482724.0,-0.9009836543730309,0,0,-1,0,0,-0.023411371237458286,-0.6844709827601362,0.7947933539648423,1.1122121587704406,-0.07187500000000002,-0.25376884422110546,-1.3079562331308348,0.05050505050505047,0.0
2022-07-15,3.2,2.97,0.053345980705292714,0.06722530584778692,0.01898245091229003,0.6636187237046871,0.0745888569910726,3.0629999999999997,3.4949999999999997,3.784,4,15,7,3.156365972773757,3.5231849578347685,35.2542372881356,-0.2702176465056678,-0.25158647280795365,4.739194941570953,2.250805058429046,0.06767984868126113,0.06805458165848863,0.07201956345053455,-79924267.0,-0.47420221726271394,0,0,-1,0,0,0.03703703703703699,-0.47793470415722367,0.9758568586537437,1.0803329918813913,-0.03903903903903905,-0.2710706150341685,-0.23700210269571576,0.09531250000000005,0.0
2022-07-18,3.26,3.2,0.06899287148695142,0.05712917364637641,0.10227884912041825,-0.0003812188781599747,0.018576385572935238,3.1000000000000005,3.4410000000000003,3.731333333333333,0,18,7,3.1752085231785285,3.5062052831357513,39.99999999999999,-0.2455646177296953,-0.25038210179230197,4.6229680287773425,2.259031971222658,0.06340072905762756,0.06843513133980193,0.06718290627930702,-78366404.0,-0.30626885938231596,0,0,-1,0,0,0.03124999999999989,-0.44303402034309186,0.5648569826867637,1.0863740307909506,0.0830564784053156,-0.24884792626728114,1.8116943660302045,0.05518404907975459,0.0
2022-07-19,3.4,3.26,0.015037877364540502,-0.0028990195855162267,-0.0030911925696729694,-0.23749830559229373,0.042048236243499404,3.128,3.3950000000000005,3.6846666666666663,1,19,7,3.216079700782432,3.4993533293850576,52.32067510548523,-0.21228301834419305,-0.2427622851026802,4.502172786400808,2.2878272135991926,0.060160966963145615,0.06952066033705868,0.06789831126453733,-77137876.0,0.00903201390318385,0,0,-1,0,0,0.027607361963190278,-0.4441384772278833,0.5677540311061954,1.1036062693970947,0.12956810631229243,-0.21296296296296302,0.7630226627637474,0.05294117647058828,0.0
2022-07-20,3.38,3.4,0.011869575555383729,0.04304825356851363,0.03647820860240988,0.16493203706041126,-0.005899722127188271,3.175,3.3340000000000005,3.6450000000000005,2,20,7,3.2458833915492624,3.491653114586022,61.386138613861384,-0.18538395308952094,-0.23128661870004835,4.285063670456565,2.382936329543436,0.054200878177092716,0.06730185700638144,0.06750371847769808,-78586695.0,0.09673379696633093,0,0,-1,0,0,-0.002941176470588173,-0.359121138939955,0.5650837046918515,1.0683838584702918,0.13043478260869557,-0.26521739130434774,0.7733373527119927,0.06213017751479289,0.0
2022-07-21,3.47,3.38,0.0,-0.02560595090517127,-0.019593693900401266,-0.13419787161281588,0.026278884463840434,3.2019999999999995,3.286,3.619666666666667,3,21,7,3.2866318658130327,3.49025613945144,60.0,-0.1550170620428175,-0.2160327073686022,4.089633852211443,2.4823661477885572,0.04604442788498038,0.06761642682404805,0.06657873798188055,-77319823.0,0.45791998307106724,0,0,-1,0,0,0.002958579881656873,-0.38576459215724396,0.49083935577649124,1.0733774995153684,0.16835016835016825,-0.2167042889390518,0.5436576706193138,0.05331412103746399,0.0
2022-07-22,3.15,3.47,0.02332467256640904,0.005747142255568071,-0.04514385201641189,-0.04884052569494214,-0.0967521411212262,3.184,3.2230000000000003,3.5703333333333336,4,22,7,3.261789708392481,3.468304130454573,56.249999999999986,-0.15498582760972734,-0.20382333141682724,3.8288347872752344,2.617165212724766,0.054354589044756436,0.0700479620668354,0.06573312263242148,-78526307.0,-0.2409897930368798,0,0,-1,0,0,0.0,-0.38085212830021714,0.8483824905555845,1.111976924854395,-0.01562500000000011,-0.2857142857142858,-1.672543867571077,0.11111111111111115,0.0
2022-07-25,3.21,3.15,-0.09358256635994709,-0.07896878596660006,-0.016051709010508015,-0.4957815361955557,0.018868484304382736,3.2039999999999997,3.18,3.541333333333333,0,25,7,3.2523733977756657,3.451639347844601,52.35602094240837,-0.14840881114380444,-0.1927404273622227,3.63634705168116,2.7236529483188403,0.04391177805528777,0.06879956861605649,0.06265735165023406,-77791444.0,0.1314788816515031,0,0,-1,0,0,0.003174603174603248,-1.0440684920842442,0.8488426148785087,1.0921592931996584,-0.015337423312883347,-0.21130221130221138,-1.6743330729976884,0.042056074766355214,0.0
2022-07-26,3.28,3.21,0.009448889197932289,0.02601523914123568,0.00966191091173689,0.08277657851090153,0.021572485254127763,3.2310000000000003,3.1535,3.5136666666666665,1,26,7,3.257396416361908,3.440565841532046,60.45197740112994,-0.1359805639281242,-0.181388454675403,3.5054135659418013,2.801586434058199,0.04404816048392063,0.06789651838849607,0.06281918724987354,-76993163.0,0.7189265333460886,0,0,-1,0,0,-0.006230529595015582,-0.9108871570423367,0.7896987792298139,1.0778238152585073,-0.03529411764705881,-0.13910761154855644,-1.9133027502925128,0.05792682926829267,0.0
2022-07-27,3.64,3.28,0.08988081941758264,0.12478098357111939,0.08299691957096783,1.605303763690223,0.10414025925259701,3.2960000000000003,3.1710000000000003,3.5020000000000002,2,27,7,3.3269607042961065,3.4534325614332047,61.95652173913043,-0.09597574842947809,-0.164305913426218,3.5814375072621414,2.760562492737859,0.053638336205712,0.06510784066795752,0.06605486649241943,-73018225.0,2.2853661846282267,0,0,-1,0,0,0.06402439024390257,2.1601701783304885,1.1406601602870463,1.0335549288469985,0.0769230769230771,0.1063829787234043,-0.5660755568447904,0.09887362637362627,0.0
2022-07-28,3.92,3.64,0.04482543138006425,0.0745155190129679,0.06840272688440041,-0.18193108606551936,0.07410797215372183,3.3909999999999996,3.221,3.5,3,28,7,3.4347860307877234,3.4835336865020303,64.82412060301507,-0.04120302120484709,-0.13968533498194383,3.733615583884502,2.708384416115498,0.05530599492665658,0.060405464179923374,0.06756367255800051,-69704483.0,2.7271898162093033,0,0,-1,0,0,0.0027472527472526885,1.906206962752883,1.2204866701870476,0.9589070162969846,0.12968299711815545,0.34246575342465757,-0.9245368413379029,0.10459183673469391,0.0
2022-07-29,4.04,3.92,0.06881020640287441,0.01839414215597456,0.03651521297509747,-0.4031417379728778,0.030153038170687457,3.475,3.2689999999999997,3.488333333333333,4,29,7,3.5448249342808644,3.5194347389857707,78.7709497206704,0.011752283842425992,-0.10939781121706987,3.8935807014555657,2.6444192985444337,0.05271959740576916,0.05983947257391967,0.06506793900971818,-67490183.0,2.4688563005651916,0,0,-1,0,0,-0.002551020408163211,0.6759674146776262,0.6355337264644195,0.9499221780951695,0.28253968253968265,0.31168831168831157,0.9232641626098789,0.08663366336633666,0.0
2022-08-01,4.17,4.04,0.02774452863365522,0.015672412407631692,0.024608393062404622,-0.4502061379194895,0.031671343837651404,3.566,3.3329999999999997,3.482666666666667,0,1,8,3.6584931280479798,3.5614066913092697,80.20833333333334,0.06347792416331055,-0.07482266414099378,4.0496030979553135,2.6163969020446856,0.052718353434967224,0.05709636311958799,0.06530653346367307,-66078574.0,2.3360211597974248,0,0,-1,0,0,-0.004950495049505065,-0.25302993010231606,0.5989056481891862,0.9063766654840192,0.2990654205607477,0.44290657439446357,0.9657581758502866,0.07702637889688242,0.0
2022-08-02,4.27,4.17,0.029413885206293407,0.03294415571935406,0.04836062680418626,-0.18843096135418455,0.02369779142982296,3.653,3.3905000000000003,3.481,1,2,8,3.7696761956756197,3.6071223886441555,81.99999999999999,0.11125752356954965,-0.0376066265988851,4.21201272533899,2.5689872746610103,0.05238831329146153,0.0553729025823557,0.06543384592207406,-64909398.0,2.1411719450531486,0,0,-1,0,0,-0.007194244604316606,-0.4746630645054138,0.5916400256542954,0.8790175776283167,0.30182926829268286,0.3685897435897434,0.9950915245050002,0.06323185011709613,0.0
2022-08-03,4.4,4.27,0.03791923486229368,0.0341330063694584,0.04114194333117521,0.08764723528505622,0.02999071368368254,3.755,3.4650000000000007,3.4743333333333335,2,3,8,3.8842805237345974,3.6582757829251777,83.88625592417061,0.1577941610123923,0.0014735309233703808,4.369130870824636,2.560869129175366,0.05131262202864607,0.051706835902613095,0.06458645555308315,-63633122.0,2.068284648100136,0,0,-1,0,0,0.007025761124121839,-0.31461092459851364,0.34173240892839146,0.8208205732820415,0.20879120879120894,0.5120274914089347,2.112356956609287,0.05679545454545439,0.0
2022-08-04,4.55,4.4,0.029784561357527495,0.026491615446976285,0.032613232911320074,0.26055581098615493,0.033522692038643435,3.8629999999999995,3.5325,3.478333333333333,3,4,8,4.005320428510125,3.7158063775751664,83.25123152709358,0.2044220774019423,0.042063240219084766,4.548039783873951,2.5169602161260496,0.05134606697754598,0.0485150416329073,0.06446526345078363,-61976961.0,2.003860441820549,0,0,-1,0,0,0.006818181818181672,0.14675271860305156,0.06041802147906251,0.7701524100397061,0.1607142857142856,0.4218749999999998,-1.394360768232995,0.05054945054945045,0.0
2022-08-05,4.38,4.55,0.01567781271922979,-0.00974229149267794,-0.006904515346544487,-0.3905639525894697,-0.03807850857450426,3.9859999999999998,3.585,3.477333333333333,4,5,8,4.07344398696283,3.7586575790219303,76.16822429906541,0.22506307084216592,0.078663206343701,4.663097739929586,2.5069022600704143,0.03825914161827295,0.0497930059638368,0.06487396671575509,-63097644.0,1.4748198990787686,0,0,-1,0,0,-0.01098901098901095,-0.4629918909390711,0.48324231373718857,0.7904394648640093,0.08415841584158423,0.3153153153153152,-2.151894997621473,0.04920091324200904,0.0
2022-08-08,4.39,4.38,-0.022472855852058514,0.007561265546317842,0.0023068060979148704,-0.1553490303155984,0.0022805026987250815,4.104,3.654,3.488,0,8,8,4.130999625696861,3.79938934811729,74.62686567164178,0.2394676888270455,0.11082410284036989,4.753576952142682,2.5544230478573176,0.039346179013815194,0.04257861399297162,0.06313860334202069,-62138209.0,1.3386966661420083,0,0,-1,0,0,0.004566210045662206,-0.6507097284167144,0.4691876406175974,0.6759145427713068,0.052757793764987904,0.4584717607973421,-1.4306626234656206,0.05466970387243741,0.0
2022-08-09,4.37,4.39,-0.011428695823622968,-0.04465027373773882,-0.044766013869706425,0.6414431983523224,-0.004566217979581083,4.212999999999999,3.722,3.506666666666667,1,9,8,4.174454239206522,3.8362029385613354,74.6268656716418,0.24642894008212757,0.13794507028872144,4.822097603324947,2.6219023966750536,0.040988991752808096,0.04270271074889491,0.061838851432198444,-63960387.0,1.178077287036129,0,0,-1,0,0,-0.009111617312072901,0.33624941832704586,0.4619327195555472,0.6778845176994042,0.023419203747072626,0.451827242524917,-0.6023622379329843,0.052631578947368314,0.0
2022-08-10,4.23,4.37,0.05805201190796461,0.061709179858005156,0.009592399691439508,0.5240295240442914,-0.03256101604931207,4.272,3.784,3.538,2,10,8,4.1845534684417,3.8616092005896365,68.44660194174759,0.2379065136856009,0.15793735896809735,4.849623612824771,2.718376387175229,0.03423951966348499,0.043887493791852084,0.0561956084086293,-67037716.0,0.8370685383326619,0,0,-1,0,0,0.05491990846681927,1.6514453050021713,0.45789097580191424,0.6966923654347904,-0.03863636363636358,0.4147157190635451,0.5497691621334553,0.11082742316784866,0.0
2022-08-11,4.78,4.23,0.0299167610379926,0.06667198679020192,0.044347990454308345,1.140665333628401,0.12223855344517788,4.3580000000000005,3.8745,3.6,3,11,8,4.292816474179572,3.9208602199064346,85.58951965065505,0.2723928575209644,0.18082845867867078,4.956359510287355,2.7926404897126442,0.0466612570829643,0.04999476745014667,0.05541435588632079,-57409217.0,1.6739696631395105,0,0,-1,0,0,0.12293144208037814,3.829547615120553,1.084632139011481,0.7936423291655693,0.05054945054945059,0.6094276094276094,1.8959018489349342,0.12552301255230136,0.0
2022-08-12,4.84,4.78,0.012552466071119879,-0.017215615054088067,0.0259169435352289,-1.0286772635523949,0.012474174225175598,4.438000000000001,3.9564999999999997,3.658666666666667,4,12,8,4.392304387965105,3.9801595605576328,85.58951965065505,0.30109420545441523,0.2048816080338197,5.071210724806756,2.8417892751932436,0.04659587028310449,0.048512563692250404,0.054983132947521454,-53967226.0,1.5851646177588572,0,0,-1,0,0,0.006276150627614929,0.6406959859762148,0.9968030469569843,0.7701130739512558,0.10502283105022836,0.5125,1.8376094668384888,0.08264462809917344,0.0
2022-08-15,4.61,4.84,0.004149383546811618,-0.009235571033081837,0.013259862788337969,-0.7006268755760532,-0.048686863719983084,4.482,4.024,3.716,0,15,8,4.431885408335085,4.020794427618431,77.14285714285717,0.30180216516917646,0.22426571946089105,5.124533841751954,2.923466158248046,0.0507523441998766,0.050948192730287264,0.054344403323652285,-55675397.0,1.0649377198017638,0,0,-1,0,0,-0.0020661157024792947,-0.2334966111411659,1.1136348975330848,0.8087774862751739,0.05011389521640108,0.41411042944785303,1.643006698782677,0.06399132321041212,0.0
2022-08-16,4.65,4.61,-0.03797924806521633,-0.016904973881645084,-0.01437282895775866,-0.002795192544206997,0.00863936259070786,4.5200000000000005,4.0865,3.767,1,16,8,4.4715426068196145,4.061388335514017,73.70892018779347,0.30210837673864344,0.23983425091644153,5.179776581753099,2.993223418246901,0.050554144761698984,0.05066481331525827,0.05305988346160512,-53971994.0,1.0308461909911446,0,0,-1,0,0,0.008676789587852502,-0.24895300192891645,1.1054034394326688,0.8042789775221237,0.06407322654462244,0.36764705882352966,1.4950993624562519,0.05993548387096768,0.0
2022-08-17,3.97,4.65,-0.07361181734324596,-0.08731072196024794,-0.12560867648777377,0.7985602660712975,-0.1581011249001659,4.477,4.1160000000000005,3.802333333333333,2,17,8,4.38035304194332,4.055492313867951,50.988142292490124,0.24466044133878206,0.24079948900090964,5.159726118541418,3.0722738814585835,0.06972281514876903,0.06236611099453166,0.058903388108653566,-57757533.0,-0.2797668802310551,0,0,-1,0,0,-0.07096774193548389,0.734670162569209,1.59578312133719,0.9900313195786916,-0.061465721040189214,0.1745562130177516,5.999660320766648e-05,0.10327455919395469,0.0
2022-08-18,3.89,3.97,-0.08953982334298843,-0.0934811898111525,-0.05182506786458602,-0.6967635013544591,-0.020356937068744085,4.4110000000000005,4.1370000000000005,3.825333333333333,3,18,8,4.291197943408171,4.0448153903926,46.98795180722891,0.1904814555828933,0.23073588231730638,5.1421886442482005,3.1318113557518004,0.06817648353256558,0.06258467170015321,0.05678624286812345,-59643470.0,-0.49145004057370034,0,0,-1,0,0,-0.005037783375314866,-0.2302461168597293,1.0305355863683445,0.993500863219364,-0.18619246861924688,0.12103746397694515,-1.530923265145166,0.05655526992287922,0.0
2022-08-19,3.65,3.89,-0.02824321231339505,-0.025446665661164262,-0.029691789807402925,-0.505902285613224,-0.06368199003595484,4.338,4.162,3.836,4,19,8,4.1746164991521395,4.01934342972211,39.99999999999999,0.12671750428602468,0.20993220671105006,5.085371397023605,3.238628602976394,0.06954602524655273,0.06035451966468894,0.05782937968025404,-60780617.0,-1.1089795539484548,0,0,-1,0,0,-0.012853470437018063,-0.6038662304754735,0.9283887287422996,0.9580982971891463,-0.24586776859504134,0.15873015873015883,-1.093830892478288,0.06301369863013698,0.0
2022-08-22,3.66,3.65,-0.06732016409944794,-0.05292240145434244,-0.03060044044871704,-0.19387307811522422,0.0027359798188748455,4.265,4.184500000000001,3.857666666666667,0,22,8,4.08104986294266,3.996159982643264,37.84860557768925,0.07611363926100179,0.18316849322104042,5.028736808882974,3.3402631911170273,0.0695594142297087,0.06032378647167721,0.054614930690741116,-59843878.0,-1.2425423636621036,0,0,-1,0,0,-0.016438356164383577,-0.712339761270892,1.0130958582762422,0.9576104228749224,-0.20607375271149675,0.1401869158878506,-1.3543591214694668,0.038251366120218615,0.0
2022-08-23,3.69,3.66,0.019310944913087522,0.058063800954761116,0.0028208763416412634,0.8353537076856696,0.008163310639160835,4.197000000000001,4.205,3.880333333333333,1,23,8,4.0099498878621755,3.9764077256985377,35.26970954356844,0.03799250695637113,0.15413329596810657,4.973251603522579,3.4367483964774217,0.0699049194404212,0.06024040922472593,0.05459404768595901,-57684105.0,-1.340706606113487,0,0,-1,0,0,0.0,-0.1328437415182983,1.0115477248831852,0.9562868501123165,-0.2064516129032259,0.125,-1.3592692873113863,0.09485094850948513,0.0
2022-08-24,3.79,3.69,0.013568729206068796,-0.012903404835907841,0.044084273132019285,-0.5061906774655667,0.026739561041899087,4.1530000000000005,4.2125,3.9070000000000005,2,24,8,3.9699589991599615,3.9643814208147616,33.89830508474576,0.015669767891986375,0.12644059035288255,4.960180624189699,3.4648193758103014,0.07075698924659844,0.055516451395178315,0.05462379570812774,-56382221.0,-1.1301616929230605,0,0,-1,0,0,0.005420054200542011,-0.5091744923882011,0.5405369464482214,0.8812963443866799,-0.04534005037783384,0.041208791208791284,-1.02668394721758,0.0369393139841689,0.0
2022-08-25,3.83,3.79,0.03183292657321097,0.012903404835907782,0.008053734807096823,-0.2902929810867533,0.01049878409821957,4.058,4.208,3.935666666666667,3,25,8,3.9445119084036047,3.9557116517299384,37.66816143497757,0.0011927527516051306,0.10139102283262708,4.964128644024953,3.451871355975048,0.05246638265032746,0.052815284783023254,0.05453938124144178,-55408354.0,-0.9998298648967092,0,0,-1,0,0,0.010554089709762543,-0.6167211217292804,0.5437239558527811,0.838416653753601,-0.015424164524421635,-0.022959183673469385,-1.8271565723122467,0.04177545691905997,0.0
2022-08-26,3.58,3.83,0.0,-0.010309369658861213,-0.04652001563489293,0.11112586507844327,-0.06750200277994568,3.932,4.1850000000000005,3.9483333333333333,4,26,8,3.8782370159665853,3.931472190328007,33.603238866396765,-0.03010625059486527,0.07509156814712861,4.989107874407056,3.380892125592945,0.05277714742030756,0.054241502289852306,0.054675184979004705,-56496685.0,-1.5047732257220439,0,0,-1,0,0,0.0,-0.5245307669249902,0.5682516126532294,0.8610571547849384,-0.019178082191780743,-0.11386138613861385,-1.8619244734823428,0.08100558659217878,0.0
2022-08-29,3.57,3.58,-0.08724876571478027,-0.05183884813812464,-0.019802627296179643,-0.2756871985380042,-0.002797204621061254,3.8280000000000003,4.154999999999999,3.958666666666667,0,29,8,3.8221939221544785,3.9081514038552325,33.739837398373965,-0.05508289138660283,0.049056676240382326,5.004928789586304,3.3050712104136943,0.052868201704599715,0.053552779211410634,0.054632700754597155,-57322783.0,-1.3765859144146484,0,0,-1,0,0,-0.019553072625698404,-0.6388377855381653,0.565876871405142,0.8501240148584535,-0.024590163934426257,-0.14388489208633093,-1.7322465183070057,0.04621848739495799,0.0
2022-08-30,3.56,3.57,0.033616610798985064,0.014895332946440333,0.005698021114637796,-0.12372093255810551,-0.0028050509276086096,3.719,4.1195,3.964,1,30,8,3.7745222999445733,3.8856900229613465,35.62231759656652,-0.07482148013925682,0.0242810449644545,5.007655391808899,3.231344608191102,0.05220305211051411,0.05308727570922984,0.054158833644483644,-58052745.0,-1.2599146616910615,0,0,-1,0,0,0.016806722689075647,-0.6720505162210066,0.5556951014835492,0.8427343758512534,-0.035230352303523005,-0.1662763466042153,-1.5341014237110948,0.05617977528089892,0.0
2022-08-31,3.54,3.56,-0.01666705248521176,-0.018996500690655147,0.0028368813351995355,0.22224830960358827,-0.00563381771825602,3.6759999999999997,4.0765,3.969333333333333,2,31,8,3.7318818817728325,3.863387440834808,15.555555555555543,-0.09102896158205676,0.0012190436551522514,4.990376071293819,3.1626239287061813,0.03025192871350477,0.0523309464255171,0.054157365242045286,-58964381.0,-1.1741198108851911,0,0,-1,0,0,0.002808988764044884,-0.5684562945171575,0.4729095798314169,0.8307280206873763,-0.06596306068601587,-0.19545454545454555,-1.9741471143137133,0.03389830508474579,0.0
2022-09-01,3.46,3.54,-0.01694955831377332,-0.027779564107075706,-0.06133308801680816,0.27049580962267794,-0.022858138076050208,3.633,4.022,3.969,3,1,9,3.68244881235959,3.8373624446519172,12.087912087912102,-0.10907153010183368,-0.020839071096244936,4.946920480223059,3.0970795197769414,0.030344191597683444,0.05137259491022245,0.054161847879343784,-60159184.0,-1.2152396060350297,0,0,-1,0,0,-0.00847457627118651,-0.41302078842901707,0.4241086764497755,0.815514662019067,-0.09660574412532641,-0.2395604395604395,-1.7748647519399015,0.06647398843930635,0.0
2022-09-02,3.36,3.46,-0.002853068982406399,-0.005649732542119021,0.008995562908578003,-0.24745466227540805,-0.029327615094520063,3.604,3.971,3.9759999999999995,4,2,9,3.623821755566937,3.8065648675776003,13.017751479289956,-0.12994167318596794,-0.04265959151418954,4.924837677903679,3.017162322096321,0.025699270177544274,0.05119008337107592,0.05156171835527831,-61092069.0,-1.2811404165598512,0,0,-1,0,0,0.011560693641618507,-0.5381483844433524,0.19549596346958092,0.8126173811551789,-0.06145251396648055,-0.23287671232876717,-0.7165359084497868,0.05357142857142849,0.0
2022-09-06,3.48,3.36,-0.008608374536600164,0.027934777331554066,0.01775194545845032,0.20122941170558964,0.03509131981127019,3.586,3.9255000000000004,3.985,1,6,9,3.5976723454638573,3.785496166443562,16.949152542372886,-0.13523945852896846,-0.06117556491714533,4.881995247188371,2.96900475281163,0.02911081550963015,0.052213297013659295,0.05182471816960564,-59951239.0,-0.9315257996514945,0,0,-1,0,0,0.03273809523809534,-0.4398239386733895,0.4003207254486189,0.8288603941733638,-0.025210084033613356,-0.20728929384965822,1.2258670512597214,0.06321839080459762,0.0
2022-09-07,3.5,3.48,-0.0028860048891349867,-0.012474174225175688,0.00584796988242312,-0.3303862907543312,0.0057306747089850745,3.5669999999999993,3.882,3.9923333333333333,2,7,9,3.579913737197701,3.767077058931074,28.828828828828833,-0.1362535130452338,-0.07619115454276303,4.832492393169397,2.9315076068306034,0.029000874460807836,0.052322950324581605,0.05171730360422054,-59131386.0,-0.8037939130185551,0,0,-1,0,0,-0.005747126436781614,-0.5703729344536624,0.40759874855676,0.8306010865201754,-0.016853932584269704,-0.1990846681922197,0.856836959927599,0.04428571428571423,0.0
2022-09-08,3.46,3.5,0.03129700672191478,-0.004192878260036039,-0.020619287202735818,0.43321685193959925,-0.011494379425735134,3.534,3.8435,3.9863333333333335,3,8,9,3.5581112395253918,3.7472656357742307,29.90654205607477,-0.13868613680532516,-0.08869015099527545,4.797014827527601,2.8899851724723997,0.026751127383879057,0.05206252714210494,0.04770629452426415,-60395772.0,-0.8043923155225384,0,0,-1,0,0,0.019999999999999955,-0.306577335012804,0.4118966864324276,0.8264669966613599,-0.02259887005649719,-0.182033096926714,1.0411639992824138,0.0606936416184971,0.0
2022-09-09,3.5,3.46,-0.022663859577211832,0.0007560166683751013,0.027881483244520364,0.10441953751242421,0.011494379425735212,3.501,3.7795,3.9723333333333333,4,9,9,3.547545559611684,3.731313014111377,41.3793103448276,-0.13582068662527913,-0.0981162581212762,4.635155488960756,2.9238445110392446,0.026833561759622336,0.04101833261017064,0.04548593708944635,-58992220.0,-0.6533003144512507,0,0,-1,0,0,0.008670520231213945,-0.07699217535905042,0.38688682030258337,0.6511458436862546,0.011560693641618602,-0.2677824267782427,0.10015966104835165,0.033628571428571466,0.0
2022-09-12,3.38,3.5,0.008559253395669911,-0.010608313111386764,-0.0576045846967266,0.26405710362281376,-0.034887259000440665,3.4810000000000003,3.7064999999999997,3.9503333333333335,0,12,9,3.517082730591378,3.7086476583622563,35.71428571428571,-0.14160051128051032,-0.10681310875312303,4.4182147565816186,2.994785243418381,0.020641296224973172,0.04072198511528464,0.045387651384348686,-60819929.0,-0.9175024038230885,0,0,-1,0,0,0.0057142857142857195,0.6358871659336559,0.41529597526981704,0.6464414730475024,0.005952380952380931,-0.30165289256198347,-0.1518752745771232,0.08088757396449707,0.0
2022-09-13,3.21,3.38,-0.07980599326835956,-0.05974099535618362,-0.019067062717225667,-0.23932612221860933,-0.05160477235300295,3.4450000000000003,3.6365000000000003,3.9183333333333334,1,13,9,3.4612495068474907,3.6764768416937237,28.571428571428584,-0.15807643645164005,-0.11706577429282644,4.241436708302462,3.0315632916975384,0.024954206718966237,0.04083620204492915,0.045560905748483774,-62258625.0,-1.4100648684283679,0,0,-1,0,0,-0.03846153846153843,0.09503579334500495,0.41726588050830504,0.648254610595619,-0.07758620689655171,-0.30368763557483736,-0.39667561166040705,0.040498442367601216,0.0
2022-09-14,3.23,3.21,-0.012384059199721666,-0.02278002833182,-0.0317486983145803,0.20120159095075185,0.0062112000926406764,3.412,3.5655,3.883666666666667,2,14,9,3.4192041419661288,3.6476718841650966,23.076923076923094,-0.16758804236689384,-0.12717022790763993,3.969557056939164,3.161442943060836,0.02541459202186879,0.040758554135221746,0.04524998847841933,-60499285.0,-1.660656554504944,0,0,-1,0,0,0.0,0.5546724171953521,0.418845288605125,0.6470219882421602,-0.07714285714285718,-0.30537634408602155,-0.394993008977261,0.047987616099071144,0.0
2022-09-15,3.17,3.23,0.021572485254127763,0.03174869831458027,0.020750944105038974,-0.22527445923546474,-0.018750549345375917,3.375,3.5254999999999996,3.8426666666666667,3,15,9,3.373894297972287,3.6168543432512195,18.8679245283019,-0.17791664480913694,-0.13731951128793934,3.9192124251066867,3.1317875748933126,0.02553110611710342,0.02724505982503492,0.04468589188091795,-61903761.0,-1.805886618405133,0,0,-1,0,0,0.015479876160990657,0.37210478841416744,0.417384653937641,0.4325019165127161,-0.08381502890173409,-0.20151133501259455,-0.1292797804329467,0.061514195583596165,0.0
2022-09-16,3.01,3.17,-0.04362062247589029,-0.0649195460993156,-0.0535407669280298,1.1897652413539146,-0.051791509128404904,3.3299999999999996,3.4814999999999996,3.7913333333333337,4,16,9,3.307731698340962,3.5777024501382377,20.61855670103094,-0.19674484735153097,-0.14920457850065766,3.8996299218880686,3.0633700781119306,0.02834330710863845,0.028601037882211668,0.04448267876518559,-66519304.0,-2.2552798798561846,0,0,-1,0,0,-0.00946372239747628,3.8224529521795527,0.3799326491679456,0.4540274008480173,-0.14,-0.22622107969151684,0.8647855581487573,0.04943521594684387,0.0
2022-09-19,3.0,3.01,-0.045610511252052295,-0.022091830890314135,-0.005012541823544286,-1.0379634905226052,-0.0033277900926745796,3.2939999999999996,3.4490000000000003,3.745333333333334,0,19,9,3.251780480460787,3.5404313243228676,20.618556701030954,-0.21005190236506976,-0.16137404327354007,3.910754092677516,2.9872459073224844,0.027947445029656192,0.026175330401522846,0.0442657100285098,-68154015.0,-1.9447580741361268,0,0,-1,0,0,-0.003322259136212554,0.2569713961553398,0.41703736172602984,0.41552048836426747,-0.1124260355029586,-0.17808219178082185,-0.13816491884849602,0.03166666666666673,0.0
2022-09-20,3.01,3.0,0.0033277900926745245,0.04134134015644133,-0.011794576492836816,-0.16888772604671343,0.0033277900926745245,3.247,3.4165,3.6993333333333336,1,20,9,3.20782039310428,3.506209948560102,21.64948453608247,-0.21728618304673075,-0.17255647122817824,3.9063667917744387,2.9266332082255615,0.023460478646970286,0.026190183873582358,0.044277459657760615,-66773332.0,-1.65963485104814,0,0,-1,0,0,0.0033333333333332624,-0.07159555394718707,0.36928435742325255,0.41575627992331937,-0.06230529595015577,-0.17759562841530063,-1.4320769198899856,0.08637873754152818,0.0
2022-09-21,2.99,3.01,0.003316752625994042,-0.028437935320533514,-0.003395589001138272,-0.21739340403076735,-0.006666691358189122,3.1959999999999997,3.3815,3.6533333333333338,2,21,9,3.1682166852671383,3.4729060809110637,21.649484536082483,-0.22207331254892404,-0.1824598394923274,3.8888055759279503,2.8741944240720496,0.02260433506322736,0.025873808600629402,0.04426774329933227,-67884248.0,-1.5434484404547617,0,0,-1,0,0,0.0033222591362127014,-0.33789778280299837,0.33799426683521483,0.4107339781640971,-0.07430340557275539,-0.1897018970189701,-1.5369042130888124,0.06020066889632112,0.0
2022-09-22,2.89,2.99,-0.00998344398418315,-0.03423317164224221,-0.031090587070031005,0.3281800295858454,-0.03401688527825424,3.1390000000000002,3.3365,3.6086666666666667,3,22,9,3.1176318334003854,3.435299236981318,21.212121212121204,-0.23127037056290556,-0.19222194570644305,3.850852940467522,2.8221470595324782,0.023238878972109942,0.02480744960035699,0.044290893198252405,-69426687.0,-1.7361619420087426,0,0,-1,0,0,0.0,0.17356056827917624,0.3630791375775929,0.3938060538258796,-0.08832807570977907,-0.237467018469657,-0.7974728390297859,0.05709342560553634,0.0
2022-09-23,2.8,2.89,-0.04795439312203598,-0.05277820534738765,-0.0540672212702757,0.3751681934368647,-0.0316370849431827,3.069,3.285,3.542666666666667,4,23,9,3.0598805909639513,3.394312189434136,21.42857142857143,-0.2430199701970741,-0.20238155060456928,3.7975580839991165,2.7724419160008837,0.021112918820722235,0.024458721404838745,0.03539437007529933,-71671300.0,-1.892468444613728,0,0,-1,0,0,-0.013840830449827002,0.9355792171855317,0.2680170421853648,0.38827016534289405,-0.06976744186046513,-0.2689295039164491,-0.4096186539254115,0.05714285714285704,0.0
2022-09-26,2.74,2.8,-0.014134510934904806,0.01733145635163994,0.0036968618813259814,-0.4897049168126105,-0.021661496781179193,3.005,3.243,3.4726666666666666,0,26,9,3.00172048351596,3.3520984997932244,9.782608695652158,-0.25424236341248196,-0.21275371316615183,3.7902649699803366,2.695735030019663,0.02065888880146322,0.02152849994631143,0.0349561574653517,-73046815.0,-1.838232036002861,0,0,-1,0,0,0.003571428571428654,-0.12332239265594186,0.25187165393734107,0.34175434174924463,-0.08666666666666656,-0.23463687150837986,0.49780361614288643,0.07299270072992707,0.0
2022-09-27,2.78,2.74,0.0035524016043677006,-0.0034423441909729015,0.007352974305258733,-0.14960117664917416,0.014493007302566606,2.9619999999999997,3.2035000000000005,3.4116666666666666,1,27,9,2.9614076683312396,3.3151889191614035,11.70212765957443,-0.25694660466771646,-0.22159229146646475,3.7652369678522035,2.6417630321477974,0.020477621922088796,0.022302301621799744,0.03499675788311869,-71862426.0,-1.5078231422768908,0,0,-1,0,0,0.029197080291970663,-0.3800701128952758,0.31610915842289267,0.3540380625338077,-0.07641196013289031,-0.22128851540616246,0.9858040807097368,0.06115107913669063,0.0
2022-09-28,2.85,2.78,-0.014285957247476541,-0.010398707220898511,0.003656311203110479,0.10139687587695312,0.024868066578013524,2.9240000000000004,3.168,3.3516666666666666,2,28,9,2.9411517286346505,3.28517673082841,18.55670103092781,-0.25055310018486354,-0.2273844532101445,3.724591128396491,2.6114088716035093,0.02325503106932826,0.023752676099963208,0.03552517526596576,-70551644.0,-1.1426700275160369,0,0,-1,0,0,0.0,-0.26730235188376783,0.4323529724935537,0.3770620435966214,-0.04682274247491647,-0.199438202247191,0.5752619855669034,0.04561403508771926,0.0
2022-09-29,2.67,2.85,0.007168489478612497,-0.01403531811638348,-0.03717900324175413,1.0954529520983234,-0.06524052186840108,2.8739999999999997,3.1245000000000003,3.308333333333333,3,29,9,2.891851414337441,3.245487909484642,12.612612612612594,-0.25704761262496545,-0.2333170850931087,3.6945036934314244,2.554496306568576,0.028333700217649735,0.026427391674373357,0.02726287965655513,-74471586.0,-1.594726508749123,0,0,-1,0,0,-0.0175438596491229,2.366212727253746,0.567465543033378,0.41952183702294454,-0.0761245674740485,-0.2457627118644068,-0.20475739040621893,0.07116104868913856,0.0
2022-09-30,2.61,2.67,-0.05884050002293335,-0.014235115821871985,-0.011428695823622857,-1.0004335501030974,-0.022728251077556175,2.834,3.082,3.2656666666666667,4,30,9,2.8406057026397247,3.2044886895178912,13.333333333333314,-0.2639929131108012,-0.23945225069664722,3.6730418989504345,2.490958101049565,0.02589867958655361,0.026425148366748,0.02728782933867914,-75913027.0,-1.5971794921414948,0,0,-1,0,0,-0.011235955056179702,-0.2608994509746621,0.5553193213756863,0.4194862256183991,-0.06785714285714284,-0.24566473988439308,-0.4308338609294043,0.06896551724137938,0.0
2022-10-03,2.72,2.61,0.007547205635382904,-0.01991015995932975,-0.04305948946044688,-0.0655839014271742,0.04128165897330403,2.806,3.05,3.2346666666666666,0,3,10,2.8186773930688656,3.1732313547102855,25.25252525252526,-0.25765099282921033,-0.24309199912315985,3.6469395631924617,2.453060436807538,0.03136632317640514,0.02892559253327431,0.027463158701160114,-74563088.0,-1.1056395667097136,0,0,-1,0,0,0.019157088122605467,-0.38528884493318544,0.6694900035394311,0.45917954620938384,-0.007299270072992692,-0.19047619047619035,-0.852759883550778,0.08639705882352935,0.0
2022-10-04,2.93,2.72,0.0584107621564143,0.07905783246202455,0.10975086395911929,-0.0636608913853387,0.07437054272106994,2.798,3.0225,3.2103333333333333,1,4,10,2.8389178670563444,3.157539009245106,37.288135593220346,-0.23299392146523834,-0.24107238359157557,3.5857565088270036,2.4592434911729963,0.04167739041812889,0.03350967426624222,0.03164386734797828,-73296409.0,-0.3284471588002898,0,0,-1,0,0,0.03676470588235281,-0.4834014251985371,0.8756576583323423,0.5319495877395464,0.05395683453237421,-0.15804597701149425,-0.3737613451170283,0.058020477815699634,0.0
2022-10-05,2.84,2.93,0.014084739881739023,-0.023932766211628136,-0.01808367543329535,-0.16598571860912245,-0.031198370855861395,2.7830000000000004,2.9895,3.1820000000000004,2,5,10,2.839114618500645,3.1370526215518733,36.36363636363635,-0.2181999889553996,-0.2364979046643404,3.510732345402582,2.468267654597418,0.04266435012750397,0.03371179039533767,0.03180073155114184,-74369360.0,-0.5736405321681697,0,0,-1,0,0,-0.02389078498293525,-0.7146779254863657,0.9109746793602322,0.5351580818207959,-0.0035087719298246833,-0.1885714285714286,0.48297087208548384,0.052816901408450675,0.0
2022-10-06,2.86,2.84,-0.0035026305512020003,0.06367309486114221,0.03231879125516731,0.4455382699662089,0.00701757265864654,2.7800000000000002,2.9595,3.1510000000000002,3,6,10,2.8429119605914366,3.1191782588711074,42.990654205607484,-0.2025272499353794,-0.22970377371854822,3.433651874402219,2.4853481255977807,0.041498868746041306,0.03391883146879605,0.031238851458706418,-72694129.0,-0.41969674853840155,0,0,-1,0,0,0.003521126760563462,-0.07999139022931341,0.7171386595775887,0.5384447569700762,0.07116104868913853,-0.17341040462427748,0.5461063198838447,0.08741258741258742,0.0
2022-10-07,2.64,2.86,-0.017699577099400975,-0.08996733539382938,-0.08092649032054433,-0.30139387238972054,-0.08004270767353637,2.7640000000000002,2.9165,3.1113333333333335,4,7,10,2.806018876847539,3.0882635324923267,35.9375,-0.2054898931540481,-0.2248609976056482,3.3372399496866114,2.4957600503133888,0.047389666489116994,0.03675697113294468,0.03337311416000703,-73933442.0,-1.314351062721528,0,0,-1,0,0,-0.020979020979020997,-0.5478803591895074,0.9583039380906082,0.5834988273945102,0.011494252873563315,-0.24571428571428566,-0.21406221961160846,0.07765151515151518,0.0
2022-10-10,2.62,2.64,-0.04380262265839277,-0.038013626700044205,-0.03509131981127006,-0.24607882114925475,-0.007604599385219304,2.752,2.8785,3.079333333333333,0,10,10,2.772197262875259,3.058052982008951,34.88372093023257,-0.2070647288022469,-0.22130174384496795,3.258265855840529,2.498734144159471,0.04705255603324932,0.036440420676657356,0.03181021144428957,-74902412.0,-1.3613651465736234,0,0,-1,0,0,0.015151515151515164,-0.7833760044740318,0.895771568388708,0.5784737446860685,-0.03676470588235292,-0.2248520710059171,0.49582510610816755,0.07251908396946563,0.0
2022-10-11,2.62,2.62,-0.030305349495328922,0.007352974305258733,0.0,0.04256146345954043,0.0,2.7359999999999998,2.8489999999999998,3.0476666666666663,1,11,10,2.7445250332615756,3.029791499298696,35.43307086614173,-0.20593886238642245,-0.21822916755325888,3.2116162245610624,2.486383775438937,0.0466545489307332,0.035380130418272863,0.03183569128529784,-74902412.0,-1.2630433195712527,0,0,-1,0,0,-0.007633587786259549,-0.7065754945210978,0.5399298855127379,0.5616421586386898,-0.10580204778156999,-0.1838006230529594,-1.411240369713224,0.08015267175572517,0.0
2022-10-12,2.71,2.62,0.0,0.003656311203110479,0.009871748479154091,-0.24164868356206604,0.03377431711860405,2.722,2.823,3.019333333333334,2,12,10,2.7382477544867436,3.0091597896665223,42.857142857142854,-0.19553040451207115,-0.21368941494502136,3.14261160640142,2.50338839359858,0.04739639498875537,0.036576990746043064,0.032823350642803645,-74108362.0,-0.7071082384791522,0,0,-1,0,0,-0.007633587786259549,-0.8676086714529485,0.6560864505678581,0.580641727326845,-0.04577464788732388,-0.16099071207430338,-1.385824394829409,0.07195571955719568,0.0
2022-10-13,2.75,2.71,0.007662872745569097,0.010889399799268097,0.001962709167848689,0.30693172201368474,0.014652276786870415,2.73,2.802,2.9930000000000003,3,13,10,2.7403845263982447,2.992439803236424,47.93388429752067,-0.18195647991521957,-0.207342827939061,3.077803133448804,2.5261968665511962,0.04277134916554641,0.03683318965037977,0.03309542179291494,-73029051.0,-0.3770805599614596,0,0,-1,0,0,-0.03321033210332098,-0.549777734413271,0.6698383685619614,0.584708758849098,-0.038461538461538436,-0.13249211356466872,-1.4356423447931863,0.08000000000000007,0.0
2022-10-14,2.71,2.75,0.07001016557264887,0.03546470957228268,0.05715841383994883,-0.3680745499855687,-0.014652276786870375,2.74,2.787,2.9680000000000004,4,14,10,2.734860067053109,2.9742178804469774,48.73949579831932,-0.17243894377905145,-0.2003620511070591,3.047372203220027,2.5266277967799726,0.04230162012445221,0.03542138276628995,0.03300420503326523,-73776005.0,-0.5914609858328936,0,0,-1,0,0,0.021818181818181837,-0.9889002462907882,0.30956639481963877,0.562297019361794,0.02651515151515138,-0.09966777408637872,0.8325723241764103,0.06273062730627303,0.0
2022-10-17,2.84,2.71,-0.003565066164496257,0.008673081253428864,0.029199154692262135,0.2594753540432588,0.046855417281505156,2.752,2.779,2.950666666666667,0,17,10,2.753976418497998,2.965558662353624,52.34375,-0.15264669815921517,-0.19081898051749033,3.0210004349695265,2.5369995650304733,0.04291215286350239,0.03732726284916924,0.03425243027750641,-72807766.0,0.5041313252819667,0,0,-1,0,0,0.03321033210332098,-0.6088118307118223,0.40066637889817336,0.5925519277298527,0.08396946564885477,-0.053333333333333344,0.06171338277621374,0.04049295774647895,0.0
2022-10-18,2.79,2.84,0.055569851154810786,0.03228827637763646,-0.0036036075032985443,-0.17209209113376914,-0.017762456339840388,2.738,2.7680000000000002,2.9276666666666666,1,18,10,2.760526160589271,2.9542322970404875,47.61904761904762,-0.13938899349228695,-0.18053298311244967,2.984440097460238,2.5515599025397626,0.0349622471288428,0.0374610476322188,0.03343960963653578,-73622928.0,0.2032895037301619,0,0,-1,0,0,0.042253521126760604,-0.7780990229125929,0.46127396750556593,0.5946756953207759,0.06488549618320616,-0.07308970099667766,0.05226127173862439,0.07885304659498214,0.0
2022-10-19,2.71,2.79,-0.06273834063342336,-0.06744128079553265,-0.044287680201116356,-0.17453023003347737,-0.02909296094166478,2.725,2.754,2.9013333333333335,2,19,10,2.751339585936676,2.938475374650779,51.724137931034484,-0.13379519076472457,-0.17118542464290465,2.944666421295541,2.563333578704459,0.03479647310407012,0.037891519880545725,0.03358456125729414,-74307543.0,-0.4615390554983793,0,0,-1,0,0,-0.0035842293906810864,-0.9164226780022989,0.49326185419322915,0.6015092304131031,0.0,-0.09364548494983282,1.070499801538188,0.05350553505535056,0.0
2022-10-20,2.68,2.71,-0.01814931850567722,0.019486887673496694,0.0,0.1060066555422077,-0.011131840368844181,2.707,2.7435,2.875333333333333,3,20,10,2.7383687521300075,2.921799544028148,53.09734513274338,-0.13028101266461434,-0.1630045422472466,2.925567078440209,2.561432921559791,0.03462185275883731,0.03730912959537636,0.0335833426737888,-75068718.0,-0.6975451085831903,0,0,-1,0,0,0.007380073800738014,-0.7435428292237672,0.47972508153393434,0.5922640712498745,-0.025454545454545396,-0.0726643598615917,1.961299391710122,0.07462686567164185,0.0
2022-10-21,2.76,2.68,-0.007352974305258806,-0.024868066578013538,-0.02677024106460478,0.26872933515304254,0.02941388520629319,2.719,2.7415000000000003,2.8506666666666667,4,21,10,2.742301706288188,2.9113608637682677,51.8181818181818,-0.11966128893758121,-0.15433589158531352,2.9218242693160983,2.5611757306839023,0.025578837631033725,0.03738927477305589,0.0341112904639418,-74072872.0,0.20518591391123386,0,0,-1,0,0,0.011194029850746195,-0.3461653155120395,0.5242861644094696,0.5935363365034011,0.01845018450184499,-0.014285714285714346,0.6091013604162194,0.07246376811594193,0.0
2022-10-24,2.73,2.76,0.018282044837449073,-0.00722024797348702,0.021093783059799413,-0.4000322633188047,-0.010929070532190206,2.7299999999999995,2.741,2.829,0,24,10,2.740065032417608,2.8996601628799925,39.130434782608674,-0.11237049355101592,-0.145942811978454,2.9213972225225717,2.5606027774774285,0.025775588793810585,0.03714531383437699,0.03373892073751936,-74740386.0,-0.1219530971284635,0,0,-1,0,0,0.0,-0.761971737970569,0.35224619142318364,0.5896635766632516,-0.03873239436619713,-0.0036496350364964014,1.6217812852227114,0.045787545787545784,0.0
2022-10-25,2.89,2.73,-0.021978906718775115,0.049480057263369716,0.016933612529439892,0.7214187994026341,0.05695489292747244,2.757,2.7465,2.818333333333334,1,25,10,2.7673259356144064,2.8990369265651545,52.52525252525254,-0.09261422373474959,-0.13527709432971313,2.938253679712626,2.554746320287374,0.030827699809271327,0.03926889226263862,0.03471359858937346,-73367076.0,1.496711825452924,0,0,-1,0,0,-0.010989010989010917,0.238470438209107,0.5669667742095447,0.6233743391275818,0.03584229390681015,0.039568345323741205,0.7651897110103402,0.07612456747404836,0.0
2022-10-26,2.7,2.89,0.06106025676124628,0.0204785313435407,0.0055814098381950445,0.038193469245536786,-0.06800472911405742,2.7560000000000002,2.739,2.8006666666666664,2,26,10,2.755084856411787,2.886195834528693,43.10344827586208,-0.09123692716947263,-0.12646906089766505,2.9253669272646534,2.5526330727353463,0.037640049912105684,0.04171345664841169,0.03650108754679075,-74793852.0,-0.4185291947708843,0,0,-1,0,0,-0.006920415224913501,0.306260053541918,0.7483282601686958,0.6621805956994271,-0.0036900369003689537,-0.05263157894736836,-0.250687033765442,0.09814814814814819,0.0
2022-10-27,2.79,2.7,-0.05001042057466142,-0.0431473311562536,0.012903404835908001,-0.5612159519933372,0.032789822822990755,2.7600000000000002,2.745,2.788,3,27,10,2.7614330643369165,2.8799896516558747,57.28155339805825,-0.08193862442266608,-0.11756297360266527,2.929733093376892,2.560266906623108,0.03887266180295256,0.03978757194866499,0.03707643212175705,-73979855.0,0.48718937335381574,0,0,-1,0,0,0.011111111111111039,-0.8362414660561511,0.7723757548860759,0.6316081238835427,0.041044776119402826,0.04494382022471921,-1.0160423108118082,0.03763440860215053,0.0
2022-10-28,2.88,2.79,0.01092907053219023,0.019214564944625454,-0.007316074617056896,0.3407061687476256,0.03174869831458027,2.777,2.7585,2.7836666666666665,4,28,10,2.782990689002932,2.8799903192909797,61.81818181818183,-0.06654036871593538,-0.10735845262531929,2.941144319286267,2.575855680713733,0.03945568114156992,0.0398289073512901,0.0365412398908393,-72835424.0,1.3304547382014886,0,0,-1,0,0,-0.0107526881720431,0.3656411647702943,0.7766402253345192,0.6322643030576753,0.04347826086956519,0.10344827586206895,-1.0361335800777662,0.062465277777777765,0.0
2022-10-31,2.85,2.88,0.03908135004247128,0.017153079226249493,0.034418004394848364,-0.0014646815493853885,-0.010471299867295366,2.778,2.7649999999999997,2.7786666666666666,0,31,10,2.7951742000933075,2.8780554599818844,60.17699115044249,-0.05611107585492503,-0.09710897727124045,2.9510956177519816,2.5789043822480178,0.03692624605965906,0.039022785924303145,0.03658090447953228,-73978180.0,0.913508883516901,0,0,-1,0,0,-0.0034722222222221483,0.4091091239643571,0.77589754667078,0.6194675221237074,0.04395604395604402,0.047794117647058876,-1.0464072007870098,0.047368421052631504,0.0
2022-11-01,2.73,2.85,0.017271586508660498,0.0033955890011383287,-0.027101929777791384,-0.15421718792464367,-0.043017385083690816,2.772,2.755,2.7693333333333334,1,1,11,2.783324345530888,2.868503494821763,50.862068965517246,-0.056873184572311164,-0.08906181873145459,2.9245194446203313,2.5854805553796685,0.0390472434139179,0.03610203351537549,0.03732583745913892,-74957620.0,-0.29495141464145047,0,0,-1,0,0,0.024561403508771874,-0.14618811084306854,0.7010172665320175,0.573102015032415,-0.05536332179930803,-0.06825938566552903,-0.17882852958614492,0.08058608058608066,0.0
2022-11-02,2.64,2.73,-0.06728200708332206,-0.05218575317057031,-0.041127291423862844,0.20572739048437103,-0.03352269203864356,2.7649999999999997,2.745,2.7576666666666663,2,2,11,2.757265373616181,2.8537613338655206,45.45454545454546,-0.06400163801673209,-0.08404978258851009,2.916985311487763,2.573014688512237,0.039401417526684794,0.036196660695634104,0.03773198470731953,-76160782.0,-1.2210345068621864,0,0,-1,0,0,0.0,0.6684623206686258,0.5635280707791994,0.5746041749498044,-0.022222222222222254,-0.07042253521126751,0.1815489311297129,0.06818181818181807,0.0
2022-11-03,2.66,2.64,-0.03352269203864356,-0.025317807984289783,0.0,-0.44118430142050424,0.007547205635382904,2.763,2.7350000000000003,2.75,3,3,11,2.739580760231421,2.84126060264839,47.89915966386555,-0.06726180367242707,-0.08069218680529348,2.9020171752881314,2.5679828247118692,0.03936105508632681,0.03620465905669339,0.0373489204608305,-75386819.0,-0.8981112256342904,0,0,-1,0,0,0.0,-0.9167694907938709,0.47948384371764874,0.5747311449953583,-0.04659498207885304,-0.0699300699300699,0.3956663148355355,0.041353383458646566,0.0
2022-11-04,2.73,2.66,0.02985296314968113,0.003656311203110479,0.0038095284166676487,-0.02536144051904042,0.02597548640326052,2.76,2.7395000000000005,2.7476666666666665,4,4,11,2.737838803825708,2.83408249925172,45.13274336283185,-0.06346550264857065,-0.07724684997394893,2.9004805480212648,2.578519451978736,0.03907755985550265,0.03225267680826176,0.03728062623880255,-74632238.0,-0.11802668231376165,0,0,-1,0,0,0.02255639097744363,-0.9088564760297655,0.44799028489583914,0.5119953717048064,-0.05208333333333326,0.03409090909090895,0.20708027452375508,0.040293040293040414,0.0
2022-11-07,2.66,2.73,0.010969031370573937,0.007272759329079657,-0.011472401162236696,-0.10800993511048691,-0.025975486403260563,2.753,2.7415,2.745,0,7,11,2.723686294039216,2.8228513702677382,44.34782608695652,-0.0653519847222035,-0.07486787692359985,2.8971345246475835,2.585865475352416,0.03978992788581169,0.03278856870566621,0.03737128220867223,-75309564.0,-1.0473254592391619,0,0,-1,0,0,0.007326007326007333,-1.1484086408512983,0.461046079329718,0.5205023918456867,-0.06666666666666665,0.01526717557251911,0.6554061918200805,0.06015037593984951,0.0
2022-11-08,2.72,2.66,-0.025784117155714555,-0.0036297680505786127,-0.0038535693159900777,0.03896225403218394,0.022305757514298186,2.736,2.7465,2.7430000000000003,1,8,11,2.7230160587593586,2.8162157979924003,50.4424778761062,-0.06129892099388501,-0.07215408573765689,2.8917801286776537,2.6012198713223467,0.03505175226228207,0.0331287809183773,0.037508738936975324,-74605327.0,-0.36481245220807823,0,0,-1,0,0,0.0075187969924812095,-0.9425906602621981,0.4348903848873585,0.5259030932926101,-0.003663003663003539,0.03816793893129766,-0.3781605233088667,0.058823529411764754,0.0
2022-11-09,2.49,2.72,0.014815085785140682,-0.010969031370573933,-0.047439725071560454,0.7651907101856512,-0.08834916983128974,2.7150000000000003,2.7355,2.7310000000000003,2,9,11,2.6806495026212933,2.7951696174767617,42.857142857142854,-0.07577245885923212,-0.07287776036197194,2.9203441733465616,2.5506558266534385,0.03893558096017474,0.03747707483394836,0.04021720191316788,-76119017.0,-2.656291464916406,0,0,-1,0,0,0.0,2.0733940047017336,0.7312837577609546,0.5949301192607079,-0.05681818181818177,-0.08118081180811798,-1.3270652051224534,0.1004016064257028,0.0
2022-11-10,2.86,2.49,-0.033648034118232875,0.053680149463623816,0.04936836597796622,0.16997207583401153,0.13853891435514484,2.722,2.741,2.7373333333333334,3,10,11,2.7132586839628763,2.7993522228008416,53.086419753086425,-0.05673295195761874,-0.0696487986811013,2.9340257686619653,2.547974231338035,0.062345155181735626,0.05057706015839292,0.04736867643560965,-74324883.0,1.232995996595642,0,0,-1,0,0,0.05622489959839344,2.4551478567063083,1.3647960243854314,0.8028859393431644,0.07518796992481191,0.040000000000000036,0.7307914064349428,0.09615384615384613,0.0
2022-11-11,2.77,2.86,0.08732818358185666,0.050944801615248544,0.04520543676804678,-0.023350164027022516,-0.03197430463251408,2.711,2.744,2.7426666666666666,4,11,11,2.7235752868787166,2.7974585310072393,51.19047619047619,-0.04834891718333312,-0.06538882238154767,2.9368620996277026,2.551137900372298,0.06241099968238971,0.05102811814076657,0.04756589792089868,-76077609.0,0.2696226998481269,0,0,-1,0,0,0.0034965034965035776,1.9601359569623982,1.4022942846280408,0.8100462628325519,0.0146520146520146,0.022140221402213944,1.2613293494111473,0.11010830324909752,0.0
2022-11-14,2.64,2.77,-0.024692612590371636,-0.07207234804112389,-0.03944173205129673,-0.15507604800823815,-0.048068403041022334,2.69,2.7340000000000004,2.74,0,14,11,2.7083797801734955,2.7872999161035468,42.424242424242415,-0.051599614529025395,-0.06263098081104321,2.926643657945154,2.541356342054847,0.06399254166765907,0.05096984831501269,0.04782122524916103,-77578556.0,-0.9758950904759346,0,0,-1,0,0,0.010830324909747223,1.144157537815346,1.4400960817950377,0.8091212580252488,-0.007518796992481258,-0.07042253521126751,1.3347146511049834,0.07575757575757582,0.0
2022-11-15,2.69,2.64,-0.01077209698191107,-0.007142887512380114,0.015209418663528708,0.3920062719081517,0.01876227645552282,2.6860000000000004,2.729,2.7319999999999998,1,15,11,2.7050380019601326,2.7810225021613824,49.66887417218542,-0.04956982339497751,-0.06001874932783007,2.920712504051371,2.5372874959486293,0.06305589916353115,0.05105284704502516,0.045718079464047046,-75357234.0,-0.4068592207167647,0,0,-1,0,0,0.0492424242424242,2.409479166259086,1.4370117927544686,0.810438822017732,-0.011029411764705954,-0.03584229390681004,1.3810525186748956,0.05204460966542756,0.0
2022-11-16,2.57,2.69,-0.007246408520767198,-0.01444068415479436,-0.03846628082779605,-0.6987061487229113,-0.04563529470661934,2.6790000000000003,2.7220000000000004,2.723,2,16,11,2.680485637967381,2.767408147183229,42.85714285714284,-0.05698728249628049,-0.05941245596152016,2.926435036648923,2.5175649633510777,0.06383980193704704,0.05163476150680484,0.046089367102234054,-76461738.0,-1.4870249492608356,0,0,-1,0,0,0.022304832713754667,-0.14008416369160348,1.3096554895033174,0.8196764277188182,0.032128514056224855,-0.05166051660516613,1.731627708332964,0.07782101167315182,0.0
2022-11-17,2.54,2.57,-0.07550755250814517,-0.06381151274495382,-0.06836281791155671,0.7395237854683405,-0.011741817876683174,2.6670000000000003,2.7150000000000003,2.7123333333333335,3,17,11,2.6549427947005846,2.7527366538165694,38.5135135135135,-0.06454241674947969,-0.060438448119112066,2.9345210096626975,2.495478990337303,0.06384527853127209,0.051640870508401916,0.04608495891571461,-78775605.0,-1.5943804218912325,0,0,-1,0,0,-0.007782101167315182,2.1734269761960836,0.43463301577203656,0.8197734051127268,-0.11188811188811187,-0.052238805970149294,1.0587875518697094,0.07814960629921265,0.0
2022-11-18,2.47,2.54,0.01941808585710173,0.011560822401076006,0.016036998909816885,-0.8425818467210217,-0.027945930390559336,2.641,2.7005,2.7066666666666666,4,18,11,2.621316832027751,2.734495579376791,37.499999999999986,-0.07531020094501217,-0.06341279868429209,2.9444564240622157,2.456543575937784,0.06338232500888838,0.05140460315235278,0.04419489352620203,-79771950.0,-1.8896817403850432,0,0,-1,0,0,0.02362204724409451,-0.5004902597781767,0.4307874876389779,0.8160227771105543,-0.10830324909747291,-0.10507246376811585,0.9535007615628474,0.0769230769230769,0.0
2022-11-21,2.37,2.47,-0.035228691883743946,-0.03906746819090951,-0.03789927259098582,0.739694500164909,-0.04132819549284606,2.612,2.6825,2.6983333333333333,0,21,11,2.57562286256816,2.7109797355460303,37.99999999999999,-0.09086547117290777,-0.06890333318201522,2.967040257070689,2.397959742929311,0.06400605626369806,0.05202608417201263,0.04476094671965543,-81859587.0,-2.196525744491507,0,0,-1,0,0,0.0161943319838055,1.5243626712861842,0.4095384754762554,0.8258884824459549,-0.10227272727272729,-0.13186813186813184,1.0749975794442728,0.07594936708860747,0.0
2022-11-22,2.4,2.37,-0.057392797996652534,-0.014042357123038769,-0.012959144642505341,-0.8140559693219404,0.012578782206859965,2.5799999999999996,2.6580000000000004,2.6910000000000003,1,22,11,2.543691433010313,2.6909165268011255,41.66666666666666,-0.09962398236373282,-0.07504746301835874,2.9515517528104076,2.364448247189593,0.06352620349011076,0.05000757284366119,0.044843874051335685,-80934644.0,-1.7577820437449871,0,0,-1,0,0,0.0,-0.712340759685701,0.3715368368336264,0.7938456084856477,-0.10780669144981414,-0.16955017301038067,0.8736212161589166,0.07291666666666678,0.0
2022-11-23,2.49,2.4,0.025001302205417186,0.014042357123038765,0.02786889900879245,-0.2746896386036894,0.0368139731227164,2.58,2.6475,2.6836666666666664,2,23,11,2.533929354281165,2.677954170233311,44.370860927152314,-0.09817126056322545,-0.07967222252733208,2.949624059564172,2.345375940435828,0.059349053530605905,0.04906345362651402,0.04493541499998799,-80231865.0,-1.042618057146464,0,0,-1,0,0,0.012500000000000105,-1.0428407694954092,0.49736828750749035,0.7788581805462373,-0.03112840466926059,-0.07777777777777772,0.49522647828147615,0.05823293172690745,0.0
2022-11-25,2.51,2.49,0.00819676720417849,0.003976148379639417,0.031220017361214127,-0.783168424178441,0.00800004266707615,2.5450000000000004,2.6335,2.6756666666666664,4,25,11,2.5295785625936804,2.6671184173150335,42.46575342465752,-0.09431888581281989,-0.08260155518442965,2.9337647954182016,2.333235204581799,0.03005537042797803,0.0484008172845107,0.044866306587231744,-79910726.0,-0.8226072578904409,0,0,-1,0,0,-0.016064257028112462,-1.6185562842183956,0.5026342382484527,0.7683391547225513,-0.011811023622047334,-0.10035842293906816,-0.1084398504374623,0.0318725099601594,0.0
2022-11-28,2.28,2.51,0.02020270731751947,-0.005970166986503908,-0.07663322602091607,1.1504328376741018,-0.09610731017734316,2.496,2.6035000000000004,2.6613333333333333,0,28,11,2.484200642122102,2.6421430355527735,38.27160493827159,-0.1085733627369998,-0.08779591669494369,2.919546299071839,2.287453700928162,0.03896301885587827,0.05132880466030013,0.04772089161369615,-80925384.0,-2.047168411400812,0,0,-1,0,0,-0.003984063745019836,-0.37170639364399444,0.8161756198933146,0.8148195133522042,-0.0769230769230771,-0.20833333333333337,-0.905363553851294,0.10745614035087725,0.0
2022-11-29,2.28,2.28,-0.08773891430800675,-0.08537961160172418,-0.031463269455784995,0.46072496788355993,0.0,2.46,2.575,2.6426666666666665,1,29,11,2.4470732526453562,2.6187789687429173,35.89743589743587,-0.11850409693415509,-0.09393755274278598,2.900123458330838,2.2498765416691624,0.037982248752237165,0.05138138343426274,0.04668906659374538,-80925384.0,-1.8146952638515286,0,0,-1,0,0,0.004385964912280803,0.633501826408616,0.7859083763154566,0.8156541755130785,-0.03797468354430389,-0.20000000000000007,-1.7715451085604657,0.04824561403508767,0.0
2022-11-30,2.51,2.28,-0.004376374599799,0.09134977858822804,0.03587828766490185,0.26813919733640007,0.0961073101773431,2.4419999999999997,2.564,2.6333333333333333,2,30,11,2.4585144794371097,2.6117609707595038,50.64102564102563,-0.10658653430304676,-0.09646734905483814,2.8818480272396876,2.2461519727603125,0.05207376848683242,0.056365998057645285,0.05054797703131646,-78822277.0,-0.33978502537175853,0,0,-1,0,0,0.0,1.3396758112148006,1.1067727604841742,0.8947824795628752,0.04583333333333339,-0.08058608058608063,-0.41213389156644903,0.09960159362549802,0.0
2022-12-01,2.58,2.51,0.08408311721054144,0.05030073847479894,0.07630819306332447,-0.08235025152692914,0.02750664578983373,2.443,2.561,2.6289999999999996,3,1,12,2.4806027559030897,2.609711875871794,38.888888888888886,-0.09045070563989377,-0.09526402037184928,2.8769546936194503,2.2450453063805496,0.05109052731555304,0.056289988188385605,0.05058557877303198,-76885422.0,0.12027040828128704,0,0,-1,0,0,-0.011952191235059684,0.9737533605952614,1.0942827450090613,0.8935758602953893,0.03614457831325302,-0.022727272727272707,-0.3045462450452875,0.07751937984496113,0.0
2022-12-02,2.54,2.58,0.019960742562537933,-0.03650741634246296,0.008130126083250309,-0.7037141854566413,-0.01562531790308087,2.443,2.555,2.6243333333333334,4,2,12,2.4914022548298007,2.605214335492969,40.49586776859503,-0.07996878055463208,-0.09220497240840585,2.8675784112138945,2.242421588786106,0.05121498629137103,0.05636990356403864,0.05062421485063631,-77843670.0,-0.09597591811761925,0,0,-1,0,0,-0.019379844961240414,-0.6468834251554123,1.1083055470071013,0.8948444775548386,0.01195219123505975,-0.045112781954887216,0.02653229846612137,0.03346456692913384,0.0
2022-12-05,2.33,2.54,0.007874056430905866,-0.0019588644853331455,-0.0778521262937178,0.3087743050051846,-0.08629581345283598,2.429,2.5349999999999997,2.61,0,5,12,2.4620563903152917,2.587458571912778,37.984496124031004,-0.08759725770373361,-0.0912834294674714,2.8515937127399633,2.218406287260036,0.05726039401474859,0.058822088819896735,0.052428936322208713,-79148569.0,-1.2950351933765516,0,0,-1,0,0,0.003937007874015664,-0.12261852312059823,1.0602333470300673,0.9337717116887976,0.021929824561403688,-0.14652014652014644,0.21090147445952018,0.113733905579399,0.0
2022-12-06,2.26,2.33,-0.09022509159272549,-0.09022509159272549,-0.015435808129839362,-0.4899456732179015,-0.030503454293414854,2.418,2.5149999999999997,2.594333333333333,1,6,12,2.42531886480342,2.5663322124345345,33.58778625954197,-0.09815977105184759,-0.09265869778434664,2.848435072191762,2.181564927808237,0.056619462507240065,0.05890650061898265,0.05262796824309642,-79948028.0,-1.529533161126772,0,0,-1,0,0,0.0,-1.0034966419275542,1.0921262120344053,0.9351117074574028,-0.00877192982456143,-0.15037593984962416,0.570826939392447,0.03539823008849561,0.0
2022-12-07,2.21,2.26,-0.03493805136128046,-0.032718294622967624,-0.0316053394153311,0.6033982794306842,-0.022372297754532984,2.399,2.4895,2.5716666666666663,2,7,12,2.386169980293707,2.543343037438758,35.483870967741936,-0.10930521859180153,-0.09598800194583763,2.8347215154591976,2.1442784845408025,0.056599226385597674,0.05859276029579237,0.051312900945812284,-81409696.0,-1.6192501769666483,0,0,-1,0,0,-0.004424778761061853,0.07257498895601781,0.6273158625271325,0.9301312342289157,-0.1195219123505975,-0.1875000000000001,-0.3558540698705343,0.03393665158371029,0.0
2022-12-08,2.15,2.21,-0.008928630744301431,-0.002219756738312888,-0.027908788117076616,-0.24595686078153922,-0.027524673390090033,2.3649999999999998,2.4725,2.5533333333333337,3,8,12,2.343229983876669,2.517966067281419,34.64566929133858,-0.12157808810496462,-0.10110601917766303,2.8496290439472616,2.0953709560527387,0.05463921554526712,0.05603317155937373,0.05027968523911088,-82552656.0,-1.7102899136301977,0,0,-1,0,0,0.009049773755656116,-0.46162066343897246,0.4277262125424473,0.889499022697921,-0.16666666666666674,-0.13654618473895597,-1.9995515773897043,0.06046511627906972,0.0
2022-12-09,2.14,2.15,-0.03189336377595373,-0.004454350349380197,-0.016647233433156394,0.4308397843571345,-0.00466201310581119,2.3280000000000003,2.4365,2.5316666666666667,4,9,12,2.3062790777172744,2.4935811597148763,36.36363636363635,-0.13060579968245722,-0.10700597527862188,2.7948749873778116,2.0781250126221886,0.054236460923379935,0.04268805104120677,0.04972062259049779,-84311156.0,-1.654691373242628,0,0,-1,0,0,0.004651162790697782,0.6376343189501947,0.46500393441053883,0.6776518020543899,-0.15748031496062986,-0.25174825174825166,-1.5734109883894012,0.07242990654205618,0.0
2022-12-12,2.15,2.14,-0.013986241974739952,-0.022574322038539176,-0.012062872449274984,-0.06961921000630969,0.00466201310581115,2.315,2.4055,2.5073333333333334,0,12,12,2.2778646999504972,2.4714146332816584,40.178571428571416,-0.1353926871043396,-0.11268331764376543,2.749377273088038,2.061622726911962,0.04709941190811882,0.04265369703494068,0.04920990207681642,-82670917.0,-1.4859952663087912,0,0,-1,0,0,-0.00467289719626179,0.4393500857663124,0.24010399236910482,0.677106449111677,-0.07725321888412029,-0.22382671480144412,0.6652249141890971,0.06046511627906972,0.0
2022-12-13,2.11,2.15,0.05480823649499516,0.02702867238791942,0.00966191091173689,-0.26817821478090015,-0.01877989465159636,2.2979999999999996,2.379,2.4826666666666664,1,13,12,2.247343845414043,2.4480975601667128,37.16814159292036,-0.14079104406331489,-0.11830486292767534,2.728429610409126,2.029570389590874,0.04725282517965666,0.0418864757652513,0.04924329058370672,-83925325.0,-1.5396520042193573,0,0,-1,0,0,0.046511627906976785,-0.2300269649576207,0.20928835299619028,0.664927189030733,-0.0663716814159292,-0.2007575757575758,0.6410819815483079,0.08056872037914689,0.0
2022-12-14,2.11,2.11,-0.059514127532407604,-0.0454623740767574,-0.009661910911736859,-0.13908428254795369,0.0,2.258,2.35,2.462,2,14,12,2.2223722371569443,2.426284814349506,31.730769230769198,-0.14341606966862797,-0.12332710427586586,2.6867960494816723,2.013203950518328,0.028951180968914095,0.04140175226946277,0.04886061453584293,-83925325.0,-1.425194864187744,0,0,-1,0,0,0.004739336492891105,-0.44718822762765165,0.2112563103134429,0.6572324420838151,-0.045248868778280604,-0.21561338289962828,-0.5632131856294198,0.04265402843601889,0.0
2022-12-15,2.09,2.11,-0.023867481406643545,-0.009345862418237658,4.854251111352263e-05,0.10001068773595545,-0.009523881511255479,2.209,2.3259999999999996,2.4436666666666667,3,15,12,2.1983045576738633,2.404589019875344,29.80769230769232,-0.14543378409252128,-0.12774844023919696,2.665187884588648,1.9868121154113512,0.02462839398516213,0.04065053716324991,0.048624790496111875,-85131664.0,-1.3915591371207718,0,0,-1,0,0,-0.018957345971564,-0.23901501714933637,0.14241942069146013,0.6453072719708899,-0.027906976744186074,-0.1867704280155642,-0.5684791813766589,0.03344497607655506,0.0
2022-12-16,2.12,2.09,0.01438873745209967,-0.004705891037412505,-0.017184824754100856,1.037168030524334,0.014252022707201632,2.167,2.305,2.4256666666666664,4,16,12,2.1840673653695246,2.386228437947903,40.476190476190496,-0.1429640870275657,-0.13079156959687072,2.6403866582400153,1.9696133417599848,0.027004221643673113,0.040992400683251023,0.048708797164665564,-81728321.0,-1.1032042894658445,0,0,-1,0,0,0.004784688995215422,3.0215906417992033,0.2019637285236517,0.6507341871083785,-0.009345794392523366,-0.16535433070866135,-0.13838140723563086,0.04481132075471707,0.0
2022-12-19,2.01,2.12,0.018868484304382736,0.06390447583370051,-0.012422519998557096,-0.573249476879001,-0.053281366612936865,2.135,2.282,2.4016666666666664,0,19,12,2.1524187534841563,2.3619556354996516,35.789473684210535,-0.14817484759459454,-0.13426822519641549,2.6324943876705604,1.9315056123294396,0.01945636570029462,0.04194702781279283,0.04898860761270362,-83646754.0,-1.5520933262740904,0,0,-1,0,0,0.009433962264150952,0.724754242915093,0.3947268732618558,0.6658884229857569,-0.06511627906976747,-0.18623481781376539,-0.9582579841033707,0.1293034825870647,0.0
2022-12-20,1.95,2.01,-0.06267110696277592,-0.09748077136730489,-0.040821994520255166,-0.4410144213672372,-0.030305349495328808,2.104,2.261,2.3779999999999997,1,20,12,2.1156153437597642,2.3353778525641906,14.10256410256413,-0.15535507484688615,-0.13848559512650963,2.6385767611034896,1.8834232388965106,0.01943938573107299,0.04159834866697539,0.04904385637855419,-84881042.0,-1.6473471465303375,0,0,-1,0,0,0.0,-0.23695641357554972,0.4122509831285006,0.6603533131426327,-0.07582938388625593,-0.17721518987341778,-0.514205663954408,0.06666666666666661,0.0
2022-12-21,1.93,1.95,-0.02010117932108715,-0.019705071079332444,-0.0052219439811517126,0.116353931197732,-0.010309369658861213,2.0759999999999996,2.2375,2.3516666666666666,2,21,12,2.081867099439807,2.3092244427213395,5.479452054794521,-0.16080562241096796,-0.1429496005834013,2.636544912390005,1.8384550876099943,0.019281941376764807,0.04128828665378047,0.04867664026332592,-86267633.0,-1.5411799045790895,0,0,-1,0,0,0.010256410256410265,-0.04000216231528529,0.3941912480816137,0.6554312312751019,-0.08530805687203791,-0.1958333333333333,-0.2691669080171158,0.05181347150259061,0.0
2022-12-22,1.83,1.93,-0.030930300691358614,-0.030305349495328808,-0.053776396780804064,0.15644114001180331,-0.05320403606346457,2.044,2.2045000000000003,2.3296666666666668,3,22,12,2.036073081359842,2.2783067367393177,5.063291139240519,-0.17122065970577882,-0.14860381240787682,2.6242480447264924,1.7847519552735085,0.022552474954143496,0.04070318030379209,0.04730069040930501,-87889032.0,-1.7844037855805843,0,0,-1,0,0,-0.010362694300518144,0.2612308414586095,0.4509269263424174,0.6461429559195381,-0.12440191387559796,-0.2650602409638555,0.6172382691150636,0.0765027322404371,0.0
2022-12-23,1.8,1.83,-0.04278727520520886,-0.05264373348542191,-0.025176154892474396,-0.09784397957361254,-0.016529301951210582,2.01,2.1689999999999996,2.2943333333333333,4,23,12,1.9931507029307798,2.247448237594846,6.557377049180332,-0.1798225190141829,-0.15484755372913803,2.5999060222357984,1.7380939777642006,0.02221344378454903,0.04035673716024566,0.03673807530904232,-89359301.0,-1.7126704244484967,0,0,-1,0,0,0.0,-0.08069020161509727,0.308331179425166,0.6406433415120543,-0.15094339622641506,-0.2828685258964143,-0.07791236518167066,0.047222222222222325,0.0
2022-12-27,1.63,1.8,-0.005479465764625596,-0.016349138001529526,-0.08572454114096727,0.16621888090109146,-0.09920665008344816,1.9580000000000002,2.1365,2.256333333333333,1,27,12,1.9271233023979106,2.2076128674274367,5.633802816901408,-0.19807386156049178,-0.1634928152954088,2.626194856651216,1.6468051433487834,0.03162481609767426,0.0406389641736866,0.039431928197107655,-91095441.0,-2.068635163798557,0,0,-1,0,0,0.01111111111111112,0.3330712031544078,0.5410850976493417,0.6451235564570296,-0.18905472636815912,-0.2850877192982456,-1.2081845315711395,0.12269938650306747,0.0
2022-12-28,1.77,1.63,-0.0800427076735365,-0.027856954502966224,0.0183491386681964,-0.09755883836737207,0.08239953176706696,1.924,2.1109999999999998,2.2273333333333336,2,28,12,1.898555429234654,2.179379779206312,22.500000000000014,-0.1989480033097597,-0.170583852898279,2.621887772204961,1.6001122277950386,0.04778291214786566,0.04651574390424399,0.04320377663530776,-89520677.0,-1.3349311475131382,0,0,-1,0,0,0.0306748466257669,0.04445788183819334,1.0601780538467804,0.7384145425187897,-0.09230769230769231,-0.2236842105263157,0.8454998894963133,0.06779661016949158,0.0
2022-12-29,1.82,1.77,0.06342182643749607,0.06559728248581327,0.04445176257083401,0.699648249883882,0.02785695450296628,1.895,2.0765,2.1983333333333333,3,29,12,1.8842726239192622,2.156193986999453,29.11392405063293,-0.19337705450010056,-0.1751424932186433,2.5667104811084167,1.5862895188915829,0.049657630401448626,0.039596296710790034,0.04346875990782468,-86350607.0,-1.0464892526166576,0,0,-1,0,0,0.011299435028248598,2.402971839910375,1.1105755324577788,0.6285717236152516,-0.05699481865284972,-0.27490039840637437,0.2977068512530793,0.09065934065934056,0.0
2022-12-30,1.87,1.82,-0.011236073266925842,0.005277057100843819,0.02575249610241455,-0.9741808872916312,0.027101929777791394,1.8729999999999998,2.041,2.175,4,30,12,1.8816776013884873,2.13772985880594,33.73493975903615,-0.18282001991133523,-0.17667799855718172,2.47758483229327,1.6044151677067298,0.051341589112157415,0.03957258264738559,0.043597453488092706,-85153901.0,-0.7833529126597452,0,0,-1,0,0,-0.027472527472527496,-0.5663102085785279,1.0627875076665652,0.6281952745291938,0.021857923497267784,-0.27519379844961234,-0.6972276124261814,0.06951871657754005,0.0
2023-01-03,1.93,1.87,0.10705399616415942,0.09531017980432474,0.044206092504495705,0.1968589054566623,0.03158157205029884,1.8540000000000003,2.0105,2.1546666666666665,1,3,1,1.8904634920451258,2.1243279324313633,37.500000000000014,-0.16767909514906743,-0.17487821787555885,2.3804487873506615,1.6405512126493387,0.05256274887601176,0.04096052645132215,0.044253506814408206,-83696825.0,-0.43519537164314,0,0,-1,0,0,0.05347593582887693,-0.21065449041725162,1.0536777838085039,0.6502281993628886,0.07222222222222219,-0.24015748031496065,-1.4111593242514051,0.1243523316062175,0.0
2023-01-04,2.11,1.93,-0.005089069507471293,0.08920195836944858,0.016086137751624225,1.621492131794568,0.08916794457118084,1.864,1.9995,2.1426666666666665,2,4,1,1.9303792207641937,2.123403549693856,50.0,-0.13954670002023573,-0.16781191430449424,2.34147414491236,1.65752585508764,0.058797817028900155,0.0439545228437158,0.04778449180115123,-76323094.0,0.6462476865221398,0,0,-1,0,0,0.015544041450777216,3.8122890727864798,0.5267289256505991,0.6977564186458775,0.29447852760736204,-0.09442060085836923,0.6242070005648643,0.19194312796208543,0.0
2023-01-05,2.15,2.11,0.12456272264176224,-0.015435808129839362,0.09385844957113817,-0.664676658506248,0.018779894651596275,1.884,1.9940000000000002,2.1353333333333335,3,5,1,1.9703102715343401,2.1251194497136074,51.88679245283019,-0.11272449073103474,-0.15679442958980233,2.3215683938212672,1.6664316061787332,0.05746305602900119,0.04379391200106073,0.0474565041304796,-72529753.0,0.9524728450151932,0,0,-1,0,0,0.052132701421801105,1.1875819116904553,0.4787121575739481,0.6952068005607225,0.21468926553672318,-0.04867256637168138,2.0914422599807345,0.08604651162790701,0.0
2023-01-06,2.3,2.15,0.0,0.030636969461889804,0.007237667300230602,-0.1882297725081257,0.06744128079553248,1.921,1.9985,2.1319999999999997,4,6,1,2.0302538585280963,2.136402065861117,58.823529411764696,-0.07845951774683435,-0.14112744722120873,2.340708000766405,1.6562919992335952,0.05965758338905602,0.046275733748350034,0.04918508695084783,-69387257.0,1.7620862126236918,0,0,-1,0,0,0.03255813953488385,0.6825444958014668,0.504519560369218,0.7346044994110382,0.2637362637362637,0.040723981900452344,0.8063565796288226,0.10434782608695643,0.0
2023-01-09,2.37,2.3,0.07378617005923112,0.038059561824345195,0.09180754925312269,-0.47555447918712235,0.029980832211935857,1.975,2.0095,2.128,0,9,1,2.0920258842502606,2.15147290032169,60.162601626016254,-0.04513557004984703,-0.12192907178693639,2.384759909927862,1.6342400900721383,0.054181861736580295,0.04609159180567874,0.04901471976252213,-67434069.0,1.9213350025549008,0,0,-1,0,0,0.03913043478260883,-0.14710095793162017,0.4971971384341198,0.7316813366935708,0.267379679144385,0.10232558139534897,0.7931567132324909,0.05485232067510563,0.0
2023-01-10,2.35,2.37,-0.004192878260036039,0.004140792666031387,0.0,-0.582658803912035,-0.008474626990972232,2.0300000000000002,2.02,2.1226666666666665,1,10,1,2.1389302689320315,2.1642811003009363,64.9122807017544,-0.02010814014423179,-0.10156488545839547,2.4214709794835594,1.6185290205164404,0.05351973168377159,0.04614492677266112,0.049008268605477946,-68524752.0,1.6439544418602925,0,0,-1,0,0,0.004219409282700331,-0.7035632885144498,0.6448553830037238,0.7325280030464861,0.21761658031088094,0.0981308411214954,0.23534358731864652,0.059574468085106434,0.0
2023-01-11,2.36,2.35,-0.008438868645864595,-0.008298802814695066,0.025975486403260736,-0.13643562351871236,0.004246290881451004,2.1029999999999998,2.0305,2.1253333333333333,2,11,1,2.179124765489844,2.176908126087973,68.80733944954127,0.0005271185014117385,-0.08114648466643402,2.4565207556089197,1.6044792443910805,0.033849937359065274,0.046145509938137284,0.04592566421412369,-67573172.0,1.5468729899276352,0,0,-1,0,0,0.004255319148936079,-0.7637769481436534,0.47614096652454624,0.7325372605114249,0.11848341232227488,0.0976744186046512,1.004079434855877,0.025423728813559344,0.0
2023-01-12,2.67,2.36,0.004228336109521105,0.11778303565638365,0.0,1.075884202671902,0.12341685337463955,2.193,2.0584999999999996,2.1383333333333336,3,12,1,2.268374808128054,2.2087205050500396,76.81159420289855,0.04141768161692916,-0.05663365140976139,2.5712952294702935,1.5457047705297056,0.04283035619891628,0.05357710150361481,0.05162101700844843,-64782583.0,2.3849675849428866,0,0,-1,0,0,0.004237288135593318,0.40857342816687237,0.8979145396088907,0.8505101192773773,0.241860465116279,0.2654028436018958,0.9615081771450521,0.13483146067415744,0.0
2023-01-13,2.6,2.67,0.10788896201118492,0.0,0.08985632912186114,-0.45929477334518237,-0.02656702738472175,2.271,2.0829999999999997,2.1413333333333333,4,13,1,2.3286702975593165,2.2339643434339083,78.51851851851852,0.0673984056348762,-0.031827240000833874,2.6501015874826908,1.5158984125173087,0.04802595643229,0.05423315620292205,0.048747172648409144,-66545479.0,1.8233064812775903,0,0,-1,0,0,-0.011235955056179702,-0.3030760343171768,0.9883285415829114,0.8609246647623106,0.1304347826086958,0.23222748815165883,1.6628460168126835,0.05384615384615389,0.0
2023-01-17,2.58,2.6,-0.003795070968551721,-0.0168071183163814,-0.015748356968139168,0.0027275779973086486,-0.007722046093910278,2.342,2.1075000000000004,2.1413333333333333,1,17,1,2.374366607093986,2.2562892245026887,79.1044776119403,0.08539015914597536,-0.008383760171472028,2.716653856633697,1.498346143366304,0.050068910410173584,0.05419761346392803,0.04853561297890491,-68313190.0,1.551332212230018,0,0,-1,0,0,0.011538461538461463,-0.3220003255032925,1.0149331382098692,0.860360441272557,0.08860759493670889,0.23444976076555046,2.0727427510140024,0.05232558139534875,0.0
2023-01-18,2.92,2.58,0.08383777864208801,0.1898262824480225,0.11778303565638346,1.0918994229957018,0.12379421734666433,2.441,2.1475,2.1540000000000004,2,18,1,2.473572678531443,2.2991092745347737,92.71523178807948,0.1256356622199597,0.018420124306814317,2.856921558290625,1.438078441709375,0.05885043593947844,0.06046915089154023,0.053944244181031796,-63045537.0,2.177830631088699,0,0,-1,0,0,0.10852713178294565,1.8372972825348286,1.2419388216328244,0.9599180115015308,0.24255319148936172,0.37735849056603765,0.5201390479168693,0.1284246575342466,0.0
2023-01-19,2.78,2.92,0.010434877292579714,-0.09640111733946874,-0.023194616980468204,-1.0885752244678306,-0.049132688577644766,2.508,2.186,2.169,3,19,1,2.5292867369802714,2.3301344826293042,83.44370860927152,0.1445672026657312,0.0436495399785977,2.945789444516756,1.426210555483244,0.06247830411356887,0.06023596013646625,0.052323199837434005,-64819134.0,1.563591082468375,0,0,-1,0,0,-0.01027397260273966,-0.3451785228885055,1.399605843070389,0.95621622302574,0.17796610169491522,0.383084577114428,0.49003900314403753,0.05215827338129497,0.0
2023-01-20,2.81,2.78,-0.02097979046919452,-0.012079525654601238,-0.03579553883442365,-0.031307101864527495,0.010733555643108851,2.5740000000000003,2.229,2.187333333333333,4,20,1,2.5803255120747677,2.3610935482661235,83.2214765100671,0.16014527905297982,0.06694868779347413,3.028839457574969,1.429160542425031,0.06268625722716754,0.05921275198375186,0.051850348961407666,-63100203.0,1.4527915433467915,0,0,-1,0,0,0.017985611510791463,-0.3979341349448564,1.1166190929725468,0.9399732971565236,0.05243445692883908,0.441025641025641,1.7134991878533496,0.07380782918149459,0.0
2023-01-23,2.68,2.81,0.014035318116383583,0.006920442844573757,-0.0028477237470156693,0.3079623278682596,-0.04736768882288905,2.612,2.2664999999999997,2.2030000000000003,0,23,1,2.598448146242992,2.381668158055406,75.79617834394904,0.16015493686004945,0.0855899376067892,3.077562331305211,1.4554376686947883,0.06495994357820287,0.06071130207326787,0.05252562914489265,-65439066.0,1.0196503623453224,0,0,-1,0,0,0.021352313167259804,-0.03741263786279136,1.1678973680214249,0.9637620423407213,0.030769230769230882,0.3886010362694301,1.6209564666204306,0.08768656716417905,0.0
2023-01-24,2.55,2.68,-0.006993035490970637,-0.017391742711869107,-0.048039976587362636,-0.7989784535463152,-0.04972343535243062,2.63,2.3024999999999998,2.216333333333333,1,24,1,2.5896393923806293,2.392528276890541,68.90243902439025,0.14796700566205523,0.0980653512178424,3.0957046925035274,1.5092953074964721,0.06790375005042075,0.06051466629559019,0.05315581609472948,-66491059.0,0.6240507711038266,0,0,-1,0,0,0.0634328358208955,-0.8286839339833394,1.2366641068180337,0.9606405461411637,-0.011627906976744318,0.39344262295081944,1.734963590903401,0.12156862745098042,0.0
2023-01-25,2.57,2.55,-0.13102826240640414,-0.08605489676367285,-0.04633255664099873,0.4050952654011876,0.007812539736793625,2.652,2.341,2.2306666666666666,2,25,1,2.5860685937659693,2.4039780654782485,65.54054054054053,0.13832726463044054,0.10611773390036203,3.1057469481703963,1.576253051829604,0.06762545981221675,0.0600214818423503,0.05311006802258241,-64913653.0,0.5988909156103629,0,0,-1,0,0,-0.019607843137254832,-0.5024356251709462,0.4950924089246138,0.952811485658627,-0.11986301369863017,0.4277777777777776,0.6104963585022111,0.07392996108949432,0.0
2023-01-26,2.56,2.57,0.054488185284069776,0.03936778279101981,0.032457210147381704,-0.20514130228930239,-0.0038986404156571976,2.672,2.3875,2.244333333333333,3,26,1,2.581328849444884,2.4140439967377163,64.13793103448276,0.1284006610913644,0.1105743193385625,3.0798909756467014,1.695109024353299,0.06776386224539054,0.05408516220837756,0.05314848942133113,-66198501.0,0.49827339196292336,0,0,-1,0,0,0.027237354085603224,-0.6672793405215195,0.46319193293759153,0.8585753329317358,-0.07913669064748197,0.5705521472392638,-0.4604603657021948,0.08398437500000011,0.0
2023-01-27,2.79,2.56,-0.03077165866675366,0.043172171865208574,0.021718523954643118,0.25605247238485984,0.08603433734180316,2.684,2.4385000000000003,2.2670000000000003,4,27,1,2.619269058636723,2.438299222754638,66.01307189542484,0.13750773055685928,0.11596100158222186,3.0883347968191575,1.7886652031808432,0.06038150893955442,0.05432936912349094,0.05499175805713804,-64538708.0,1.0818134138723843,0,0,-1,0,0,0.0,-0.43603058376317116,0.8924253647118461,0.8624519975267295,-0.007117437722419906,0.576271186440678,1.2191923829622924,0.10035842293906803,0.0
2023-01-30,2.75,2.79,0.07522342123758753,0.010507977598415165,0.053244514518812285,-0.42748253442829026,-0.01444068415479436,2.6990000000000003,2.4850000000000003,2.2883333333333336,0,30,1,2.6430383207027734,2.458408950318855,62.66666666666667,0.13988497608615713,0.12074579648300893,3.079200037200967,1.8907999627990335,0.05979174289931131,0.054999213983590894,0.05515069724853545,-65621140.0,0.8919555146724871,0,0,-1,0,0,-0.0107526881720431,-0.726645865846241,0.8139257075310022,0.8730854550276455,0.026119402985074647,0.510989010989011,1.2738515635161352,0.06181818181818179,0.0
2023-01-31,2.9,2.75,0.0,0.013841051411871511,0.021978906718775167,0.06285848327674085,0.05310982531394833,2.731,2.5364999999999998,2.3153333333333337,1,31,1,2.689758626029542,2.486898695459574,66.87116564417178,0.15211917157394161,0.12702047150119547,3.082886213896315,1.9901137861036842,0.06129400817832393,0.055466261623430164,0.05559598983478483,-64468484.0,1.3305606574802027,0,0,-1,0,0,0.0036363636363635587,-0.6809833868455318,0.6982020153045084,0.8804996064602517,0.13725490196078427,0.5508021390374329,0.8157305417588918,0.05172413793103461,0.0
2023-02-01,2.96,2.9,0.05977174329991735,0.03045920748470844,0.03559094510270253,0.24451173458444292,0.0204785313435407,2.7350000000000003,2.588,2.3433333333333333,2,1,2,2.738893421296898,2.5174213602686337,67.85714285714286,0.1647571404424455,0.13456780528944548,3.085683052807451,2.0903169471925493,0.04547770275938543,0.055432829624223766,0.05561557316977186,-62996545.0,1.4949273353855728,0,0,-1,0,0,0.010344827586206983,-0.4833433186899134,0.6819952810177382,0.8799688899258606,0.15175097276264604,0.5336787564766841,0.6104118619532413,0.04729729729729734,0.0
2023-02-02,3.15,2.96,0.04341249293531346,0.10735851832049932,0.06431996578755905,0.6091270645477347,0.06221318450157275,2.772,2.6399999999999997,2.3813333333333335,3,2,2,2.813640071970189,2.558232885412593,65.38461538461539,0.18793780390987802,0.145241805013532,3.1446729008389704,2.135327099161029,0.0455429515050655,0.05385217834135341,0.055005787127541096,-60289906.0,2.0211110965228114,0,0,-1,0,0,0.03378378378378381,0.6388395722666317,0.642961115522035,0.8548768287019196,0.23046875,0.4928909952606635,-0.5360856545795099,0.09206349206349208,0.0
2023-02-03,2.9,3.15,0.009756174945364656,-0.05539877938978817,-0.05388508849497936,0.19609378900860575,-0.08269171584511341,2.7809999999999997,2.6774999999999998,2.413,4,3,2,2.829341877066518,2.580282376676297,58.620689655172406,0.18401453108339494,0.1529963502275046,3.138431551031128,2.2165684489688715,0.05423147574561113,0.058398118159248495,0.05714611321095549,-63582914.0,0.9654361889623562,0,0,-1,0,0,-0.019047619047619067,1.2493771546105994,0.9259675993675377,0.9270413861012196,0.03942652329749108,0.34883720930232553,-0.9330354736778872,0.09310344827586207,0.0
2023-02-06,2.85,2.9,-0.06346035391722568,-0.0687668572470923,-0.02097979046919452,-0.9523893348267289,-0.017391742711869107,2.7979999999999996,2.705,2.4436666666666667,0,6,2,2.83309789941806,2.597683513664923,57.6271186440678,0.17485510615001454,0.15736810141200658,3.1357398775414054,2.2742601224585948,0.051942795622745334,0.057465651765470846,0.05726608540918765,-64853416.0,0.673260162618966,0,0,-1,0,0,0.0,-0.6177485397417208,0.9308246132390854,0.9122389409980542,0.036363636363636376,0.23913043478260887,-0.8801786366692974,0.04210526315789477,0.0
2023-02-07,2.8,2.85,-0.017391742711869107,-0.024014876203873967,-0.04332807676353681,0.2512185735602063,-0.017699577099400975,2.823,2.7265,2.476,1,7,2,2.827080099523867,2.6107361902026702,45.94594594594595,0.16169766375320638,0.15823401388024655,3.1288235147557737,2.3241764852442266,0.049085630522546296,0.057669478900106506,0.05622739644876333,-66486762.0,0.36537759939096337,0,0,-1,0,0,0.0,-0.24461686407604974,0.8430252272633146,0.9154745964502112,-0.034482758620689724,0.18143459915611793,-0.10564084561709726,0.06071428571428569,0.0
2023-02-08,2.72,2.8,-0.024868066578013538,-0.017513582492708242,-0.022388994893478724,0.105153373362606,-0.028987536873252187,2.838,2.745,2.506666666666667,2,8,2,2.8076109905195272,2.6177854682541106,47.88732394366199,0.14316465146222335,0.15522014139664192,3.1063716558936734,2.383628344106327,0.050628892054878284,0.05817975133498918,0.05651086086722793,-68301215.0,-0.1383617092944096,0,0,-1,0,0,-0.00714285714285715,-0.10397984332959277,0.8174590892668515,0.9235749202317569,-0.08108108108108103,0.15744680851063841,0.7625015150590844,0.06617647058823535,0.0
2023-02-09,2.65,2.72,-0.00722024797348702,-0.014772894807674927,-0.011385322225125241,-0.5527283868475649,-0.026072240309775244,2.847,2.7595,2.5406666666666666,3,9,2,2.778954446788704,2.6198638251409423,44.52054794520547,0.12142893355376394,0.14846189982806632,3.0763579293114613,2.442642070688539,0.0516047832107064,0.05868964279426403,0.053202463545144275,-69345211.0,-0.6911614946038808,0,0,-1,0,0,0.014705882352941025,-0.8822082245618756,0.41296190159460355,0.9316691962130194,-0.15873015873015872,0.1228813559322035,-2.0349534038025725,0.0635849056603773,0.0
2023-02-10,2.68,2.65,-0.05205636195605303,-0.01390290516899138,-0.015384918839479456,0.5731057210818006,0.011257154524634468,2.836,2.7600000000000002,2.5709999999999997,4,10,2,2.7609627291907577,2.6237435783576557,50.0,0.1054088818186032,0.1398512962261737,3.076294333275644,2.4437056667243566,0.042343848827398375,0.05097556472091688,0.051623125048602156,-67493405.0,-0.5058579404284291,0,0,-1,0,0,-0.011320754716981058,-0.02503244929997721,0.25127037219777515,0.8092120031557425,-0.07586206896551717,0.0037453183520599342,1.695481783887244,0.0634328358208955,0.0
2023-02-13,2.65,2.68,0.022642476749759752,-0.01834913866819643,-0.0038835000263977445,-0.4224260413836593,-0.011257154524634558,2.8259999999999996,2.7625,2.598666666666667,0,13,2,2.7407876875197106,2.6254375410442585,53.96825396825397,0.0892631560224677,0.12973366818543253,3.074226938537003,2.4507730614629972,0.04226363073790716,0.05065711691693702,0.051780576778935425,-68707180.0,-0.7217855507001437,0,0,-1,0,0,0.0,-0.6437123048930583,0.2523775110893788,0.8041568009864303,-0.07017543859649134,0.019230769230769162,1.3010647196819531,0.049056603773585034,0.0
2023-02-14,2.81,2.65,-0.02264247674975989,0.06106025676124628,0.003883500026397612,1.4901914885724021,0.05862484334752354,2.817,2.774,2.63,1,14,2,2.7533717443343084,2.637344796460758,58.57142857142858,0.08835965967481219,0.12145886648330848,3.074133303715411,2.473866696284589,0.043174662667296214,0.052224475084212366,0.052423476083377635,-63320513.0,0.23989340439297316,0,0,-1,0,0,-0.011320754716981058,2.656349179617805,0.5816356452512277,0.8290378405422895,0.0035714285714285587,0.08914728682170536,1.3537077247357212,0.10320284697508898,0.0
2023-02-15,2.9,2.81,0.06286727806026883,0.013841051411871511,0.07466152876901956,-1.2585610564915253,0.03152625364677395,2.811,2.773,2.6623333333333337,2,15,2,2.780031427182616,2.6542902934632897,61.48648648648648,0.093824331656851,0.11593195951801699,3.071212216910905,2.4747877830890954,0.04398698577506584,0.04358127068959201,0.052422833692888915,-61790363.0,0.8517424357429526,0,0,-1,0,0,-0.007117437722419935,-0.3093625126709372,0.5438406156470517,0.6918312243890933,0.06617647058823528,-0.006849315068493178,0.3718667066941981,0.04482758620689667,0.0
2023-02-16,2.76,2.9,0.007142887512380204,-0.006931181733850699,-0.010377400451674432,-0.4598702618428797,-0.04948005726336981,2.7720000000000002,2.772,2.684,3,16,2,2.7763893495130496,2.6611102745301745,48.920863309352505,0.08586845549854072,0.10991925871412175,3.070247512892388,2.4737524871076118,0.039574402695186806,0.04360069498242768,0.05149257996018382,-62756447.0,-0.08047007590188876,0,0,-1,0,0,-0.03103448275862064,-0.8123195033021011,0.6575736811722805,0.6921395754785122,0.04150943396226414,-0.007194244604316502,-0.2651259149900233,0.05021739130434777,0.0
2023-02-17,2.81,2.76,-0.007142887512380114,-0.02452047612119195,-0.011441646942965147,-0.27460144120867463,0.017953803616595845,2.763,2.772,2.7060000000000004,4,17,2,2.782500376874313,2.6707160632701634,52.14285714285714,0.08264526528335692,0.1044644600279688,3.070247512892388,2.4737524871076118,0.03265263663423615,0.04372197023077447,0.05148789259169858,-62022344.0,0.25482190702264923,0,0,-1,0,0,0.010869565217391396,-0.9641531474506869,0.6609422388856314,0.6940647603623913,0.04850746268656714,0.0,-0.41986827759432976,0.0355516014234875,0.0
2023-02-21,2.67,2.81,-0.003590668130728596,3.5461621663643663e-05,-0.018553407895747834,0.6671117911167811,-0.0511060109334963,2.745,2.7715,2.7183333333333333,1,21,2,2.7620457628971646,2.6706698656398307,41.72661870503598,0.06801005625113765,0.09717357927260258,3.07042966960064,2.47257033039936,0.035746745170862904,0.04393076270780094,0.051346594521859044,-63452818.0,-0.6790895004540747,0,0,-1,0,0,-0.010676156583629982,-0.2641196470280241,0.7850005211286187,0.6973792381813906,0.007547169811320753,-0.003731343283582156,-0.17320874025546068,0.05617977528089885,0.0
2023-02-22,2.77,2.67,-0.03663413317978027,-0.01608613775162438,0.0,-0.4535766716461328,0.03676884778708906,2.742,2.7824999999999998,2.731666666666667,2,22,2,2.7634919878249526,2.677078261405003,43.35664335664337,0.06374588898941447,0.09048804121596496,3.0627160820343944,2.502283917965605,0.03792568707365697,0.04305703244714004,0.051476561758175256,-62543964.0,-0.08921686370923877,0,0,-1,0,0,0.003745318352060012,-0.7503755719689247,0.6895594923432602,0.6835092002854284,-0.014234875444839923,0.0862745098039217,-0.49435730872022304,0.037906137184115514,0.0
2023-02-23,2.86,2.77,0.04736768882288906,0.037139546949456786,0.047540944768999976,0.2827721118996436,0.031974304632514106,2.7560000000000002,2.7969999999999997,2.748666666666667,3,23,2,2.7810388991295065,2.688879663895003,39.09774436090226,0.0668580555052789,0.08576204407382775,3.0604268099675034,2.533573190032496,0.03780688473232722,0.0434925811000273,0.05161052092907105,-61338094.0,0.47831122434175855,0,0,-1,0,0,0.014440433212996403,-0.4489338551037535,0.6910079134323848,0.6904233208018816,-0.01379310344827589,0.11284046692607008,-0.4936049529271816,0.027972027972028,0.0
2023-02-24,2.72,2.86,-0.010733555643108777,-0.013986241974739952,-0.04380262265839277,0.02599696231510258,-0.05018974452385516,2.763,2.805,2.760666666666667,4,24,2,2.7699409174695964,2.69088742751468,42.62295081967215,0.05736635627405873,0.08008290651387395,3.046965634791766,2.5630343652082344,0.04056242119413676,0.045180126480999276,0.0526410057103314,-62575724.0,-0.7025791085841632,0,0,-1,0,0,-0.027972027972028,-0.4163808641773415,0.6938667889306145,0.7172122732270072,-0.014492753623188248,0.0625,-0.49403468095800535,0.058823529411764594,0.0
2023-02-27,2.81,2.72,0.0,0.00701757265864654,0.02941388520629319,-0.2666454517547058,0.03255260303774833,2.776,2.806,2.7653333333333334,0,27,2,2.7772243870205786,2.6985721096105073,48.41269841269841,0.05645557931200251,0.07535744107349966,3.047869908485344,2.5641300915146563,0.0416080218646549,0.041102983750550375,0.047367716662092316,-61627768.0,0.03307563164884057,0,0,-1,0,0,0.02205882352941162,-0.6480272195660464,0.7286749567336923,0.6524896388801114,0.0,0.007168458781362075,-0.6007497831563866,0.035587188612099675,0.0
2023-02-28,2.95,2.81,0.007168489478612497,0.04445176257083401,0.010810916104215676,0.6327613994279226,0.048620687006074116,2.806,2.816,2.7769999999999997,1,28,2,2.808638134835019,2.7147932638291845,55.555555555555564,0.06626673036096697,0.07353929893099312,3.06456641598781,2.5674335840121896,0.04332141960517769,0.04231540347517558,0.047795791874999646,-59842954.0,1.07818266170416,0,0,-1,0,0,-0.0035587188612100466,0.09900395145348978,0.6286232609085839,0.6717362053360376,0.10486891385767794,0.07272727272727275,-2.0564158096181147,0.06779661016949158,0.0
2023-03-01,2.9,2.95,0.05218575317057025,-0.01008411906662616,0.008920665758379362,-0.3457752764885353,-0.017094433359300183,2.815,2.816,2.7876666666666665,2,1,3,2.8252493830468337,2.7267420855176243,56.818181818181806,0.06920974921287959,0.07267338898737041,3.06456641598781,2.5674335840121896,0.040460754800934036,0.04084810242386474,0.04791230883873777,-61106016.0,0.6758756983817112,0,0,-1,0,0,0.0,-0.3963985631542142,0.6557795777202492,0.6484435232546449,0.04693140794223827,0.0,-0.8012273357102133,0.05000000000000001,0.0
2023-03-02,2.9,2.9,-0.03448617607116932,-0.013605652055778598,-0.00963776869337633,0.3264859154834271,0.0,2.815,2.8129999999999997,2.787,3,2,3,2.838840404311046,2.7379200154842294,59.99999999999999,0.07072681812292103,0.07228407481448054,3.0556259846351637,2.570374015364836,0.03923586194777467,0.04057888268764265,0.04149882960052672,-61106016.0,0.7171531947068398,0,0,-1,0,0,-0.01724137931034477,0.04895127544427467,0.6251150443393441,0.6441697924342006,0.013986013986013957,-0.020270270270270285,-0.175851675778118,0.04551724137931039,0.0
2023-03-03,3.09,2.9,0.020834086902842053,0.10244531167267354,0.042828588285123856,0.14789369768462823,0.06346035391722576,2.848,2.81,2.797333333333333,4,3,3,2.884505785345401,2.760634853194924,64.53900709219856,0.0862660964071651,0.07508047913301745,3.0359948765119604,2.5840051234880397,0.03994921705705346,0.040690791639823455,0.04208811439969185,-59076254.0,2.4779322816655216,0,0,-1,0,0,0.0034482758620690453,0.3510649912335538,0.5441240133006066,0.6459462919759139,0.13602941176470584,-0.01904761904761909,-0.2626422926335044,0.105177993527508,0.0
2023-03-06,3.02,3.09,0.0632490303076994,-0.02029734006367466,0.0170361871525678,-0.23864142940262742,-0.022914259522875777,2.869,2.816,2.8043333333333336,0,6,3,2.9091410971007825,2.777368088472671,62.758620689655174,0.09187360963377023,0.07843910523316801,3.057869908485345,2.5741300915146548,0.04132118026026375,0.0366578178256458,0.042354601561302066,-60675092.0,1.6868572140908586,0,0,-1,0,0,0.0032362459546926314,0.019348621089427642,0.6363683359503325,0.5819248174378158,0.07473309608540935,0.04137931034482767,0.5105191519702441,0.0695364238410596,0.0
2023-03-07,2.99,3.02,-0.019544596072970283,-0.009540635609915984,-0.027398974188114503,0.031973816953043285,-0.00998344398418315,2.9010000000000002,2.823,2.8146666666666667,1,7,3,2.923842715809731,2.791086276313144,56.81818181818182,0.09282680535679377,0.08131664525789316,3.076821321320778,2.569178678679222,0.03679691303390625,0.036484985333693834,0.041398164829359964,-62325877.0,1.3158863024666603,0,0,-1,0,0,0.006622516556291397,0.05358109468807163,0.5690838270152455,0.5791811866847569,0.013559322033898313,0.04912280701754401,1.93817942213053,0.08692307692307692,0.0
2023-03-08,2.84,2.99,-0.0032948958968526494,-0.035628332757995554,-0.03530339586923619,0.17305689681303477,-0.05146933522948047,2.908,2.825,2.8243333333333336,2,8,3,2.9085985856625074,2.7942420004219732,47.826086956521735,0.08054994382518199,0.08116330497135094,3.078688578252891,2.5713114217471094,0.040322654397105535,0.03814468539731492,0.0414724604874408,-64288551.0,0.11825522538935003,0,0,-1,0,0,0.013377926421404545,0.35890488639025203,0.6810193542396404,0.6055281084005538,-0.020689655172413834,0.014285714285714235,1.1542084399936983,0.0879929577464788,0.0
2023-03-09,2.83,2.84,-0.057740994689516566,-0.02675744916954919,0.014249986671403864,-0.2010650765475936,-0.0035273405179682992,2.9050000000000002,2.8305,2.8329999999999997,3,9,3,2.8943079337238697,2.7965489681366846,52.80000000000001,0.06921565124257878,0.0787737742255965,3.0793267205129635,2.581673279487036,0.03900523017330948,0.03751489330507218,0.04149204077581936,-65893742.0,-0.004018860988634642,0,0,-1,0,0,0.007042253521126767,3.173411211038854e-05,0.6803548442259878,0.5955304688780578,-0.024137931034482696,0.04044117647058809,1.2395434561908778,0.04593639575971743,0.0
2023-03-10,3.07,2.83,-0.007017572658646535,0.09376815945250956,0.007067167223092353,0.5500473911905707,0.08140084994395946,2.94,2.8515,2.85,4,10,3,2.926251945774075,2.814190970192383,59.02777777777777,0.07869202427623634,0.07875742423572447,3.1069892108118036,2.5960107891881967,0.043204497711111796,0.04108573696999194,0.04399188094090326,-63111408.0,1.7104440481516043,0,0,-1,0,0,0.003533568904593564,1.1006240412688326,0.8068165448186904,0.6522158547264666,-0.006472491909385147,0.1584905660377358,1.5237825116203179,0.13029315960912063,0.0
2023-03-13,2.77,3.07,0.03460552917747552,-0.07722774336467286,-0.028573372444056114,-0.29374015898052325,-0.10283024139985858,2.936,2.856,2.8493333333333335,0,13,3,2.8978425010878794,2.8113399398573904,53.12500000000001,0.06128813392623833,0.07526356617382725,3.1017555482035295,2.6102444517964702,0.054715575988674735,0.04739676774373877,0.04512591599560006,-65185555.0,-0.6998824696220203,0,0,-1,0,0,-0.04234527687296414,0.3733006961259721,1.0707187308745811,0.7524003623893245,-0.08278145695364236,0.033582089552238736,0.5473483811030166,0.08635379061371852,0.0
2023-03-14,2.92,2.77,-0.027587956518829053,-0.023343163410589257,0.01438873745209967,-0.35991725676169184,0.052736296080943136,2.933,2.8695,2.855,1,14,3,2.9018711372537194,2.818350266318204,54.54545454545455,0.058919978991895494,0.0719948487374409,3.0965613179394436,2.6424386820605563,0.05516956368935672,0.048623148238584206,0.04605919537695559,-63738352.0,0.4448137662397265,0,0,-1,0,0,0.032490974729241826,-0.27063452973076946,1.181870538096987,0.7718685492019326,-0.02341137123745829,0.10188679245283017,-0.12622624917890327,0.044520547945205595,0.0
2023-03-15,2.73,2.92,-0.01763714148610673,-0.027683428748416856,-0.07410797215372172,0.3796239553086094,-0.06728200708332206,2.916,2.8655,2.849333333333333,2,15,3,2.870621839571225,2.812650249136385,46.28571428571429,0.0412364390405795,0.06584316679806862,3.0996816658722723,2.6313183341277275,0.058823827032190655,0.049324492565959624,0.04661991835018962,-65853779.0,-1.1572212495397007,0,0,-1,0,0,-0.037671232876712285,1.1308340285630147,1.2237343132060015,0.7830020452439,-0.03873239436619713,-0.028469750889679735,-0.04460949109136898,0.09157509157509157,0.0
2023-03-16,2.67,2.73,-0.01795380361659582,-0.03208831455150063,0.017159620282826284,-0.8090629526321501,-0.022223136784710235,2.893,2.854,2.8396666666666666,3,16,3,2.8341451414673657,2.803447007256618,48.50299401197604,0.022125558007035195,0.05709964503986194,3.103158584036619,2.604841415963381,0.05904886404550153,0.04893948859622371,0.04658764142279098,-66795726.0,-1.476970987866567,0,0,-1,0,0,0.010989010989010917,-1.1213819018345557,1.2288862900343283,0.7768902966977368,-0.0565371024734983,-0.07931034482758625,0.19055072804088824,0.043071161048689056,0.0
2023-03-17,2.54,2.67,-0.04067103973092775,-0.029413885206293226,-0.04643000258293954,1.2217213158229645,-0.049914391381712955,2.838,2.843,2.8193333333333332,4,17,3,2.7806642066551173,2.7864504261432885,42.10526315789473,-0.003469867965195217,0.044985742438850514,3.12666770775008,2.5593322922499198,0.054399997126350394,0.04895970373929796,0.04557325478768317,-69991774.0,-2.136302382835569,0,0,-1,0,0,-0.007490636704119857,2.5163701143483688,0.9098173429072436,0.7772112021454892,-0.17263843648208466,-0.07971014492753614,1.0363291479102572,0.061023622047244194,0.0
2023-03-20,2.44,2.54,-0.030653741091002402,-0.02264247674975989,-0.044541775622787064,-0.639312444450683,-0.04016604172533476,2.78,2.8245,2.8040000000000003,0,20,3,2.7187252599905505,2.7640987857469472,34.73053892215569,-0.031460929704519636,0.02969640801017649,3.160637503191421,2.488362496808579,0.054811524199135125,0.04934071479560857,0.04391204181111919,-71678185.0,-2.28775424550612,0,0,-1,0,0,0.011811023622047168,0.009256188448131723,0.7379510797757624,0.7832595651560725,-0.11913357400722024,-0.1316725978647687,1.6355779756102555,0.08401639344262299,0.0
2023-03-21,2.59,2.44,-0.02362314576343594,-3.816866734572637e-05,0.02655927307235488,-0.5460575309510307,0.05965983640633579,2.7399999999999998,2.8205,2.7953333333333332,1,21,3,2.6953206672649954,2.7528666060213376,41.242937853107335,-0.04106690765180154,0.015543744877780883,3.1661481326118777,2.4748518673881224,0.060580409400871726,0.050388456754910764,0.045467675535442474,-70701367.0,-1.3337262855044827,0,0,-1,0,0,0.02868852459016387,-1.131004458202998,0.7871272532865758,0.7998919531309595,-0.113013698630137,-0.029962546816479474,1.7053516305782048,0.05401544401544398,0.0
2023-03-22,2.51,2.59,0.031375122567753835,0.015189973687947982,0.008032171697264253,0.1285426072781369,-0.03137512256775391,2.707,2.8075,2.7856666666666663,2,22,3,2.661626000489542,2.737197792729639,39.459459459459445,-0.05450672618426644,0.0015336506653714187,3.179684164938151,2.435315835061849,0.05955032828772268,0.05000862318870533,0.04568786784971945,-71812175.0,-1.5986709163160577,0,0,-1,0,0,0.0,-0.943626655481523,0.7043394619964148,0.7938622821963134,-0.08058608058608063,-0.09386281588447665,1.9616986716889708,0.0637450199203188,0.0
2023-03-23,2.53,2.51,-0.027398974188114388,0.02597548640326052,-0.008032171697264267,0.316420055833738,0.007936549595736342,2.6769999999999996,2.791,2.779333333333333,3,23,3,2.637694000400534,2.7238301931986943,33.33333333333333,-0.06281989767056517,-0.0113370590018159,3.182160217543403,2.399839782456597,0.05981404707698901,0.04937043384061633,0.045458875736136946,-70287917.0,-1.3344915371974888,0,0,-1,0,0,0.003984063745020013,-0.27504264429724645,0.7199443448292323,0.7837313403698298,-0.05243445692883897,-0.11538461538461542,1.2334512800249025,0.09881422924901187,0.0
2023-03-24,2.52,2.53,-0.007968169649176845,-0.06429435070539725,-0.03696519423347147,0.10479647569939475,-0.003960401216096794,2.622,2.7809999999999997,2.775,4,24,3,2.6162950912368004,2.7106798581536173,34.5679012345679,-0.06941489074193274,-0.022952625349839273,3.18963830358524,2.3723616964147594,0.05004813736070078,0.048272957652953134,0.045230331350411504,-71980582.0,-1.2774132904824775,0,0,-1,0,0,-0.011857707509881346,-0.025203620703714076,0.6328868009080989,0.7663094459955974,-0.007874015748031482,-0.07352941176470595,1.0551294974688792,0.06746031746031743,0.0
2023-03-27,2.53,2.52,0.0620353909194527,0.0383188643021366,0.004175371410480592,0.29075650958035154,0.003960401216096914,2.598,2.7670000000000003,2.77,0,27,3,2.600605074648291,2.6990230931114487,35.624999999999986,-0.07299313442187083,-0.032960727164245585,3.1903749116192426,2.343625088380758,0.04179239547624978,0.0475706546671537,0.045182935103191844,-69716746.0,-1.1195750787101153,0,0,-1,0,0,0.0555555555555556,0.8829918476059209,0.5342550237434155,0.7551607317229367,0.03688524590163933,-0.09964412811387913,1.0517502673350116,0.10276679841897243,0.0
2023-03-28,2.51,2.53,-0.05406722127027582,-0.042232763623273016,0.028749413285986007,-0.816572838587898,-0.007936549595736303,2.557,2.745,2.765333333333333,1,28,3,2.584131424712238,2.6868280548461945,38.77551020408161,-0.07656021269621638,-0.041680624270639746,3.1740258242738575,2.3159741757261427,0.03565567438184534,0.04584287638198402,0.04516115457179515,-70717234.0,-1.0955051500582595,0,0,-1,0,0,-0.003952569169960391,-1.2594068118993336,0.24095537731923924,0.727733101743637,-0.030888030888030937,-0.14915254237288145,-1.3405085183580217,0.031872509960159216,0.0
2023-03-29,2.67,2.51,0.023530497410194036,0.06453852113757137,0.01207258123426924,0.5097515710341606,0.0617957192684658,2.5509999999999997,2.7335000000000003,2.760666666666667,2,29,3,2.599743892946376,2.6857423738883757,45.06172839506172,-0.06571891832202903,-0.046488283080917604,3.1573308997443115,2.309669100255689,0.038490009092267886,0.04840479267600608,0.04532241197572781,-69051544.0,-0.2996478078323624,0,0,-1,0,0,0.027888446215139556,-0.1540677799120879,0.46323155592431875,0.7684022621061167,0.06374501992031889,-0.07931034482758625,1.9820937221608361,0.08239700374531843,0.0
2023-03-30,2.75,2.67,0.056512210263342195,0.039644831347240166,0.058268908123975824,1.068094096426178,0.029522439266321834,2.5589999999999997,2.726,2.755666666666667,3,30,3,2.627063185137944,2.6898880271859,39.04109589041096,-0.05009432679442316,-0.047209491823618714,3.1426735438018447,2.3093264561981552,0.038930981788702294,0.04896332874331395,0.04527249943257699,-64204672.0,0.11519809864104821,0,0,-1,0,0,0.02247191011235957,3.274086405225907,0.4750493307038121,0.7772687473002567,0.0869565217391306,-0.051724137931034475,1.1770237535351191,0.06545454545454552,0.0
2023-03-31,2.86,2.75,0.01814931850567727,0.02443402533728204,0.033398280401848224,-1.1593969233849588,0.03922071315328133,2.5909999999999997,2.7145,2.759,4,31,3,2.669415333294681,2.7008629931739065,53.54330708661416,-0.02850703341188998,-0.04346900014127297,3.100435636847127,2.328564363152873,0.03565146861540943,0.04743332171561643,0.04494635655901409,-62684328.0,0.7540117372350027,0,0,-1,0,0,0.010909090909090839,-0.4026440913764573,0.45397581846541046,0.7529806387034441,0.13492063492063489,-0.0744336569579288,0.13113873962680608,0.05594405594405584,0.0
2023-04-03,2.76,2.86,0.031861102068984064,-0.0017256259674697252,-0.0036563112031105433,-0.16350866892965835,-0.03559094510270263,2.623,2.7015000000000002,2.7573333333333334,0,3,4,2.685885272695648,2.7046782839368806,43.44262295081967,-0.019246253315467587,-0.038624450776111895,3.060696471672929,2.3423035283270717,0.03495985927542501,0.047783284590877134,0.04533991161171731,-63975342.0,0.32572703026586275,0,0,-1,0,0,0.0034965034965035776,-0.634652342647773,0.624775348202712,0.7585361271197137,0.09090909090909083,-0.08609271523178819,-0.41687243587604367,0.05978260869565219,0.0
2023-04-04,2.71,2.76,-0.03186110206898412,-0.033365693843800406,-0.025975486403260563,-0.5199952454582276,-0.01828204483744907,2.6350000000000002,2.6875,2.758666666666667,1,4,4,2.6902697685691663,2.705021620457082,49.074074074074076,-0.015759929840316822,-0.03405154658895288,3.0202002760493785,2.3547997239506215,0.03157912407530145,0.04787706724933268,0.04449051707867107,-64742880.0,0.13525687605176848,0,0,-1,0,0,0.00724637681159421,-1.1225745372946458,0.6550900584377749,0.7600248806690971,0.07968127490039856,-0.09364548494983282,-0.2920765462570157,0.051660516605165935,0.0
2023-04-05,2.63,2.71,-0.040372455290387514,-0.021661496781179193,-0.042232763623273016,0.3687317900627944,-0.029964788701936394,2.647,2.6769999999999996,2.7539999999999996,2,5,4,2.6793116288293177,2.7001815159114644,48.18181818181818,-0.01923064586587886,-0.03108736644433808,3.0026152071955727,2.3513847928044265,0.031409009042879646,0.04704024160649344,0.04430175831453222,-65852663.0,-0.2886843056551118,0,0,-1,0,0,-0.014760147601476028,-0.7040018640333437,0.5549267719245577,0.7467406854190508,-0.014981273408239737,-0.073943661971831,0.5230982364594129,0.07224334600760471,0.0
2023-04-06,2.57,2.63,-0.015094626222485016,-0.04097407421030579,-0.003929278139889438,-0.0723189945884594,-0.023077947282544725,2.651,2.6639999999999997,2.744333333333333,3,6,4,2.6594367872239872,2.6917827084333057,51.45631067961164,-0.026517039950112675,-0.030173301145493,2.9846178246336352,2.343382175366364,0.03258504631684208,0.04725354819828662,0.04401938109327649,-66885021.0,-0.5863678983376052,0,0,-1,0,0,0.0,-0.7441976246761923,0.4819442689439659,0.750126822588424,-0.06545454545454554,-0.09187279151943473,1.989471063470675,0.03501945525291823,0.0
2023-04-10,2.61,2.57,-0.026976587698201968,0.0,-0.007905179507113261,-0.3172980657920501,0.015444322427473556,2.6599999999999997,2.6409999999999996,2.740666666666667,0,10,4,2.6504482804559895,2.6865064046634153,58.76288659793814,-0.028732681583627517,-0.029885177233119904,2.898837157910024,2.383162842089975,0.032770172093492055,0.04274582140397299,0.04324711677642107,-66133347.0,-0.24046185003960943,0,0,-1,0,0,-0.0038910505836575048,-0.9364122855127488,0.3145262310613323,0.6785688781325663,-0.0874125874125874,-0.14983713355048855,1.6685934664499946,0.042145593869731754,0.0
2023-04-11,2.66,2.61,0.02316705928153438,0.02593453791937252,0.03891541624967362,0.4685796252814268,0.018975901459005823,2.673,2.6355,2.7356666666666665,1,11,4,2.652184956736719,2.6847963140399695,54.02298850574714,-0.026152541192978163,-0.029138650025091556,2.8863490844253037,2.384650915574696,0.03311909000849819,0.037371889252600286,0.04294809959870751,-64932380.0,0.1953365710393544,0,0,-1,0,0,0.0038314176245211615,-0.4231805542652668,0.36147468355313495,0.5932603499221674,-0.03623188405797084,-0.03971119133574008,0.47790454129027515,0.029736842105263138,0.0
2023-04-12,2.43,2.66,0.030077455237277954,0.0003333889012377957,-0.07940677760441048,0.5478138489061455,-0.09043486544115058,2.665,2.6109999999999998,2.7183333333333337,2,12,4,2.611787691875497,2.668357842166423,46.07843137254904,-0.042180607369045386,-0.03174704149388233,2.839579135206493,2.3824208647935063,0.04413926230492412,0.0395423237690541,0.04457135741480814,-67009414.0,-1.5836966032484836,0,0,-1,0,0,0.015037593984962419,0.4545574932209932,0.6786731153843396,0.6277149297270925,-0.10332103321033204,-0.16780821917808209,-0.9150091540416467,0.11522633744855977,0.0
2023-04-13,2.29,2.43,-0.10125373370517292,-0.08701137698962981,-0.06398770867528374,0.1011413449144798,-0.05933943978630889,2.627,2.5889999999999995,2.698,3,13,4,2.5532808388072246,2.643947658800848,39.47368421052632,-0.06542560955976429,-0.03848275510705872,2.8515301987624904,2.3264698012375087,0.04048087885246653,0.03901151666848828,0.04554000910158473,-69307513.0,-2.277833189548624,0,0,-1,0,0,0.0041152263374484715,0.6703888728276548,0.7288242438298347,0.6192886282336261,-0.12927756653992395,-0.16117216117216115,-0.33479453849236107,0.08951965065502186,0.0
2023-04-14,2.14,2.29,-0.05475051477140833,-0.06037212844304447,-0.05897400245955119,-0.303204362882864,-0.06774598853238809,2.566,2.5625,2.6726666666666663,4,14,4,2.4781388681150016,2.6114349066201483,35.15625,-0.09485772683671234,-0.04975774945298945,2.8896487670595548,2.2353512329404452,0.040090018256404056,0.040994587717945986,0.046755079822552045,-71004540.0,-2.5829227711751535,0,0,-1,0,0,0.00873362445414848,0.012073978557364685,0.7768876791395761,0.6507689052078478,-0.16731517509727611,-0.19850187265917596,0.3947755384102059,0.08878504672897193,0.0
2023-04-17,2.03,2.14,-0.07644169549994201,-0.07576004588153548,-0.14562018994352663,1.074858593615131,-0.052770035980064335,2.483,2.537,2.6373333333333333,0,17,4,2.3966590739122737,2.573922977160784,31.8840579710145,-0.12561100701851835,-0.06492840096609523,2.9418183478252353,2.1321816521747645,0.033795607552698975,0.041132898312081924,0.04517414492441947,-75976114.0,-2.5048271785293568,0,0,-1,0,0,0.0,2.74823398962439,0.6349488349297143,0.6529645178224635,-0.2222222222222222,-0.20078740157480324,1.6062972827914428,0.15270935960591137,0.0
2023-04-18,1.93,2.03,-0.042966035883443485,-0.052268428545756945,0.016086137751624225,-0.8498451655257477,-0.05051579013690172,2.4,2.5115,2.6009999999999995,1,18,4,2.3118119695645873,2.532379559279443,30.136986301369873,-0.1562512008131689,-0.08319296093550996,2.998046368211871,2.0249536317881285,0.03418026807806573,0.04155765173843527,0.04563082694973871,-78101368.0,-2.390316886495719,0,0,-1,0,0,0.009852216748768483,0.2822522402688137,0.23873740395462534,0.6597072694303847,-0.2744360902255639,-0.2090163934426229,-1.3736232283138703,0.08808290155440411,0.0
2023-04-19,1.94,1.93,-0.07073655109177825,-0.02469261259037141,0.005305052229693098,-0.4108414822663291,0.005167970158442598,2.3229999999999995,2.479,2.5660000000000003,2,19,4,2.244209793280117,2.4941615231968983,22.13740458015269,-0.17767868938945464,-0.10209010662629889,3.026488043608117,1.931511956391883,0.036164817563311566,0.03817119990433083,0.04575827882375709,-76692129.0,-1.968992770866088,0,0,-1,0,0,-0.010362694300518144,-0.3541386993779554,0.4453740314492957,0.6059490131507512,-0.2016460905349795,-0.2509652509652509,1.9489043511149513,0.05670103092783511,0.0
2023-04-20,1.92,1.94,0.005221943981151625,0.009950330853168092,-0.005305052229693229,0.04605686028567999,-0.010362787035546547,2.252,2.4495,2.535333333333333,3,20,4,2.185262558138277,2.4571188442809695,16.80000000000001,-0.19403722101600973,-0.12047952950424107,3.0508834926752333,1.8481165073247667,0.03683108507115336,0.03795864438155312,0.045226411082131567,-78167791.0,-1.7609395882967718,0,0,-1,0,0,-0.010309278350515474,-0.3148121474471759,0.47783370510742246,0.6025747988323724,-0.16157205240174677,-0.2350597609561753,0.5526302961594748,0.07291666666666674,0.0
2023-04-21,1.94,1.92,0.00519481687710393,-0.014962872676712377,0.021053409197832263,0.14796369432080017,0.010362787035546658,2.189,2.42,2.505666666666667,4,21,4,2.1406693657494995,2.4237563381983263,10.344827586206918,-0.2030470424212476,-0.13699303208764238,3.0613144396670156,1.7786855603329843,0.03902025822742571,0.038032398106508915,0.045387491322696295,-76456804.0,-1.4969255962776273,0,0,-1,0,0,0.005208333333333338,-0.11761008049370979,0.46898309666955956,0.6037456029193585,-0.09345794392523377,-0.23320158102766797,-0.334392882188078,0.036082474226804155,0.0
2023-04-24,1.88,1.94,-0.010416760858255715,-0.02030526616074557,-0.05074519900523532,-0.3138252508319456,-0.03141619623337893,2.116,2.388,2.466,0,24,4,2.093274935613227,2.388675284121015,10.714285714285737,-0.21257841768265928,-0.15211010920664575,3.0708300243137843,1.7051699756862155,0.03603795934271749,0.038191622935399114,0.04168675550936136,-77706931.0,-1.4879251992778695,0,0,-1,0,0,-0.01546391752577321,-0.49826810161727,0.39708585988723033,0.6062732187181001,-0.07389162561576346,-0.25396825396825407,-0.5235158529684506,0.06648936170212766,0.0
2023-04-25,1.83,1.88,-0.021164811192043158,-0.04189094170916014,-0.03060044044871704,0.3368676611047173,-0.02695580998852822,2.033,2.3529999999999998,2.4346666666666663,1,25,4,2.045406765501731,2.35263171740353,10.714285714285737,-0.22161207730134125,-0.16601050282558485,3.0757753527379124,1.6302246472620872,0.031484372326036326,0.03805276693442083,0.03876125969871811,-79457801.0,-1.4471993213903798,0,0,-1,0,0,-0.0053191489361701,-0.0408150748363026,0.29269029863422197,0.6040689480382753,-0.051813471502590636,-0.27667984189723316,0.006417437394582236,0.054644808743169446,0.0
2023-04-26,1.82,1.83,-0.02710192977779127,-0.005361943141385399,0.005633817718256064,-0.64524921582728,-0.005479465764625596,1.972,2.3185,2.398,2,26,4,2.004423717228689,2.3182683807968507,11.428571428571459,-0.22696195788804285,-0.17820079383807647,3.0748144709355123,1.5621855290644873,0.027266205838476065,0.03808186367539587,0.03667216184782624,-80376188.0,-1.3182347268415668,0,0,-1,0,0,-0.005464480874316944,-0.7617806757157556,0.26536051923272547,0.6045308444817699,-0.061855670103092675,-0.27490039840637437,0.32030930084024883,0.043956043956043994,0.0
2023-04-27,1.88,1.82,0.01092907053219023,0.03174869831458027,0.016713480973740532,-0.08088275726171326,0.03243527575315374,1.9310000000000003,2.279,2.369666666666667,3,27,4,1.981801223187109,2.2899930013906022,17.142857142857153,-0.22378067392733314,-0.18731676985592782,3.040519257108093,1.517480742891907,0.031157921568695287,0.035237434571249,0.03642189219518229,-79529158.0,-1.0479052138884113,0,0,-1,0,0,0.010989010989010999,-0.7752937501716426,0.4209133454492893,0.5593769322926087,-0.02083333333333337,-0.29588014981273414,0.48684619471254187,0.05851063829787228,0.0
2023-04-28,1.98,1.88,0.021506205220963463,0.055710607014005646,0.01643872634315994,0.6383407315850544,0.051825067864586155,1.9149999999999998,2.2405,2.3466666666666667,4,28,4,1.9814737280621797,2.2699934529137895,21.621621621621628,-0.21076079989626617,-0.1920055758639955,2.979274946145118,1.5017250538548819,0.033991809118047236,0.037188194340137315,0.03823189942639914,-77925445.0,-0.7052215329154644,0,0,-1,0,0,0.0,0.014541908609674878,0.5887768570574582,0.5903442835892586,0.020618556701030855,-0.28,0.4962981130490246,0.09595959595959583,0.0
2023-05-01,2.03,1.98,0.051825067864586155,0.01467018974779384,0.05847397323286618,-0.6054473263726526,0.02493894834725193,1.9149999999999998,2.199,2.3296666666666663,0,1,5,1.9902966865963287,2.2545100043387065,21.6216216216216,-0.19416960742296574,-0.19243838217578957,2.882424812019068,1.5155751879809318,0.03147112093845619,0.0361591964468549,0.03798130926438602,-77050090.0,-0.49456793791468273,0,0,-1,0,0,0.0,-0.73656983936349,0.5039833390937667,0.5740094484378506,0.07978723404255317,-0.2902097902097902,-0.3708914326289235,0.05379310344827585,0.0
2023-05-02,1.95,2.03,0.020000666706669435,0.004842624475787991,-0.01071954193696637,0.389092682580158,-0.04020642047804048,1.9169999999999998,2.1585,2.313333333333333,1,2,5,1.982970016306087,2.2348641976071772,24.999999999999986,-0.18533981722396442,-0.19101866918542454,2.79643334084958,1.5205666591504203,0.029854854724175543,0.03629293543537999,0.03798245896078132,-78341800.0,-0.6536733123944465,0,0,-1,0,0,-0.0049261083743841316,-0.28748756456224245,0.5751807659317234,0.5761324890632349,0.06557377049180313,-0.2934782608695652,-0.70397676743412,0.07179487179487175,0.0
2023-05-03,2.06,1.95,-0.025063968663216276,0.02164803913368979,0.02051353983310303,-0.0833380208885315,0.0548766102258343,1.9289999999999998,2.126,2.2956666666666665,2,3,5,1.9969754678867984,2.2235826364712303,37.634408602150536,-0.1675348269857273,-0.1863219007454851,2.709542719312169,1.542457280687831,0.03458981509416691,0.03978521302569746,0.037678808277195344,-77153375.0,-0.22620451876357944,0,0,-1,0,0,0.010256410256410265,-0.42817398827514924,0.6143595987263258,0.6315706771423385,0.13186813186813184,-0.2398523985239852,-1.621431514874202,0.07053398058252426,0.0
2023-05-04,2.03,2.06,0.0446724400515926,0.006549675905497689,0.020101179321087088,-0.20258823351608884,-0.014670189747793855,1.94,2.096,2.2796666666666665,3,4,5,2.002979928271017,2.2110934341182475,43.20987654320986,-0.15406898190465013,-0.17987131697731812,2.6300372547610933,1.5619627452389069,0.03484544176311446,0.03959563101470983,0.037437697684813115,-78123860.0,-0.2471737670418743,0,0,-1,0,0,0.0,-0.6562170573448953,0.6690825079387256,0.6285611560175898,0.07978723404255317,-0.22813688212927763,-0.46855074432865834,0.0587192118226602,0.0
2023-05-05,2.12,2.03,0.0,-0.004330233632544114,0.019705071079332337,0.02931512498598448,0.04338029563022518,1.9579999999999997,2.0735,2.266,4,5,5,2.024256304949014,2.205216438368683,55.69620253164559,-0.13458355932654475,-0.17081376544716345,2.5591802066761358,1.5878197933238645,0.036899552004643364,0.04144393603882772,0.038491801583235605,-77124504.0,0.1914840232762766,0,0,-1,0,0,0.014778325123152834,-0.6222233294356387,0.640561339095834,0.6579020886624328,0.07070707070707072,-0.17509727626459137,-0.49433356952517354,0.03301886792452843,0.0
2023-05-08,2.14,2.12,0.02871010588243136,0.05058549678810624,0.028848154337658343,0.29645961448898117,0.009389740349839137,1.984,2.05,2.2533333333333334,0,8,5,2.045300613140102,2.201008926215865,64.7887323943662,-0.11618804523456472,-0.15988862140464372,2.46700687864972,1.6329931213502795,0.03408371284088284,0.04127696598171645,0.03858369774219314,-75780282.0,0.43164755598959303,0,0,-1,0,0,0.0,-0.2845980769725515,0.633490295067654,0.6552515211773688,0.05418719211822687,-0.1800766283524904,-0.12281390459143003,0.056074766355140235,0.0
2023-05-09,2.25,2.14,0.037041271680349076,0.02217385749432186,0.004728141195946116,0.10725216260978243,0.050124387182568605,2.0260000000000002,2.0294999999999996,2.244,1,9,5,2.082518683478265,2.2041696406535514,69.1358024691358,-0.09167659635640835,-0.14624621639499666,2.3492021640265923,1.709797835973407,0.03277382136824779,0.04302955899061021,0.039900919923870314,-74283874.0,1.3794088674461353,0,0,-1,0,0,0.028037383177570117,-0.13252669152003502,0.48722631683242434,0.6830730726836286,0.15384615384615397,-0.15413533834586468,-0.8543245041340074,0.07111111111111097,0.0
2023-05-10,2.38,2.25,0.05310982531394833,0.0595920972022456,0.0727593542824281,0.31444631674825024,0.05617027146705449,2.082,2.027,2.2396666666666665,2,10,5,2.1366061955731257,2.215513534804935,75.0,-0.06105735183527283,-0.12920844348305188,2.3340470562241524,1.7199529437758478,0.033123363056070367,0.04113457225207343,0.0414034787549261,-72234542.0,2.299321832561721,0,0,-1,0,0,0.03111111111111104,0.4870605509919547,0.49207437825982153,0.6529910907960265,0.15533980582524265,-0.020576131687242927,-0.829424544175776,0.05882352941176476,0.0
2023-05-11,2.37,2.38,0.025533302005164845,0.0,0.008733679968754631,-0.6074010807711487,-0.004210532536343382,2.131,2.0309999999999997,2.2296666666666667,3,11,5,2.179041432741648,2.2254804035271976,73.62637362637365,-0.037169825765035025,-0.11080071993944852,2.3541359498792094,1.70786405012079,0.03452010145114045,0.03888562193111004,0.03956055881082632,-73350946.0,2.0981880853970036,0,0,-1,0,0,0.0,-0.4946185658470506,0.43564980756626764,0.6172901112347783,0.16748768472906428,0.03493449781659397,-0.6120628329188346,0.050632911392405104,0.0
2023-05-12,2.0,2.37,-0.04732065619007196,-0.03789927259098582,-0.18580588087656552,0.8335708896146015,-0.1697427745870946,2.133,2.024,2.2046666666666668,4,12,5,2.1464884449704393,2.2109332807189914,54.918032786885256,-0.047546609319520705,-0.09814989781546297,2.3432359299114744,1.7047640700885256,0.06490896582125319,0.050701969222821754,0.04789180470822597,-75920375.0,-0.15035901508113658,0,0,-1,0,0,-0.04219409282700425,1.0622792764253315,1.377338174059943,0.804868809269023,-0.05660377358490576,-0.06542056074766356,-1.7346224829084678,0.21000000000000008,0.0
2023-05-15,2.37,2.0,-0.0730918840053363,0.017021687569430743,0.09483410267083896,-0.11547385753307449,0.16974277458709455,2.1670000000000003,2.041,2.188333333333333,0,15,5,2.1871269095212686,2.221195649704863,67.53246753246754,-0.025619056727513634,-0.08364372959787311,2.3958105498922855,1.6861894501077144,0.08691327356804975,0.06432721027655385,0.059063621769336654,-73631158.0,1.8545108092184912,0,0,-1,0,0,0.05499999999999994,1.6732094736472511,1.9605541350098386,1.0211628055579196,0.10747663551401865,0.16748768472906428,-0.4735552148237733,0.11392405063291139,0.0
2023-05-16,2.6,2.37,0.10772738066809252,0.10028436262596571,0.10393092284823194,0.45544308549485374,0.09262148988039648,2.232,2.0745,2.183,1,16,5,2.2621947441537653,2.245634640046485,72.1590909090909,0.010200183129215556,-0.06487494705245539,2.503867956541172,1.6451320434588277,0.08743319162800549,0.06557315238203994,0.061584953999613314,-70021356.0,2.4477839670814356,0,0,-1,0,0,-0.008438818565400852,3.065241188772085,2.0224808836765744,1.040941523312522,0.15555555555555567,0.34715025906735764,-0.723491609830127,0.11153846153846154,0.0
2023-05-17,2.93,2.6,0.10109611687136881,0.11182810525597048,0.10578960813383702,-0.02275031449177378,0.11949097800153957,2.319,2.124,2.1903333333333332,2,17,5,2.383613881580353,2.289787243914454,75.86206896551725,0.06447223506107802,-0.039005510629748705,2.6934836072675408,1.5545163927324595,0.09227158562705334,0.06992071898635611,0.06568428574671145,-66492751.0,2.830634594970334,0,0,-1,0,0,0.0,2.332742396287784,2.126497894550194,1.1099570035723831,0.23109243697478998,0.5103092783505156,-1.0119968285355807,0.11604095563139942,0.0
2023-05-18,3.15,2.93,0.1296778233085326,0.08187877376310947,0.11305286128098195,-0.07444764977678431,0.07240002980856576,2.431,2.1855,2.207666666666667,3,18,5,2.522956812202107,2.3452848410812632,77.2093023255814,0.12380820469360732,-0.006442767565077501,2.90747025744186,1.4635297425581406,0.09075591918151844,0.07037720660501477,0.0665775126081205,-63217302.0,2.671855218572272,0,0,-1,0,0,0.010238907849829284,1.7422384829626418,2.073654679811089,1.1172035198656884,0.3291139240506329,0.640625,-1.6696763474593388,0.08888888888888898,0.0
2023-05-19,3.25,3.15,0.09653792704264724,0.058031547572184775,0.06669137449867235,0.9670150874637748,0.03125254350410453,2.544,2.2510000000000003,2.2303333333333333,4,19,5,2.6551464827108147,2.403653561011504,77.72727272727273,0.1768627882553484,0.030218343599007682,3.1048433234802055,1.3971566765197951,0.09090988856900464,0.07026785682953347,0.06644759397807791,-54602602.0,2.3400077567583386,0,0,-1,0,0,0.03492063492063488,3.6829776302306683,0.9115060184591165,1.115467645994623,0.625,0.6752577319587629,0.38515390296396645,0.08307692307692308,0.0
2023-05-22,3.24,3.25,-0.0030721990369701403,0.0059171770280885185,0.03174869831458027,-0.5414329148548556,-0.0030816665374080007,2.654,2.319,2.2513333333333336,0,22,5,2.7614834858543027,2.4576113957849555,80.28169014084507,0.2156165185301555,0.06729797858523726,3.260553028385684,1.3774469716143158,0.09157422906407099,0.06929816894592468,0.06648061411108874,-59615615.0,1.9563422818130116,0,0,-1,0,0,0.0,1.4616237729629478,0.8211112690058657,1.1000743280583343,0.36708860759493667,0.7234042553191491,-0.2962228138060772,0.05864197530864196,0.0
2023-05-23,3.14,3.24,0.027315810646962924,-0.014859114403749941,-0.05129329438755058,-0.5911701914922776,-0.031350529884076044,2.743,2.3845,2.2673333333333336,1,23,5,2.830304670244429,2.501636467024636,75.47169811320754,0.2355447514402731,0.10094733315624443,3.3643061032669164,1.4046938967330838,0.09469293454216955,0.06948749580523517,0.06685233483096208,-62391215.0,1.542141853333993,0,0,-1,0,0,0.030864197530864085,0.24328868391654174,0.9955505611826366,1.1030797987757772,0.20769230769230762,0.715846994535519,0.448250724864058,0.09554140127388529,0.0
2023-05-24,3.04,3.14,-0.09082921636928876,-0.05066317464395411,-0.01658412801553518,-0.17417197564703712,-0.03236528450203166,2.809,2.4455,2.2876666666666665,2,24,5,2.868431093836351,2.536369598184337,73.05936073059361,0.24049656068392355,0.12885717866178026,3.4292302796788348,1.4617697203211653,0.09682328416560361,0.07043304535913801,0.06491566938613026,-64723142.0,1.208664635583019,0,0,-1,0,0,-0.0286624203821657,-0.03115308986120899,0.72246519831253,1.118089932607267,0.03754266211604085,0.6703296703296704,0.8256358081270695,0.06085526315789461,0.0
2023-05-25,2.9,3.04,0.006535970979785449,-0.02068490615351219,-0.06744128079553265,0.23612765428106747,-0.04714677842570208,2.862,2.4965,2.308,3,25,5,2.874170894957014,2.559829624107928,67.41071428571428,0.230467390596369,0.14917922104869802,3.4623871024793473,1.530612897520653,0.09928945301308567,0.07234917826161287,0.06453673969834475,-67676145.0,0.8355013727054658,0,0,-1,0,0,0.009868421052631514,0.25237165816774026,0.4906946441882788,1.1485075994406482,-0.07936507936507942,0.5425531914893618,1.0836865076683047,0.1086206896551724,0.0
2023-05-26,3.06,2.9,-0.03987239124737723,0.006410278360919019,0.0386012836968121,-0.16347616029447132,0.053704178971861166,2.968,2.5505000000000004,2.3386666666666667,4,26,5,2.9079580049648293,2.5920986806170943,69.32773109243698,0.23274690245829754,0.16589275733061792,3.5155628558744683,1.5854371441255326,0.07634642010078248,0.07239204975348211,0.06342708359209766,-65168494.0,1.0558897731864911,0,0,-1,0,0,0.01724137931034492,-0.017940186987743738,0.6398668860449772,1.1491881632755703,-0.058461538461538454,0.5454545454545454,1.5065605157201671,0.07352941176470591,0.0
2023-05-30,3.07,3.06,0.04959694113937198,0.003189795368100302,0.032478853373233176,-0.2245281748934788,0.0032626456348163694,3.0380000000000003,2.6025,2.3733333333333335,1,30,5,2.9374201858803146,2.6229310238030883,67.98245614035088,0.23267817924518397,0.17924984171353114,3.5615318583145568,1.6434681416854435,0.059282582048030295,0.0725463301033859,0.06226058363826395,-63165149.0,0.9749415432801247,0,0,-1,0,0,0.013071895424836612,-0.3358462226018674,0.6465752505055312,1.151637287903747,-0.05246913580246926,0.5123152709359606,1.3200379775784845,0.04530944625407166,0.0
2023-05-31,2.98,3.07,-0.01298719552681119,-0.00638979809877101,-0.04164291854338057,-0.09154110735843461,-0.0297542610817926,3.076,2.654,2.408333333333333,2,31,5,2.945161970265712,2.645967731944825,63.392857142857146,0.22279324591017868,0.18795852255286066,3.5753811143570577,1.732618885642942,0.056258419974648435,0.07212047420773775,0.061646109412326115,-64993249.0,0.7076333450300503,0,0,-1,0,0,-0.003257328990227944,-0.4546162439562651,0.6435237739485786,1.1448770351383328,-0.05095541401273884,0.5282051282051283,1.3123678586165128,0.08104026845637594,0.0
2023-06-01,2.99,2.98,-0.02985296314968116,-0.028445639985322856,0.0108837560496741,-0.2610799301228749,0.003350086885282027,3.082,2.7005000000000003,2.4433333333333334,3,1,6,2.9533143393083092,2.668163362141933,63.839285714285715,0.21330740644930346,0.19302829933214924,3.5889397915205143,1.8120602084794863,0.04026670145699466,0.07183606058260185,0.061658461141039775,-63585211.0,0.6517042635034099,0,0,-1,0,0,-0.0033557046979865056,-0.7046184810033254,0.615296597520395,1.1403621088088052,-0.016447368421052544,0.45145631067961167,0.6739642605732523,0.040969899665551854,0.0
2023-06-02,2.96,2.99,0.026579637804711887,0.028413588189618248,-0.04390520780415376,0.45185443691255245,-0.01008411906662616,3.0629999999999997,2.747,2.478,4,2,6,2.9545299139795254,2.6869915323263247,75.26315789473684,0.2010514649178563,0.19463293244929067,3.5835115533849433,1.9104884466150565,0.031267060388172264,0.0717243428141709,0.0616543714603307,-65797553.0,0.5092577601303789,0,0,-1,0,0,0.020066889632106892,-0.2847845217552734,0.49728403389031656,1.1385886442150328,0.020689655172413834,0.4581280788177342,1.1994773838479895,0.1131418918918918,0.0
2023-06-05,3.0,2.96,-0.029952322283351217,-0.011249292668335287,0.050754549649728586,-0.09960534662901473,0.01342302033214077,3.038,2.7910000000000004,2.5133333333333336,0,5,6,2.9627972023468843,2.707185627014949,70.06369426751593,0.19234892992976693,0.19417613194538594,3.5798672758750323,2.0021327241249685,0.029306823965144377,0.07153766855229121,0.06164669752331392,-63794953.0,0.5298736717609979,0,0,-1,0,0,0.0,-0.4478327454185867,0.26214927004662975,1.1356252821763717,-0.019607843137254943,0.4150943396226414,-0.9998349716824811,0.051666666666666604,0.0
2023-06-06,3.12,3.0,0.010084119066626226,0.02402037024146966,0.010186845306992997,0.40108320559163924,0.03922071315328133,3.0260000000000002,2.8400000000000003,2.554666666666667,1,6,6,2.9913795291929053,2.733818812368823,67.80821917808218,0.19291134348690742,0.19392317425369024,3.578761410099202,2.101238589900799,0.03297932194853529,0.07162851034473444,0.06112503300491358,-60804187.0,0.7580255172299843,0,0,-1,0,0,-0.0033333333333332624,0.09947488694817382,0.41186491077176596,1.1370673509251086,0.016286644951140072,0.4579439252336448,0.28107434302553325,0.06410256410256415,0.0
2023-06-07,3.14,3.12,0.0521290654349466,0.04031553717845977,0.046212843155131626,-0.33463960423714023,0.006389798098770988,3.0260000000000002,2.8845,2.598333333333333,2,7,6,3.018401432976013,2.7600240502805122,59.130434782608695,0.19274900261587025,0.19368833992612625,3.5795494113440123,2.189450588655988,0.031592586613984765,0.07134390530528202,0.06057411967324577,-58664007.0,0.7351995292131577,0,0,-1,0,0,0.009615384615384552,-0.448578770430026,0.29363648229283024,1.1325493859875075,0.05369127516778538,0.39555555555555566,1.0531489303596966,0.06050955414012737,0.0
2023-06-08,3.06,3.14,-0.006369448285479823,-0.04348511193973889,-0.029462032730316334,-0.6001223408365022,-0.02580788395587259,3.028,2.9185000000000003,2.6396666666666664,3,8,6,3.0259648087985562,2.779377337359189,45.54455445544555,0.18404347626259776,0.19175936719342057,3.5751029001003474,2.2618970998996533,0.0309263377122271,0.07140272017053347,0.06097211988257975,-59838419.0,0.43100632049713644,0,0,-1,0,0,-0.003184713375796252,-1.0007202276105922,0.393218226461706,1.133483043028602,0.02341137123745818,0.2857142857142858,0.34684817291288833,0.04575163398692814,0.0
2023-06-09,3.25,3.06,0.031449132682503295,0.10821358464023279,0.04546237407675741,1.8598965299786436,0.06024008037735672,3.0629999999999997,2.9625,2.6853333333333333,4,9,6,3.066698479926091,2.809740089787628,50.0,0.19028224078624323,0.19146394191198512,3.581187064847539,2.343812935152461,0.03151451298041453,0.0719993617167527,0.06142830812266719,-52295086.0,0.9293874604307356,0,0,-1,0,0,0.05555555555555553,2.3184233027676147,0.5303294156433621,1.1429544339474729,0.09797297297297303,0.37130801687763704,-0.05577915728124574,0.11076923076923073,0.0
2023-06-12,3.77,3.25,0.06589209380870333,0.10021911615740776,0.07047325665738569,-0.04515467700490425,0.14842000511827322,3.134,3.051,2.745,0,12,6,3.1945714835758925,2.871692342059394,66.45962732919253,0.23448318460635065,0.20006779045085823,3.5914053059843,2.5105946940157002,0.055678678170327095,0.06614529752163543,0.06630695739481089,-45084794.0,2.660965730861602,0,0,-1,0,0,0.06153846153846159,1.8287391139423403,1.1206273091913472,1.0500240458317462,0.2566666666666666,0.885,1.068824697476928,0.13262599469496023,0.0
2023-06-13,4.4,3.77,0.15041701027520932,0.1745595514584654,0.15836831577146177,0.46162393112195216,0.1545295394642961,3.2670000000000003,3.1525,2.824,1,13,6,3.4137403047439117,2.970292836120078,79.43925233644859,0.3166977909086417,0.22339379054241496,3.8833502618610103,2.4216497381389894,0.07133443244805417,0.06408670534547482,0.07128699736679618,-33644595.0,3.413831984744488,0,0,-1,0,0,0.06366047745358085,2.769606325448206,1.3900675844950634,1.0173449081376007,0.41025641025641035,0.8565400843881856,0.09055000914818043,0.15000000000000002,0.0
2023-06-14,4.6,4.4,0.16513396118536391,0.053725399356163064,0.10536051565782635,-0.02335446909659042,0.04445176257083359,3.429,3.2525,2.9123333333333337,2,14,6,3.629423885699564,3.075435233789751,84.82142857142856,0.3934562683146119,0.25740628609685434,4.184636764304239,2.320363235695761,0.06720453195262559,0.06239988445281944,0.07017425288909769,-22468480.0,2.8912066374847774,0,0,-1,0,0,0.07500000000000001,2.1777622665084424,1.294788263902525,0.990567456607956,0.46496815286624193,0.7692307692307689,-0.14900536969792275,0.10326086956521732,0.0
2023-06-15,4.45,4.6,-0.043203263008898984,-0.0472528848505455,0.006795043132828586,-0.8302440041941509,-0.03315220731690039,3.575,3.3284999999999996,2.9919999999999995,3,15,6,3.7786195428450977,3.164116831609767,84.44444444444446,0.4371450324553052,0.29335403536854454,4.388952237192973,2.2680477628070266,0.07062964327483205,0.05958150539330184,0.07095502074774576,-27340628.0,2.11513533691743,0,0,-1,0,0,-0.015217391304347697,0.18705730868347492,1.33246421068959,0.945827076057182,0.45424836601307184,0.5187713310580204,-0.23712343123153792,0.04943820224719115,0.0
2023-06-16,3.99,4.45,-0.017817843316793786,-0.032789822822990956,-0.10963348935794512,0.34568777698256026,-0.10911286527637677,3.678,3.3705,3.0573333333333332,4,16,6,3.817052353236898,3.2173996166672016,68.23529411764707,0.42969725470279574,0.3206226792353948,4.467106727951564,2.2738932720484355,0.08338097762984724,0.06448385784834383,0.07456830273491823,-34224785.0,1.129848986349394,0,0,-1,0,0,0.0,0.7496237232271564,1.8807426152433036,1.0236495086685504,0.22769230769230786,0.26666666666666683,-0.19602674542559972,0.1328320802005012,0.0
2023-06-20,3.95,3.99,-0.050702103119962205,-0.06187540371808741,-0.057010254716779674,-0.4622565829170905,-0.010075651988741587,3.7730000000000006,3.4055,3.1183333333333336,1,20,6,3.841224652648371,3.2646641575273825,67.05426356589149,0.41577438319068394,0.33965302002645265,4.530235758440601,2.2807642415593987,0.08432885881415904,0.06454754365180625,0.07475269362759648,-38560845.0,0.9682274185981717,0,0,-1,0,0,0.060150375939849676,0.031030972454487393,1.6062850054252158,1.0246604894565916,0.04774535809018565,0.2153846153846155,0.7934618332041369,0.12151898734177226,0.0
2023-06-21,3.71,3.95,-0.08894748601649617,-0.07611033925581555,-0.016129381929883644,-0.22684441282360251,-0.06268370229368683,3.832,3.429,3.170666666666667,2,21,6,3.817365624894121,3.2933955022030355,63.36996336996337,0.38098268177018957,0.3479189523752001,4.5588048271128905,2.299195172887109,0.08901769970287572,0.06650099366661075,0.0762938172562232,-42016879.0,0.4974310487202805,0,0,-1,0,0,-0.020253164556962043,-0.2286108157673057,0.8839631610151651,1.0556705470832006,-0.15681818181818186,0.1450617283950617,0.23573580551219883,0.06199460916442048,0.0
2023-06-22,3.49,3.71,-0.07232066157962613,-0.07095361172434371,-0.07306619687458721,0.31127834076534244,-0.061130140405007895,3.867,3.4465000000000003,3.212,3,22,6,3.757844602186099,3.306079663351227,58.503401360544224,0.33183268570831936,0.344701699041824,4.56827068676418,2.324729313235821,0.09255942248499326,0.06768702762353224,0.07745364765549786,-46734950.0,0.07755595776081198,0,0,-1,0,0,-0.0296495956873315,0.14919467236369538,0.5555811355286401,1.0744982524621536,-0.2413043478260869,0.11146496815286633,-0.364933006989314,0.06346704871060166,0.0
2023-06-23,3.38,3.49,-0.05715841383994864,-0.06842575078260188,-0.05236798551731604,0.07180744575835736,-0.032026026719408435,3.899,3.4635,3.2453333333333334,4,23,6,3.689145583606808,3.3108487173285672,56.953642384105954,0.2807683561930836,0.33191503047207593,4.569527029268658,2.3574729707313415,0.09286716254211198,0.06767704677722769,0.07757066055064138,-51804274.0,-0.1509908850151933,0,0,-1,0,0,-0.02578796561604593,0.22105846494489287,0.5581757940690474,1.0743398114389788,-0.2404494382022473,0.11184210526315774,-0.37684701200041815,0.04585798816568055,0.0
2023-06-26,3.33,3.38,-0.014815085785140587,0.01741348380427905,0.019772507267864562,-0.9089080884195727,-0.014903405502574919,3.907,3.4850000000000003,3.2773333333333334,0,26,6,3.6238463865873882,3.312084283952531,55.445544554455445,0.23357244724304937,0.31224651382627067,4.561221460285066,2.408778539714935,0.09159020884331241,0.06673207416420777,0.0776831397553027,-53847029.0,-0.2880448043824446,0,0,-1,0,0,-0.008875739644970357,-0.750854227683016,0.3804758288107193,1.0593388362600733,-0.16541353383458646,0.14827586206896548,-0.17083701731137996,0.04501501501501506,0.0
2023-06-27,3.39,3.33,0.00298062813813772,0.014335214510301316,-0.0015071592905713629,0.05038861630003278,0.01785761740000647,3.8689999999999998,3.5015,3.323666666666667,1,27,6,3.5813288617533177,3.31711110434269,54.54545454545455,0.19872012601731814,0.2895412362644802,4.5602634296665014,2.4427365703334987,0.07447355655551632,0.0658896852001703,0.0707080408790786,-51698705.0,-0.2106230662597049,0,0,-1,0,0,0.00900900900900895,-0.7078182965654765,0.5230968421571355,1.0459663260239025,-0.14177215189873416,0.10784313725490202,0.648408362028487,0.06047197640117996,0.0
2023-06-28,3.85,3.39,0.04935689697009257,0.14272198400363548,0.052875752047947776,1.3079306906385584,0.1272432269073339,3.814,3.5405,3.3729999999999998,2,28,6,3.6301781596163507,3.351491033094775,60.410557184750736,0.20584471621348488,0.2728019322542811,4.589759889535785,2.491240110464215,0.06649268825292638,0.07186684558421357,0.06722885476658375,-43753102.0,0.5899396385712015,0,0,-1,0,0,0.04129793510324474,1.0573496870184373,1.2038282444499153,1.1408508055590572,0.037735849056603765,0.25407166123778513,1.5219151619728142,0.1467532467532466,0.0
2023-06-29,4.02,3.85,0.20887797415538722,0.16116333128660854,0.12238220322725703,0.6194379561561976,0.04320875433123674,3.7560000000000002,3.5925000000000002,3.4203333333333332,3,29,6,3.701054857867923,3.3946206438628543,63.714285714285715,0.2226421049288465,0.26276996678919423,4.627790449964961,2.557209550035039,0.06637063239401844,0.07142756621975907,0.0657728998971342,-28991097.0,0.8258551984411098,0,0,-1,0,0,0.12987012987012975,2.501084640627202,1.0441478712280132,1.1338774618324825,0.15186246418338079,0.34899328859060397,1.2342957417154294,0.20398009950248744,0.0
2023-06-30,4.12,4.02,-0.03509131981126994,-0.06049360314608683,0.027639793632164254,-0.738441120979016,0.024571260730505542,3.7230000000000003,3.649,3.46,4,30,6,3.7772267018919368,3.441419312000735,62.756598240469216,0.24124242822516884,0.25846445907638915,4.669070173024346,2.6289298269756545,0.06682236117893604,0.07136699679900879,0.06242590769611603,-21936951.0,0.9234658800061964,0,0,-1,0,0,0.04477611940298523,0.4042893175131213,0.900661115504511,1.1329159520863197,0.21893491124260356,0.37792642140468224,1.4517396288961666,0.1041990291262137,0.0
2023-07-03,4.23,4.12,0.0,0.00886923774077979,0.01934041529202801,-0.48393589902403555,0.026348829696751678,3.747,3.7125,3.4960000000000004,0,3,7,3.859549119729766,3.4922954854200423,57.66666666666667,0.2618410584063309,0.2591397789423775,4.70984120223893,2.7151587977610694,0.057740759812745214,0.07106683041716104,0.06138913088635361,-17589109.0,1.03775919181573,0,0,-1,0,0,0.019417475728155355,-0.36337387391316406,0.7766527238735134,1.1281509584964524,0.2702702702702704,0.42905405405405417,2.03183787638993,0.09219858156028381,0.0
2023-07-05,4.85,4.23,0.03048301672507575,0.07647036399183797,-0.004842624475787903,0.7851121417592652,0.13677671189120502,3.8369999999999997,3.8050000000000006,3.5493333333333337,2,5,7,4.039631097960717,3.5798893250703623,57.52508361204012,0.32445433209919194,0.2722026895737404,4.865278017165028,2.7447219828349736,0.07199444191089249,0.0764235147419933,0.06608726299754027,-8055801.0,1.9711811111469082,0,0,-1,0,0,0.02364066193853419,0.9650825083775639,0.9591026532294247,1.213185685948757,0.430678466076696,0.6166666666666665,0.5592153034519592,0.15876288659793808,0.0
2023-07-06,4.31,4.85,0.12570639979203083,0.022245608947319737,0.02160948433285491,-0.3215433017081186,-0.11804080083373546,3.897,3.8644999999999996,3.585,3,6,7,4.088789080149677,3.6269932395819517,45.64564564564565,0.3267359074186791,0.2831093331427281,4.89609508580248,2.8329049141975196,0.07987559021429855,0.08232881155485003,0.06997510931671473,-14967728.0,0.8637109775555875,0,0,-1,0,0,0.01237113402061866,0.1898104178023319,1.457759756910948,1.3069293666578046,0.1194805194805193,0.38141025641025617,-0.45800718296301735,0.18329466357308588,0.0
2023-07-07,4.68,4.31,-0.11194471471934937,-0.04290750101127655,0.02810489432010852,-0.2104018755621163,0.08236020581389895,4.016,3.9415,3.6363333333333334,4,7,7,4.196281974667918,3.6949291596089227,53.23943661971831,0.35431564982091324,0.29735059647836515,4.975292710566413,2.9077072894335867,0.07743777917637097,0.08357614834190262,0.07075923120648003,-9367280.0,1.4287196890668283,0,0,-1,0,0,0.01856148491879352,-0.2370564737948017,1.5188905938560653,1.3267302242959054,0.16417910447761197,0.49044585987261136,-0.7437871489258703,0.09829059829059829,0.0
2023-07-10,4.83,4.68,0.05753799251218512,0.014508026489578635,0.01376168507268131,-0.057994221403212205,0.03154835773492606,4.161,4.029999999999999,3.696,0,10,7,4.3115034338192055,3.7681595364083473,62.96296296296296,0.3838517368902319,0.3146508245607385,5.048998476316842,3.0110015236831567,0.07414493889736619,0.0827929280389592,0.07023761374003622,-4082387.0,1.5701691780572449,0,0,-1,0,0,-0.006410256410256274,-0.41543705767550937,1.5168698941192635,1.3142969874357158,0.17233009708737868,0.5784313725490196,-0.8214435959805815,0.09730848861283657,0.0
2023-07-11,4.48,4.83,0.04827800026579074,0.00819676720417849,-0.004566217979581083,0.19320017084774602,-0.07522342123758739,4.276,4.0915,3.7486666666666664,1,11,7,4.342139173124805,3.814084727607809,57.46478873239437,0.3746979391594678,0.3266602474804844,5.059477272460056,3.123522727539944,0.08072555118118191,0.0851596811432219,0.07122486631786436,-10493626.0,0.8027047970096475,0,0,-1,0,0,0.010351966873705968,-0.046579883038752865,1.706538770015521,1.351868028207131,0.05910165484633567,0.3784615384615386,-0.06863575070467375,0.11830357142857147,0.0
2023-07-12,4.93,4.48,-0.06344622173896224,0.03410561248651084,0.029314387668775307,0.3286100065605356,0.09571594162770478,4.43,4.1495,3.811,2,12,7,4.449022959829385,3.886079261310531,66.22340425531915,0.3991535342232906,0.34115890482904565,5.1737424671815555,3.125257532818444,0.08319513046079793,0.08092483957328489,0.07252977636287591,-1588184.0,1.5240531905452614,0,0,-1,0,0,0.02232142857142849,0.6978267876612355,1.5038003274377907,1.2846420023922611,0.016494845360824684,0.3076923076923077,-0.40547619478256436,0.11561866125760656,0.0
2023-07-13,5.1,4.93,0.08773891430800668,0.07227479107206085,0.07901654031822433,0.059073527797710766,0.033901551675681416,4.555,4.1845,3.8786666666666667,3,13,7,4.567382421678587,3.9643967283227552,71.69811320754717,0.4273263960627727,0.35839240307579107,5.289445342777429,3.0795546572225705,0.0763002284527771,0.07298107819434649,0.07252784647708257,7859183.0,1.6570955404884862,0,0,-1,0,0,0.014198782961460505,0.9324775452455119,1.0772555351152686,1.1585386998935978,0.18329466357308588,0.15909090909090895,-1.1847455704511953,0.11372549019607846,0.0
2023-07-14,4.9,5.1,0.01980262729617973,-0.050810552403761075,0.002051282770557361,-0.4734787115742922,-0.04000533461369902,4.643,4.1995,3.9426666666666668,4,14,7,4.627858345009753,4.024758229721288,70.00000000000001,0.42857491863145203,0.37242890618692326,5.335892723072375,3.0631072769276244,0.07921820666623165,0.0732656596417885,0.07277981479471626,1975062.0,1.2328484436368343,0,0,-1,0,0,0.0,-0.13599715349921263,1.0790887963862534,1.163056290319644,0.047008547008547064,0.0652173913043479,0.03518089273253202,0.061224489795918324,0.0
2023-07-17,5.28,4.9,-0.04000533461369902,0.032291504636523534,-0.022798914964806013,-0.2385115728946805,0.07469089260158922,4.7589999999999995,4.241,4.019,0,17,7,4.74642955500798,4.105741569739269,73.60774818401939,0.45498245148575656,0.38893961524668996,5.4725484476652095,3.00945155233479,0.08110082527570774,0.07436879301721293,0.07348025471392411,6610570.0,1.687306742937729,0,0,-1,0,0,0.0,-0.5588131683188278,1.1786064630935111,1.1805679897654937,0.0931677018633541,0.18651685393258433,-0.29980892988930957,0.10984848484848486,0.0
2023-07-18,5.27,5.28,0.07279515743668984,0.04209221548530446,0.06885309931536335,0.38835588376469365,-0.001895735164899312,4.863,4.305000000000001,4.096,1,18,7,4.8416241813701655,4.180855016852865,73.03921568627452,0.46968940797860803,0.40508957379307364,5.612331553001345,2.997668446998656,0.08165639104585623,0.06944052060263002,0.07337411186786065,-224739.0,1.476289618780442,0,0,-1,0,0,-0.0018939393939395217,0.19463586822936693,0.9036133338204957,1.1023340905524965,0.1763392857142856,0.3208020050125311,-0.1658339160298426,0.08918406072106258,0.0
2023-07-19,4.69,5.27,-0.02109378305979948,-0.07825219689974813,-0.08790129428605788,0.2935885770282922,-0.11659778009508276,4.8469999999999995,4.3420000000000005,4.152333333333333,2,19,7,4.814056148393772,4.213703080281713,60.000000000000014,0.42959156012567234,0.40998997105959345,5.64891440544403,3.035085594555971,0.07957469602179365,0.07482657406166714,0.07723057317469528,-9392474.0,0.5325520914765117,0,0,-1,0,0,-0.02087286527514221,0.9003442136568148,1.1378526401438098,1.187835038556765,-0.04868154158214999,0.18734177215189884,-0.45376454939597605,0.10234541577825168,0.0
2023-07-20,4.76,4.69,-0.09337407077745839,-0.07859027459322167,-0.04814934389758261,-0.6486895989213843,0.014815085785140463,4.8919999999999995,4.3945,4.207,3,20,7,4.804227757776722,4.248948042844183,59.024390243902445,0.3988642826326245,0.40776483337419966,5.67867862341706,3.11032137658294,0.06939178816701794,0.07288153665924917,0.07711786934441353,-4600221.0,0.5692354526622536,0,0,-1,0,0,0.0021321961620468627,-0.615562766301334,1.0998755796258566,1.1569585270116631,-0.06666666666666665,0.28301886792452824,-0.299887126195825,0.06512605042016799,0.0
2023-07-21,4.52,4.76,0.012685159527315642,0.0,0.006926628073628173,-0.4989647635602286,-0.051735674399188865,4.8759999999999994,4.446,4.253,4,21,7,4.7525499836355,4.266435265886494,54.71698113207547,0.351099443769038,0.39643175545316733,5.658034392424689,3.2339656075753105,0.06664052448265612,0.07243054104558937,0.07807861175759079,-7509880.0,0.12210874619153661,0,0,-1,0,0,0.0,-1.1980472353019882,1.120198870946486,1.1497991935949143,-0.07755102040816342,0.2951289398280801,-0.16904510937336054,0.06172566371681414,0.0
2023-07-24,4.58,4.52,-0.05617027146705447,-0.0297894368021071,-0.011421017661467471,0.11151685490252465,0.0131870042819539,4.851,4.506,4.303666666666667,0,24,7,4.721177259338137,4.286665248732527,54.176610978520294,0.3144620407417946,0.38003781251089286,5.609819207164154,3.4021807928358463,0.06585126063252303,0.07158840220644548,0.07770395715375622,-4256961.0,0.13407992816163233,0,0,-1,0,0,-0.004424778761061853,-1.0277335289911775,0.8495788805366599,1.1364306539683342,-0.13257575757575757,0.3550295857988166,-1.1869278094070648,0.04148471615720513,0.0
2023-07-25,4.78,4.58,0.028479471321868705,0.04848156981425986,0.024472856518725522,0.13218750391090656,0.042741548377271114,4.881,4.5785,4.354666666666668,1,25,7,4.731872303094839,4.318493297201397,49.07161803713529,0.2981283256550169,0.3636559151397177,5.538155091549086,3.6188449084509138,0.062458715123049326,0.0713841979382033,0.07740247024806655,-544332.0,0.41994254347098114,0,0,-1,0,0,0.01091703056768555,-0.9365240464107008,0.9846764043059343,1.133189011705774,-0.09297912713472478,0.4354354354354355,-0.9187555187841019,0.06485355648535575,0.0
2023-07-26,4.86,4.78,0.008602203582663288,0.016326893287428666,0.02173998663640604,-0.19040118316541582,0.01659789140903783,4.8740000000000006,4.652,4.391,2,26,7,4.755168247986687,4.353429213510984,58.3081570996979,0.28831554801546044,0.34858784171486623,5.437811012500887,3.8661889874991133,0.05373318401399894,0.07138725399973367,0.07245860165742588,2524629.0,0.5293893740125344,0,0,-1,0,0,-0.023012552301255297,-1.1963470654551576,0.5520002374747063,1.1332375251785778,0.036247334754797356,0.4336283185840708,-1.4626101059622458,0.05967078189300412,0.0
2023-07-27,4.56,4.86,0.054179916373792776,-0.002026343145232584,-0.03057006608467812,0.04682291504381828,-0.06371581438610786,4.82,4.6875,4.396333333333334,3,27,7,4.719683111989107,4.366756361026405,48.148148148148145,0.2534102031637815,0.32955231400464935,5.379282594384961,3.9957174056150393,0.055440374215603015,0.06821069254495435,0.06732013320978215,-691447.0,-0.3686129169334077,0,0,-1,0,0,0.014403292181069834,-1.0382508062234446,0.7283192612234312,1.08281117537662,-0.04201680672268915,0.18441558441558437,-0.32991301141752183,0.09210526315789473,0.0
2023-07-28,4.78,4.56,-0.05417991637379271,-0.008146684567818138,0.026259714583555728,0.37390716706099636,0.04711792297706993,4.808,4.725499999999999,4.402333333333333,4,28,7,4.7306498189001776,4.3934172409601855,49.244712990936556,0.2407247027453563,0.3117867917527907,5.342333168607192,4.1086668313928065,0.05714220342809109,0.06832228131381708,0.06738220588067047,3982805.0,0.17670904475860694,0,0,-1,0,0,0.02412280701754393,-0.5039091408292828,0.6999443197310894,1.084582592165732,0.05752212389380551,0.18905472636815945,-1.5661598944783333,0.0543933054393305,0.0
2023-07-31,6.73,4.78,0.12276702603736425,0.3399718027474774,0.12185440997868892,2.1880832849853005,0.3421345971532719,4.953,4.856,4.4783333333333335,0,31,7,5.0941680336456,4.544164515736949,72.91242362525458,0.38359817446601685,0.326149068295436,5.8940224112778345,3.817977588722165,0.14123286425712614,0.11210823577111594,0.09957033972312887,45668267.0,3.61071202247561,0,0,-1,0,0,0.10460251046025104,4.100782184396336,2.898635315658982,1.7796630706354093,0.4694323144104804,0.633495145631068,1.8953628066653947,0.24368499257057943,0.0
2023-08-01,6.55,6.73,0.21553895192899042,0.0329306778130118,0.20212105982726514,-1.0825629649029636,-0.027110094009476015,5.0809999999999995,4.9719999999999995,4.563666666666666,1,1,8,5.358864754800946,4.6735732566571455,67.45689655172413,0.4768056161335883,0.35628037786306643,6.213961097788623,3.7300389022113767,0.1421128264734665,0.1128273871768418,0.09730275197469074,31548306.0,2.541142396182477,0,0,-1,0,0,-0.02674591381872223,0.726237355357942,3.0119238392860175,1.7910792452827284,0.37029288702928853,0.5484633569739952,1.9683446285205766,0.10664122137404569,0.0
2023-08-02,6.41,6.55,-0.048484867265824176,-0.05351964039063323,-0.05482253782287366,-0.7447223814188549,-0.021605778714581848,5.253,5.05,4.645666666666667,2,2,8,5.549980253928046,4.785600788485716,64.20824295010846,0.5332296161166301,0.39167022551377917,6.446084750857992,3.653915249142008,0.13502058356013116,0.10969696502896872,0.09744826947171736,24843215.0,1.9483057875450402,0,0,-1,0,0,-0.047328244274809105,-0.1372851256621323,3.0714404171827634,1.7413853342712033,0.3189300411522633,0.32164948453608266,2.0111595753000495,0.10452418096723881,0.0
2023-08-03,6.04,6.41,0.007980888331012832,-0.05340704629993796,-0.008285051534106806,-0.44358949475432535,-0.059455258985855144,5.381,5.1365,4.723333333333333,3,3,8,5.6390747532138565,4.866529769873735,61.92468619246861,0.5418440934125561,0.4217049990935346,6.553751231303348,3.7192487686966516,0.13834072683669926,0.10696516534208803,0.09736267166831288,20540365.0,1.275003302229081,0,0,-1,0,0,-0.018720748829953213,-0.4053717959898374,3.0607893984591104,1.6980193586524206,0.32456140350877205,0.4013921113689096,2.0230762826353854,0.06125827814569538,0.0
2023-08-04,5.6,6.04,-0.030672299533083657,-0.04163868110502019,-0.07602969460792348,0.10248153660219078,-0.07563741420562008,5.489,5.1825,4.793666666666667,4,4,8,5.631970252629518,4.913850429881882,53.305785123966935,0.5073187511981105,0.4388277495144498,6.597083814561843,3.7679161854381573,0.13998279911634304,0.10783701108598373,0.09777574894576112,15773165.0,0.5902796224617022,0,0,-1,0,0,0.00993377483443702,-0.34499593942492185,3.231172729295033,1.7118594807721697,0.17154811715481166,0.19658119658119655,2.174327978557599,0.09817857142857132,0.0
2023-08-07,5.63,5.6,-0.07663322602091584,-0.06407020592020322,-0.0017969456767017416,-0.19482242564119584,0.005342844410495446,5.593999999999999,5.2225,4.868666666666667,0,7,8,5.631612024878696,4.960053627954019,53.70370370370371,0.47688073377997675,0.44643834636755525,6.640354197833851,3.8046458021661493,0.14010361836752588,0.10776365584942685,0.0973369575304439,19696479.0,0.5748122770628521,0,0,-1,0,0,0.008928571428571556,-0.4352774028948577,0.49125703069638127,1.7106950024924066,-0.16344725111441316,0.165631469979296,-0.013449314615989123,0.03197158081705162,0.0
2023-08-08,5.71,5.63,-0.02690745291992438,-0.0017436796048268398,-0.05737003165895862,-0.030888291998686396,0.014109581516319773,5.686999999999999,5.284,4.9479999999999995,1,8,8,5.64586438399166,5.008437264860211,61.697247706422004,0.4539805123409266,0.44794677956222956,6.672651750515518,3.8953482494844813,0.14005085800296269,0.10589752976124975,0.09711093141446714,23500461.0,0.6135447564039771,0,0,-1,0,0,-0.023090586145648295,-0.4319724952606667,0.6055953621685519,1.681071169225968,-0.12824427480916034,0.2745535714285714,-0.22884002065511444,0.08406304728546417,0.0
2023-08-09,5.76,5.71,0.049655590445860966,0.019015266113487313,0.051959738930711166,-0.1540160492767457,0.00871845103988103,5.776999999999999,5.3255,5.027,2,9,8,5.666616314174995,5.056925183256327,61.52073732718893,0.43485378030359634,0.445328179710503,6.7192072863407475,3.9317927136592523,0.1401272039722872,0.1040517198088709,0.09713928609109591,26761456.0,0.6235168665018647,0,0,-1,0,0,0.012259194395796898,-0.46015745013639564,0.6571673149066481,1.6517698446170739,-0.10140405616224657,0.16835699797160242,-0.6572745331541531,0.05381944444444438,0.0
2023-08-10,5.83,5.76,0.0034542348680873824,0.02786165869181126,0.023236076680848008,1.180949466489181,0.012079525654601261,5.904,5.362,5.093,3,10,8,5.69632243887045,5.1068009778849515,65.70743405275779,0.4204968958834252,0.4403619229450874,6.769014008832864,3.954985991167137,0.13699362026019574,0.1039192760216636,0.09473588553781391,37384035.0,0.6652385790930571,0,0,-1,0,0,0.006944444444444451,0.39025715284283724,0.5914281997045217,1.6496673646751974,-0.03476821192052981,0.14313725490196094,-2.190758796303499,0.05917667238421951,0.0
2023-08-11,5.77,5.83,0.16784952418542023,0.146149204044754,-0.04515631523917887,1.2559514412039907,-0.010344919842392886,6.003,5.4055,5.151333333333333,4,11,8,5.709718359075822,5.149588011569794,64.26858513189447,0.39967031241026074,0.4322236008381221,6.806153606826143,4.004846393173857,0.13746257487201247,0.10338293984289433,0.09473387738812405,86275.0,0.5204712974337035,0,0,-1,0,0,0.17667238421955409,2.6122420920419183,0.1544556297767525,1.6411532917862963,0.03035714285714275,0.17755102040816317,-1.609953759369376,0.2668804159445408,0.0
2023-08-14,6.56,5.77,-0.17303536121778584,-0.024764557624396565,0.0574479537507356,-0.5623367339849221,0.12831852243598943,5.986,5.4695,5.232666666666666,0,14,8,5.864315021062035,5.240582333404,68.69747899159663,0.44181848419156733,0.4341425775088112,6.960094724121298,3.9789052758787027,0.05686635817294051,0.10616407208168524,0.09727337013410416,21341368.0,1.4631743724208432,0,0,-1,0,0,0.0,1.035667049315622,0.940683924716512,1.6853023973884467,0.1651865008880995,0.2424242424242422,2.0795006919166323,0.16006097560975607,0.0
2023-08-15,6.35,6.56,0.14043988296833435,-0.005917177028088507,0.07883376132439757,-0.6624332195335615,-0.03253579005139737,5.966,5.5235,5.303333333333333,1,15,8,5.952621380868937,5.312157666732775,65.23517382413087,0.4530534508670474,0.43792475218045845,7.061171171472708,3.9858288285272927,0.05715330255479947,0.1066356849639373,0.09771642274114926,10382343.0,1.0750022700996822,0,0,-1,0,0,0.012195121951219523,0.09705439361235578,1.047952011916022,1.6927890197976467,0.11208406304728546,0.20493358633776104,1.8324766534164747,0.08503937007874017,0.0
2023-08-16,5.94,6.35,-0.09140216340711937,-0.0627596887681309,-0.0823302683831271,0.5376023777837664,-0.06674567953004665,5.919,5.586,5.339666666666667,2,16,8,5.950326584347311,5.352663623717757,63.800000000000004,0.42398622018980703,0.4351370457823282,7.082077678816157,4.089922321183844,0.060349314909422,0.10431126968675364,0.09569720887158378,-8378384.0,0.4732374595416993,0,0,-1,0,0,-0.045669291338582683,0.7410871344194065,1.2254486420963242,1.6558900711952431,0.03125,0.2665245202558635,1.502431705490528,0.10437710437710439,0.0
2023-08-17,5.99,5.94,-0.014962872676712377,-0.006339165443735654,-0.017222770599546158,-0.4969278269564299,0.008382278752804439,5.914,5.6475,5.395666666666667,3,17,8,5.9575399326478,5.393782099606935,62.52587991718426,0.40036960105305397,0.42818355683647336,7.101132473639868,4.1938675263601315,0.05761388098872555,0.10432568361433758,0.09288905485922641,3035584.0,0.47123328105402973,0,0,-1,0,0,0.0050505050505049425,0.06463504760186366,1.2250224084708001,1.65611888520206,0.027444253859348233,0.258403361344538,1.5523596373950743,0.11310517529215362,0.0
2023-08-18,6.16,5.99,-0.006722714394876589,0.08089840114302163,0.046560508842162784,0.4758423799712944,0.02798536541807032,5.97,5.7295,5.444999999999999,4,18,8,5.994350853984563,5.44321551253552,40.65573770491803,0.39086518889687394,0.4207198832485535,7.097856294014003,4.361143705985997,0.05188115748016372,0.10317084641579145,0.09195818762413971,21404874.0,0.6292220847497999,0,0,-1,0,0,-0.010016694490818113,0.6149793615624795,1.2200101165267245,1.6377864130093427,0.06759098786828432,0.36283185840707977,1.079720007913092,0.15259740259740265,0.0
2023-08-21,7.0,6.16,0.06527602314645087,0.09103552728935513,0.05460413403485195,0.38758100961536174,0.1278333715098848,6.107,5.850499999999999,5.517333333333334,0,21,8,6.1771961532600965,5.543653221404196,56.06469002695418,0.4459729549979077,0.42577049759842434,7.218856294014004,4.482143705985995,0.06520316669895716,0.10638006897545563,0.09464639244278901,48470412.0,1.6801179707779175,0,0,-1,0,0,0.027597402597402586,1.245101068306246,1.2165520154971936,1.6887312417777198,0.06707317073170738,0.5283842794759825,1.0736476578782974,0.17999999999999997,0.0
2023-08-22,7.05,7.0,0.1357012327104986,-0.02028467117150566,0.053304153701773174,-0.59657694301198,0.007117467768863955,6.2410000000000005,5.964,5.603,1,22,8,6.33588776175826,5.64083688453941,58.83977900552486,0.4880548463306509,0.43822736734486967,7.335060288896445,4.592939711103556,0.06535716110562022,0.10637418797978924,0.09317894508651046,63375227.0,1.584175413430014,0,0,-1,0,0,0.03571428571428571,0.14886390457783952,1.150552023061935,1.6886378838657516,0.11023622047244097,0.4748953974895396,0.8417785617861454,0.10921985815602844,0.0
2023-08-23,7.22,7.05,-0.023727561160955042,0.022958469555908,0.06929816839055912,-0.2528064780145599,0.023827336080557503,6.3870000000000005,6.082,5.679333333333334,2,23,8,6.496635441438576,5.742718375859448,67.2514619883041,0.5290243640833046,0.4563867666925567,7.459206937017003,4.704793062982997,0.06516214197552388,0.106359855553081,0.09190807139097966,74950577.0,1.6526201973174492,0,0,-1,0,0,0.004255319148936206,-0.18463930029817383,0.8602490656082196,1.6884103636452272,0.2154882154882154,0.48559670781892983,2.07141324945068,0.06509695290858734,0.0
2023-08-24,6.56,7.22,0.02922963831493831,-0.005354765137659916,-0.07850068732172104,0.056187014018997984,-0.0958643499487372,6.459999999999999,6.1819999999999995,5.727999999999999,3,24,8,6.508156270267925,5.795446222578193,63.18681318681319,0.5024446487717569,0.4655983431083967,7.371543919677389,4.99245608032261,0.07487703087267336,0.10782404100095985,0.09390296720261672,62706224.0,0.6355376943165171,0,0,-1,0,0,0.009695290858725801,-0.16913512595788874,1.2847947197514207,1.7116535870554304,0.09515859766277113,0.4385964912280702,0.0935902177383426,0.14634146341463414,0.0
2023-08-25,5.78,6.56,-0.09339158253222438,-0.1105941724639358,-0.14393086681039896,0.49013988331454994,-0.12658692027171145,6.461,6.231999999999999,5.757333333333333,4,25,8,6.375764221128302,5.7944496920892785,51.70842824601367,0.4136719983279882,0.45521307415231504,7.244274146349577,5.219725853650422,0.08590609836786621,0.11215912743248536,0.09649665938930713,42716772.0,-0.8930387121512156,0,0,-1,0,0,0.012195121951219523,0.4789994134116485,1.6141538195510154,1.7804709507141518,-0.06168831168831168,0.20920502092050208,0.4628101665380026,0.1816608996539792,0.0
2023-08-28,6.39,5.78,-0.09968721494122623,-0.034315223536381605,0.04181793968332162,-0.4721684312212619,0.1003305857051573,6.444,6.215,5.794333333333333,0,28,8,6.37835254455952,5.832872292599648,56.91056910569106,0.3880675343241462,0.4417839661866813,7.203193460709398,5.226806539290601,0.08091735542968545,0.06807246209210825,0.0973093190979328,55183163.0,0.35418165968103416,0,0,-1,0,0,0.03979238754325251,-0.10653939160880009,1.4458741257382257,1.0806168349655403,-0.08714285714285719,-0.050520059435364195,0.12389929617213571,0.09154929577464789,0.0
2023-08-29,6.9,6.39,0.05029445961165001,0.08260551266416256,0.04992717395650704,0.04925381405716905,0.0767871432137703,6.499,6.2325,5.848666666666667,1,29,8,6.473197536457789,5.901719241464187,60.59479553903346,0.4042683954684394,0.43428085204303296,7.257387670352927,5.207612329647072,0.08363602630662055,0.07004553079965019,0.0980934568101427,68278944.0,1.3025817741960772,0,0,-1,0,0,-0.010954616588419312,-0.028069237730605066,1.598983382192832,1.111938329684338,-0.02127659574468077,0.05343511450381677,-0.29609786004109345,0.12173913043478259,0.0
2023-08-30,6.93,6.9,0.08780220344444768,0.007117467768863955,0.08104121000312582,-0.4433537787758494,0.004338401598598141,6.598000000000001,6.2585,5.923333333333333,2,30,8,6.5562525298290995,5.968059935563272,60.2996254681648,0.41474749299780367,0.43037418023398716,7.327769795110752,5.189230204889247,0.0794050844901379,0.06977330899214855,0.095324033643091,76684865.0,1.2559973227906391,0,0,-1,0,0,0.0,-0.582781634856277,1.5861775706389736,1.1076169424597508,-0.040166204986149645,0.08112324492979717,-0.11132612386920941,0.053391053391053406,0.0
2023-08-31,6.97,6.93,0.017241806434505954,0.03758271114904307,0.03240342405465943,0.4049821969174105,0.005755411570620752,6.696,6.305,5.997000000000001,3,31,8,6.631479342587445,6.032701230043061,61.27819548872181,0.421422028178954,0.4285837498229806,7.4143952833576465,5.195604716642353,0.07944635997844013,0.06813767506726627,0.09534535994352815,89287659.0,1.1988513201306217,0,0,-1,0,0,0.012987012987012967,-0.1481796565446818,1.3867599507554367,1.0816520588526768,0.0625,0.15397350993377468,-0.885739863154469,0.060258249641319934,0.0
2023-09-01,6.46,6.97,0.0014234877848539275,-0.027702602549335823,-0.07210329390134394,-0.24826517866348025,-0.07598590697792199,6.726000000000001,6.348,6.0616666666666665,4,1,9,6.600301280298819,6.060268892620929,49.00793650793651,0.3811650739399255,0.4191000146463696,7.407902676763239,5.2880973232367605,0.0843287400691868,0.06815822435210438,0.09598543903479037,79455551.0,0.21134015878142473,0,0,-1,0,0,0.008608321377331493,-0.5241372128599976,1.1203269824980508,1.081978268636488,0.11764705882352944,0.1535714285714287,-0.28767802408623366,0.10835913312693501,0.0
2023-09-05,6.33,6.46,-0.07377976253423381,-0.0849705599547771,-0.05605951263046286,-0.08336617161501632,-0.020329081638425672,6.659000000000001,6.383,6.12,1,5,9,6.55115559297176,6.077670899548611,49.7983870967742,0.3349105932804024,0.4022621303731762,7.387874435727323,5.378125564272677,0.0713788629898755,0.06847413125214266,0.09621011219874563,70409872.0,-0.10548581616894022,0,0,-1,0,0,0.010835913312693542,-0.6740220684640831,0.8759388706838095,1.086993135206192,-0.009389671361502261,0.12433392539964472,0.3307144524145524,0.07424960505529223,0.0
2023-09-06,6.31,6.33,-0.03585730989085276,-0.006134988567515944,0.021190686979639054,-0.385859168640456,-0.003164559602963137,6.584999999999999,6.412999999999999,6.171,2,6,9,6.507309121522349,6.092659873771281,54.048140043763674,0.29325924127330705,0.3804615525532024,7.367856836885366,5.458143163114633,0.0712151722466734,0.06850233184623447,0.09610484211304023,64260020.0,-0.2157391475270239,0,0,-1,0,0,-0.004739336492891035,-1.0774647584151495,0.5223174568839043,1.087440805758939,-0.08550724637681173,0.10507880910682998,-1.749939311523239,0.04754358161648175,0.0
2023-09-07,6.37,6.31,-0.028987536873252298,-0.006947152602985602,-0.036128724088505426,0.1646203478304903,0.009463793030950362,6.5,6.4435,6.221333333333334,3,7,9,6.482343826700103,6.110552785140877,54.14847161572053,0.2620707547575112,0.3567833929940642,7.348184300853004,5.538815699146997,0.07061425930019047,0.06850343577654718,0.09610474360650198,71510360.0,-0.1624876212192449,0,0,-1,0,0,-0.030110935023771712,-0.9938918644172263,0.5368550525520532,1.087458330109372,-0.08080808080808077,0.1059027777777779,-1.6662487899104672,0.07456828885400309,0.0
2023-09-08,6.81,6.37,0.043172171865208574,0.05500444755676485,0.03612872408850548,0.334418994826296,0.06679265057734902,6.525,6.4925,6.296333333333333,4,8,9,6.541917676390994,6.155678411905982,56.70103092783505,0.2697484846410614,0.33937641132346363,7.362778237419321,5.622221762580678,0.06829993018579883,0.0698866916875217,0.0955648449201892,81640016.0,0.729651705278758,0,0,-1,0,0,0.003139717425431644,-0.6034488281728301,0.8159030635615722,1.1094168369493642,-0.022955523672883782,0.16809605488850754,0.1351020158015404,0.09104258443465495,0.0
2023-09-11,6.97,6.81,0.08256750612926982,0.03741443585025763,0.07904965893254456,-0.07888650092213756,0.02322310461101148,6.644,6.5525,6.369333333333333,0,11,9,6.619750826138086,6.208215288557209,49.64028776978417,0.2854532760353967,0.3285917842658503,7.377322149888531,5.727677850111469,0.052386238117995046,0.06977642399281495,0.09539537877311463,91001285.0,1.0123394481014405,0,0,-1,0,0,0.019089574155653568,-0.7301379171499269,0.5375616588397718,1.1076663915623335,0.07894736842105265,0.2079722703639515,1.0600712787620443,0.05308464849354377,0.0
2023-09-12,6.52,6.97,-0.01744230266334237,0.0028208763416412634,-0.034878440619406995,0.1066345309184846,-0.06674084883387095,6.656999999999999,6.5504999999999995,6.362333333333334,1,12,9,6.601614312294797,6.228330431230939,44.20131291028446,0.2586071350932322,0.3145948544313267,7.375439551214066,5.7255604487859335,0.04907701027150241,0.06514944519290941,0.06153305623502247,80586615.0,-0.07394481196861766,0,0,-1,0,0,-0.021520803443328476,-0.4573323372013476,0.7677356098965232,1.0342153802056246,0.03001579778830954,-0.0060975609756097615,-0.44286238857275984,0.09509202453987718,0.0
2023-09-13,6.47,6.52,-0.055779341047689675,-0.05649583306367924,-0.007745972114655453,-0.6401805819196873,-0.007698267425752344,6.614,6.5565,6.359666666666667,2,13,9,6.577684437332106,6.243922016312814,41.573033707865164,0.23063813993805393,0.29780351153267215,7.377033202766028,5.735966797233972,0.04101864470152223,0.06471234135665618,0.06133738212724007,75096030.0,-0.21083851258768668,0,0,-1,0,0,-0.010736196319018313,-1.3227608738494883,0.7721021067293753,1.0272765719185946,0.02535657686212356,0.018897637795275646,-0.35014564110900875,0.04327666151468319,0.0
2023-09-14,6.61,6.47,0.0015491869868293187,0.011851990587014328,0.0046547795449825196,0.2604822830635427,0.021407545350785706,6.582000000000001,6.589999999999999,6.366333333333333,3,14,9,6.583559994180814,6.267539950744245,50.636132315521635,0.21726484584282257,0.2816957783947022,7.357552501204077,5.822447498795921,0.04184298950535561,0.0628240687393975,0.06128974223062309,82220370.0,0.052113698981182066,0,0,-1,0,0,-0.001545595054095794,-0.9169250018052819,0.7803629749968164,0.9973011734020374,0.03767660910518056,0.11279461279461267,-0.5728015976438824,0.04992435703479577,0.0
2023-09-15,6.45,6.61,0.027482645693831884,-0.014837067430467624,-0.05243456784639049,0.985663471893501,-0.02450352305591381,6.529999999999999,6.6129999999999995,6.38,4,15,9,6.559276358875211,6.279311566825262,60.12084592145015,0.19154770835119894,0.2636661643860016,7.330806600547005,5.895193399452994,0.04214425841708757,0.06321392110660504,0.06044781848251277,63130066.0,-0.45416132946056775,0,0,-1,0,0,0.004538577912254063,1.2712118609436613,0.5782138078046604,1.0034898878720033,-0.052863436123347984,0.07679465776293815,-0.7923120021828726,0.08682170542635666,0.0
2023-09-18,6.27,6.45,-0.02903183268066127,-0.03189336377595373,0.02098543516388702,-1.387030293263735,-0.028303776162851936,6.511,6.6185,6.402333333333333,0,18,9,6.506680657261535,6.278710820578471,47.916666666666664,0.15485709967996986,0.24190435144479527,7.323259010696046,5.913740989303954,0.03625746837949733,0.06339899589617148,0.059019335471324416,58361001.0,-0.988990547721579,0,0,-1,0,0,0.0,-1.2468520914567665,0.4988716787592669,1.0064278590748459,-0.1004304160688666,0.017857142857142794,-0.11521708222616941,0.035087719298245716,0.0
2023-09-19,6.21,6.27,-0.03470379800831932,-0.031350529884076044,-0.035776173165283594,0.054035823251410944,-0.00961545869944187,6.499,6.579000000000001,6.421666666666666,1,19,9,6.452738719577619,6.274277864412118,35.802469135802454,0.119559818246044,0.21743544480504504,7.282282529136652,5.875717470863349,0.03583507788780283,0.055066296916513116,0.05908288598509471,53327146.0,-1.0493648987782598,0,0,-1,0,0,-0.006379585326953613,-1.2810086730751515,0.31026652377009567,0.8741503635740197,-0.0475460122699386,-0.11285714285714288,1.1705802240486967,0.038647342995169115,0.0
2023-09-20,5.98,6.21,0.007993647680745584,0.03135052988407601,-0.00998344398418315,0.22816424590192896,-0.03774032798284697,6.465999999999999,6.525499999999999,6.430666666666667,2,20,9,6.36678622510896,6.2552921957403695,31.93916349809888,0.07219516962121819,0.18838738976827968,7.240614271324519,5.810385728675479,0.03758525906103402,0.05545889126735462,0.05954454746987062,47003156.0,-1.5256302995873232,0,0,-1,0,0,0.011272141706924362,-0.8828291531599679,0.36441936034582134,0.8803826056847525,-0.07573415765069547,-0.15177304964538996,1.3205719576586772,0.08361204013377926,0.0
2023-09-21,5.51,5.98,-0.07951206292773376,-0.1022788491204183,-0.08458198010695568,0.19920349980640895,-0.08185594479771731,6.38,6.4399999999999995,6.422333333333333,3,21,9,6.2110069114527855,6.20720882827325,26.14379084967321,-0.0032295000377891014,0.15006401180706594,7.212119434447801,5.667880565552198,0.04370625460770313,0.05718196291128192,0.061372566192796865,39285167.0,-2.408953740855158,0,0,-1,0,0,-0.030100334448160633,-0.5021612667501578,0.41374136414446255,0.9077355200506256,-0.16641452344931928,-0.23684210526315785,-1.4362768032054203,0.06442831215970954,0.0
2023-09-22,5.19,5.51,-0.03866914115915405,-0.04189094170916002,-0.066785508388511,0.002206429590719193,-0.0598309259870257,6.218,6.3715,6.401,4,22,9,6.025369291188642,6.141582452255621,27.87456445993034,-0.08781316430011366,0.10248857658563003,7.321409136928584,5.421590863071416,0.0345372860662492,0.055192135518826076,0.06223878492476779,31550130.0,-2.4876063490035194,0,0,-1,0,0,0.012704174228675189,-0.44607265687695763,0.4253932001093302,0.8761479894563319,-0.1953488372093023,-0.20884146341463405,-0.3051260842205488,0.09055876685934501,0.0
2023-09-25,5.03,5.19,-0.08798937217760647,-0.047454158626689925,-0.04577913766064448,0.5842097544992667,-0.031313713066149496,6.024,6.3340000000000005,6.376333333333333,0,25,9,5.84439305642707,6.0698674553359035,27.58620689655173,-0.16584522986974015,0.04882181529455599,7.430182850670734,5.237817149329267,0.029789725301203065,0.04925600027753822,0.06244544616510778,17676776.0,-2.379165116845438,0,0,-1,0,0,-0.015414258188824675,1.285075696385567,0.41965995910409215,0.7819147638725675,-0.19776714513556615,-0.12975778546712802,-0.24014484970901587,0.08747514910536769,0.0
2023-09-26,4.8,5.03,-0.02576951317905145,-0.04394212185649872,-0.0247435303836054,-0.5904299350901735,-0.04680406619780263,5.851999999999999,6.2545,6.317666666666667,1,26,9,5.654503409803967,5.987940522733587,25.723472668810302,-0.2434390677961451,-0.009630361323584226,7.5466866412360165,4.962313358763984,0.028022688572350553,0.04239874390635891,0.05703207389364335,9989703.0,-2.251222777862377,0,0,-1,0,0,-0.009940357852882668,-0.39153692622946334,0.30085837189145065,0.6730591936664454,-0.22705314009661837,-0.24882629107981225,-0.8801413368466057,0.06875000000000002,0.0
2023-09-27,4.91,4.8,-0.040989344533197004,-0.009813621448324622,-0.003953525142046943,-0.350598442757586,0.022658023892583996,5.696,6.154999999999999,6.269666666666667,2,27,9,5.519139153475972,5.918395972879807,26.898734177215204,-0.2926827975926596,-0.0662408485773993,7.540967266264694,4.769032733735305,0.03208148413354732,0.03743748177464072,0.057142697851277915,15403451.0,-1.7965792270915393,0,0,-1,0,0,-0.004166666666666578,-0.9438649498788055,0.6082739600842181,0.5943015989292745,-0.17892976588628762,-0.2884057971014493,1.126152731885649,0.0608757637474543,0.0
2023-09-28,4.95,4.91,0.0207046733616912,0.003937012959339599,-0.004432268234227067,0.038584324116838216,0.008113634774169631,5.53,6.056,6.236666666666666,3,28,9,5.415659307389432,5.855918813339175,16.304347826086982,-0.3247377676885881,-0.11794023239963707,7.490879785905191,4.621120214094809,0.030039666676598395,0.03755663341744616,0.05614872404534401,21030167.0,-1.541592558295442,0,0,-1,0,0,-0.006109979633401272,-0.8260057452964662,0.5533577321334315,0.5961930726202824,-0.10163339382940106,-0.2857142857142857,0.3762786124216434,0.06868686868686866,0.0
2023-09-29,5.06,4.95,0.028284713838581887,0.02521957133211589,0.053291297050223625,-0.07012528144185985,0.021978906718775167,5.391,5.960500000000001,6.205666666666667,4,29,9,5.350993978773171,5.804569212478583,14.760147601476021,-0.33737641642256566,-0.1618274692042228,7.393486943048222,4.527513056951779,0.03402930012003569,0.03823268870381375,0.05631492047093563,26275825.0,-1.2568153595098015,0,0,-1,0,0,0.014141414141414019,-0.8450756977244243,0.5031439464749223,0.6069251175818376,-0.025048169556840194,-0.27403156384505023,-0.5856054138779077,0.04150197628458498,0.0
2023-10-02,4.84,5.06,0.011881327886752686,-0.004800777343356565,-0.042819997182928185,-0.16595428174292054,-0.04445176257083381,5.248,5.8795,6.161666666666666,0,2,10,5.258085982632594,5.742338940705772,16.129032258064527,-0.3609836037050549,-0.20165869610438925,7.375367641203363,4.383632358796637,0.03460748811381968,0.03639469411210116,0.05641465475887569,21832307.0,-1.389828847642919,0,0,-1,0,0,0.003952569169960566,-0.9786924602552494,0.5503978501758483,0.5777478579773183,-0.03777335984095431,-0.25077399380804954,-0.4874619837689733,0.08161157024793399,0.0
2023-10-03,4.79,4.84,-0.06716664354384068,-0.06871791960179899,-0.026386755173194887,-0.19532267885011603,-0.01038430930571638,5.106,5.8025,6.087999999999999,1,3,10,5.172979440335759,5.680897718724754,16.129032258064527,-0.37935409398387065,-0.23719777568028555,7.358079093388947,4.246920906611053,0.03457058834536259,0.036369544117929684,0.04954609369375058,18177206.0,-1.3017660166596763,0,0,-1,0,0,-0.018595041322314022,-1.091216028028605,0.44067085979432963,0.5773486141970036,-0.002083333333333326,-0.24328593996840442,-1.1448124505160362,0.03653444676409182,0.0
2023-10-04,4.96,4.79,0.012552466071119879,0.030459207484708654,0.011696039763191456,0.08811502359899066,0.03487532931401219,5.004,5.735,6.018333333333333,2,4,10,5.1342559057292565,5.634388188484448,17.131474103585646,-0.375862551108483,-0.26493073076592505,7.314826772648903,4.1551732273510975,0.03909494073202957,0.03792510425819723,0.05017758631204486,22168992.0,-0.981120225859389,0,0,-1,0,0,0.004175365344467552,-0.9489237737589924,0.4885000626819037,0.6020423658803197,0.010183299389002087,-0.2139461172741679,-0.7797260811605119,0.05443548387096766,0.0
2023-10-05,4.91,4.96,0.01853812099891128,-0.005012541823544398,-0.004237294475515267,-0.07146956914930815,-0.01013179893040684,4.944,5.662,5.941333333333333,3,5,10,5.093482104687573,5.587653466646741,17.916666666666657,-0.37283228189148687,-0.2865110409910374,7.253167727438374,4.070832272561626,0.03275050847829601,0.03761176141555161,0.049752598666088894,18452541.0,-0.9452177630709582,0,0,-1,0,0,-0.012096774193548309,-0.9508549207541345,0.4921404321381693,0.5970682024598655,-0.008080808080808133,-0.22919937205651486,-0.2011145592281633,0.05397148676171073,0.0
2023-10-06,5.08,4.91,-0.02479465861321639,0.026774033605057024,0.0063492276786587445,0.12292991765683271,0.03403731978396131,4.933,5.5755,5.892,4,6,10,5.091030812926196,5.554901630088888,25.10460251046024,-0.35264808484806753,-0.29973844976244346,7.090150906453476,4.060849093546524,0.031010033434775576,0.03433746029038495,0.04807030222681745,22655123.0,-0.6542761739867872,0,0,-1,0,0,-0.02647657841140527,-0.7452021628615648,0.5353559360187077,0.5450902834914858,0.0039525691699606735,-0.2540381791483113,-0.16411557262926366,0.07283464566929136,0.0
2023-10-09,5.17,5.08,0.04499736593073572,0.025122094117337672,0.03319806940959583,0.07086453854635977,0.017561426929947208,4.947,5.4855,5.871666666666667,0,9,10,5.105388846939615,5.530069266857347,28.51239669421487,-0.32563598648244785,-0.30491795710644437,6.858556137925181,4.112443862074819,0.02971699626369232,0.034028499594793885,0.04338169610096508,27166325.0,-0.4595587773661618,0,0,-1,0,0,-0.015748031496063006,-0.6008791051991191,0.3612539108766444,0.5401856844989209,0.06818181818181812,-0.25824964131994255,-0.2266413164432975,0.06576402321083169,0.0
2023-10-10,5.39,5.17,0.035367143837291344,0.06465778883405691,0.038042625445850256,0.45599065533544375,0.04167269640056808,5.006,5.429,5.838333333333334,1,10,10,5.1571363293142305,5.521032539963325,37.75933609958505,-0.2832118525893561,-0.3005767362030267,6.712923263815908,4.145076736184093,0.026525360703573073,0.034124961568010134,0.03928857640460047,34283809.0,-0.06075129425428421,0,0,-1,0,0,0.001934235976789127,0.12874545273519175,0.335818229380547,0.5417169708515495,0.12526096033402911,-0.17331288343558282,-1.3668258980551253,0.0927643784786642,0.0
2023-10-11,5.37,5.39,0.061759566893431414,0.0035714323675971795,0.034752531990839594,-0.43656690411024046,-0.00371747640013242,5.052,5.374,5.787333333333334,2,11,10,5.195838814893461,5.5112885051269815,46.42857142857143,-0.24834152714503244,-0.2901296943914279,6.560723042224526,4.187276957775473,0.026641501966929333,0.0341440101779422,0.035890526742102635,29684126.0,-0.006741252773691005,0,0,-1,0,0,0.022263450834879427,-0.533196155281274,0.36574352670027654,0.5420193581597598,0.08266129032258074,-0.1700154559505409,-0.05503606748982875,0.06331471135940424,0.0
2023-10-12,5.11,5.37,-0.025736714644049707,-0.03815176596437629,-0.03671910096288039,-0.20982663812590985,-0.0496285043051602,5.068,5.299,5.7266666666666675,3,12,10,5.1802317576401045,5.485398924151048,47.89473684210526,-0.23893210946477872,-0.27989017740609806,6.337113673929431,4.26088632607057,0.03231724900889078,0.03445854815873375,0.03656673768384603,25955049.0,-0.3641219738193103,0,0,-1,0,0,0.0,-0.7108161546219647,0.5786922731801211,0.5470124938101129,0.04073319755600813,-0.22692889561270801,-1.109129351531625,0.06262230919765172,0.0
2023-10-13,5.11,5.11,-0.03602285224938165,-0.03198767549339713,-0.011881327886752788,-0.09407232876646585,0.0,5.073,5.232,5.664666666666666,4,13,10,5.167462347160086,5.461179638721949,52.29885057471265,-0.22883718553335708,-0.2696795790315499,6.119352063281413,4.344647936718587,0.03165622159096116,0.03444030265527084,0.03649900754261294,25955049.0,-0.27497541291298966,0,0,-1,0,0,0.013698630136986183,-0.9348870897299992,0.5306324836585004,0.5467228554218647,0.0059055118110236116,-0.2077519379844961,-0.5889456078416444,0.04109589041095907,0.0
2023-10-16,5.2,5.11,0.0038535693159899723,0.015180557177015799,0.007936549595736342,-0.05229875990159372,0.01745922137176855,5.109,5.1785,5.6226666666666665,0,16,10,5.17337828404007,5.444329339449566,62.50000000000003,-0.21114073874340278,-0.25797181097392047,5.9192613437675465,4.437738656232453,0.02766897642986759,0.034767029839603385,0.03477283601128243,29176364.0,0.05804838543720578,0,0,-1,0,0,0.0176125244618395,-0.953302928884021,0.5304342907842046,0.5519094886797145,0.005802707930367523,-0.17065390749601272,-0.5873894247287366,0.04807692307692307,0.0
2023-10-17,5.22,5.2,-0.013552966404703569,0.0,-0.005946499187726191,-0.06924124811412502,0.003838776307165667,5.151999999999999,5.1290000000000004,5.585666666666667,1,17,10,5.181854959669148,5.429856478839917,60.26490066225166,-0.1932743973695814,-0.24503232825305266,5.69004789175377,4.567952108246231,0.027006536733185062,0.034879185362068084,0.0347271112189946,32182178.0,0.32439298440475023,0,0,-1,0,0,-0.013461538461538516,-0.9743738504079551,0.39645475888993936,0.553689902403339,-0.03153988868274582,-0.1594202898550725,-1.6308430998974188,0.053639846743294896,0.0
2023-10-18,5.02,5.22,-0.0019512201312616936,-0.020933209666465676,-0.01401424337481179,0.2758223717399501,-0.03906746819090951,5.1579999999999995,5.081,5.542666666666666,2,18,10,5.152426785183849,5.403414125366375,52.09580838323352,-0.19302841028331486,-0.23463154465910513,5.474842073611503,4.6871579263884975,0.028965376679184234,0.034936155994030264,0.03522391753263532,28221676.0,-0.3097688341960795,0,0,-1,0,0,-0.019157088122605297,-0.5457571000654591,0.4549289879314536,0.5545942831485758,-0.06517690875232784,-0.1605351170568563,-0.4327584313207778,0.04780876494023909,0.0
2023-10-19,5.12,5.02,0.017425416713859134,0.041437189864173024,0.021935076866255714,0.4591307313334429,0.019724505347778788,5.179,5.0615,5.5009999999999994,3,19,10,5.146531006059512,5.385129343084674,51.80722891566268,-0.182658723417628,-0.22423698041080972,5.400742189530035,4.722257810469964,0.02917600556297319,0.031224717152871406,0.03544268116168887,34489953.0,0.3448863484877429,0,0,-1,0,0,0.03784860557768933,0.40243600897068715,0.37126588984727193,0.49567701806898323,0.001956947162426559,-0.07078039927404711,-1.5257577428942202,0.06835937499999993,0.0
2023-10-20,4.87,5.12,-0.02723903816218372,-0.05791841604796499,-0.040246880508593354,-0.3421521259638166,-0.050060501956918,5.1579999999999995,5.0455,5.436333333333334,4,20,10,5.096252641321419,5.351895191917921,50.88757396449705,-0.19239576392550628,-0.21786873711374904,5.389377273088241,4.701622726911758,0.03147322600337649,0.030427520249990292,0.033224842034412665,30037971.0,-1.0207129911430055,0,0,-1,0,0,-0.009765624999999965,-0.270516523586464,0.5116370696451872,0.4830219095631372,-0.046966731898238745,-0.06165703275529866,-0.5141095420676765,0.050308008213552385,0.0
2023-10-23,4.82,4.87,-0.05890027109972715,-0.017055670501191812,-0.05053706899635579,-0.208380087128549,-0.010320009031989472,5.123,5.035,5.364666666666667,0,23,10,5.046024888353887,5.317579373084507,50.88757396449705,-0.2018205590365163,-0.2146591014983025,5.393388204692054,4.676611795307946,0.030582761446864466,0.029768510874408915,0.03259700301239062,26423414.0,-1.1998162728862087,0,0,-1,0,0,-0.018480492813141656,-0.7649759043483529,0.45489069614027217,0.4725604600464475,-0.07307692307692304,-0.041749502982107334,-0.08279548301297095,0.0826763485477179,0.0
2023-10-24,4.96,4.82,0.00833338155914424,0.0022843531808791786,0.04021705996436636,-0.19827913470119424,0.02863181267432708,5.08,5.043,5.312666666666667,1,24,10,5.030383999562272,5.294509736111313,50.0,-0.19573661721139324,-0.21087460464092064,5.3861188224435175,4.699881177556483,0.028392380978640806,0.02862221990790591,0.03183337008298713,29387860.0,-0.4837974169351397,0,0,-1,0,0,0.0,-1.2644427153106734,0.5458090149248985,0.45436365508152654,-0.04980842911877392,0.03333333333333344,0.006751083075452845,0.044354838709677366,0.0
2023-10-25,4.55,4.96,0.05842547615310414,0.017699577099400857,-0.059846916009252335,0.5838674902663117,-0.08627850777397705,4.998,5.025,5.248666666666667,2,25,10,4.943041454187313,5.246476849910584,41.08910891089108,-0.22144593210952834,-0.21298887013464218,5.429735131061074,4.620264868938927,0.03682051060800963,0.03383017566323905,0.0345850997193647,24072729.0,-2.3472140842072062,0,0,-1,0,0,0.030241935483871038,0.8787191732540635,0.7463104813871466,0.5370373896873608,-0.09362549800796804,-0.07331975560081472,-0.5041776131102159,0.12967032967032965,0.0
2023-10-26,4.68,4.55,-0.1249022507010262,-0.047913355695897504,-0.0066298585386696885,-0.31277363217102994,0.028170876966696224,4.955,5.0115,5.184333333333333,3,26,10,4.8952157352441645,5.209929956367966,39.898989898989875,-0.22869458700567957,-0.21613001350884967,5.443838804763691,4.579161195236309,0.0372900686053652,0.034493945918362565,0.03483351682317608,27960298.0,-1.5335195284225875,0,0,-1,0,0,-0.0087912087912088,-0.3565104636743272,0.7763339118389138,0.5475744158237931,-0.08593750000000011,-0.054545454545454675,-0.45493319643297664,0.08119658119658119,0.0
2023-10-27,4.45,4.68,0.04551164608287709,-0.018597219123285547,-0.019026875054694095,-0.06003540075784958,-0.05039401375140646,4.889,4.981,5.117666666666667,4,27,10,4.814267419745225,5.160902217247452,33.018867924528294,-0.2501151048074437,-0.22292703176856848,5.47987874278148,4.48212125721852,0.0392878148831053,0.03550840981890368,0.035455404026360104,24299253.0,-2.128773805993128,0,0,-1,0,0,0.008547008547008555,-0.5043502791738093,0.7771603886937295,0.5636785309930992,-0.08624229979466114,-0.12055335968379433,-0.45049910595558307,0.084247191011236,0.0
2023-10-30,4.69,4.45,-0.03888178754420729,-0.016786284766031057,-0.007941051372812919,0.08191102423342884,0.05252848628003919,4.838,4.9735,5.0649999999999995,0,30,10,4.791673343427911,5.130521429037939,33.644859813084125,-0.24490194804463794,-0.22732201502378238,5.485637933722082,4.461362066277917,0.04384862527934837,0.03672698336130195,0.03726578181144633,28272802.0,-1.107123613904544,0,0,-1,0,0,0.020224719101123563,-0.18142746956088626,0.9302102746102958,0.5830227862776722,-0.026970954356846488,-0.030991735537189924,-0.6451571490859797,0.07036247334754799,0.0
2023-10-31,4.75,4.69,0.026088436084297874,0.014721611825359927,0.0379933964392148,-0.530789027072038,0.012712035588361724,4.7909999999999995,4.971500000000001,5.016333333333334,1,31,10,4.784096371895563,5.105971659422589,35.77981651376146,-0.2332403357883699,-0.2285056791766999,5.486956874503498,4.456043125496503,0.04423825590229211,0.03677914889337398,0.03747600629931175,30609808.0,-0.8594317428140068,0,0,-1,0,0,-0.006396588486140778,-1.5815905043672018,0.9004596002904681,0.5838508884269039,-0.04233870967741937,-0.008350730688935326,-0.49618478637335156,0.04842105263157904,0.0
2023-11-01,4.71,4.75,0.010672459890771759,0.01038430930571639,0.004376374599799003,0.14127893576052475,-0.008456710018223509,4.76,4.959,4.974,2,1,11,4.770624304278187,5.080425100750164,39.79591836734692,-0.22463661865552886,-0.2277318670724657,5.4875889856861395,4.43041101431386,0.04299184405776552,0.035862959451373,0.03707888086282813,27918171.0,-0.9421308681897064,0,0,-1,0,0,-0.008421052631578954,-1.1589247702898726,0.619419497212369,0.5693068319227582,0.03516483516483526,-0.050403225806451624,-0.5402101108356882,0.05520169851380038,0.0
2023-11-02,5.13,4.71,0.04565108002627235,0.07078190382265039,0.06303630166763496,0.8699799881110978,0.08541775115435177,4.761,4.970000000000001,4.961333333333333,3,2,11,4.8359653398639715,5.083623481346928,50.42016806722688,-0.18183157966363872,-0.2185518095907003,5.503429815833614,4.436570184166388,0.052145654703975586,0.04115677693536944,0.038568873303254494,34342740.0,0.5998914768195346,0,0,-1,0,0,0.04670912951167723,1.7779051145648823,0.8539980804505211,0.6533435792156796,0.09615384615384626,0.044806517311609007,0.0741627736030879,0.06179337231968814,0.0
2023-11-03,5.47,5.13,0.05331963753278302,0.057051467687234424,0.06392332579365312,-0.32694112873064135,0.06417295725121157,4.821,4.9895000000000005,4.970666666666667,4,3,11,4.951244368979612,5.108550998679384,55.13307984790874,-0.11910020632624718,-0.19866148893780972,5.566587971036498,4.412412028963503,0.05252440914558312,0.04300396784393996,0.038976427202729244,38975665.0,1.665257375359885,0,0,-1,0,0,0.013645224171540018,0.3490709901390245,0.632467579770036,0.6826668258245019,0.22921348314606727,0.07677165354330695,-0.30587611068550596,0.054844606946983517,0.0
2023-11-06,5.35,5.47,0.05971923470162206,0.01980262729617973,0.005752652489449841,-0.017068710758332592,-0.02218205552597464,4.874,4.9985,4.981333333333334,0,6,11,5.023745392801501,5.124128353603294,52.38095238095237,-0.07816707671631118,-0.17456260649351002,5.592798347898614,4.404201652101386,0.05322213666990883,0.04327986528873424,0.038747501029696284,34421147.0,1.182907545487456,0,0,-1,0,0,0.009140767824497225,0.2857043728194065,0.7637006355255039,0.6870465619822049,0.14072494669509572,0.03481624758220492,0.4504866648705072,0.07102803738317756,0.0
2023-11-07,5.36,5.35,-0.03690455693545075,-0.021622464013165657,-0.00383142231155606,-0.2858419324253066,0.0018674141747954624,4.914,4.997,5.0,1,7,11,5.084882594110319,5.1393458791772755,56.692913385826785,-0.04440844723027837,-0.14853177464086367,5.587275582382608,4.406724417617392,0.05293463856030999,0.04224701301440324,0.03765168486941353,37843327.0,1.2299339862061556,0,0,-1,0,0,-0.0056074766355138994,-0.5393837497491359,0.7807697555585591,0.6706505404285212,0.128421052631579,-0.0055658627087197265,0.5956881119416769,0.0522388059701493,0.0
2023-11-08,5.21,5.36,0.007490671729157659,0.0036363676433837124,-0.0019212301778938213,0.33217250781801805,-0.028384119317435126,4.9799999999999995,4.988999999999999,5.01,2,8,11,5.107631213362987,5.143904209552935,51.73745173745174,-0.029419111339736403,-0.12470924198063824,5.562076645924865,4.415923354075133,0.0445731875586358,0.04272238802911567,0.037932969482510126,33072831.0,0.7712755407903165,0,0,-1,0,0,0.0,0.6958700052202661,0.8439449147576139,0.6781968848390577,0.10615711252653925,-0.029795158286778478,0.5260019310635651,0.059500959692898196,0.0
2023-11-09,5.26,5.21,-0.016933612529439854,-0.020165669594594298,-0.015504186535965312,0.2974625723893362,0.009551170984342987,5.038,4.996499999999999,5.020333333333334,3,9,11,5.135334629115171,5.1513942605495195,58.15899581589957,-0.013351465142419805,-0.10243768661299454,5.5800742860747485,4.41292571392525,0.04431131144454805,0.04125243271139303,0.03794110797453936,39496008.0,0.9030555536377736,0,0,-1,0,0,0.01151631477927056,1.879888483360101,0.5938558018865996,0.6548620675846316,0.025341130604288553,0.02935420743639905,1.315136341195728,0.05323193916349815,0.0
2023-11-10,4.97,5.26,-0.030830958337657696,-0.021526334248027818,-0.06871389254805181,0.053979877499384175,-0.0567111866410811,5.09,4.9895,5.017333333333334,4,10,11,5.105273787457866,5.139691405030196,52.85171102661595,-0.023744603134352005,-0.08669906991726604,5.570695682237801,4.408304317762198,0.04526872227041741,0.04320678392011337,0.0391785571903913,32716580.0,-0.06710304496729301,0,0,-1,0,0,-0.028517110266159596,1.851208366186798,0.408430944077863,0.6858864312211466,-0.09140767824497253,-0.027397260273972712,-0.4328067410893141,0.1016096579476861,0.0
2023-11-13,5.2,4.97,-0.023763494452185768,-0.01621399373481927,0.0207046733616912,-0.09038107549172052,0.045238785478844495,5.141,4.9895000000000005,5.029333333333333,0,13,11,5.122496735192799,5.143582282125023,54.41176470588235,-0.013269202949862446,-0.07201309652378533,5.570695682237801,4.4083043177622,0.04454002240517955,0.044300920978324346,0.039159600801554464,38910150.0,0.7243687674674495,0,0,-1,0,0,0.004024144869215385,1.264051876468856,0.6112853340039841,0.7032553185586228,-0.028037383177569986,0.0,0.010595997088664355,0.06153846153846159,0.0
2023-11-14,5.98,5.2,0.09366919119649686,0.14143278653997624,0.11595988109486838,0.40281908497366087,0.13976194237515882,5.264,5.0275,5.069000000000001,1,14,11,5.278406419703199,5.197544715536313,73.13915857605178,0.057311457627157836,-0.0461481856935967,5.753494780319988,4.301505219680012,0.06255725789278394,0.055456973888870324,0.047343836543751926,48175955.0,2.6239858076670437,0,0,-1,0,0,0.05384615384615389,2.651212294996219,1.2685389553260957,0.8803521682449206,0.11567164179104483,0.14559386973180088,1.086144875848753,0.0852842809364548,0.0
2023-11-15,6.45,5.98,0.10718367021934132,0.0939433332098679,0.09564190977916992,0.04579328774397146,0.0756595628451408,5.438,5.098999999999999,5.118666666666667,2,15,11,5.491423434302617,5.278348282275905,75.80174927113703,0.1494494514396134,-0.007028658266954677,6.064159381438211,4.133840618561788,0.06344197054452068,0.05644450740188807,0.048822828022581005,57875937.0,2.7995376224532733,0,0,-1,0,0,0.020066889632106892,2.312219285577858,1.214984040926662,0.8960287767656421,0.23800383877159303,0.2848605577689245,0.08010852255975846,0.08527131782945734,0.0
2023-11-16,6.26,6.45,0.04644549721017794,-0.026175474404647094,0.011541760440171328,-0.20475722020397524,-0.029899945695674064,5.551,5.156000000000001,5.163666666666667,3,16,11,5.631164628065777,5.341680651161331,76.69616519174039,0.2047775155212852,0.0353325764906933,6.252144439195035,4.059855560804966,0.06300089179585008,0.05724991743232386,0.04922303075330879,49971954.0,2.0143330760510607,0,0,-1,0,0,-0.009302325581395425,1.320273788017621,1.3158796529576366,0.9088142646294626,0.1901140684410647,0.22265625,0.25820371177685225,0.04952076677316302,0.0
2023-11-17,6.32,6.26,-0.003134798805371392,0.004669269183683693,0.0116045372925607,-0.4300546197695902,0.00953902304675891,5.636,5.2285,5.205,4,17,11,5.7564074229629085,5.404798028505763,75.38940809968845,0.2505783917616693,0.0783817395448885,6.43158856916788,4.025411430832121,0.06107627488841554,0.05546629490729166,0.048990059807452135,55113286.0,1.8144965017080001,0,0,-1,0,0,0.01757188498402561,-0.01995135553675055,1.0875318053670775,0.8805001348251728,0.2716297786720323,0.29774127310061616,0.5174900061429593,0.042531645569620344,0.0
2023-11-20,6.24,6.32,0.01092907053219023,0.03208831455150045,-0.006698558523706205,0.2715500837156275,-0.012739025777429714,5.725,5.2995,5.240666666666667,0,20,11,5.844333346060561,5.458682026666681,73.06501547987614,0.27722490856810467,0.11815037334953174,6.566962861492368,4.032037138507632,0.06050122829337768,0.055525119394708784,0.04910539303528944,48367876.0,1.4840671526937097,0,0,-1,0,0,0.018987341772151913,0.6778335848667298,1.1801927347972512,0.8814339446134122,0.19999999999999996,0.29460580912863077,0.9444884418110071,0.0833333333333334,0.0
2023-11-21,5.9,6.24,-0.046076458297835805,-0.06684694791667478,-0.05017774958571898,-0.07915164674294789,-0.05602783146966256,5.779000000000001,5.346500000000001,5.257666666666666,1,21,11,5.854454555867731,5.4871541539785085,66.8555240793201,0.26782004386012037,0.14808430745164947,6.630560582272752,4.06243941772725,0.06456283371130574,0.05747422369747112,0.049901224087335466,42135793.0,0.8621088562976059,0,0,-1,0,0,-0.0144230769230769,0.36376403388897327,0.803653167881133,0.9123750162000227,-0.013377926421404673,0.18951612903225823,1.1203019465888222,0.06610169491525418,0.0
2023-11-22,6.02,5.9,-0.03138160074116821,-0.021893879965663474,0.005132603226520216,-0.7251560287128874,0.020134908409055807,5.86,5.42,5.2793333333333345,2,22,11,5.884553727528143,5.521531305334734,63.777089783281724,0.26697212941528736,0.17186187184437707,6.6801587201615815,4.159841279838418,0.06307597769196474,0.0531648381968598,0.0499630796482125,45153673.0,0.9522609976036442,0,0,-1,0,0,0.010169491525423662,-1.1391075682378087,0.4771034866830641,0.8439656421712719,-0.06666666666666676,0.32307692307692304,-0.36295882297391535,0.03742524916943519,0.0
2023-11-24,6.12,6.02,-0.016920877488337063,0.04075034388347057,-0.0017079423451562587,-0.03636234244993618,0.016474837203505042,5.946,5.492,5.313000000000001,4,24,11,5.927362140704844,5.5601421888615254,60.869565217391305,0.271242599529276,0.19173801738135685,6.738613940154993,4.245386059845007,0.06303256341618614,0.05307594856187163,0.04896679298798577,48063787.0,1.0075292434511365,0,0,-1,0,0,-0.026578073089700876,-1.1410757734040493,0.4909305696851368,0.8425545629614118,-0.022364217252396124,0.3076923076923077,-1.4405182544330242,0.07980392156862752,0.0
2023-11-27,5.93,6.12,0.04341249293531346,-0.030174288850468505,-0.006000875273137245,0.45137346426475067,-0.03153788351460075,6.042,5.566,5.340333333333333,0,27,11,5.927841751485781,5.584003983128524,59.47712418300654,0.25634063053562794,0.20465854001221107,6.724790658174708,4.407209341825292,0.060375408281294174,0.05207324879256451,0.04944897681505614,43493547.0,0.6282411709693304,0,0,-1,0,0,0.0,-0.38766198674392904,0.5040276522750997,0.826637197585921,-0.06170886075949378,0.3325842696629213,-0.3041006995867322,0.05649241146711635,0.0
2023-11-28,5.95,5.93,-0.03322564762832039,-0.02803151385588608,-0.012981575639152722,-0.03290059629932122,0.0033670065479044697,6.117,5.629,5.365333333333334,1,28,11,5.931870523942911,5.607616629378297,59.609120521172635,0.24333947955159552,0.21239472792008798,6.722423402365891,4.535576597634108,0.05977274277952557,0.05134141102982097,0.04940321309463095,47915870.0,0.587146752676846,0,0,-1,0,0,-0.0016863406408094076,-0.4718026698491299,0.5159146356285846,0.8150196332643292,-0.04647435897435903,0.26865671641791034,-0.7325591332655088,0.04033613445378155,0.0
2023-11-29,6.14,5.95,0.03159032428758978,0.04894941251756691,0.03256500267815888,0.275800095017066,0.031433522601512595,6.133,5.6985,5.396,2,29,11,5.9697122468623816,5.641963943611956,64.95176848874597,0.24553698827291903,0.2190231799906542,6.731722348312276,4.665277651687724,0.03777555733637472,0.05151214642880161,0.049633466902132585,53742654.0,0.8546079180752736,0,0,-1,0,0,0.02689075630252103,0.12526960568021395,0.38435266302098675,0.8177299736985182,0.04067796610169472,0.29263157894736835,-1.3240872855343009,0.057003257328990316,0.0
2023-11-30,5.98,6.14,0.011391498286095338,-0.012820688429061434,0.0033670065479044697,-0.015390228469393787,-0.026404174196510626,6.086,5.7620000000000005,5.428,3,30,11,5.971582747432857,5.6637727214434435,61.18012422360249,0.23169700806001892,0.22155794560452716,6.690192357558975,4.833807642441026,0.027760443139882136,0.05206644219551749,0.049300491056895816,48004859.0,0.46973021965686446,0,0,-1,0,0,0.006514657980456032,0.002213279036390557,0.43070269415558116,0.8265291462075547,-0.006644518272425071,0.26963906581740993,-0.026363622118038884,0.04180602006688963,0.0
2023-12-01,6.3,5.98,-0.04298182257368503,0.01758638450207577,-0.01694955831377332,0.12999926485576735,0.0521290654349466,6.09,5.820500000000001,5.467333333333333,4,1,12,6.031294975172337,5.704819642640641,70.46153846153845,0.2437403625022201,0.22599442898406577,6.728232281422313,4.912767718577689,0.032379182460996546,0.04989471471258615,0.049980976049050455,54539218.0,1.0564788976077342,0,0,-1,0,0,-0.010033444816053593,0.43234963640929774,0.5798179251224624,0.7920540411961112,0.02941176470588225,0.22807017543859653,0.3026975018674797,0.073015873015873,0.0
2023-12-04,6.51,6.3,0.05903353158419314,0.03580148891598561,0.058107630807280757,-0.056439550485042046,0.03278982282299097,6.109,5.8725,5.522,0,4,12,6.11833225241373,5.756766762470277,70.27863777089783,0.26715050786289307,0.23422564475983126,6.814208972811135,4.930791027188865,0.03390479394681087,0.04851450226082067,0.04899456682042533,60714995.0,1.3539214734186342,0,0,-1,0,0,-0.003174603174603107,0.19720459999873588,0.4917264212485783,0.770143847773274,0.09780775716694778,0.1901279707495429,-0.723372574137491,0.05222734254992317,0.0
2023-12-05,6.2,6.51,0.02360455776942065,-0.0051815970358422715,-0.0016142053545411135,-0.49606629023996157,-0.048790164169431945,6.1049999999999995,5.915,5.568,1,5,12,6.133180933793051,5.7853624552141305,53.985507246376805,0.2577179948792283,0.23892411478371067,6.8338665787115165,4.996133421288484,0.0373788655675238,0.04972388656472659,0.05001375793550198,56954433.0,0.6203294506578797,0,0,-1,0,0,-0.012288786482334882,-1.084072506942776,0.6889489483853267,0.7893422284191142,0.04201680672268915,0.15887850467289732,-0.5626693824772946,0.0509999999999999,0.0
2023-12-06,6.21,6.2,-0.023604557769420664,0.006709481213895394,0.001614205354541201,0.20483684039239472,0.0016116038943413912,6.136,5.9575000000000005,5.6096666666666675,2,6,12,6.147148036739768,5.812758425845477,44.78260869565217,0.2481886129703259,0.24077701442103372,6.846423062208222,5.068576937791779,0.03213664490259158,0.049725725968228864,0.0498967403586949,61569864.0,0.5681031592829878,0,0,-1,0,0,0.012903225806451623,-0.6788915850840619,0.658368778391243,0.7893714280444805,0.01140065146579805,0.15858208955223874,0.02017376095921538,0.05636070853462152,0.0
2023-12-07,6.25,6.21,-0.014434893783602515,-0.0381220802302777,-0.02449102000829587,-0.06308857073978967,0.0064205678029227616,6.159000000000001,6.009500000000001,5.666333333333333,3,7,12,6.165848393696174,5.840967559661898,49.76744186046512,0.24108509594232164,0.24083863072529132,6.833622499836145,5.185377500163857,0.03172626612239166,0.04898604149960109,0.046829027341243015,65903109.0,0.5836510956752582,0,0,-1,0,0,-0.0032206119162640216,-0.8162831138371193,0.6065223576083719,0.7776293011286042,0.04515050167224066,0.19961612284069097,-0.6522834119259431,0.04079999999999998,0.0
2023-12-08,6.73,6.25,0.004834820054583311,0.06671695550733277,0.01720648759366688,0.5189755663134663,0.07399367990832628,6.22,6.083,5.734666666666667,4,8,12,6.268421413024142,5.8983244912966155,57.97665369649806,0.2710628521632037,0.2468834750128738,6.8876470295133165,5.278352970486684,0.039175306955079446,0.05119485742549569,0.04823620822790121,73184284.0,1.6081585496968342,0,0,-1,0,0,-0.0048000000000000395,0.7739337881973419,0.7242080043011491,0.8126931669196201,0.06825396825396846,0.27946768060836513,0.06918618443421544,0.08692421991084694,0.0
2023-12-11,6.64,6.73,0.07731824778397017,0.005179441841548861,0.06372584331958069,-0.5792695293313115,-0.013463180168294018,6.2909999999999995,6.1665,5.807666666666666,0,11,12,6.335981156110661,5.94617452411619,57.75193798449612,0.2842811756734305,0.25436301514498516,6.8165939203395975,5.516406079660403,0.03746789395580438,0.04905081093922818,0.047068084565413094,69104587.0,1.4567125923978859,0,0,-1,0,0,-0.001485884101040219,-0.8796957067467822,0.7220222987432333,0.7786574841074659,0.019969278033794113,0.33601609657947695,0.9913566308385927,0.03237951807228927,0.0
2023-12-12,6.35,6.64,-0.008968669982760375,0.006370807155288056,-0.03885492640287586,0.10135633046978787,-0.04465715058374219,6.331,6.224,5.863,1,12,12,6.338530036817812,5.972227780624824,58.893280632411056,0.26826383739029325,0.2571431795940468,6.692116044991305,5.755883955008695,0.0414166506660296,0.050208444812531984,0.047615999682315335,64589705.0,0.5383280549691043,0,0,-1,0,0,0.003012048192771154,-0.5967823715566161,0.7043169648646499,0.7970343521356239,0.024193548387096753,0.22115384615384603,1.1226829102193363,0.08004724409448823,0.0
2023-12-13,6.55,6.35,-0.04766467164769761,-0.03178323594676396,-0.045388665814027555,0.41254845330948187,0.031010236742560218,6.372,6.2524999999999995,5.923,2,13,12,6.376979121032756,6.009503407681287,60.15325670498085,0.2686119189360934,0.2594369274624561,6.727423816604626,5.777576183395373,0.04138800053668457,0.038619854264893255,0.04775967680261855,71410169.0,1.2528325158629354,0,0,-1,0,0,0.0,0.7646085647010921,0.7253984834004868,0.6130711803267885,0.054750402576489554,0.09531772575250819,0.445440977404649,0.08778625954198477,0.0
2023-12-14,6.9,6.55,0.04766467164769766,0.06022377558013541,0.09334835920982266,0.44917380871276785,0.05205636195605313,6.464,6.275,5.9959999999999996,3,14,12,6.472073826299527,6.066954800734108,63.63636363636364,0.2937437558288307,0.26629829313573106,6.825884456315374,5.7241155436846265,0.041911086063918024,0.03645446647595382,0.04818844359136328,82097952.0,2.2690783623860162,0,0,-1,0,0,0.016793893129771042,2.780508589110437,0.7793130755985879,0.57869671483749,0.10400000000000009,0.06976744186046524,-0.35316827904059106,0.05724637681159414,0.0
2023-12-15,6.7,6.9,0.04262217502440307,-0.006492879237974695,0.004521484718846057,-0.068778276972245,-0.02941388520629334,6.5040000000000004,6.297,6.048333333333333,4,15,12,6.513514948790522,6.1077964264931985,63.41463414634148,0.29413201828520474,0.2718650381656258,6.879593114310035,5.714406885689964,0.041649657253257234,0.03643181601914031,0.046626997972597624,72120547.0,1.3834698354692119,0,0,-1,0,0,0.007246376811594177,2.122745220344627,0.6532483188495959,0.5783371499826266,-0.004457652303120341,0.07028753993610226,0.46784967148634926,0.047701492537313345,0.0
2023-12-18,6.43,6.7,-0.023290718006095994,-0.026106892745844754,-0.043017385083690816,-0.5247175090962379,-0.041132988147392385,6.496,6.3025,6.080333333333333,0,18,12,6.498330412646791,6.128583753816218,57.692307692307686,0.2695458191466349,0.27140119436182764,6.888076638877749,5.716923361122252,0.042954662820126076,0.03771629338542961,0.04624635749751783,66216692.0,0.4354681916421797,0,0,-1,0,0,0.013432835820895501,0.09697326073799763,0.7126670000919251,0.5987275960379829,-0.031626506024096335,0.01740506329113911,0.6776984599704736,0.06531881804043545,0.0
2023-12-19,6.67,6.43,-0.04827483305779562,-0.014837067430467624,0.01092907053219023,-0.2619558690054971,0.03664532167800435,6.542999999999999,6.324,6.124333333333334,1,19,12,6.529543064892828,6.1635138342151725,58.3596214511041,0.2663566794324099,0.2703922913759441,6.9310948941686785,5.716905105831321,0.040934538552596336,0.03837659093470834,0.04625973071007682,70759974.0,1.1398547519454687,0,0,-1,0,0,0.006220839813374812,-0.5200441064455138,0.6708454368104438,0.6092094946781644,0.050393700787401574,0.06891025641025639,-0.48013669645431895,0.037481259370314844,0.0
2023-12-20,6.24,6.67,0.013814494443188514,0.001493652256783372,-0.03315220731690051,0.12893227221654935,-0.06663967754619601,6.545999999999999,6.340999999999999,6.153666666666666,2,20,12,6.47689887127595,6.16844842555613,53.77906976744185,0.22652066763998402,0.26161796662875214,6.9163131870183925,5.765686812981606,0.0469812441302183,0.03923295048197517,0.048129299807344456,65591477.0,-0.3511131059708184,0,0,-1,0,0,-0.01649175412293858,-0.18564426580686327,0.813289173475144,0.6228037810477078,-0.047328244274809084,0.057627118644067776,0.37443896159328127,0.07532051282051277,0.0
2023-12-21,6.43,6.24,-0.03253579005139737,-0.033402448250578635,0.0,-0.3409245856654459,0.029994355868191616,6.564,6.3615,6.194333333333334,3,21,12,6.468371803771231,6.185322720681541,51.96374622356495,0.20788538013720004,0.2508714493304417,6.9175490322940565,5.805450967705944,0.04786852635167589,0.03952490192967422,0.04788125752138549,69266860.0,0.2463811499406561,0,0,-1,0,0,0.017628205128205038,-0.9580228436210263,0.7130236806189364,0.6274383666008096,-0.06811594202898563,0.06810631229235886,0.24576262179014077,0.038864696734059,0.0
2023-12-22,6.45,6.43,0.023347363996991107,0.00923208732276551,0.023007758245127952,-0.13329575981691758,0.0031055925581530666,6.536,6.377999999999999,6.233999999999999,4,22,12,6.465031475812825,6.202398674185958,49.03846153846155,0.19251146109499384,0.23919945168335216,6.923357439521524,5.832642560478474,0.04049886144112462,0.03941403024086824,0.04788898063060983,72483578.0,0.2640470076402399,0,0,-1,0,0,0.010886469673405955,-1.209378606857941,0.7046038029523115,0.6256783331046994,-0.03731343283582089,0.05392156862745101,-0.4353176510322512,0.025581395348837212,0.0
2023-12-26,6.46,6.45,0.0,-0.0022962122603501565,0.0007840063122086221,-0.20507391497766073,0.0015491869868293187,6.518000000000001,6.4045000000000005,6.283666666666666,1,26,12,6.464116662028675,6.219018114561059,54.60992907801418,0.17907022582152798,0.22717360651098734,6.908106989625216,5.900893010374785,0.040369313165102345,0.03858137457807067,0.04641174192696717,75103875.0,0.22040996707095994,0,0,-1,0,0,0.007751937984496096,-1.3929701703347885,0.6387275603323385,0.6124603342356273,0.004665629860031162,0.08937605396290049,-1.3985674013250182,0.022445820433436604,0.0
2023-12-27,6.36,6.46,0.0,0.02497292093137988,-0.012618463959211575,0.3130609570478383,-0.015600940442479661,6.519,6.425,6.322333333333334,2,27,12,6.445186359841643,6.228113720073249,52.577319587628864,0.15852144917340993,0.21344317504347188,6.881923349554161,5.9680766504458385,0.038053919708117424,0.03885244135079302,0.046106074347875954,71520344.0,-0.28451161475298925,0,0,-1,0,0,0.00619195046439629,-0.8923600607804519,0.5574660065767908,0.6167633858515246,-0.04647676161919034,0.06890756302521006,-1.0301226544840296,0.061320754716981216,0.0
2023-12-28,6.24,6.36,-0.031252543504104426,-0.04744577678343867,-0.027354883449366988,0.09356428772929971,-0.019048194970694474,6.4879999999999995,6.43,6.3309999999999995,3,28,12,6.407879748961344,6.228880576842717,49.83277591973245,0.13104281847561428,0.1969631037299004,6.875846327076712,5.984153672923288,0.03685585089079717,0.038593485382676235,0.037675304456047914,67585336.0,-0.8523116081084509,0,0,-1,0,0,-0.009433962264151021,-0.6714739686253783,0.3109450947256572,0.6126525872986066,0.0,0.016286644951140072,0.9500415329867259,0.04006410256410256,0.0
2023-12-29,6.14,6.24,-0.007968169649176845,-0.005500996190347586,-0.009836144876713018,-0.08687406429857039,-0.016155440222285256,6.411999999999999,6.438,6.320666666666667,4,29,12,6.359174340059281,6.223146346078671,38.69731800766282,0.10004340333089612,0.17757916365009954,6.8546331214559295,6.02136687854407,0.030835674806831033,0.038280186738131106,0.0349098185892532,63977750.0,-1.4305151686387072,0,0,-1,0,0,0.0016025641025640682,-0.7637398013522593,0.16773649471745103,0.6076791255012464,-0.04510108864696738,0.026755852842809347,0.5515815974674775,0.044788273615635095,0.0
2024-01-02,5.81,6.14,-0.037494204427580516,-0.04760882912360084,-0.05415875026214793,0.3607293749062284,-0.05524417129523126,6.323,6.413499999999999,6.305666666666667,1,2,1,6.259324460048502,6.196491743105854,35.43859649122807,0.04829123017385495,0.15172157695485064,6.913574731256716,5.913425268743282,0.03331933932696182,0.03819889215746034,0.03585999296876541,58803118.0,-2.413639251410959,0,0,-1,0,0,-0.019543973941368097,-0.004282656919876237,0.3213750495191978,0.6063886140408936,-0.0992248062015505,-0.07777777777777783,-1.2924332063638315,0.0516351118760757,0.0
2024-01-03,5.59,5.81,-0.0458874045114705,-0.04047770117893026,-0.03540192705091595,-0.34274693493021047,-0.038601283696812046,6.239,6.367500000000001,6.281333333333333,2,3,1,6.137629103676047,6.157363243550638,36.33093525179857,-0.010355529196177216,0.11930615572464506,6.985540196273588,5.749459803726413,0.03311134290416428,0.03791699081434135,0.036380344972584924,55130072.0,-2.516017581664947,0,0,-1,0,0,-0.01032702237521508,-0.646369895195787,0.26833685809674135,0.601913568952006,-0.1346749226006192,-0.14132104454685102,-1.0544778121213467,0.04651162790697671,0.0
2024-01-04,5.65,5.59,-0.02822056764225132,-1.7211852081706803e-05,-0.009049835519917927,-0.004699504656118927,0.010676257991341854,6.137,6.34,6.261666666666667,3,4,1,6.048969266644038,6.124630131063499,32.95454545454548,-0.05139950842687302,0.08516502289434144,7.03373132976254,5.646268670237459,0.02945021136379493,0.036849612500414394,0.03642670228435566,58785897.0,-1.9892427237967805,0,0,-1,0,0,0.0,-0.6509088937882894,0.38639388719444273,0.5849694635111611,-0.1116352201257862,-0.08870967741935476,0.2179829345227253,0.054849557522123865,0.0
2024-01-05,5.53,5.65,0.0,-0.019097184171233576,0.005439723295818342,-0.30671182144229936,-0.0214677296241062,6.066,6.305999999999999,6.249333333333333,4,5,1,5.954611218163304,6.086266896801338,21.576763485477187,-0.09254337240047406,0.049623343835378336,7.087641996393283,5.524358003606715,0.02427288523311205,0.0370205750183387,0.03528349201489075,56095712.0,-1.9855637327080196,0,0,-1,0,0,-0.01061946902654876,-1.0257653336187784,0.38510129555871414,0.5876834093468079,-0.11378205128205132,-0.109500805152979,0.3158444713533022,0.030741410488245916,0.0
2024-01-08,5.55,5.53,-0.010791471632764319,-0.012356732688905492,-0.010909199100353732,0.298540004243627,0.003610112224099572,5.978,6.270999999999999,6.233666666666666,0,8,1,5.881045542133612,6.051669032491575,24.215246636771298,-0.12212852654046902,0.015272969760208865,7.122744958120427,5.419255041879571,0.02023912728964416,0.0369794570059865,0.03505702241951308,59721784.0,-1.6929950523946784,0,0,-1,0,0,0.0,-0.5820456515228598,0.4319316610589814,0.5870306811362728,-0.09609120521172632,-0.11199999999999999,-0.09508726903344265,0.028828828828828857,0.0
2024-01-09,5.41,5.55,-0.023788861964014713,-0.015212821349268688,-0.02968678118004239,-0.10699287447526547,-0.025548834899952952,5.8740000000000006,6.205,6.209999999999999,1,9,1,5.795400898109318,6.010271030395344,25.714285714285722,-0.15508409144741186,-0.01879844248131528,7.109898947541941,5.300101052458059,0.019481251020973867,0.03172521405124657,0.03511852450610356,56463642.0,-1.7571022756950494,0,0,-1,0,0,-0.02702702702702693,-0.6699275968484659,0.32436783865465135,0.5036221600193423,-0.0688468158347676,-0.19613670133729577,0.2535032613666812,0.04343807763401115,0.0
2024-01-10,5.38,5.41,0.0018501392881613734,-0.008166710547378154,0.0,-0.4061530065197581,-0.005560718684697177,5.766,6.142,6.191666666666666,2,10,1,5.719873462089442,5.969608383273064,15.873015873015873,-0.18152980080245307,-0.05134471414554284,7.093621331147052,5.190378668852949,0.018838830748752623,0.031734586340872194,0.03473554227109245,54293041.0,-1.601477342004328,0,0,-1,0,0,0.0,-1.0893933101148991,0.2462847215394487,0.5037709405047304,-0.03756708407871201,-0.18975903614457834,-0.06997325708570017,0.03529739776951685,0.0
2024-01-11,5.22,5.38,-0.013023439886286736,-0.020184525334046438,-0.04231400469141608,0.5126929468318245,-0.030190972279145682,5.652,6.0855,6.167333333333333,3,11,1,5.628987378073179,5.921246552094157,18.518518518518505,-0.21294419074383875,-0.08366460946520203,7.116033331517116,5.054966668482884,0.019166709261112726,0.031102672934393547,0.035061846789462545,50668611.0,-1.6797127730470207,0,0,-1,0,0,-0.007434944237918222,-0.4223143083357334,0.22376141479787276,0.49373962616270933,-0.07610619469026558,-0.17795275590551185,0.6364633481720887,0.05747126436781606,0.0
2024-01-12,5.17,5.22,-0.01890415463915261,0.0018535686493230564,0.012689286906492047,-0.4571646468708704,-0.009624713374209557,5.545,6.0165,6.135000000000001,4,12,1,5.54553512751442,5.872779032604212,7.432432432432449,-0.2391184940797526,-0.11475538638811215,7.0995420121118755,4.933457987888124,0.019418306594243127,0.029587066143166293,0.03441778079045192,48374071.0,-1.5631895910471079,0,0,-1,0,0,0.0038314176245211615,-0.9135516625864469,0.22062632315437194,0.4696801142330219,-0.06509945750452084,-0.21068702290076335,-0.12307369337879749,0.047388781431334646,0.0
2024-01-16,4.96,5.17,-0.029043667770519498,-0.057158413839948755,-0.04057954088832431,0.5127814008526888,-0.04146694778350166,5.427,5.9195,6.100999999999999,1,16,1,5.439074195239071,5.81389006275878,5.389221556886213,-0.273652566561398,-0.14653482242276933,7.016778451442172,4.822221548557828,0.020597119524148333,0.02600729272543296,0.03482312741119893,44542351.0,-1.7488724010553798,0,0,-1,0,0,-0.01547388781431336,-0.10626821843949337,0.23030646348191286,0.4128529729533291,-0.10630630630630633,-0.2811594202898551,-0.03034779289433167,0.03024193548387086,0.0
2024-01-17,5.04,4.96,-0.03396930005821466,-0.011834457647002796,-0.026613648518089943,-0.08818390910936232,0.01600034134644112,5.35,5.8365,6.059,2,17,1,5.366515250650148,5.763961671613052,9.195402298850581,-0.2912088619067168,-0.17546963031955884,6.936323430804551,4.736676569195449,0.020069674175873943,0.026771102967336348,0.033267929993260247,48050645.0,-1.4484143139546293,0,0,-1,0,0,-0.008064516129032265,-0.1902331824024625,0.350950134532474,0.4249780846468518,-0.06839186691312382,-0.24776119402985075,0.17436010982315006,0.0436507936507936,0.0
2024-01-18,5.02,5.04,0.059188871390330654,0.0408219945202552,0.008264509849893431,0.08200995114103131,-0.003976148379639517,5.293,5.766,6.009333333333333,3,18,1,5.3035124778046665,5.715964144412211,9.638554216867476,-0.3032406162438548,-0.20102382750441805,6.886214265218632,4.645785734781368,0.018368949699180744,0.02610188734193302,0.03239896205398309,44242509.0,-1.331888055995081,0,0,-1,0,0,0.03571428571428566,0.2846300202445767,0.35347652678782515,0.41435461593707723,-0.06691449814126404,-0.21928460342146194,0.11468665668846346,0.07768924302788839,0.0
2024-01-19,5.06,5.02,-0.03906746819090951,-0.02605067719994255,0.0020554991820959595,-0.10203499616234896,0.007936549595736342,5.234,5.685499999999999,5.971333333333333,4,19,1,5.259237481840182,5.673643877030778,12.658227848101262,-0.3060205876904005,-0.22202317954161457,6.7627572384969366,4.608242761503062,0.01803074929356234,0.023917775306436614,0.03164284383492303,47681248.0,-1.1612825194337795,0,0,-1,0,0,0.0,-0.11797076223042964,0.3459957934770349,0.3796829122485178,-0.03065134099616862,-0.24137931034482762,-1.122235556707587,0.048418972332015836,0.0
2024-01-22,5.31,5.06,0.08218567497151501,0.1342642618401752,0.05590277758114632,1.119708031206025,0.04822535195447323,5.212,5.639,5.941333333333333,0,22,1,5.268467030596512,5.65018298173847,26.011560693641613,-0.2847681939497697,-0.2345721824232456,6.695566435004564,4.582433564995436,0.025702685981024,0.02467346573045179,0.033217288871183775,58217405.0,-0.622772007703575,0,0,-1,0,0,0.07707509881422937,3.9301117748763508,0.5182429345070241,0.39167912582910047,0.027079303675048294,-0.14903846153846168,-0.20005046855021957,0.1318267419962334,0.0
2024-01-23,5.42,5.31,0.007312646846286557,-0.056253845709521605,0.03341599691984402,-0.8624599325410544,0.02050398019770737,5.199,5.5885,5.913666666666667,1,23,1,5.296018479578964,5.6353324667876015,37.08609271523181,-0.2560973077546915,-0.2388772074895348,6.5804523545430555,4.596547645456944,0.026793248191502885,0.023966307313576605,0.03348317675541528,62664953.0,-0.339734059258561,0,0,-1,0,0,0.03389830508474588,0.35595220434423175,0.315550718908007,0.38045333397763315,0.092741935483871,-0.15707620528771382,1.0155529306349287,0.0378228782287823,0.0
2024-01-24,5.01,5.42,0.010869672236903891,0.010791471632764386,-0.060976796498715416,0.07726290141754355,-0.07865990035478139,5.159,5.5165,5.856333333333334,2,24,1,5.244015119655516,5.594988436672272,32.941176470588246,-0.2634224275989503,-0.24378625151141792,6.452634830594358,4.580365169405641,0.03509727270931259,0.028115270630703307,0.032314071725362825,57860151.0,-1.08210907968977,0,0,-1,0,0,0.023985239852398504,0.5154517535544837,0.7391136986946432,0.44631608479271434,-0.005952380952381042,-0.22325581395348848,-1.2178152901937003,0.11576846307385232,0.0
2024-01-25,4.98,5.01,-0.09440968447107465,-0.08782484811559137,-0.012048338516174368,-0.26912830339779925,-0.006006024060211699,5.119,5.4425,5.801,3,25,1,5.19601237062724,5.555311763338578,29.94011976047905,-0.26855267901426316,-0.24873953701198698,6.294837343642593,4.590162656357407,0.03509539007468313,0.027971797466602662,0.03230994792869983,54189065.0,-1.0852510533527386,0,0,-1,0,0,0.007984031936127753,-0.17390069957783025,0.7398831157411805,0.44403851892058316,-0.007968127490039723,-0.22910216718266252,-1.1712366939608354,0.034136546184738936,0.0
2024-01-26,4.9,4.98,-0.005958309583630635,0.005842275624228361,-0.014242356715543216,-0.03429260516902935,-0.016194685919980606,5.087,5.3695,5.752666666666666,4,26,1,5.142191939604104,5.51303358505867,30.674846625766875,-0.2758934437525955,-0.2541703183601087,6.136818639638141,4.60218136036186,0.034375617436440284,0.027975326046092527,0.03167621380695216,50641736.0,-1.2237419391282132,0,0,-1,0,0,0.008032128514056052,-0.24549992734748805,0.7417965015016996,0.4440945333834522,-0.03162055335968361,-0.2295597484276729,-0.6630877460268495,0.05510204081632662,0.0
2024-01-29,5.17,4.9,-0.018090945649039073,0.013500687218902524,0.0040899852515252876,0.10858540239140868,0.05363748340375683,5.087000000000001,5.316000000000001,5.706666666666667,0,29,1,5.147247950585176,5.490902386022627,39.89361702127659,-0.2569622087897194,-0.2547286964460309,5.968360894629181,4.66363910537082,0.039309264253880795,0.03173667865517913,0.03296122065365674,54595944.0,-0.4476050026971381,0,0,-1,0,0,0.0061224489795917054,-0.007018390708152582,0.7689646446036285,0.5038041549646548,-0.026365348399246646,-0.17147435897435903,-0.5036674585201456,0.06189555125725327,0.0
2024-01-30,4.99,5.17,0.033901551675681416,-0.011560822401075858,0.004073325387635648,-0.07240277368148215,-0.03543677875691047,5.090000000000001,5.2585,5.643,1,30,1,5.118657414115144,5.458586103053427,39.0625,-0.25356067474428023,-0.2544950921056808,5.798023181297308,4.718976818702691,0.038669112466433016,0.03223363220051229,0.031244775888833794,50917913.0,-0.9953233125382251,0,0,-1,0,0,-0.013539651837524234,-0.17141712006200074,0.7557529655577816,0.5116930479292753,-0.0793357933579335,-0.18729641693811072,0.4924277987878582,0.04809619238476958,0.0
2024-01-31,4.83,4.99,-0.02582069962174275,0.011560822401076006,-0.020534602441707753,0.1396887318105779,-0.032589442098946014,5.069,5.2095,5.5806666666666676,2,31,1,5.0661742479123895,5.418032160920948,36.585365853658544,-0.2607696076175756,-0.25574999520805974,5.715067945352246,4.703932054647755,0.03960522022133603,0.031020261185024118,0.03131335000831305,46688487.0,-1.5012818889678232,0,0,-1,0,0,-0.004008016032064221,0.18283916428362576,0.5801002725538746,0.4924313801990616,-0.0359281437125748,-0.1686746987951806,1.6884575479945887,0.08281573498964792,0.0
2024-02-01,4.95,4.83,-0.010111309604320566,-0.030143264193900562,0.011141027140505506,-0.47492427786464947,0.02454110891611766,5.061999999999999,5.1775,5.531333333333333,3,1,2,5.0450516573828645,5.387836537635725,43.28358208955225,-0.2538732489557116,-0.25537464595759013,5.662251699868689,4.692748300131312,0.04060567136803809,0.031089989575651702,0.031424964225989505,49318903.0,-0.9386248673769525,0,0,-1,0,0,0.018633540372670777,-0.7279265152508341,0.6224567083963577,0.4935382840845897,-0.006024096385542244,-0.11449016100178888,0.7905705869201091,0.03858585858585873,0.0
2024-02-02,4.94,4.95,-0.006116227017436094,-0.02094839696381066,-0.019474408699649785,0.35924522325782665,-0.002022245380767698,5.05,5.142,5.473666666666666,4,2,2,5.025951356040525,5.358943857788259,44.16243654822337,-0.2463746973094576,-0.25357465622796366,5.583080014222627,4.700919985777373,0.040492704585720594,0.030867366411428045,0.03025888030630595,45551495.0,-0.9159335879500738,0,0,-1,0,0,-0.012121212121212222,-0.0636950282280992,0.6082988396940996,0.49000425091288113,0.008163265306122547,-0.12566371681415933,0.5071106090362653,0.036437246963562694,0.0
2024-02-05,4.67,4.94,-0.0040983663922821365,-0.01831180364233762,-0.0340458414097171,0.1997634150265486,-0.05620625951902533,4.986,5.099,5.421333333333334,0,5,2,4.961232927669521,5.31449586696321,42.857142857142854,-0.2592305363637095,-0.25470583225511284,5.548415995310988,4.649584004689013,0.03926577412792363,0.03257914946328058,0.029692101603644012,40951061.0,-1.9091443316481886,0,0,-1,0,0,-0.014170040485830015,0.3730585898273812,0.4956866811138575,0.5171779644350631,-0.09671179883945846,-0.15551537070524413,0.6343546771466781,0.05353319057815846,0.0
2024-02-06,5.06,4.67,-0.03553142837848554,0.041232587833352645,0.010764366587158484,-0.056392820162065385,0.0802074116185682,4.95,5.0745000000000005,5.375666666666667,1,6,2,4.979190577184153,5.298076778772035,50.42735042735041,-0.23523746968127135,-0.25081215974034454,5.470664505967827,4.678335494032174,0.04892340600712252,0.03843799744704307,0.03347409390910448,45299243.0,-0.07320191375841448,0,0,-1,0,0,0.006423982869379069,0.20205635603133504,0.8524319159570388,0.6101842928412696,0.014028056112224352,-0.08828828828828827,0.7143624183127646,0.08003952569169966,0.0
2024-02-07,4.91,5.06,0.07774875287437763,0.01077913425482719,0.048076133435775124,-0.5501490057854977,-0.030092541492944904,4.94,5.0495,5.324333333333334,2,7,2,4.966610472241579,5.273039567238356,47.77327935222673,-0.2257245260448162,-0.24579463300123888,5.418708256735086,4.680291743264914,0.04348451234157486,0.03857939704893127,0.03365263439241425,42790934.0,-0.7556710742798683,0,0,-1,0,0,0.003952569169960566,-0.8538628161949658,0.8461457690871234,0.6124289419337479,0.016563146997929712,-0.09242144177449163,0.7091696209029412,0.04684317718940927,0.0
2024-02-08,5.18,4.91,-0.03403731978396125,0.019305618894153474,0.002038736689848309,0.37561548335235584,0.05353111446496236,4.96,5.0395,5.281666666666667,3,8,2,5.005408568197655,5.267037014513301,52.22222222222223,-0.19416054426645601,-0.23546781525428234,5.3807962904779245,4.698203709522076,0.0468782812313181,0.04077498135354333,0.03556346047066673,46442749.0,0.8233315387240465,0,0,-1,0,0,0.0,-0.23611696345723845,0.9161822113065259,0.647282762248629,0.04646464646464632,-0.03717472118959109,0.2959641811035239,0.06177606177606183,0.0
2024-02-09,5.4,5.18,0.06695413479710316,0.04120433059832103,0.06695413479710316,0.25022277701152845,0.04159389729883714,5.01,5.0485,5.249666666666666,4,9,2,5.077152464888991,5.275615271641476,51.68539325842698,-0.1496684155880672,-0.21830793532103931,5.418152753126488,4.678847246873511,0.04761589071460049,0.04129983052274851,0.03662946282243508,51132817.0,1.901784834697138,0,0,-1,0,0,0.01351351351351357,0.35618745745364316,0.9323763117852011,0.6556144845138436,0.09311740890688247,0.034482758620689724,-0.41235693291640857,0.03703703703703707,0.0
2024-02-12,5.59,5.4,0.04470017891790699,0.04133562405790712,0.03371105734231166,0.28589777818132583,0.0345803335967789,5.052,5.0695,5.228,0,12,2,5.1703974712728105,5.295898157342026,53.09090909090909,-0.09794759208690085,-0.1942358666742116,5.509283439528444,4.6297165604715556,0.04594276047426171,0.041820260604693356,0.037237685768941244,57375093.0,2.3670741242921944,0,0,-1,0,0,0.01666666666666664,1.164023922739323,0.66223555216178,0.6638760559435818,0.19700214132762306,0.0812379110251451,-1.1232704087378949,0.044722719141323794,0.0
2024-02-13,5.16,5.59,-0.05234839975616381,-0.0749208701797891,-0.06662787235545349,-0.07003497577812473,-0.08004270767353637,5.069000000000001,5.0795,5.195333333333333,1,13,2,5.168507021950481,5.287130534287702,52.70758122743683,-0.09061136179867191,-0.17351096569910368,5.517892998406556,4.641107001593444,0.0519227381283606,0.04458900822097209,0.03956006208819798,51555037.0,0.3672503908255666,0,0,-1,0,0,-0.06797853309481215,0.8373125790596627,0.8953837895916127,0.7078285617582403,0.01976284584980248,0.040322580645161255,-0.9162511040916221,0.036821705426356495,0.0
2024-02-14,5.46,5.16,0.019011979488571785,0.042717729685154325,0.036738076114919374,-0.3639217862484309,0.056512210263342195,5.132,5.1005,5.183666666666666,2,14,2,5.2215057452322124,5.298283403043335,57.89473684210526,-0.05989937098255371,-0.1507886467557937,5.570056341554449,4.630943658445552,0.052681213733023695,0.046203966096848674,0.040078862069732483,55599659.0,1.5312326474385962,0,0,-1,0,0,0.02906976744186036,-0.2223545217760871,0.8969482573976829,0.7334652232627277,0.1120162932790223,0.08333333333333326,-2.087338189486626,0.042106227106227065,0.0
2024-02-15,5.45,5.46,0.04240266550534498,0.009049835519917856,0.011301900472443277,0.6824461171319913,-0.0018331810816609605,5.182,5.122,5.178999999999999,3,15,2,5.263050155189992,5.308071570588927,59.25925925925926,-0.03595237679918384,-0.12782139276447174,5.614837114117732,4.629162885882268,0.05272336322704787,0.04618453734078118,0.03948049646647171,47596517.0,1.3310685847480457,0,0,-1,0,0,0.014652014652014666,1.8094343859595188,0.8582431615940805,0.7331568013217001,0.05212355212355213,0.08565737051792843,-1.4397676035595433,0.040366972477064174,0.0
2024-02-16,5.24,5.45,-0.042402665505345015,-0.03129544446723764,-0.02277138241247759,-0.6384495767359405,-0.03929411034220186,5.212,5.131,5.165333333333334,4,16,2,5.258859217882721,5.303679856357384,51.20274914089349,-0.033532909825897406,-0.10896369617675689,5.625640752145913,4.636359247854087,0.054937026100672644,0.04719378264873221,0.040035392071859584,43369973.0,0.4407238972006349,0,0,-1,0,0,-0.025688073394495515,-0.2403373388187757,0.8661651868977825,0.7491780739018835,-0.029629629629629672,0.035573122529644285,-0.2578762865720377,0.032251908396946485,0.0
2024-02-20,5.13,5.24,-0.015180557177015754,-0.009151245113352217,-0.03317377368199832,0.07798982659090417,-0.021215839150272694,5.258000000000001,5.122,5.152,1,20,2,5.235430269176772,5.292474704334327,52.46478873239437,-0.040030103395819694,-0.09517697762056945,5.609425027972508,4.634574972027492,0.05165402578741247,0.046149149333541056,0.04003127482960805,38800607.0,0.03282556102330977,0,0,-1,0,0,-0.0019083969465648447,0.1612575040830307,0.7914064743388795,0.732595034122391,-0.08228980322003576,-0.03389830508474567,0.5834650848897681,0.05653021442495128,0.0
2024-02-21,5.05,5.13,-0.031070460473739802,-0.043718618458133435,-0.013986241974739952,-0.1883478643831445,-0.015717415895409707,5.257,5.1034999999999995,5.1353333333333335,2,21,2,5.201715674780995,5.276831175022436,53.985507246376805,-0.05104608008569311,-0.0863507981135942,5.570980368289517,4.636019631710482,0.0452259509122529,0.04597576055676395,0.04009647205478294,35015680.0,-0.228886616974967,0,0,-1,0,0,-0.011695906432748463,-0.44934453964052734,0.5876453559701043,0.7298425726214995,-0.02131782945736438,-0.06826568265682664,1.547453052612935,0.026138613861386252,0.0
2024-02-22,4.87,5.05,0.01953187091724585,0.017101077458177676,-0.02238140219613488,0.3220809604919212,-0.03629430619276995,5.253,5.096500000000001,5.117333333333334,3,22,2,5.141403733911723,5.250584002440344,48.58156028368794,-0.07345408370213846,-0.08377145523130305,5.573961489215069,4.619038510784932,0.04571078381083587,0.043426852637300103,0.04034562578611357,29792494.0,-0.9487676183993793,0,0,-1,0,0,0.023762376237623783,0.6942176279263098,0.23903197957652225,0.6893799138032731,-0.10805860805860801,-0.027944111776447067,0.34440228620624685,0.06776180698151953,0.0
2024-02-23,4.81,4.87,-0.0597787514258393,-0.04633652939584604,-0.02500130220541727,0.09887225269117089,-0.012396852976828682,5.215999999999999,5.088,5.098333333333334,4,23,2,5.081148509564137,5.222159228089354,47.73519163763064,-0.09495945310303178,-0.0860090548056488,5.580024817516242,4.595975182483758,0.04149591984614097,0.043491803716563526,0.04038096991904212,24026487.0,-1.1300243000072805,0,0,-1,0,0,0.0,1.0242176437045505,0.1879916865058779,0.6904109802219708,-0.11743119266055058,-0.03413654618473916,-0.3498101128178515,0.04469854469854467,0.0
2024-02-26,4.92,4.81,0.0102145934097182,0.0030226723265858856,0.012578782206859965,0.24019527347738345,0.02261144638654699,5.168,5.089,5.088333333333334,0,26,2,5.051848780552476,5.202665084341654,54.61254612546125,-0.10195130145868347,-0.08919750413625574,5.5794949165456815,4.598505083454319,0.03932637066700259,0.043645690527248135,0.04031924440393386,31357950.0,-0.689099904195485,0,0,-1,0,0,0.022869022869022936,1.9099037086873156,0.3430682064959666,0.6928538576087169,-0.06106870229007644,0.004081632653061051,1.2503943142136245,0.03455284552845527,0.0
2024-02-27,4.8,4.92,-0.035163912457666896,-0.009095565484485158,-0.044735893841391414,0.29195526019169155,-0.02469261259037152,5.089,5.0705,5.076,1,27,2,5.006058093179298,5.176686691803483,44.67213114754098,-0.11584005670645947,-0.09452601465029649,5.575818034299917,4.565181965700083,0.03636326265427113,0.04206020518878288,0.04051577078063195,21540805.0,-1.0706128878806371,0,0,-1,0,0,-0.03455284552845527,2.700358372894314,0.34926152261558746,0.667685058131208,-0.06432748538011701,-0.07156673114119927,1.2964030021011046,0.06979166666666667,0.0
2024-02-28,4.72,4.8,0.010471299867295437,-0.00305033281762298,0.023682484643559105,-0.06442057798306743,-0.01680711831638129,5.045,5.057,5.0680000000000005,2,28,2,4.954047530783062,5.147223034267775,45.99156118143459,-0.13178321188113973,-0.10197745409646515,5.585278236099216,4.528721763900784,0.029151317116010544,0.0415271013307021,0.03995407107329412,12336146.0,-1.275842830431155,0,0,-1,0,0,0.0,1.9803937379251435,0.34984265345879584,0.6592222967425032,-0.0653465346534654,-0.054108216432865786,1.3373774041680182,0.044491525423728806,0.0
2024-02-29,4.83,4.72,0.0,0.01415594923013246,0.01687803778735173,-0.781407331424738,0.023037668067017358,4.982,5.057,5.060999999999999,3,29,2,4.9314934342770504,5.12675703205695,42.08144796380092,-0.1339975561133695,-0.10838147449984603,5.585278236099216,4.528721763900784,0.021338137288188477,0.041259548479416173,0.040080700599167865,16549683.0,-0.8593956157503622,0,0,-1,0,0,0.0169491525423729,-0.5015696192794029,0.36201139377445485,0.6549750269000902,-0.008213552361396315,0.0,0.44318016015884687,0.04140786749482405,0.0
2024-03-01,4.55,4.83,0.0020811662038244493,-0.03091474119172668,-0.05151353445010801,0.3721384424705781,-0.05971923470162231,4.892,5.037,5.045333333333334,4,1,3,4.862130991681223,5.089546900956503,31.277533039647565,-0.156541585855277,-0.11801349677093223,5.6106714629190435,4.463328537080956,0.02537473173268532,0.04284516667590626,0.041425372841749616,10436541.0,-1.6978358920695533,0,0,-1,0,0,-0.004140786749482497,0.3726448394721306,0.5465025153854719,0.6801459354333593,-0.05405405405405406,-0.08080808080808088,-0.3379763831973561,0.06338461538461543,0.0
2024-03-04,4.48,4.55,-0.048998085991576165,-0.03335607816402904,-0.026787315963649843,0.016205083505796452,-0.015504186535965086,4.816,5.014,5.026,0,4,3,4.792652629557364,5.050221294443181,24.186046511627936,-0.17800438310770872,-0.13001167403828753,5.638664962831057,4.3893350371689435,0.024284824308819793,0.042927707223273756,0.041442421126520426,4223528.0,-1.7097165097265814,0,0,-1,0,0,0.006593406593406648,0.3670096669000261,0.4596074388220373,0.6814562260018406,-0.08943089430894302,-0.09311740890688258,0.14760305295556977,0.055803571428571425,0.0
2024-03-05,4.21,4.48,-0.03555930203648692,-0.048254975502657005,-0.07515272237934471,0.3906943729631086,-0.06216039873260381,4.723999999999999,4.991,4.989333333333334,1,5,3,4.6867157878196615,4.996013468995233,26.130653266331663,-0.21432988656066598,-0.14687531654276323,5.6975080921049495,4.28449190789505,0.02817579445006305,0.043293009371982674,0.04147728425202517,-4959347.0,-2.210873473998326,0,0,-1,0,0,-0.013392857142857253,1.678768094800338,0.5513622869885078,0.6872552178351287,-0.12291666666666667,-0.09850107066381153,0.3999648806070174,0.08313539192399062,0.0
2024-03-06,4.25,4.21,-0.034525868849073674,0.02222313678471004,0.02051973023117654,-0.07807943824870935,0.009456335242035444,4.644,4.9505,4.950333333333333,2,6,3,4.607312917306995,4.947883567769735,15.028901734104082,-0.23715664981798934,-0.16493158319780846,5.729500033781017,4.171499966218983,0.02961415329674612,0.03826458024997469,0.04127005599447144,3533811.0,-1.7984594855535432,0,0,-1,0,0,0.014251781472683992,1.2051845813069966,0.6060506290955643,0.6074313801822407,-0.09957627118644063,-0.16007905138339917,-0.07635495393062705,0.08588235294117652,0.0
2024-03-07,4.29,4.25,0.01164157501548599,-0.022200665127087366,-0.045212342821547916,0.04175050871096171,0.009367750003600241,4.586,4.9195,4.926333333333333,3,7,3,4.549619659614814,4.9054394666233,17.045454545454575,-0.24914734297038788,-0.18177473515232434,5.7527428722826075,4.086257127717393,0.02983784072302734,0.03809727421520663,0.039283131381959546,12389069.0,-1.5109640200714383,0,0,-1,0,0,0.016470588235294185,1.268380815116422,0.5485723278286704,0.604775479217221,-0.11180124223602483,-0.12627291242362526,-0.26793555628871357,0.1049184149184149,0.0
2024-03-08,4.58,4.29,0.004618945856294458,0.0756893500780736,0.08157998699242285,-0.031992381310681745,0.06541226518616802,4.563000000000001,4.8895,4.913,4,8,3,4.555143357866666,4.884443372002443,32.06521739130437,-0.23256857158870137,-0.19193350243959978,5.726448718795828,4.052551281204172,0.03907323099606314,0.03924724107619566,0.04142078728471516,20965510.0,-0.7395913107921299,0,0,-1,0,0,0.011655011655011614,1.0288004974196514,0.7358053957162374,0.6230306371980764,0.00659340659340657,-0.11583011583011582,0.13389564283157232,0.10043668122270741,0.0
2024-03-11,4.78,4.58,0.07114110002524113,0.03278982282299097,0.06684001812585044,0.07768279727306862,0.042741548377271114,4.549,4.8585,4.909000000000001,0,11,3,4.5960263837090904,4.87770508993777,40.93264248704664,-0.20097473564477397,-0.19374174908063463,5.6610557858946144,4.055944214105386,0.041171453791318695,0.03932492800198919,0.042148767747757034,30234754.0,-0.19562503038339088,0,0,-1,0,0,0.01746724890829696,1.2351635490270803,0.7658550084107251,0.6242638789127012,0.06696428571428559,-0.11481481481481481,-0.8506349491977936,0.06694560669456072,0.0
2024-03-12,5.1,4.78,0.04407848895694383,0.03369991844584197,0.027631938662085884,0.04916458394796966,0.06479999322691543,4.579,4.834,4.906666666666666,1,12,3,4.687657950307438,4.892046697038559,51.1520737327189,-0.14840435437081556,-0.18467427013867083,5.569660104581538,4.098339895418461,0.04557726010814001,0.04162182813675538,0.04273379874766041,39971105.0,0.7231600527020763,0,0,-1,0,0,0.018828451882845158,1.3131238459848984,0.4604561570673211,0.6607260381703537,0.21140142517814708,-0.08765652951699465,-0.1800933022300337,0.07058823529411772,0.0
2024-03-13,5.14,5.1,0.04810546712111471,0.07869226857566487,0.05704193838701874,0.10677880909853545,0.007812539736793625,4.621,4.833,4.911666666666666,2,13,3,4.769901959342449,4.908043684326395,56.6502463054187,-0.10233463281007094,-0.16820634267295084,5.566846391498265,4.0991536085017355,0.04481494897345991,0.03793114013445155,0.04222748223330024,50804627.0,0.8366873600705723,0,0,-1,0,0,0.001960784313725623,1.5949123380847778,0.46734352876188484,0.6021381824453994,0.2094117647058822,-0.00387596899224818,-0.19276358744630329,0.09727626459143969,0.0
2024-03-14,4.89,5.14,-0.009832920916239057,-0.05747642942539233,-0.044541775622787064,-0.5274421998004996,-0.049860775980293134,4.627,4.804499999999999,4.913666666666667,3,14,3,4.791737966734731,4.906879575660176,51.8018018018018,-0.08501693491706508,-0.15156846112177372,5.477575423942236,4.131424576057762,0.048007253173143735,0.03688922858374443,0.042791090211776336,44411631.0,0.25405770871627653,0,0,-1,0,0,-0.015564202334630364,-0.4108300790764901,0.778041412046551,0.5855983493376192,0.1398601398601398,-0.10439560439560447,-1.1268781354449338,0.08384458077709615,0.0
2024-03-15,5.02,4.89,-0.03417417981259355,0.01702973984480227,0.0020682530640590605,0.8998866747779021,0.026237630216857093,4.674,4.783,4.916,4,15,3,4.833240154601143,4.914177667553069,52.23214285714284,-0.06010971366280504,-0.13327671162998,5.393852725811066,4.1721472741889345,0.04344780719050731,0.03755305661638204,0.042825281180776255,60134082.0,0.7759644509577005,0,0,-1,0,0,0.0,2.788005785094625,0.6948532571356687,0.5961362926636534,0.09606986899563297,-0.0788990825688074,-0.9520216369439434,0.0976095617529881,0.0
2024-03-18,4.87,5.02,0.032195939800487905,-0.036298158710679554,-0.025105921131076358,-0.705025596635439,-0.030335996609139264,4.713,4.7645,4.913666666666667,0,18,3,4.839923762855481,4.911327495452872,51.54185022026432,-0.05187630996031878,-0.11699663129604777,5.338368681108425,4.190631318891575,0.04464119360482454,0.037175402127711046,0.043201348404554196,52365683.0,0.3676799361004589,0,0,-1,0,0,0.005976095617529931,-0.030676378273214663,0.7276356010795383,0.5901412135124693,0.01882845188284521,-0.07061068702290074,0.2675591515869258,0.08624229979466118,0.0
2024-03-19,4.79,4.87,-0.042473522558728154,-0.04781787435049264,0.0,-0.5246745347109608,-0.016563525671674576,4.771,4.7475000000000005,4.917666666666666,1,19,3,4.830846715063575,4.903499915101073,51.54185022026432,-0.05121622090611666,-0.10384054921806155,5.295333051787501,4.1996669482125,0.038826626008254435,0.03707299327371196,0.04206967606237713,47768749.0,0.15515675756082326,0,0,-1,0,0,-0.0061601642710472785,-1.17704562603182,0.47385817795636404,0.5885155233540731,-0.06078431372549009,-0.06627680311890838,0.17828196934575888,0.03757828810020889,0.0
2024-03-20,5.06,4.79,-0.008298802814695066,0.05170137437689041,0.005282632464427218,0.3419721577208841,0.054836071876550305,4.852,4.748,4.917666666666666,2,20,3,4.8725109486883795,4.913596694771972,54.73251028806584,-0.028576934941643373,-0.08878782636277792,5.297012510641909,4.198987489358092,0.04103449929899784,0.03919450715008471,0.04051245990531304,54239950.0,1.1365861212714699,0,0,-1,0,0,0.002087682672233776,-0.5790699582116206,0.6820329854467392,0.6221935120732026,-0.015564202334630406,0.001980198019801982,0.551194089422444,0.08201581027667985,0.0
2024-03-21,5.11,5.06,0.06062462181643484,0.005797117684325915,0.05034447770153614,0.024431455326575525,0.009832920916239054,4.934,4.76,4.924333333333333,3,21,3,4.9156907761995825,4.926267875754426,62.72727272727274,-0.006525335568433377,-0.07233532820390902,5.3303184705881135,4.189681529411886,0.0410234029410424,0.03827627459438829,0.04012938716132241,60871199.0,1.2273844108155214,0,0,-1,0,0,0.007905138339920957,-0.5576289539461091,0.5448126413944667,0.6076170221446265,0.04498977505112478,0.04928131416837789,0.33175587353256625,0.03913894324853232,0.0
2024-03-22,4.89,5.11,-0.001962709167848706,-0.017493157447517345,-0.028457204814035613,-0.4508740351252478,-0.04400710072883252,4.965,4.764,4.914666666666666,4,22,3,4.911019725981476,4.923928012802527,58.72340425531913,-0.006723936223970384,-0.05921304980792129,5.336911309384168,4.191088690615833,0.04119945289699003,0.03952451425154483,0.039663954787683156,56646622.0,0.439858658525834,0,0,-1,0,0,-0.003913894324853319,-1.4151998075399634,0.6241902416468429,0.627432212401295,-0.02589641434262946,0.016632016632016633,1.0650994237233355,0.05112474437627812,0.0
2024-03-25,4.95,4.89,-0.027890253981832324,0.001958864485333193,0.010256500167189282,0.1644792269814197,0.012195273093818425,4.981999999999999,4.765499999999999,4.899666666666667,0,25,3,4.918107048530299,4.925610076492687,67.28971962616822,-0.0020165841880066537,-0.047773756683938365,5.340285085693836,4.190714914306163,0.03927377344909408,0.03929421561368147,0.038894221993307006,61626465.0,0.6419790791101916,0,0,-1,0,0,0.012269938650306851,-1.0542570625261265,0.5873772956644199,0.6237763348629147,0.01642710472279263,0.0060975609756097615,0.2865593856866617,0.04242424242424241,0.0
2024-03-26,4.79,4.95,0.006042314455962662,-0.012147851265541836,-0.02688890021633129,-0.20639954775566174,-0.03285716515777505,4.9510000000000005,4.765,4.873,1,26,3,4.894814857888426,4.91686103929961,61.94690265486725,-0.011069039610680065,-0.04043281326928671,5.339676110150905,4.190323889849094,0.03381528449930098,0.03960319844084927,0.03861063217830319,57575323.0,0.08700553079694068,0,0,-1,0,0,0.006060606060606111,-1.249082066935788,0.6310912623308068,0.6286812851833687,0.0,-0.002083333333333326,0.3741120424225768,0.05810020876826736,0.0
2024-03-27,4.74,4.79,-0.028515170308021347,-0.04007284800067954,-0.0297894368021071,0.32050818864339053,-0.010493275715838656,4.911,4.766,4.859,2,27,3,4.866666701908713,4.905450649667377,59.91189427312776,-0.022023880302396215,-0.03675102667590861,5.340415950518224,4.191584049481776,0.03349212943784474,0.03948427105219292,0.03613393761406065,51993547.0,-0.09052673407325554,0,0,-1,0,0,0.010438413361169066,-0.6411545286620334,0.39246441694066897,0.6267933714166145,-0.06324110671936745,0.004237288135593209,-0.2257138769481727,0.04641350210970459,0.0
2024-03-28,4.62,4.74,-0.029352212012527336,-0.018583988694622567,-0.007588112290492323,0.0699033736184195,-0.02564243061333767,4.884,4.7555,4.831,3,28,3,4.821818210652583,4.887034478721095,50.95238095238095,-0.039928397877929456,-0.037386500916312786,5.332660928027298,4.178339071972701,0.03103628168008157,0.03953219226961582,0.03450422417844348,46007625.0,-0.469539753715243,0,0,-1,0,0,-0.008438818565400852,-0.5446740724427922,0.3408469304234682,0.6275540971595612,-0.09589041095890416,-0.04347826086956519,0.7974707003330703,0.035865800865800906,0.0
2024-04-01,4.5,4.62,-0.012848142477849137,-0.010706808226442852,-0.02311605405348736,-0.36079890155294747,-0.026317308317373417,4.832,4.753,4.799333333333334,0,1,4,4.763305808715749,4.862064512351992,43.06930693069307,-0.0630737789085849,-0.04252395651476721,5.334326975660692,4.1716730243393085,0.02945953099254886,0.03773223583866349,0.0347091712696829,41834724.0,-0.8704223632920516,0,0,-1,0,0,0.004329004329004236,-1.1340264119682972,0.28421697031097337,0.5989806746372536,-0.07975460122699385,-0.01098901098901095,1.3058084563915884,0.048888888888888836,0.0
2024-04-02,4.33,4.5,-0.05310982531394829,-0.05678381185017752,-0.04091479763850669,-0.007145454857112551,-0.038509854761875614,4.7780000000000005,4.7455,4.769,1,2,4,4.684522934403795,4.827737769619605,29.411764705882362,-0.09405008850344476,-0.05282918291250273,5.3452359067906166,4.145764093209383,0.030135215655326043,0.03854008033128008,0.034684895376795026,37691534.0,-1.3856098836018544,0,0,-1,0,0,-0.022222222222222143,-1.0769370482076521,0.16279315402468325,0.6118048083901134,-0.12525252525252528,-0.033482142857142905,0.9057114001203433,0.032332563510392744,0.0
2024-04-03,4.41,4.33,-0.02066663680855922,0.017817843316793893,0.0,-0.15161222358866555,0.018307147444356107,4.74,4.7555,4.745,2,3,4,4.634609673603104,4.800786945773179,30.89005235602096,-0.11086571467031803,-0.0644364892640658,5.323468679639872,4.187531320360128,0.03146463557650484,0.03611254584952308,0.0348354127555499,41251866.0,-1.2166163818014346,0,0,-1,0,0,-0.004618937644341908,-1.149947761640627,0.34413696139478056,0.573268893163535,-0.07933194154488521,0.04750593824228022,1.2343858677245267,0.049886621315192885,0.0
2024-04-04,4.3,4.41,0.04313949266061774,0.007696574551989067,-0.014018921179330818,0.13278747044659592,-0.02525966675923799,4.664,4.758000000000001,4.72,3,4,4,4.573771551129813,4.768478110562007,33.33333333333336,-0.1315518523831649,-0.07785956188788562,5.316968975694271,4.1990310243057305,0.02217936434261485,0.03660100367882004,0.034980108535074245,37185941.0,-1.6387313783600956,0,0,-1,0,0,0.02040816326530609,-0.8929733400839124,0.34422773052956857,0.5810229208171082,-0.09282700421940937,0.0117647058823529,1.8722133026977745,0.07325581395348847,0.0
2024-04-05,4.3,4.3,-0.05715841383994864,-0.03227881795732513,-0.0094563352420354,-0.41296068028699834,0.0,4.583,4.7585,4.701,4,5,4,4.523994905469847,4.7382537163322,28.048780487804905,-0.14625977392590084,-0.09153960429548866,5.315721490498089,4.20127850950191,0.021095783252686993,0.03655052230542889,0.03449682312213938,37185941.0,-1.6456651719952717,0,0,-1,0,0,-0.011627906976744146,-1.2083136801442298,0.36192318420137765,0.5802215538581044,-0.06926406926406936,0.002331002331002363,0.7312477439325628,0.048837209302325574,0.0
2024-04-08,4.28,4.3,0.0163364193196936,-0.004535155165391151,0.003556613114847021,-0.0021752955235028806,-0.00466201310581119,4.522,4.7435,4.683333333333334,0,8,4,4.479632195384419,4.7086889604398,30.463576158940413,-0.15771173782489978,-0.1047740310013709,5.335988951706244,4.151011048293756,0.01921949270953984,0.032992229711164264,0.03445812449542932,34501412.0,-1.5645861367210891,0,0,-1,0,0,0.004651162790697782,-1.0923047601264855,0.3490715810218103,0.5237354100795419,-0.04888888888888887,-0.06550218340611347,-0.0708461464496964,0.040887850467289884,0.0
2024-04-09,4.28,4.28,-0.009302392662313561,-0.013730192811902131,-0.0011841327612166937,-0.0990253206643754,0.0,4.455,4.718500000000001,4.662000000000001,1,9,4,4.443335432587252,4.681031608153362,32.16783216783219,-0.16488678945146695,-0.11679658269139011,5.34568334430025,4.091316655699751,0.017758283406546862,0.031143479774057434,0.034110149354306514,34501412.0,-1.3983151943846215,0,0,-1,0,0,0.0,-1.0587166671506563,0.24598191795597377,0.4943874146599561,-0.011547344110854452,-0.10460251046025104,-0.3192361119036154,0.028037383177570117,0.0
2024-04-10,4.16,4.28,-0.023641763057040653,-0.02685508730317635,-0.026412099539777075,0.44859184307295324,-0.028437935320533514,4.392,4.6715,4.640666666666666,2,10,4,4.39181989938957,4.647416665691855,14.843750000000071,-0.17820186648707992,-0.12907763945052808,5.318867950362941,4.024132049637059,0.017321173857769753,0.026479241146212133,0.034191453700501244,30693535.0,-1.5802450514061812,0,0,-1,0,0,-0.023364485981308535,-0.5570712946264718,0.2196212113482943,0.42034492187151723,-0.05668934240362811,-0.18431372549019598,-0.5552347664820607,0.027644230769230605,0.0
2024-04-11,4.19,4.16,0.004773278752657812,0.02223614144688193,0.0036429912785010087,0.0024351366085671733,0.007185659660874533,4.337000000000001,4.6240000000000006,4.623,3,11,4,4.35512537222783,4.617905913066575,13.492063492063537,-0.1842099540051576,-0.14010410236145399,5.2660165598776345,3.981983440122367,0.018563942293049772,0.026457457250823078,0.03416907538182319,34510696.0,-1.351990048614071,0,0,-1,0,0,0.009615384615384623,-0.47855142896333325,0.21444087565655495,0.41999911325280315,-0.025581395348837077,-0.1848249027237353,-1.6812629503205363,0.0465393794749404,0.0
2024-04-12,4.01,4.19,-0.01197619104671565,-0.030554668321972546,-0.04335044087361374,0.27250364763718604,-0.04390949261556867,4.276,4.58,4.595666666666667,4,12,4,4.292375304550043,4.5786861767397,13.934426229508247,-0.20117686070444663,-0.1523186540300525,5.264474443026989,3.8955255569730105,0.020677514415887454,0.02604637429032571,0.03452314705652058,29497816.0,-1.6655114177214785,0,0,-1,0,0,-0.009546539379474948,-0.03755151959785525,0.33379316446106794,0.41347337356264974,-0.06744186046511624,-0.179959100204499,-0.6994963889465784,0.05985037406483796,0.0
2024-04-15,3.89,4.01,-0.021925360628965888,-0.029057734479542782,-0.02564243061333767,-0.2542327472319771,-0.030382083688122802,4.215,4.5235,4.573666666666667,0,15,4,4.219216158268217,4.534254810498429,8.593750000000028,-0.22175005699928185,-0.16620493462389838,5.240812968470562,3.8061870315294377,0.020970274648974115,0.024962774137534623,0.033418395347553954,25610271.0,-1.7663140856096151,0,0,-1,0,0,0.01246882793017452,-0.4608301341655529,0.33887522836584427,0.39627175441314894,-0.09112149532710279,-0.2250996015936254,0.3281334518809043,0.05655526992287922,0.0
2024-04-16,3.86,3.89,-0.05831817042108652,-0.032462276144661274,-0.013072081567352888,-0.23461409991489268,-0.007741974153615509,4.168,4.473000000000001,4.553,1,16,4,4.153904129492177,4.490754500143692,9.565217391304373,-0.2377347543015107,-0.18051089855942085,5.2287805306605355,3.7172194693394656,0.0193138072924378,0.02463458468798902,0.03336291802145787,22535705.0,-1.6221640413633116,0,0,-1,0,0,-0.015424164524421607,-1.018043307323023,0.3156293898941515,0.39106190841467187,-0.0981308411214954,-0.2073921971252567,0.5171008795796357,0.0362694300518135,0.0
2024-04-17,3.78,3.86,0.020672570804719882,0.0,-0.005277057100843781,0.061806032171707465,-0.02094317384524325,4.105,4.4225,4.538666666666667,2,17,4,4.085921560493599,4.444899371102164,9.322033898305108,-0.2539309159565164,-0.19519490203883996,5.22275982622701,3.6222401737729903,0.01636179377482189,0.024700635476843872,0.031826097949352365,19265117.0,-1.6057284870320163,0,0,-1,0,0,0.012953367875647739,-0.7865406953703448,0.30850243060964794,0.3921104321819293,-0.09134615384615397,-0.21085594989561596,0.20308421324593515,0.04232804232804237,0.0
2024-04-18,3.78,3.78,-0.02853630726493436,-0.020513539833103018,-0.017345331461773847,0.26523930873413737,0.0,4.053,4.3585,4.523,3,18,4,4.030299458585672,4.40200263748267,10.377358490566067,-0.26372641678643216,-0.2089012049883584,5.1487637800788155,3.568236219921185,0.016606493440410756,0.01914183342800918,0.03174353667693712,19265117.0,-1.4640681113901106,0,0,-1,0,0,0.005291005291005296,0.13420787675641468,0.2722853142611006,0.3038671853300118,-0.09785202863961828,-0.25296442687747034,-0.1892348607395252,0.038359788359788365,0.0
2024-04-19,3.65,3.78,-0.018592833076615856,-0.018301164382404467,-0.023146029892963015,-0.1966875561402824,-0.034996842037096215,3.9880000000000004,4.2855,4.501666666666667,4,19,4,3.9611541024791856,4.35348633829024,10.280373831775734,-0.2787658955929313,-0.222874143109273,5.0528735109204295,3.51812648907957,0.017237934339507925,0.018754253495982746,0.03213804185221648,15762461.0,-1.6562990276736198,0,0,-1,0,0,-0.013227513227513182,-0.4928163551604371,0.23095149920505184,0.2977145446502042,-0.08977556109725682,-0.2857142857142858,0.29775761924716687,0.043835616438356206,0.0
2024-04-22,3.93,3.65,-0.008075414005545307,0.04387800617205427,-0.005524875931969916,0.21623099927588194,0.07391225828676985,3.9530000000000003,4.2375,4.48,0,22,4,3.9554897202102426,4.326164639045708,33.05084745762714,-0.2650359613747417,-0.23130650676236678,4.964711690021859,3.5102883099781406,0.03415401417795043,0.027098518397124488,0.032881206485015836,20110620.0,-0.8456959760664919,0,0,-1,0,0,0.013698630136986375,0.4097003094685061,0.6882119883656505,0.4301756434626003,0.010282776349614497,-0.19631901840490784,1.731779180888165,0.08905852417302801,0.0
2024-04-23,4.01,3.93,0.0628479036596637,0.04686430897621778,0.07982960165248494,-0.06319928026879776,0.020151815437307912,3.9259999999999997,4.1905,4.4543333333333335,1,23,4,3.9654006801720163,4.305766920397598,33.050847457627114,-0.244876771188129,-0.23402055964751925,4.841312447717808,3.5396875522821922,0.03527102174026528,0.027513672179989353,0.031964499444021535,24192482.0,-0.5546912958808835,0,0,-1,0,0,0.0025445292620864595,0.1777249586961243,0.69010709840938,0.4367660054544491,0.03886010362694292,-0.18989898989899,1.100815852452754,0.05985037406483796,0.0
2024-04-24,3.97,4.01,0.02753615780860535,-0.009685305734463655,-0.01287019052053502,-0.014492055969613418,-0.010025146619378707,3.907,4.1495,4.416666666666667,2,24,4,3.966236920140741,4.284104538436463,35.135135135135144,-0.22948279857823994,-0.2331130074336634,4.741996058169627,3.5570039418303723,0.0344674138239967,0.02701378797120251,0.02890383937375585,20169348.0,-0.6059112040492597,0,0,-1,0,0,0.009975062344139661,0.11411867429791216,0.6653075047010272,0.4288305896497795,0.050264550264550456,-0.17118997912317324,1.0764148329803305,0.06297229219143588,0.0
2024-04-25,3.98,3.97,-0.00992563979996993,-0.02258898734622078,0.0025873235649509544,-0.08044405083183581,0.002515724597247149,3.886,4.1115,4.378,3,25,4,3.9687392982969696,4.2644848907954005,35.71428571428572,-0.21400908444139555,-0.22929222283520984,4.6383885830482035,3.5846114169517973,0.034327340590357344,0.027132679633734738,0.028819970069234698,23881520.0,-0.4991567638047301,0,0,-1,0,0,0.01007556675062962,-0.1412613566448469,0.6630298189262558,0.4307179362818952,0.05291005291005302,-0.16033755274261607,1.0309795065746508,0.03723618090452264,0.0
2024-04-26,4.02,3.98,-0.0050000104167056405,0.007882839956525126,0.015384918839479456,-0.17714813342812472,0.010000083334583179,3.8869999999999996,4.0815,4.349,4,26,4,3.9780594258793385,4.248711672034407,38.59649122807014,-0.19625607097872422,-0.2226849924639127,4.5517642034556784,3.611235796544322,0.03174298105852933,0.02712159324226699,0.027951628518368084,26991042.0,-0.2615550983811883,0,0,-1,0,0,0.00251256281407041,-0.885877023285281,0.5335985881578691,0.4305419452733306,0.10136986301369855,-0.12987012987013002,1.6462869643495426,0.029850746268656636,0.0
2024-04-29,4.07,4.02,0.01739174271186902,0.012270092591814401,0.015151805020602246,0.07907275871273439,0.012361096823574147,3.905,4.0600000000000005,4.317333333333334,0,29,4,3.9947758939012767,4.2371818867418645,41.1764705882353,-0.176121874436987,-0.2133723688585276,4.4870338332451105,3.6329661667548905,0.029980992200829157,0.027036405278408303,0.027496188130514805,30356425.0,0.04683469655791869,0,0,-1,0,0,0.009950248756218916,-0.43299126623541545,0.18194598801549583,0.4291896282709343,0.03562340966921118,-0.0955555555555555,-0.7006853060790048,0.027027027027026886,0.0
2024-04-30,3.88,4.07,-0.012391732295163384,-0.01227009259181436,-0.03053672386008165,0.11547404707620929,-0.04780784581932166,3.907,4.0375,4.2843333333333335,1,30,4,3.97390754955559,4.214137894048841,38.888888888888886,-0.17349682729531857,-0.2053972605458858,4.45186698710101,3.62313301289899,0.034061590043313154,0.027676172897089048,0.028149951165788365,26579101.0,-0.7601956956170652,0,0,-1,0,0,-0.014742014742014864,0.24259529658616028,0.38399423071975475,0.43934562436634184,-0.032418952618453845,-0.10392609699769062,-1.5913830649639784,0.04639175257731951,0.0
2024-05-01,4.0,3.88,-0.030382083688122802,0.033983852815598785,-0.0025873235649510238,0.24860195689186945,0.030459207484708654,3.929,4.017,4.258,2,1,5,3.9786516314545732,4.20032254604569,42.96296296296295,-0.15989034503565946,-0.19629587744384056,4.392519289572816,3.641480710427185,0.034311482197199046,0.02836619222139119,0.02892973588690198,31422505.0,-0.09054128760916268,0,0,-1,0,0,0.0025773195876289258,1.6824613591859048,0.46150680869114474,0.4502993415579356,0.007556675062972307,-0.09297052154195018,-1.4921777349152048,0.08250000000000013,0.0
2024-05-02,4.01,4.0,0.04523384182414871,-0.01927770542590319,0.026182718815151475,-0.5967854013032068,0.002496880198587146,3.9519999999999995,4.0024999999999995,4.223,3,2,5,3.9843513348264685,4.188043672107259,50.0,-0.14661016269506533,-0.18635873449408552,4.353611018579005,3.6513889814209946,0.034270409070809235,0.02798590881783338,0.0265232775292032,34089180.0,0.04272153024621,0,0,-1,0,0,0.01750000000000007,-1.3283799621172028,0.46150510407489115,0.44426252967670055,0.007537688442210921,-0.06744186046511624,-1.491544864866395,0.03680798004987536,0.0
2024-05-03,3.96,4.01,0.007343974255758285,0.012092045765028552,-0.019726918472280232,0.3479599808415884,-0.01254721605208864,3.9829999999999997,3.9854999999999996,4.184666666666667,4,3,5,3.9799238194034743,4.173331177132598,53.15315315315314,-0.1385232943348269,-0.1767916464622338,4.307694776002614,3.6633052239973853,0.03199337087821079,0.028051617323186177,0.02633479182470478,30312700.0,-0.15828934482657625,0,0,-1,0,0,0.02244389027431418,0.1517246797294649,0.4639699273932163,0.44530561986181205,-0.01492537313432829,-0.07906976744186045,-0.7479697409173108,0.06944444444444453,0.0
2024-05-06,3.96,3.96,-0.022195732391784323,-0.029270382300113224,0.008968669982760536,-0.19092217823100135,0.0,3.9859999999999998,3.9695,4.153666666666667,0,6,5,3.97630130678466,4.159567875382108,54.62962962962964,-0.13060881576956973,-0.167555080323701,4.260377076586267,3.6786229234137324,0.021250227932610093,0.02806294970934098,0.025526732713461727,30312700.0,-0.06531968838171803,0,0,-1,0,0,0.012626262626262581,-0.8756241014705595,0.44655178663254597,0.44548551591497143,-0.027027027027027084,-0.07476635514018692,-0.4593931301118046,0.03030303030303033,0.0
2024-05-07,3.86,3.96,-0.010025146619378707,-0.017478597273959673,-0.025841231183887328,0.08168754544683508,-0.025576841789649737,3.971,3.9485,4.117333333333333,1,7,5,3.955155614641994,4.140240915680037,53.63636363636364,-0.1308968018991319,-0.1602234246387872,4.2034117494333305,3.6935882505666693,0.021518986324884123,0.02846205220053535,0.025484688264485106,26927010.0,-0.6943579509123131,0,0,-1,0,0,0.0025252525252525836,-0.6036063509928146,0.3322530915537736,0.4518210715509313,-0.005154639175257714,-0.0981308411214954,0.7304947963727397,0.0388601036269431,0.0
2024-05-08,3.73,3.86,-0.03851567208061531,-0.033293728099463696,-0.031917602968304974,0.04174467744857153,-0.03425894982101533,3.947,3.9269999999999996,4.082,2,8,5,3.9142182301616315,4.113773759829712,47.967479674796756,-0.1400011009818467,-0.1561789599073991,4.179323935488118,3.6746760645118814,0.02351303870284932,0.028731447042618416,0.02553056060660613,23396994.0,-1.5614848398659045,0,0,-1,0,0,-0.010362694300518144,-0.33491509347044535,0.24901043147325633,0.4560975820907432,-0.0675,-0.10336538461538469,-0.26506008696944844,0.03753351206434308,0.0
2024-05-09,3.77,3.73,-0.021164811192043158,-0.010471299867295366,-0.008141157583699885,0.45137670039725875,0.010666767804195228,3.9259999999999997,3.906,4.049666666666666,3,9,5,3.8879967337686074,4.091594807582634,55.26315789473684,-0.1423477615055484,-0.15341272022702898,4.1349932198472255,3.6770067801527744,0.023980486790632423,0.028820951323063625,0.025751993455831786,28940788.0,-1.1878080939753008,0,0,-1,0,0,0.002680965147453145,2.406288687005438,0.28685241041754056,0.457518418494746,-0.05985037406483784,-0.10023866348448696,0.10423185543093132,0.03448275862068963,0.0
2024-05-10,3.65,3.77,0.03674954220874144,0.08327634024060124,-0.02661817101070709,0.0579171628590249,-0.03234783386551928,3.8890000000000002,3.8879999999999995,4.017333333333333,4,10,5,3.844724600356133,4.063104819996658,35.714285714285694,-0.1521367660582431,-0.15315752939327182,4.13818729825809,3.6378127017419093,0.024678910871651583,0.028146529645217896,0.02593606704720829,23066433.0,-1.9025746043628602,0,0,-1,0,0,0.029177718832891213,2.4782931247541127,0.3193606720715379,0.44681230626452173,-0.07828282828282829,-0.08977556109725682,0.6618488596113418,0.15243835616438356,0.0
2024-05-13,3.75,3.65,-0.036749542208741375,-0.031983045853050764,0.04283474259995224,-0.07949634305691151,0.02702867238791942,3.857,3.8809999999999993,3.9923333333333333,0,13,5,3.8275019457459267,4.042904509029132,37.00000000000001,-0.15009525377265343,-0.15254507426914815,4.138673804397808,3.623326195602191,0.026529197310528194,0.0283200410986846,0.026450696124160716,28491878.0,-1.0167894272850155,0,0,-1,0,0,0.024657534246575425,1.6823695694306604,0.44167958277108293,0.4495667151974872,-0.05303030303030298,-0.03598971722365041,0.7521493348525642,0.07200000000000001,0.0
2024-05-14,4.0,3.75,0.023779191766113934,0.01980262729617973,0.026456569536830465,0.03291963874066479,0.06453852113757116,3.8689999999999998,3.8879999999999995,3.981333333333333,1,14,5,3.858865228337576,4.040136476188543,51.2396694214876,-0.12684227116972524,-0.14740451364926357,4.150826739004992,3.625173260995007,0.03178228713124481,0.03208805169142936,0.028850831207417296,34098899.0,0.8522724927000146,0,0,-1,0,0,0.021333333333333353,1.6509736643728203,0.6711047253897615,0.5093820289926455,0.0362694300518136,0.0362694300518136,0.4231955412143062,0.0625,0.0
2024-05-15,3.89,4.0,0.05831817042108662,0.0024479816386400372,-0.007863736460214576,-0.453014286969636,-0.027885203489535663,3.8579999999999997,3.8934999999999995,3.964,2,15,5,3.864526095912562,4.030450251918315,46.564885496183216,-0.11595355521393014,-0.1411143219621969,4.151367775173325,3.6356322248266735,0.03154922885440504,0.032377957907474705,0.02893335954562289,30534465.0,-0.027145695096231905,0,0,-1,0,0,0.014999999999999902,-0.5529104390743897,0.6480509906861286,0.513984147499772,0.04289544235924936,0.029100529100529293,0.48672588753405055,0.07455012853470437,0.0
2024-05-16,3.81,3.89,-0.045347819978459145,-0.0437296406119439,0.0,-0.24950551942551039,-0.02077996849174531,3.838,3.8949999999999996,3.947666666666667,3,16,5,3.8546122602920962,4.0162276550203595,42.22222222222225,-0.11248286829455845,-0.13538803122866921,4.150425341856118,3.6395746581438817,0.03199571400619632,0.0327665636460508,0.028833780793826702,27757108.0,-0.6655565135575336,0,0,-1,0,0,-0.002570694087403658,-1.2646059877235012,0.6803510703425731,0.5201530723537215,0.010610079575596787,0.007936507936507908,1.01911259967586,0.03018372703412079,0.0
2024-05-17,3.7,3.81,-0.020834086902842025,-0.016768155506378488,-0.0540672212702757,0.7663229743726861,-0.029296369488430823,3.812,3.8975,3.9276666666666666,4,17,5,3.826500940238988,3.995825870825498,36.87943262411347,-0.11725674186719282,-0.13176177335637393,4.14363860023465,3.6513613997653502,0.03285006701153671,0.0324756231903767,0.029188138662829172,21780682.0,-1.6047868949585171,0,0,-1,0,0,-0.0026246719160105594,1.7541731465747745,0.6711152043087528,0.5155345358014727,0.013698630136986356,0.013698630136986356,1.0457137051449594,0.06754054054054048,0.0
2024-05-20,3.67,3.7,-0.023969190112996277,-0.028961562509947376,0.01379332213233577,-0.4530029959272422,-0.008141157583699885,3.783,3.8845,3.9073333333333333,0,20,5,3.798046223831899,3.9748048469012724,41.6,-0.12205385943131164,-0.1298201905713615,4.150105564302839,3.618894435697161,0.03277751954173021,0.027201904009609992,0.029195208025667163,17981371.0,-1.6151770055195882,0,0,-1,0,0,0.002702702702702645,-0.2827840494166593,0.6377217795433912,0.4318168391812727,-0.021333333333333315,-0.0661577608142494,2.0156703262079683,0.02452316076294286,0.0
2024-05-21,3.48,3.67,-0.016304709024943697,-0.016172859245601072,-0.05345857852476726,0.5054279485499936,-0.053159368280095924,3.745,3.8580000000000005,3.880666666666667,1,21,5,3.7402196376806445,3.9428819535528037,30.303030303030297,-0.13957805285697367,-0.13177176302848392,4.172197390185142,3.5438026098148594,0.03537868696226459,0.028674348915249528,0.03041215492398925,11683273.0,-2.4061307433347157,0,0,-1,0,0,-0.005449591280653956,1.793237806448837,0.25287427685515396,0.45519117741866977,-0.13,-0.13216957605985036,-0.73095915215023,0.06321839080459776,0.0
2024-05-22,3.42,3.48,-0.04196419909903208,-0.05014978368547156,-0.020438667677273956,-0.4570606446639973,-0.01739174271186922,3.714,3.8305,3.8560000000000003,2,22,5,3.6819978853750728,3.909147633968752,28.46715328467154,-0.15650352573625925,-0.136718115570039,4.195579659655106,3.4654203403448935,0.0345148968422219,0.028764267364894056,0.0302108885080057,7695683.0,-2.2488242724220924,0,0,-1,0,0,0.005747126436781614,-0.188293362427948,0.2628168153795705,0.4566185885548852,-0.12082262210796924,-0.1385390428211587,-1.179483902008142,0.03216374269005844,0.0
2024-05-23,3.28,3.42,-0.023122417420854264,-0.017291497110060994,-0.046800993439495044,0.7796226371389307,-0.04179712867846148,3.665,3.7954999999999997,3.8256666666666663,3,23,5,3.608907360761423,3.8685574640352844,26.71232876712328,-0.1791487990663403,-0.14520425226929926,4.228189264945582,3.362810735054417,0.035241141796533676,0.02963251421940216,0.030754868981806578,-999852.0,-2.3827723115101183,0,0,-1,0,0,0.0,2.7711564226935472,0.27893476744484935,0.4704015800767403,-0.13910761154855644,-0.17587939698492472,-0.10249639692060344,0.06250000000000003,0.0
2024-05-24,3.3,3.28,-0.04179712867846148,-0.03400179727748947,-0.004647568396546851,-0.7605954604277719,0.0060790460763821925,3.63,3.7595,3.802,4,24,5,3.5527423860775276,3.831876337323331,27.70270270270271,-0.1932537989794656,-0.15481416161133255,4.231560433239988,3.2874395667600127,0.03506289970609846,0.029510224702853912,0.030111658396008257,3064337.0,-1.9467846387642422,0,0,-1,0,0,0.0,-0.29312617517899964,0.3764312330962442,0.46846029418431845,-0.10810810810810823,-0.17910447761194026,-0.17379623347478945,0.031818181818181815,0.0
2024-05-28,3.2,3.3,0.009104766992919287,0.004501132880791442,-0.018809331957496227,0.19781820402966904,-0.030771658666753545,3.575,3.7159999999999997,3.7790000000000004,1,28,5,3.4886074067907042,3.7911101220121486,27.70270270270271,-0.21007961031904232,-0.1658672513528745,4.22637241304673,3.2056275869532698,0.033006784040784574,0.029392315906455416,0.030122069868798187,-1888856.0,-2.022052864964527,0,0,-1,0,0,0.0030303030303031006,0.2501458279031395,0.3557853316417618,0.46658855006837424,-0.12806539509536774,-0.2137592137592138,0.6744612152100025,0.05624999999999991,0.0
2024-05-29,3.01,3.2,-0.04637616179015074,-0.05381775139246953,-0.051959738930711104,0.4692619385723674,-0.06121073104489658,3.476,3.6725000000000003,3.7506666666666666,2,29,5,3.4015878782833036,3.7407159205920104,26.623376623376615,-0.23602485156436304,-0.1798987713951722,4.2656139945452765,3.079386005454724,0.019585278054054297,0.030313479052829977,0.03165777546255598,-9808089.0,-2.2339719045338677,0,0,-1,0,0,-0.012500000000000011,1.9067237072976777,0.391653418576872,0.4812115616817235,-0.13505747126436785,-0.22422680412371132,0.28839000971364703,0.054817275747508325,0.0
2024-05-30,3.2,3.01,-0.03543043697950057,0.023420274208098637,0.01258711550547136,0.15437782249283044,0.06121073104489658,3.407,3.6325000000000003,3.731333333333333,3,30,5,3.3649355367772484,3.7058310224893005,33.13609467455623,-0.2385058827216442,-0.19162019366046662,4.240339140769798,3.024660859230202,0.034814241260011335,0.033418884206429064,0.03408351375684808,-566885.0,-1.4230738726442007,0,0,-1,0,0,0.01328903654485051,2.2042382323325698,0.7690233193841552,0.5305083402208527,-0.0643274853801169,-0.19999999999999996,1.1033066468542723,0.06312500000000013,0.0
2024-05-31,3.27,3.2,0.06043173918491787,0.039339414560032294,0.051951405632099844,-0.20727254680351298,0.02163917510348103,3.353,3.5955,3.7143333333333337,4,31,5,3.347674530090476,3.67771289200612,38.41463414634147,-0.2321476492098662,-0.19972568477034655,4.196638393733243,2.994361606266756,0.03708710924520897,0.03409173790646131,0.034426027279081395,6944348.0,-1.0829453030891953,0,0,-1,0,0,0.012500000000000011,1.1802238050511566,0.7506251347511143,0.5411895615749426,-0.0030487804878047697,-0.18453865336658348,0.06879203684520156,0.05198776758409784,0.0
2024-06-03,3.3,3.27,0.03338701603273698,0.008862687257845324,0.01242251999855711,-0.5611614686553132,0.009132483563272474,3.3129999999999997,3.5625,3.7026666666666666,0,3,6,3.3390064337103893,3.653344318328306,35.6687898089172,-0.22212740757858862,-0.204206029331995,4.1517323284081025,2.973267671591897,0.037404922360190544,0.03433852239261534,0.03402737787569579,11229852.0,-0.8909898094328337,0,0,-1,0,0,0.024464831804281367,-0.5233429103485177,0.7524421196795786,0.545107143841697,0.0,-0.16666666666666674,0.005359939527475075,0.048484848484848395,0.0
2024-06-04,3.25,3.3,-0.030305349495328922,-0.02985296314968116,0.0,-0.08938531495561083,-0.01526747213078842,3.271,3.5269999999999997,3.68,1,4,6,3.3228234457630457,3.627322104242609,22.627737226277375,-0.2157340284363789,-0.20651162915287177,4.100744854350662,2.9532551456493374,0.03741603448366904,0.034307812559099676,0.03058457412824663,7310788.0,-0.965586001859643,0,0,-1,0,0,-0.015151515151515098,-0.7534667165163742,0.7198417759964644,0.5446196403479772,0.015625,-0.17929292929292928,-0.2113661625599775,0.018461538461538342,0.0
2024-06-05,3.45,3.25,0.04512043528046964,0.07302513501488982,0.012270092591814183,0.9710801419279755,0.05971923470162228,3.268,3.5065,3.6613333333333333,2,5,6,3.34594645562431,3.615881968485022,34.93150684931507,-0.19231204730289386,-0.2036717127828762,4.059054831762774,2.953945168237226,0.04084854564252443,0.03751936837197014,0.03265597592009421,17660234.0,-0.20450459122672796,0,0,-1,0,0,0.04615384615384613,2.2188138725273188,0.5390535647962001,0.595601508362732,0.14617940199335555,-0.10621761658031081,-0.08243052394954264,0.0782608695652174,0.0
2024-06-06,3.43,3.45,0.07368771579115933,0.04677606479773091,0.0388688688993732,-0.08451330309358862,-0.005813969865419845,3.2689999999999997,3.4915000000000007,3.643333333333333,3,6,6,3.3612289182380715,3.603889583421472,36.42857142857143,-0.17336534359656897,-0.19761043894561478,4.034717509987499,2.9482824900125024,0.04047416189588675,0.036908226859126356,0.03264067984066298,8149513.0,-0.22642863629861978,0,0,-1,0,0,0.06086956521739129,1.601909588498867,0.47533528728965885,0.5858999376096173,0.07187499999999991,-0.08042895442359244,1.1135350536390909,0.0903790087463557,0.0
2024-06-07,3.36,3.43,-0.09149234042466593,-0.09881092392078486,-0.048057294953779375,-0.4682019199871187,-0.020619287202735818,3.277,3.471,3.6226666666666665,4,7,6,3.361005478558422,3.588154771587829,37.49999999999999,-0.1621294322187179,-0.19051423760023542,4.000742737958883,2.941257262041117,0.038586096071992204,0.03693135577819545,0.03274255008422053,2194593.0,-0.4190713417901188,0,0,-1,0,0,-0.026239067055393674,-0.013926829763320606,0.525207756908884,0.5862670978173208,0.02752293577981657,-0.10875331564986745,1.6511400579845386,0.03571428571428575,0.0
2024-06-10,3.3,3.36,-0.00902261759963742,0.0059171770280885185,0.006134988567515929,-0.4575792019144419,-0.018018505502678365,3.277,3.4535000000000005,3.5986666666666665,0,10,6,3.3499135733659813,3.569564141162808,36.69064748201439,-0.15626506367802317,-0.18366440281579297,3.981466306739125,2.925533693260876,0.039117670877847774,0.03652903169141374,0.03269325448179956,-1573762.0,-0.5814764996958304,0,0,-1,0,0,-0.014880952380952328,-0.931995657637264,0.5490174521410113,0.5798804009368673,0.0,-0.09589041095890416,2.1001302804468023,0.0363636363636364,0.0
2024-06-11,3.3,3.3,-0.012158204479809519,-0.020865138463961787,-0.009216655104923952,-0.06257370588836048,0.0,3.287,3.431,3.573,1,11,6,3.34083837820853,3.5521729062490786,42.49999999999999,-0.14988967449453838,-0.17690945715154205,3.9439029866196225,2.9180970133803776,0.037594773340471455,0.035779854026770655,0.032529243997992265,-1573762.0,-0.5108178482772302,0,0,-1,0,0,-0.009090909090909031,-0.9663518729964528,0.5321440027573242,0.5679875742061689,0.01538461538461533,-0.12,1.8949045959674033,0.02424242424242413,0.0
2024-06-12,3.36,3.3,0.047770276268686594,0.08650924290928252,0.03636764417087479,0.8489943464051086,0.01801850550267843,3.322,3.399,3.5556666666666663,2,12,6,3.3443223094433425,3.539774654233009,47.5,-0.13840024223403535,-0.16920761416804073,3.8367887017358218,2.9612112982641783,0.030456116672614445,0.032063088571434015,0.03191333503789011,6699751.0,-0.17816814296653194,0,0,-1,0,0,0.039393939393939495,0.98524186168256,0.24664237164115752,0.5089857517479098,-0.026086956521739202,-0.16000000000000003,0.8119882957058628,0.07738095238095245,0.0
2024-06-13,3.27,3.36,-0.0058479698824231,-0.05976173454225429,-0.048790164169431945,-0.42480641752110293,-0.027150989065950745,3.3289999999999997,3.368,3.5313333333333334,3,13,6,3.3308091622718257,3.5223698378308796,49.56521739130436,-0.1350008267338234,-0.16236625668119728,3.742649309704783,2.993350690295217,0.02653071445460718,0.032040843259105556,0.03145291671671749,1289731.0,-0.5231559085333541,0,0,-1,0,0,0.014880952380952462,-0.2584194284301258,0.29099311543300516,0.5086326183623615,-0.04664723032069973,-0.15938303341902316,0.9818292522292963,0.06422018348623852,0.0
2024-06-14,3.22,3.27,-0.05423015406086032,-0.048057294953779375,-0.025317807984289897,-0.22425969665102502,-0.015408625352845068,3.3240000000000003,3.3385,3.5050000000000003,4,14,6,3.3106620418587664,3.50286210635792,46.61016949152544,-0.13478760004010937,-0.1568505253529797,3.655012243047737,3.0219877569522624,0.026111265597421884,0.031954937229908456,0.03145053656301953,-3033457.0,-0.7487862008682367,0,0,-1,0,0,-0.012232415902140683,-0.7885385545490768,0.28085903430325404,0.507268902426102,-0.04166666666666652,-0.1548556430446194,0.8878274477765565,0.04037267080745338,0.0
2024-06-17,3.17,3.22,-0.012461220437812002,-0.010019256305395529,0.009569451016150672,0.3360471622933222,-0.015649771667127776,3.311,3.312,3.478666666666667,0,17,6,3.2850871251571725,3.481387131754184,48.672566371681405,-0.13707310505169978,-0.15289504129272372,3.5871152868376077,3.036884713162392,0.026184968302068807,0.03163159691349038,0.031474454013826945,-9083348.0,-1.0322945092020148,0,0,-1,0,0,-0.00931677018633548,-0.019117343748852145,0.2763424973585846,0.5021360340296029,-0.039393939393939315,-0.14324324324324333,0.8368931791232669,0.02132492113564672,0.0
2024-06-18,3.06,3.17,-0.00628932890756399,-0.008614823239497419,-0.03554493741941135,-0.053751764888410165,-0.035316671924899845,3.2920000000000003,3.2815,3.448666666666667,1,18,6,3.244162193310414,3.4542008651893976,52.380952380952394,-0.14607658498896647,-0.15153135003197227,3.522661662308763,3.0403383376912365,0.02781318113316218,0.03222388014148657,0.03184694682139675,-14816632.0,-1.8369420568714583,0,0,-1,0,0,0.0,-0.2096249056810937,0.3202805143558816,0.5115382387915579,-0.07272727272727264,-0.16621253405994552,1.3390786263353052,0.049019607843137226,0.0
2024-06-20,3.12,3.06,-0.022329476398088657,0.003129893008927787,0.0,0.09578537752379573,0.019418085857101516,3.2590000000000003,3.2634999999999996,3.424,3,20,6,3.221587249072157,3.4326395190481462,45.65217391304348,-0.1466795782732757,-0.15056099568023296,3.4958586157535216,3.0311413842464776,0.017977700273404465,0.03111975601129092,0.03206489863737753,-8507022.0,-1.2351597080628116,0,0,-1,0,0,0.013071895424836612,0.054982693333359436,0.32956433695887466,0.4940108116012988,-0.0714285714285714,-0.10344827586206895,1.3869145863189105,0.05128205128205133,0.0
2024-06-21,3.66,3.12,0.01600034134644112,0.1451820098444979,0.025975486403260736,1.6056799150118066,0.15963014559188393,3.282,3.2755,3.421666666666667,4,21,6,3.3012986583317647,3.4473079371740725,64.02877697841727,-0.10240352368664274,-0.14092950128151494,3.5606758460266215,2.9903241539733787,0.06069759684603505,0.05033914475774426,0.045460369762319534,22922693.0,2.6965818133426835,0,0,-1,0,0,0.009615384615384552,3.9764976785991593,1.34664304077506,0.7991091494440326,0.11926605504587151,0.07017543859649122,1.955175465681274,0.15846994535519127,0.0
2024-06-24,3.74,3.66,0.15551029934329794,0.08543355630841283,0.15963014559188393,-0.6800804339366717,0.02162246401316571,3.3200000000000003,3.2984999999999998,3.420666666666667,0,24,6,3.38106253863508,3.466191296066068,65.27777777777779,-0.060165549025472664,-0.12477671083030649,3.651369440592933,2.9456305594070664,0.059964481828503106,0.049301915130545826,0.045593533148276154,38844240.0,2.502341938469591,0,0,-1,0,0,0.005464480874316944,1.2726158538303778,1.3009166650547328,0.7826436395678208,0.16149068322981375,0.14024390243902451,1.7649144122109437,0.09893048128342248,0.0
2024-06-25,3.66,3.74,0.021506205220963463,-0.037931222323409675,-0.008230499136515591,-0.865978743726189,-0.021622464013165657,3.3560000000000003,3.3165,3.421,1,25,6,3.431778440701429,3.4786950834166444,63.945578231292515,-0.03276923783480701,-0.10637521623120659,3.7046548795589516,2.9283451204410484,0.060171682629070765,0.04972925448189248,0.04537611684625126,32147006.0,1.7699120536127682,0,0,-1,0,0,0.005347593582887587,-0.21804881509846094,1.3152417854705192,0.7894274414623902,0.1545741324921137,0.10909090909090913,1.7446608345145302,0.06830601092896174,0.0
2024-06-26,3.65,3.66,-0.03518630912504369,-0.05292240145434244,-0.04507805431799147,-0.2015005031509417,-0.00273597981887486,3.3909999999999996,3.339,3.417666666666667,2,26,6,3.4714550878466235,3.4897470135187962,57.81249999999998,-0.01172917365027093,-0.08744600771501947,3.7502061846749144,2.9277938153250855,0.060237903030302686,0.049038752896483816,0.04510511256137132,26671996.0,1.5126231637097867,0,0,-1,0,0,-0.008196721311475478,-0.4193641703496348,1.2304256676216152,0.7784660686130673,0.19281045751633985,0.140625,1.9426320106908137,0.05753424657534246,0.0
2024-06-27,3.49,3.65,0.008230499136515444,0.004067802219325527,0.0,0.05388738327069867,-0.04482543138006427,3.404,3.3630000000000004,3.4006666666666665,3,27,6,3.4748268900563284,3.489763335227261,52.11267605633803,-0.007874659845859,-0.07153173814118738,3.748587726381371,2.9774122736186297,0.0626332396536568,0.04803336533334083,0.04397346037249995,20893858.0,0.6587346604201233,0,0,-1,0,0,0.0027397260273973236,-0.3521500720519529,1.365469591649801,0.7625060358331858,0.11858974358974361,0.15946843853820614,1.8098500361878056,0.06446991404011451,0.0
2024-06-28,3.52,3.49,-0.04756141119893902,-0.0456826834549597,-0.04118228996641541,1.3749519042112992,0.008559253395669911,3.429,3.379,3.388333333333333,4,28,6,3.4830401827733595,3.491714087793244,55.79710144927537,-0.002371839516523977,-0.0576997584162547,3.762661034603201,2.9953389653967992,0.06160215630478035,0.04628225016031767,0.043791937308287676,43745738.0,0.7350238219830091,0,0,-1,0,0,0.0,2.00854304138577,0.40912825954964915,0.734707944244079,-0.03825136612021862,0.09999999999999987,-0.5126979202683821,0.05681818181818174,0.0
2024-07-01,3.42,3.52,0.011396134730869582,0.0028288562004778446,0.011940440371917849,-1.5795178956517713,-0.02882043853549197,3.4490000000000003,3.3865000000000003,3.375333333333333,0,1,7,3.4715783313600213,3.487087372451745,54.22535211267606,-0.006010691514720001,-0.04736194503594777,3.767041165902565,3.0059588340974357,0.06231171129884494,0.046722265754729125,0.04392702406674973,39036550.0,0.17606505157225025,0,0,-1,0,0,0.0028409090909090303,-0.5344627682930712,0.329829011640283,0.7416929752588969,-0.08556149732620333,0.04587155963302747,0.07667467533097058,0.04970760233918127,0.0
2024-07-02,3.72,3.42,-0.01139613473086947,0.06823929194865186,0.0292418495944976,0.7700289723705599,0.08408311721054144,3.504,3.4075,3.376,1,2,7,3.516745907476381,3.5021139935838907,62.2093023255814,0.015138477905665138,-0.03486186044762519,3.813449180121382,3.0015508198786183,0.06645945313587324,0.05040604972102729,0.046608543599060755,49207590.0,1.5396015821811007,0,0,-1,0,0,0.020467836257310024,0.19303036037836008,0.8099734967784953,0.8001712328099694,0.016393442622950838,0.12727272727272743,1.3635714001060748,0.08602150537634404,0.0
2024-07-03,4.21,3.72,0.08772745292427384,0.13320152292006351,0.09347459517984172,0.47010224999015754,0.12373897940923476,3.6190000000000007,3.4555,3.394,2,3,7,3.6427921061170387,3.5477840585139626,69.76744186046511,0.07062414080875135,-0.01376466019634988,3.989776687631502,2.9212233123684976,0.07237566741948458,0.05722578059490362,0.05229318477904383,65482859.0,2.8243792681457554,0,0,-1,0,0,0.024193548387096735,0.9582682299247788,1.2035690273924415,0.9084311042139652,0.1534246575342466,0.29538461538461536,0.5289710993873089,0.12351543942992875,0.0
2024-07-05,4.4,4.21,0.222618479104719,0.10096286940842544,0.1022059389093108,0.1429877577025151,0.04414189322992557,3.747,3.503,3.4246666666666665,4,5,7,3.780466268641213,3.602765732158223,75.11111111111111,0.12844767566662485,0.014677806976245067,4.183993082891812,2.822006917108188,0.07223729871676571,0.05663012644102758,0.051600380961982266,84259892.0,2.634387991698602,0,0,-1,0,0,0.13064133016627075,1.1991149380666826,1.0034103406054096,0.8989753876626135,0.26074498567335236,0.2753623188405798,0.1592773088209853,0.1295454545454546,0.0
2024-07-08,4.48,4.4,-0.03201981123477137,-0.03613570632917632,0.044039561410834364,-0.5665169909268235,0.01801850550267843,3.8289999999999997,3.5555,3.46,0,8,7,3.9076542197973563,3.6593614913738217,77.63157894736842,0.17866899014881543,0.04747604361075914,4.36295148135103,2.74804851864897,0.054217366571760135,0.056450106423066276,0.051382482111500226,94915832.0,2.2899208716618475,0,0,-1,0,0,0.047727272727272715,0.10079306945267348,0.9811837525560735,0.8961176584713797,0.27272727272727293,0.30612244897959195,0.07976287992088478,0.046874999999999986,0.0
2024-07-09,4.28,4.48,-0.03982827295151297,-0.033006296468170084,-0.08515780834030695,-0.17537061874715887,-0.04567003683318844,3.883,3.6015,3.493333333333333,1,9,7,3.9753534525614733,3.699402685478737,72.8395061728395,0.20002564405766732,0.07798596370014078,4.464939267360587,2.7380607326394126,0.058130767940938896,0.05749732271079169,0.05151410582496709,85973943.0,1.5716218283054912,0,0,-1,0,0,-0.011160714285714444,-0.15047645825694525,1.0668470750487498,0.912741701668686,0.2514619883040936,0.27380952380952395,-0.20824102757235546,0.09813084112149531,0.0
2024-07-10,4.39,4.28,-0.0391304237757652,-0.011248712535870653,0.04348511193973889,-0.20476746120964817,0.025376217493374535,3.9560000000000004,3.656,3.5296666666666665,2,10,7,4.050743733913932,3.743957350931722,77.36625514403292,0.2232534994670794,0.10703947085352852,4.575116280370033,2.736883719629967,0.05674306987193955,0.0570645948635909,0.05158557286916276,93260123.0,1.5971863749481048,0,0,-1,0,0,-0.00467289719626179,-0.40454907476511875,1.0092973527221707,0.9058723600542921,0.18010752688172027,0.3303030303030303,0.6233857576961541,0.04328018223234613,0.0
2024-07-11,4.57,4.39,0.04811924834419835,0.03337350881650667,0.01641302964133005,0.33655977621320593,0.040183977819033524,4.048,3.7195,3.5753333333333335,3,11,7,4.145153964111398,3.7972504250651595,78.4313725490196,0.2532667366172787,0.13628492400627856,4.7079272462107555,2.7310727537892445,0.05650323445131134,0.057202578827869624,0.051269315656677215,103461668.0,1.720915734082575,0,0,-1,0,0,0.018223234624145802,-0.0509441219278937,0.5747996496681445,0.9080627875806699,0.08551068883610458,0.384848484848485,-1.7435901716701694,0.059080962800875374,0.0
2024-07-12,5.05,4.57,0.050174100090535544,0.12529185136527815,0.08256546202825953,0.7191285685154272,0.09987503838115509,4.204000000000001,3.804,3.6433333333333335,4,12,7,4.309671425182053,3.8780729782867622,77.91164658634537,0.3121857487820532,0.17146508896143348,4.940835867428908,2.6671641325710915,0.056221145166406195,0.06043271133048176,0.05203063064290199,124401805.0,2.192049064774812,0,0,-1,0,0,0.0284463894967177,1.3082665263240525,0.850295048838305,0.9593395514028604,0.14772727272727249,0.5029761904761905,0.1049099132156129,0.10097029702970298,0.0
2024-07-15,5.05,5.05,0.12391079463754018,0.02666824708216149,0.05719648034689925,-0.5648292247800871,0.0,4.357,3.893,3.705,0,15,7,4.444276620603498,3.9536811732360033,77.1784232365145,0.35478969564867624,0.20813001029888203,5.128255780032793,2.6577442199672063,0.056800446914378404,0.0595804052645929,0.051442445664214145,124401805.0,1.8732962333829908,0,0,-1,0,0,0.05346534653465356,0.052169819393060084,0.8743982482105049,0.9458096120553379,0.1272321428571428,0.5443425076452599,0.3692086255187381,0.07425742574257425,0.0
2024-07-16,5.39,5.05,-0.04027389913793996,0.026890818274948818,0.015052968628962285,0.1268374905342542,0.06515714163363738,4.554,4.0015,3.7756666666666665,1,16,7,4.6162263259483165,4.046346903994971,82.39700374531834,0.4112481760068718,0.24875364344048,5.362649282195096,2.640350717804904,0.052220123233011354,0.059609428710450885,0.052268011441178715,137915127.0,2.0401876828099206,0,0,-1,0,0,0.01188118811881198,0.2148179342208005,0.6387544847977987,0.9462703449749201,0.25934579439252325,0.6739130434782608,0.47552724248893086,0.08256029684601118,0.0
2024-07-17,5.07,5.39,0.019380451549662375,-0.013818736707596126,0.0,-0.343187164214298,-0.06120456731781391,4.689,4.096500000000001,3.8346666666666662,2,17,7,4.69873063032135,4.112389039221102,73.82550335570471,0.4252683737119325,0.28405658949477053,5.478356493424783,2.714643506575219,0.059857517226341896,0.062038797158787184,0.05413391099299736,128327352.0,1.4089740933767807,0,0,-1,0,0,-0.03339517625231906,-0.36607469345377447,1.0048678107507938,0.9848353735183883,0.15489749430523925,0.5993690851735016,-0.4984164053432383,0.07297830374753453,0.0
2024-07-18,4.83,5.07,-0.01938045154966246,-0.03396552915563015,-0.05108362880338793,0.06030328483091648,-0.048494349938610494,4.7509999999999994,4.1850000000000005,3.8873333333333333,3,18,7,4.722597788444741,4.158686520561677,71.89542483660131,0.41226119671490746,0.30969751093879794,5.513021876801112,2.8569781231988887,0.053490896153276214,0.06274446163840994,0.055078342936438485,118143614.0,0.97136954031759,0,0,-1,0,0,0.00788954635108482,-0.3194981818003468,1.135561081228368,0.99603744985119,0.05689277899343548,0.5784313725490196,0.37673461721792634,0.09109730848861292,0.0
2024-07-19,4.64,4.83,-0.06258348630176788,-0.07988277164760577,-0.03846628082779605,-0.3707169567389987,-0.04013210142631754,4.775,4.261,3.9269999999999996,4,19,7,4.707580008727515,4.1897390031060855,67.39130434782608,0.3822155600737629,0.32420112076579094,5.503627098232754,3.018372901767246,0.05487362656716225,0.06436765402826196,0.05519849625136588,111114398.0,0.60999796405375,0,0,-1,0,0,-0.006211180124223654,-0.7871502187100573,0.8174433542521087,1.0218048302125564,-0.08118811881188126,0.487179487179487,1.371480929528872,0.047413793103448225,0.0
2024-07-22,4.6,4.64,-0.025317807984289897,-0.02100917608934332,-0.01758287055786682,-0.3773134902314724,-0.008658062743114541,4.787000000000001,4.308,3.966,0,22,7,4.688020007140693,4.216207454518596,68.67088607594937,0.351128915297096,0.329586679672052,5.52577363724879,3.0902263627512094,0.05490265873274766,0.05387722468757363,0.055231093625025214,106294457.0,0.4795636743454061,0,0,-1,0,0,0.008620689655172422,-1.1638225531915884,0.8092333041828154,0.8552744271220168,-0.08910891089108919,0.256830601092896,1.5717022533890663,0.04347826086956526,0.0
2024-07-23,4.56,4.6,-0.0215991118034617,0.0,-0.002219756738312888,0.20737820196314402,-0.008733679968754666,4.8149999999999995,4.349,4.006,1,23,7,4.664743642206021,4.238387618743203,64.48275862068964,0.319580929613986,0.3275855296604388,5.541200972107447,3.156799027892553,0.05248947915513683,0.05404068034645901,0.05504080932056952,100363771.0,0.3539671665038418,0,0,-1,0,0,-0.004347826086956429,-0.866149526718481,0.3659384238511308,0.8578692052647983,-0.15398886827458258,0.2192513368983955,0.17748881845906556,0.046052631578947366,0.0
2024-07-24,4.38,4.56,-0.022075951699199736,-0.02580788395587259,-0.0316053394153311,0.07178951016580454,-0.04027389913793985,4.814,4.385,4.042,2,24,7,4.612972070895836,4.247523901404932,53.28185328185329,0.27686292453902617,0.31744100863615626,5.532234661444755,3.2377653385552447,0.05401228806409424,0.05476290370620319,0.05557887269774641,93991669.0,-0.008716612508382914,0,0,-1,0,0,-0.01754385964912263,-0.7791410125619511,0.2948482744672049,0.8693341456703461,-0.13609467455621305,0.19672131147540983,0.4645376576314337,0.05251141552511405,0.0
2024-07-25,4.4,4.38,-0.04800921918636084,0.0021762794225954484,-0.02555307442461762,0.16908543915425242,0.0045558165358608824,4.797,4.4225,4.078666666666667,3,25,7,4.574249876187502,4.257361069056227,50.0,0.2418347105966605,0.30231974902825715,5.5163656705749435,3.328634329425057,0.05221703515788489,0.05469507920187512,0.055554241132615347,101537648.0,-0.041138506500846335,0,0,-1,0,0,-0.025114155251141627,-0.5896674385777533,0.31745995234516583,0.8682574650428564,-0.08902691511387162,0.20547945205479468,-0.2602741393660781,0.07954545454545446,0.0
2024-07-26,4.69,4.4,0.052463569535740946,0.03629000140520043,0.05715841383994862,-0.05279149088849526,0.06382804153397252,4.761,4.4825,4.123,4,26,7,4.595295353244319,4.285273258149374,53.99239543726236,0.23476890525040073,0.2888095802726859,5.489169861734984,3.4758301382650156,0.04409067853550246,0.05443364751784502,0.05644176008246087,108695596.0,0.4122503471840837,0,0,-1,0,0,0.022727272727272645,-0.6833490259939554,0.6166333807195625,0.8641073657181976,0.010775862068965747,0.3438395415472779,1.2365311814430153,0.05756929637526643,0.0
2024-07-29,4.46,4.69,0.058268908123975616,0.009389740349839137,-0.027028672387919374,-0.18156520147424704,-0.050283816426215426,4.702,4.5295000000000005,4.1626666666666665,0,29,7,4.570696198108988,4.2965459511719954,53.38345864661653,0.20821001040361153,0.27268966629887104,5.429031456984404,3.629968543015597,0.04597405793165512,0.05635208313869762,0.057120020234273636,102726126.0,-0.15452489062026337,0,0,-1,0,0,0.01705756929637509,-0.8731188002755753,0.7214029124106643,0.8945615870725803,-0.030434782608695587,0.2670454545454546,1.063628822917597,0.09753363228699563,0.0
2024-07-30,4.23,4.46,-0.07620660881064303,-0.08559634916048221,-0.06850375433364435,0.7080279452088345,-0.05294677297378602,4.586,4.569999999999999,4.1963333333333335,1,30,7,4.508751434816444,4.292252663999609,47.1223021582734,0.16668141745637044,0.25148801653037095,5.319652551097937,3.820347448902062,0.0380392520554126,0.05748241436273283,0.058091321687337355,90608197.0,-0.9070868884579577,0,0,-1,0,0,-0.00896860986547086,0.424742534105518,0.7944533097514174,0.9125050389801507,-0.07236842105263142,0.23684210526315796,1.3353898790414482,0.07801418439716314,0.0
2024-07-31,4.17,4.23,-0.051055170800284065,-0.003036279041655354,0.012150817782512528,-0.6473969971043996,-0.014285957247476654,4.496,4.592499999999999,4.229666666666667,2,31,7,4.447160264849818,4.284365395354472,42.48120300751879,0.1274589424412227,0.2266822017125413,5.256899214169237,3.928100785830762,0.035901902769691664,0.05489519096730514,0.058070925239338704,84265595.0,-1.2718257065619565,0,0,-1,0,0,-0.007092198581560342,-0.8410668397675953,0.7628689897614639,0.871434140837332,-0.047945205479452024,0.12096774193548376,1.042177255434438,0.06393285371702648,0.0
2024-08-01,4.01,4.17,-0.009569451016150672,-0.04801889175862868,-0.04698020892419238,-0.05048055979730963,-0.039124794492232245,4.414,4.5825000000000005,4.261333333333333,3,1,8,4.367676580331669,4.266664402105797,27.77777777777777,0.08251302677475447,0.19784836672498396,5.276500606703257,3.8884993932967435,0.03521469229043486,0.04721280807408426,0.05817368889218589,78235224.0,-1.6498544654581035,0,0,-1,0,0,-0.0023980815347721313,-0.8266878831245156,0.7760313151580983,0.7494800931662959,-0.08863636363636374,-0.04750593824228033,1.7793705503879176,0.06234413965087282,0.0
2024-08-02,4.02,4.01,-0.09051400754083186,-0.031441525834819004,-0.08173189726438118,0.24942866923940277,0.0024906613124518304,4.351999999999999,4.5634999999999994,4.291333333333333,4,2,8,4.3044626566350015,4.250750569711875,28.085106382978722,0.0471563916882074,0.16770997171762866,5.298154233026998,3.8288457669730014,0.03486559276621953,0.045947336327736295,0.058166364092863757,85973951.0,-1.4796076182957936,0,0,-1,0,0,-0.05236907730673316,-0.3447229675341639,0.3726046865965152,0.729391351974204,-0.14285714285714302,-0.08636363636363653,0.696818928897554,0.10696517412935329,0.0
2024-08-05,3.91,4.02,-0.059638266319731105,-0.029927420541473144,-0.03636764417087495,-0.024437222058841367,-0.027744528633655105,4.2829999999999995,4.534999999999999,4.299666666666666,0,5,8,4.232742173610456,4.228766661988528,15.094339622641527,0.010143000760705512,0.13619657752624403,5.325402961852044,3.744597038147955,0.0350654919869486,0.04594372141410746,0.049687517670331194,78422045.0,-1.5814718065719826,0,0,-1,0,0,-0.10945273631840785,-0.35398527115179695,0.3329824967691703,0.7293339669993668,-0.12331838565022413,-0.1272321428571429,0.23057853567887632,0.112531969309463,0.0
2024-08-06,3.92,3.91,0.13073418800346132,0.036783470903677534,0.08203939803555618,-0.4475671598663676,0.0025542798050967007,4.219,4.5169999999999995,4.305666666666666,1,6,8,4.1758799602267365,4.208846232182816,18.232044198895025,-0.018173963649852354,0.10532246929102476,5.347246634249985,3.6867533657500138,0.03548872667707263,0.045046899372525415,0.049564577498848544,83249082.0,-1.4381268778988965,0,0,-1,0,0,0.043478260869565195,-1.007073088743017,0.2877113343355754,0.7150973584455228,-0.07328605200945637,-0.0841121495327104,-0.27936123156995546,0.07344387755102041,0.0
2024-08-07,3.84,3.92,-0.019802627296179754,0.010196738020514866,0.0052093676792240974,0.28983723137205386,-0.020619287202735703,4.165,4.4895,4.3116666666666665,2,7,8,4.114810876549147,4.185049701074248,20.0,-0.04653427521197173,0.07495112039042548,5.37223438813678,3.606765611863219,0.03449301667132769,0.044655283859653325,0.04954842450550776,76799147.0,-1.4715638333087322,0,0,-1,0,0,0.02040816326530614,-0.5657950918830094,0.2900199319903093,0.7088806549058354,-0.07913669064748208,-0.12528473804100226,0.057575771076866816,0.08072916666666657,0.0
2024-08-08,3.99,3.84,-0.015113637810048184,-0.012150817782512579,0.015544354437800379,0.3461136353601808,0.0383188643021366,4.1240000000000006,4.4605,4.3229999999999995,3,8,8,4.092117989903848,4.172465849392038,29.813664596273313,-0.05625777543628807,0.048709341225082775,5.369808007569928,3.551191992430071,0.037946114301881065,0.04455039301942628,0.04997465739674609,85916538.0,-1.0348528685178584,0,0,-1,0,0,0.026041666666666692,0.14749418004693987,0.41252347401355616,0.7072155644375392,-0.004987531172069737,-0.12691466083150982,0.8685065898343446,0.05012531328320795,0.0
2024-08-09,3.64,3.99,-0.10423311982251804,-0.07091578091610076,-0.12584889645250633,0.8492868953856536,-0.09180754925312286,4.019,4.39,4.328,4,9,8,4.009914719012239,4.138113213947391,25.000000000000014,-0.09115501606290266,0.020736469767485693,5.325138604980846,3.4548613950191536,0.03520784194327125,0.039910022247085855,0.05202758653104453,64600269.0,-1.6040402909371092,0,0,-1,0,0,-0.11027568922305774,3.29418507264259,0.7373531299037294,0.6335519621090663,-0.0945273631840795,-0.2792079207920791,-0.5205143589112818,0.10439560439560436,0.0
2024-08-12,3.55,3.64,0.0359651486935153,-0.01587334915629012,0.025900728432157172,-1.1633910401686198,-0.025036078161325002,3.928,4.315,4.329,0,12,8,3.9262938610100138,4.100170425950786,24.365482233502547,-0.12463684258161312,-0.00833819270233407,5.267702527162786,3.3622974728372146,0.03414476674686892,0.03978807899529737,0.05225217228442425,57940535.0,-1.6059577427137168,0,0,-1,0,0,0.010989010989010999,-0.4342415914026488,0.7356531425991987,0.6316161729992971,-0.09207161125319696,-0.29702970297029707,-0.5792867774042152,0.0647887323943662,0.0
2024-08-13,3.6,3.55,-0.030347156389291932,-0.03804806763752989,-0.02008675856673723,0.3541472668407229,0.01398624197473987,3.8649999999999998,4.2255,4.335,1,13,8,3.8669677044627386,4.067901366212026,28.804347826086968,-0.1454600759785336,-0.03576256935757398,5.084715676618253,3.366284323381748,0.03414419658763767,0.03540933959616203,0.051986723597819764,67430423.0,-1.4559790213834944,0,0,-1,0,0,0.005633802816901414,0.38065691348183184,0.7603275810517346,0.562105839962862,-0.08163265306122447,-0.3320964749536177,-0.6715848667419501,0.04444444444444436,0.0
2024-08-14,3.54,3.6,0.011142176553241803,0.005524875931969807,0.0028943580263643353,-0.32650778766125066,-0.01680711831638129,3.8019999999999996,4.149,4.329,2,14,8,3.8075190309240585,4.033843213553186,27.127659574468098,-0.16490323518149363,-0.06159070252235792,4.962877011269437,3.335122988730564,0.03414293876421735,0.03413548827376052,0.04955651847419158,60584050.0,-1.4965406113390978,0,0,-1,0,0,0.0027777777777777185,-0.3123402118505883,0.759406143129388,0.5418840771247911,-0.078125,-0.30177514792899407,-0.7519143095782359,0.04802259887005648,0.0
2024-08-15,3.73,3.54,-0.002773926882725208,0.029852963149681343,0.03129700672191478,0.38595697003989465,0.0522815065100411,3.774,4.093999999999999,4.313,3,15,8,3.7934246616651386,4.014240425582012,23.033707865168537,-0.16310054526721363,-0.08189267107132905,4.861453753106384,3.3265462468936144,0.03936171790853747,0.03681557282350678,0.0441276499848599,70655211.0,-0.9485913607866391,0,0,-1,0,0,0.016949152542372895,0.5823359682293926,0.8290540679708344,0.5844291003923219,-0.06516290726817053,-0.22774327122153215,-0.36985895513686834,0.04557640750670251,0.0
2024-08-16,3.84,3.73,0.03547438819365973,0.03287607061294474,0.034414958608617485,0.06625026390566739,0.029064132943911334,3.7560000000000002,4.054,4.294333333333333,4,16,8,3.8018929049987498,4.002999107802528,31.325301204819283,-0.15105455692677028,-0.0957250482424173,4.784116068637986,3.3238839313620145,0.04094131537138359,0.037357417802813715,0.04362783104870475,81416187.0,-0.5862081638586927,0,0,-1,0,0,0.0,0.7128623063407399,0.5152456023199191,0.5930306227786925,0.05494505494505497,-0.1724137931034483,0.18422383897545233,0.04427083333333343,0.0
2024-08-19,3.78,3.84,0.036846273385966286,0.003873471595796619,-0.012253386805764889,-0.09395701782102203,-0.015748356968139168,3.743,4.013,4.271,0,19,8,3.797912376817159,3.9886120685894615,34.899328859060404,-0.14468172210816865,-0.10551638301556758,4.705124114211358,3.3208758857886416,0.04035479549909046,0.03738896028413925,0.04348178443455715,71620235.0,-0.6732896462233284,0,0,-1,0,0,0.007812500000000066,0.38819025523060796,0.4780082438568482,0.59353134414662,0.06478873239436611,-0.17826086956521736,0.3402996768210982,0.06084656084656084,0.0
2024-08-20,3.62,3.78,-0.02088848794735542,-0.012970350442627404,-0.008253141756720414,-0.27129648689126235,-0.04324998379381651,3.7129999999999996,3.966,4.249,1,20,8,3.765564671941312,3.9648306448094965,32.704402515723274,-0.1508034985652964,-0.11457380612551335,4.628766133238257,3.3032338667617442,0.042169427100930315,0.03811901122926528,0.04341053169181925,64151895.0,-1.044108872339189,0,0,-1,0,0,0.002645502645502707,-0.2858366651869741,0.6173427651832427,0.6051205436178868,0.005555555555555536,-0.20614035087719285,0.4601182822432043,0.0580110497237569,0.0
2024-08-21,3.82,3.62,-0.03490287168106002,0.006506203822738058,0.0,0.16990898708291585,0.053776396780803995,3.711,3.938,4.23,2,21,8,3.775462004315618,3.9554867322411424,44.171779141104295,-0.13792678782868428,-0.11924440246614754,4.573894728129055,3.302105271870946,0.04612140061216428,0.040194462923736886,0.04444608187988031,73003349.0,-0.37113061260055713,0,0,-1,0,0,0.011049723756906087,0.07007853270296845,0.6893957790343803,0.6380673178680837,0.07909604519774005,-0.1278538812785388,-0.5889292188909124,0.06151832460732981,0.0
2024-08-22,3.68,3.82,0.05061000088641792,0.006464146619889238,0.0,-0.06809052953802447,-0.03733767043764412,3.6799999999999997,3.902,4.200333333333333,3,22,8,3.7581052762582328,3.937713394677198,40.3409090909091,-0.13743447271790643,-0.12288241651649932,4.508616153670424,3.2953838463295764,0.045285226787376356,0.04067543440627332,0.044013208742618506,64734534.0,-0.7319290746108721,0,0,-1,0,0,0.007853403141361322,-0.10644345537853497,0.6773049621835944,0.6457025034511163,-0.013404825737265313,-0.1636363636363637,0.5822768247143085,0.07065217391304342,0.0
2024-08-23,3.82,3.68,-0.03434948001463768,-0.012944241122904269,0.021858793812499017,-0.25612400305225946,0.0373376704376441,3.6979999999999995,3.8585000000000003,4.1593333333333335,4,23,8,3.7693588623930996,3.930118982117379,47.48603351955306,-0.12431445976538358,-0.12316882516627618,4.338818972963417,3.3781810270365833,0.03714696007775605,0.03842149727171111,0.03965531304467089,71134977.0,-0.16031013625161436,0,0,-1,0,0,0.010869565217391313,-0.6253603911257511,0.7045108352511634,0.6099223606781656,-0.00520833333333337,-0.18550106609808115,0.4815273243440827,0.034057591623036565,0.0
2024-08-26,3.93,3.82,0.03174869831458027,0.0333531127541115,0.03060784508624158,0.20316303925934007,0.02838900326268611,3.7359999999999998,3.832,4.122,0,26,8,3.79856634195799,3.930111305851742,50.26455026455026,-0.10384362956308912,-0.11930378604563878,4.222713247925404,3.4412867520745953,0.036158007435196364,0.03814665110457706,0.04021275808532447,78977262.0,0.5016466706483965,0,0,-1,0,0,0.005235602094240842,-0.24613493716231702,0.7140016466194542,0.6055593130359497,0.039682539682539764,-0.1188340807174888,-0.4121337966650924,0.03689567430025446,0.0
2024-08-27,3.77,3.93,0.02570835671020703,-0.005063301956546762,-0.022532431080696115,-0.040240992370706406,-0.0415644244212505,3.753,3.809,4.068,1,27,8,3.7933724616019915,3.9197815441838877,48.22335025380711,-0.09938535940957527,-0.11532010071842608,4.152351898662207,3.465648101337793,0.03959491695193083,0.03753043778076896,0.03805666752164136,71444293.0,-0.22717218196232392,0,0,-1,0,0,0.0025445292620864595,-0.27613041941603095,0.7067944276665659,0.5957772297797852,0.04143646408839774,-0.10874704491725773,-0.4036252877096782,0.05570291777188328,0.0
2024-08-28,3.56,3.77,-0.04942488332752298,-0.044105721849923014,-0.046647688791785116,-0.10180194795488941,-0.05731445659598031,3.755,3.7785,4.017666666666667,2,28,8,3.750941104947084,3.896569831655895,39.40886699507389,-0.11151195277181314,-0.1145584711291035,4.094079667144351,3.4629203328556493,0.04371417179242519,0.03917368858712341,0.03790203125547167,64640452.0,-1.3847533459755808,0,0,-1,0,0,-0.005305039787798413,-0.5002562356627464,0.6875161063226415,0.6218630276317065,-0.0680628272251308,-0.1462829736211031,0.5084963195305716,0.05898876404494381,0.0
2024-08-29,3.54,3.56,-0.03804806763752989,-0.01874218180974064,-0.008462673918733767,0.5922325185623293,-0.00563381771825602,3.7359999999999998,3.755,3.9746666666666663,3,29,8,3.7125881767748865,3.8735653263877734,47.05882352941176,-0.12133749511804703,-0.11591427592689221,4.067982259458886,3.442017740541113,0.039674295730754955,0.03847792328329639,0.03728390037450868,52338969.0,-1.3738797871273103,0,0,-1,0,0,0.014044943820224668,1.0214557485424671,0.6555163765227822,0.610818095842945,-0.03804347826086962,-0.11720698254364081,-0.09340463305493373,0.0480225988700566,0.0
2024-08-30,3.4,3.54,-0.002773926882725208,-0.021858793812499073,-0.052337525108230226,-0.011970495795057124,-0.04035129552356746,3.692,3.724,3.933333333333333,4,30,8,3.6557539628158158,3.8430127246853365,45.714285714285715,-0.13882089729679992,-0.12049560020087376,4.0490522225236525,3.3989477774763484,0.039103889858348076,0.03916037382784372,0.03728970477218001,40183863.0,-1.9935258247706633,0,0,-1,0,0,0.016949152542372895,0.8960383073475593,0.5407250657721955,0.6216516623807821,-0.10994764397905754,-0.154228855721393,0.9802738296158272,0.07941176470588236,0.0
2024-09-03,3.38,3.4,-0.04837358428421571,-0.03371105734231172,0.0,0.2100703794528848,-0.005899722127188271,3.6519999999999997,3.6975000000000002,3.8926666666666665,1,3,9,3.605616878667486,3.8131409359959605,43.60465116279069,-0.1525321565844635,-0.12690291147759172,4.044388424347816,3.350611575652184,0.039108561504980266,0.03888356190092389,0.03729562804739682,25187320.0,-1.8305597864612,0,0,-1,0,0,0.008823529411764779,1.5063220213982076,0.3586215310541995,0.6172574092693833,-0.13994910941475835,-0.13554987212276226,0.22896622905358627,0.04437869822485205,0.0
2024-09-04,3.36,3.38,-0.020619287202735818,0.014184634991956381,-0.005988041844622557,-0.3461169161372991,-0.005934735519814578,3.6260000000000003,3.6695,3.8526666666666665,2,4,9,3.5609592643643064,3.783906036899447,44.64285714285713,-0.16313177959805136,-0.13414868510168365,4.030870199451714,3.308129800548287,0.037470000185127236,0.038825433863942965,0.03730126007902145,14578319.0,-1.7129248646932544,0,0,-1,0,0,-0.0059171597633136145,0.25870263588236,0.3747529383709698,0.6163346552890719,-0.10875331564986745,-0.1428571428571429,-0.8669170092356211,0.06547619047619041,0.0
2024-09-05,3.25,3.36,0.0,-0.0417026638858488,-0.027398974188114388,0.04623632689409087,-0.033285977633466746,3.569,3.6399999999999997,3.815,3,5,9,3.5044212162980686,3.7494604861317407,35.0,-0.17835220469874802,-0.14298938902109654,4.037306722291587,3.2426932777084128,0.031065544994485245,0.039146852538227715,0.0371342266736947,3467280.0,-1.9632187331266715,0,0,-1,0,0,0.0,0.34097066649239627,0.26653790804069283,0.6214370185624091,-0.0870786516853933,-0.15364583333333326,-0.7011508031432564,0.05076923076923064,0.0
2024-09-06,3.1,3.25,-0.03945883674054767,-0.04045495469231364,-0.07363325104345375,0.33828907269084624,-0.0472528848505455,3.511,3.5955000000000004,3.7716666666666665,4,6,9,3.430890086062056,3.7075598096071127,27.4390243902439,-0.200210347387912,-0.15443358069445964,4.025749621546885,3.1652503784531154,0.03191513428377432,0.03843503188748873,0.03763575406293637,-12116462.0,-2.303314053913723,0,0,-1,0,0,-0.006153846153846159,1.440375248978972,0.3015276045177558,0.6101372160427959,-0.12429378531073443,-0.22305764411027573,0.3326103278690518,0.08387096774193556,0.0
2024-09-09,3.28,3.1,-0.03785941104342239,0.025661785514482977,0.032682647430358404,-0.422257411006937,0.05644131090495163,3.457,3.5775000000000006,3.7246666666666663,0,9,9,3.4034555249598637,3.679975305761493,35.79545454545453,-0.20069509909722383,-0.1636858843750125,4.029483930780002,3.1255160692199992,0.03607663146696081,0.037085915146721396,0.03710710119434871,-1900302.0,-1.3164184818986666,0,0,-1,0,0,0.0032258064516128343,0.19996059646620726,0.6364747219260434,0.5887206517288098,-0.03529411764705881,-0.098901098901099,1.2232196688506491,0.07469512195121955,0.0
2024-09-10,3.3,3.28,0.053220696204909504,-0.004480963435036092,0.012779726646399021,0.010271203654740125,0.0060790460763821925,3.3939999999999997,3.565,3.686,1,10,9,3.3846454295126156,3.655460769905913,40.12345679012344,-0.19719232509059115,-0.17038717251812824,4.03370482238339,3.09629517761661,0.03368159494898421,0.03684273406882225,0.03652819211369406,8421331.0,-1.130775649597375,0,0,-1,0,0,0.0,0.17698418105275038,0.6428872660356474,0.5848602717947432,-0.023668639053254448,-0.07042253521126762,0.9033501260236303,0.057575757575757565,0.0
2024-09-11,3.3,3.3,-0.0030534374868902317,0.005732043399237527,0.018868484304382736,-0.35183997907010717,0.0,3.347,3.55,3.655,2,11,9,3.3692553514194126,3.6325278170087576,31.690140845070417,-0.1922007804974677,-0.17474989411399616,4.032973247596453,3.067026752403547,0.03292353732638131,0.03663295361727285,0.035675961412350694,8421331.0,-1.035254028019733,0,0,-1,0,0,-0.009090909090909031,-0.9578375643031969,0.643222977306274,0.5815301103664079,-0.017857142857142905,-0.08333333333333337,0.7563280060143421,0.04521212121212122,0.0
2024-09-12,3.3,3.3,0.0,-0.005732043399237435,0.0,0.1392219654903578,0.0,3.321,3.5379999999999994,3.626,3,12,9,3.3566634693431556,3.6110744094598055,35.156249999999986,-0.18609970390174446,-0.17701985607154583,4.033775840687757,3.0422241593122417,0.029367080183463005,0.036511983564443906,0.035680001972327104,8421331.0,-0.9601113264004049,0,0,-1,0,0,-0.009090909090909031,-0.5861169799802163,0.587248798089433,0.5796097703111776,0.01538461538461533,-0.06779661016949157,0.31518441955318444,0.03939393939393936,0.0
2024-09-13,3.31,3.3,0.015174798019235132,0.02658945418923965,0.02461662763535603,0.0389577150219019,0.0030257209165371114,3.2979999999999996,3.5170000000000003,3.6026666666666665,4,13,9,3.348179202189854,3.5916502540107857,27.826086956521763,-0.17840114299168475,-0.1772961134555736,4.014111657476593,3.019888342523408,0.02954465306582137,0.03405769748829182,0.03522867162744271,17097514.0,-0.8328108861930981,0,0,-1,0,0,0.006060606060606067,-0.42622993994533476,0.39804262747579056,0.5406491866889358,0.06774193548387086,-0.11260053619302945,2.180364573756029,0.042296072507552906,0.0
2024-09-16,3.11,3.31,-0.00907721815111654,-0.03561207178887709,-0.06921000317817481,0.5609791019665058,-0.06232546319782882,3.2689999999999997,3.4805,3.572333333333333,0,16,9,3.3048738927007895,3.5605760440746064,16.93548387096773,-0.18629086144686102,-0.1790950630538311,3.984900634415859,2.9760993655841412,0.03272116145418377,0.035126553225633274,0.0365670654190316,1893480.0,-1.4690703172055772,0,0,-1,0,0,-0.006042296072507558,1.8468653531227366,0.44696394274608203,0.5576167454993962,-0.05182926829268286,-0.19010416666666663,-2.190581623951149,0.07717041800643094,0.0
2024-09-17,3.13,3.11,-0.04666476485711844,-0.02137485958473345,0.012945164592036986,-0.45941328363083733,0.006410278360919019,3.2439999999999998,3.4479999999999995,3.5463333333333336,1,17,9,3.2730786394824642,3.5327969444568903,20.909090909090907,-0.18875385041947101,-0.1810268205269591,3.954903914905464,2.941096085094535,0.03305606722565295,0.03528325817716656,0.03646617202541374,11497171.0,-1.2546756521275055,0,0,-1,0,0,0.009646302250803939,-0.13231674636969554,0.4477379677154228,0.5601043594852132,-0.051515151515151514,-0.17195767195767198,-2.1859880079983647,0.041533546325878704,0.0
2024-09-18,3.06,3.13,-0.009600073729019342,-0.007745972114655453,-0.02606010666986507,0.35084873805665906,-0.0226180885877724,3.214,3.4199999999999995,3.5176666666666665,2,18,9,3.234337068667471,3.502293915782252,23.95833333333333,-0.19411654718810345,-0.18364476585918796,3.9483141011489273,2.8916858988510716,0.03339473716480186,0.034559721334742284,0.036530843629810614,-2142687.0,-1.3628256342850036,0,0,-1,0,0,-0.006389776357827482,1.1669767073039505,0.4437975938017591,0.5486185681885278,-0.07272727272727264,-0.15469613259668513,-1.4908185675349195,0.060457516339869295,0.0
2024-09-19,3.05,3.06,0.01594930140767804,-0.010946160897497116,0.0032948958968527058,-0.11408675758626378,-0.003273325344969249,3.194,3.3815,3.491333333333333,3,19,9,3.2008212380006578,3.4731136631511395,24.210526315789465,-0.19690365665426102,-0.1862965440182026,3.8991983474442233,2.8638016525557766,0.03233149074197159,0.03126064033119424,0.03645712592982519,-14311903.0,-1.280668565532618,0,0,-1,0,0,0.03267973856209153,0.5957423750092589,0.4375567922666363,0.4962472808458547,-0.0757575757575758,-0.20157068062827221,-1.4702317576899964,0.04590163934426234,0.0
2024-09-20,3.06,3.05,-0.03543043697950057,-0.019048194970694474,0.0032840752011897975,-0.05043232001886577,0.0032733253449693297,3.19,3.3505000000000003,3.4603333333333333,4,20,9,3.1752173765459926,3.4464611687542916,29.268292682926855,-0.1960456523140226,-0.1882463656773666,3.86718885068304,2.8338111493169604,0.029103934056633037,0.030789360882064354,0.03547009672106365,-2741190.0,-1.1244678479745478,0,0,-1,0,0,0.0,0.3351640213424573,0.4382160652150473,0.48876595152337554,-0.07552870090634445,-0.1684782608695652,-1.467566982210253,0.022875816993464144,0.0
2024-09-23,3.04,3.06,0.009788006366162944,-0.0064308903302904025,-0.013201511858535955,-0.3293283690917654,-0.006557400546159052,3.166,3.3115,3.4403333333333332,0,23,9,3.1506323989921756,3.420237867544338,29.268292682926855,-0.1947347297988613,-0.18954403850166557,3.7957041761588086,2.8272958238411916,0.020436892016061917,0.028772664715538493,0.03213355988079073,-11065239.0,-1.1214277503916195,0,0,-1,0,0,0.006535947712418306,-0.8767877905587191,0.17832958226885204,0.45675189236374714,-0.022508038585209,-0.2041884816753926,-1.159015251443577,0.029605263157894836,0.0
2024-09-24,3.04,3.04,-0.009788006366162932,0.0,0.003316752625994042,-0.01864524791215975,0.0,3.1399999999999997,3.2670000000000003,3.4233333333333333,1,24,9,3.1305174173572343,3.395706392218897,30.000000000000014,-0.19148845455423213,-0.18993292171217888,3.66837133351489,2.8656286664851107,0.020078062134961706,0.02736468424133326,0.031939619930427314,-11065239.0,-1.1311221357644832,0,0,-1,0,0,0.0032894736842104563,-0.94521877581798,0.15822557065972034,0.4344008952502561,-0.02875399361022357,-0.22646310432569972,-1.5198316989909924,0.026315789473684233,0.0
2024-09-25,2.91,3.04,-0.0032840752011898846,-0.006472514505617479,-0.040546094394349905,0.46891205251113366,-0.04370443423472918,3.101,3.224,3.400333333333333,2,25,9,3.090423341474101,3.3643704959467104,29.268292682926855,-0.19713324227363405,-0.19137298582446993,3.580202189773021,2.867797810226979,0.022585732670424078,0.02747996012090195,0.0324709155214073,-24123430.0,-1.7630436253077888,0,0,-1,0,0,0.0,0.7757075628170136,0.29772285498183554,0.436230843107274,-0.04901960784313719,-0.22811671087533159,-2.026318985763566,0.061855670103092834,0.0
2024-09-26,2.92,2.91,-0.026668247082161294,-0.026317308317373417,-0.027761108716425405,0.034240063476049146,0.0034305350967892222,3.063,3.1919999999999997,3.3796666666666666,3,26,9,3.0594372793879003,3.335701431692084,36.76470588235293,-0.19851154328144327,-0.1928006973158646,3.5358849256718807,2.8481150743281187,0.022817968231865514,0.025711450954506464,0.03246254441249798,-10610383.0,-1.5819245316936603,0,0,-1,0,0,0.01718213058419238,0.8664151182162325,0.3105978245681354,0.4081566304335504,-0.042622950819672045,-0.1797752808988764,-2.013182384482377,0.061438356164383486,0.0
2024-09-27,3.07,2.92,0.010084119066626226,0.058268908123975824,0.05497367224131015,0.015185620834295487,0.050093945318915284,3.039,3.1685,3.3576666666666664,4,27,9,3.0613577740446454,3.3185594038409825,33.84615384615387,-0.1853633569681148,-0.19131322924631466,3.47439127755348,2.8626087224465198,0.030247402079656305,0.029103410856036502,0.032319280974537824,3109434.0,-0.64401967122308,0,0,-1,0,0,0.023972602739726127,0.9032489785666131,0.5333936410286461,0.4620023245728601,0.0032679738562091387,-0.13276836158192096,0.4633989865482345,0.06514657980456032,0.0
2024-09-30,3.03,3.07,0.02314152856169433,-0.014252022707201615,0.0,-0.07054873022378079,-0.013114942077828018,3.0309999999999997,3.15,3.330666666666666,0,30,9,3.0556563605819824,3.2999426681093063,29.85074626865672,-0.17614055165746567,-0.1882786937285449,3.4413489497585386,2.8586510502414613,0.024036590698161883,0.02811514284803041,0.03163591461537976,-9675821.0,-0.8237544710523417,0,0,-1,0,0,-0.003257328990227944,0.5223248121542258,0.5411861689074483,0.4463140563056682,-0.00328947368421062,-0.10882352941176476,0.6092650970276557,0.051155115511551094,0.0
2024-10-01,2.97,3.03,-0.003273325344969249,-0.020951612485778266,-0.006734032181344068,0.0981742576888603,-0.020000666706669428,3.015,3.1295,3.3036666666666665,1,1,10,3.0400824768398036,3.2786560443603188,27.39726027397262,-0.1716937320931975,-0.18496170140147544,3.4102115020221055,2.848788497977895,0.024401185649227563,0.028300215590314013,0.03168260062786142,-23779939.0,-1.1363980374943072,0,0,-1,0,0,0.006600660066006607,1.0775366320682846,0.5587066509633911,0.4492519950089032,-0.023026315789473673,-0.12130177514792895,1.047312286627103,0.03703703703703699,0.0
2024-10-02,3.2,2.97,0.008163310639161056,0.04770379795721117,0.0067340321813441194,0.31548885086734174,0.0745888569910726,3.029,3.1215,3.2896666666666667,2,2,10,3.0691583901416575,3.273581460853202,44.79166666666668,-0.1479055545759702,-0.17755047203637442,3.383015824215045,2.8599841757849553,0.034723080911951885,0.03390609481535234,0.0345606782489659,-4444190.0,0.6003460802849883,0,0,-1,0,0,0.035353535353535345,2.448475921758442,0.6750382633191491,0.5382425688647926,0.09965635738831624,-0.04761904761904756,0.6464563054205767,0.07500000000000007,0.0
2024-10-03,2.94,3.2,0.03984590854719956,-0.004669269183683612,-0.016920877488337063,-0.3600504326575253,-0.08474122845509068,3.018,3.106,3.260333333333333,3,3,10,3.0456750464795377,3.2520600762820275,34.71074380165288,-0.14832330091345947,-0.17170503781179144,3.372153892956547,2.839846107043453,0.04424151637588594,0.037746351890709975,0.03552728591100134,-17933604.0,-1.2473986245777102,0,0,-1,0,0,0.0,0.4983954209069156,0.9963082821636654,0.5992047600165079,0.006849315068493178,-0.0953846153846154,-0.14452210634009663,0.09353741496598636,0.0
2024-10-04,2.98,2.94,-0.06121073104489658,-0.052854574954503,-0.020690393257446166,0.02071924570250788,0.013513719166722855,3.01,3.1,3.237,4,4,10,3.0337341289378035,3.2345078132960907,43.80952380952382,-0.14376941783413066,-0.1661179138162593,3.37206810292767,2.82793189707233,0.04451844687650837,0.03660880417487839,0.03531787839646924,-4161784.0,-0.8821320743497989,0,0,-1,0,0,0.023809523809523756,0.6375118765803974,0.9132862625875436,0.5811467498531482,-0.02931596091205202,-0.03870967741935483,0.22769310804146475,0.057046979865771785,0.0
2024-10-07,3.18,2.98,0.0,0.04816340137862294,0.017271586508660498,-0.12508018471444787,0.0649578962747725,3.024,3.0949999999999998,3.2156666666666665,0,7,10,3.0603279236763843,3.230991180180214,52.032520325203265,-0.12260874684224499,-0.15741608042145644,3.3566144209752964,2.833385579024703,0.049457457289186685,0.037428352717558254,0.03694094745032563,7990830.0,0.6498112732709538,0,0,-1,0,0,0.010067114093959667,0.06465524653768602,1.0357411390349787,0.5941566796408061,0.04950495049504955,-0.030487804878048697,-0.5487757581556616,0.08490566037735849,0.0
2024-10-08,3.03,3.18,0.03589292306060675,-0.018987912244691343,0.030356462480593992,-0.2998650389453951,-0.0483185772708078,3.023,3.0814999999999997,3.185666666666667,1,8,10,3.054813755735223,3.2180240072653614,48.85496183206106,-0.11659843484755061,-0.14925255130667528,3.3258702970991836,2.837129702900816,0.052224206590873734,0.038776534838934944,0.037116820645512714,-1013263.0,-0.42149148739707315,0,0,-1,0,0,-0.018867924528301903,-0.9571033460420884,1.103711639247549,0.6155584073319235,0.02020202020202011,-0.08181818181818179,-0.27048360036389874,0.03960396039603964,0.0
2024-10-09,2.97,3.03,-0.03589292306060673,-0.019388016773379393,-0.01675081042481524,-0.1453669011924795,-0.020000666706669428,3.029,3.065,3.1590000000000003,2,9,10,3.0393930728742733,3.2020224584095316,47.058823529411775,-0.11534706864261945,-0.14247145477386414,3.2911345663633527,2.8388654336366472,0.05056998049523033,0.03893374443218576,0.03667439118950459,-8799147.0,-0.8402076827772875,0,0,-1,0,0,-0.006600660066006607,-1.3877262026184907,0.9048737810681411,0.6180540322566551,-0.07187500000000002,-0.09999999999999987,0.4373795883548615,0.03700336700336704,0.0
2024-10-10,2.94,2.97,-0.026937655731808258,-0.03645571944271339,-0.03787027405540985,0.42072851174369713,-0.010152371464018073,3.0309999999999997,3.047,3.1383333333333336,3,10,10,3.021321605078951,3.185117783673433,45.65217391304348,-0.11544531940920999,-0.13706622770093332,3.2505578283259102,2.84344217167409,0.050743590460437596,0.03893733480277326,0.03552476745880056,-20657599.0,-1.0512983055477072,0,0,-1,0,0,-0.01346801346801348,-0.08337459570697114,0.6830600712070134,0.6181110276227897,0.0,-0.10909090909090902,0.9145754933108744,0.037414965986394516,0.0
2024-10-11,3.08,2.94,0.0034071583216141346,0.046212843155131626,0.027683428748416866,-0.07639172923285585,0.04652001563489291,3.032,3.0355,3.1229999999999998,4,11,10,3.031990404155505,3.178335991178373,51.333333333333336,-0.1030385891618466,-0.13026069999311599,3.1984304016706178,2.872569598329382,0.050349111262978086,0.04066205368600879,0.036837021460236284,-9671298.0,0.5462455078207189,0,0,-1,0,0,0.0,-0.44445866229072944,0.7616189101093097,0.6454900911020192,0.033557046979865834,-0.06948640483383683,0.32577664345122537,0.05519480519480517,0.0
2024-10-14,3.08,3.08,0.0497615095590638,0.0,0.030254408357802343,-0.5024571806727931,0.0,3.037,3.034,3.1123333333333334,0,14,10,3.0407194215817768,3.171991733682994,51.333333333333336,-0.09214398752460351,-0.1226373574994135,3.194577903700882,2.8734220962991177,0.050100394149613446,0.03833427995197842,0.036222621237415216,-9671298.0,0.5729306329180525,0,0,-1,0,0,0.0032467532467531776,-1.754310230266312,0.5506651981481968,0.6085378286499837,-0.03144654088050314,-0.009646302250803762,0.8017139035315668,0.025974025974025997,0.0
2024-10-15,3.11,3.08,-0.0032414939241709557,0.01600034134644112,0.006600684031352093,0.2455798148452698,0.009693129205659533,3.0509999999999997,3.033,3.103333333333333,1,15,10,3.0533158903850897,3.167992266993769,57.14285714285714,-0.08016509464614163,-0.11414290492875913,3.1912935314671387,2.874706468532861,0.04948908732133916,0.03836966940106948,0.03628689608886256,-1173800.0,0.9728761407535446,0,0,-1,0,0,0.0,-1.0838332259007266,0.41287648833861423,0.6090996187379669,0.0264026402640265,-0.006389776357827448,1.2955638212279927,0.03536977491961411,0.0
2024-10-16,3.19,3.11,0.01929320293467885,0.021978906718775382,0.026840496789265082,0.1975734321147373,0.025398190605610403,3.05,3.0395,3.0976666666666666,2,16,10,3.0781675466787095,3.169412120736107,59.183673469387756,-0.0634845934491004,-0.10401124263282739,3.2124587720850863,2.8665412279149134,0.04350128093114562,0.038376361314851025,0.03663140150162067,9179913.0,1.7402991266145442,0,0,-1,0,0,0.009646302250803939,-0.40898744099567647,0.36032912969329833,0.6092058495759333,0.07407407407407396,0.042483660130719025,0.6805002150896735,0.030501567398119173,0.0
2024-10-17,3.19,3.19,0.0063492276786587445,-0.006230549750636086,-0.004075286016252613,-0.5659081724880785,0.0,3.075,3.0465,3.0956666666666663,3,17,10,3.098500720009853,3.170740371011197,54.54545454545455,-0.04969235355456236,-0.0931474648171744,3.232117036420698,2.860882963579302,0.032796497310432535,0.038356205238858784,0.036140167381588,9179913.0,1.5461942800849329,0,0,-1,0,0,-0.00940438871473348,-1.6697087686440695,0.3217862726769317,0.6088858817890389,0.08503401360544216,0.04590163934426239,1.05314350226313,0.028213166144200722,0.0
2024-10-18,3.19,3.19,0.012578782206860185,0.024692612590371414,0.02320142210881293,0.10096650765996913,0.0,3.096,3.053,3.098666666666667,4,18,10,3.1151369527353343,3.171982927720152,56.25000000000001,-0.038320172969900756,-0.08218200644771968,3.249399163893395,2.856600836106605,0.03285130124096511,0.038361704569140224,0.03507389504895459,9179913.0,1.3951179555363433,0,0,-1,0,0,0.0031347962382445864,-1.3272361327996434,0.17837368048140492,0.6089731809508515,0.03571428571428559,0.042483660130719025,1.590334711284778,0.03040752351097178,0.0
2024-10-21,3.06,3.19,-0.012578782206860073,-0.012270092591814247,-0.049261528778678024,0.19165009316944015,-0.04160600083246379,3.0840000000000005,3.054,3.091333333333333,0,21,10,3.1051120522380007,3.1647582227059488,53.33333333333332,-0.03934401811901278,-0.07361440878197831,3.2503241143971215,2.857675885602878,0.028447484170929745,0.03954379033185968,0.034212771095031035,1302074.0,0.06112341337614303,0,0,-1,0,0,-0.00940438871473348,-0.9094365134970847,0.3897935164769781,0.6277382106898862,-0.006493506493506551,0.006578947368421018,-1.184177027108889,0.06862745098039229,0.0
2024-10-22,3.3,3.06,-0.03543043697950057,0.021374859584733393,-0.014962872676712377,1.1559231908713261,0.0755075525081451,3.1109999999999998,3.0669999999999997,3.0913333333333335,1,22,10,3.140546224558364,3.1734834986604037,53.67647058823528,-0.020552511975223453,-0.06300202942062734,3.2917899604405587,2.8422100395594407,0.034164624637951446,0.04315622480074677,0.03720277623849692,26329614.0,2.0730463188244737,0,0,-1,0,0,-0.003267973856209226,2.894530394609339,0.6951310920781849,0.6850838300830437,0.06109324758842449,0.08552631578947367,0.6443102275602862,0.09848484848484855,0.0
2024-10-23,3.12,3.3,0.10568833077303878,0.05295354682536425,0.03457134406508872,-0.3618038674226453,-0.05608946665104347,3.1260000000000003,3.0774999999999997,3.0853333333333333,2,23,10,3.136810547365934,3.1700329503597326,57.031250000000014,-0.019954579674815953,-0.054392539471465065,3.290733255032397,2.8642667449676025,0.038871185608942975,0.04391613638472574,0.03854507700154986,8899961.0,0.398624501544501,0,0,-1,0,0,0.027272727272727365,1.1407478968707816,0.8222070140530241,0.697147052500677,-0.021943573667711602,0.07216494845360821,1.083429635372702,0.1282051282051283,0.0
2024-10-24,3.09,3.12,-0.07342746855481731,-0.060535084277761955,-0.013029500290333795,-0.1752038680761478,-0.009661910911736972,3.141,3.086,3.078333333333333,3,24,10,3.1282995387539456,3.164869534207492,54.33070866141731,-0.02165187397307422,-0.0478444063717869,3.285936832127515,2.886063167872485,0.0388496719009365,0.04402806327300047,0.03857512581089778,-5728501.0,0.04001263756593784,0,0,-1,0,0,0.009615384615384552,0.5336826648975981,0.822555329926944,0.6989238367690545,-0.031347962382445194,0.05821917808219168,1.2668844310351677,0.07605177993527519,0.0
2024-10-25,3.1,3.09,-0.028987536873252298,-0.04514385201641189,0.0,-0.3739062162126937,0.00323102058144654,3.143,3.0875,3.0713333333333335,4,25,10,3.1231541680714097,3.1606844029682994,46.29629629629629,-0.021937197152928523,-0.042662964528015226,3.2873815438654312,2.8876184561345686,0.0359506006774023,0.04257970731509458,0.03857597322613094,4336487.0,0.12507407895964331,0,0,-1,0,0,-0.009708737864077607,-0.3876603177282284,0.8241873614180618,0.6759318987219481,-0.028213166144200552,0.009771986970684043,1.198443844187273,0.029032258064516224,0.0
2024-10-28,3.41,3.1,0.022618088587772364,0.08833746125768663,0.02589141393274171,0.7769868709023104,0.09531017980432493,3.176,3.1064999999999996,3.0813333333333337,0,28,10,3.1753079556947896,3.1767692801961513,65.32258064516131,0.0028186003232875123,-0.03356665155775468,3.3506979352452233,2.862302064754776,0.04759510711138638,0.04775796481438323,0.04115437620410678,26226921.0,2.4856885026093742,0,0,-1,0,0,0.009677419354838646,1.8127024185574354,1.0185710413069622,0.7581341881285861,0.1143790849673203,0.1254125412541256,0.14726509032422536,0.08797653958944289,0.0
2024-10-29,3.36,3.41,0.08567928674336361,-0.0029197101033348618,0.03762199178958432,-0.6405285280083273,-0.014771317320312656,3.2009999999999996,3.126,3.089,1,29,10,3.2088883273866458,3.1885906169576903,65.85365853658536,0.018193443356524952,-0.023214632574898753,3.386072864282161,2.865927135717839,0.04829988884355259,0.047619829134140576,0.041289279324785544,14690360.0,1.7994956962993736,0,0,-1,0,0,0.0,-0.13344976067078845,0.9110203052596797,0.7559413521859454,0.0181818181818183,0.13131313131313127,1.411217573580952,0.050595238095238075,0.0
2024-10-30,3.28,3.36,0.0,0.01739174271186924,0.003072199036970059,0.36530414786264614,-0.02409755157906053,3.21,3.13,3.0963333333333334,2,30,10,3.221817722407255,3.194487996508807,63.28124999999999,0.023650161478217857,-0.013841673764275433,3.397227480463509,2.862772519536491,0.0489054727810125,0.04507932250507284,0.04132094086322088,-1933273.0,1.122639032032358,0,0,-1,0,0,0.014880952380952462,0.8902091537520068,0.8046256090984246,0.7156120597181999,0.0512820512820511,0.02499999999999991,2.034183515650932,0.06707317073170738,0.0
2024-10-31,3.15,3.28,-0.04192230638626348,-0.05918887139033065,-0.05679759839313307,-0.2208907474418558,-0.04044096955851059,3.2060000000000004,3.1405,3.0996666666666663,3,31,10,3.208759954696845,3.1916178031856584,52.755905511811015,0.01728548010372366,-0.007616242990675615,3.392354176687377,2.888645823312623,0.05081878749476078,0.04187157824604776,0.04204222568691782,-15262173.0,0.0754404800821889,0,0,-1,0,0,-0.003048780487804813,0.2434537932968465,0.8780241509215351,0.6646906982449468,0.01941747572815533,0.0714285714285714,1.812330970756825,0.0634920634920634,0.0
2024-11-01,3.28,3.15,-0.012307847674596814,0.016629256971534747,0.028801990903706182,-0.2944992154496611,0.040440969558510745,3.215,3.1555,3.1069999999999998,4,1,11,3.221712690206509,3.197319880399487,57.14285714285714,0.022472291219391316,-0.0015985361486622286,3.402799094426874,2.908200905573126,0.05247960623291952,0.042646025455887866,0.042652388510317205,-5333415.0,1.0068779288378227,0,0,-1,0,0,0.02539682539682542,-0.38774103910655827,0.913923413009576,0.6769846665696554,0.05806451612903207,0.10067114093959728,1.0455803203899154,0.050304878048780505,0.0
2024-11-04,3.24,3.28,0.012307847674596773,-0.0015003753752345652,0.015649771667127815,-0.1413337208406375,-0.012270092591814247,3.2329999999999997,3.1585,3.1136666666666666,0,4,11,3.225037655623507,3.200073436502746,54.6099290780142,0.023089054444265678,0.003338981969923353,3.408491578803713,2.908508421196287,0.05051447359419819,0.040250161573318954,0.042709334943418276,-13953558.0,0.6520219632197432,0,0,-1,0,0,-0.003048780487804813,-0.6042074773661432,0.48435816930646225,0.6389515065190214,-0.04985337243401755,0.018867924528301883,1.5231112761312497,0.033950617283950574,0.0
2024-11-05,3.25,3.24,-0.015408625352845068,-0.024317307650706357,-0.02197890671877534,-0.047957102813323306,0.0030816665374081144,3.228,3.1695,3.1206666666666663,1,5,11,3.22957626369196,3.203294505115472,52.23880597014925,0.024106871165244126,0.007492559808987508,3.4150048504165196,2.923995149583481,0.043827462459136414,0.03857334588530828,0.042705588420706354,-5737056.0,0.6557915239835371,0,0,-1,0,0,-0.006172839506172844,-0.67186585635896,0.48950959554956686,0.6123328826892139,-0.03273809523809523,0.0726072607260726,0.9288373889909257,0.030769230769230795,0.0
2024-11-06,3.21,3.25,0.03359094443603542,0.03922071315328133,-0.003179652917379573,0.6689642854802564,-0.012384059199721666,3.2369999999999997,3.1815,3.130666666666667,2,6,11,3.2260169430206944,3.2037271176886675,50.724637681159415,0.021438700548743306,0.010281787956938668,3.4087281487361087,2.9542718512638917,0.03992148083985408,0.03836374808349882,0.041932795046292944,-21777429.0,0.25084920295766927,0,0,-1,0,0,0.024615384615384636,0.7637284584471297,0.4699455225784074,0.6090056207356122,-0.021341463414634054,0.08080808080808066,0.743532452786498,0.07476635514018684,0.0
2024-11-07,3.5,3.21,0.020803127629763107,0.07685145809947279,0.06473754591681316,0.6169307537852962,0.0864920313534436,3.278,3.2095,3.15,3,7,11,3.275832044289659,3.2228414971926242,59.2814371257485,0.04223784094266714,0.016672998554084363,3.4491027413935518,2.969897258606448,0.04796601030845525,0.04267391506416125,0.04478905431732456,7949092.0,2.424847047328633,0,0,-1,0,0,0.05919003115264796,2.5770907106354297,0.6985725276616027,0.6774274003755817,0.11111111111111116,0.19047619047619047,1.165251961574657,0.08571428571428566,0.0
2024-11-08,3.89,3.5,0.05437677087807182,0.11625980611586183,0.04094139037736072,0.3348350226355024,0.10564618913498693,3.357,3.25,3.177333333333334,4,8,11,3.387498945327903,3.265883981244713,71.50259067357513,0.08916323195280462,0.031171045233828416,3.6300830934070025,2.8699169065929975,0.05677802086330244,0.04774972643754203,0.048062787497487346,49498141.0,3.3676846516015475,0,0,-1,0,0,0.025714285714285672,2.97720426840001,0.9518841801887387,0.7580034079506143,0.18597560975609762,0.2629870129870131,0.6304713616685176,0.1568123393316194,0.0
2024-11-11,4.51,3.89,0.17580080709351809,0.11398178209738835,0.15128123739930538,0.16654966377817323,0.14788799588423188,3.467,3.3215000000000003,3.226666666666667,0,11,11,3.591590046177375,3.3461495308418288,76.1904761904762,0.17437072369062934,0.059810980925188606,3.9931288135250025,2.649871186474998,0.06763614996150297,0.057755150183040484,0.05512545334877791,98576800.0,3.539157272786528,0,0,-1,0,0,0.10025706940874039,2.7684287606086198,1.160325375354508,0.9168345859050702,0.39197530864197505,0.4642857142857142,-0.09426791478272249,0.11862527716186257,0.0
2024-11-12,4.66,4.51,0.02992167986504923,0.05606968210475224,0.06784278510371403,-0.2672369893534643,0.03271829462296769,3.597,3.399,3.2830000000000004,1,12,11,3.7858464014178517,3.4309140772391302,83.7719298245614,0.2511074112494316,0.09807026699003721,4.289816302168771,2.508183697831229,0.06576915872294656,0.05775849122008128,0.05482875885583557,136146103.0,2.8311111885356928,0,0,-1,0,0,-0.022172949002217217,1.5661578588724512,1.06601028014355,0.9168876232238562,0.433846153846154,0.4983922829581995,-0.2233943669609559,0.11051502145922759,0.0
2024-11-13,4.28,4.66,0.0784716154414951,-0.016597891409037828,-0.0459174244747483,-0.1282625082427722,-0.08506243854384907,3.697,3.4535000000000005,3.3190000000000004,2,13,11,3.8756925102509694,3.4856938141914444,72.6235741444867,0.2780537344222882,0.13406696047648742,4.420585148376114,2.486414851623887,0.07358336292002357,0.06219773594404445,0.056399106102506126,103099301.0,1.7092600406237692,0,0,-1,0,0,0.02360515021459215,1.0860282149208018,1.4669863412671562,0.9873584485152289,0.3333333333333335,0.34169278996865216,-1.041821975015711,0.14719626168224295,0.0
2024-11-14,4.29,4.28,-0.09909090264423076,-0.05153556112441145,0.03084467535109857,-0.719105402920803,0.0023337233462200966,3.811,3.5085,3.364,3,14,11,3.9510211447507926,3.537584535856513,72.6235741444867,0.2967945433534749,0.16661247705188492,4.5357349190650105,2.48126508093499,0.07033951550049161,0.06216716509314274,0.05367168770333577,119199303.0,1.5215604249733288,0,0,-1,0,0,0.009345794392523372,-0.29446180736563676,1.4948170026994376,0.9868731513021076,0.22571428571428576,0.3448275862068966,-0.15626258310470925,0.06058275058275059,0.0
2024-11-15,4.11,4.29,-0.009302392662313561,-0.05661825243902763,-0.055236128475257745,0.025510453999194424,-0.04286370443178227,3.8939999999999997,3.5544999999999995,3.4016666666666664,4,15,11,3.979926391159739,3.574514565801254,64.0,0.29373626495650207,0.19203723463280836,4.603840143538424,2.5051598564615754,0.07414000193492278,0.06345449783729329,0.05463632231660644,102683299.0,1.058760600022084,0,0,-1,0,0,-0.002331002331002281,-0.31052733875718985,1.4614662960648737,1.0073089250757836,0.05655526992287929,0.28840125391849547,1.068460822014722,0.05839416058394165,0.0
2024-11-18,4.41,4.11,-0.03567560262076413,0.04333631348696835,0.0,0.16545698253878172,0.0704516609506113,4.011000000000001,3.6220000000000008,3.4426666666666668,0,18,11,4.058121592767059,3.6284168518785926,69.09090909090911,0.3119243800021043,0.21601466370666755,4.710361395086638,2.5336386049133632,0.07426199475771215,0.0633307031285836,0.05485032563089394,122171064.0,1.4480484213376048,0,0,-1,0,0,0.0048661800486616965,-0.11451222733974088,0.9657772161925203,1.0053437449985547,-0.022172949002217224,0.4411764705882353,-0.10692131384101256,0.0975056689342405,0.0
2024-11-19,5.13,4.41,0.051898438127651235,0.13937366824875094,0.06666588632040651,0.582221715909373,0.1512309697239235,4.199,3.7135,3.5126666666666666,1,19,11,4.2530085759003216,3.7252931840154577,77.28613569321536,0.38005553133410475,0.248822837232155,4.980859874948995,2.446140125051005,0.08361103896107494,0.06992818123973606,0.06017256460233413,157054376.0,2.2353556049847443,0,0,-1,0,0,-0.01360544217687086,1.1281999970878587,1.5421539971171092,1.110075463172364,0.10085836909871237,0.5545454545454547,0.6621400413624074,0.16000000000000003,0.0
2024-11-20,5.06,5.13,0.16687723436648108,0.0019398648178264545,0.11873733701095615,-0.19864228619931618,-0.013739175883304046,4.384,3.8105,3.582333333333333,2,20,11,4.39973428937299,3.8114033011757513,78.6786786786787,0.42351947575280446,0.2837621649362849,5.179486947767238,2.441513052232762,0.08372228559179466,0.0680676727832247,0.06004471048143024,128455533.0,1.8254374185785818,0,0,-1,0,0,0.0019493177387913815,0.5560815307192135,1.3099707924247843,1.080540807043994,0.18224299065420535,0.6217948717948716,1.059358409191939,0.056324110671936795,0.0
2024-11-21,5.78,5.06,-0.007812539736793625,0.1357092519245355,0.013245226750020723,0.3933056655443837,0.13303719938491199,4.612,3.9450000000000003,3.677,3,21,11,4.650691691305173,3.938409539809574,81.88775510204083,0.510181888322979,0.32904610961362374,5.527808962106765,2.3621910378932354,0.08803301136754414,0.07217015099090258,0.063777494661908,170835337.0,2.3186626357707265,0,0,-1,0,0,0.007905138339920957,1.4944595707709147,1.4488115949964728,1.14566562962346,0.34731934731934744,0.8705501618122979,-0.1413359861994269,0.1678200692041522,0.0
2024-11-22,6.04,5.78,0.17576415624779573,0.05112407533308115,0.1500938791316439,0.09433309249031316,0.0440003292624375,4.827,4.0920000000000005,3.7756666666666665,4,22,11,4.903293201976959,4.073996021112182,83.81642512077295,0.5930064920366718,0.38183818609823333,5.87749241328378,2.3065075867162212,0.08576055104046981,0.07183169876934185,0.06374657457497648,217407594.0,2.182031114226182,0,0,-1,0,0,0.05190311418685118,1.603248158011473,1.1457901743712562,1.1402928671698978,0.46958637469586373,0.9483870967741934,-0.18744756733922951,0.07947019867549661,0.0
2024-11-25,7.48,6.04,0.08885999618713299,0.23909285272188788,0.11117978773612468,0.5399368760614196,0.21382878003966238,5.1240000000000006,4.2955,3.9223333333333334,0,25,11,5.371785347072057,4.293738213298494,87.97127468581688,0.7660114494529644,0.45867283876917964,6.604662299691169,1.9863377003088303,0.09966486805204978,0.08394379953129555,0.07452715450126948,297320862.0,2.7581430724257885,0,0,-1,0,0,0.10016556291390721,2.8652452849976116,1.5826134473349058,1.3325665059940102,0.6961451247165533,1.193548387096774,-0.1964765556067758,0.19852941176470593,0.0
2024-11-26,7.22,7.48,0.08713677670137474,-0.03621763198210334,0.06122047378777097,-0.7017822521194418,-0.03537783908165116,5.38,4.4885,4.059333333333333,1,26,11,5.707824374877137,4.482529296311495,84.6286701208981,0.8720864280617073,0.5413555566276852,7.094592255102361,1.8824077448976397,0.10363427615672247,0.08478847235164169,0.075433443977565,257707771.0,2.09624198425985,0,0,-1,0,0,-0.030748663101604335,0.5721779469157301,1.810605619375448,1.3459752713251187,0.40740740740740744,1.1488095238095237,0.716397268045747,0.11066481994459827,0.0
2024-11-27,8.08,7.22,0.035233996909459865,0.11411588030960582,0.08835456053609735,0.4598878357685749,0.11253691962826913,5.76,4.7284999999999995,4.222333333333333,2,27,11,6.139129033990384,4.714624180420431,86.0062893081761,1.0138592867658591,0.63585630265532,7.721370651538649,1.7356293484613503,0.0945238738806406,0.08495856460347467,0.07711502166051808,320450800.0,2.2396557621205435,0,0,-1,0,0,0.04016620498614959,1.628163317703547,1.6358891060017084,1.348675402114853,0.5968379446640317,1.4634146341463414,-0.051580220290957865,0.13490099009900977,0.0
2024-11-29,9.57,8.08,0.15965197417204477,0.14169470326368372,0.10924557647588881,-0.03645755461488941,0.16924133293185892,6.288,5.0495,4.4350000000000005,4,29,11,6.762923755083041,5.027874233296532,88.06970509383378,1.2322413351891601,0.7551333091620881,8.64583424475525,1.4531657552447501,0.09767409483685113,0.0873508238151302,0.08152287405908702,380947567.0,2.513948755787934,0,0,-1,0,0,0.0903465346534654,1.3499728784564633,1.7260594133313112,1.3866513397887168,0.6557093425605536,2.0380952380952384,-0.2720552417518894,0.15987460815047014,0.0
2024-12-02,7.3,9.57,0.09520698595458651,-0.012270092591814247,-0.19760013701198614,0.6500570363303837,-0.2707588573105175,6.607000000000001,5.250500000000001,4.572,0,2,12,6.860573981431578,5.174462992438691,65.31284302963776,1.2082131242935787,0.8457492721883864,8.879630532379894,1.6213694676201071,0.13772940406940043,0.10986967805003768,0.09581534246285262,265056930.0,1.1294716360923993,0,0,-1,0,0,0.012539184952977974,2.9438319505401482,3.052781520594446,1.74412706848279,0.20860927152317887,1.225609756097561,-0.973988122540835,0.3972602739726028,0.0
2024-12-03,6.75,7.3,-0.4132351549700961,-0.3056756374997935,-0.08567928674336361,-0.8029540221004774,-0.07833184326990696,6.840999999999999,5.426,4.694999999999999,1,3,12,6.840469621171291,5.2761105413136145,60.98843322818086,1.1317441485287372,0.9029482474564565,8.984553224644944,1.8674467753550554,0.14492991529215943,0.11252305899996255,0.09692748815155994,213137508.0,0.744122634350707,0,0,-1,0,0,-0.12191780821917804,0.41455437219546515,2.6439344953657122,1.7862481852448953,-0.09759358288770059,1.083333333333333,-0.2648241438132764,0.1333333333333334,0.0
2024-12-04,6.96,6.75,0.050200653991636965,0.019364367181791152,0.0604366695557558,-0.2513980008301162,0.030636969461889804,7.024000000000001,5.6115,4.816999999999999,2,4,12,6.862202417321965,5.384748570906285,64.34689507494646,1.0756873253679222,0.9374960630387497,9.078051600654371,2.14494839934563,0.1397046947646416,0.11216819607213425,0.0965171015579712,253515906.0,0.7780065929181308,0,0,-1,0,0,-0.00148148148148145,-0.11518765275254389,2.6444762677072218,1.7806149109055958,-0.03601108033240996,1.1415384615384614,-0.6538093094109684,0.09339080459770108,0.0
2024-12-05,7.66,6.96,0.05905243178170056,0.13677953634703852,0.05699131550218817,0.35202415235960954,0.09583250940617172,7.284000000000001,5.8340000000000005,4.968333333333333,3,5,12,7.007256523263425,5.531538985686525,66.79960119641076,1.0753500727448575,0.9650668649799712,9.221894238080708,2.4461057619192936,0.1395062239673218,0.11198176216946716,0.09600436424850131,310931681.0,1.0779557280598324,0,0,-1,0,0,0.0272988505747127,0.527771920340851,2.596663055928752,1.7776553644511455,-0.051980198019802026,1.3862928348909658,-0.6362362029143441,0.17362924281984324,0.0
2024-12-06,8.28,7.66,0.11482606517250667,0.030590620593952768,0.09220619386673364,-0.27797134205617835,0.07783098464466826,7.534000000000001,6.0729999999999995,5.141333333333333,4,6,12,7.23866442812462,5.708859051126104,69.91404011461317,1.1122898312567582,0.9945114582353286,9.441979854964604,2.704020145035396,0.13637676352126896,0.11182519236734834,0.09598243229309132,354413711.0,1.310188896943219,0,0,-1,0,0,0.04699738903394248,-0.1048975183222397,2.2107485866994385,1.7751698958957716,-0.13479623824451414,1.3657142857142857,-1.157770018253335,0.1099033816425122,0.0
2024-12-09,7.82,8.28,0.02827477846816664,-0.04381991756245003,-0.03828850530701703,-0.31320893450722764,-0.05715841383994852,7.712000000000001,6.2695,5.298666666666666,0,9,12,7.3443618048292345,5.845061692988937,66.03951081843837,1.0918604132104512,1.0139812492303533,9.559897352424407,2.9791026475755924,0.14005284890252062,0.11322258052722604,0.09730452788021937,322624123.0,0.9424393676086397,0,0,-1,0,0,-0.0036231884057970243,-0.5895131197722486,1.2565320041864783,1.797352745232147,0.07123287671232892,1.0102827763496145,-0.22869658108085655,0.1061381074168798,0.0
2024-12-10,7.72,7.82,-0.07681559716816053,-0.0012113871862970932,0.018667208719689705,-0.5246612333784696,-0.01287019052053502,7.736,6.43,5.442333333333333,1,10,12,7.412659658496645,5.966025454731587,62.93706293706294,1.0554343972116573,1.022271878826614,9.671825346767902,3.1881746532320974,0.12074596561896432,0.11030795208448683,0.09692006325270902,303812450.0,0.7958479325767066,0,0,-1,0,0,-0.02301790281329931,-1.0531504502260214,1.0263611262971912,1.7510844530902865,0.14370370370370367,0.7117516629711751,-0.2520771381003543,0.08808290155440411,0.0
2024-12-11,7.39,7.72,-0.005249355886143678,-0.0820649530543043,-0.07258489727940638,0.3348851768241409,-0.04368662907657444,7.753,6.5665,5.576666666666667,2,11,12,7.408539720588164,6.0578947802327745,61.343719571567675,0.9885429670449488,1.015526096470281,9.723309015112287,3.4096909848877117,0.12110118226480922,0.11160182632814471,0.09752132260108849,277517872.0,0.5217293767584531,0,0,-1,0,0,-0.015544041450777216,-0.7065261687064818,1.143399384966602,1.7716240699493497,0.06178160919540221,0.5858369098712446,0.4517006667236207,0.07577807848443838,0.0
2024-12-12,7.17,7.39,-0.082238098236972,-0.01993421490081714,-0.027359517895817215,0.7680152011629378,-0.030222080348581412,7.662000000000001,6.711,5.706333333333333,3,12,12,7.365168862299406,6.129643504088725,57.1136131013306,0.9073198469195223,0.9938848465601293,9.686492175121625,3.735507824878375,0.11509696452735428,0.10947692609178582,0.09764323364538194,220840335.0,0.3085203878791835,0,0,-1,0,0,-0.05277401894451958,0.5044907209813998,0.8620835074699627,1.7378923244319817,-0.06396866840731075,0.6752336448598131,1.7819024443681108,0.08368200836820092,0.0
2024-12-13,8.39,7.17,0.06899287148695142,0.13537532911211947,0.06772686362442625,0.39604940514302656,0.1571348658675859,7.544,6.9159999999999995,5.881,4,13,12,7.551501796426786,6.27547295543784,60.950605778191985,0.9306656092495214,0.9812409990980078,9.750809192502071,4.081190807497927,0.11254206131285166,0.11345601718307093,0.09989698122831438,305059909.0,1.039928898141474,0,0,-1,0,0,0.04602510460251047,1.4689058010147438,1.4794833372775462,1.8010584372616598,0.013285024154589431,0.9557109557109558,2.077653838958771,0.1430274135876042,0.0
2024-12-16,8.87,8.39,0.13569571545389922,0.08534919132215946,0.10358540766115915,-0.18126787263294475,0.055634275842373064,7.7010000000000005,7.153999999999999,6.067333333333334,0,16,12,7.791228742531006,6.442861797022496,57.11361310133059,0.9766411710835721,0.9803210334951207,9.789118293559545,4.518881706440453,0.0792264831598232,0.11183071050190091,0.09995743742855558,375316877.0,1.3024083239026125,0,0,-1,0,0,0.023837902264600627,0.8179461487685928,1.3989856345435214,1.775257493566134,0.13427109974424534,1.158150851581508,1.366284535222778,0.13077790304396825,0.0
2024-12-17,9.09,8.87,0.028235549561706742,0.02445629597752693,0.05270680904996913,-0.4944264026658007,0.024500111867899403,7.935,7.388,6.262333333333333,1,17,12,8.027368971161732,6.613644906892013,59.609455292908535,1.0190819540466203,0.9880732176054206,9.820530413073161,4.9554695869268395,0.0714493122478883,0.11171906759593518,0.09953755188156291,418168053.0,1.3993658544640863,0,0,-1,0,0,-0.003833145434047229,-0.38736551963332927,1.353971697449049,1.773485217377155,0.17746113989637302,1.0612244897959182,1.111913469678409,0.10451045104510444,0.0
2024-12-18,8.95,9.09,0.049027261240238304,0.10557057762687942,0.021928172338611572,0.6488925072964082,-0.015521375902623577,8.133999999999999,7.578999999999999,6.452333333333333,2,18,12,8.195120067314143,6.764377493544141,54.82796892341842,1.0295517190000432,0.9963689178843451,9.8601991306512,5.297800869348798,0.07303834819758472,0.10867905318598013,0.09982917373825849,336175732.0,1.201999405995415,0,0,-1,0,0,0.020902090209020847,1.1821251223662252,1.2648525876907337,1.725226484712392,0.21109607577807843,0.7446393762183234,1.3097654013084195,0.2033519553072626,0.0
2024-12-19,8.42,8.95,-0.01520116133205044,-0.08890352514166772,-0.06728200708332206,-0.448886251062659,-0.06104370403252852,8.209999999999999,7.747,6.626,3,19,12,8.23600732780248,6.871191848799358,42.857142857142854,0.9837425408980227,0.9938436424870807,9.721352392158161,5.772647607841838,0.07281291028284598,0.11019423793111456,0.10102294818044134,283836860.0,0.6817425325621277,0,0,-1,0,0,0.021229050279329753,-0.12986584364533596,1.3811684745749067,1.7492792968680588,0.1743375174337518,0.6640316205533598,0.9286842609879957,0.1769596199524941,0.0
2024-12-20,9.49,8.42,-0.10244718511946911,0.032523191705560145,-0.0012217472503223644,0.2940742703910534,0.11962878436760122,8.331,7.9325,6.825666666666667,4,20,12,8.464005995474755,7.040147213392949,65.98540145985402,1.0219975433434723,0.9994744226583591,9.824120024156304,6.040879975843696,0.0788914919123456,0.1094395201318041,0.10190348909388318,354069532.0,1.6467366385536895,0,0,-1,0,0,-0.020190023752969112,0.5928603286762715,1.1271060154824555,1.737298523226002,0.13110846245530383,0.6418685121107266,0.37153954218966917,0.19178082191780824,0.0
2024-12-23,9.38,9.49,0.16191268516274754,0.013902905168991434,0.11206172867277428,-0.6546496402439209,-0.01165884960370316,8.487,8.0995,7.008666666666667,0,23,12,8.63055035993389,7.1911054576901785,70.51482059282372,1.0315477869307212,1.0058890955128315,9.873730448450868,6.325269551549133,0.075593558171616,0.10978424180369983,0.10135354287939854,317574944.0,1.4434427062369963,0,0,-1,0,0,0.02212855637513162,-0.8497317947120939,1.1163031832059753,1.7427708101182253,0.05749718151071037,0.5529801324503312,1.2747586352421163,0.10554371002132197,0.0
2024-12-24,10.8,9.38,-0.020834086902841914,0.08684699793115165,-0.005479465764625708,0.28413191014734523,0.14096637111204063,8.795,8.2655,7.218333333333334,1,24,12,9.024995749036819,7.423937363645651,75.1968503937008,1.1405509944485859,1.0328214752999823,10.383607149021621,6.1473928509783775,0.08476605305835902,0.10248667657022371,0.10102426886712962,366061952.0,2.393174491829383,0,0,-1,0,0,0.012793176972281365,-0.27202882260009364,1.4966014525080769,1.6269255534139324,0.18811881188118829,0.44385026737967914,0.45915981099287057,0.18148148148148155,0.0
2024-12-26,11.33,10.8,0.15745349021594113,0.026763417198816506,0.15258902151298173,0.12257005916270355,0.04790794090974091,9.189,8.471,7.440666666666667,3,26,12,9.444087431030123,7.675941404700771,74.63087248322148,1.2552338380087527,1.0773039478417363,10.93179918554494,6.010200814455062,0.07998320693654222,0.10168454104443238,0.10105922382841896,420871584.0,2.323635359434566,0,0,-1,0,0,0.02962962962962949,-0.025577695758790243,1.4183941277606773,1.614192046699849,0.26592178770949726,0.5692520775623269,-0.09656559111050568,0.06706972639011474,0.0
2024-12-27,11.18,11.33,0.00359066813072854,0.02863536219097185,0.01960819661533095,-0.4098673053130866,-0.013327607312961912,9.59,8.626000000000001,7.6706666666666665,4,27,12,9.759707898115554,7.902009701171689,70.77363896848138,1.318814597629867,1.1256060777993624,11.358613169997138,5.893386830002864,0.07838960622388662,0.09971763185507367,0.09909436509086934,384492331.0,1.8692729933689618,0,0,-1,0,0,-0.015004413062665483,-0.7829311538719358,1.215672201892773,1.582968331300904,0.32779097387173395,0.38366336633663356,0.2466193887085295,0.0787119856887298,0.0
2024-12-30,10.06,11.18,-0.04959694113937218,-0.07088883853910782,-0.09605050928474244,0.17012728474212277,-0.10555930305535982,9.757,8.650500000000001,7.8629999999999995,0,30,12,9.814306462094544,8.041234881741259,64.65968586387436,1.2642546275594597,1.153335787751382,11.42718090390397,5.873819096096032,0.07820611650962353,0.09541391887787926,0.102062278230835,341366337.0,1.01524089283595,0,0,-1,0,0,-0.05008944543828269,-0.4442889213330721,1.4749810095896783,1.5146490057897573,0.06006322444678602,0.05120167189132707,0.5183157918433142,0.10636182902584496,0.0
2024-12-31,9.75,10.06,-0.05218575317057019,-0.044309857621869404,-0.02578791690151164,-0.3258613646876565,-0.031299879661837345,9.844999999999999,8.773,8.051,1,31,12,9.802614378077354,8.151477792596662,62.92993630573249,1.1823714073896578,1.1591429116790373,11.51477122927569,6.03122877072431,0.07862932316828598,0.07700093766677406,0.10179694876393298,310233455.0,0.7126779868195644,0,0,-1,0,0,0.0019880715705764985,-1.007076890714691,1.5029380552279628,1.2223519907104217,0.03944562899786774,0.3356164383561644,0.6549452683261323,0.08697435897435887,0.0
2025-01-02,9.57,9.75,-0.01600034134644119,-0.031990244957482185,-0.02539819060561046,0.15314078252280922,-0.018634079544892868,9.893,8.914,8.223,3,2,1,9.760320854790562,8.24299535436462,64.15584415584416,1.090384594921698,1.1453912483275694,11.503544971205264,6.324455028794736,0.07904736140439932,0.07440643036914335,0.10196394518053176,273948422.0,0.5066527187551993,0,0,-1,0,0,0.017435897435897428,-0.6640223007453411,0.8447796461088791,1.181165464204783,-0.11388888888888893,0.4177777777777778,-0.2603036136620719,0.07941483803552767,0.0
2025-01-03,11.51,9.57,-0.02759500594588687,0.13167138836827375,0.02015983394402136,0.4295207306369113,0.18458301726892828,10.149000000000001,9.141499999999999,8.435666666666668,4,3,1,10.078444335737732,8.453769847631419,73.03609341825903,1.1606469544419937,1.1484423895504543,11.806606100386162,6.476393899613836,0.09939005357915746,0.08489483622297658,0.10396163985102261,329701135.0,1.7774151653150427,0,0,-1,0,0,0.008359456635318712,0.38093225955836024,1.814756258236475,1.347663745437324,0.015887025595763493,0.6537356321839081,1.6815332516415407,0.17289313640312773,0.0
2025-01-06,11.45,11.51,0.18404718276142426,0.024883308737827983,0.168749479248411,-0.2158471473504551,-0.005226492733542695,10.452,9.331,8.648666666666667,0,6,1,10.327818092876326,8.647075018751973,68.5230024213075,1.1976827409101247,1.1582904598223884,12.08988535844685,6.572114641553148,0.09541080411234266,0.08346506080400722,0.10384404447957148,284772339.0,1.5361276201726028,0,0,-1,0,0,0.00781928757602084,-0.19049918923466366,1.8097245954612406,1.3249667643017273,0.02415026833631484,0.49477806788511747,1.627233757522841,0.046288209606987,0.0
2025-01-07,11.14,11.45,-0.011270166971039521,0.05562711016596325,-0.03063302586323775,-0.18899231253279092,-0.027447495501110596,10.617,9.474,8.827333333333334,1,7,1,10.475487530535174,8.80790888850991,64.02966625463537,1.1883212318363228,1.1642966142251754,12.299197897120578,6.648802102879422,0.09125714290972503,0.0830407371757376,0.10227435384051022,247580602.0,1.1793864080799268,0,0,-1,0,0,0.0017467248908298123,-0.6028927340381185,1.591594264443125,1.318230835526867,0.10735586481113324,0.3454106280193239,2.1832438912110717,0.13868940754039497,0.0
2025-01-08,10.48,11.14,-0.07136209760923058,-0.11049502855647304,-0.082944137516854,-0.057940583711398624,-0.061073555606241905,10.727,9.607,8.975333333333333,2,8,1,10.476307979528778,8.915785734412497,58.147713950762025,1.114795021230508,1.154396295626242,12.353704053569395,6.860295946430604,0.0942651403346973,0.08321674016834897,0.1034095053288419,212482536.0,0.6356709590649349,0,0,-1,0,0,-0.04129263913824065,-0.7347249341500067,1.6646623963026352,1.321024796417584,0.07487179487179496,0.34015345268542196,2.0297210119668687,0.10591603053435109,0.0
2025-01-10,8.97,10.48,-0.08905636747735746,-0.10565897857602453,-0.11803157548617048,0.07257686893954164,-0.1555830028221913,10.544,9.6695,9.025,4,10,1,10.202433801432637,8.91928342896653,50.101010101010104,0.9240289585481118,1.108322828210616,12.289371230262608,7.0496287697373905,0.09302776590509995,0.09061000778910046,0.0995194486703399,174742447.0,-0.5339957108730743,0,0,-1,0,0,-0.06774809160305352,-0.6848193989692067,2.0376971190645388,1.4383892814215118,-0.06269592476489028,0.16191709844559599,1.2635254865695589,0.12374581939799344,0.0
2025-01-13,8.23,8.97,-0.13572710455110365,-0.14659718984398645,-0.10362203266688577,-0.37387729609710163,-0.08609966138172628,10.234,9.711500000000001,9.058666666666666,0,13,1,9.843809473899428,8.874813530323529,49.060336300692384,0.7050067845542323,1.0276596194793393,12.201203216301693,7.22179678369831,0.09231487460053357,0.09227783417160565,0.100649314046842,148774951.0,-1.19010168786357,0,0,-1,0,0,-0.04905239687848397,-1.3906367728622888,0.8547548681419639,1.4648652044503592,-0.2849695916594265,0.11366711772665772,-0.7458641033285082,0.07528554070473878,0.0
2025-01-14,8.22,8.23,0.017432167168671017,0.024952228932823804,-0.007472014838701066,0.04572612633041257,-0.001215805620889878,9.937999999999999,9.764,9.063333333333334,1,14,1,9.548571387735896,8.832567496109109,42.98342541436464,0.5245762290370415,0.9270429413908797,12.065197857409744,7.462802142590254,0.09260359346910826,0.09186178382613866,0.09849563541175756,121592496.0,-1.3419098188609848,0,0,-1,0,0,0.054678007290400885,-1.18684864365534,0.8722578606627034,1.4582606099684303,-0.2820960698689955,0.14644351464435146,-0.6646569027815606,0.10935523114355222,0.0
2025-01-15,8.79,8.22,0.0,0.019033565114019137,0.0694094513721676,-0.02211441261337186,0.06704450262899685,9.811,9.784,9.037333333333333,2,15,1,9.410649317238459,8.829821206037552,46.898002103049414,0.4227052669761431,0.8261754065079325,12.041454551620346,7.526545448379656,0.0931537469611255,0.0851749073693163,0.09338694245424607,148180425.0,-0.8806378841926478,0,0,-1,0,0,0.05596107055961059,-1.1701545281515668,1.2898322871152355,1.352109737053042,-0.21095152603231615,0.04767580452920117,0.3377556349657565,0.05630261660978399,0.0
2025-01-16,9.09,8.79,0.013730192811902037,0.0578429842742596,0.006393512043333136,-0.018938524984994338,0.0335601964923019,9.745000000000001,9.795,9.097000000000001,3,16,1,9.352349441376921,8.84660693468029,39.809296781883184,0.3620063050540576,0.7333415862171576,12.035784637013009,7.554215362986991,0.09377638910356112,0.0845941784498312,0.08191381858971311,174269556.0,-0.6292438714144105,0,0,-1,0,0,0.0011376564277589948,-1.1096816786654258,1.3850334677783347,1.3428909512524372,-0.13263358778625955,0.024802705749718212,-0.5214939203670242,0.10781078107810767,0.0
2025-01-17,8.82,9.09,0.04227548314823812,-0.0167894814765498,0.017231902551688504,0.051721348487900116,-0.030153038170687443,9.67,9.7815,9.166,4,17,1,9.255558633853845,8.844890358249303,34.563345633456336,0.2887862487897017,0.6444305187316665,12.043322972271387,7.519677027728612,0.09404718246107366,0.08478394808226586,0.08067966461157376,146795555.0,-0.8501991639376034,0,0,-1,0,0,0.009900990099009885,-0.9404347353167343,0.927099088244164,1.3459034507753225,-0.01672240802675584,-0.02970297029702962,-0.2783095079820426,0.07596371882086167,0.0
2025-01-21,9.7,8.82,-0.015368030228314062,0.04954573655142988,0.00453412443891985,0.17899540097228805,0.09510401549063717,9.489,9.819,9.257333333333332,1,21,1,9.336366154971326,8.900058722233219,41.64785553047403,0.2983285266590556,0.5752101203171444,12.047399472833845,7.590600527166156,0.0718970159322656,0.08742517251595533,0.08220035697520725,179654879.0,-0.10680311268308627,0,0,-1,0,0,0.02494331065759624,-0.5382085195719647,0.827622078016273,1.387831588824821,0.1786148238153098,0.08379888268156432,0.033293287788223186,0.11444329896907209,0.0
2025-01-22,9.77,9.7,0.0714971078991486,0.02486453306529551,0.06369915719001319,-0.12335882261750716,0.007190580545354209,9.321000000000002,9.8865,9.327666666666666,2,22,1,9.415208672249268,8.95618396596011,48.14340588988476,0.30798896058337455,0.5217658883703904,12.016064076963776,7.756935923036223,0.07218378468234635,0.08600543796150331,0.08057178540157184,208700761.0,-0.10941206349244957,0,0,-1,0,0,0.0010309278350517075,-0.7723651961578589,0.8066194878370833,1.3652940014719903,0.1885644768856447,0.16033254156769594,-0.050037376664639824,0.07983623336745133,0.0
2025-01-23,9.89,9.77,-0.02081240574593472,-0.023857990453894064,-0.005333345975362617,-0.24658505576401837,0.012207679579929407,9.196000000000002,9.9065,9.381333333333334,3,23,1,9.501534368203945,9.01643016170462,50.91863517060368,0.3216204804889422,0.4817368067941008,12.02788261766381,7.785117382336188,0.07242401208420833,0.08155736385824888,0.07948942652878155,231399098.0,-0.015555892522745,0,0,-1,0,0,-0.02661207778915044,-1.368812192273603,0.7590128900489346,1.294683014129603,0.12514220705347,0.04214963119072701,0.970452194234804,0.05965621840242668,0.0
2025-01-24,9.97,9.89,0.0482392137660738,0.06428698044953889,0.05515641116927552,0.40725211432805203,0.008056438339126145,9.145,9.936,9.453,4,24,1,9.586709937621409,9.077950796433353,52.65957446808511,0.33501702194784677,0.45239284982485,12.042914930963194,7.829085069036806,0.0703759629460793,0.0814636678930056,0.07855423970216703,265507501.0,0.03227467753950303,0,0,-1,0,0,0.009100101112234565,-0.1610904939898085,0.7612281310479745,1.2931956367922999,0.09680968096809695,0.06289978678038377,1.4871490979074404,0.07219658976930785,0.0
2025-01-27,9.16,9.97,-0.059873401047414454,-0.08666838264567361,-0.10448147773177696,-0.320056486041864,-0.08473440528770806,9.164,9.854000000000001,9.501000000000001,0,27,1,9.509126312599333,9.083244293437653,31.611893583724566,0.27707964534786633,0.4173302089294533,11.946939509272433,7.761060490727569,0.05807617563828089,0.07605813400948375,0.08024514151197219,240741116.0,-0.6631820909542255,0,0,-1,0,0,-0.05717151454363092,-1.0374699813800639,1.01641018022981,1.2073854466363076,0.038548752834467015,-0.1518518518518519,0.0032493798017201995,0.08951965065502186,0.0
2025-01-28,9.16,9.16,-0.00962059798698244,-0.04309652718337201,-0.012436565041008712,-0.4723285499998022,0.0,9.257,9.7455,9.56,1,28,1,9.445648801217637,9.088196274506194,31.91153238546603,0.22852951102767705,0.3795700693490981,11.738883529262914,7.752116470737087,0.04974640494976653,0.07498833774065694,0.07967729878639218,240741116.0,-0.5874434010363254,0,0,-1,0,0,0.016375545851528422,-1.9004397023517263,0.6296561490503807,1.1904029573513846,-0.05567010309278342,-0.19152691968225943,-2.1681345008160893,0.05676855895196521,0.0
2025-01-29,9.04,9.16,-0.014061886656576646,0.01333708753153773,0.00680274732275262,-0.04921764533205857,-0.013187004281953914,9.339,9.638499999999999,9.622333333333334,2,29,1,9.37189447372352,9.08508683744128,32.89902280130292,0.17831468201866763,0.339318991883012,11.535059488847278,7.74194051115272,0.05023329430203446,0.07498783111715793,0.0794471457829256,226039740.0,-0.6311428705711365,0,0,-1,0,0,0.0021834061135370714,-1.713114952668559,0.6093653110128783,1.1903949149526643,-0.07471852610030716,-0.19141323792486586,-1.9029520987281003,0.06471238938053107,0.0
2025-01-30,9.27,9.04,-0.010953012019197093,-0.001591090232241963,0.010118130165584686,0.09973424983876636,0.02512420517367867,9.386999999999999,9.599,9.651666666666667,3,30,1,9.353368205773789,9.09701671889668,39.4045534150613,0.1552880817179485,0.30251280984999934,11.491499322116216,7.706500677883786,0.04630117400075827,0.07206127021534281,0.07361064417639895,242282956.0,-0.34768836760491834,0,0,-1,0,0,0.004424778761062049,-1.3955246965900328,0.6518838864721918,1.143937200895338,-0.06268958543983827,-0.07852882703777342,-1.6028482119131704,0.05177993527508096,0.0
2025-01-31,9.45,9.27,0.02716082224605047,0.07758992253410497,0.03193429350683448,0.6424452974990952,0.019231361927887592,9.423,9.584,9.671,4,31,1,9.370937622905826,9.119789833806573,55.4794520547945,0.14983660761661177,0.27197756940332185,11.47621563253235,7.691784367467649,0.04554580739782184,0.07186760135454527,0.0730228403355023,273163324.0,-0.14163290662668107,0,0,-1,0,0,0.006472491909385167,0.08362944229344771,0.6784743979159449,1.140862803041133,-0.052156469408224826,-0.030769230769230882,-1.563292555262439,0.10051851851851848,0.0
2025-02-03,9.18,9.45,-0.057347574911164274,-0.09094838994896934,-0.06491056174846929,-0.27654142839763324,-0.028987536873252298,9.459,9.564499999999999,9.674,0,3,2,9.336221691468403,9.123674360657763,62.14833759590792,0.12231950844756945,0.2420459572121714,11.465341641844006,7.663658358155992,0.04545182432024621,0.07204575771359972,0.07316411130112674,249743585.0,-0.4045576354556243,0,0,-1,0,0,-0.0677248677248676,-0.6052968624502175,0.35587527839725863,1.14369094756439,0.0021834061135370675,-0.040752351097178785,-0.20813870762460204,0.07026143790849669,0.0
2025-02-04,9.17,9.18,0.054126960211122135,0.02391822762986665,0.05071509257901622,-0.4602935405434037,-0.0010899183640255736,9.405999999999999,9.447500000000002,9.681333333333333,1,4,2,9.305999565746875,9.126663111583069,62.14833759590792,0.09856885230717793,0.21335053623117273,11.118275111642497,7.776724888357506,0.030941868853329967,0.054087248794907845,0.07308770955943346,234963426.0,-0.3321811512109473,0,0,-1,0,0,0.01307189542483671,-1.5230707291102317,0.3560822039679238,0.8586084564660248,0.0010917030567685337,-0.2033014769765421,-0.15939151715150376,0.045801526717557245,0.0
2025-02-05,9.15,9.17,0.002148228538289605,0.022846268851169922,-0.0044052934679162685,0.09248799432467426,-0.0021834069809435063,9.344,9.3325,9.705666666666666,2,5,2,9.277636008338352,9.128168717287387,55.35714285714288,0.07724205501989445,0.18612883998891708,10.714609371862169,7.95039062813783,0.03066583221234452,0.054105225804953236,0.07214070299986935,218751070.0,-0.2640890854449673,0,0,-1,0,0,0.016357688113413343,-1.293812182239267,0.3379381751372555,0.8588938326534045,0.012168141592920456,-0.20087336244541476,-0.5956721556210973,0.07431693989071035,0.0
2025-02-06,9.15,9.15,-0.008620743043907088,-0.029168734590656803,-0.022322355437898497,0.2681811922827602,0.0,9.27,9.233,9.694333333333333,3,6,2,9.254429461367742,9.129577187139814,50.98039215686275,0.059652774466954384,0.16083362688452454,10.32284016210962,8.143159837890382,0.030088497122041813,0.05398662219095071,0.06837077473645259,218751070.0,-0.15231591362780386,0,0,-1,0,0,0.009836065573770475,-0.554256484599871,0.27131430342992485,0.8570110586499394,-0.012944983818770184,-0.17863554757630162,-0.6031755328344086,0.06557377049180343,0.0
2025-02-07,9.02,9.15,-0.004338401598598242,0.024022042838887897,0.0011280317044984152,0.27143516292825076,-0.014309545212897741,9.175,9.16,9.682333333333332,4,7,2,9.211805922937243,9.122507691195311,53.42465753424656,0.03482182503696407,0.13563126651501245,10.080594773416538,8.239405226583463,0.029642280254337062,0.052675826498315245,0.06838902897216896,190941227.0,-0.30415119451619016,0,0,-1,0,0,0.005464480874316823,0.45370324896682784,0.1944250370669761,0.8362028221159709,-0.04550264550264549,-0.13931297709923673,-1.2970214942521736,0.09090909090909094,0.0
2025-02-10,10.2,9.02,-0.005449604767564591,0.06201987212619383,0.012325085992620253,0.4081111099043505,0.12294338621569315,9.279,9.2215,9.662333333333333,0,10,2,9.39147757331229,9.19202332402142,57.763975155279496,0.10910160169395944,0.13032533355080184,10.247011938907518,8.195988061092484,0.04469171960767289,0.05060402422914017,0.06691568920127856,232766515.0,1.9083151797187272,0,0,-1,0,0,0.01441241685144133,2.347415840861763,0.9640571035497545,0.8033139806963515,0.11111111111111116,0.1371237458193979,2.1848893411384536,0.1303921568627451,0.0
2025-02-11,9.29,10.2,0.03858999726986895,-0.036547277360386037,0.0187539969733216,0.3447795264952265,-0.09344916746447826,9.291999999999998,9.2745,9.594333333333333,1,11,2,9.373027105437327,9.198344399891006,44.08866995073892,0.09346209221788371,0.12295268528421822,10.187666267214631,8.361333732785369,0.05499385067218152,0.05125199072169034,0.0681844096185615,173722649.0,0.03394781554355483,0,0,-1,0,0,-0.06764705882352937,3.094678479213143,1.2588209480717636,0.8136001298794947,0.013086150490730475,0.12879708383961108,0.9564909443859431,0.08503767491926795,0.0
2025-02-12,9.36,9.29,-0.019108861698046473,-0.023410738365248995,-0.0021881846805527827,-0.5267141387108836,0.0075067376637535715,9.324,9.3315,9.533666666666667,2,12,2,9.370658540812357,9.208773793446426,43.39152119700747,0.08572786579397373,0.11550772138616934,10.098072000257453,8.564927999742547,0.05472025270630101,0.05121281529654029,0.06819707001418314,208590545.0,0.07435700753595907,0,0,-1,0,0,0.004305705059203545,0.7392556953995382,1.2571968628158385,0.8129782392847812,0.022950819672131084,0.13868613138686126,0.8378179367128972,0.061965811965811975,0.0
2025-02-13,9.52,9.36,0.007474674416705754,0.05898761293235654,0.008724155660338425,0.40365418326076125,0.016949558313773205,9.349,9.368,9.515666666666666,3,13,2,9.397811533391929,9.228852903546656,44.49877750611246,0.09145486371491174,0.11069714985191782,10.094479615391043,8.641520384608958,0.05443317276514483,0.049197790634404936,0.06579559295861134,260797760.0,0.41845633870451326,0,0,-1,0,0,0.004273504273504373,1.9874762732532094,1.2570693912022477,0.7809907144347487,0.04043715846994522,0.08304891922639368,0.6231913482867877,0.11449579831932773,0.0
2025-02-14,10.35,9.52,0.02624822607493641,0.00966191091173689,0.022545238321056007,-0.03668368065561956,0.08359167090810406,9.439,9.431000000000001,9.535666666666666,4,14,2,9.57093670913885,9.301184974285583,64.47688564476884,0.161110433439692,0.12077980656947268,10.26634802076096,8.595651979239042,0.06045651593420764,0.05218383556187743,0.06738553418887659,311124524.0,2.200280546933808,0,0,-1,0,0,0.013655462184874033,1.6039811279740295,1.3356336443087586,0.8283927081252974,0.14745011086474502,0.13861386138613851,-0.3876235386311226,0.0946859903381643,0.0
2025-02-18,10.67,10.35,0.13093735744747603,0.1296778233085326,0.10949209630058815,0.3010438558969313,0.03044954560228401,9.588000000000001,9.5235,9.572333333333331,1,18,2,9.770766398386332,9.389495621105867,67.04288939051918,0.23937493469483684,0.1444988321945455,10.47553438681804,8.57146561318196,0.05906977069707182,0.05165008249396564,0.06741771315189117,379129500.0,2.408526447940429,0,0,-1,0,0,0.0628019323671498,2.344336970043087,1.0131351535563196,0.8199196408500231,0.04607843137254908,0.20975056689342408,-0.8682595224595905,0.1246485473289597,0.0
2025-02-19,10.06,10.67,-0.0009095043828404999,-0.06906225130680298,-0.051744094565487064,-0.6988003347038966,-0.0588689006420688,9.677000000000001,9.5415,9.524,2,19,2,9.823354325952453,9.432753968131296,60.3658536585366,0.24930438798938326,0.16545994335351308,10.520807488940287,8.562192511059711,0.06344491531005424,0.04929051567072209,0.0571552962788748,345318691.0,1.0589115387263548,0,0,-1,0,0,0.029990627928772287,0.14395444786682335,0.8214306475389839,0.7824626787531763,0.08288482238966655,0.03711340206185576,-0.19263721092908484,0.10635188866799192,0.0
2025-02-20,10.13,10.06,-0.07166118845199491,-0.06543485843767854,-0.07487904166528467,0.15167377788797953,0.0069341535889987874,9.775,9.5595,9.479999999999999,3,20,2,9.879108084870188,9.477737583090569,59.03361344537817,0.25982684412625545,0.18433332350806156,10.569251923676413,8.549748076323587,0.06329835599031278,0.04928937605029905,0.057181397369245796,384667052.0,1.1299805162497,0,0,-1,0,0,0.01689860834990059,0.46411546209767374,0.8218643744786435,0.7824445878398061,0.08226495726495742,0.0368474923234392,-0.1816984156445428,0.10760118460019741,0.0
2025-02-21,9.13,10.13,0.013592442277900836,0.022923639901937024,-0.0163313373862211,0.040236063301163166,-0.10393562365371486,9.773,9.5215,9.413,4,21,2,9.742906614893789,9.455302900310533,47.13261648745521,0.1853378642434489,0.18453423165513902,10.536073283389728,8.506926716610272,0.07241714971731568,0.0541887420828604,0.05968515592603074,343703185.0,-0.7717530244675527,0,0,-1,0,0,0.02369200394866717,0.5104110387226248,1.1619024214445566,0.8602196124640131,-0.0409663865546217,-0.07684529828109199,-0.06241866347478374,0.1621029572836802,0.0
2025-02-24,8.35,9.13,-0.12297973597306242,-0.1439728733449416,-0.11135478401909549,-0.18013649117254352,-0.08930415574411307,9.706,9.4405,9.342,0,24,2,9.489650866731282,9.38399303577437,43.185550082101805,0.06264321773420356,0.16015602887095193,10.557780061954873,8.323219938045128,0.07752402882155496,0.057170710976118345,0.0606908684799039,309491957.0,-1.9520620426931878,0,0,-1,0,0,0.004381161007666938,0.07739786079892613,0.9063294972937175,0.9075569011173594,-0.19323671497584538,-0.1624874623871616,0.4161585691317622,0.12215568862275444,0.0
2025-02-25,7.77,8.35,-0.11180313199816615,-0.10693694234699305,-0.08311490671050668,-0.00990628341904486,-0.07199137448320811,9.463,9.370999999999999,9.301999999999998,1,25,2,9.176987072780138,9.279864452821187,39.48948948948949,-0.08046675565890027,0.11203147196498149,10.712231170466652,8.029768829533346,0.06305692929839644,0.056424227448865646,0.05618745772315302,275617962.0,-2.3873587719303675,0,0,-1,0,0,-0.01796407185628747,0.0268189136445752,0.6508456160321354,0.8957068424918577,-0.2717900656044986,-0.15174672489082974,1.4528807978703713,0.09523809523809527,0.0
2025-02-26,8.21,7.77,0.003651860418771239,0.03224159866390248,0.057639779446414664,-0.26422570270328505,0.055082759084780955,9.355,9.3235,9.301333333333334,2,26,2,9.001171241365567,9.210840939735949,43.36158192090396,-0.15657323902205533,0.05831052976757413,10.760093558607075,7.886906441392924,0.06342707977562115,0.058171307148348395,0.055153352895745134,301626423.0,-1.5501948944830999,0,0,-1,0,0,0.059202059202059315,-0.5314608152708982,1.0619880729665225,0.9234408729245026,-0.18389662027832998,-0.10371179039301304,0.8026835530410267,0.0688185140073081,0.0
2025-02-27,7.92,8.21,0.04397618857048351,0.015160640230681666,-0.009484737559367422,0.30436700142953493,-0.035961717638002474,9.211,9.267500000000002,9.291333333333334,3,27,2,8.804594652026372,9.127560879107824,41.65535956580733,-0.23755041842028923,-0.0008616598699985392,10.832227990485977,7.7027720095140255,0.0635249667196224,0.058568028357403434,0.05555883605083659,266365022.0,-1.7223440856087617,0,0,-1,0,0,0.04750304506699132,0.017223219776515593,0.9891316014665403,0.9297386268784096,-0.21816386969397839,-0.12389380530973448,1.5206795551575023,0.09722222222222228,0.0
2025-02-28,8.88,7.92,-0.24444439339713464,0.03636764417087479,-0.1699460989409695,0.44948401863509124,0.11441035117774431,9.147000000000002,9.248000000000001,9.294333333333334,4,28,2,8.818304715294305,9.111589209487963,49.146341463414636,-0.22170575363633738,-0.04503047862326631,10.822288143223625,7.673711856776376,0.07652351702178536,0.06477174120486291,0.05851181213759787,321637380.0,-0.4675128902977789,0,0,-1,0,0,-0.14962121212121207,1.2822653401714066,1.4028915310970724,1.0282195152762146,-0.027382256297918905,-0.04207119741100307,0.7194712568380902,0.26126126126126137,0.0
2025-03-03,7.88,8.88,0.3064360694251027,0.04793946228911905,0.14682182384583048,-0.4050129408822292,-0.11947365313429102,8.9,9.169500000000001,9.254,0,3,3,8.647703857968068,9.032131841133902,35.53615960099752,-0.2865373609578974,-0.09333185509019254,10.854086158768833,7.484913841231169,0.07605905380261906,0.06924313626802044,0.061773866903134245,284772476.0,-1.5309398017877849,0,0,-1,0,0,0.030405405405405355,-0.02821081036621259,1.5130895147892833,1.099200711380035,-0.05628742514970053,-0.16613756613756614,0.49085523226805267,0.21699238578680205,0.0
2025-03-04,7.98,7.88,-0.17643726390826517,-0.10673261494810829,-0.03845378712404891,-0.20467510204189843,0.012610507591929733,8.631,9.1095,9.225999999999999,1,4,3,8.526303156519328,8.96425236751236,40.915395284327346,-0.32608876429008404,-0.13988323693017085,10.876000852860713,7.342999147139288,0.07479666412501687,0.06917439888221291,0.06162465650648765,314814130.0,-1.278799269381457,0,0,-1,0,0,-0.026649746192893398,-0.5419895169816104,1.4115506282486403,1.0981095392083187,0.027027027027027195,-0.130718954248366,-0.18907146165415825,0.1313784461152881,0.0
2025-03-05,8.13,7.98,0.046490383810311085,-0.011727511584703521,0.05264373348542188,-0.387681654499889,0.01862251209800185,8.437999999999999,9.0575,9.173666666666666,2,5,3,8.454248037152176,8.910429634124467,41.56378600823047,-0.34139440776356267,-0.18018547109684924,10.876937449207492,7.238062550792506,0.07514995159016513,0.06937195031687542,0.058741731295784486,335201248.0,-1.0195459045915505,0,0,-1,0,0,0.006892230576441067,-1.2949648129091835,1.3547269620249383,1.1012455710118847,-0.00974421437271622,-0.11341330425299878,0.15695680371092344,0.06763837638376384,0.0
2025-03-06,7.56,8.13,-0.024568164827159424,-0.045937914072238274,-0.049931199518123304,0.0971780284294135,-0.07268973336827776,8.181000000000001,8.978,9.1,3,6,3,8.29165748494269,8.82330514160031,37.27272727272729,-0.3949655596842252,-0.22314148881432444,10.915536145672949,7.040463854327052,0.076190702868425,0.07093768983553084,0.059908408888502455,312733491.0,-1.463714628670835,0,0,-1,0,0,-0.03567035670356715,-1.205451544270653,1.4336266000293245,1.1261009153174941,-0.045454545454545525,-0.17377049180327875,0.34259274411938434,0.0733994708994709,0.0
2025-03-07,7.52,7.56,-0.044335813820051743,-0.04029966491840825,-0.05542931613970302,0.09623169442065929,-0.005305052229693229,8.02,8.8965,9.020999999999999,4,7,3,8.151356124044018,8.739220938916418,29.52243125904488,-0.4356271110786576,-0.26563861326719107,10.937916175109745,6.855083824890255,0.07192359881911042,0.07091960085563015,0.0598014213908639,287996173.0,-1.348573619414964,0,0,-1,0,0,-0.007936507936507886,-1.0629714196774356,0.9132789100835172,1.1258137616637656,-0.15315315315315325,-0.17814207650273228,-0.8039566260218901,0.08510638297872349,0.0
2025-03-10,6.8,7.52,-0.04360363748213202,-0.052255692207072026,-0.06290642543054914,0.12893161975526268,-0.10064352577968741,7.864999999999999,8.785499999999999,8.915333333333335,0,10,3,7.9056550105814685,8.61410991059923,23.529411764705912,-0.5199559378283833,-0.31650207817942955,11.029964301342233,6.541035698657765,0.07308014112781627,0.07362445798708128,0.061846005603761994,259854695.0,-1.7692417730258674,0,0,-1,0,0,-0.04521276595744679,-0.7996546546567118,0.8219558829599308,1.1687520374744411,-0.13705583756345174,-0.24611973392461195,-0.6189385990745309,0.09970588235294117,0.0
2025-03-11,6.81,6.8,-0.06472423940349632,-0.026482383839799502,0.0012128564252092296,-0.1751356061044802,0.001469507979359978,7.769,8.616,8.836999999999998,1,11,3,7.706445008657565,8.497715722818636,25.782414307004487,-0.5793023868450815,-0.36906213991256,10.921868029272428,6.310131970727572,0.07093264629314837,0.06572553098398333,0.0604258965913775,283475053.0,-1.5664383018223718,0,0,-1,0,0,-0.010294117647058735,-1.0501240188249368,0.7902713540309494,1.0433604586277416,-0.14661654135338353,-0.33235294117647063,-0.6113844958280427,0.07048458149779742,0.0
2025-03-12,7.48,6.81,0.07992840236393027,0.060292230256120044,0.05023212548633348,0.16275944942250772,0.09384067182496497,7.696000000000001,8.525500000000001,8.781,2,12,3,7.665273188901644,8.432056643927112,31.874145006839953,-0.5657498624354291,-0.4083996844171338,10.861862219573899,6.189137780426103,0.07636588234390544,0.06835073444274352,0.06347194418361123,311270394.0,-0.8949810874708263,0,0,-1,0,0,0.07048458149779742,-0.6584853333941236,1.1978624026707878,1.0850342715846981,-0.07995079950799511,-0.19483315392895573,0.696846760516979,0.07754010695187154,0.0
2025-03-13,7.25,7.48,0.04950843773193311,0.03012670540350718,0.03401153602103358,0.010699466679409693,-0.03123132311980248,7.6290000000000004,8.42,8.721333333333332,3,13,3,7.5897689727377085,8.355794924964073,35.626911314984724,-0.5670320742234729,-0.4401261623784017,10.788041607031262,6.0519583929687375,0.07618856850129677,0.06841262170473367,0.06363321093478684,283176061.0,-0.988158313203619,0,0,-1,0,0,0.024064171122994613,-0.6007665556018762,1.1117354242200346,1.08601670141199,-0.041005291005290934,-0.2254273504273504,0.5125775495631838,0.07860689655172409,0.0
2025-03-14,7.9,7.25,-0.023779191766114063,0.019169916107720123,0.037571637676955066,-0.18747072360254616,0.08586129060639236,7.530999999999999,8.339,8.675666666666668,4,14,3,7.646174614058125,8.326388800772843,46.48985959438378,-0.5097229002770867,-0.4540455099581387,10.658953720046481,6.019046279953519,0.07078713041128053,0.07179156382982546,0.06575038082584457,306467763.0,-0.3784558253956933,0,0,-1,0,0,0.03172413793103454,-0.8963750551885703,1.3051428057980983,1.1396557447568278,0.05053191489361719,-0.1701680672268907,-0.1995218705869683,0.05632911392405067,0.0
2025-03-17,8.31,7.9,0.07839593908401445,0.06848641414515624,0.06050625760963282,0.21894560368445312,0.05059684939438106,7.574,8.237,8.637666666666666,0,17,3,7.766870138774829,8.325331458787499,54.32692307692308,-0.4263071896321726,-0.4484978458929455,10.355292261531151,6.11870773846885,0.06278669864645124,0.06976432616940609,0.0664005142039396,335460425.0,0.06892344491428613,0,0,-1,0,0,0.024050632911392342,-0.35334219709291004,0.8868137182721021,1.1074743445694633,0.22205882352941186,-0.19710144927536222,-0.4017041166053119,0.06498194945848386,0.0
2025-03-18,8.11,8.31,0.010451985712916842,-0.010695289116748143,0.007547205635382904,-0.5262700634913656,-0.024361740740035432,7.586999999999999,8.109,8.602,1,18,3,7.8292573862703145,8.311439106607661,49.16666666666666,-0.37204921474362607,-0.43320811966308165,9.890955165127869,6.327044834872131,0.06349503724408728,0.06920624586136051,0.06634379182654737,318331429.0,0.0011223626941564357,0,0,-1,0,0,-0.016245487364620913,-1.5484056453109656,0.9747558179024896,1.0986150943293178,0.19089574155653444,-0.23992502343017807,-0.28651658408211284,0.04808877928483339,0.0
2025-03-19,8.36,8.11,-0.0006118079114056661,0.00832842410648191,0.005000010416705619,0.14163859194091907,0.030360558969288725,7.609999999999999,8.024000000000001,8.575,2,19,3,7.9257560433120755,8.314572067471683,53.69127516778523,-0.3053565083238974,-0.4076377973952448,9.55920648362622,6.488793516373781,0.0639310801438585,0.06893653037413566,0.06661430423657044,338066776.0,0.43772613467128274,0,0,-1,0,0,0.007398273736128298,-1.1282326674945435,0.8110863970011549,1.0943334937056806,0.11764705882352922,-0.168986083499006,0.14102890592622258,0.05023923444976076,0.0
2025-03-20,8.28,8.36,0.007317105817067069,0.002366865010266244,0.01975372873623265,-0.2130892745699427,-0.00961545869944198,7.6819999999999995,7.9315,8.546,3,20,3,7.990164035437152,8.312341611505769,44.09448818897637,-0.25600630804264135,-0.37731149952472415,9.115094436229416,6.747905563770583,0.05872147029558431,0.0688600579751497,0.06663270460490282,322118958.0,0.5888841470228909,0,0,-1,0,0,-0.015550239234449642,-1.3878738754696787,0.7318928083508057,1.0931195320064162,0.14206896551724135,-0.18262586377097745,0.25625878246878436,0.03381642512077309,0.0
2025-03-21,8.72,8.28,-0.013455860515392002,0.03826553807895361,-0.01602005918418356,1.1713649823167147,0.05177626952372016,7.802,7.911000000000001,8.531666666666666,4,21,3,8.122861483539488,8.338642152698945,59.292035398230084,-0.17932445530897745,-0.3377140906815748,9.01897871915701,6.803021280842993,0.05985176186751304,0.06664118482971414,0.06736761034936128,373572896.0,1.4603168562939848,0,0,-1,0,0,-0.01932367149758456,2.19856147052072,0.5639523899710515,1.0578960128046833,0.10379746835443049,-0.04490690032858713,-0.4465920351893432,0.08486238532110073,0.0
2025-03-24,8.93,8.72,0.10066972814052189,0.04341249293531346,0.08566471495361946,-0.7802028240695745,0.02379715696751936,8.015,7.9399999999999995,8.528666666666668,0,24,3,8.269613941077763,8.376794271879659,60.25917926565873,-0.10045036037167421,-0.2902613446195947,9.124105258478924,6.755894741521074,0.0450394773327226,0.06370223409292922,0.06744037290749819,397154907.0,1.6721486420417253,0,0,-1,0,0,0.029816513761467864,-0.4984377473378159,0.4967904857749202,1.0112416162146656,0.07460890493381456,0.06946107784431144,-0.17512872355747408,0.04591265397536396,0.0
2025-03-25,8.79,8.93,-0.014582423294270163,-0.02873125804048102,-0.028920465542867292,-0.5031893083607436,-0.01580168319132206,8.213,7.991,8.481666666666666,1,25,3,8.364229588154533,8.403452705951938,57.142857142857125,-0.04867777476128943,-0.24194463064793365,9.230828511061775,6.751171488938224,0.04648643249291741,0.061476777078008256,0.06293390811384322,382897239.0,1.28888792743723,0,0,-1,0,0,-0.008958566629339314,-1.2704382781834052,0.4573549810592704,0.9759135813249955,0.0838471023427867,0.13127413127413123,0.01621386301189985,0.04550625711035272,0.0
2025-03-26,8.13,8.79,-0.01594566815542662,-0.005621150270429959,-0.05426285855936686,0.08006394298467429,-0.07805378813736617,8.278,7.987,8.443,2,26,3,8.321642390308254,8.385810595890524,56.05095541401275,-0.06021004786128614,-0.20559771409060415,9.224367324094343,6.749632675905657,0.04909552704428217,0.06302665282228381,0.06231641923496506,367451104.0,0.23113589184952105,0,0,-1,0,0,-0.009101251422070342,-1.072498058702576,0.7642958410415366,1.0005170960194212,-0.027511961722487932,-0.00974421437271622,-0.5038562096810245,0.09840098400983996,0.0
2025-03-27,7.86,8.13,-0.08128726290574129,-0.06776959036608299,-0.0327485184302629,0.17098503343489935,-0.03377431711860415,8.339,7.983999999999999,8.393,3,27,3,8.237707410252208,8.351887331639523,53.44129554655871,-0.09009761171044417,-0.18249769361457216,9.222341845499594,6.745658154500404,0.04932508940458745,0.06296361743231871,0.06253265714131957,349124682.0,-0.20026780238532985,0,0,-1,0,0,-0.012300123001230186,-0.7307666149638145,0.7918672614690546,0.9995164402255593,-0.05072463768115931,-0.007575757575757569,-0.05536184138755235,0.06091603053435121,0.0
2025-03-28,7.26,7.86,-0.04456498079908946,-0.0659228717602777,-0.0953101798043249,0.26308664234503026,-0.07940677760441048,8.275,7.9030000000000005,8.317666666666666,4,28,3,8.059942426569988,8.28144298766278,54.77178423236514,-0.16035028866678758,-0.17806821262501527,9.105998009360722,6.70000199063928,0.04712216942843936,0.05853513799746785,0.0637649661423336,325283117.0,-1.0689959501124933,0,0,-1,0,0,-0.022900763358778702,-0.1021433655984119,0.672679314004746,0.9292165086008839,-0.1674311926605505,-0.18243243243243257,0.458391173674263,0.09090909090909093,0.0
2025-03-31,7.11,7.26,-0.09413899091386178,-0.07074329802445392,-0.02712514626769117,0.004615830624341995,-0.02087758502155514,8.155,7.8645,8.209666666666667,0,31,3,7.887225621739081,8.205866020716794,53.0241935483871,-0.22553001803524086,-0.1875605737070604,9.11878906262915,6.61021093737085,0.04231829084022761,0.053293465468896725,0.061261507903632634,301331249.0,-1.2030719592156385,0,0,-1,0,0,-0.037190082644628045,-0.013805989249555204,0.46789429526298176,0.8460075368130541,-0.20380739081746913,-0.09771573604060912,-0.40904033308108534,0.045007032348804536,0.0
2025-04-01,6.96,7.11,0.017021687569430743,-0.006939653110540591,-0.026394494122942,-0.15074252247878409,-0.021322769468821307,8.040000000000001,7.8135,8.086,1,1,4,7.718639145059248,8.125487567767324,44.14414414414414,-0.28599242687906834,-0.207246944341462,9.129447127397142,6.497552872602859,0.04225526805078843,0.053279476841699445,0.06077957349013159,280730987.0,-1.2971645778628937,0,0,-1,0,0,0.0,-0.3789808626921617,0.448254927021033,0.8457854742405708,-0.20819112627986336,-0.1278195488721805,-0.474270048487653,0.064655172413793,0.0
2025-04-02,7.2,6.96,-0.051959738930711104,0.0355714657848678,0.002967361227802008,-0.040537022572305244,0.033901551675681416,7.924000000000001,7.767,7.990666666666667,2,2,4,7.624341118684839,8.065778692427497,49.438202247191015,-0.31095878791763454,-0.22798931305669654,9.101451986870519,6.432548013129481,0.042703175611698806,0.05376865474598568,0.060752600088240974,300512875.0,-0.8497870370438676,0,0,-1,0,0,-0.030172413793103443,-0.47802904040171035,0.6280801758848852,0.8535509327302256,-0.11439114391143923,-0.11439114391143923,0.29608727046588856,0.09583333333333338,0.0
2025-04-03,6.94,7.2,-0.008928630744301318,-0.05101036893651918,-0.01944713493552155,0.12287907933608093,-0.03677925150329647,7.790000000000001,7.736,7.884333333333333,3,3,4,7.49991546074214,7.9931478090450785,38.177339901477836,-0.3477163780428043,-0.2519347260539181,9.1186351651826,6.353364834817401,0.04321938946675153,0.052102850714747594,0.060864003689795124,278144551.0,-1.1514244972857681,0,0,-1,0,0,-0.0708333333333333,-0.1501122389505971,0.6312744999940719,0.8271071135324766,-0.11704834605597958,-0.08201058201058187,0.35716865781472407,0.06484149855907784,0.0
2025-04-04,6.2,6.94,-0.01962327118413954,-0.04928533625184495,-0.12707836958651578,0.39070903349225217,-0.11275248246766724,7.538000000000001,7.67,7.786666666666666,4,4,4,7.26356719515266,7.877460853622816,25.96810933940776,-0.43158381898938725,-0.28786454464101197,9.212793092516067,6.127206907483933,0.04407687767777975,0.05703322901746215,0.06127413393330042,245083533.0,-1.9056346662826273,0,0,-1,0,0,-0.05475504322766581,1.1107815531267795,0.8029479176568985,0.9053744426831852,-0.1460055096418732,-0.17553191489361697,-0.5810065516265484,0.1451612903225807,0.0
2025-04-07,6.66,6.2,-0.1708027874217541,0.023495941368930684,-0.061911899402476774,0.03595945400271025,0.07157019250125192,7.311,7.663000000000001,7.730333333333333,0,7,4,7.153827705124904,7.798914992098764,34.40860215053765,-0.4556784371784266,-0.3214273231484949,9.22358153803049,6.1024184619695125,0.05315406910345502,0.055928817334305776,0.06151769148593028,279355041.0,-1.2854182566658117,0,0,-1,0,0,-0.10806451612903224,1.1815960500978393,1.0999297417629863,0.8878424507311891,-0.06329113924050633,-0.020588235294117574,-0.2218231136618666,0.2117117117117116,0.0
2025-04-08,6.4,6.66,0.2625033561987119,0.05505977718302739,0.1266648057911637,-0.2199162835044404,-0.03982149418667161,7.072,7.642500000000001,7.684666666666667,1,8,4,7.016768122374922,7.708662411963361,28.96995708154506,-0.49010381111937296,-0.3551626207426706,9.25999481411339,6.025005185886612,0.05308454063617606,0.05661907667412597,0.060674955528745966,251849209.0,-1.5363264094062181,0,0,-1,0,0,0.07957957957957962,0.35750897687494065,1.1175078865553387,0.8987999780510122,-0.08045977011494243,-0.06020558002936849,0.01860701826580922,0.16562500000000008,0.0
2025-04-09,7.43,6.4,-0.12109170214888339,0.03509131981126998,0.01149318512093386,0.27338915040463657,0.1492278683640416,7.002000000000001,7.639999999999999,7.658666666666666,2,9,4,7.091901191034026,7.690684191836692,42.42424242424243,-0.4293247871572152,-0.36999505402557953,9.258706436113505,6.021293563886493,0.07759688775203143,0.06371475121699939,0.06697040910220749,288003195.0,-0.2594664422342158,0,0,-1,0,0,-0.004687500000000039,1.2718260389682146,1.684379939278639,1.011440319399182,0.03194444444444433,-0.006684491978609763,0.6314041096723931,0.16798115746971737,0.0
2025-04-10,7.02,7.43,0.11130825583981241,-0.03784235318315999,0.06879683305219383,-0.45626779150448343,-0.056762640691948085,6.918000000000001,7.6285,7.628666666666667,3,10,4,7.078828247209657,7.647414243976261,34.767025089605724,-0.4095198562790898,-0.37790001447628163,9.26207244937833,5.99492755062167,0.07874460272301183,0.06459477673357018,0.06741614352701204,265094434.0,-0.7449929756486409,0,0,-1,0,0,-0.041722745625841134,-0.19488771802740265,1.722752717965307,1.025410291384607,0.011527377521613813,-0.03172413793103457,0.7062443697540541,0.07407407407407401,0.0
2025-04-11,7.03,7.02,-0.03574361918962643,-0.025105921131076243,0.0014825799602226743,-0.3884178845064806,0.0014234877848539275,6.8950000000000005,7.584999999999999,7.566999999999999,4,11,4,7.069950384080628,7.607581066945534,32.342007434944236,-0.38853855879589627,-0.3800277233402046,9.234389041592614,5.935610958407384,0.07505951891303152,0.061090863181819034,0.06329789589317115,280629527.0,-0.6729764609859452,0,0,-1,0,0,-0.02136752136752129,-0.9607609046357308,1.4181902085678646,0.9697873881441914,0.1338709677419354,-0.11012658227848104,0.8809689392762763,0.0469416785206259,0.0
2025-04-14,7.25,7.03,0.06481140966430222,0.0522815065100411,0.03493805136128044,0.015245636675754307,0.03081476304400989,6.909000000000001,7.531999999999999,7.546,0,14,4,7.10268667788415,7.584511320690984,35.8974358974359,-0.35012257291822735,-0.3740466932558092,9.151143373255552,5.912856626744445,0.07532721719909691,0.060265257033353135,0.06030961472232712,296403277.0,-0.34833233999901053,0,0,-1,0,0,0.042674253200568966,-0.8505567657059521,1.3626631814964738,0.9566812968458316,0.08858858858858865,-0.12755716004813478,1.431981917297155,0.06482758620689652,0.0
2025-04-15,7.12,7.25,-0.010974047031976675,0.0026773777707163942,0.0014295928095943715,-0.12711652802738466,-0.018093743442698956,6.925,7.4825,7.517333333333332,1,15,4,7.105834554632486,7.55454284838834,39.75659229208924,-0.3264049478241198,-0.3645183441694713,9.087713545393653,5.877286454606347,0.07521458612493212,0.060179244163311635,0.06032829798640305,282512423.0,-0.45165330312622376,0,0,-1,0,0,0.0,-1.02165458866601,1.3124732290982069,0.9553158848637473,0.11250000000000004,-0.12207151664611582,1.4580158421731624,0.0674157303370787,0.0
2025-04-16,7.05,7.12,-0.03509131981127006,-0.05495888428075747,-0.02751802889389241,-0.04473078493023466,-0.00988010859970711,6.910000000000001,7.417,7.481333333333334,2,16,4,7.09568281742658,7.521991696879415,41.43763213530655,-0.30968709400025674,-0.3535520941356284,8.977743412608062,5.856256587391938,0.07457047039873362,0.059596067755960096,0.060213261525864176,269229226.0,-0.4702887060554417,0,0,-1,0,0,-0.016853932584269676,-1.025543931326863,0.4982203755796222,0.9460582463977536,-0.05114401076716013,-0.15669856459330145,-0.27349446805380895,0.0382978723404256,0.0
2025-04-17,7.23,7.05,0.026781022677642007,0.07087433958665688,0.033216050008530076,0.4587905754299518,0.02521141934649607,6.939,7.364500000000001,7.470333333333333,3,17,4,7.120104123349019,7.503153522887196,49.651972157772626,-0.27870088836617235,-0.3385818529817372,8.872771579621585,5.856228420378417,0.0737684958749178,0.06002676336960855,0.05905933916451438,290245360.0,-0.1783498433799915,0,0,-1,0,0,0.019858156028368875,-0.24738132321790848,0.3428234092998747,0.9528953273046346,0.02991452991453003,-0.12681159420289845,0.2200615523030917,0.0774550484094052,0.0
2025-04-21,7.14,7.23,-0.00837993730675081,-0.05269316571713186,-0.014306395651237858,-0.41142620255098583,-0.012526259819180369,7.0329999999999995,7.285499999999999,7.457666666666667,0,21,4,7.1237215554673785,7.479724263346087,50.35294117647058,-0.2584273553096539,-0.32255095344732054,8.653856294014048,5.917143705985951,0.06294131838370408,0.05844924966390171,0.0590966051789349,276317875.0,-0.21266391017675332,0,0,-1,0,0,-0.013831258644536725,-1.084274087004949,0.3679617522231573,0.9278530735740573,0.01564722617354186,-0.1811926605504588,0.570035124252146,0.037801120448179244,0.0
2025-04-22,7.34,7.14,0.01254371847853032,0.035265872973552506,0.022793009528556566,0.03682250696170734,0.027626066274931315,7.100999999999999,7.206,7.475666666666667,1,22,4,7.163044909018764,7.470709794743114,54.41860465116279,-0.22364407607381054,-0.30276957797261855,8.336074985867592,6.075925014132409,0.05980458170515006,0.05857051041173525,0.05644765499394257,290767764.0,0.23715240435505036,0,0,-1,0,0,0.011204481792717097,-0.9234058331136222,0.3526580799715676,0.9297780282694248,0.012413793103448256,-0.17805151175811873,0.5355176659202998,0.05023160762942786,0.0
2025-04-23,8.05,7.34,0.07855001094685973,0.09219294331627198,0.07917559294328945,0.6226180412066676,0.09233324880404782,7.266,7.169,7.5169999999999995,2,23,4,7.324309471015352,7.508083356372591,58.909853249475894,-0.13720539204488702,-0.26965674078707225,8.114012392009784,6.223987607990216,0.0624647136063716,0.06303511416767787,0.05892220243760742,317699484.0,1.8645258145797523,0,0,-1,0,0,0.0640326975476839,0.7497693041594261,0.6995769332344718,1.0006514157134394,0.13061797752809,-0.08418657565415233,1.2675583830775028,0.06273291925465836,0.0
2025-04-24,8.56,8.05,0.04628718676306114,0.04652001563489291,0.05135835407984121,-0.15230452680364817,0.061428098723178656,7.3790000000000004,7.1905,7.553,3,24,4,7.548980476285288,7.575948946284036,66.13545816733067,-0.02723542145761204,-0.22117247692118022,8.241223560219064,6.1397764397809365,0.04362440167549643,0.06224660231421255,0.05738044069891069,340826472.0,2.606775086901973,0,0,-1,0,0,0.01614906832298124,0.15833959000907225,0.6577544905866338,0.9881341780928642,0.21418439716312077,0.052890528905289,0.24265766335601863,0.05724299065420563,0.0
2025-04-25,8.59,8.56,0.0454080395389952,0.03267702602630042,0.041760984927531296,-0.1394961627113328,0.0034985458425131457,7.536,7.227000000000001,7.597666666666667,4,25,4,7.738256753324325,7.641371594910874,77.72621809744778,0.06162692497353106,-0.16461259654223798,8.417118967958316,6.036881032041685,0.036482661314186204,0.06161805363619447,0.056961922559651205,360942242.0,2.2905273114641056,0,0,-1,0,0,0.0,-0.29306308144716486,0.7056237021160983,0.9781562771592588,0.18810511756569848,0.09287531806615767,0.47409516693456094,0.05005820721769496,0.0
2025-04-28,8.53,8.59,0.020809999513793278,0.0028161099996420924,-0.027036792533594672,-0.20965908522625004,-0.007009374492576277,7.686,7.2905,7.618666666666667,0,28,4,7.88221007090172,7.698702459755333,73.91304347826085,0.12575979553954308,-0.10653811812588178,8.615871447437906,5.965128552562094,0.03707520469652822,0.058606048851388086,0.05483122866693011,344631156.0,1.870419047273267,0,0,-1,0,0,0.017462165308498295,-0.7809823320499992,0.6827704866964891,0.9303421835092529,0.19467787114845936,0.17493112947658407,0.5745257911160557,0.07971864009378661,0.0
2025-04-29,8.99,8.53,-0.018476276167573233,0.012297527810406026,0.03588901912094572,0.2750818601544171,0.05252348697994128,7.860000000000001,7.3845,7.641333333333334,1,29,4,8.08362642164686,7.782011978480796,81.50851581508513,0.21126834318482857,-0.04297682586373971,8.907854677573042,5.8611453224269585,0.03849651974722804,0.058946069233782906,0.05489357002335375,366106959.0,2.107847927519847,0,0,-1,0,0,0.005861664712778513,-0.021412984211487636,0.686240045136996,0.9357398397443115,0.22479564032697552,0.26441631504922647,-0.008232541306078494,0.054505005561735285,0.0
2025-04-30,8.33,8.99,0.004651171175730659,-0.03908738870804692,-0.04445176257083369,0.28898476040761156,-0.07624939230477758,7.981,7.453,7.648666666666666,2,30,4,8.128421617711068,7.817366044385261,62.03208556149732,0.22320503044897055,0.010259545398802347,9.018605314247324,5.8873946857526755,0.04782187522407814,0.06165643182132097,0.05648165281594972,337435229.0,1.1203334480524851,0,0,-1,0,0,-0.041156840934371636,0.9340773930553279,0.8711655589842572,0.978765511960947,0.034782608695652195,0.19683908045977017,-0.704423878444064,0.061824729891956635,0.0
2025-05-01,8.48,8.33,-0.017554576011638498,-0.011036998474521711,0.002453988961566566,-0.16459401856158704,0.01784699362506035,8.124,7.517,7.652666666666667,3,1,5,8.19234495994542,7.860116622166857,70.97701149425286,0.24197930075051843,0.05660349646914557,9.14256030825957,5.89143969174043,0.04689822715631027,0.061432890562703915,0.056307468024995436,361755680.0,1.184822236501395,0,0,-1,0,0,0.0168067226890757,0.290522856886992,0.739414428620847,0.9752169044925685,-0.009345794392523366,0.1777777777777778,-0.8554770599208158,0.047169811320754755,0.0
2025-05-02,9.29,8.48,0.014068227332200962,0.11570403282855027,0.051354567020148394,0.492059743901899,0.09122810302193539,8.33,7.6345,7.686333333333334,4,2,5,8.391918603591707,7.952367162672222,76.40186915887847,0.31854627263064295,0.10899205170144505,9.4166391640384,5.8523608359615995,0.0527368749930425,0.06326033413945073,0.058778751393820446,401536200.0,1.8578796015554337,0,0,-1,0,0,0.01297169811320748,2.0514424415117807,1.0127120850285103,1.0042266719270152,0.08149010477299168,0.3386167146974062,-0.3828248285946604,0.10979547900968781,0.0
2025-05-05,8.69,9.29,0.05877397527570293,-0.04468828661460547,0.0060700150975849815,-0.7263080444012211,-0.06676561354844639,8.485,7.758999999999999,7.685333333333333,0,5,5,8.446115221120486,7.999956377983692,65.45064377682402,0.3270412360964876,0.15260188858045357,9.465481760816536,6.0525182391834615,0.059208640005471554,0.05954094179037597,0.05941375635521263,382294702.0,1.0911338420101546,0,0,-1,0,0,-0.019375672766415473,-0.40880678287386485,1.1704104412001861,0.9451831488234462,0.01875732708089095,0.40161290322580623,-0.016840186872794035,0.06302646720368228,0.0
2025-05-06,8.53,8.69,-0.08352479677787518,-0.06984820375790714,-0.048882736404770456,-0.21102882274247858,-0.018583577773712938,8.604,7.852499999999999,7.672,1,6,5,8.46136699909858,8.034152740694422,65.03198294243069,0.31720633583643476,0.18552277803164982,9.509648787907313,6.195351212092685,0.060440397015037436,0.05858742433094369,0.059364797322046824,366713885.0,0.817669487427937,0,0,-1,0,0,-0.0356731875719216,-0.7967971523031957,1.093507921625075,0.9300465284129505,-0.05116796440489446,0.2807807807807807,0.8892086089089862,0.039859320046893305,0.0
2025-05-07,8.56,8.53,0.013041085829264162,0.010446989964655375,0.015074147358378647,-0.2101654033475903,0.003510828650063021,8.655,7.960499999999999,7.664333333333333,2,7,5,8.479300271989747,8.06807837032704,66.23655913978494,0.30827920502486705,0.21007406343029328,9.496159981554154,6.4248400184458445,0.05353034420775439,0.057317988251551516,0.05929180313278865,379341361.0,0.7807717947996298,0,0,-1,0,0,-0.004689331770222644,-1.0780930209778397,0.9303518169056234,0.9098948553847633,0.027611044417767072,0.3374999999999999,0.6613451617426762,0.03563084112149529,0.0
2025-05-08,8.76,8.56,0.04940694626866198,0.04072961150018836,0.032384343047979554,0.30406477205292465,0.023095714794649176,8.675,8.027000000000001,7.685333333333333,3,8,5,8.530336586173428,8.112718475467231,66.38115631691647,0.3137262768388833,0.2308045061120113,9.581011447495454,6.472988552504548,0.05028477481191854,0.04620524748607074,0.05764963858836562,396456097.0,0.943364994101362,0,0,-1,0,0,0.04205607476635507,-0.4049217401355244,0.9351790851702693,0.7334855646860132,0.03301886792452824,0.17900403768506057,0.5665907712052699,0.044520547945205345,0.0
2025-05-09,8.81,8.76,-0.01810004164361799,-0.012472133202664099,-0.0069651039422907735,-0.16335293098055254,0.005691534999788055,8.697,8.1165,7.717,4,9,5,8.581184479596441,8.157704380275797,68.03455723542118,0.3184073014585387,0.2483250651813168,9.632023532957152,6.600976467042848,0.050289894940682554,0.043671553979496944,0.057218204259662196,410991495.0,0.9151952904971584,0,0,-1,0,0,0.0,-0.7239457269030332,0.5379177738026788,0.6932644271848925,-0.05166846071044118,0.25498575498575504,-1.2703468055054634,0.03837684449489225,0.0
2025-05-12,9.08,8.81,0.053345980705292714,0.04626281398738437,0.031086657881860182,0.7941038787071392,0.03018675266511365,8.752,8.219,7.777666666666667,0,12,5,8.671878210578907,8.21720732348381,68.51063829787233,0.33998465919235876,0.2666569839835252,9.702067943930878,6.735932056069121,0.0508097645978453,0.04377676079068849,0.05525088388421785,443150445.0,1.16110661487014,0,0,-1,0,0,0.04880817253121449,1.6566635313564708,0.3040333651925334,0.6949345335367503,0.04487917146145004,0.2916073968705548,-0.44696102110063674,0.05388766519823789,0.0
2025-05-13,11.16,9.08,0.022472855852058576,0.21084964040849263,0.06453003761045989,1.0491240642848538,0.20626176433996296,8.969,8.4145,7.9126666666666665,1,13,5,9.12426399047365,8.407064915517113,75.61779242174629,0.5189414533234995,0.3171138778515201,10.328091002883165,6.500908997116836,0.08636632489775302,0.06509215525784559,0.06798517572079309,534969042.0,2.8694741936635535,0,0,-1,0,0,0.04074889867841401,3.8787622465808522,1.5250319856616807,1.0333059306807892,0.30832356389214555,0.5393103448275862,2.1565392009797533,0.18727598566308243,0.0
2025-05-14,11.84,11.16,0.15867557442554786,0.0316130554349453,0.15126817764177292,-0.6598189537801875,0.059147672502694766,9.319999999999999,8.6505,8.075333333333335,2,14,5,9.618034174023895,8.628544598386977,76.28205128205127,0.7074809193427889,0.3951872861497739,11.005253087961197,6.2957469120388,0.0795462385827429,0.0648279090256506,0.06803916436033625,582434199.0,2.7089889095434168,0,0,-1,0,0,-0.007616487455197209,1.2053901687325597,1.447195794501599,1.0291111517891465,0.3831775700934579,0.6629213483146068,1.9808263388221046,0.0777027027027027,0.0
2025-05-15,12.19,11.84,0.04112894514875425,0.02982822628804545,0.04631281757352543,-0.10862357537164921,0.02913231403732047,9.691,8.9075,8.241666666666667,3,15,5,10.08566432420137,8.858315914620077,77.4390243902439,0.8750547924992933,0.49116078741967784,11.621346561228991,6.19365343877101,0.07930103055926974,0.06422618086012122,0.06800893108919843,625013674.0,2.4190756005847933,0,0,-1,0,0,-0.025337837837837898,0.8477306885872674,1.4352503123768399,1.0195590132920234,0.39155251141552516,0.7290780141843971,1.9820069039983084,0.06234618539786709,0.0
2025-05-16,13.3,12.19,0.10673824898954005,0.12780071791553765,0.09459784450173547,0.5304466848047384,0.087148091734528,10.092,9.211,8.453666666666667,4,16,5,10.670088992528392,9.144876178192975,81.34034165571617,1.0849197382202096,0.6099125775797842,12.443121024310384,5.978878975689616,0.07896294518390837,0.06566418326705392,0.06836467942883327,697385640.0,2.5302270362060115,0,0,-1,0,0,0.053314191960623515,2.0578438550634734,1.312610198530529,1.0423865938127608,0.5096481271282634,0.8395573997233747,1.7532109957105115,0.09699248120300745,0.0
2025-05-19,11.39,13.3,-0.02363397486471891,-0.08544520595688493,-0.12239579586276726,-0.22894367005265057,-0.15502825776861728,10.362,9.4235,8.626666666666667,0,19,5,10.800981902977774,9.289722876374073,63.24503311258278,1.0846154109278192,0.7048531442493913,12.641124327945892,6.20587567205411,0.09316747004916122,0.07614063915668783,0.07108182539457839,639822908.0,1.2223303901082823,0,0,-1,0,0,-0.05714285714285726,1.2065088031541635,2.1256049269104667,1.2086951752446164,0.25440528634361237,0.5952380952380953,-0.3792640976634995,0.14091308165057054,0.0
2025-05-20,11.29,11.39,-0.11300975690372582,-0.10379679368164355,-0.023999340654653173,-0.47262867064282477,-0.008818399297520273,10.638,9.621,8.781,1,20,5,10.889894284254542,9.418773013382198,67.41176470588235,1.0640394803035491,0.7766904114602229,12.78460819984161,6.457391800158391,0.09264607012319297,0.07654038562486289,0.07062709228280023,603940517.0,1.055124335613721,0,0,-1,0,0,-0.016681299385425924,0.13889226398398413,1.450774720513755,1.215040953698222,0.011648745519713177,0.5381471389645776,-1.3869965594489069,0.05403011514614699,0.0
2025-05-21,10.82,11.29,-0.030827463795259483,-0.016189371308252765,-0.021306966312930692,-0.15711433200319783,-0.04252110474323507,10.864,9.7595,8.928333333333333,2,21,5,10.877186232571896,9.509174754454314,63.26530612244898,0.9983000534007331,0.821012339848325,12.875701973050194,6.643298026949804,0.09525940620872561,0.07591433792412347,0.07070339215012612,573275198.0,0.6806362419198164,0,0,-1,0,0,-0.03808680248007084,-0.12026033048841275,1.3866730752446321,1.2051027545481003,-0.08614864864864857,0.3440993788819875,-0.5586887824122341,0.06053604436229215,0.0
2025-05-22,10.6,10.82,-0.028960454583713744,-0.04373020397302381,-0.042071213920687044,0.02483341559910655,-0.020542272300314038,11.047999999999998,9.8615,9.034,3,22,5,10.826788735740642,9.579550576747584,57.95868772782503,0.9178683080677494,0.84038353349221,12.945770962224444,6.777229037775555,0.09647147327475021,0.07556163141038663,0.06581836676085817,541838820.0,0.4788814011771377,0,0,-1,0,0,-0.024953789279112713,-0.1038292974905402,1.3304899017950498,1.1995037122212588,-0.13043478260869568,0.23831775700934577,-0.09509166732121685,0.0575471698113207,0.0
2025-05-23,10.59,10.6,-0.00952388151125559,-0.005545300716425264,0.013579258126380854,-0.44962089958042384,-0.000943841504706313,11.226,9.9615,9.152999999999999,4,23,5,10.783736238333253,9.64474086211871,62.43455497382199,0.8435942248801673,0.8410256717698015,13.001564230623368,6.921435769376631,0.09662875415112752,0.07559868281417037,0.06458780223108929,521786500.0,0.4134781059353645,0,0,-1,0,0,-0.014150943396226448,-0.6535188006308932,0.9248734358285522,1.2000918850220843,-0.2037593984962407,0.23282887077997683,-1.8748668227419347,0.03871576959395641,0.0
2025-05-27,10.92,10.59,0.05129329438755069,0.057184157510225264,0.027555187575919342,0.5315309808715605,0.030685810703443887,11.41,10.081,9.282666666666668,1,27,5,10.808511467727207,9.727015645207826,65.30089628681178,0.8021134562872714,0.8332432286732956,13.071630280339596,7.090369719660403,0.09663365278915406,0.0755456414555825,0.06458867917910445,555906231.0,0.5610857386923328,0,0,-1,0,0,0.038715769593956575,-0.01740518289486101,0.4249972406062363,1.1992498795579374,-0.041264266900790214,0.280187573270809,0.4647035788005688,0.06913919413919421,0.0
2025-05-28,10.95,10.92,0.032203140494634734,0.01347553536458063,0.004675090328993975,0.0727335454531978,0.002743485945750834,11.389,10.179,9.406,2,28,5,10.834236655413168,9.805917861646032,65.30089628681176,0.7628665469191933,0.8191678923224752,13.147472228002304,7.210527771997697,0.06386157212395704,0.07502403109802629,0.06457704521078299,592600089.0,0.5194591296674249,0,0,-1,0,0,0.04029304029304025,0.07273219151039931,0.4316701841742294,1.190969571833722,-0.030115146147032812,0.21802002224694084,0.04480747963256781,0.07853881278538809,0.0
2025-05-29,10.6,10.95,-0.014184634991956413,-0.03069070339449733,-0.021688733234450173,-0.41710922163184433,-0.03248545514448831,11.265,10.2925,9.522,3,29,5,10.791648172610774,9.857148967346289,61.55778894472361,0.6955036800704821,0.7944350498720767,13.134181303661421,7.45081869633858,0.060693935259818525,0.07307347335336206,0.06487976680416646,568420710.0,0.21642117263733598,0,0,-1,0,0,0.022831050228310504,-0.5368229281694274,0.38393845360854445,1.1600054275722067,-0.020332717190388205,0.2725090036014406,0.4901994338672668,0.06981132075471701,0.0
2025-05-30,10.09,10.6,-0.07122750928836775,-0.06721351158687418,-0.06092256896281569,-0.01074484959233567,-0.049309166752503804,11.055,10.373000000000001,9.623333333333333,4,30,5,10.664075777590632,9.87217161461427,57.600950118764835,0.5941167766412008,0.7543713952259016,13.08683279165327,7.659167208346732,0.060139608105528194,0.07439274189230366,0.0657618509796184,544499744.0,-0.2085611175975197,0,0,-1,0,0,-0.016037735849056597,-0.5483338443253089,0.4939066291245862,1.1809481663715127,-0.048113207547169745,0.18985849056603765,-0.0016369214577040738,0.06243805748265617,0.0
2025-06-02,9.73,10.09,-0.0411016756855518,-0.04779066383634844,-0.019437952156904467,-0.24607404745299824,-0.03633093816760386,10.697999999999999,10.395,9.706666666666667,0,2,6,10.494243818028698,9.862999252381092,53.81903642773208,0.47919408276764663,0.6993359327342507,13.078834648604973,7.711165351395026,0.04667475220932866,0.07232627807623437,0.06633997486918991,525796794.0,-0.49555959071149086,0,0,-1,0,0,-0.007928642220019828,-0.7441240538579516,0.5173440409691377,1.1481440702677155,-0.08120868744098197,0.04736275565123793,0.8593586666528069,0.03391572456320659,0.0
2025-06-03,9.72,9.73,0.018803126963096092,0.04205998912736343,-0.0020682530640589573,0.3830573103672754,-0.0010282777255659324,10.531,10.4465,9.792666666666666,1,3,6,10.353472214750752,9.853773494162958,38.81987577639752,0.3828963131200762,0.6360480088114158,13.030240862026456,7.862759137973543,0.024550886800385845,0.07049554491112625,0.06622753189636045,498364016.0,-0.5623628984450071,0,0,-1,0,0,0.04830421377183955,-0.341488480632037,0.356495488079889,1.11908208223695,-0.10989010989010983,0.11852704257767566,0.2911113142343997,0.08024691358024684,0.0
2025-06-04,9.64,9.72,-0.04409531986522423,-0.05817312727049518,-0.03261730492383108,-0.027701273868223453,-0.008264509849893424,10.366000000000001,10.502,9.869333333333335,2,4,6,10.22374999388698,9.839981655829863,31.164383561643845,0.29670408546890137,0.5681792241429129,12.956877850964862,8.04712214903514,0.024568088763951723,0.07033238227778839,0.0662630715756845,471680732.0,-0.7022752677174555,0,0,-1,0,0,0.0041152263374484715,-0.4139837758485622,0.3127555498806042,1.1164919557305277,-0.11963470319634695,0.13012895662368118,0.2507284883838066,0.051867219917012444,0.0
2025-06-05,9.36,9.64,-0.01133448507410653,-0.008154989129306144,-0.011293478461507462,0.11671261296873395,-0.02947581813295369,10.22,10.542,9.913,3,5,6,10.066704540452982,9.809015097389228,25.476603119584055,0.2034571369049445,0.4952348066953192,12.887267126520307,8.196732873479693,0.023368339383243876,0.07082588061998017,0.06462158586969494,441694153.0,-1.0079875223030514,0,0,-1,0,0,0.0010373443983402268,-0.301251332172503,0.30933160872186755,1.1243259990457004,-0.11698113207547167,0.09345794392523343,0.12462269970388214,0.05608974358974363,0.0
2025-06-06,10.19,9.36,0.0010357328735321183,0.04405116612188294,0.029385510672795795,0.3179490113644571,0.08496155674513269,10.179,10.613499999999998,9.967333333333332,4,6,6,10.089121896734257,9.833594768525408,21.675774134790515,0.19429263718213008,0.43504637279268144,12.812660366091897,8.4143396339081,0.03980458290311992,0.0731015446718956,0.06554212928440611,482904894.0,-0.38514699203368735,0,0,-1,0,0,0.03205128205128213,0.22650510180387634,0.7939455791721455,1.160451045939087,0.009910802775024763,0.16324200913242004,1.7933970547971632,0.06764474975466155,0.0
2025-06-09,11.26,10.19,0.16824782958229262,0.13364524510488507,0.07283324409947774,0.6583273021934689,0.09984977547691097,10.245999999999999,10.736,10.056333333333333,0,9,6,10.302008824600755,9.925620912491512,48.6021505376344,0.27025443783027114,0.40208798580019944,12.77961289979549,8.692387100204511,0.052545455860325406,0.07610425761785063,0.06788932862736052,562505860.0,0.5128172757692392,0,0,-1,0,0,0.12168792934249267,1.949229616752592,0.9712491918343373,1.208117636220154,0.1572456320657758,0.27809307604994316,0.5167701054093014,0.12698934280639432,0.0
2025-06-10,11.38,11.26,-0.014097149755034392,-0.011193616201505911,0.07250233112322686,-0.8909570181164267,0.010600805986640548,10.292,10.851,10.151333333333334,1,10,6,10.498007220127889,10.019451821363027,50.96359743040687,0.33626149602661926,0.38892268784548345,12.756426047122442,8.94557395287756,0.05190938024560706,0.07601882402442521,0.06780268477624732,595163186.0,0.5552563961208478,0,0,-1,0,0,0.0008880994671403008,-0.37611810778631344,0.9502321606890061,1.2067614199692684,0.17078189300411517,0.25330396475770933,0.4042295689306459,0.0465729349736379,0.0
2025-06-11,12.17,11.38,0.041708912538483175,0.08150810459199892,0.040058760552004954,0.4900865714237605,0.06711647830125084,10.414,10.9015,10.257333333333332,2,11,6,10.802005907377364,10.158196865146058,63.527054108216426,0.44716433084111884,0.4005710164446106,12.893000624363983,8.909999375636017,0.05568887261597521,0.05863821399250458,0.06819254847856913,648474884.0,1.273913735683728,0,0,-1,0,0,0.032513181019332094,0.9073980910949868,0.894093046250128,0.9308527892949301,0.26244813278008294,0.09050179211469533,-0.6598138003030433,0.08709942481511904,0.0
2025-06-12,11.73,12.17,0.01604086737428793,-0.008824766455436546,0.02158046632303237,-0.6770779880572676,-0.03682424433405164,10.527,10.896,10.370666666666667,3,12,6,10.970732106036024,10.259603519007605,60.84452975047986,0.4938584113272242,0.41922849542113333,12.877168182770228,8.914831817229773,0.056070701603448965,0.05786428388570742,0.06690453436308898,621387237.0,0.84192751251823,0,0,-1,0,0,-0.01889893179950702,-0.6174689473748058,0.9337045758108504,0.9185670297265445,0.2532051282051284,-0.00929054054054046,-0.7490100969989154,0.059676044330775724,0.0
2025-06-13,9.99,11.73,-0.16934084532123347,-0.18733004937055775,-0.18112671155493473,1.410554042081857,-0.16056507000492196,10.517,10.786,10.421,4,13,6,10.792417177665838,10.242209743587761,45.67723342939482,0.38601065773283594,0.4125849278834739,12.708075632445851,8.863924367554148,0.07400848545302877,0.06632068597359464,0.07312629464337753,510375955.0,-0.8282712569297653,0,0,-1,0,0,-0.14066496163682868,3.007722774197307,1.572895925016143,1.0528082511920462,-0.01962708537782132,-0.1804757998359311,-0.7845691245231722,0.05205205205205201,0.0
2025-06-16,10.38,9.99,0.025466606437060425,0.02400499326725796,0.0351971978046281,-0.7439762572186187,0.03829628507728054,10.581999999999999,10.639999999999999,10.457333333333334,0,16,6,10.717432236272048,10.251099437549842,46.14285714285715,0.3282266837459762,0.3957132790559744,12.159459737780775,9.120540262219222,0.0736053393365624,0.06318745979640666,0.07150464116511289,563130798.0,-0.3422269028065684,0,0,-1,0,0,0.035035035035035,0.581736130864148,1.3496401903359219,1.0030698275951042,-0.07815275310834802,-0.21954887218045116,-1.2005672377123082,0.04046242774566473,0.0
2025-06-17,9.92,10.38,-0.00971824946892134,0.006619409512675455,-0.0240011520995429,-0.13846715016987116,-0.04532795644096123,10.602,10.566500000000001,10.498333333333335,1,17,6,10.572444556949858,10.22973818351437,43.068640646029614,0.24251870773067452,0.3650743647909145,12.075382821302247,9.057617178697756,0.07550891775982517,0.05561361615314949,0.07090672506355955,517197586.0,-0.8569253899279435,0,0,-1,0,0,-0.013487475915221633,0.3073098608358096,1.3451598360562729,0.882838787101429,-0.1282952548330405,-0.12906057945566296,-0.5893367245949646,0.07358870967741922,0.0
2025-06-18,10.2,9.92,-0.014756785245844138,-0.0315966925988727,0.003031836582120176,-0.22059425506321162,0.02783479899344384,10.658,10.511999999999999,10.554,2,18,6,10.504727364777157,10.227819591029572,47.28260869565217,0.1949410204511004,0.3310476959229517,11.98926062269607,9.034739377303927,0.0756966381640222,0.05610837802215334,0.07084613885242201,554037953.0,-0.4224034611178959,0,0,-1,0,0,0.01713709677419354,-0.1078287642838493,1.1873186406272291,0.8906928882829193,-0.161873459326212,-0.09654561558901686,-0.9747585175409166,0.036274509803921495,0.0
2025-06-20,10.04,10.2,0.03026097178180948,0.028292464905322518,0.006036235631850463,0.15180793857068953,-0.015810606026642315,10.725999999999999,10.472999999999999,10.603333333333333,4,20,6,10.42023148027222,10.215702198059924,49.64336661911555,0.14267997177962677,0.2933741510942867,11.957191787862286,8.988808212137712,0.07507934774647176,0.055477833679731345,0.07097798260497648,511158099.0,-0.5834825438882921,0,0,-1,0,0,0.01960784313725501,0.13928755081016128,1.1920243788865832,0.8806833071590351,-0.14407502131287309,-0.07208872458410365,-1.2316022926409382,0.060258964143426165,0.0
2025-06-23,10.0,10.04,-0.047252884850545615,-0.047939462289119064,-0.04934197135191047,-0.11556473765645814,-0.003992021269537338,10.706999999999999,10.443000000000001,10.644666666666668,0,23,6,10.34382575658636,10.20178592721735,52.01793721973093,0.09691783995121206,0.2540828888656718,11.940578396155452,8.94542160384455,0.06977345995967359,0.05531750638967355,0.07094566547790726,472958028.0,-0.5916217823885027,0,0,-1,0,0,-0.011952191235059684,-0.08983947360618164,0.5350693640060916,0.8781381903318161,0.0010010010010010895,-0.05660377358490565,-0.19489167744044114,0.05899999999999998,0.0
2025-06-24,10.73,10.0,0.02488928876368711,0.07453305186256677,0.04934197135191051,0.16625988240217296,0.07045846364856137,10.654,10.45,10.708666666666666,1,24,6,10.41403925538884,10.235864254493649,56.81511470985155,0.11819345928847902,0.22690500295023325,11.951774389110902,8.948225610889097,0.06501309463475693,0.05776829535967459,0.07196629632024325,518067726.0,0.3728922293924185,0,0,-1,0,0,0.016999999999999994,0.17302958387426212,0.7132133717461294,0.9170432591149534,0.033718689788053924,0.013220018885741425,0.6343809797551323,0.08294501397949662,0.0
2025-06-25,9.93,10.73,0.06287785095243069,0.017344113457972564,-0.004020105916665776,-0.17124771056193494,-0.07748307858552589,10.509,10.400500000000001,10.737,2,25,6,10.326032118045413,10.216131076784382,51.783517835178344,0.06969779399102727,0.19546356115839209,11.902309084509659,8.898690915490343,0.06854022652322375,0.05978697545660489,0.07342582608952045,480057716.0,-0.6265776453917512,0,0,-1,0,0,0.009319664492078251,-0.16906547969228586,0.8671836479252568,0.9490888121933934,0.0010080645161290036,-0.09065934065934067,-0.14569462289649426,0.11278952668680775,0.0
2025-06-26,10.59,9.93,-0.07469767650158558,-0.04252026835044681,0.008034105230138264,-0.12078438392425411,0.06434968155623397,10.350999999999999,10.382499999999999,10.717999999999998,3,26,6,10.374026278400793,10.240251652475713,57.2267920094007,0.08355791042190219,0.17308243101109413,11.86508486932006,8.899915130679936,0.06815871555468875,0.061774902604155725,0.0613670396357316,513743138.0,0.2799165218719173,0,0,-1,0,0,0.012134944612285986,-0.36426927240367973,0.9772196559401534,0.9806461773349945,0.038235294117647145,-0.0328767123287671,-0.26946908312689105,0.05475920679886689,0.0
2025-06-27,10.47,10.59,0.042800037896892004,0.011930437043499536,0.021729996676315796,0.5931506002604211,-0.011396134730869582,10.225,10.376000000000001,10.672333333333334,4,27,6,10.391476045964286,10.25507412650954,51.7948717948718,0.08389209952960108,0.15524436471479552,11.855706941113304,8.896293058886698,0.0676161907397189,0.06138107388135732,0.06030676471821557,452783269.0,0.12705218498100118,0,0,-1,0,0,-0.009442870632672299,0.8268185859285905,0.9707432328418542,0.9743943401769218,0.04282868525896433,-0.012264150943396168,-0.3339694306355983,0.046523400191021955,0.0
2025-06-30,10.85,10.47,0.00712422865981418,0.03148535780517883,0.03222207110448488,-0.2873543422109679,0.035651055104023076,10.311,10.414,10.627666666666668,0,30,6,10.474844037607141,10.293456440928278,47.116736990154706,0.11351128359370044,0.14689774849057652,11.90179455287983,8.92620544712017,0.0476445137504504,0.060710036110034456,0.06044177190444008,498518157.0,0.586102428129021,0,0,-1,0,0,0.009073543457497503,0.06445743811446984,0.9764998371735075,0.9637419457974138,0.08499999999999996,0.07532210109018833,-0.9499051740043335,0.045612903225806564,0.0
2025-07-01,9.88,10.85,0.002363508545295156,-0.04058693864820059,-0.07109094000385795,0.20206053534008647,-0.09365256822669198,10.261,10.4215,10.513666666666667,1,1,7,10.366690576224025,10.26678183183613,40.57788944723618,0.05804470377390736,0.1291271395472427,11.896231376074605,8.946768623925395,0.05541921910662911,0.06373721429235697,0.05983104448791168,442542217.0,-0.7343710302568426,0,0,-1,0,0,-0.023963133640552976,0.4835799332662472,1.0755635047305443,1.0117969096656494,-0.07921714818266534,0.01541623843782114,0.033958143110714184,0.07894736842105256,0.0
2025-07-02,9.98,9.88,-0.04638512658093507,-0.04921398278141267,-0.0030534374868902317,-0.33986138410002464,0.01007057856359609,10.267,10.4345,10.466666666666667,2,2,7,10.296383198728748,10.248279778169284,34.938101788170556,0.021903711564394968,0.10768245395067316,11.887619692972748,8.981380307027251,0.053611803965342784,0.06375132306327076,0.05413539721404404,482389753.0,-0.6255506717002742,0,0,-1,0,0,0.02327935222672051,-0.3570204550496064,0.9367557191672142,1.0120208794605055,0.0050352467270897705,0.026748971193415683,-0.9634343313315703,0.030060120240480853,0.0
2025-07-03,10.17,9.98,-0.0039643263019089985,0.006899978089996616,0.01617831039647527,-0.7266334628887448,0.01885911973709594,10.264,10.461,10.429333333333334,3,3,7,10.27340443532352,10.243229469900298,38.888888888888886,0.00849519958754641,0.08784500307804781,11.871828797103603,9.050171202896397,0.05318784674255999,0.06378348841031638,0.05427028956901494,501657395.0,-0.4125234764096343,0,0,-1,0,0,0.009018036072144273,-1.3519270704839532,0.7798798917752019,1.0125314885152061,-0.03966005665722383,0.05497925311203322,-1.595864210084217,0.02064896755162233,0.0
2025-07-07,10.02,10.17,0.002974717116742875,0.003921573653181865,-0.02126769195542146,0.4766021979031984,-0.014859114403749828,10.262,10.494,10.402666666666667,0,7,7,10.227330901628335,10.228827568616408,50.27624309392265,-0.014072668195881377,0.06746146882326197,11.825013068859072,9.162986931140928,0.053156008104385984,0.06346522794307972,0.05381391602704951,470625073.0,-0.7122394378986933,0,0,-1,0,0,-0.006882989183874168,-0.7722248851143262,0.7814363100647725,1.0074792602244977,-0.04297994269340988,0.07051282051282048,-1.5182282693613944,0.04588822355289435,0.0
2025-07-08,10.37,10.02,-0.005460425580316035,0.0270286723879192,0.02876210624857213,0.15415582652155713,0.03433392658471715,10.299000000000001,10.503,10.395,1,8,7,10.253270737695908,10.237935467415351,49.907235621521316,-0.0036734458815210758,0.05323448588230536,11.82777763774667,9.17822236225333,0.05415826567189498,0.06083567709707028,0.05407923896045463,506829635.0,-0.20078841340682976,0,0,-1,0,0,0.0024950099800399557,-0.49996154459662856,0.7766392489329101,0.9657364346344547,-0.044239631336405516,0.017664376840039298,-1.546020678475455,0.04387656702025074,0.0
2025-07-09,10.45,10.37,0.04143902661554787,0.014184634991956381,0.02020270731751947,-0.25199944237692723,0.007684956169384149,10.270999999999999,10.4625,10.390333333333334,2,9,7,10.28903969447847,10.251617050162748,55.28942115768463,0.010897721981656616,0.04476713310217561,11.738461969405193,9.186538030594807,0.048708578855602404,0.05591396975589998,0.05409321876035663,534969456.0,-0.019593060451210963,0,0,-1,0,0,0.009643201542912384,-0.8215511262782593,0.28739087106827,0.8876067527309895,0.05769230769230749,-0.0719360568383659,-0.3161624706280205,0.03827751196172252,0.0
2025-07-10,10.78,10.45,-0.007670219771309521,0.017683103856065936,0.007290433262679274,-0.012872413047830955,0.03109058707003118,10.356,10.4325,10.385666666666667,3,10,7,10.378305204573294,10.285706272732893,55.731225296442695,0.048514474900310134,0.04551660146180252,11.644229950807588,9.22077004919241,0.042154707760122374,0.05636071772754148,0.05410129936637403,562749371.0,0.5735601398123399,0,0,-1,0,0,-0.005741626794258251,-0.8198773208218143,0.319863138715852,0.8946986569211052,0.08016032064128242,-0.05272407732864692,-0.896437305946128,0.047773654916512115,0.0
2025-07-11,10.51,10.78,0.03777597415890713,0.04155972970679472,0.007718320998501331,0.2859582640630219,-0.025365380591991272,10.348,10.3495,10.371,4,11,7,10.402249712832694,10.300176835782384,54.54545454545455,0.05589495681777201,0.047592272532996416,11.246711469527986,9.452288530472016,0.038041986177031924,0.05404760152868451,0.054308124772067444,525773279.0,0.35777518556341364,0,0,-1,0,0,0.0009276437847866222,-0.2987134442759359,0.42630247925241077,0.8579790756264817,0.0334316617502457,-0.1364009860312243,-0.11986991579221401,0.08515699333967663,0.0
2025-07-14,10.8,10.51,-0.033933510257362166,-0.03603993648319693,-0.02678514158500556,-0.21216145409242307,0.027218949241314315,10.381,10.302999999999999,10.377666666666666,0,14,7,10.474567946863111,10.33242349153836,57.38007380073802,0.08417430923950953,0.05490867987429904,10.964357455700359,9.64164254429964,0.03874819915232574,0.05404656345255116,0.054184606080827924,555680803.0,1.5029693722094428,0,0,-1,0,0,-0.007611798287345393,-0.6808088275059221,0.39581466930071363,0.857962596678737,0.07784431137724557,-0.07928388746803061,-1.4186909831037697,0.07129629629629625,0.0
2025-07-15,11.26,10.8,0.04223997241511569,0.06825865706336648,0.05754223838201505,0.7596916926751834,0.04171048858137024,10.422,10.3665,10.416666666666666,1,15,7,10.61737377470618,10.392267137245565,55.14563106796116,0.14206640234213097,0.07234022436786543,11.136305853856358,9.596694146143642,0.03938096082165855,0.042616217997846796,0.05381727130188669,619611637.0,2.3213645246369405,0,0,-1,0,0,0.007407407407407414,2.0418065296400956,0.4225263866497294,0.6765114878425054,0.08582449373191903,0.12712712712712704,-1.1737662570255625,0.08348134991119001,0.0
2025-07-16,12.09,11.26,0.049315236378922704,0.044414505440746224,0.023942211772922956,0.0451610155380796,0.07112204191515706,10.643,10.452000000000002,10.495333333333333,2,16,7,10.885123997486875,10.501798289681334,70.84942084942087,0.25201529121350497,0.10827523773699335,11.541560027089622,9.362439972910382,0.028461652250080002,0.0446502237110188,0.05465879636665273,686495839.0,3.006718233552208,0,0,-1,0,0,0.015097690941385428,2.0305874498655725,0.5672604796442209,0.7088003275365317,0.15693779904306226,0.16473988439306342,-0.7542990574123188,0.10008271298593872,0.0
2025-07-17,13.4,12.09,0.07984078944973094,0.09381875521765491,0.09869595454042886,0.11287259278828442,0.1028760423301644,10.985,10.626,10.618,3,17,7,11.34237417976199,10.688779045185765,74.09948542024016,0.4397870384350835,0.1745775978766114,12.308171528896967,8.943828471103032,0.039281626980673855,0.04804690338643962,0.05755618071520566,761371987.0,3.298117881972435,0,0,-1,0,0,0.02398676592224987,2.1910487941362624,0.7958044042422521,0.7627209457635981,0.24304267161410031,0.35080645161290325,-0.2788563024870998,0.09477611940298504,0.0
2025-07-18,13.29,13.4,0.05423726037968052,0.024328512823013945,0.05999399772024884,-0.306850803980379,-0.008242834231711781,11.297,10.7805,10.739666666666666,4,18,7,11.69648796525981,10.856599751947973,74.22680412371133,0.5731149083273746,0.25428505996676404,12.826245006490046,8.734754993509954,0.04107458594329778,0.048258920862650594,0.05755591532149389,706281085.0,2.4533849448867855,0,0,-1,0,0,-0.024626865671641796,0.7755723403442029,0.7057285577837278,0.7660866188575208,0.26450999048525214,0.30294117647058827,0.14900026099533384,0.0639578630549285,0.0
2025-07-21,11.85,13.29,0.022319821954751795,-0.017782818520380148,-0.09054669849688182,0.04559058868236496,-0.11468400514401371,11.48,10.870999999999999,10.822666666666667,0,21,7,11.724399244303479,10.920690090531975,57.26744186046511,0.5561710467520751,0.31466225732382624,12.938837925034395,8.803162074965602,0.058730762894112776,0.0552444726538244,0.06122862238181712,648620423.0,0.9468827204953373,0,0,-1,0,0,0.005643340857787891,0.8789419891455988,1.3389930114269217,0.876978815717567,0.0972222222222221,0.18027888446215146,-0.9852470163651066,0.14540084388185645,0.0
2025-07-22,10.99,11.85,-0.1546496195906337,-0.13709645878901883,-0.09675618864727716,-0.10757981231836632,-0.07534209916561017,11.541999999999998,10.9205,10.849333333333334,1,22,7,11.590872108975573,10.92516169759443,58.197932053175776,0.46795382133835517,0.34532057012673206,12.947543218712012,8.89345678128799,0.06490134761785304,0.058194629960555626,0.06113818666064563,596840869.0,0.06857278558092131,0,0,-1,0,0,-0.03375527426160341,0.4480183565824546,1.468684374385231,0.9238111110903525,-0.023978685612788597,0.09899999999999998,0.0857673400957253,0.09827115559599636,0.0
2025-07-23,11.36,10.99,-0.008771986072836994,-0.025841231183887214,0.020389955703049394,-0.26560598756001536,0.0331126448774752,11.633,10.952,10.852666666666666,2,23,7,11.548895361889105,10.953215781620596,59.80113636363636,0.42302062397617135,0.36086058089661993,12.986146400568899,8.917853599431101,0.06541721357723132,0.05646284686717545,0.058415714772506656,636542385.0,0.40115106748058266,0,0,-1,0,0,0.032757051865332065,-0.32477971033131864,1.3633755268028325,0.8963199067516119,-0.06038047973531846,0.05871388630009311,0.32469216516546084,0.04929577464788737,0.0
2025-07-24,10.99,11.36,-0.009738899461866608,-0.016274825897851473,0.0009170106098814064,-0.32174296713996275,-0.033112644877475284,11.654,11.004999999999999,10.839666666666666,3,24,7,11.447278023363813,10.955588956999913,55.67867036011081,0.3534801346015133,0.35938449163759867,12.9814455069911,9.028554493008897,0.06624225654714705,0.05410422967963816,0.05872686765077125,607763372.0,-0.015178764045799034,0,0,-1,0,0,-0.010563380281690073,-0.9859416289717153,0.8765958110375149,0.8588780196542545,-0.1798507462686567,0.10674723061430025,-0.02275059150468818,0.03321201091901731,0.0
2025-07-25,11.21,10.99,-0.023403408384160423,0.004866189651172906,-0.0032132228702317217,0.10434857580408757,0.019820468668538607,11.724,11.035999999999998,10.807666666666668,4,25,7,11.404136564570393,10.972002572677338,58.16186556927298,0.31251843911308796,0.3500112811326966,13.004471488236508,9.067528511763488,0.06558255760652343,0.05236327021119402,0.05740689806152432,639707711.0,0.17678691415122716,0,0,-1,0,0,-0.0009099181073703173,-0.7748615129496117,0.9555823676134583,0.831241144877376,-0.1565086531226485,0.05854579792256853,-0.17119578748782832,0.04058876003568243,0.0
2025-07-28,10.79,11.21,0.038414727792599704,0.023551023072404063,-0.019030511661085846,-0.04495987608223159,-0.03818645781402543,11.723,11.052,10.776333333333334,0,28,7,11.292475371012138,10.960260471214283,52.85326086956522,0.2433602054499282,0.3286810659961429,13.006251505658492,9.097748494341507,0.06668730057566986,0.05309149707983954,0.057435020239192905,609167778.0,-0.2681333484880378,0,0,-1,0,0,0.017841213202497704,-0.7795967578979581,0.6957751711427497,0.8428013880322041,-0.08945147679324894,0.030563514804202274,0.07380195982273577,0.0861909175162187,0.0
2025-07-29,10.19,10.79,-0.05217010286108505,-0.060409127795559986,-0.05193474705306993,0.01642430463638911,-0.057212932035409766,11.616,11.019,10.783,1,29,7,11.092025303555385,10.910566247264976,48.3502538071066,0.13853982060899206,0.29065281691871275,13.009566171773896,9.028433828226104,0.06725986175820936,0.05401467318788682,0.051420440005814194,578122106.0,-0.8329288538659696,0,0,-1,0,0,0.003707136237256805,-0.690918129380211,0.6176436233644644,0.8574563544214617,-0.072793448589627,-0.060829493087557585,0.44875513344640433,0.07752698724239443,0.0
2025-07-30,10.15,10.19,-0.055042355428482105,-0.060395710289739946,-0.014918227937219393,-0.3376540139271788,-0.00393314174683698,11.422,11.0325,10.775333333333332,2,30,7,10.920747975636223,10.861497457118848,45.84980237154151,0.05164590290616111,0.24285143411620244,12.993991108422648,9.071008891577353,0.060980005782817266,0.04994097277108618,0.05094796597844653,555972817.0,-0.8998256440832618,0,0,-1,0,0,0.0058881256133464675,-1.1348673967133538,0.47441681670033564,0.7927883651096538,-0.10651408450704214,0.027327935222672073,0.5664856716178087,0.029556650246305313,0.0
2025-07-31,10.03,10.15,-0.00881926343408136,0.004367878820077388,-0.007038741981476047,0.10646516877303094,-0.011893103513952296,11.084999999999999,11.035,10.779,3,31,7,10.758793798247819,10.807852459885373,46.7741935483871,-0.026594584216070416,0.1889622304497479,12.990962544039192,9.079037455960808,0.043020008192262656,0.05000667774728305,0.05030328584674994,531335295.0,-1.0276270402649013,0,0,-1,0,0,0.0009852216748768262,-0.908829044985969,0.4678663926391937,0.7938313992711516,-0.0873521383075524,0.005010020040079999,-0.0827408111967297,0.04137587238285136,0.0
2025-08-01,9.64,10.03,-0.03760784130229633,-0.036995587676595096,-0.03592524101781425,0.19026477403085615,-0.039659493351389775,10.719999999999999,11.0085,10.760333333333334,4,1,8,10.555376744020943,10.732507139892768,42.30769230769231,-0.11870215008999985,0.12742935434179836,13.02716318454358,8.98983681545642,0.04256829120055855,0.05060770877805577,0.05056990516918145,501534492.0,-1.3558477813220897,0,0,-1,0,0,-0.02442671984047849,-0.6444985463016006,0.3367145614537287,0.8033724710970962,-0.14005352363960755,-0.05211406096361837,0.14613110059777615,0.04042531120331945,0.0
2025-08-04,10.43,9.64,-0.004609483193595807,0.049029427240318606,0.007264118485951769,0.07881568208545761,0.07876516039022677,10.578,11.029,10.773333333333333,0,4,8,10.53258097238077,10.712990550222266,44.72681067344345,-0.12649352335202657,0.07664477880303337,13.013433102133241,9.044566897866758,0.04638833534263538,0.053789692402813324,0.05266628683397194,533779106.0,-0.6036988592420499,0,0,-1,0,0,0.010373443983402453,-0.4941180797565734,0.8443027446723232,0.8538848951790264,-0.033364226135310426,0.04091816367265477,1.414841915465602,0.07861936720997109,0.0
2025-08-05,10.33,10.43,0.0751341395090339,0.017078213943036682,0.047652198037179405,-0.10803653242646896,-0.009633985881133822,10.512,11.027,10.784333333333334,1,5,8,10.49574806831154,10.68828148246599,37.675070028011206,-0.13913356196641047,0.0334891106491446,13.014308150290383,9.039691849709616,0.04119291446378796,0.053334686893717995,0.05270043669820278,504836508.0,-0.7014513576046619,0,0,-1,0,0,0.006711409395973182,-0.6737491343998638,0.7279799933833125,0.846661906645643,0.013738959764475034,-0.0038572806171648377,1.7250202142505116,0.05130687318489847,0.0
2025-08-06,9.85,10.33,-0.017291497110060994,-0.029596432300439984,-0.03321895779252242,-0.09951172051031462,-0.04758082794754972,10.361,10.997,10.755,2,6,8,10.378339328618532,10.634198806177862,21.870047543581606,-0.1857417567558386,-0.010357062831852039,13.038362805888069,8.955637194111931,0.04053277655470709,0.054350418627216616,0.05168809745279693,478635372.0,-1.1237590855399295,0,0,-1,0,0,-0.0009680542110357973,-0.8361068123042813,0.813151727221326,0.8627861480392063,-0.029556650246305494,-0.0574162679425837,1.6912914269286217,0.05583756345177673,0.0
2025-08-07,9.8,9.85,-0.03953083875663532,-0.02154833620620295,-0.015472201377076293,0.0520431123597863,-0.005089069507471181,10.242,10.948,10.750666666666666,3,7,8,10.273186723415161,10.580379528359936,22.08,-0.22413003749677962,-0.05311165776483756,13.05721387201364,8.83878612798636,0.04001989621162134,0.0537895281223101,0.04982717099057389,451034541.0,-1.0885572252604405,0,0,-1,0,0,0.007106598984771602,-0.7475060082913493,0.8109733374393293,0.8538822873068858,-0.022931206380857327,-0.09090909090909083,1.573867360050598,0.04897959183673473,0.0
2025-08-08,9.72,9.8,-0.006573980692097824,-0.01697494579013256,-0.007303110184976047,-0.18570388615209646,-0.008196767204178515,10.093,10.9085,10.721666666666666,4,8,8,10.172607319157859,10.524871171691554,28.22085889570552,-0.2580339037468402,-0.0940961069612381,13.080894022610474,8.736105977389526,0.03858394284376985,0.05356369456036821,0.04827266613183805,428111513.0,-1.0941845610234457,0,0,-1,0,0,0.005612244897959155,-0.9708252112351785,0.7541341563441958,0.8502972906513449,0.008298755186721962,-0.07516650808753556,1.476223674129223,0.039094650205761215,0.0
2025-08-11,9.54,9.72,0.004050638449845523,-0.003025720916536956,-0.009468771428851903,0.6241837254097269,-0.018692133012152747,9.968,10.845500000000001,10.690666666666667,0,11,8,10.057587806583701,10.46133109609855,32.77909738717338,-0.2960151789712846,-0.1344799213632474,13.102572859864491,8.588427140135511,0.037732327907859714,0.05318946075457653,0.04833978680115765,385320602.0,-1.1568080261958242,0,0,-1,0,0,0.01800411522633734,0.2037255748570382,0.2684872590903102,0.8443565131574367,-0.08533077660594446,-0.11666666666666681,-1.7969193971677264,0.04612159329140456,0.0
2025-08-12,10.25,9.54,-0.06740602753019513,0.043485111939738676,-0.03660257897754708,0.42818158432776077,0.07178422012422205,9.974,10.794999999999998,10.670666666666667,1,12,8,10.0925718417503,10.44769683183413,37.80219780219782,-0.26576101934403695,-0.16073614095940533,13.058211504872993,8.531788495127003,0.04293250098450555,0.05512466868099995,0.04985774480889732,450981744.0,-0.4816164983489531,0,0,-1,0,0,-0.030398322851152952,1.59025788948918,0.7156943817046845,0.8750769866085408,-0.007744433688286589,-0.08969804618117228,1.47049259108729,0.1190243902439025,0.0
2025-08-13,10.2,10.25,0.1291298280441114,0.022756503563505052,0.09041384226804823,-0.6993246588527556,-0.004889985294191904,9.979000000000001,10.7005,10.681333333333333,2,13,8,10.112104234159336,10.431716391070637,40.66193853427895,-0.24301760631022162,-0.17719243402956858,12.892758868694209,8.508241131305791,0.04294666784363685,0.052065609632083135,0.04697687091436456,418353358.0,-0.45660666005024936,0,0,-1,0,0,0.02682926829268296,-0.34467800151689254,0.5999016368028196,0.8265159296727668,0.035532994923857864,-0.15632754342431765,2.1108531509032864,0.05833333333333322,0.0
2025-08-14,9.99,10.2,-0.047674397320143676,-0.03835136152141147,-0.025669750156374464,-0.22498953778529204,-0.020803127629763173,9.975,10.530000000000001,10.681666666666668,3,14,8,10.089903464312183,10.40321855938866,35.54502369668246,-0.23918139830583485,-0.18959022688482183,12.334357299194886,8.725642700805116,0.04333194093578906,0.04442910489520826,0.04713098917969621,392298790.0,-0.598551074380836,0,0,-1,0,0,-0.016176470588235212,-0.7432763639952662,0.6298430210026925,0.7052901751555408,0.019387755102040716,-0.2544776119402985,2.0805729895689793,0.045045045045044974,0.0
2025-08-15,9.82,9.99,0.01434602887407509,0.007827828620246696,0.008188377379358033,-0.21193223827071578,-0.01716347029408758,9.993,10.3565,10.67,4,15,8,10.040830107164512,10.365591555557135,37.783375314861466,-0.24701136185446693,-0.20107445387875086,11.633754868849572,9.07924513115043,0.041647122011125234,0.04441617797567832,0.047117572738917486,371220136.0,-0.8400829201508198,0,0,-1,0,0,0.01901901901901897,-1.046084398072855,0.643995121952953,0.7050849666697746,0.010288065843621297,-0.26109857035364925,2.1155751537699445,0.045824847250509095,0.0
2025-08-18,9.85,9.82,-0.017839918128331005,-0.002918484655799456,-0.02059805059507068,0.27187109544687005,0.0030503328176228754,9.934999999999999,10.256499999999999,10.664333333333333,0,18,8,10.006133724043691,10.332327584230868,45.00000000000001,-0.24793784199252045,-0.2104471315015048,11.339872414949543,9.173127585050455,0.031078545345284692,0.038571280723930575,0.04703874126525128,398884137.0,-0.7504344662844894,0,0,-1,0,0,0.018329938900203638,-0.4235432576107611,0.6168888007733287,0.6123000992686781,0.032494758909853205,-0.16877637130801693,1.9165585809450902,0.06295431472081227,0.0
2025-08-19,9.29,9.85,-0.020202707317519355,-0.03482184332704742,-0.03818067145786728,0.025156891884464495,-0.05853290235825038,9.831,10.171499999999998,10.628333333333334,1,19,8,9.875927592399384,10.265080643312748,39.03061224489794,-0.29051057894407073,-0.226459820990018,11.27904873957141,9.063951260428587,0.03513548383442983,0.03733726581023049,0.04770193312830777,370515368.0,-1.5918035360522609,0,0,-1,0,0,-0.0050761421319795875,-0.2748628504344586,0.36587317663182095,0.5927107198139066,-0.09365853658536594,-0.15468607825295733,-1.3291598859016138,0.06781485468245434,0.0
2025-08-20,9.23,9.29,-0.06972200021046762,-0.06265096496166737,-0.04307678690734426,-0.20132978661989423,-0.006479504310986172,9.769,10.065000000000001,10.587666666666667,2,20,8,9.758486211963131,10.198301246969992,39.63730569948187,-0.3253409502999123,-0.24623604685199688,11.09851215204319,9.031487847956813,0.03271737856348821,0.036052538676404004,0.04766678756315098,347319850.0,-1.6158494089290736,0,0,-1,0,0,-0.016146393972012767,-0.7281630894267092,0.36211290056033646,0.5723163088218165,-0.09509803921568616,-0.1874999999999999,-1.3324716184073397,0.045503791982665215,0.0
2025-08-21,9.38,9.23,0.008714652102443909,0.01709443335930004,0.029471134851565675,-0.1680591645379979,0.01612071450337251,9.727,9.9845,10.541,3,21,8,9.689670537060744,10.14550761813322,46.408839779005525,-0.33695630164366364,-0.26438009781033023,10.964048230993239,9.004951769006762,0.03347128269278894,0.03607688403531301,0.047364140604328676,366927110.0,-1.2342424413079711,0,0,-1,0,0,-0.0010834236186348632,-1.0226035877881634,0.44137368553902095,0.5727027794133276,-0.06106106106106102,-0.14649681528662417,-1.2083326443323783,0.03358208955223875,0.0
2025-08-22,9.67,9.38,0.01720472544963076,0.03844629341986256,0.004919386799818194,0.2505793396492778,0.0304485464470696,9.722,9.9075,10.513,4,22,8,9.686094075776971,10.114829707285915,37.820512820512825,-0.31908278715066274,-0.27532063567839676,10.706996552113875,9.108003447886126,0.035154061102563014,0.036589596492295796,0.047589758072498246,392117920.0,-0.5941238880194022,0,0,-1,0,0,0.0,-0.4242946993432,0.5306090563696925,0.5808418373448957,-0.015274949083503131,-0.13737734165923288,-1.2828254618466044,0.06618407445708382,0.0
2025-08-25,9.37,9.67,0.015864954647977342,-0.01852943203714573,0.01943905703222212,-0.3774733799745791,-0.03151521321487218,9.705,9.8365,10.465333333333332,0,25,8,9.628622425635703,10.066776177783598,35.5421686746988,-0.32537467423277633,-0.2853314433892727,10.55401838413995,9.118981615860049,0.036097103208955164,0.03633225632253949,0.04754963761901899,374847316.0,-1.300315114738609,0,0,-1,0,0,-0.014477766287487133,-1.113090122708709,0.5618904191873199,0.5767566887957617,-0.04873096446700509,-0.13160333642261357,-0.3196923673777946,0.029871931696904976,0.0
2025-08-26,9.27,9.37,-0.013735028390152407,-0.02097674489476001,-0.021622464013165657,0.32651312987631737,-0.010729716672566966,9.607000000000001,9.7905,10.399000000000001,1,26,8,9.563418348247392,10.015371263087882,40.136054421768705,-0.3345734498756556,-0.2951798446865493,10.530214738758591,9.050785261241408,0.02442851037393294,0.034471812485758216,0.046751676058595565,350908075.0,-1.4072992539624574,0,0,-1,0,0,0.003201707577374721,-0.43054888026229193,0.3837767402178197,0.5472230584738051,-0.002152852529601623,-0.0902845927379784,0.11451014766936009,0.030204962243797127,0.0
2025-08-27,9.15,9.27,-0.02695580998852822,-0.004783426606894028,-0.009884759232541973,0.15569988637932033,-0.013029500290333795,9.501999999999999,9.7405,10.300999999999998,2,27,8,9.488251375838775,9.959540859017697,39.20265780730897,-0.34754031455454104,-0.30565193866014767,10.51238695654484,8.968613043455163,0.024383757077034038,0.03452744174621943,0.04430754965329332,322935659.0,-1.5300167854713562,0,0,-1,0,0,-0.012944983818770142,-0.06986735223063778,0.39309332613360676,0.5481061456065981,-0.008667388949079147,-0.09852216748768472,0.31869445361042786,0.03551912568306003,0.0
2025-08-28,9.2,9.15,0.00653597097978567,-0.00695004134097227,0.009884759232541925,-0.4822525640042657,0.0054496047675644645,9.423,9.699,10.161,3,28,8,9.43584203477718,9.91053822295204,41.27516778523487,-0.34975036164421525,-0.3144716232569612,10.494246403390232,8.903753596609768,0.02458108888618968,0.03455395671784653,0.0385781265983213,340205580.0,-1.2549569488719556,0,0,-1,0,0,0.006557377049180382,-1.049120802154815,0.3691441633553761,0.5485270577322695,-0.019189765458422325,-0.0827517447657029,0.6763570014616814,0.01847826086956521,0.0
2025-08-29,8.95,9.2,-0.003262645634816494,-0.00986610693229091,-0.0322071146704405,0.21653098244410823,-0.02754995176823063,9.336,9.6645,10.016333333333332,4,29,8,9.347507119363147,9.848568015019652,40.32786885245901,-0.3674391408552786,-0.3250651267766247,10.527505153366231,8.80149484663377,0.02520040642557487,0.034022513016812896,0.03867369968756933,318760456.0,-1.6558417923995652,0,0,-1,0,0,-0.0021739130434782145,-0.6071028115203386,0.23091101763116148,0.540090650519669,-0.07445708376421933,-0.07157676348547726,0.46402372085484606,0.041173184357542005,0.0
2025-09-02,8.6,8.95,-0.06410288619275967,-0.04755616398197852,-0.05450624413787464,0.22456909678865153,-0.03989132902730197,9.211,9.572999999999999,9.908,1,2,9,9.211596734024393,9.768015239857094,19.330855018587314,-0.40503075829009916,-0.3410582530793196,10.481140958221692,8.664859041778305,0.02646502569150238,0.028383462866853153,0.03459887480983682,291915810.0,-2.142839151105596,0,0,-1,0,0,-0.037988826815642446,-0.07440277059874421,0.26954673053812656,0.45057350455517914,-0.08217716115261464,-0.1754554170661553,-0.050348539418260854,0.047662790697674255,0.0
2025-09-03,8.39,8.6,0.0057904041347045295,-0.011417332122692475,-0.0023866359777309667,-0.3542621691523056,-0.02472168278034708,9.120999999999999,9.476,9.821333333333333,2,3,9,9.06221550965632,9.679111030834056,18.245614035087684,-0.4466192818268926,-0.3621704588288342,10.45533167329337,8.496668326706631,0.022151187059357702,0.028586560891808634,0.03266112884685145,273079164.0,-2.217839021478633,0,0,-1,0,0,0.00697674418604657,-0.7703067967459332,0.2672373131463209,0.4537975857499827,-0.09492988133764824,-0.18780251694094863,0.7156898586773908,0.039332538736591184,0.0
2025-09-04,8.45,8.39,-0.028104894320108483,-0.018573727530490934,-0.0096039153541804,-0.09142643876251857,0.0071259208899674435,9.043,9.405999999999999,9.724333333333332,3,4,9,8.950903598809717,9.599813544973795,21.481481481481396,-0.46932687967678177,-0.38360174299842376,10.469309629609759,8.342690370390239,0.02279597781659109,0.02747555551310464,0.03183031606675802,290270023.0,-1.798159206647749,0,0,-1,0,0,0.0035756853396900308,-0.863159847663736,0.32971604736051685,0.43616092212614727,-0.07650273224043724,-0.14213197969543157,0.2783006205098079,0.02957396449704145,0.0
2025-09-05,8.5,8.45,0.022895041725657605,0.017423641147253692,-0.015193242724775213,0.046116128041516845,0.005899722127188322,8.955,9.341,9.641333333333332,4,5,9,8.868921126298858,9.528857832394841,24.418604651162738,-0.4777806742352215,-0.40243752924578335,10.460358839035141,8.221641160964857,0.02175700708498361,0.027631518119022064,0.03163646838022119,308272222.0,-1.502645926707328,0,0,-1,0,0,0.01952662721893502,-0.7345744437685283,0.3315500122236403,0.4386367517406457,-0.07608695652173902,-0.13265306122448983,0.2802323698971171,0.061764705882352985,0.0
2025-09-08,8.51,8.5,-0.004070956480022029,0.005737250390143593,0.028374979426839583,-0.15503544455668963,0.0011757790890120365,8.838999999999999,9.2805,9.551333333333334,0,8,9,8.803662739699066,9.463125069014529,23.828124999999957,-0.47816150274413793,-0.4175823239454543,10.443553603326304,8.117446396673696,0.017149763691535976,0.027684924364167487,0.03124463185163014,323689032.0,-1.3249604279568703,0,0,-1,0,0,0.00941176470588236,-0.9130764649218238,0.329888075503171,0.439484549599321,-0.049162011173184306,-0.124485596707819,-0.832364073818619,0.03995299647473559,0.0
2025-09-09,8.43,8.51,-0.011723463696059146,-0.01382510499184243,-0.004773278752657771,0.0005055539710657739,-0.009445170571518646,8.745000000000001,9.224999999999998,9.472666666666665,1,9,9,8.73572405975378,9.396471838755527,29.326923076923038,-0.47939250510589204,-0.42994436017754184,10.440660963816445,8.009339036183551,0.01587966784397472,0.027547251270206095,0.03076948725298616,308264426.0,-1.3079304570316614,0,0,-1,0,0,-0.0035252643948295373,-0.8296971514167785,0.20933139993704458,0.43729905698624094,-0.019767441860465085,-0.11635220125786161,-1.1533929722544318,0.030842230130486335,0.0
2025-09-10,8.25,8.43,0.014051753455650287,-0.0023228814161396385,-0.015672412407631696,0.23803702519887102,-0.021583571667174402,8.642999999999999,9.125,9.407999999999998,2,10,9,8.647410594344002,9.322505913674526,27.727272727272677,-0.48925277755335195,-0.4418060436527039,10.314400556671417,7.935599443328583,0.01625468157873092,0.020214472687716457,0.029543182268037416,288694362.0,-1.4713293937724745,0,0,-1,0,0,0.020166073546856456,-0.5188022717829945,0.19071399015611837,0.32089480569603107,-0.0166865315852206,-0.19512195121951215,-0.9834987620870647,0.044848484848484756,0.0
2025-09-11,8.49,8.25,-0.037919234862293726,0.011560822401076006,-0.0018242631997470702,0.3343362462053241,0.028675799976666298,8.577,9.0395,9.352666666666666,3,11,9,8.618790486281457,9.268795854727783,30.5676855895196,-0.47225723286058496,-0.4478962814942801,10.14652018238615,7.93247981761385,0.02066702807382795,0.02206289176833386,0.030252725816491143,316033992.0,-0.9927551615465019,0,0,-1,0,0,0.0036363636363635587,1.2118560690688005,0.29921153468273637,0.35023754893167286,0.004733727810650956,-0.16764705882352937,0.598875471971522,0.057126030624263774,0.0
2025-09-12,8.75,8.49,0.03791923486229368,0.01142869582362285,0.03762761001435627,0.10010888094873391,0.030164700046267107,8.532,8.9775,9.309999999999999,4,12,9,8.64264676150301,9.235325154422766,29.646017699115006,-0.4328190456185528,-0.4448808343191347,9.99571050455133,7.959289495448668,0.023698092046560426,0.02355620008998834,0.030931820161597467,346252246.0,-0.4468624100480004,0,0,-1,0,0,0.012956419316843278,1.6958277166708904,0.36787590460195635,0.3739430836307189,0.02941176470588225,-0.1241241241241241,0.09493601311381422,0.03085714285714301,0.0
2025-09-15,9.12,8.75,0.08468308723003869,0.07864312731911313,0.051410520810520596,0.23470679943652425,0.04141610371671694,8.549,8.942499999999999,9.292666666666666,0,15,9,8.729438259411552,9.227884821879362,44.6351931330472,-0.3674721006782846,-0.42939908759096473,9.884007749360027,8.000992250639971,0.026418303162471738,0.025769687661145346,0.031330448974059594,384464375.0,0.37705478286429894,0,0,-1,0,0,0.06971428571428565,2.5505858072154464,0.442016751189046,0.40908110949120186,0.0716803760282021,-0.07128309572301439,-0.5530994160578045,0.05921052631578939,0.0
2025-09-16,9.11,9.12,-0.020508004221127123,-0.019088596562522625,-0.008948605576014033,-0.20160683407909202,-0.0010970928143730994,8.6,8.9055,9.248666666666667,1,16,9,8.798631303154906,9.22027934950005,46.428571428571416,-0.31288435634413503,-0.4060961413415988,9.750011070009233,8.060988929990767,0.022215557275263698,0.025731873067362236,0.027096647419895512,353229160.0,0.48430389431784193,0,0,-1,0,0,0.005482456140350956,1.311439855214645,0.4172629532235727,0.4084808214247276,0.08066429418742582,-0.07512690355329954,-0.7533566369498532,0.04829857299670686,0.0
2025-09-17,9.0,9.11,-0.006564574996506555,-0.014016401973535658,-0.014714470354002541,0.3035851142707589,-0.012148133935647459,8.661,8.891,9.204333333333333,2,17,9,8.835243793490378,9.206067778564563,46.636771300448416,-0.27532547566815957,-0.37994200820691104,9.717480171379766,8.064519828620234,0.02062360464726027,0.022611675949624613,0.027117659188330485,310914599.0,0.2637691835196245,0,0,-1,0,0,0.0,2.478802598341062,0.36726956790390797,0.358949227734522,0.09090909090909083,-0.031216361679224924,-0.5034405229823028,0.04888888888888903,0.0
2025-09-18,9.25,9.0,-0.008820343842972882,0.014016401973535562,0.02199130067300454,-0.16888875699189218,0.027398974188114347,8.741,8.892,9.184333333333333,3,18,9,8.910654012855764,9.208902115431366,51.02880658436216,-0.22281837000272908,-0.34851728056607467,9.720253711447182,8.063746288552817,0.021621923222645976,0.02348309506578943,0.026511293110129265,346653598.0,0.8644694133020626,0,0,-1,0,0,0.0033333333333332624,1.4257127384961914,0.36482882980666737,0.37278257734900083,0.08951707891637217,0.0021668472372697867,-0.4718819263780898,0.04054054054054054,0.0
2025-09-19,9.86,9.25,0.031073636624657657,0.062260768427731455,0.030213778596496633,0.7489777088442467,0.06386261709021021,8.876999999999999,8.916,9.186333333333334,4,19,9,9.083262374154716,9.250908430564827,66.3082437275986,-0.13048011490869982,-0.3049098474345997,9.827433803930427,8.004566196069574,0.027978493185493922,0.02753199739396001,0.029235672304819167,422235753.0,2.0714614619934784,0,0,-1,0,0,0.0070270270270269735,3.499075269821477,0.5043563675916275,0.43705690920777956,0.12685714285714278,0.05117270788912576,0.13433613355073862,0.07099391480730216,0.0
2025-09-22,9.55,9.86,0.04666639637144933,-0.018274620243481556,-0.004338401598598242,-0.6163690255905452,-0.03194501412190502,8.980999999999998,8.91,9.180666666666665,0,22,9,9.16812376067204,9.270204660850968,67.27272727272732,-0.08137772000701027,-0.26020342194908186,9.80190511650165,8.01809488349835,0.031488619531231464,0.027716987820218433,0.029780377964244698,381428853.0,1.4351302356248254,0,0,-1,0,0,-0.01014198782961457,0.9042684748916017,0.6031033354902318,0.43999354118462525,0.047149122807017774,-0.012409513960703111,0.7637285896620454,0.05863874345549743,0.0
2025-09-23,10.0,9.55,-0.007197974522326277,0.05675988270654611,0.040474107927774644,0.47622564003132745,0.0460439385014068,9.138,8.9415,9.196,1,23,9,9.319373986004397,9.317288231118647,76.92307692307696,-0.0060823653688544255,-0.20937921063303638,9.939946688348158,7.94305331165184,0.03227609275507406,0.028644933205532127,0.030779886482459783,447127401.0,2.1202934765624675,0,0,-1,0,0,0.014659685863874217,2.1774679824609007,0.6438716554973611,0.4547242175033655,0.09769484083424818,0.06723585912486674,-0.25699835935316406,0.075,0.0
2025-09-24,9.71,10.0,0.03945883674054771,-0.02053861927222773,0.005205633827265191,-0.4127601462833058,-0.029428810690812053,9.284,8.9635,9.178,2,24,9,9.39039689763996,9.342624474272284,69.5652173913044,0.02984513316951798,-0.16153434187252552,10.010626896246023,7.916373103753976,0.03337579333050912,0.02940996842595085,0.028063214610780596,403646722.0,1.4258061800842334,0,0,-1,0,0,0.008000000000000007,0.7365266977638391,0.7044656234779046,0.46686877512796604,0.07888888888888901,0.04746494066882434,-0.20707808289217852,0.05046343975283197,0.0
2025-09-25,9.33,9.71,-0.08000137254900855,-0.06638475666133245,-0.07658727921811623,0.020874208670579767,-0.03992126744398119,9.368,8.9725,9.149,3,25,9,9.379415643523604,9.341809992061169,61.69014084507044,0.0273399524440876,-0.12375948300920289,10.029424535472584,7.915575464527416,0.037348952725369,0.030699313199744116,0.02889328684246804,359248879.0,0.6764910606226975,0,0,-1,0,0,-0.04170957775489198,0.7321861224788979,0.7895004134540344,0.48733648888203296,0.00864864864864856,0.01967213114754096,0.6632787002378573,0.058949624866023655,0.0
2025-09-26,9.28,9.33,0.011221063503074223,0.03629221516838771,0.0395656002061911,-0.2846563946091102,-0.005373468061143347,9.421000000000001,8.9765,9.125333333333334,4,26,9,9.361340071973856,9.337822250637867,60.724233983286915,0.021077033614258056,-0.0947921796845107,10.037646847320705,7.915353152679294,0.0368824144457706,0.030719616717338152,0.028698856081905543,325849594.0,0.5720226201798706,0,0,-1,0,0,0.008574490889603437,0.021068240536170804,0.5579609200027165,0.4876587972317948,-0.05882352941176472,0.008695652173912993,1.6140981553363494,0.058189655172413896,0.0
2025-09-29,9.65,9.28,-0.0021276603771167293,-0.014359221077888876,-0.011924260529735643,0.312133132517209,0.03909636855278553,9.474,9.011500000000002,9.119666666666665,0,29,9,9.413823695251336,9.357962750596716,65.7216494845361,0.045445663777618606,-0.06674461099208484,10.114324603127303,7.908675396872701,0.03662911210494579,0.03115255646958802,0.029543368555188625,371484259.0,1.1579357192238768,0,0,-1,0,0,0.0118534482758622,0.7016542108846866,0.6237102057601747,0.4945315027345572,0.010471204188481575,0.07821229050279332,0.2295928359639503,0.05284974093264246,0.0
2025-09-30,9.58,9.65,0.0137495555831024,-0.0010335918232826594,0.0,-0.13914997769549997,-0.007280323368125385,9.521,9.060500000000001,9.110666666666667,1,30,9,9.444037568842003,9.372287734429186,67.63925729442971,0.058435950500735245,-0.04170849869352083,10.173381040599603,7.947618959400399,0.03681780104457196,0.029595834186766333,0.029564605366781987,331777650.0,0.933612814034645,0,0,-1,0,0,-0.013471502590673656,0.29705775781993454,0.4834148056958088,0.46981930261012356,-0.04200000000000004,0.11395348837209318,1.0657165302250384,0.05219206680584551,0.0
2025-10-01,9.81,9.58,-0.004210532536343382,0.05041390059526569,0.03219162092961342,0.2520504467588578,0.02372468159450257,9.602,9.131499999999999,9.127999999999998,2,1,10,9.51057619268891,9.400527235433755,67.55319148936172,0.08629516715843977,-0.016107765523128714,10.245455021297282,8.017544978702716,0.03665600942276592,0.0289658546680555,0.02788887929133258,382866593.0,1.21818203971977,0,0,-1,0,0,-0.010438413361169066,0.9066073139312755,0.4860244045165064,0.4598186877846854,0.01029866117404743,0.16924910607866517,-0.154121307257181,0.07135575942915384,0.0
2025-10-02,10.18,9.81,0.048388234903570866,0.024131263610887767,0.03629221516838771,0.09864140298688746,0.0370227375451048,9.695,9.218,9.159666666666665,3,2,10,9.632289612200017,9.450815800889641,68.47545219638243,0.13665443756366713,0.014444675094230456,10.376903292818264,8.059096707181736,0.037342393172383345,0.029702200987262353,0.028574294302984117,439251950.0,1.6601902953620444,0,0,-1,0,0,0.014271151885830662,1.1207067383777107,0.3625483204782248,0.4715078232213201,0.0911039657020365,0.2047337278106509,-0.32302539710792755,0.05878192534381138,0.0
2025-10-03,11.57,10.18,0.04086219471724161,0.10656918368030387,0.04285658321804253,0.6573664951226066,0.12799053008320851,9.866,9.371500000000001,9.232666666666665,4,3,10,9.984600591800014,9.587537362122568,75.0511247443763,0.28543558175507044,0.06864285642639846,10.888051142698728,7.854948857301273,0.05259886325907747,0.04101675886375238,0.037460095336083916,548058985.0,2.8993417209626466,0,0,-1,0,0,0.01817288801571714,3.0289267075216517,0.855735102430819,0.6511208612363583,0.2467672413793105,0.36117647058823543,1.5258189068640065,0.11581676750216074,0.0
2025-10-06,13.64,11.57,0.15477070671495238,0.17525031006954056,0.14589368798516214,0.39123395385859244,0.1645911112097309,10.275,9.628,9.365000000000002,0,6,10,10.649218666018193,9.848986564566275,82.58992805755396,0.5638773832525512,0.167689761791629,12.01598395480808,7.24001604519192,0.07009085415566349,0.05457896603524501,0.048688637476351763,708963312.0,3.3601565805515987,0,0,-1,0,0,0.0458081244598098,3.323981800176646,1.2633876107710036,0.8664142256657955,0.41347150259067367,0.6028202115158638,0.571417884939086,0.14296187683284464,0.0
2025-10-07,12.48,13.64,0.08016984517291299,-0.0072674738469777405,0.03967462490766232,-0.21590032983376933,-0.08887928947403448,10.523,9.8305,9.468666666666667,1,7,10,10.98208799946943,10.018729366852321,71.75,0.6830682262120877,0.2707654546757208,12.464899761855243,7.196100238144758,0.08001033745510192,0.05950107868537088,0.05128739361781179,579304093.0,2.011463892734429,0,0,-1,0,0,-0.03885630498533733,2.0116695518385312,1.6423762158838071,0.9445503416494643,0.302713987473904,0.4804270462633453,-0.2924112629415661,0.10977564102564111,0.0
2025-10-08,12.46,12.48,-0.11207851362674179,-0.0899997246662462,-0.11950656221473199,-0.37925128324487073,-0.001603849581974516,10.798,10.041,9.575,2,8,10,11.25079927229317,10.17623069802314,70.65637065637067,0.7670716703973408,0.3700266978200448,12.812865417861529,7.269134582138472,0.07840396354132441,0.05891509079382287,0.051183054041758186,490568744.0,1.745394985205479,0,0,-1,0,0,-0.060897435897435875,0.807323027413662,1.6856825205648902,0.9352480722554776,0.27013251783894,0.5103030303030305,-0.0901172129680635,0.12680577849117175,0.0
2025-10-09,12.66,12.46,0.055592911492184434,0.012688512818319472,0.06966235813744073,-0.5609874305413831,0.015923903356722925,11.131,10.249500000000001,9.692,3,9,10,11.507017586421682,10.336473878795841,69.02173913043478,0.8400991931020574,0.46404119687644735,13.154287155894986,7.3447128441050165,0.075033774183514,0.058909234456297505,0.050986605921784556,541205155.0,1.6596740970216166,0,0,-1,0,0,-0.00561797752808991,-0.28130199775674614,1.7052082099106667,0.9351551057793629,0.24361493123772116,0.49116607773851584,0.0986641868671052,0.07503949447077403,0.0
2025-10-10,11.97,12.66,0.016013152415204665,0.00784933386445504,-0.005115275392684485,-0.04566102282160758,-0.0560438971461483,11.4,10.4105,9.784333333333334,4,10,10,11.591196207072286,10.441862660809013,65.63307493540051,0.8326979736473241,0.5377725522306227,13.322279886128587,7.498720113871413,0.07933900239263617,0.06126204111493405,0.0524102368380999,492828862.0,1.0711661327350281,0,0,-1,0,0,-0.0055292259083728505,-0.37672215178664215,1.6245828082963625,0.9725047535899778,0.03457216940363006,0.3680000000000001,1.3975577343679864,0.09272347535505426,0.0
2025-10-13,12.77,11.97,-0.03887129049125491,0.0046801957504774986,0.01865186111021783,0.19495837172607933,0.06469515047456614,11.712,10.593,9.911666666666667,0,13,10,11.80552416942278,10.592065069789077,67.11990111248454,0.8812275256568967,0.6064635469158776,13.619494237301787,7.566505762698214,0.08022275278062882,0.062026206427153424,0.052914299580678524,551618655.0,1.4386282142343434,0,0,-1,0,0,0.011695906432748437,-0.10947557821352794,0.9475305716177455,0.9846355018500247,-0.0637829912023461,0.4002192982456141,0.062277778897458023,0.07439310884886448,0.0
2025-10-14,13.02,12.77,0.011494379425735212,0.049345874103155,-0.03680346897620436,0.27021241172918997,0.01938796673597519,12.056000000000001,10.7885,10.059,1,14,10,12.026337956800456,10.748706033028492,70.55900621118012,0.9291497954574783,0.6710007966241978,13.915127744492693,7.661872255507308,0.07923763959438922,0.06185070966996953,0.051990311498710876,628647554.0,1.4274164898143757,0,0,-1,0,0,-0.040720438527799496,0.3595940046284627,0.6942687076997092,0.9818495771975835,0.043269230769230616,0.4291986827661911,-0.3413224006497798,0.1559139784946236,0.0
2025-10-15,13.03,13.02,0.09270939810426754,0.07970076887724863,0.11205124748626559,0.18341058926555004,0.0007677543563304702,12.378,10.99,10.213666666666667,2,15,10,12.208821964654918,10.895886288962139,74.08854166666666,0.9569048524755122,0.7281816077944607,14.150566238408604,7.829433761591396,0.07989641804254945,0.06156897184098568,0.051530404477730045,721182952.0,1.2909079235290266,0,0,-1,0,0,0.032258064516129024,0.7413295661186715,0.6921302150083788,0.9773771278151203,0.045746388443017594,0.4477777777777776,-0.39549748476395696,0.13737528779739058,0.0
2025-10-16,11.87,13.03,-0.008968669982760375,-0.022130917055770735,-0.08199316664959291,-0.07636303634965452,-0.09324018251517709,12.547,11.121,10.327666666666667,3,16,10,12.147217971081297,10.958732334835549,64.73265073947668,0.8752097563788119,0.757587237511331,14.19387556053385,8.04812443946615,0.08840479010982304,0.06619701635279475,0.05497663364250452,635450775.0,0.48749126689001054,0,0,-1,0,0,0.022256331542594085,0.47593245875819884,0.9757201647285126,1.0508450568238252,-0.06240126382306488,0.28324324324324324,-0.07782076717473618,0.20893007582139853,0.0
2025-10-17,11.24,11.87,-0.13138868771216208,-0.1862369040799402,-0.06465133065881443,-0.4145835848461266,-0.05453536415603155,12.514,11.190000000000001,10.419000000000002,4,17,10,11.982269249066515,10.9768786358139,58.784530386740336,0.7509733163443144,0.7562644532779277,14.205084881409672,8.17491511859033,0.08032246399792102,0.06668147019195385,0.05627100201277604,578814786.0,0.033166562114577657,0,0,-1,0,0,-0.016006739679865167,-0.3675328534980361,0.9717803700243368,1.058535523104458,-0.06098579782790314,0.13995943204868166,-0.08802620731927607,0.07029359430604988,0.0
2025-10-20,11.98,11.24,0.016136231221495653,0.021659089770037405,0.0293484825548465,0.35477896342387777,0.06375974822175834,12.348,11.311499999999999,10.534666666666665,0,20,10,11.981856658327148,11.041596143180747,62.34567901234569,0.7041103127122241,0.745833625164787,14.24300778520828,8.379992214791718,0.056849626357453574,0.06715338334217666,0.05712035516186204,659570086.0,0.4560792936475217,0,0,-1,0,0,0.05604982206405685,0.2994328735920036,0.9667611608396999,1.0660269121199217,-0.061863743148003025,0.25445026178010477,-0.10602684230538038,0.06010016694490823,0.0
2025-10-21,11.41,11.98,-0.0016863410404364776,-0.013278203386076985,-0.007036088834069331,-0.563521036225779,-0.048748428813319054,12.241,11.382000000000001,10.634000000000002,1,21,10,11.877882720449485,11.06536413394328,57.95228628230616,0.6139001496077405,0.7194469300533778,14.247788033444118,8.516211966555884,0.05252875714664952,0.0679886596055682,0.05805400781726601,613604060.0,0.019540872997747965,0,0,-1,0,0,-0.010851419031719597,-0.7195792657241373,0.9495475979362815,1.0792865117337374,-0.12365591397849462,0.14100000000000001,0.8838789302714491,0.05609114811568804,0.0
2025-10-22,10.86,11.41,-0.051071244869595835,-0.049667742110791,-0.08757319730217225,0.34307172464756797,-0.0494038493681949,12.081,11.4395,10.721000000000002,2,22,10,11.692813134913214,11.052114834979198,53.32031250000001,0.4923520144163902,0.6740279469259802,14.208550568810816,8.670449431189185,0.05397760821118009,0.0686815667873389,0.058783776979193104,548825526.0,-0.4185550141461452,0,0,-1,0,0,-0.013146362839614404,-0.1898844377075693,0.9305299535575884,1.090286072241433,-0.1665387567152724,0.11843460350154467,1.7233556151431593,0.09300184162062614,0.0
2025-10-23,10.91,10.86,-0.019731581862595125,-0.027594096139953075,0.025679014417691447,-0.4561687091315457,0.004593485339190115,11.906,11.5185,10.801666666666668,3,23,10,11.550483474019902,11.042946135948283,46.29213483146067,0.39549974878879013,0.6183223072985422,14.119182299138547,8.917817700861452,0.05342736817172295,0.06780023803164259,0.05869124820525471,589876131.0,-0.46795412127160596,0,0,-1,0,0,0.01657458563535909,-0.905061692705917,0.8144901376067082,1.0762954119762582,-0.08087615838247675,0.16934619506966775,1.3294677687997989,0.03941338221814846,0.0
2025-10-24,11.29,10.91,0.021506205220963682,0.03546470957228268,0.03596514869351509,-0.019851930099180924,0.03423757831659108,11.838,11.619,10.886333333333335,4,24,10,11.50312284237992,11.058885094919361,33.703190013869616,0.34542461476387487,0.5637427687916088,14.001664585357268,9.236335414642731,0.05327368946027715,0.06791797755645058,0.05874720624203025,630119838.0,-0.2761614051947381,0,0,-1,0,0,0.03391384051329049,-0.9508618248767251,0.7991880705290149,1.0781644689890075,0.004448398576512469,0.21659482758620685,0.16409590181743083,0.03897254207263076,0.0
2025-10-27,11.34,11.29,0.02624822607493641,0.020690393257446246,0.02239233731262144,0.03155422276032584,0.0044189201380354145,11.695,11.7035,10.960333333333333,0,27,10,11.473464143765389,11.077021540408436,40.655737704918025,0.3062441010433421,0.5122430352419555,13.90513838514578,9.50186161485422,0.04730415231049481,0.06761318641971632,0.05843874404045316,671653651.0,-0.3302086323099163,0,0,-1,0,0,0.02568644818423392,-0.8998641120590521,0.5779604239623567,1.0733260596913143,-0.05342237061769617,0.1751295336787564,-0.056146221489503635,0.037918871252204715,0.0
2025-10-28,11.14,11.34,-0.02094317384524325,-0.010722813441371545,-0.02329854489615957,0.18193658345459765,-0.017794063800467934,11.507000000000001,11.7815,11.027999999999999,1,28,10,11.412834299444409,11.0810846668337,39.4904458598726,0.2561027401392977,0.4610149762214239,13.766223499236354,9.796776500763645,0.04609872533380535,0.06779379909638013,0.058613884813990845,621832259.0,-0.6464376526471556,0,0,-1,0,0,0.0,-0.6708430960277038,0.48876904746466604,1.0761931970477832,-0.0236634531113058,0.16283924843423803,-0.35150834347832804,0.050718132854578206,0.0
2025-10-29,11.18,11.14,-0.010638398205055643,-0.009096878846830673,-0.015514102722936346,0.036367165317362136,0.0035842332278151067,11.322,11.85,11.100666666666665,2,29,10,11.370500790454516,11.087466301231526,37.90849673202613,0.21709053156616598,0.41223008729037236,13.632487912411943,10.067512087588057,0.04621113838312141,0.06772024152575203,0.05849549875207934,673498863.0,-0.7517582535450696,0,0,-1,0,0,0.007181328545780976,-0.6149284417246056,0.2969957153727877,1.075025506814215,0.02946593001841613,0.1396534148827726,0.6929602186450393,0.0563327370304114,0.0
2025-10-30,10.96,11.18,-0.026644159112896366,-0.03183292657321078,-0.007412165061623694,-0.257222543418347,-0.01987418620708353,11.231,11.889,11.157666666666668,3,30,10,11.295864283099148,11.07924266889401,41.06194690265486,0.16650158716765873,0.36308438726582964,13.547457114308342,10.230542885691657,0.03825743252026165,0.06763976408720795,0.05860760081432737,633550445.0,-1.1203183874759846,0,0,-1,0,0,-0.022808586762075044,-0.9350742236586578,0.3494027348991391,1.0737479670829804,0.004582951420714965,0.07662082514734792,0.8924926675326017,0.03193430656934319,0.0
2025-10-31,11.22,10.96,0.014990060380621837,0.029218545999140005,-0.0018570107472126599,0.6078292863176558,0.023445618574680725,11.229000000000001,11.871500000000001,11.203,4,31,10,11.28207077708112,11.08832378702988,34.83365949119374,0.14570966107574712,0.31960944202781316,13.551378128411626,10.191621871588376,0.03566532332761047,0.06048692043518171,0.05764907926474475,706913345.0,-0.7756515058815764,0,0,-1,0,0,0.011861313868613046,0.1408239729455285,0.2847842580694089,0.9602000942618496,-0.006200177147918429,-0.030250648228176247,0.3383880733156474,0.0623885918003566,0.0
2025-11-03,10.42,11.22,0.0,-0.03281890992431798,-0.06330013088642462,0.005958665875560165,-0.0739708637693295,11.073,11.7105,11.232,0,3,11,11.125330635793643,11.045206123350534,27.031802120141336,0.06394151771512746,0.26847585716527606,13.29099259476443,10.130007405235569,0.03403316674629119,0.045612413560495384,0.0589824267047511,633111995.0,-1.6330351743183533,0,0,-1,0,0,-0.01158645276292342,0.39925788702218745,0.5632529692225268,0.7240746178710059,-0.08112874779541446,-0.23607038123167157,-0.886564203727343,0.09500959692898275,0.0
2025-11-04,9.56,10.42,-0.10345870836822996,-0.08414639733585712,-0.05704193838701866,-0.05490774724059157,-0.08613930926191089,10.888000000000002,11.564499999999999,11.217333333333334,1,4,11,10.840725065649345,10.949386373456951,23.34869431643625,-0.06945450933624464,0.20088978386497194,13.369259497025903,9.759740502974095,0.03932598051594995,0.04540488027884867,0.060485298326685116,563253669.0,-2.221348609943043,0,0,-1,0,0,-0.04030710172744721,0.47457009096806757,0.7353718881422467,0.7207801291589678,-0.14183123877917414,-0.23397435897435892,-0.17166917262335848,0.06851464435146455,0.0
2025-11-05,9.57,9.56,-0.016129381929883644,-0.034425948842421006,-0.011597388814828954,-0.10157025063975296,0.0010454784015529657,10.759,11.419999999999998,11.212666666666667,2,5,11,10.609684144622191,10.860393704201664,28.544776119402982,-0.17237784096525388,0.12623625889892678,13.37905455177798,9.460945448222017,0.03802089121669315,0.04544140099271419,0.0602331462178128,626364918.0,-1.888666140839204,0,0,-1,0,0,0.029288702928870224,0.17379186808616898,0.7284036492924812,0.7213598775185122,-0.1440071556350626,-0.2319422150882825,-0.153991820909678,0.04388714733542319,0.0
2025-11-06,8.88,9.57,-0.035163912457666896,-0.036179656577502356,-0.06346733825433788,0.002195974883708059,-0.07483164846078412,10.556000000000001,11.231,11.197666666666667,3,6,11,10.295196118327247,10.732626368446718,28.22878228782288,-0.3060940940539041,0.03977018830836062,13.4040202120793,9.057979787920699,0.041865858744408686,0.04682011141312422,0.06128610979121769,563114926.0,-2.1638086815128093,0,0,-1,0,0,-0.007314524555903896,0.14490952951902028,0.7762448399833279,0.7432462269327816,-0.1897810218978102,-0.2985781990521327,0.69100710444388,0.073186936936937,0.0
2025-11-07,8.18,8.88,-0.19332928860378337,-0.14593887514215823,-0.20634773236901852,0.888861111450606,-0.0821094063894231,10.245000000000001,11.0415,11.161,4,7,11,9.91061500590411,10.567940796288866,14.684014869888458,-0.46320974426234507,-0.06082579820578052,13.574393290498541,8.508606709501457,0.04087470025304256,0.04815571291950406,0.06295752087572877,409268309.0,-2.25947142008243,0,0,-1,0,0,-0.11824324324324331,3.368435002685474,0.5533510401205624,0.7644482435521675,-0.2709447415329769,-0.31662489557226403,2.13482241195252,0.12347188264058688,0.0
2025-11-10,8.45,8.18,0.07856799866125146,0.049891581630999667,0.13976194237515863,-0.79932167545952,0.0324742907544267,9.956,10.825500000000002,11.121,0,10,11,9.645048641194272,10.43129945459281,20.866141732283452,-0.5594888463428926,-0.16055840783320294,13.472002955739278,8.178997044260726,0.04446307837539204,0.04555280331595745,0.06281116598663959,478442957.0,-1.7951992041788054,0,0,-1,0,0,0.03545232273838642,0.09508367558503875,0.8460528791278631,0.7231283345751711,-0.18905950095969293,-0.3382928739232577,0.7863204484914782,0.041420118343195436,0.0
2025-11-11,8.94,8.45,-0.017868253830845837,0.04198007224088263,-0.010929070532190206,0.5598910945101762,0.056369147816340406,9.736,10.621500000000001,11.099666666666668,1,11,11,9.51685797915895,10.335086586554565,30.87649402390437,-0.5894569309206119,-0.24633811245068477,13.183401226576997,8.059598773423005,0.05219420112343895,0.04802639320582296,0.0637653534637181,599531923.0,-1.3126969787564258,0,0,-1,0,0,-0.015384615384615268,1.8227789264706618,0.9776717122010579,0.762395356740058,-0.06485355648535573,-0.31336405529953915,-0.15956425689950615,0.09060402684563765,0.0
2025-11-12,8.65,8.94,0.061755204186720765,0.012148133935647483,0.013943845200280091,-0.23825860613097272,-0.03297626824163475,9.483,10.4025,11.061000000000002,2,12,11,9.359247437493686,10.226371322905885,28.517110266159676,-0.6293526446960822,-0.32294101889976423,12.843490954941275,7.961509045058724,0.05158578711197899,0.04793526056341981,0.06385338884845404,504113953.0,-1.4358922522448763,0,0,-1,0,0,-0.010067114093959717,0.9167738603482884,0.9789013749338711,0.7609486708913444,-0.09613375130616508,-0.33614735226400605,0.36729240157364645,0.09306358381502887,0.0
2025-11-13,7.96,8.65,-0.0427070092160263,-0.06989495614797159,-0.061452779213663565,-0.054275754282996226,-0.08313032108749632,9.183,10.206999999999999,10.987,3,13,11,9.104838812494833,10.08015381820228,20.10771992818671,-0.7084805954353115,-0.4000489342068737,12.776063724599386,7.637936275400612,0.05443325423160426,0.04726526866464537,0.0649104113990122,413736830.0,-1.7492754099358825,0,0,-1,0,0,-0.019653179190751435,0.7293607038598461,1.0064921805931983,0.7503128792238337,-0.10360360360360366,-0.32940185341196293,0.3345290639162184,0.0860552763819095,0.0
2025-11-14,7.88,7.96,-0.09130876220217597,-0.03169174043491672,-0.02462859415303968,-0.1605774234559004,-0.010101095986503933,8.849,10.039,10.864,4,14,11,8.882140846586681,9.938208410576326,19.107142857142833,-0.7687833420778958,-0.47379581578107816,12.758666388209724,7.319333611790276,0.05170049443005435,0.046592925467883205,0.059048417923042495,336766983.0,-1.5876947329714255,0,0,-1,0,0,-0.02763819095477384,0.2314829539906701,0.8612184049281215,0.7396397618579205,-0.03667481662591687,-0.29893238434163705,-0.23411622134717994,0.0774111675126904,0.0
2025-11-17,7.42,7.88,0.010282866955584056,-0.04345811081919074,-0.051155163300929896,-0.10950305943174551,-0.060148846690498685,8.549,9.811,10.656666666666666,0,17,11,8.616297056298194,9.775743351829467,18.259385665528995,-0.8439631767172102,-0.5478292879683045,12.608960911656506,7.0130390883434925,0.05080417092437393,0.043186720259353585,0.047482057673386424,267780493.0,-1.7091017891200133,0,0,-1,0,0,-0.007614213197969494,-0.025301197678520793,0.8429313336897338,0.6855679304805868,-0.12189349112426029,-0.3806343906510852,0.9937292861043152,0.08625336927223716,0.0
2025-11-18,7.61,7.42,-0.02853630726493436,-0.014057739490231699,0.0013802624689584903,-0.17685675905992185,0.025284114694305335,8.354,9.621,10.494333333333335,1,18,11,8.433333955153067,9.636017974292082,20.29950083194676,-0.8780902474264494,-0.6138814798599336,12.47725371127246,6.76474628872754,0.050408817685083,0.0440650432361818,0.04646008639049828,325584259.0,-1.4081382140973044,0,0,-1,0,0,0.024258760107816673,-0.44160741242089446,0.6532255465987297,0.6995108754854753,-0.1487695749440715,-0.3330411919368974,0.3239740358731403,0.06833114323258864,0.0
2025-11-19,7.47,7.61,0.006557400546159261,0.0064143901776637004,0.01573758104801028,0.0800330702459771,-0.01856817272886857,8.144,9.4515,10.328,2,19,11,8.258182326943418,9.496274879176465,20.57335581787521,-0.9059893455897967,-0.6723030530059062,12.399057597312304,6.503942402687695,0.049818744493539645,0.04352988821933297,0.04639055811462853,262964116.0,-1.3445029890556217,0,0,-1,0,0,0.005256241787122212,-0.2674025359182633,0.6588666578350716,0.6910155529607718,-0.1364161849710983,-0.3121546961325967,-0.01153770335709812,0.06091030789825972,0.0
2025-11-20,6.87,7.47,0.012987195526811112,0.007643349312568066,-0.07103160817679967,0.12905132681388973,-0.08373089291046797,7.943,9.2495,10.135,3,20,11,8.005785540226432,9.326837790197338,15.31100478468899,-0.9653861963378336,-0.7309196816722917,12.32706893120456,6.171931068795439,0.05077157603303593,0.04535246918962847,0.04743017788907865,191718141.0,-1.5463504169628222,0,0,-1,0,0,0.037483266398929085,-0.01675053884162845,0.661597173862378,0.7199481289108559,-0.13693467336683418,-0.3703024747937672,-0.023785226756839688,0.14847161572052395,0.0
2025-11-21,7.18,6.87,-0.11907419142000338,-0.07851046422261959,-0.04624239209063339,-0.18806068936677264,0.044135276825874765,7.843000000000001,9.044,9.975333333333333,4,21,11,7.855642714730717,9.18833212631364,21.97231833910034,-0.9761912936892845,-0.7799740040756903,12.096656479027267,5.991343520972734,0.05107115385335464,0.04608219751642324,0.04834243557903742,250750021.0,-1.2212314178200407,0,0,-1,0,0,0.0014556040756913808,-0.5104988435427925,0.8473841507678588,0.7315322069748853,-0.08883248730964466,-0.3640389725420726,0.0046547776010341735,0.10236768802228417,0.0
2025-11-24,7.44,7.18,0.0426807311148806,0.025077559497557696,0.08062973440010922,-0.5493626509687305,0.0355714657848678,7.742,8.849,9.797666666666666,0,24,11,7.780071312052404,9.075536505261148,29.536679536679543,-0.9527913979539324,-0.8145374828513388,11.779944880876577,5.918055119123423,0.05139230816487899,0.04754269182410005,0.046838583357988205,284830167.0,-0.9614646861449001,0,0,-1,0,0,0.0,-1.4055515898901396,0.8240825307578595,0.754716835350915,0.0026954177897575704,-0.34391534391534384,-1.2553156168242234,0.049731182795698936,0.0
2025-11-25,7.38,7.44,0.028828351899977595,0.0013377928416599535,0.008415196925284498,0.08737539123048696,-0.008097210232619475,7.586,8.661,9.609666666666667,1,25,11,7.7073310734974205,8.966147053308816,29.063097514340342,-0.9283864494666467,-0.8373072761744004,11.452226102968819,5.869773897031181,0.045368946451154496,0.047613285414597084,0.04636852873117704,247638290.0,-0.9178761968709707,0,0,-1,0,0,-0.006720430107526977,-1.236521950519364,0.7966138553250771,0.7558374738585767,-0.030223390275952777,-0.33752244165170564,-0.7620694429204035,0.043360433604336085,0.0
2025-11-26,7.49,7.38,0.0013522652500137541,0.015915455305899363,0.028229068942039377,-0.25465489245795403,0.014795158916747117,7.469999999999999,8.4765,9.425,2,26,11,7.667816332861525,8.870911759546956,35.05376344086021,-0.8899109319969307,-0.8478280073389065,11.045630715160032,5.907369284839968,0.046163593446129775,0.047965221066844255,0.04663363209744581,276468837.0,-0.7679640387145891,0,0,-1,0,0,0.002710027100271065,-1.4290077890735564,0.7966491360286001,0.7614242791386366,0.0026773761713521083,-0.3300536672629696,-1.396312233698785,0.031375166889185506,0.0
2025-11-28,7.79,7.49,0.02139118998131756,0.042101176018635535,0.014142562259670526,-0.20291039672018263,0.03927206235352882,7.453,8.318,9.288999999999998,4,28,11,7.6900315450685195,8.80117551699554,45.41176470588236,-0.825693236748613,-0.8434010532208479,10.619172241317514,6.016827758682486,0.04239440311022823,0.04972909404753618,0.04572555602588524,300004694.0,-0.45889654891517234,0,0,-1,0,0,0.009345794392523284,-1.5241761708529167,0.3505314479458013,0.789424894645939,0.13391557496360984,-0.28923357664233584,-1.0831108956483764,0.05865211810012838,0.0
