date,close,YesterdayClose,YesterdayOpenLogR,YesterdayHighLogR,YesterdayLowLogR,YesterdayVolumeLogR,YesterdayCloseLogR,MA10,MA20,MA30,DayOfWeek,DayOfMonth,MonthNumber,EMA10,EMA30,RSI,MACD,MACD_Signal,BollingerUpper,BollingerLower,Volatility_10,Volatility_20,Volatility_30,OBV,ZScore,insider_shares,insider_amount,insider_buy_flag,sentiment,num_articles,overnight_gap,abnormal_vol,volatility_5d,volatility_20d,momentum_5d,momentum_20d,skew_5d,intraday_range,sentiment_change
2019-08-28,8.82,8.64,0.041769412876295146,-0.007869630271418104,0.004744967384225733,-0.9888778006107896,0.02061928720273561,8.407,8.615,9.138333333333332,2,28,8,8.535898615177532,9.160004846282883,45.49549549549548,-0.4523390031810166,-0.5497858020556766,9.701675277115813,7.528324722884188,0.026368682164180923,0.053563532153829946,0.04714929124118474,-34280177.0,0.3772976238938622,0,0,-1,0,0,0.018518518518518535,-1.7473161862713578,0.3607129861789045,0.8502947125274757,0.07299270072992692,-0.097236438075742,-0.546818628190456,0.04648526077097507,0.0
2019-08-29,9.2,8.82,0.01801850550267843,0.05703299840114395,0.0574870909176816,0.9697369667006934,0.04218161403629467,8.496,8.6085,9.076666666666666,3,29,8,8.656644321508889,9.162585178780763,45.98214285714284,-0.36898872537646277,-0.5136263867198338,9.678596404904466,7.538403595095533,0.028396253195107562,0.053610791309733424,0.04764749375742102,-32576339.0,1.1055078725412715,0,0,-1,0,0,0.015873015873015938,-0.683831735830243,0.37151395370853857,0.8510449283696242,0.12195121951219523,-0.01393354769560562,-1.6455504235614327,0.046739130434782776,0.0
2019-08-30,9.46,9.2,0.043675063502661426,0.012712035588361724,0.022100347000666137,-0.7616351013568732,0.02786889900879245,8.572,8.6415,9.042,4,30,8,8.802708990325455,9.181773231762648,44.622425629290625,-0.2787400607104864,-0.4666491215179644,9.775273856593426,7.507726143406575,0.026275588383632073,0.05216486979947003,0.04724628016172863,-31780813.0,1.4438505443392262,0,0,-1,0,0,0.017391304347826105,-1.3800930359279409,0.1318013458457682,0.828091635980769,0.17224287484510548,0.07499999999999996,-0.22477472144859187,0.0369978858350951,0.0
2019-09-03,9.35,9.46,0.009569451016150672,0.05628083589858978,0.017335212001545686,1.2749209586174568,-0.011696039763191411,8.662,8.7,9.018666666666666,1,3,9,8.902216446629916,9.19262657164893,57.52212389380531,-0.21363082132021383,-0.41604546147841426,9.854068318692839,7.5459316813071595,0.024026740074973234,0.04926838182215123,0.04666417869252078,-34627538.0,1.1264497767969668,0,0,-1,0,0,-0.0010570824524314547,0.533134370658812,0.3341589527843114,0.7821113147999248,0.11976047904191622,0.14303178484107582,-1.4281411521320944,0.079144385026738,0.0
2019-09-04,9.98,9.35,0.023013567959551635,0.007928683755507263,0.031819184552171635,-0.4320408871533225,0.06520674702277698,8.828999999999999,8.807,9.005333333333333,2,4,9,9.098177092697204,9.243424857349,77.71084337349397,-0.10992835944669288,-0.35482204107207,10.020626145504714,7.593373854495287,0.027899305911045343,0.04953628115787034,0.047945185025385535,-32779493.0,1.9330499830525345,0,0,-1,0,0,0.03422459893048131,-0.38876765416637327,0.4619663692212925,0.7863640849121979,0.15509259259259256,0.2729591836734695,-0.24067833287825982,0.052004008016032076,0.0
2019-09-05,9.97,9.98,0.04350711438201087,0.0009866799024451063,0.030636072500749307,-0.48370726301956557,-0.00100250634962559,9.004,8.886,8.997666666666667,3,5,9,9.256690348570439,9.290300673003903,76.26582278481013,-0.028224967842689352,-0.2895026264261939,10.187827056183165,7.584172943816833,0.026893563438332338,0.04776334285139976,0.04783630512301923,-33918801.0,1.6653517759543073,0,0,-1,0,0,0.012024048096192307,-1.0015921754667494,0.5113936491459596,0.7582195618195107,0.13038548752834478,0.18831942789034573,0.15725441406836424,0.023069207622868647,0.0
2019-09-06,9.96,9.97,-0.001982161203991211,0.0029542118974313827,-0.00607289315789912,-0.2731869602934499,-0.0010035123772400224,9.180000000000001,8.922999999999998,9.005666666666666,4,6,9,9.384564830648541,9.333507081197201,72.66187050359714,0.0353115921643532,-0.2245397827080845,10.304427179634011,7.541572820365986,0.026765659384353442,0.04292720900834804,0.04699378430460016,-34785758.0,1.5013458766241152,0,0,-1,0,0,0.011033099297893624,-1.131257745078739,0.510141699956572,0.6814483170850832,0.0826086956521741,0.08026030368763548,1.2753866825334526,0.032128514056224924,0.0
2019-09-09,9.78,9.96,-0.003976148379639517,0.00978481387999827,-0.014315172880763833,0.6578617929141587,-0.018237587549781015,9.351,8.934,8.995666666666667,0,9,9,9.456462134166987,9.362313075958673,74.53874538745384,0.07032956262953505,-0.1655659136405606,10.340068052556864,7.527931947443134,0.027102488928627787,0.042520578781935665,0.04664839032214948,-36459557.0,1.2033556959943594,0,0,-1,0,0,0.008032128514056052,-0.3978546470624563,0.5469979435010457,0.674993262357189,0.03382663847780121,0.023012552301255207,1.9854841644565009,0.05725971370143137,0.0
2019-09-10,9.75,9.78,-0.034451228754245965,-0.04684463826394051,-0.033510989083062076,-0.4680710958714173,-0.0030721990369701403,9.491000000000001,8.925,8.984666666666667,1,10,9,9.509832655227534,9.387325135574242,77.69230769230765,0.09457065558511069,-0.11353859979542635,10.306311352531203,7.543688647468798,0.02741425075600468,0.0416407560558888,0.04665187423344962,-37507705.0,1.194517077541159,0,0,-1,0,0,-0.008179959100204507,-0.8875613400039466,0.531659946790835,0.6610265095715315,0.04278074866310155,-0.01812688821752262,1.9679335996732719,0.042051282051282064,0.0
2019-09-11,9.57,9.75,0.007190580545354209,0.0035650661644961446,0.00953902304675891,-0.07719847854299373,-0.018634079544892868,9.584,8.961500000000001,8.969666666666667,2,11,9,9.52077217245889,9.399110610698484,75.09293680297394,0.09812626225303944,-0.07120562738573319,10.371632879143704,7.551367120856298,0.028504467833850206,0.03311247135532213,0.0467622362796357,-38477982.0,0.8630392341032547,0,0,-1,0,0,0.0020512820512820075,-0.9086262866732182,0.14476260393914195,0.5256441870055933,-0.0410821643286573,0.08257918552036214,-0.5718371710909028,0.037095088819226796,0.0
2019-09-12,9.39,9.57,-0.0217287389913814,-0.004585995298603603,-0.012739025777429826,-0.545949863044511,-0.018987912244691343,9.641,9.024,8.956999999999999,3,12,9,9.496995413830001,9.398522829363099,70.87719298245615,0.08543477161106772,-0.039877547586373005,10.390969756720857,7.6570302432791415,0.029661259438752387,0.02732868673537101,0.04666469403463093,-39040055.0,0.5354909985396854,0,0,-1,0,0,-0.0010449320794148158,-1.216141131974691,0.14323134304105717,0.433829452558688,-0.05817452357071218,0.15356265356265353,0.6345393984332364,0.04579339723109688,0.0
2019-09-13,9.5,9.39,-0.011572985557658632,-0.020640567647072037,0.005327663107787569,0.8104182892867203,0.011646505386323504,9.671,9.083499999999999,8.962666666666667,4,13,9,9.497541702224545,9.405069743597739,75.2650176678445,0.08329260918090675,-0.015243516232917056,10.422930751043932,7.744069248956066,0.026913583418017396,0.027169068298535243,0.0459315267197808,-37776038.0,0.6219059845764879,0,0,-1,0,0,0.00638977635782734,-0.4210174097213981,0.21471017010741067,0.43129558842751814,-0.04618473895582342,0.1432009626955475,1.2300446357276935,0.0189473684210526,0.0
2019-09-16,9.33,9.5,0.00632913505164753,0.007272759329079878,-0.017149402072954463,-0.7377476144378899,-0.018056783747242726,9.658,9.115,8.980333333333332,0,16,9,9.467079574547355,9.400226534333369,68.01470588235293,0.06710381970792234,0.0012259509552508228,10.446062100651012,7.783937899348988,0.02614818913352409,0.02600372571696,0.04475887351614301,-38380478.0,0.3230502917855524,0,0,-1,0,0,0.001052631578947346,-1.0258792221380142,0.2142584202686484,0.4127963484492656,-0.04601226993865026,0.07241379310344831,1.2314319160155853,0.04394426580921759,0.0
2019-09-17,9.02,9.33,-0.028801990903706078,-0.04013210142631754,-0.027398974188114388,0.579377262327425,-0.033790680784720244,9.625,9.1435,9.008333333333333,1,17,9,9.38579237917511,9.37569579018283,56.93430656934304,0.02892623456859944,0.006766007677920547,10.438531395677142,7.848468604322858,0.027946040640368545,0.02631708936829321,0.04314101355936925,-39459359.0,-0.19072896674512616,0,0,-1,0,0,-0.009646302250803844,-0.44683475539128215,0.2608651011845912,0.4177708421973946,-0.07487179487179496,0.06745562130177518,1.3123310182445724,0.03104212860310414,0.0
2019-09-18,9.04,9.02,-0.026317308317373417,-0.01520116133205044,-0.005571045049455472,-0.3460848689931421,0.0022148403295528213,9.531,9.180000000000001,9.048333333333334,2,18,9,9.322921037506907,9.35403799726781,54.26356589147284,0.0002808190370089392,0.005468969949738225,10.415918580183227,7.944081419816777,0.013524941120882664,0.025891466964220653,0.04227234918873183,-38696102.0,-0.2265521406422215,0,0,-1,0,0,-0.0022172949002216822,-0.8090357191708452,0.28540654607733806,0.411014295995834,-0.05538140020898652,0.08784596871239447,0.21645858992256362,0.02101769911504439,0.0
2019-09-19,9.16,9.04,0.0,0.025919377552074713,0.004459316196764897,0.28190622393234516,0.0131870042819539,9.45,9.227,9.074000000000002,3,19,9,9.29329903068747,9.34151941679892,49.137931034482776,-0.01259272098389097,0.0018566317630123864,10.377763590884452,8.076236409115548,0.015201698670421369,0.025699047044637793,0.040517679685806295,-37684287.0,-0.11644442095792314,0,0,-1,0,0,-0.004424778761061853,-0.3703285328907581,0.3202731186113693,0.4079597244687662,-0.024494142705005384,0.11435523114355228,-0.7379363259414562,0.042576419213973864,0.0
2019-09-20,9.5,9.16,0.0317139754895277,0.023183335455657067,0.028510703040804858,0.14580315150336096,0.03644561992045628,9.404,9.292,9.083333333333334,4,20,9,9.33088102510793,9.35174397055383,50.83333333333331,0.004587186076474126,0.0024027426257047344,10.340861036402929,8.24313896359707,0.020940506346181928,0.02654507078136701,0.03692208846510828,-36513649.0,0.39662070146744427,0,0,-1,0,0,0.014192139737991157,-0.09045241602564719,0.4334800835865362,0.4213899349326248,0.0,0.1585365853658538,0.17216758221096537,0.03684210526315786,0.0
2019-09-23,9.06,9.5,0.011771136450211129,-0.021053409197832267,-0.020754431469445764,-0.41356565194650047,-0.04742267855160718,9.331999999999999,9.3415,9.066666666666666,0,23,9,9.281629929633759,9.332921778905195,44.68864468864471,-0.017104763503883902,-0.0014987586002129928,10.228488399615603,8.454511600384397,0.02456275067261156,0.02875083141305699,0.037308957960470256,-37287778.0,-0.6347320892178385,0,0,-1,0,0,-0.010526315789473648,-0.6511870692409018,0.542000069595718,0.4564052994317553,-0.02893890675241151,0.12267657992565062,-0.06715622798074466,0.03752759381898453,0.0
2019-09-24,8.78,9.06,-0.03684056922107025,-0.02368248464355921,-0.03253231367079634,0.5232001555875241,-0.03139271240786283,9.235,9.363000000000001,9.028333333333332,1,24,9,9.190424487882165,9.297249406072602,24.789915966386545,-0.05624113695283839,-0.012447234270738072,10.165629887832571,8.560370112167432,0.025580468811900795,0.029068013683827297,0.03691052963290802,-38594058.0,-1.4527243723114813,0,0,-1,0,0,0.0,0.21024044964086033,0.5346903184020032,0.4614404118841772,-0.026607538802660757,0.05149700598802398,-0.08478784157158337,0.0466970387243736,0.0
2019-09-25,8.75,8.78,-0.03253231367079634,-0.01680711831638129,-0.009163867106790975,0.023759347683516806,-0.0034227072775021715,9.153,9.368500000000001,9.025333333333332,2,25,9,9.110347308267226,9.261942992777596,24.58333333333333,-0.08865577555868143,-0.027688942528326745,10.151537943558708,8.585462056441294,0.025478149049230004,0.028105876696689767,0.030974113292854395,-39931746.0,-1.5797446473387395,0,0,-1,0,0,-0.0011389521640090875,0.31134066865332055,0.5314369395163339,0.44616696071332007,-0.03207964601769897,0.0127314814814814,0.07801846587103196,0.03851428571428569,0.0
2019-09-26,8.61,8.75,-0.005717568463203296,-0.015293036790204547,-0.009248620837661247,-0.6122146992233575,-0.016129381929883644,9.075,9.358,9.041,3,26,9,9.019375070400457,9.219882154533881,23.320158102766783,-0.1242096288759793,-0.04699307979785726,10.176820718119096,8.539179281880905,0.025368644921381387,0.027944461533355384,0.027329024153080597,-40656972.0,-1.8270177670106458,0,0,-1,0,0,-0.0034285714285713555,-0.8431832351546806,0.5043229014232602,0.4436045744332142,-0.0600436681222708,-0.023809523809523947,0.9192315892891542,0.03252032520325217,0.0
2019-09-27,8.19,8.61,-0.013857034661426354,-0.02390552085355448,-0.062295587369239055,1.3755916438127822,-0.05001042057466142,8.943999999999999,9.307500000000001,9.037,4,27,9,8.868579603054918,9.153438144563953,21.29963898916968,-0.18415399111744257,-0.07442526206177433,10.277901436194547,8.337098563805455,0.02720085185778568,0.02789493924101813,0.02861860221295566,-43526994.0,-2.3031705401886176,0,0,-1,0,0,-0.001161440185830405,2.5354197000963494,0.30926742075022967,0.4428184324139449,-0.1378947368421053,-0.10978260869565215,0.35971965962923846,0.07203907203907203,0.0
2019-09-30,8.19,8.19,-0.037919234862293726,-0.04356191980490187,0.0012353306079928082,-0.8983215801229375,0.0,8.83,9.244,9.02,0,30,9,8.745201493408569,9.091280844914667,21.53284671532846,-0.22902032630813274,-0.10534427491104602,10.331525438298979,8.156474561701021,0.027531496400664112,0.026792430357580672,0.027207433217228537,-43526994.0,-1.9383454637136297,0,0,-1,0,0,0.010989010989010973,-0.12967910587440298,0.3212457510660082,0.4253166464710548,-0.09602649006622532,-0.13424947145877386,-0.6734239548794196,0.025641025641025748,0.0
2019-10-01,8.19,8.19,-0.018282044837448958,-0.0012040940648045638,-0.0012353306079927434,-0.3367720700721394,0.0,8.747,9.186,9.011333333333333,1,1,10,8.644255767334283,9.03313369362985,23.046875,-0.26156209517482054,-0.13658783896380094,10.36924086616734,8.00275913383266,0.026760263272984808,0.02680931137689362,0.026722731115511083,-43526994.0,-1.6835118334378782,0,0,-1,0,0,-0.00732600732600717,-0.6072614563804946,0.32889698498336306,0.42558462434493083,-0.06719817767653757,-0.12406417112299473,-1.7458836391525987,0.025641025641025748,0.0
2019-10-02,8.12,8.19,0.0012292564547296896,-0.0182375875497809,-0.005577950626053783,0.48733322661916023,-0.008583743691391555,8.655,9.093,9.004999999999999,2,2,10,8.548936536909867,8.974221842427925,24.081632653061206,-0.2896610640000059,-0.16720248397104195,10.305498073791204,7.880501926208796,0.026461185409504706,0.020455145617365677,0.026598314816399803,-44885736.0,-1.6049510032748373,0,0,-1,0,0,-0.006105006105005975,0.46704141575742375,0.32076750004364535,0.3247153700109741,-0.07200000000000006,-0.18637274549098204,-1.675140911031183,0.012931034482758674,0.0
2019-10-03,8.24,8.12,0.0097800290536397,0.010982416668608927,-0.003112358565923498,-0.06295213507134705,0.01467018974779384,8.562999999999999,9.006499999999999,9.005666666666666,3,3,10,8.49276625747171,8.926852691303543,24.390243902439053,-0.2988022952562055,-0.19352244622807468,10.202286902332302,7.810713097667697,0.026614257273430423,0.021116537131196253,0.026663917388327615,-43609893.0,-1.2820009961724648,0,0,-1,0,0,0.012315270935960767,0.28599021038023525,0.38139309145358125,0.3352146348000396,-0.04297328687572577,-0.17352056168505525,-1.5456721183532183,0.02669902912621367,0.0
2019-10-04,8.51,8.24,-0.0024360547978813383,0.03926738868830802,0.022195732391784347,-1.3196353755984254,0.03224159866390248,8.464,8.934000000000001,9.016,4,4,10,8.495899665204126,8.89995896928396,33.984375000000014,-0.28102061267623313,-0.21102207951770638,10.060174708330916,7.807825291669087,0.025777021108346208,0.023071956647097113,0.02730080775439571,-43268946.0,-0.7529915151946631,0,0,-1,0,0,-0.004854368932038947,-1.4553384545849881,0.25853432220158906,0.3662559572872955,0.039072039072039155,-0.14558232931726922,1.021160442568963,0.043478260869565334,0.0
2019-10-07,8.11,8.51,0.027662617743556682,-0.01647096059592441,-0.011036286142885886,0.7316220113438275,-0.048144074457961275,8.369,8.8505,9.017333333333333,0,7,10,8.425736089712466,8.848993874491446,32.830188679245296,-0.29579541278963184,-0.2279767461720915,9.960084559525253,7.7409154404747476,0.025883472492116897,0.024619404482852686,0.028551073780256644,-43977587.0,-1.3347337859799195,0,0,-1,0,0,-0.009400705052878974,-0.6787228080480908,0.4736912040648094,0.39082093012882174,-0.009768009768009733,-0.1707566462167689,-0.7673946143660607,0.0394574599260173,0.0
2019-10-08,7.93,8.11,-0.0523552303339281,-0.03808257104720949,-0.02370666230098699,0.4232451341269371,-0.0224448324805649,8.284,8.7595,9.003333333333334,1,8,10,8.335602255219289,8.789703947104902,30.249110320284714,-0.31835919734811036,-0.24605323640729526,9.856931930511076,7.662068069488924,0.02526762038643401,0.024746860501880463,0.028091018046876824,-45059617.0,-1.5117110718907185,0,0,-1,0,0,-0.013563501849568366,0.041895191060002716,0.49470547865651743,0.39284423170549665,-0.031746031746031744,-0.18666666666666665,-0.07576951054963305,0.024590163934426267,0.0
2019-10-09,8.01,7.93,0.0,0.0006159532070319814,-0.0012634240467719062,0.10188804628266313,0.010037725433511299,8.209999999999999,8.6815,8.982333333333335,2,9,10,8.276401845179418,8.739400466646522,29.241877256317693,-0.32602758471047366,-0.26204810606793094,9.75793221606819,7.60506778393181,0.025999374160963807,0.02505365093992418,0.02735046086702852,-43861529.0,-1.2476401021380463,0,0,-1,0,0,0.008827238335435092,0.24461151827348346,0.5063097407496983,0.39771437892755407,-0.013546798029556606,-0.1630094043887148,-0.6042016130338554,0.026217228464419363,0.0
2019-10-10,8.11,8.01,-0.005012541823544286,0.0024600258408626207,-0.003799877909774786,0.22328176199357494,0.01240710704705373,8.16,8.6175,8.958666666666668,3,10,10,8.246146964237704,8.698793984927393,22.529644268774703,-0.32034295845921257,-0.2737070765461873,9.668471981197955,7.566528018802044,0.026637592568418664,0.02535504442105908,0.027150168817228273,-42363712.0,-0.9657726544175309,0,0,-1,0,0,-0.0062421972534331864,0.743605382560474,0.5016719871573582,0.402498852114708,-0.015776699029126262,-0.13631522896698622,-0.5716562870594992,0.032059186189889115,0.0
2019-10-11,8.53,8.11,0.024815169119723993,0.05147755259523946,0.03491626510622788,-0.7126951763232108,0.050491493376266114,8.193999999999999,8.568999999999999,8.936333333333332,4,11,10,8.297756607103576,8.68790405041595,39.44223107569719,-0.27873428594373273,-0.2747125184256964,9.534551928337251,7.603448071662748,0.02751095463168641,0.0283210402933554,0.027694460869314663,-41629301.0,-0.08078281210035065,0,0,-1,0,0,0.006165228113440285,-0.6935742784332634,0.5958881612016759,0.44958257692114895,0.00235017626321965,-0.10210526315789481,0.07581833637686317,0.04806565064478314,0.0
2019-10-14,7.66,8.53,0.034922272393066715,-0.014101291240606105,-0.06584656579758663,1.6474666940452571,-0.10757737775108767,8.141,8.485499999999998,8.876333333333333,0,14,10,8.181800860357471,8.621587660066535,31.935483870967758,-0.3123601489479153,-0.2822420445301402,9.46272431837375,7.508275681626246,0.043556853251275625,0.03563648576734161,0.03254765605891007,-45443689.0,-1.689479036653026,0,0,-1,0,0,-0.009378663540445496,3.2629466651961483,0.9166839943091315,0.5657116736440722,-0.055487053020961685,-0.17899249732047162,-1.1389339783818027,0.1057441253263707,0.0
2019-10-15,7.47,7.66,-0.08004270767353637,-0.07237983492796714,-0.030567163870433595,-0.4879760976828253,-0.025116984607774062,8.068999999999999,8.408,8.813666666666666,1,15,10,8.052382522110658,8.547291681997727,30.368098159509202,-0.35030223364979207,-0.29585408235407057,9.450418241145881,7.365581758854118,0.043895862311063835,0.035386437576351695,0.032707882622294605,-47785218.0,-1.7996615235145936,0,0,-1,0,0,0.018276762402088732,1.250376083620785,0.9190611884703258,0.5617422816692268,-0.058007566204287486,-0.17184035476718407,-1.0881356364109638,0.060240963855421714,0.0
2019-10-16,7.12,7.47,-0.05129329438755046,-0.05357257404964702,-0.05406722127027582,0.2934470086796137,-0.04798727372084145,7.968999999999999,8.312,8.718333333333334,2,16,10,7.882858427181447,8.455208347675294,28.53025936599424,-0.40395711786180666,-0.3174746894556178,9.457859364935553,7.166140635064446,0.04556316472394723,0.036274431961904136,0.030320976334808042,-50925307.0,-2.080534551580055,0,0,-1,0,0,-0.008032128514056172,1.8865660393384165,0.9276139444716611,0.5758387555279869,-0.11111111111111105,-0.21238938053097334,-0.18705093735271916,0.06039325842696638,0.0
2019-10-17,7.37,7.12,-0.03571808260207923,-0.006734032181344068,-0.0014255169912209499,-0.7361448596699561,0.03450998077736084,7.882,8.2225,8.631666666666666,3,17,10,7.789611440421184,8.385194905889792,37.575757575757585,-0.4214479004454441,-0.3382693316535831,9.369099090216013,7.075900909783987,0.04731572910844148,0.037363068373022716,0.03141789035408011,-49421340.0,-1.4870062383171672,0,0,-1,0,0,0.00421348314606745,0.049823334714498874,0.9920880975706523,0.5931203227999248,-0.09124537607891481,-0.1954148471615721,-0.26908139320298474,0.05291723202170971,0.0
2019-10-18,7.54,7.37,0.027587956518828963,0.03060784508624158,0.040536647107846775,0.16350639565058606,0.022804475818619475,7.784999999999999,8.1245,8.551,4,18,10,7.744227542162786,8.330666202284,40.634005763688776,-0.41678742639620836,-0.35397295060210815,9.13876613345495,7.110233866545048,0.046431297238018185,0.0365510733677714,0.03194613563541573,-47650219.0,-1.1525574614405873,0,0,-1,0,0,-0.0027137042062415823,0.31375466841662436,0.8806877317656872,0.5802303017015954,-0.1160609613130128,-0.20631578947368423,-0.5099763951483703,0.04376657824933688,0.0
2019-10-21,7.57,7.54,0.040005334613699206,0.006401485052040889,0.01630470902494357,-0.30461991227531743,0.00397088542949272,7.731,8.049999999999999,8.477333333333332,0,21,10,7.7125498072240966,8.281590963426968,41.14285714285715,-0.4059931811850266,-0.36437699671869184,8.991197445586693,7.108802554413305,0.04481336744715745,0.0357018899087681,0.03197746648718437,-46344188.0,-1.0199772688520032,0,0,-1,0,0,0.014588859416445665,-0.23732642315339195,0.5367644571404722,0.5667499322016414,-0.011749347258485643,-0.16445916114790293,-0.3922219365053213,0.03421400264200797,0.0
2019-10-22,7.33,7.57,-0.0013080446600154524,0.001431453169146027,-0.016304709024943697,0.041567824184360544,-0.03221755155079728,7.670999999999999,7.977499999999999,8.396666666666667,1,22,10,7.6429952968197155,8.220197998044585,39.23705722070846,-0.41205474768697936,-0.3739125469123493,8.90522216802909,7.049777831970908,0.04529508817087919,0.035728927798518516,0.0322515060952591,-47705652.0,-1.3958920511204065,0,0,-1,0,0,0.009247027741083142,-0.17785846297046026,0.5571607601895838,0.5671791453951748,-0.018741633199464536,-0.16514806378132108,-0.29332849175776554,0.05320600272851304,0.0
2019-10-23,7.81,7.33,-0.031917602968304974,0.024407120352235065,0.0027359798188748455,0.30323118698927537,0.06342944795303446,7.651000000000001,7.930499999999999,8.338,2,23,10,7.67335978830704,8.193733611073966,44.66501240694788,-0.37381745936016664,-0.37389352940191284,8.785860188827806,7.075139811172193,0.05066997295754213,0.039367356303547554,0.034928427195719786,-45861920.0,-0.28175265010903544,0,0,-1,0,0,0.009549795361528005,0.3387666421898533,0.5741933708304635,0.624937407319547,0.09691011235955038,-0.10742857142857143,-0.28172053061616875,0.07170294494238151,0.0
2019-10-24,7.75,7.81,0.048790164169431834,0.008844024796452774,0.018945086242449203,-0.665531220009021,-0.007712120486338919,7.615,7.8875,8.283333333333333,3,24,10,7.6872943722512135,8.165105636165968,40.05235602094241,-0.3443857666897552,-0.3679919768594813,8.683433744928402,7.091566255071598,0.050459326266143065,0.03928796276918347,0.03484838583429388,-46809599.0,-0.34550614514369904,0,0,-1,0,0,-0.005121638924455831,-0.6935603813788294,0.5797685667766713,0.623677074033744,0.05156037991858886,-0.09988385598141691,0.7244237794175034,0.06322580645161294,0.0
2019-10-25,7.9,7.75,-0.01165061721997525,0.012500162764231468,0.026456569536830465,-0.06131905891258272,0.019169916107720123,7.552,7.873,8.23,4,25,10,7.725968122750992,8.148002046735906,47.058823529411775,-0.3054363121281538,-0.3554808439132158,8.656194537908997,7.089805462091004,0.04747481417847432,0.03818487887529949,0.03500821043019991,-45918285.0,0.0689483868773799,0,0,-1,0,0,-0.009032258064516166,-0.6805509187023506,0.5753339244546251,0.6061661600829973,0.04774535809018565,-0.03540903540903528,0.8327084440184841,0.049367088607595006,0.0
2019-10-28,7.88,7.9,0.011650617219975274,-0.011243091574180467,0.0,-0.4666832715610967,-0.0025348556031880663,7.574000000000001,7.8575,8.181666666666667,0,28,10,7.753973918614448,8.130711592107783,49.266862170087975,-0.2730350436012223,-0.3389916838508172,8.626419268912688,7.088580731087312,0.033686488612639245,0.03818525750940856,0.03493334189533952,-46477209.0,0.05852369919618928,0,0,-1,0,0,-0.016455696202531744,-1.0173472497395273,0.5813702431731252,0.6061721707131402,0.04095112285336855,-0.03785103785103783,0.9704073292252007,0.03807106598984769,0.0
2019-10-29,7.76,7.88,0.007692345623155645,-0.008832864998508837,0.005857485019579088,0.4516285309701731,-0.015345569674660421,7.603,7.836,8.139666666666667,1,29,10,7.755069569775457,8.106794715197603,46.3768115942029,-0.2541105734607356,-0.3220154617728009,8.5896689207505,7.082331079249501,0.03292499718501551,0.038311258379799346,0.03458495632974132,-47355205.0,-0.20168006907945785,0,0,-1,0,0,-0.006345177664974597,-0.646497973426182,0.5177224064451194,0.6081723725213304,0.058663028649386106,-0.05250305250305243,1.4900725859594417,0.02384020618556696,0.0
2019-10-30,7.91,7.76,-0.010269666637456156,0.008832864998508884,-0.003249921612498337,-0.7332957086354153,0.019145447584435274,7.682,7.8255,8.101999999999999,2,30,10,7.783238738907191,8.094098281959049,47.142857142857146,-0.22442205043373598,-0.30249677950498793,8.568282110149305,7.082717889850696,0.02774422201788905,0.03856610242005628,0.03483830998996475,-46933483.0,0.22752298108799415,0,0,-1,0,0,-0.0012886597938144056,-1.0903964449200025,0.2523145365185325,0.6122178962430911,0.012804097311139628,-0.025862068965517127,0.24386073514709689,0.03539823008849561,0.0
2019-10-31,7.77,7.91,0.011545990997060728,-0.002515724597247247,0.003898640415657323,0.08010727601504437,-0.01785761740000646,7.7219999999999995,7.802,8.055666666666665,3,31,10,7.780831695469519,8.073188715381047,38.19875776397516,-0.2097723865187504,-0.2839519009077404,8.518852770613881,7.085147229386118,0.027653298461970198,0.03856877396791515,0.03477238373064328,-47390378.0,-0.0892791415804855,0,0,-1,0,0,-0.00884955752212393,-0.9773254403342374,0.2859336363328577,0.6122603057505922,0.002580645161290196,-0.05703883495145634,0.20448651150195038,0.029601029601029658,0.0
2019-11-01,7.76,7.77,-0.00768249617201617,-0.01076300355145982,-0.018325120125880646,0.5282352154357897,-0.0012878301844286139,7.744,7.7645,7.997666666666666,4,1,11,7.777044114475061,8.052982991808076,52.1186440677966,-0.1967018818956845,-0.26650189710532923,8.39916443682341,7.129835563176591,0.027012718965096032,0.037684838978454885,0.03386819933756196,-48165243.0,-0.014180722091577539,0,0,-1,0,0,0.001287001287001374,-0.664320902039133,0.23360468591311942,0.5982282728070301,-0.017721518987341867,-0.08813160987074031,0.9664079316587189,0.03672680412371136,0.0
2019-11-04,8.28,7.76,0.003848625661294235,0.05510524309496783,0.031211896402237187,0.14557408497994528,0.06486063420204093,7.8149999999999995,7.772999999999999,7.971666666666666,0,4,11,7.868490639115958,8.067629250401104,65.05576208178438,-0.14273835967652282,-0.24174918961956798,8.431262465650414,7.114737534349582,0.03373235244344847,0.039407826585680816,0.035514573820287706,-47268954.0,1.5404189862140893,0,0,-1,0,0,0.006443298969072142,-0.5413493668591594,0.5537581239902527,0.6255798531316263,0.050761421319796884,0.020961775585696563,1.3855144312926502,0.059178743961352795,0.0
2019-11-05,8.25,8.28,0.062054645015762314,0.007202912294057796,0.030267127578877638,-0.48272047263470885,-0.0036297680505786127,7.906999999999999,7.789,7.953999999999999,1,5,11,7.9378559774585105,8.079395105213937,73.83966244725738,-0.10122576124639338,-0.21364450394493306,8.47816119877333,7.09983880122667,0.03097699775024472,0.03903001251389986,0.03510589833524129,-47822056.0,1.3378582567345803,0,0,-1,0,0,0.003623188405797239,-0.8853907944596204,0.5252845295393441,0.6195822406771077,0.06314432989690721,0.04035308953341743,1.4340902359781853,0.03757575757575742,0.0
2019-11-06,7.8,8.25,-0.015767458252701212,-0.015672412407631696,-0.03218958892073223,0.45586262707748887,-0.056089466651043585,7.906000000000001,7.778499999999999,7.922333333333333,2,6,11,7.912791254284235,8.061369614554973,58.36575875486381,-0.10344551163593341,-0.19160470548313313,8.459838466008717,7.097161533991281,0.03133734044384731,0.0410128043135057,0.03642013032803029,-48694593.0,0.0631110705548376,0,0,-1,0,0,-0.008484848484848519,-0.5065797703859827,0.6997871603960258,0.6510580846973593,-0.013906447534766109,-0.02621722846441943,0.8773523286339266,0.055769230769230835,0.0
2019-11-07,7.98,7.8,-0.026007657812532052,-0.013455860515392002,0.017170533137016847,-0.5569849793062503,0.022814677766171482,7.928999999999999,7.772,7.901333333333333,3,7,11,7.925011026232555,8.05611996200304,58.527131782945744,-0.089646791723057,-0.1712131227311179,8.442415425020352,7.101584574979649,0.0319689318014421,0.04125720518616799,0.03664371610198148,-48194687.0,0.6205107825306556,0,0,-1,0,0,0.021794871794871787,-0.8486989415884113,0.7021333397589679,0.6549378282729887,0.027027027027027195,-0.01602959309494434,0.028352741800786157,0.023809523809523746,0.0
2019-11-08,8.03,7.98,0.0,0.0012307693861328883,-0.005056900788973774,0.34964557885274705,0.006246116496952769,7.942,7.747,7.896,4,8,11,7.944099930553908,8.054434803164135,58.846153846153825,-0.07382560897965629,-0.1517356199808256,8.329990475682747,7.164009524317253,0.031507074895166326,0.03946735732348619,0.035576485713558925,-47485538.0,0.97085634089845,0,0,-1,0,0,-0.001253132832080285,-0.6186654277621909,0.6991504857006904,0.6265248742972096,0.03479381443298957,-0.05861664712778425,-0.14086623870825934,0.029887920298879343,0.0
2019-11-11,7.78,8.03,0.007500035156546583,-0.012376395601049087,-0.024375805998144616,-0.2759562015484177,-0.03162818976836997,7.9319999999999995,7.753,7.882333333333333,0,11,11,7.914263579544107,8.036729331992255,58.62068965517242,-0.08053179789602716,-0.13749485556386593,8.334689010780771,7.171310989219229,0.03322336224775077,0.03263210904905786,0.03602660159566412,-48023673.0,0.09283311013133778,0,0,-1,0,0,0.0,-0.8097631748591783,0.48995380981611925,0.5180186717960852,-0.060386473429951626,0.015665796344647598,-0.48565779696545,0.042416452442159275,0.0
2019-11-12,7.39,7.78,-0.01885662408888251,-0.018475985880899062,-0.056089466651043585,0.4658709038282495,-0.05142860323018994,7.8950000000000005,7.7490000000000006,7.855666666666667,1,12,11,7.818942928717905,7.995004858960497,41.66666666666667,-0.1159793043359647,-0.1331917453182857,8.339910092012364,7.1580899079876374,0.036573533936923114,0.034153361164077946,0.03712091619986659,-48881138.0,-1.215074864527749,0,0,-1,0,0,0.012853470437017948,-0.279367603346469,0.5477403627763724,0.5421678004627302,-0.10424242424242425,-0.010709504685408322,0.47248564769387413,0.08159675236806492,0.0
2019-11-13,7.31,7.39,-0.044105721849923014,-0.027391926698606392,0.002743485945750834,-0.63848345797514,-0.010884461198423331,7.834999999999999,7.7585,7.828666666666666,2,13,11,7.726407850769195,7.950810997092079,41.33858267716535,-0.14881163212411064,-0.1363157226794507,8.311740216219013,7.205259783780987,0.03564250136431443,0.03245938863949448,0.03713552237487118,-49333959.0,-1.6213571857272613,0,0,-1,0,0,0.020297699594046058,-1.0379798708926273,0.461711120860559,0.5152768202957856,-0.06282051282051282,0.026685393258427004,-0.1288374997590931,0.05061559507523942,0.0
2019-11-14,7.22,7.31,-0.030978908258177625,-0.0398989091779196,-0.020761991448429128,0.49733145531507594,-0.012388320856952203,7.779999999999999,7.7509999999999994,7.794666666666666,3,14,11,7.6343336960838855,7.903661900505494,36.290322580645146,-0.1800185939852028,-0.14505629694060113,8.329888226644249,7.172111773355751,0.03550813206666173,0.03162026797972911,0.0370219882948566,-50078545.0,-1.8345510430507397,0,0,-1,0,0,0.0,-0.2959392990187339,0.34269691104566424,0.501956192781492,-0.09523809523809534,-0.020352781546811416,-0.47501054416930294,0.03047091412742379,0.0
2019-11-15,7.52,7.22,-0.001368925607341621,0.03335866349730963,0.020761991448429006,-0.25272348968551683,0.04071118505701364,7.7559999999999985,7.75,7.761666666666667,4,15,11,7.61354575134136,7.878909519827721,43.47826086956521,-0.17848537499904804,-0.15174211255229053,8.33048981132539,7.169510188674611,0.03868263686897939,0.03260200530058519,0.03735380597726241,-49500238.0,-0.7924342357529359,0,0,-1,0,0,0.01108033240997231,-0.6393760246995537,0.5434241483456893,0.5175407896041481,-0.06351183063511834,-0.0026525198938992522,1.0298082550066832,0.04255319148936174,0.0
2019-11-18,7.65,7.52,0.028361117621697872,0.006540245680609975,0.009543358046899916,-0.2928512640907858,0.01713950987669621,7.6930000000000005,7.7540000000000004,7.746333333333333,0,18,11,7.620173796552022,7.864141163709803,48.014440433213004,-0.16487974331474842,-0.1543696387047821,8.330355153666426,7.177644846333575,0.03123935512593712,0.03281471317311029,0.03660456175570212,-49068744.0,-0.36088859217589864,0,0,-1,0,0,-0.001329787234042525,-0.9565344242761412,0.5479216755169868,0.5209174223997903,-0.016709511568123392,0.010568031704095038,-0.10969306799483773,0.039215686274509776,0.0
2019-11-19,7.66,7.65,0.017162137402385834,0.04087414439901844,0.022804475818619475,-0.09548679113400672,0.001306335914055457,7.634,7.7705,7.737333333333334,1,19,11,7.627414924451654,7.850970766051106,45.247148288973385,-0.15154336813970293,-0.15380438459176626,8.31368650475442,7.227313495245579,0.03134499264679293,0.031898831390879887,0.036392589434350184,-48676546.0,-0.4068584143118875,0,0,-1,0,0,-0.0013071895424837483,-0.9896121246321794,0.35690408229429404,0.5063782498430927,0.03653585926928282,0.045020463847203374,0.9843443359441303,0.05874673629242822,0.0
2019-11-20,7.3,7.66,-0.0026212334798741926,-0.047414390079628374,-0.040600975622239646,0.47466386346680206,-0.048137635598154496,7.583999999999999,7.745,7.713666666666667,2,20,11,7.567884938187716,7.815424265015551,41.75438596491228,-0.1680855999183457,-0.15666062765708216,8.326884416086362,7.16311558391364,0.030139084789183233,0.03010930012826757,0.037300658630868636,-49306994.0,-1.5295133799697962,0,0,-1,0,0,-0.005221932114882511,-0.12599390734652596,0.5257351382662014,0.477970321737607,-0.001367989056087482,-0.0653008962868118,-0.3552082370293705,0.05205479452054793,0.0
2019-11-21,7.34,7.3,-0.041533095936867846,-0.01854357771216896,0.004135085147803017,-0.30394391080198935,0.005464494472078745,7.5200000000000005,7.724500000000001,7.688000000000001,3,21,11,7.526451313062676,7.784751731788742,42.708333333333336,-0.17593964931849815,-0.16051643198936538,8.333881912916217,7.1151180870837845,0.02872069917458105,0.03014402046027562,0.03722606721708927,-48841785.0,-1.2619344022206511,0,0,-1,0,0,0.0013698630136986009,-0.9142956421920119,0.5141750265463527,0.4785214899211924,0.016620498614958512,-0.05290322580645168,-0.9060894015867439,0.02861035422343336,0.0
2019-11-22,7.59,7.34,0.0027322421368730716,0.018543577712168885,0.008219224353132106,-0.2860118180137599,0.03349274878111424,7.476000000000001,7.708999999999999,7.656666666666666,4,22,11,7.538005619778552,7.772187103931404,36.781609195402304,-0.16014507663407596,-0.16044216091830749,8.315348866056803,7.102651133943194,0.03146327153748584,0.030870154434251642,0.036465178215300646,-48492295.0,-0.392513309289674,0,0,-1,0,0,-0.0013623978201634586,-1.4101974304184082,0.481145049348619,0.490048509403126,0.009308510638297962,-0.03924050632911402,-1.250564956210691,0.038208168642951255,0.0
2019-11-25,7.7,7.59,0.046644031261020624,0.01691647366670062,0.02159328163056791,0.7372008927139756,0.01438873745209967,7.468000000000001,7.7,7.658,0,25,11,7.567459143455179,7.7675298714197005,39.77695167286245,-0.13717046753221673,-0.15578782224108934,8.300981653104628,7.099018346895371,0.03057577446017102,0.031075613095464173,0.03144228357131337,-47761834.0,0.0,0,0,-1,0,0,0.011857707509881405,0.6539077974452596,0.47601624171890417,0.4933100645367618,0.006535947712418277,-0.022842639593908642,-1.2224866248643018,0.033766233766233736,0.0
2019-11-26,7.65,7.7,0.003898640415657323,0.0,0.0013342230131366622,0.42718041811980073,-0.006514681021193642,7.494,7.694500000000001,7.664000000000001,1,26,11,7.582466571917873,7.759947299070043,46.72489082969434,-0.12159582544349856,-0.14894942288157118,8.295182944655458,7.093817055344543,0.025398826793834126,0.03092161974131675,0.031107065223052358,-48881579.0,-0.1481646861990554,0,0,-1,0,0,0.001298701298701271,2.4000392809768925,0.479597086600201,0.4908654958249771,-0.0013054830287205776,-0.014175257731958713,-0.9450353603154525,0.032679738562091505,0.0
2019-11-27,7.84,7.65,0.03692335410459789,0.03424557851316735,-0.013423020332140661,0.40640149000256376,0.024533186523871924,7.547,7.691,7.688,2,27,11,7.629290831569169,7.765111989452621,46.95652173913042,-0.09285106796152842,-0.13772975189756262,8.287194952219979,7.094805047780021,0.02562675068934433,0.031129048211624766,0.03001801269272379,-47200388.0,0.49983650295993565,0,0,-1,0,0,0.04575163398692805,3.2224285941320487,0.25244103089954295,0.49415832070859445,0.07397260273972606,-0.008849557522123908,-0.13705939242696047,0.07908163265306113,0.0
2019-11-29,7.46,7.84,-0.0317486983145803,-0.03424557851316746,0.008075414005545331,-0.6192653491847928,-0.049683420146646964,7.571,7.6754999999999995,7.691,4,29,11,7.598510680374774,7.745427344971808,39.16349809885933,-0.09958550505728869,-0.13010090252950784,8.279119782731822,7.071880217268177,0.030744403423119,0.032767932060415984,0.03086402480645091,-48105440.0,-0.714025637213889,0,0,-1,0,0,-0.011479591836734675,0.6375568642804911,0.5211166726811668,0.5201747952583261,0.016348773841961872,-0.039897039897039854,-1.2269720489335945,0.03887399463806971,0.0
2019-12-02,7.51,7.46,-0.055717327466695506,-0.014295240186826584,-0.03964975960414052,1.256981125271909,0.0066800515603737875,7.57,7.663000000000001,7.69,0,2,12,7.582417829397542,7.730238484005885,44.444444444444436,-0.09973829189804384,-0.12402838040321505,8.26959880090807,7.0564011990919315,0.027813258055343824,0.032819610989135856,0.030601591292116908,-44924368.0,-0.5044520357473924,0,0,-1,0,0,-0.017426273458445028,3.715554475041836,0.4523060142065712,0.5209951728188162,-0.010540184453227908,-0.03221649484536082,-1.4058720048337359,0.06258322237017307,0.0
2019-12-03,7.2,7.51,-0.03894789907438287,-0.033269868218318684,-0.022567953565030326,-0.11798200567770459,-0.04215443975403372,7.525,7.609,7.677666666666667,1,3,12,7.512887314961626,7.696029549553893,45.95744680851065,-0.12345072270606483,-0.12391284886378501,8.175276852506048,7.042723147493951,0.02990742009875069,0.02977937069895584,0.03151676726613626,-47751425.0,-1.444523109818023,0,0,-1,0,0,-0.06125166444740346,2.4531354376839145,0.496941172108089,0.47273285441664525,-0.06493506493506496,-0.13043478260869557,-0.07940162332006369,0.052777777777777764,0.0
2019-12-04,7.3,7.2,0.02659358957344786,-0.00815221906155027,0.012757083000770941,-1.1240797878394344,0.01379332213233577,7.489,7.5615000000000006,7.676666666666667,2,4,12,7.474180530423148,7.670479256034287,49.789029535864984,-0.1326447841914824,-0.1256592359293245,8.056241825282799,7.066758174717202,0.03049092405136449,0.030125013727436284,0.03109100386077842,-46832769.0,-1.0571170118900912,0,0,-1,0,0,0.00555555555555556,-0.033237620222845606,0.5333345032444995,0.47821976739122,-0.045751633986928164,-0.11515151515151523,-0.4653837853721058,0.03150684931506855,0.0
2019-12-05,7.16,7.3,0.008253141756720482,0.0,-0.006358198742492402,0.07367238084564175,-0.019364367181791117,7.475,7.5295000000000005,7.655,3,5,12,7.4170567976189385,7.637545110483688,48.76033057851241,-0.14950457841291875,-0.13042830442604336,8.04176946034284,7.017230539657162,0.027269230859063964,0.02807259777119028,0.028725442735063784,-47821660.0,-1.4426001493538614,0,0,-1,0,0,0.0,0.05042983429379751,0.44179971404260326,0.4456386741486935,-0.08673469387755095,-0.08205128205128198,0.06769589357554999,0.03840782122905033,0.0
2019-12-06,7.18,7.16,-0.01379332213233576,-0.010974047031976675,0.0035373224008510193,-0.4644272853452268,0.0027894020875785922,7.4590000000000005,7.4895,7.635999999999999,4,6,12,7.373955561688222,7.608026071097644,42.05607476635514,-0.1594146214250074,-0.13622556782583617,7.978041330471525,7.000958669528474,0.027204945097905376,0.027405423523629416,0.028723847467558822,-47200147.0,-1.2670371192598162,0,0,-1,0,0,0.005586592178770954,-0.43651736670531505,0.35871288140928326,0.43504761130753744,-0.03753351206434319,-0.10025062656641615,-0.9720241321484575,0.023676880222841215,0.0
2019-12-09,7.12,7.18,-0.009769791595805136,-0.009702085806450591,-0.00851068966790873,0.7221131569116059,-0.008391657636248401,7.412000000000001,7.444,7.609999999999999,0,9,12,7.327781823199454,7.576540518123602,37.19806763285022,-0.170148534082057,-0.14301016107708034,7.888067325383914,6.999932674616086,0.024112337023063805,0.027286445245365464,0.028452967473115355,-48479705.0,-1.4592381897041786,0,0,-1,0,0,-0.00696378830083563,0.38420383272890846,0.33662841274091115,0.43315888969330707,-0.05193075898801591,-0.11332503113325021,-0.5830108534936793,0.02247191011235957,0.0
2019-12-10,7.32,7.12,-0.002808990611055004,0.022039459566291504,0.004264398786457518,-0.25481203361321864,0.02770260254933575,7.374,7.421000000000001,7.591333333333334,1,10,12,7.326366946254098,7.559989516954339,42.47787610619469,-0.1606648641229711,-0.1465411016862585,7.838657628610781,7.0033423713892216,0.025731973448787124,0.027585965390829238,0.029016504810672295,-47487968.0,-0.48364973165196984,0,0,-1,0,0,-0.001404494382022442,-0.02053167661525093,0.29356578547924195,0.43791362459861327,0.016666666666666607,-0.059125964010282805,0.18941314405850404,0.03961748633879782,0.0
2019-12-11,7.71,7.32,0.02087758502155518,0.05177001997290644,0.02935221201252737,0.307577135780446,0.051907859602017936,7.38,7.436999999999999,7.589666666666667,2,11,12,7.396118410571535,7.569667612634704,58.9519650655022,-0.12029258863795533,-0.14129139907659788,7.873739112779606,7.000260887220393,0.03156264642970334,0.027912992355170745,0.030596027685960113,-46139081.0,1.250174266566163,0,0,-1,0,0,-0.008196721311475478,0.4153410110267531,0.4649743810892388,0.4431050167165734,0.05616438356164388,0.043301759133964834,0.6951349004354155,0.06095979247730229,0.0
2019-12-12,8.09,7.71,0.057540954680847876,0.04922129157425578,0.052325819001739896,0.6662211902998182,0.04811054349516224,7.404999999999999,7.476000000000001,7.595666666666667,3,12,12,7.5222786995585285,7.603237444077626,64.25855513307985,-0.05697764244726766,-0.12442864775073184,7.996299508886286,6.955700491113716,0.03441278508961158,0.029589450741502113,0.031709227869988074,-43512978.0,2.360179048849316,0,0,-1,0,0,-0.0025940337224383365,1.793457094979258,0.43509385878328694,0.469717968558062,0.12988826815642462,0.10670314637482914,-0.22791560816284587,0.05809641532756476,0.0
2019-12-13,8.03,8.09,0.05194327816084035,0.015276801837975746,0.019418085857101516,0.2882015287075531,-0.007444203111730083,7.462000000000001,7.516500000000001,7.604333333333333,4,13,12,7.614591663275159,7.63077051220165,59.01639344262294,-0.01150892229846967,-0.10184470266027941,8.077411851598004,6.955588148401997,0.029615214870285317,0.029454306258204947,0.031552683211207036,-47016268.0,1.8309472282928902,0,0,-1,0,0,0.0012360939431396523,2.2806367419141234,0.47238938407292297,0.4675726163948623,0.11838440111420612,0.11218836565096946,-0.20026917403794142,0.055417185554171786,0.0
2019-12-16,7.63,8.03,-0.00867953371972277,-0.02642242805289194,-0.04456831947987652,-0.41657795371947487,-0.051096682662304646,7.473999999999999,7.522,7.6,0,16,12,7.617393179043312,7.630720801737028,48.71794871794871,-0.007662957255410774,-0.0830083535793057,8.085208851605032,6.958791148394968,0.0347851810585142,0.030668426743743576,0.03291892338876625,-49325984.0,0.38351669968332847,0,0,-1,0,0,0.0,0.9572102769022475,0.6880703909217495,0.4868461815932875,0.07162921348314599,0.0146276595744681,-0.9097065672130442,0.07470511140235903,0.0
2019-12-17,7.62,7.63,-0.056352936551131744,-0.03291436357911425,0.009339627596132842,-0.7076958350171922,-0.0013114755978107554,7.516,7.5205,7.578,1,17,12,7.617867146489982,7.630029137108833,49.442379182156124,-0.005360130429592047,-0.06747870894936298,8.082431818302716,6.958568181697285,0.03137220605576977,0.03043524257033205,0.030386280150591517,-50464162.0,0.3541354903181469,0,0,-1,0,0,-0.005242463958060293,-0.27202207611821766,0.6836289332721391,0.4831444975981492,0.040983606557376984,-0.0039215686274509665,-0.2734603597414382,0.031496062992125894,0.0
2019-12-18,7.7,7.62,0.0013166558847469028,0.0038535693159899723,0.003976148379639417,-0.47459021721620875,0.010443959161083314,7.556,7.522499999999999,7.559666666666667,2,18,12,7.632800392582713,7.634543386327619,47.28682170542636,0.002886929111202363,-0.053405581337249916,8.086802084087243,6.958197915912756,0.03129722750457774,0.03052139845041812,0.030474590198829504,-49756056.0,0.6290956741267639,0,0,-1,0,0,-0.0026246719160105594,-0.7460561154258423,0.5655628170299387,0.48451217979431105,-0.0012970168612191912,0.005221932114882533,-0.06379782684182847,0.031168831168831197,0.0
2019-12-19,7.74,7.7,0.018253440309350517,0.01526747213078838,0.013140793561058328,0.9188238642124421,0.0051813587419975845,7.614,7.544499999999999,7.557666666666666,3,19,12,7.652291230294946,7.6413470388226115,56.250000000000014,0.01250628426013023,-0.040223208217773886,8.106581657300456,6.9824183426995425,0.03006165693738741,0.028384606398797495,0.02881907106228348,-47981301.0,0.695628464159248,0,0,-1,0,0,0.005194805194805199,0.3227372620318471,0.38132829451979805,0.45059165756202507,-0.043263288009888656,0.0602739726027397,-1.8106273538524156,0.033591731266149845,0.0
2019-12-20,7.87,7.74,0.03303985407820009,0.010050335853501506,0.018752570214895358,0.7889402809626649,0.016656374827676068,7.683,7.571,7.554,4,20,12,7.691874642968592,7.6560988427695404,57.75862068965519,0.030270664684387327,-0.026124433637341644,8.142384283998034,6.999615716001966,0.030106647244262735,0.028542390959308207,0.02866916015929185,-44074954.0,1.0465811131796168,0,0,-1,0,0,0.033591731266149845,2.1570564505695597,0.42246279925111146,0.45309640980904686,-0.01992528019925266,0.07220708446866486,-1.8931753857307088,0.024777636594663314,0.0
2019-12-23,8.06,7.87,-0.008788506033079348,0.024692612590371414,0.013363227812167158,-0.8364231194890107,0.023855494089225132,7.777000000000001,7.594500000000001,7.555000000000001,0,23,12,7.758806526065211,7.682156981945699,69.54545454545456,0.05900035687223237,-0.009099475535426841,8.206398684424103,6.982601315575899,0.029701301771925148,0.028072753260495954,0.028989243128782448,-42382500.0,1.521493710803159,0,0,-1,0,0,0.007623888182973266,-0.020128898256610156,0.15710845128520126,0.4456411424648996,0.05635648754914824,0.06192358366271411,0.14085951192480156,0.035980148883374585,0.0
2019-12-24,8.08,8.06,0.013776047544118333,0.0012187691941296472,0.003785493479481886,-0.15282036199927806,0.0024783160144670005,7.853,7.613499999999999,7.5649999999999995,1,24,12,7.817205339507899,7.707824273433074,68.39622641509436,0.08243244782427883,0.009206909136514292,8.261712927979648,6.965287072020351,0.02934553320352968,0.027950814194383635,0.028366036011181074,-40929894.0,1.4393418577873454,0,0,-1,0,0,-0.002481389578163939,-0.3027289523069208,0.13962514269613086,0.4437054198006796,0.06036745406824151,0.049350649350649256,0.5414761165529924,0.03341584158415847,0.0
2019-12-26,8.5,8.08,-0.002490661312451808,0.046409279795125054,0.010025146619378646,0.18163336106762595,0.0506742909632668,7.932,7.656000000000001,7.602,3,26,12,7.941349823233734,7.758932384824488,77.91666666666669,0.13335579603087577,0.03403668651538659,8.416094176990384,6.895905823009617,0.02913642497665698,0.029918298078354926,0.028062923421047988,-39187966.0,2.220777439295335,0,0,-1,0,0,-0.007425742574257487,-0.03922087766547294,0.31511828752341636,0.4749382581937726,0.10389610389610393,0.11111111111111116,1.2550748924338304,0.06823529411764706,0.0
2019-12-27,8.15,8.5,0.058127741617847686,-0.008172841755874358,0.009925639799969998,0.005050579411677968,-0.04204823624349939,7.938000000000001,7.6715,7.63,4,27,12,7.979286219009419,7.78416255354549,67.76556776556778,0.14381305407273004,0.05599196002685528,8.459522842308491,6.883477157691509,0.029685193881688852,0.03130601474129476,0.02918008946714009,-40938714.0,1.2144318014900382,0,0,-1,0,0,0.0,-0.03370511917299896,0.5430218328012041,0.4969675772759281,0.05297157622739013,0.039540816326530726,-0.720303390036161,0.052760736196318984,0.0
2019-12-30,8.36,8.15,-0.04204823624349939,-0.0023474189183048965,0.004311678992608147,-0.03310697566718309,0.025440499843838768,7.971000000000001,7.716500000000001,7.668000000000001,0,30,12,8.04850690646225,7.821313356542555,71.52777777777777,0.16711930405910902,0.07821742883330604,8.55485113859224,6.878148861407762,0.030467117360598893,0.029292567285089638,0.029272100822822538,-39244979.0,1.535156261803534,0,0,-1,0,0,0.0,-0.13655821546602354,0.5528614439435934,0.46500508979384186,0.06226175349428198,0.1206434316353886,-0.9097015018609219,0.044856459330143546,0.0
2019-12-31,8.47,8.36,0.024243611609992635,0.0,0.016458768364598735,-0.28267005806232104,0.013072081567352921,8.055000000000001,7.7645,7.699666666666667,1,31,12,8.125142014378206,7.863164107733359,70.60931899641578,0.19224962180844596,0.10102386742833402,8.660983774473747,6.868016225526254,0.023777323717503872,0.029334875791901256,0.02850913027893811,-37968295.0,1.5739269802493476,0,0,-1,0,0,-0.0011961722488038023,-0.5034974194038712,0.5438894292033484,0.46567671651803805,0.05086848635235741,0.12782956058588568,-0.6500849752588121,0.028335301062573814,0.0
2020-01-02,8.85,8.47,0.017804624633506686,0.04143285373620526,0.015597196813667988,0.6957689010261038,0.04388695035587504,8.178,7.8469999999999995,7.7396666666666665,3,2,1,8.25693437540035,7.926830939492498,70.50359712230215,0.24006112862848816,0.12883131966836486,8.824754678089693,6.869245321910306,0.02558878832530587,0.02826407576463556,0.029371608080545793,-35408224.0,2.0516393784167417,0,0,-1,0,0,0.003541912632821648,0.961145814251956,0.5863770563020585,0.44867829306188073,0.09529702970297027,0.22916666666666652,-1.3499756814002872,0.053107344632768234,0.0
2020-01-03,8.78,8.85,0.01980262729617973,0.010095430665351155,0.018868484304382736,-0.4167566269517926,-0.007941051372812919,8.286,7.920999999999999,7.777,4,3,1,8.35203721623665,7.981874104686531,63.967611336032384,0.2692005014518415,0.1569051560250602,8.94726353443218,6.894736465567818,0.02661958313110347,0.02855539558565844,0.029462733944403834,-37095775.0,1.6740339516696832,0,0,-1,0,0,-0.020338983050847425,-0.07568365618740344,0.5245237293797876,0.45330285185234304,0.03294117647058825,0.2027397260273971,-0.6147444298948969,0.04555808656036451,0.0
2020-01-06,8.98,8.78,0.0,0.004454350349380153,0.0,-0.09620507158555687,0.022523474667083137,8.41,8.011999999999999,7.832999999999999,0,6,1,8.466212267829984,8.046269323739013,68.19923371647512,0.3049170983766718,0.1865075444953825,9.076204175107279,6.947795824892719,0.02658858876691058,0.027858083233777125,0.02793245206932963,-35563010.0,1.81919977884398,0,0,-1,0,0,-0.012528473804100163,-0.2930642382175751,0.3058274637832294,0.4422333614370739,0.10184049079754609,0.25418994413407825,-0.30768845205990075,0.04899777282850774,0.0
2020-01-07,8.99,8.98,0.03513109152165778,0.01379332213233577,0.0310548244622179,0.3554967702508512,0.0011129661694206506,8.522,8.102500000000001,7.888,1,7,1,8.561446400951805,8.107155173820367,80.63063063063063,0.33022306920522126,0.21525064943735028,9.176594477859561,7.02840552214044,0.026949809026893624,0.02788904163157106,0.02795365945099764,-33375924.0,1.65255481392772,0,0,-1,0,0,0.0,0.4104389406541074,0.3246776807589801,0.4427248107663845,0.07535885167464129,0.25208913649025066,0.6524159086955778,0.03281423804226918,0.0
2020-01-08,9.36,8.99,-0.0011142062434034647,0.03816641679837536,0.011261380272539014,-0.126938890626273,0.04033244200597169,8.652,8.214500000000001,7.947000000000001,2,8,1,8.706637964415112,8.187983872283569,83.72093023255813,0.37580212818251724,0.24736094518638369,9.323799921477265,7.105200078522738,0.02818951334885806,0.028213260695581437,0.028217934912337025,-31449566.0,2.065266530397887,0,0,-1,0,0,-0.0022246941045605756,0.04545218055077259,0.37300061933889567,0.44787162884845005,0.10507674144037771,0.3146067415730336,-0.20136323761512445,0.05876068376068384,0.0
2020-01-09,9.21,9.36,0.05635293655113178,0.0021074823395645778,0.017208306959726964,0.2913617842583741,-0.01615544022228503,8.765,8.309000000000001,7.997333333333333,3,9,1,8.798158334521455,8.253920396652372,78.49056603773589,0.3952637598236173,0.2769415081138304,9.419465051939477,7.198534948060525,0.029700466465808213,0.028784625849736255,0.02850196917500353,-34027512.0,1.6227435495180393,0,0,-1,0,0,0.013888888888888973,0.7853609151233852,0.3718938109768487,0.4569417694826604,0.04067796610169516,0.25819672131147553,0.6478159688850604,0.04505971769815408,0.0
2020-01-10,9.35,9.21,-0.032122676254240874,-0.011646505386323579,-0.013296594791038441,-0.20077384060239,0.015086493033379942,8.85,8.391,8.054,4,10,1,8.898493182790281,8.324635209771575,79.2727272727273,0.4171751377780559,0.3049882340466755,9.556086850162275,7.225913149837724,0.026522851720155668,0.02711763872795299,0.02843924323573658,-31918501.0,1.6462292057736776,0,0,-1,0,0,-0.002171552660152155,0.13305967787584871,0.3438705378539568,0.4304791693047452,0.06492027334851946,0.21271076523994803,-0.08162520135820382,0.04545454545454553,0.0
2020-01-13,9.36,9.35,0.02152935685257602,0.004250803425194568,0.028046930511406314,0.2522107079852103,0.0010689471889049637,8.971,8.4545,8.104666666666667,0,13,1,8.982403513192047,8.39143293817341,78.32699619771866,0.43038575996141226,0.3300677392296229,9.686998105048186,7.222001894951812,0.020062307821010192,0.025542253937340657,0.028258654368906323,-29204484.0,1.4693734558960594,0,0,-1,0,0,0.004278074866310259,0.9176198410020643,0.3388611701450267,0.4054707110535825,0.04231625835189301,0.15698393077873907,0.8373108002364337,0.02243589743589734,0.0
2020-01-14,8.92,9.36,-0.016103407566578735,-0.014957543819619026,-0.05117913262020251,-0.13449189617302318,-0.04814934389758261,9.027,8.498999999999999,8.153333333333332,1,14,1,8.971057419884401,8.425534038936416,64.93055555555557,0.4007315664018041,0.34420050466405916,9.731232035565416,7.266767964434582,0.027271281327631985,0.028168782235931993,0.028162097982595263,-31576969.0,0.6833128629168008,0,0,-1,0,0,-0.012820512820512739,0.6071115366373644,0.5256855261562541,0.44716555519086015,-0.007786429365962189,0.11083437110834371,-0.22951243968954488,0.05941704035874432,0.0
2020-01-15,8.94,8.92,-0.03077165866675366,-0.02176364463635958,0.010221554071538007,-0.17331192397105072,0.00223964259350466,9.074,8.5645,8.200999999999999,2,15,1,8.965410616269056,8.4587253912631,64.93055555555557,0.37452692396733234,0.3502657885247138,9.74020986395902,7.388790136040981,0.02720867952304241,0.025001371403521815,0.02817199392055901,-29582005.0,0.6387630341648425,0,0,-1,0,0,0.00448430493273553,0.08079303411045366,0.38127140667371157,0.39688446701568364,-0.04487179487179482,0.17169069462647446,-1.181962944419644,0.02684563758389264,0.0
2020-01-16,9.11,8.94,0.003342621496689707,0.012028575865607122,-0.0011305823702860267,-0.41896813714883946,0.018837122086444242,9.1,8.639,8.264666666666667,3,16,1,8.991699595129226,8.500743107955802,61.59695817490495,0.3632893616728907,0.3528705031543492,9.749749391413891,7.528250608586108,0.024133792761164355,0.02500538031596079,0.02678381617956937,-28269867.0,0.8480760892435983,0,0,-1,0,0,0.005592841163311042,-0.9471780329228442,0.41929898572982277,0.3969481065277318,-0.01085776330076016,0.1955380577427821,-1.753947402206356,0.039517014270032874,0.0
2020-01-17,9.37,9.11,0.011062059705858603,0.02469261259037163,0.02126549077934191,0.0555198798821028,0.028140384978463752,9.159,8.7225,8.333666666666666,4,17,1,9.060481486923912,8.556824197765106,74.01574803149609,0.3710856947849628,0.35651354148047193,9.786115977394305,7.658884022605696,0.025012144532141702,0.025374844478997703,0.02702324861395049,-26882819.0,1.2175447036556832,0,0,-1,0,0,-0.0021953896816684494,-0.9585924087099629,0.4620768446156664,0.4028131682902096,0.002139037433155133,0.21688311688311668,-1.3784859503569473,0.042689434364994706,0.0
2020-01-21,8.59,9.37,-0.009950330853168092,-0.02904991795932715,-0.06402185876493091,0.7398585588205188,-0.0869143602541668,9.12,8.765,8.381333333333334,1,21,1,8.97493939839229,8.558964572102843,53.697749196141494,0.31074281394929315,0.3473593959742362,9.726325838839816,7.803674161160185,0.03705971845320328,0.0328825874413018,0.031468798349061876,-29789571.0,-0.3640805082513976,0,0,-1,0,0,-0.039487726787619984,1.33052965478279,0.7540803768517874,0.5219948930041217,-0.0822649572649572,0.10981912144702832,-0.7543302607832115,0.08032596041909192,0.0
2020-01-22,7.6,8.59,-0.0396652563924314,-0.03442871966620086,-0.11101730900968275,0.3723579659715816,-0.12245048870387866,8.981,8.7515,8.395333333333333,2,22,1,8.72495041686642,8.497095890031693,39.09774436090223,0.18095004048602625,0.31407752487659424,9.77153663504902,7.731463364950979,0.05099583023727127,0.04242051913286273,0.038542587427525726,-34007711.0,-2.2577620458595833,0,0,-1,0,0,0.0069848661233993595,3.0863231881747475,1.0340164122470672,0.6734048646708728,-0.14798206278026904,-0.03430749682337997,-0.6511485138063378,0.1671052631578947,0.0
2020-01-23,7.935,7.6,-0.13072772953624945,-0.10347904755812064,0.0013183917532582322,-0.04928270627841819,0.043135106686087055,8.8385,8.74525,8.422500000000001,3,23,1,8.581323068345252,8.460831639061906,38.403041825095045,0.10392208360755717,0.2720464366227868,9.784477825688013,7.706022174311988,0.051363156809194815,0.0432646917939048,0.03920996152764988,-29992413.0,-1.559330841557445,0,0,-1,0,0,-0.0013157894736841825,2.2490415733810374,1.1515183236186983,0.6868056902191744,-0.11241610738255037,-0.015508684863523636,-0.6480159491864123,0.04914933837429119,0.0
2020-01-24,7.72,7.935,0.0438214442392181,0.02475373915293818,0.008527437702108617,-0.29624518835117924,-0.02746898994168759,8.689499999999999,8.72725,8.435833333333333,4,24,1,8.42471887410066,8.41303604944501,37.04156479217603,0.025237250342575734,0.22268459936674462,9.825772811971182,7.628727188028817,0.051503498586302966,0.0436839520929018,0.039353781100826934,-32978209.0,-1.8338262783866943,0,0,-1,0,0,-0.0006301197227473086,0.8991444445562735,1.0947622955951228,0.6934612411336663,-0.1525795828759604,-0.044554455445544594,-0.16443790551257886,0.0680051813471502,0.0
2020-01-27,7.6,7.72,-0.0827786874924112,-0.0437296406119439,-0.07808512140401867,0.37925707270084363,-0.015666116744399463,8.5145,8.68225,8.432166666666667,0,27,1,8.274769987900541,8.360582110771139,32.79301745635907,-0.0462706646125266,0.1688935465708904,9.888429156632528,7.476070843367473,0.05032186386373708,0.04192008530094564,0.038285904525209906,-37341050.0,-1.7945095370765336,0,0,-1,0,0,-0.0544041450777202,2.117470898516421,0.9838625022357519,0.6654607238694984,-0.1889007470651014,-0.10588235294117654,0.13479699169430454,0.09868421052631579,0.0
2020-01-28,7.99,7.6,0.053345980705292714,0.0326662210676885,0.0813456394539524,-0.4217736436655187,0.050042512485897896,8.3775,8.67425,8.428833333333333,1,28,1,8.222993626464078,8.336673587495582,38.610478359908875,-0.07065697217435662,0.12098344282184101,9.897297423446867,7.4512025765531344,0.054885521225917604,0.04277884095247872,0.03837720225505335,-34479539.0,-1.118926358671532,0,0,-1,0,0,0.013157894736842176,0.45916564464675497,1.0664768932857223,0.679093047215065,-0.06984866123399303,-0.019631901840490795,-0.8890590752262763,0.051314142678347954,0.0
2020-01-29,8.0,7.99,0.0369704309185452,0.01715728361857813,0.02061928720273561,-0.348522629150737,0.0012507819016526766,8.285499999999999,8.65625,8.427833333333334,2,29,1,8.182449330743335,8.314952710882965,33.12655086848633,-0.08816012513961624,0.07915472922954955,9.90900643451173,7.4034935654882705,0.053800452079581514,0.042348047715482104,0.03834956667675582,-32460085.0,-1.047689689585634,0,0,-1,0,0,0.0,-0.4684293236804925,0.5595758907975654,0.6722544165855757,0.05263157894736836,-0.04306220095693769,0.2831998573666355,0.04875000000000007,0.0
2020-01-30,8.08,8.0,-0.02406702608263726,-0.012225091129259154,-0.03504576691295901,0.33430253773679885,0.009950330853168092,8.1995,8.63675,8.442833333333333,3,30,1,8.163822179699093,8.299794471471161,35.732323232323225,-0.09448698144983858,0.04442638709367193,9.913622309487858,7.359877690512141,0.05404346992745698,0.04229710352743101,0.037174580642700544,-29638977.0,-0.8720527430394455,0,0,-1,0,0,-0.025000000000000022,0.3334265982811987,0.4782954308228999,0.671445702671612,0.018273471959672438,-0.046044864226682525,1.047308926623707,0.06930693069306937,0.0
2020-01-31,8.09,8.08,0.02531780798429,0.0024570036930520837,0.045829252313986935,-0.38056146077195246,0.0012368585373962004,8.0975,8.598749999999999,8.458499999999999,4,31,1,8.150399965208349,8.286259344279474,33.550913838120096,-0.09756942463932994,0.016027224747071557,9.894003988504513,7.3034960114954846,0.05331823201973148,0.040882981574104,0.03716824134829054,-27710813.0,-0.7855602136958421,0,0,-1,0,0,-0.00990099009900991,-0.6378387408077315,0.39783002202414325,0.648997212599491,0.04792746113989632,-0.08587570621468921,1.4596364958585073,0.027812113720642836,0.0
2020-02-03,8.25,8.09,0.009950330853168092,0.018237587549781012,0.014406763427530514,-0.0037890052075383214,0.019584469276189394,7.985499999999999,8.57225,8.476833333333333,0,3,2,8.168509062443194,8.283920031745314,36.05527638190955,-0.08610900919361164,-0.004400022041065084,9.873563000901704,7.270936999098296,0.05267398200137464,0.04119883160559669,0.03727393815588096,-25789941.0,-0.4952690087268894,0,0,-1,0,0,-0.0012360939431396523,-0.6663751754164878,0.330169899399065,0.6540111764090204,0.08552631578947367,-0.0603644646924828,1.5623950759350476,0.031515151515151704,0.0
2020-02-04,8.14,8.25,0.04121795572123138,0.02027499386141086,0.007434978487518212,-0.18024133437538406,-0.013423020332140661,7.9405,8.53025,8.490166666666667,1,4,2,8.16332559654443,8.274634868406906,39.31506849315069,-0.08492368074817946,-0.02050475378248796,9.830373374712451,7.23012662528755,0.04632844555503768,0.040832977161506766,0.03738958555587219,-27394001.0,-0.6003276421152138,0,0,-1,0,0,0.020606060606060597,-1.034911422591581,0.19447586170486755,0.648203417158362,0.018773466833541974,-0.0935412026726058,-0.16357323932760717,0.045454545454545574,0.0
2020-02-05,8.02,8.14,-0.02647567398402802,-0.020287042126762148,-0.019950786419348682,-0.33342052836071445,-0.014851758136025926,7.982499999999999,8.48175,8.495166666666666,2,5,2,8.137266397172715,8.258206812380655,37.73333333333334,-0.09259986295477063,-0.03492377561694449,9.782030435339362,7.181469564660638,0.02607060034514914,0.04088082822093582,0.0374136258762329,-28543260.0,-0.7102314046269377,0,0,-1,0,0,0.007371007371007213,-1.4146313913487296,0.23626602047563547,0.6489630291776836,0.0024999999999999467,-0.10789766407119028,0.20217936925379298,0.044875311720698106,0.0
2020-02-06,8.28,8.02,-0.011036286142885886,0.010797053941913982,0.020567879928595,0.06045124700204772,0.03190454651874507,8.017,8.42775,8.5025,3,6,2,8.163217961323129,8.259612824485128,39.192708333333336,-0.0768179559889397,-0.043302611691343536,9.662511749872163,7.192988250127836,0.0243682973694642,0.04040701883375746,0.03761761888593383,-27322384.0,-0.23931742300131503,0,0,-1,0,0,0.01122194513715709,-1.2529753117761266,0.32823798980395935,0.6414415383337525,0.024752475247524774,-0.11538461538461542,0.45072072656711254,0.034420289855072485,0.0
2020-02-07,8.59,8.28,0.019536640908278436,0.027044564196486792,0.0006167129396820761,0.21630016765368698,0.03675576759899584,8.104,8.39675,8.5195,4,7,2,8.240814695628014,8.280928126131249,39.97429305912597,-0.03884845103293166,-0.04241177955966116,9.578827898403796,7.214672101596205,0.02359593541147347,0.041416391010359974,0.03818293515996646,-25806697.0,0.3269666072954275,0,0,-1,0,0,-0.0012077294685990082,-0.8723063408194233,0.39535358078889177,0.6574648248913417,0.06180469715698389,-0.06731813246471241,-0.3306465248008978,0.05937136204889404,0.0
2020-02-10,8.85,8.59,0.03446568111805086,0.026332374344236492,0.047556357720503595,-0.3185796720415214,0.029818723023674026,8.229,8.371749999999999,8.531166666666666,0,10,2,8.351575660059284,8.317642440574394,53.85756676557864,0.01208319474209496,-0.03151278469930994,9.488273151290834,7.255226848709164,0.022284363412623118,0.0418921218871943,0.03741606487809996,-24704518.0,0.8566772653967569,0,0,-1,0,0,-0.0034924330616995765,-1.1949020449920233,0.4143889936182755,0.6650168184379318,0.07272727272727275,-0.053475935828877,-0.5642303083185124,0.0389830508474575,0.0
2020-02-11,8.5,8.85,0.04119575643826712,0.008438868645864824,-0.005305052229693117,0.33818387095016483,-0.040351295523567345,8.280000000000001,8.32875,8.542833333333334,1,11,2,8.378561903684869,8.329407444408304,66.4835164835165,0.02392897767418667,-0.020424432224610618,9.346931428357747,7.310568571642252,0.0245011066189956,0.042718103198054094,0.037352325046600264,-26250212.0,0.3363840573604141,0,0,-1,0,0,0.007909604519774044,-0.6960536272240233,0.5458863443787808,0.6781288652546646,0.04422604422604426,-0.09188034188034178,-0.8680325811460626,0.05470588235294116,0.0
2020-02-12,8.53,8.5,-0.03653374333245595,-0.024384536801291372,0.005892768967150699,-0.06234377374954182,0.003523198007316878,8.333,8.30925,8.548499999999999,2,12,2,8.406096103014892,8.342348899607769,62.268041237113394,0.03533032922868351,-0.009273479933951792,9.294147937538916,7.324352062461084,0.02445767871912606,0.04151217074917092,0.03708616184571465,-24797940.0,0.44826979849630616,0,0,-1,0,0,0.0117647058823529,-0.7312674720089491,0.5096800687821406,0.6589852811085367,0.06359102244389025,-0.043721973094170474,-1.4688164772555268,0.02344665885111384,0.0
2020-02-13,8.45,8.53,-0.014051753455650302,-0.014222359174063896,-0.013010236736014775,-0.828786656523853,-0.00942292013450526,8.370000000000001,8.28475,8.547833333333333,3,13,2,8.414078629739457,8.34929413189114,65.93886462882095,0.037478620854242806,7.694022368712715e-05,9.227039903988091,7.34246009601191,0.024930718767056586,0.04154009065145031,0.037067157673274044,-25431971.0,0.35074131496178534,0,0,-1,0,0,-0.005861664712778304,-1.3732843786887732,0.4945855509137334,0.6594284958168997,0.020531400966183666,-0.05480984340044748,-0.48008106336489753,0.022130177514792827,0.0
2020-02-14,8.76,8.45,-0.0011799411398486367,0.04586341679318121,0.004750602758597799,0.6912780181864281,0.03602946357921773,8.437000000000001,8.26725,8.544833333333333,4,14,2,8.476973424332282,8.375791284672358,73.38709677419355,0.06346399325769703,0.012754350830489107,9.156516255788556,7.377983744211444,0.026821642323353906,0.042192583111483016,0.03675925751076586,-24166277.0,1.108217020026366,0,0,-1,0,0,0.002366863905325604,-0.7968984269639832,0.4914404201031637,0.6697864925064474,0.019790454016298087,-0.03841931942919863,-0.4987555536441762,0.06278538812785396,0.0
2020-02-18,8.33,8.76,0.041624505951905574,-0.01231129147945019,-0.037421385048146315,-0.2508936297222709,-0.05033244876954876,8.445,8.21525,8.529833333333332,1,18,2,8.450250983544594,8.372837008241884,56.74603174603175,0.048797672568007044,0.019963015177992698,8.939284565909364,7.491215434090634,0.031908727993088776,0.04288916649341094,0.037830858740628394,-25151120.0,0.31697381700520977,0,0,-1,0,0,0.007990867579908708,-1.0163611090360627,0.5471382221815235,0.6808444108824571,-0.05875706214689258,-0.11099252934898607,0.4169514834697354,0.09003601440576231,0.0
2020-02-19,8.09,8.33,-0.05230710012187688,-0.04255961441879601,-0.00926790693078162,-0.15038846791488958,-0.029234725108350994,8.440000000000001,8.190249999999999,8.500166666666667,2,19,2,8.384750804718303,8.354589459323053,51.63636363636363,0.01760556749696285,0.01949152564178673,8.894047780466416,7.486452219533581,0.03305886027334531,0.03923112154366711,0.037883421498566563,-25998453.0,-0.2848829671885634,0,0,-1,0,0,0.006002400960384239,-1.029807227872769,0.5170175651405523,0.6227747475521495,-0.04823529411764704,-0.05820721769499415,0.3664040360660749,0.056242274412855384,0.0
2020-02-20,8.16,8.09,-0.032750046366670296,-0.021378486406531397,-0.004354594750514625,0.46666273668205377,0.008615437905615433,8.453999999999999,8.21825,8.4725,3,20,2,8.343887022042248,8.34203530065705,51.45985401459855,-0.0014492791256159876,0.015303364688306188,8.865456751314719,7.571043248685281,0.03273553225292933,0.02885726555685525,0.03793495680525156,-24647242.0,-0.18000430274150175,0,0,-1,0,0,0.0024721878862793045,-0.515166481424563,0.5262929299100534,0.458094889084733,-0.04337631887456028,0.0736842105263158,0.23540164020658783,0.03799019607843143,0.0
2020-02-21,8.07,8.16,0.003692311887127592,-0.023073276164302357,-0.001247660798155252,-0.25064467160518994,-0.011090686694158173,8.433,8.225,8.429499999999999,4,21,2,8.29408938167093,8.324484636098532,49.64539007092199,-0.023541261190308305,0.00753443951258329,8.862511609801393,7.587488390198607,0.031125315609671,0.027419682376473152,0.03704990464821639,-25698888.0,-0.4862656541997323,0,0,-1,0,0,-0.0024509803921568107,-0.7486135671497376,0.5266191473283229,0.435273963579171,-0.044970414201183306,0.017013232514177856,0.2845276473294381,0.016109045848822896,0.0
2020-02-24,7.9,8.07,-0.03755134565213259,-0.023618251348208455,-0.05649769363091035,-0.2920052764579883,-0.02129072280888165,8.364,8.234,8.385833333333332,0,24,2,8.22243676682167,8.297098530543789,43.81625441696114,-0.05414277122742739,-0.004801002635418846,8.846068107665346,7.621931892334654,0.02822496332436627,0.027123754191824796,0.03711652882442771,-26484220.0,-1.0913818113281513,0,0,-1,0,0,-0.028500619578686544,-0.949128830337204,0.3391636863605513,0.43057624928408483,-0.09817351598173507,0.023316062176165886,0.01794282859831133,0.048101265822784796,0.0
2020-02-25,7.9,7.9,0.01267444089672786,0.013741627852296389,0.0305714865180379,-0.3401377812638477,0.0,8.269,8.248999999999999,8.337499999999999,1,25,2,8.16381190012682,8.271479270508706,45.588235294117645,-0.07750130164138191,-0.01934106243661146,8.808055594636814,7.689944405363184,0.02511995861500806,0.026830730415786187,0.036942877383673474,-26484220.0,-1.2485341470439013,0,0,-1,0,0,0.005063291139240511,-1.3767053131495097,0.24130921480450734,0.4259246410463214,-0.05162064825930368,0.03947368421052633,0.08625410642530376,0.032278481012658324,0.0
2020-02-26,7.98,7.9,-0.0025220694327099465,0.007416597655049399,0.013363227812167158,0.19891277598963467,0.01007565198874164,8.216999999999999,8.2485,8.291500000000001,2,26,2,8.130391554649215,8.252674156282339,49.2537313432836,-0.08853717245982118,-0.033180284441253406,8.808547930279643,7.688452069720356,0.023721087047693046,0.024333247484467052,0.03703042041064067,-25802321.0,-0.9588465039623733,0,0,-1,0,0,0.002531645569620199,-1.1485531053531153,0.21110176920201934,0.3862783286069271,-0.013597033374536438,-0.0012515644555693983,-0.5771913428783889,0.026315789473684095,0.0
2020-02-27,7.79,7.98,-0.0025284463533586377,-0.012391732295163384,-0.06800004681945213,0.8618680673435728,-0.02409755157906053,8.143,8.238,8.253833333333334,3,27,2,8.06850218107663,8.222824210715737,40.613026819923384,-0.11133123452600735,-0.0488104744582042,8.824895489665288,7.6511045103347115,0.024068827556536252,0.02491560944792936,0.03635066373547312,-27416771.0,-1.5266772632909404,0,0,-1,0,0,-0.010025062656641612,0.5815363768339962,0.22669526928396194,0.3955230381769944,-0.04534313725490202,-0.026249999999999996,0.4426550045342861,0.0808729139922978,0.0
2020-02-28,7.77,7.79,-0.059991910627975285,-0.03166825749886706,0.0013522652500137541,-0.32322468710142865,-0.002570695503100866,8.075,8.2225,8.214833333333335,4,28,2,8.014229057244515,8.19360974550827,32.32758620689654,-0.12951653973995825,-0.06495168751455502,8.842410859466257,7.602589140533742,0.024145991949918087,0.024780811750782516,0.03633349222037109,-28585328.0,-1.4598873147329674,0,0,-1,0,0,-0.04492939666238763,-0.12594975774278255,0.2302211890997631,0.3933831910732659,-0.0371747211895912,-0.0383663366336634,-0.1242072221414793,0.04761904761904752,0.0
2020-03-02,7.8,7.77,0.0510916611577113,0.027920595398627315,0.022713067239233435,-0.5047173873178462,0.0038535693159899723,7.978999999999999,8.208,8.171166666666666,0,2,3,7.975278319563693,8.168215568378706,24.880382775119642,-0.1398951516341942,-0.07994038033848286,8.85397865371281,7.562021346287191,0.019082803525384058,0.02480389882766749,0.03610702814538355,-27879898.0,-1.2631996356380826,0,0,-1,0,0,0.007722007722007786,-1.1891915797684085,0.2039489480232959,0.3937496870568884,-0.012658227848101333,-0.03584672435105063,-1.4607213867169198,0.053846153846153835,0.0
2020-03-03,7.98,7.8,0.0025510217916052047,0.009962722503674068,0.02993066624618849,0.8565409381483094,0.022814677766171482,7.944,8.194500000000001,8.124833333333333,1,3,3,7.976136806915749,8.156072628483306,36.45833333333336,-0.13207332161817753,-0.0903669685944218,8.848024050215836,7.540975949784167,0.016736822738220993,0.024963536903224247,0.03594801583604069,-26218610.0,-0.6564410290001105,0,0,-1,0,0,0.0064102564102563875,1.4465743731355072,0.27502778590594545,0.39628386294308904,0.010126582278481067,-0.032727272727272716,-0.6311233099717871,0.03383458646616547,0.0
2020-03-04,8.16,7.98,0.03135052988407601,0.02568948611531087,0.029060794263124152,-1.2327946790763562,0.022305757514298186,7.950999999999999,8.1955,8.1105,2,4,3,8.009566478385612,8.156326007290836,41.06280193236717,-0.11008102378092133,-0.0943097796317217,8.848734059768844,7.542265940231154,0.01620338493399228,0.02534500929177027,0.03304885830210882,-25734383.0,-0.10868998475848331,0,0,-1,0,0,0.015037593984962308,-1.6402899859915092,0.3097405527301492,0.4023395493758725,0.022556390977443552,0.002457002457002311,-0.6342552075585942,0.030637254901960783,0.0
2020-03-05,8.02,8.16,-0.002472189145389037,-0.006056953708189796,-0.01379332213233576,-0.205903448186267,-0.017305747097592566,7.937,8.1955,8.1245,3,5,3,8.0114634823155,8.147530781014009,39.90610328638499,-0.10276419756904254,-0.09600066321918588,8.848734059768844,7.542265940231154,0.016886609246863863,0.02542670677452487,0.02532162284846351,-26128501.0,-0.5373265443694175,0,0,-1,0,0,-0.00980392156862746,-1.6445474436566767,0.27264676930863513,0.40363645670852455,0.029525032092426073,0.0,-0.27757617286786185,0.03865336658354121,0.0
2020-03-06,7.56,8.02,-0.03270731797578433,-0.023356931498103552,-0.08014793206464743,0.9473217162466364,-0.059067231686981476,7.886,8.1595,8.112,4,6,3,7.929379212803591,8.109625569335686,23.68421052631581,-0.13255569614869245,-0.1033116698050872,8.869977230273301,7.449022769726699,0.02443042045174767,0.027313924249388197,0.026277676439573208,-27144850.0,-1.6875980663571406,0,0,-1,0,0,-0.02493765586034904,-0.062135501798817945,0.533345038847352,0.43359510535882645,-0.027027027027026973,-0.08695652173913038,-1.1152669600489342,0.0965608465608465,0.0
2020-03-09,7.45,7.56,-0.10507638438726874,-0.032872745000574674,-0.11744109686009563,0.43530522241613373,-0.014657157799973355,7.840999999999999,8.102500000000001,8.103,0,9,3,7.84221935593021,8.067069080991448,27.551020408163282,-0.16316093639031326,-0.11528152312213241,8.849532726683924,7.355467273316078,0.02407520461335718,0.025562194705663413,0.02595044557454404,-28715551.0,-1.7469114181822993,0,0,-1,0,0,-0.06878306878306872,1.3130447385621775,0.5300721099862462,0.40578726093718387,-0.04487179487179482,-0.13271245634458673,-0.599415197539852,0.17181208053691277,0.0
2020-03-10,7.6,7.45,0.07785500170364351,-0.00386349482504459,0.14043061508479446,-1.0261522086160741,0.01993421490081711,7.811,8.040000000000001,8.103,1,10,3,7.798179473033808,8.036935591895226,36.89839572192514,-0.17331420511078122,-0.12688805951986218,8.730750926242763,7.34924907375724,0.02539939906471415,0.02488054806280576,0.026071523259454235,-28152638.0,-1.2739758523186264,0,0,-1,0,0,0.021476510067114114,-1.0937330566641152,0.5192646766706199,0.3949664559430434,-0.04761904761904767,-0.14124293785310738,-0.6441638321815497,0.03552631578947363,0.0
2020-03-11,7.29,7.6,-0.02798317166347035,-0.035460051378869706,-0.06489509093988718,0.6705165694975747,-0.04164470127171857,7.742,7.9795,8.079666666666666,2,11,3,7.705783205209478,7.988746198869729,29.383886255924168,-0.2040232993492026,-0.14231510748573029,8.711346259379923,7.247653740620077,0.027375498035722774,0.024966669599990058,0.025271262108380023,-29253272.0,-1.8842755323616671,0,0,-1,0,0,-0.02631578947368412,0.26730630634992286,0.466705537516383,0.39633359296254095,-0.1066176470588236,-0.14235294117647057,0.39208591989214964,0.06447187928669419,0.0
2020-03-12,6.91,7.29,-0.06995858860691034,-0.06346957394866627,-0.07246332510793721,0.14968145969091073,-0.053533908240988276,7.653999999999999,7.8985,8.043333333333333,3,12,3,7.561095349716846,7.919149669910391,25.83333333333333,-0.2560714694864359,-0.16506637988587142,8.726135185332257,7.070864814667744,0.03041266395062812,0.026729783937431643,0.026812582940221017,-30531619.0,-2.388733629305922,0,0,-1,0,0,-0.05349794238683123,0.753824987329387,0.508285398514179,0.42432216538159806,-0.13840399002493764,-0.18991793669402102,1.0669812130575775,0.0723589001447178,0.0
2020-03-13,7.71,6.91,0.018665294219359876,0.09375496953751845,0.05519670908700562,-0.010236459990303128,0.10954854979565959,7.648000000000001,7.8614999999999995,8.031,4,13,3,7.588168922495601,7.9056561428193985,46.86468646864685,-0.23011409316106146,-0.17807592254090945,8.650590749233743,7.072409250766255,0.050597434048931356,0.03882736704443369,0.034608830782803995,-29266291.0,-0.38398625290466376,0,0,-1,0,0,0.017366136034732287,0.646368163946535,1.0719671651052811,0.6163653435779791,0.019841269841269993,-0.08757396449704136,1.4007637560619475,0.1063553826199741,0.0
2020-03-16,7.37,7.71,-0.04807917942565319,-0.04239045261512779,-0.027963558628646724,-0.3133145404326538,-0.04510048137399284,7.605000000000001,7.792,8.007,0,16,3,7.548501845678219,7.8710976819923415,42.13649851632048,-0.23427724170202335,-0.18931618637313224,8.487144059284006,7.096855940715995,0.052465337171367636,0.03858706788534381,0.035486713593997125,-30191271.0,-1.2141368234798908,0,0,-1,0,0,-0.13099870298313876,-0.1988427809080077,1.126263145526376,0.6125507126867205,-0.010738255033557076,-0.158675799086758,1.4911544430699684,0.09362279511533236,0.0
2020-03-17,7.87,7.37,0.09802020856319003,0.07178554029893405,0.04665569164079921,-0.18044047561591878,0.06564035622806655,7.593999999999999,7.769000000000001,7.9943333333333335,1,17,3,7.606956055554906,7.871026863799288,48.54881266490765,-0.19498310176457778,-0.19044956945142139,8.41810951148068,7.119890488519323,0.05680563468323537,0.04081431439711731,0.0375523364603519,-29419003.0,0.31119556319428676,0,0,-1,0,0,0.002713704206241462,-0.5681971126339256,1.2270065134325605,0.6479071549582531,0.03552631578947385,-0.055222088835534255,0.8089409239905614,0.11689961880559095,0.0
2020-03-18,7.73,7.87,0.01477528558215446,0.019950786419348693,0.022536165022413127,0.5149470325308751,-0.017949199829981253,7.551,7.751,7.980666666666666,2,18,3,7.629327681817649,7.8619283564573985,49.19786096256686,-0.17314315620943255,-0.18698828680302362,8.382352766517595,7.1196472334824055,0.05645908801546652,0.04050743449567058,0.03761196050549456,-30711432.0,-0.06652382349041203,0,0,-1,0,0,-0.047013977128335466,0.7244278407792252,1.1777037913600437,0.6430355875487008,0.06035665294924564,-0.04449938195302838,0.712391061145141,0.11901681759379042,0.0
2020-03-19,8.04,7.73,0.031498667059371016,0.012270092591814401,0.04360363748213193,0.4207184653026677,0.03932022059154428,7.553,7.745,7.981333333333334,3,19,3,7.703995376032622,7.873416849589179,53.34987593052109,-0.1293296016438985,-0.17545654977119862,8.362107002578584,7.127892997421415,0.05786394581072912,0.04152076085434965,0.03825105016949027,-28742991.0,0.9560740641974242,0,0,-1,0,0,0.0012936610608020422,2.1184078407741764,1.0238059247457347,0.6591216448007695,0.16353111432706213,-0.014705882352941346,0.08093962762413215,0.08706467661691535,0.0
2020-03-20,7.25,8.04,0.0454623740767572,0.0,-0.050591786116060196,-0.1751014425859043,-0.10342761432429144,7.522,7.703999999999999,7.947,4,20,3,7.621450762208508,7.833196407680201,44.25887265135699,-0.15654884405957414,-0.17167500862887372,8.338894106379742,7.0691058936202555,0.0636588729023123,0.046970365140844565,0.041799499121505476,-30395245.0,-1.430159755581199,0,0,-1,0,0,0.007462686567164241,1.2657633260068568,1.052452472979612,0.7456314309154324,-0.05966277561608302,-0.10161090458488231,-0.15291291391086773,0.14758620689655164,0.0
2020-03-23,7.0,7.25,-0.12056467861826028,-0.0919013622838214,-0.03278982282299084,-1.0134011347125729,-0.03509131981127006,7.477000000000001,7.659000000000001,7.894,0,23,3,7.508459714534233,7.779441800733091,39.91769547325102,-0.1960334488688975,-0.17654669667687847,8.359583215689046,6.9584167843109554,0.06439028460611786,0.047316890464123296,0.041426639278564985,-30994984.0,-1.8812897176015098,0,0,-1,0,0,-0.009655172413793142,-0.9963381409549011,1.0351502160043053,0.7511323498857231,-0.05020352781546811,-0.11392405063291144,-0.271809350113065,0.08285714285714287,0.0
2020-03-24,6.69,7.0,0.04093340892625309,0.06720874969344989,-0.04445176257083392,1.6963020478721984,-0.045296274915176196,7.386,7.5985,7.822,1,24,3,7.3596488573461905,7.70915523294386,35.270541082164314,-0.24946402586915006,-0.1911301625153328,8.411429076986709,6.7855709230132915,0.06488701200403824,0.048101510310081856,0.041413602934680785,-34265806.0,-2.235127333290979,0,0,-1,0,0,0.06857142857142863,3.121425713678991,0.7914438132056753,0.763587803802516,-0.14993646759847523,-0.15316455696202536,0.17962037918164647,0.20926756352765324,0.0
2020-03-25,6.67,6.69,-0.10269028710194748,-0.1235810617713545,-0.02843065096478004,-0.346361497840934,-0.0029940142126047777,7.324000000000001,7.5329999999999995,7.761,2,25,3,7.234258156010519,7.642112959850708,36.13963039014372,-0.2900781357597273,-0.2109197571642117,8.42386829317773,6.642131706822268,0.06404208949109376,0.04794214412807696,0.04100316809769809,-36579117.0,-1.9374356604873095,0,0,-1,0,0,0.008968609865470793,1.4830557808125036,0.813603141552134,0.761057944092643,-0.13712807244501946,-0.16416040100250628,-0.0632650578176858,0.09820089955022493,0.0
2020-03-26,6.86,6.67,-0.01042451733588409,-0.012811563134200279,0.01316317883399178,-0.10042306143196138,0.028087581810261636,7.319000000000001,7.4864999999999995,7.705333333333333,3,26,3,7.16621121855406,7.591654059215179,42.391304347826086,-0.3034358784288731,-0.22942298141714398,8.417086119773831,6.555913880226168,0.06279644436614015,0.048449058594362104,0.04147964628227847,-34486832.0,-1.3464632379263577,0,0,-1,0,0,0.0014992503748125618,1.0997191335327243,0.7543777560196699,0.7691049617752723,-0.1467661691542287,-0.1193838254172015,-0.3610079749331964,0.06997084548104962,0.0
2020-03-27,6.61,6.86,0.002989538848365986,-0.03498899185006548,-0.015504186535965199,-0.03426757723850592,-0.03712378787419895,7.2090000000000005,7.4285,7.644,4,27,3,7.065081906089685,7.528321539265813,41.13924050632911,-0.33038640754653503,-0.2496156666430222,8.426820168029604,6.430179831970395,0.048775650188889186,0.048940700510041624,0.04183917192333627,-36508634.0,-1.639754512052945,0,0,-1,0,0,-0.023323615160349875,0.9202910557635725,0.4820856519852612,0.7769095352331726,-0.08827586206896543,-0.14929214929214918,1.105232600788839,0.05143721633888046,0.0
2020-03-30,6.24,6.61,0.005952398527295352,0.004441161999967836,-0.04637121718212219,-0.004151444245366082,-0.05760347148225861,7.095999999999999,7.350500000000001,7.5600000000000005,0,30,3,6.9150670140733785,7.445204020603503,36.29032258064516,-0.37725207671226446,-0.27514294865687067,8.463759320998207,6.237240679001794,0.04972028680716942,0.050062759444646665,0.041899239517101144,-38522060.0,-1.995042806386329,0,0,-1,0,0,0.019667170953101346,0.8217976488591059,0.5481608889373842,0.7947216686171108,-0.10857142857142854,-0.19999999999999996,0.8673147216152477,0.10576923076923064,0.0
2020-03-31,6.41,6.24,-0.08029001817312771,-0.03609414363584385,0.014622518867541963,-0.1966320832252955,0.02687908855124228,6.95,7.272,7.496,1,31,3,6.823236647878218,7.378416664435536,40.871369294605806,-0.3961097710533652,-0.2993363131361696,8.41925484710697,6.1247451528930315,0.04342933022479241,0.05021572182211788,0.04178652918138385,-36868045.0,-1.502717556040324,0,0,-1,0,0,-0.003205128205128279,0.33060829862620505,0.5997274142489958,0.7971498710815389,-0.04185351270553073,-0.19674185463659155,-0.3250282028767598,0.051482059282371304,0.0
2020-04-01,6.27,6.41,0.017530329404996898,-0.0015325673497782273,0.004827040748315944,-0.33158280283070973,-0.022082916287749416,6.804,7.177499999999999,7.435333333333333,2,1,4,6.722648166445814,7.306905911891308,43.01310043668121,-0.41753833760490267,-0.32297671802991623,8.328131405611218,6.02686859438878,0.04343112556135842,0.049692954486519614,0.041685254272073945,-38055275.0,-1.5773948035390764,0,0,-1,0,0,-0.01248049921996881,-0.3719003111245898,0.6048429543864715,0.7888511969002938,-0.05997001499250376,-0.2316176470588236,0.15876957858607227,0.04625199362041454,0.0
2020-04-02,6.55,6.27,-0.017530329404996776,0.009160369398664416,-0.009677494882065369,0.24875187578994765,0.04368869500233116,6.654999999999999,7.104000000000001,7.381666666666667,3,2,4,6.691257590728393,7.25807327241445,35.71428571428571,-0.4072326465828313,-0.33982790374049926,8.215156817773309,5.992843182226692,0.04414745933022209,0.05124856183979554,0.042676577072065416,-36532743.0,-0.9971589808721757,0,0,-1,0,0,-0.007974481658692157,0.028322902226325504,0.6789032954262749,0.8135456980668828,-0.045189504373177924,-0.18329177057356605,0.34118915079015294,0.06259541984732826,0.0
2020-04-03,7.16,6.55,0.10375150485212564,0.08587090927430319,0.08390011306629408,0.835362944056935,0.08904493132539369,6.646000000000001,7.0840000000000005,7.351333333333333,4,3,4,6.77648348332323,7.2517459645167435,47.57505773672055,-0.34585659069279995,-0.3410336411309594,8.174811383184144,5.993188616815857,0.047513828594170436,0.05468220877771577,0.04636651445954707,-33022316.0,0.13934581389891823,0,0,-1,0,0,0.053435114503816876,2.406216685429891,0.922180755560537,0.868053153393295,0.08320726172465953,-0.052910052910052796,-0.0036082826298738974,0.06424581005586591,0.0
2020-04-06,7.47,7.16,0.06317890162153146,0.06349194856690003,0.08015734056183753,-0.6128795638960939,0.042385018172171635,6.6930000000000005,7.084999999999999,7.337,0,6,4,6.902577395446279,7.265826870031793,45.16908212560386,-0.26909920683943955,-0.32664675427265544,8.177259849553787,5.9927401504462114,0.04765329118518399,0.055469368969441206,0.04698444481131085,-31120407.0,0.7049604545242266,0,0,-1,0,0,0.02653631284916194,0.3272648401311858,0.6548026476837966,0.8805489340489476,0.19711538461538458,0.0026845637583892135,-0.19697994575809424,0.049531459170013406,0.0
2020-04-07,7.32,7.47,0.033447934067540125,0.0026143805740708936,-0.004135085147802879,-0.2849298603920986,-0.02028467117150566,6.756,7.071,7.317666666666667,1,7,4,6.978472414456046,7.269321910674904,45.060240963855414,-0.21786080972538802,-0.304889565363202,8.142445653999108,5.999554346000892,0.0452849093502568,0.05549023831414906,0.047115391056867184,-32550770.0,0.46479258947128604,0,0,-1,0,0,0.017402945113788475,-0.3470377276869557,0.7756206308265281,0.8808802246256787,0.14196567862714504,-0.03684210526315779,0.19403657969204202,0.057377049180327856,0.0
2020-04-08,7.0,7.32,-0.034809404665861174,-0.03859427755125472,-0.03657228962334386,-0.46243580441856685,-0.04470017891790694,6.789,7.0565,7.284999999999999,2,8,4,6.982386520918583,7.251946303534588,37.5,-0.20076108765910394,-0.2840638698223824,8.12330585714646,5.989694142853538,0.04830814739306802,0.055605994380327144,0.047680247732081134,-33451538.0,-0.1059236779054221,0,0,-1,0,0,0.0027322404371584114,-1.0319431159884511,0.8732789672574615,0.8827177952088048,0.11642743221690588,-0.03978052126200271,-0.07529939828288211,0.05571428571428567,0.0
2020-04-09,7.3,7.0,-0.038893791121273516,-0.0027173929765000266,0.011396134730869582,-0.285829076701951,0.04196419909903221,6.833,7.0760000000000005,7.268666666666666,3,9,4,7.040134426206113,7.255046542016228,50.68119891008174,-0.1611443699415407,-0.2594799698462141,8.145784041167532,6.006215958832469,0.04925991683165388,0.055024755489914645,0.048240315952587834,-32774709.0,0.4187761106541319,0,0,-1,0,0,0.008571428571428516,-1.242510370994638,0.8706155656826543,0.8734909138707012,0.11450381679389321,0.05643994211287984,-0.04879642292852826,0.03972602739726028,0.0
2020-04-13,7.22,7.3,0.026556417361432674,0.013513719166722855,0.012667305200765635,-0.31559189201633925,-0.011019395249610538,6.894,7.0515,7.250333333333333,0,13,4,7.072837257805001,7.252785474789374,53.14285714285714,-0.1346509942945433,-0.23451417473587993,8.081865801165012,6.021134198834988,0.04736757401326613,0.048393908118660116,0.048273737172006025,-33268359.0,0.32706830876855697,0,0,-1,0,0,-0.006849315068493127,-1.3612332576560584,0.620919286109277,0.768229475114906,0.008379888268156277,-0.06355382619974059,0.17413672341881342,0.0415512465373961,0.0
2020-04-14,7.32,7.22,0.005502077153983338,0.006688988150796489,0.01526747213078838,0.48632992281125537,0.013755375068485419,7.002,7.0489999999999995,7.234333333333334,1,14,4,7.117775938204091,7.257121895770706,59.574468085106375,-0.10438238380992093,-0.20848781655068815,8.07635019397113,6.021649806028868,0.04134814033287118,0.047477209318734184,0.04834517286160066,-32465518.0,0.5275708353204746,0,0,-1,0,0,0.009695290858725801,-0.9698984704052855,0.5263673181836943,0.7536773328043739,-0.02008032128514048,-0.006784260515603768,0.4145888000280634,0.03278688524590167,0.0
2020-04-15,7.23,7.32,-0.00964859311583195,-0.024292692569044472,-0.033616610798984974,-0.7642619171836956,-0.012371291802546829,7.0840000000000005,7.017,7.209333333333333,2,15,4,7.138180313076075,7.255372096043565,58.33333333333334,-0.08665760483980467,-0.18412177420851145,7.9741470766374825,6.059852923362518,0.04212627552135261,0.04482271165714708,0.04816882965427738,-32839383.0,0.4450726647952216,0,0,-1,0,0,-0.013661202185792422,-1.421267479063277,0.5137707737657203,0.711538488794202,-0.012295081967213073,-0.0813214739517153,0.25192260575493497,0.041493775933610054,0.0
2020-04-16,7.33,7.23,0.004146515961848618,0.007485574252663312,0.02531780798429,-0.29323869779737577,0.013736479727886757,7.19,6.997,7.181666666666667,3,16,4,7.173056619789516,7.260186799524625,57.18654434250764,-0.0638059107197444,-0.16005860151075804,7.906970502702895,6.087029497297105,0.040330597343109814,0.04484146555252638,0.0480405223562225,-32560538.0,0.7318918558588148,0,0,-1,0,0,0.0027662517289072713,-1.3960711185348451,0.35884534759786946,0.7118361976539261,0.04714285714285715,-0.05174644243208282,0.6719195423241006,0.023874488403819893,0.0
2020-04-17,7.54,7.33,0.013698844358161927,0.024775287965558154,0.015162247739677455,1.1033313627717678,0.02824666612130468,7.289,6.9719999999999995,7.165666666666667,4,17,4,7.239773598009603,7.2782392640714235,64.39628482972135,-0.028422892127449195,-0.13373145963409627,7.783460022688078,6.160539977311921,0.03939374320815457,0.04434999765312156,0.048284820147676724,-31720046.0,1.3999457376061946,0,0,-1,0,0,0.002728512960436504,-0.7030559740139537,0.2813387733451643,0.7040343866187473,0.03287671232876721,-0.06218905472636804,-0.05528775926559725,0.033156498673740056,0.0
2020-04-20,7.6,7.54,0.012170535620255335,0.02353049741019425,0.012236726448437084,0.37425506840957956,0.007926065272420723,7.333,6.989500000000001,7.167000000000001,0,20,4,7.305269307462402,7.2989980212281065,73.2876712328767,0.004409078474805206,-0.10610335201231598,7.840344162860375,6.138655837139628,0.028210014614072316,0.03818060674494184,0.04711151387843819,-30498048.0,1.4350453976145656,0,0,-1,0,0,-0.013262599469495973,-0.25760381539994565,0.2351559665138851,0.6060983421160286,0.05263157894736836,0.04827586206896539,-0.7102981857431915,0.044736842105263144,0.0
2020-04-21,7.0,7.6,0.013351333174864196,-0.026179505581771054,-0.06851036243054553,-0.5439864925663802,-0.082238098236972,7.286,6.989500000000001,7.152,1,21,4,7.2497657970146925,7.279707826310164,58.80597014925373,-0.017781361406332685,-0.08843895389111933,7.840344162860375,6.138655837139628,0.035863750988847275,0.041620422969076205,0.049273167413242565,-31207332.0,0.02468137047494022,0,0,-1,0,0,-0.007894736842105211,-0.8343553667319927,0.6700411693592032,0.6607037318249771,-0.04371584699453557,0.0,-1.607217319608796,0.08999999999999998,0.0
2020-04-22,7.25,7.0,-0.06577713051471404,-0.03371863599929791,0.013654542009391774,-0.35692633565911647,0.03509131981127019,7.279000000000001,7.017500000000001,7.140333333333333,2,22,4,7.249808379375657,7.2777911923546705,64.16184971098266,-0.015021377137636627,-0.07375543854042278,7.8636896017472395,6.171310398252762,0.03770291318409718,0.04089512546697622,0.04958373504515296,-30710958.0,0.5495222335985357,0,0,-1,0,0,0.008571428571428516,-1.0105827912697027,0.7349240628089718,0.6491899909224196,0.0027662517289073207,0.08370702541106123,-1.9186498098833693,0.039310344827586226,0.0
2020-04-23,7.08,7.25,0.03753046439340958,0.009556386720218229,0.0007135212575283284,0.12920043739074324,-0.023727561160955042,7.287000000000001,7.037999999999999,7.133333333333334,3,23,4,7.2189341285800825,7.265030470267273,57.910447761194035,-0.026249066076549532,-0.06425416404764814,7.868462141473614,6.2075378585263845,0.03559595497426617,0.04135408408041725,0.049196082564115284,-31275791.0,0.10114850010013399,0,0,-1,0,0,0.0110344827586207,-0.8385870302245492,0.7429386213868612,0.6564757330418355,-0.034106412005457054,0.06146926536731634,-1.1226445710164081,0.04943502824858764,0.0
2020-04-24,7.27,7.08,-0.03047327208341053,-0.005449604767564703,-0.0042887842722174815,0.8153259726372348,0.026482383839799607,7.284000000000001,7.0585,7.145333333333334,4,24,4,7.228218832474612,7.2653510850887395,51.877133105802045,-0.019589858651747782,-0.05532130296846807,7.890701266141979,6.226298733858022,0.03385684103109368,0.04130386853699645,0.048406614098760445,-29999318.0,0.5082905028022775,0,0,-1,0,0,0.004237288135593255,0.10680923971288084,0.7377017476389557,0.6556785860027871,-0.035809018567639295,0.0597667638483963,-1.1334473559998954,0.04676753782668499,0.0
2020-04-27,7.56,7.27,0.02362861839344517,0.037537919319065034,0.032420034522576434,-0.3625904661460862,0.03911489864601358,7.3180000000000005,7.106,7.140333333333333,0,27,4,7.288542681115592,7.28436069250237,51.54639175257732,0.008984618489072282,-0.04246011867696,7.938861901739007,6.273138098260993,0.03577246836585487,0.04092268982570167,0.044091002219081035,-29111057.0,1.0902167551476474,0,0,-1,0,0,0.0013755158184320048,-0.3317523830522529,0.8082528175113255,0.6496275615518388,-0.0052631578947368585,0.14372163388804826,-1.1897087385977947,0.05158730158730155,0.0
2020-04-28,7.26,7.56,0.044332309664999923,0.0013149245813092439,0.0,-0.4822077913267028,-0.040491361354736875,7.311999999999999,7.156999999999999,7.136666666666667,1,28,4,7.283353102730938,7.2827890349215725,49.019607843137244,0.0073380166080720954,-0.03250049161995358,7.884883738547581,6.4291162614524175,0.038254223311465,0.03973686273066739,0.0439448228035139,-29659486.0,0.28301222996278685,0,0,-1,0,0,0.006613756613756708,-0.7046046534696438,0.5833949278575232,0.6308031400035415,0.037142857142857144,0.16346153846153832,-0.6453405031495243,0.05509641873278242,0.0
2020-04-29,7.48,7.26,-0.026632732565598945,-0.011897033911846055,0.013774322464829422,0.010424498426653415,0.029852963149681343,7.336999999999999,7.210499999999999,7.123666666666666,2,29,4,7.319107084052586,7.295512322991149,58.10810810810812,0.02351417733825034,-0.021297557828312795,7.860308878784578,6.560691121215419,0.03911357966501459,0.03981923894741393,0.042469002052561725,-29105310.0,0.8294746618546731,0,0,-1,0,0,0.020661157024793438,-0.6261864751801011,0.5681858742260155,0.6321108219042877,0.03172413793103446,0.16692667706708275,-0.6409633140957391,0.028074866310160422,0.0
2020-04-30,7.59,7.48,0.001348617871293463,0.013210231736806482,-0.0075523874255359735,0.7133892969634872,0.014598799421152631,7.3629999999999995,7.2765,7.119,3,30,4,7.36836034149757,7.314511527959462,55.234657039711195,0.04469476848197207,-0.008099092566255822,7.774507609326682,6.7784923906733185,0.039138701761754456,0.03918714501954374,0.04243547512448468,-27974294.0,1.2590169070864552,0,0,-1,0,0,-0.008021390374331618,0.17204045540022175,0.5008851567016386,0.6220766418740166,0.07203389830508478,0.21052631578947367,-1.8013255556221417,0.04808959156785247,0.0
2020-05-01,7.0,7.59,0.008053734807096823,-0.017207572169426803,-0.04294922675945032,-0.5849708673922,-0.08092144235222529,7.309,7.2989999999999995,7.084333333333333,4,1,5,7.301385733952556,7.294220461639497,46.646341463414636,0.013714379566290624,-0.003736398139746533,7.687405647961421,6.910594352038578,0.045667543559871404,0.04292239954264559,0.04404441505908695,-28604408.0,-1.5396274568576709,0,0,-1,0,0,-0.014492753623188331,-0.4605295861250414,0.7989280588246842,0.6813719691839565,-0.037138927097661534,0.06870229007633588,-0.7801336022765906,0.07714285714285715,0.0
2020-05-04,7.0,7.0,-0.06489509093988718,-0.038099846232270404,-0.00722024797348702,0.007618726118281938,0.0,7.249,7.2909999999999995,7.076,0,4,5,7.246588327779364,7.275238496372433,44.96855345911949,-0.01071429413763525,-0.005131977339324276,7.697624099008712,6.884375900991287,0.045457628849644285,0.03747369022780161,0.040257622661118014,-28604408.0,-1.4312973614176507,0,0,-1,0,0,0.0014285714285713982,-0.4573038798757385,0.6966370366588786,0.5948763903038067,-0.07407407407407407,-0.022346368715083775,-0.7461697091132851,0.04428571428571423,0.0
2020-05-05,7.07,7.0,0.011347639497537415,0.013774322464829422,0.017241806434505954,-0.7167375285955964,0.009950330853168092,7.2559999999999985,7.270999999999999,7.078333333333333,1,5,5,7.214481359092206,7.261997303058083,47.46835443037975,-0.024147422604954727,-0.008935066392450368,7.6798958173833425,6.862104182616656,0.0379488085505265,0.03614402394101471,0.03977462965849333,-28294343.0,-0.9831355149889416,0,0,-1,0,0,0.012857142857142836,-1.3218572397248383,0.6722720550367894,0.5737685923745377,-0.026170798898071612,-0.05354752342704139,-1.8620527776312525,0.04101838755304102,0.0
2020-05-06,7.17,7.07,0.014005831188919168,0.0068166589790979405,0.014144507386164743,0.3000287392888823,0.014045174703047647,7.247999999999999,7.2635000000000005,7.094333333333334,2,6,5,7.206393839257259,7.256061993183368,47.46835443037975,-0.026419561175020867,-0.012431965348964468,7.674110585143012,6.852889414856989,0.03637853225020966,0.03605868852387683,0.03889644173690713,-27875787.0,-0.4554193359016081,0,0,-1,0,0,0.016973125884016987,-0.9374490174609686,0.6278206260598088,0.572413934623901,-0.041443850267379734,-0.020491803278688603,-2.1175972195294364,0.03347280334728037,0.0
2020-05-07,7.16,7.17,0.011065119812472607,-0.012303641195356955,-0.0014054816087348096,0.05629847516182125,-0.0013956736389746914,7.256,7.2715000000000005,7.110666666666666,3,7,5,7.197958595755939,7.249864445236055,43.58108108108108,-0.02869636989886093,-0.01568484625894376,7.666429707269685,6.876570292730316,0.03549030395492839,0.03459518081693686,0.038888994611865554,-28318583.0,-0.5646574463635405,0,0,-1,0,0,0.01394700139470009,-0.7722101734687203,0.6013434687748046,0.5491814700175637,-0.0566534914361001,0.02285714285714291,-2.068614278366358,0.022346368715083696,0.0
2020-05-08,7.46,7.16,-0.004135085147802879,0.029144726326163703,0.01132800030520733,0.38167156488154125,0.041045433243115166,7.275,7.2795000000000005,7.130666666666667,4,8,5,7.245602487436677,7.263421577801471,47.8125,-0.006221546307580539,-0.013792186268671118,7.683244317215884,6.875755682784117,0.03696443935684299,0.03453584688339151,0.039266197769725154,-27670006.0,0.8941302319481845,0,0,-1,0,0,0.011173184357541908,-0.05116234722079292,0.27742602386729,0.5482395730227543,0.06571428571428561,0.021917808219177992,1.497902218249264,0.03941018766756039,0.0
2020-05-11,7.49,7.46,0.010989121575595165,0.008646545389341481,0.017780083852863355,-0.4433457530997448,0.004013383313458741,7.267999999999999,7.292999999999999,7.159999999999999,0,11,5,7.290038398811825,7.278039540523957,59.315589353612175,0.013850996919862801,-0.008263549630964335,7.7063101295126994,6.879689870487299,0.0346797057480128,0.03440984229429258,0.038533247532627865,-27253694.0,0.9532793219090345,0,0,-1,0,0,-0.01876675603217154,-0.8375069694014787,0.26688706876143614,0.5462393121819024,0.07000000000000006,0.037396121883656486,1.5705715638282678,0.03070761014686242,0.0
2020-05-12,7.7,7.49,0.02961185404664444,0.03129329662172368,0.027620482661719185,0.5311446985703198,0.02765153133050995,7.312,7.312,7.208666666666667,1,12,5,7.36457687175513,7.305262795974025,58.68725868725869,0.04617163908472666,0.0026234881121738633,7.763691557545419,6.860308442454581,0.032706683407817,0.03480198132281377,0.036978191251879074,-26545598.0,1.7179865043680183,0,0,-1,0,0,0.006675567423230951,0.18512379705261048,0.2813177855085369,0.5524643262748796,0.08910891089108919,0.051912568306010876,0.5286338813270607,0.03441558441558437,0.0
2020-05-13,7.3,7.7,0.024886680579465848,0.012755274975125862,-0.046235291103951304,0.5552947014514649,-0.053345980705292735,7.294,7.315499999999998,7.238333333333332,2,13,5,7.352835622345106,7.304923260749895,53.90070921985815,0.039059075093270224,0.009910605508393136,7.765598234891609,6.865401765108388,0.036184525769383115,0.03679886851383763,0.03833640475950333,-27779423.0,-0.06887385374319945,0,0,-1,0,0,0.003896103896103928,1.7410665346538037,0.5708963588536324,0.5841639276970764,0.018131101813110062,0.009681881051175623,-0.9752643873938267,0.09657534246575343,0.0
2020-05-14,7.26,7.3,-0.05723451444498523,-0.06452162225205225,-0.02180881370841461,-0.9124220673384814,-0.005494519317640702,7.261,7.312,7.271333333333334,3,14,5,7.335956418282359,7.302024985862806,49.81273408239701,0.029850552591778268,0.013898594925070163,7.762711717876838,6.861288282123162,0.03571981383421153,0.03670160600209771,0.038055897624696314,-28274866.0,-0.23074616406671739,0,0,-1,0,0,0.0,-0.7197529800910549,0.5741110372107182,0.5826199331893563,0.013966480446927276,-0.009549795361528002,-0.8523230814253268,0.050550964187327824,0.0
2020-05-15,7.6,7.26,-0.005494519317640702,0.02707373468655462,0.014124528603630981,-0.33236597746626007,0.04576841845558059,7.321,7.315,7.306333333333333,4,15,5,7.383964342231021,7.32124918032327,50.73529411764705,0.04941822809526197,0.021002521559108527,7.772843917324989,6.8571560826750115,0.027968552846634583,0.03765679900198564,0.038134849075129,-27919522.0,1.2449657589212852,0,0,-1,0,0,0.0,-1.0805188141235165,0.5956637526125403,0.5977831519799957,0.018766756032171594,0.007957559681697646,-0.6976204607446216,0.061842105263157865,0.0
2020-05-18,7.5,7.6,0.06789033554285123,0.022121917087270692,0.03581650053390589,0.7521044218048674,-0.013245226750020567,7.3709999999999996,7.31,7.317666666666667,0,18,5,7.405061734552653,7.332781491270156,54.761904761904766,0.05620864932340197,0.028043747111967218,7.756789718583016,6.8632102814169835,0.028718147599102663,0.037749873203695695,0.03449320561993737,-28673370.0,0.8505119616565097,0,0,-1,0,0,0.022368421052631572,0.3349404252575971,0.6085038260779311,0.5992606591271997,0.001335113484646211,-0.013157894736842035,-0.24402516638761995,0.05066666666666665,0.0
2020-05-19,7.75,7.5,-0.028722601118622716,0.0012861738107443066,0.00539812376955731,0.4137524215950636,0.03278982282299097,7.439,7.347499999999999,7.327,1,19,5,7.467777782815807,7.359698814414017,55.29411764705882,0.08083124545002374,0.03860124677957852,7.810345887730882,6.884654112269117,0.029886453285231224,0.033495827398603746,0.03412926931866448,-27533188.0,1.7392398233168749,0,0,-1,0,0,0.006666666666666643,1.538060230865576,0.6243619233076981,0.5317297755302945,0.006493506493506551,0.1071428571428572,-0.26352854592444963,0.04516129032258071,0.0
2020-05-20,8.13,7.75,0.042780340608854335,0.08733266213295578,0.05115869582755201,0.4472176787680288,0.04786808019446363,7.535000000000001,7.391499999999999,7.354,2,20,5,7.5881818223038415,7.409395665096984,59.5744680851064,0.12951468976062586,0.05678393537578799,7.968544192415033,6.814455807584965,0.032402552245583915,0.03424901012907301,0.03492466186252428,-25749995.0,2.5595959883392867,0,0,-1,0,0,0.016774193548387082,2.7107705825985096,0.4673518566350057,0.5436861807099562,0.11369863013698644,0.12137931034482774,-0.4711243044618707,0.08241082410824106,0.0
2020-05-21,7.61,8.13,-0.011487043987130812,-0.08579143398302198,-0.060624621816434854,-0.6593933149615117,-0.06609775168612478,7.58,7.418000000000001,7.374333333333334,3,21,5,7.592148763703142,7.422337880252018,61.09090909090909,0.1246995570722298,0.07036705971507635,7.983372722891188,6.852627277108814,0.040535750367114445,0.037174698043833915,0.03605773228247131,-26672200.0,0.6791979599516413,0,0,-1,0,0,-0.04182041820418213,0.4128640760673018,0.7707786512374786,0.5901300365274231,0.04820936639118467,0.07485875706214684,-1.1161115529023087,0.05676741130091977,0.0
2020-05-22,6.91,7.61,-0.03793783934039215,-0.038194545797969146,-0.0630902949612063,0.8013151655332702,-0.09649353409401593,7.525,7.4,7.3613333333333335,4,22,5,7.468121715757116,7.3892838234615645,48.69565217391304,0.06366548380271997,0.06902674453260507,8.006630035524058,6.793369964475943,0.04892002686573819,0.04249473008118168,0.03923749092074225,-28727306.0,-1.615482159819856,0,0,-1,0,0,-0.014454664914586112,2.6805663735753207,0.9635119604430751,0.674582926953734,-0.09078947368421042,-0.04951856946354871,-0.17576222458284166,0.08538350217076698,0.0
2020-05-26,8.2,6.91,0.03922071315328133,0.11926342082681755,0.1030423459729214,0.583301371978717,0.17116451649062886,7.596000000000001,7.4319999999999995,7.394,1,26,5,7.601190494710368,7.441588092915658,62.098501070663794,0.11802721575620634,0.07882683877732533,8.134165072809525,6.729834927190474,0.07847293235359058,0.059373812811502204,0.05202727977891726,-25044670.0,2.1875198005137277,0,0,-1,0,0,0.12879884225759763,3.442154932544094,1.7454806420331135,0.9425300585336133,0.09333333333333327,0.08465608465608465,0.715089549325345,0.09634146341463405,0.0
2020-05-27,8.13,8.2,0.06813780516721804,0.02800649790821816,0.025774622688615374,-0.7526888241386819,-0.008573230710487989,7.639,7.475499999999999,7.421,2,27,5,7.6973376774903,7.486001764340454,60.344827586206904,0.15368923120972156,0.09379931726380457,8.238002113888307,6.712997886111693,0.07848121581253016,0.05852369027568774,0.05206425750736085,-26779553.0,1.7167165522006005,0,0,-1,0,0,0.018292682926829312,0.9052476649669766,1.7545786097389258,0.9290347816514333,0.049032258064516165,0.11983471074380181,1.0740329442168033,0.102091020910209,0.0
2020-05-28,8.99,8.13,-0.03163280779236372,0.07640682374083287,0.028842124629284992,0.8142346758854482,0.10055192492380959,7.808000000000002,7.551,7.479666666666666,3,28,5,7.932367190673882,7.583033908576554,66.66666666666669,0.2484821010811693,0.12473587402727751,8.570946335017545,6.531053664982456,0.08088913414351051,0.06239476091929821,0.055103536344690694,-22863146.0,2.821717085684214,0,0,-1,0,0,-0.004920049200492118,2.665672112027643,1.868041698175787,0.9904861230347696,0.105781057810578,0.20187165775401072,0.5911906374508308,0.14349276974416028,0.0
2020-05-29,9.0,8.99,0.08412299041376053,-0.036920588614048316,0.043537710298682114,-0.6790037490286173,0.0011117288526904154,7.981999999999999,7.6215,7.535333333333333,4,29,5,8.126482246914994,7.674451075765164,64.80769230769232,0.3207160350137137,0.16393190622456477,8.830244890589512,6.4127551094104875,0.08065003050942303,0.062426456877360294,0.055111725144935154,-20877050.0,2.2808783072955894,0,0,-1,0,0,-0.021134593993325863,0.7387395653365723,1.7229906179169823,0.9909892807703587,0.18265440210249673,0.18577075098814233,0.37957991775381067,0.06555555555555553,0.0
2020-06-01,9.0,9.0,0.022472855852058576,0.006615239118719183,0.034887259000440755,-0.27469456507964995,0.0,8.122,7.721500000000001,7.5840000000000005,0,1,6,8.285303656566812,7.75997036119967,64.60348162475822,0.3736546894051518,0.20587646286068217,9.039716897734827,6.403283102265174,0.08056973914971659,0.058979422057477776,0.054994843888922486,-20877050.0,1.9397414829030413,0,0,-1,0,0,0.0,0.242321861316911,1.3716877823495168,0.936269299406422,0.30246020260492035,0.2857142857142858,1.0689865650355213,0.03888888888888885,0.0
2020-06-02,8.92,9.0,0.0011104942840271153,-0.00772204609391039,-0.003434462448634708,-0.23683503205139506,-0.008928630744301431,8.264,7.8175,7.627999999999999,1,2,6,8.400702991736482,7.834810983057756,62.10317460317461,0.4044909036502391,0.2455993510185936,9.192890853539442,6.442109146460559,0.08038662958948413,0.05912553546695743,0.05507420630981681,-22067869.0,1.6031806481231397,0,0,-1,0,0,0.0011111111111110875,-0.09174546311534831,0.7834135181047701,0.9385887778745915,0.08780487804878057,0.27428571428571424,2.1865597653230475,0.03475336322869941,0.0
2020-06-03,9.42,8.92,-0.0011104942840271764,0.04652001563489312,0.015927526696101278,0.862053734410653,0.05453914199635373,8.431000000000001,7.9350000000000005,7.708666666666667,2,3,6,8.586029720511666,7.937081242215321,70.62256809338523,0.4639267877037927,0.28926483835563344,9.4371878780807,6.432812121919301,0.08111505559979354,0.059862920572791564,0.053315973367506334,-19247987.0,1.9771162071915256,0,0,-1,0,0,0.00896860986547086,1.3345772103230085,0.7803220062898725,0.9502944035377124,0.158671586715867,0.33239038189533243,1.1205511321041237,0.06369426751592372,0.0
2020-06-04,9.2,9.42,0.045610511252052274,0.010515343999522907,0.0027051414151914783,0.0768876311147053,-0.023631604533277173,8.538,8.0365,7.773666666666666,3,4,6,8.697660680418636,8.018559871749817,68.23308270676692,0.48765659101978187,0.32894318888846313,9.594342975669267,6.478657024330733,0.08171484125752286,0.06051045201005386,0.053472679527130376,-22293236.0,1.4937320617954406,0,0,-1,0,0,0.0,1.3805534275541476,0.4791029904828746,0.960573646432266,0.023359288097886344,0.28312412831241285,1.6305638278263777,0.07347826086956524,0.0
2020-06-05,9.12,9.2,-0.01389653576252465,-0.028111105889902618,0.009076201024915232,-0.48180410792008993,-0.008733679968754666,8.689,8.1345,7.841666666666667,4,5,6,8.774449647615247,8.089620525185314,65.01976284584981,0.49430921081413537,0.3620163932735976,9.70671231993244,6.562287680067559,0.07752058643210342,0.06063141169056464,0.05322837540247298,-24174189.0,1.2536474717897492,0,0,-1,0,0,0.009782608695652159,0.2520371007106775,0.4890534577807577,0.9624938218320501,0.013333333333333197,0.2737430167597763,1.8162928109885343,0.0361842105263158,0.0
2020-06-08,9.07,9.12,-0.016278167359688372,-0.012449416541008226,-0.0061538655743782235,-0.33979201839415957,-0.005497539959194719,8.905,8.215,7.901666666666666,0,8,6,8.828186075321565,8.152870813883036,65.6686626746507,0.4898996199314869,0.38759303860517547,9.80655005543255,6.62344994456745,0.0677447853307269,0.06040254703146857,0.05319862725938181,-25513274.0,1.0744242659306487,0,0,-1,0,0,0.002192982456140499,-0.2981735661836918,0.4927234413973913,0.9588607080008914,0.007777777777777883,0.21581769436997322,1.9445454284291483,0.029768467475192895,0.0
2020-06-09,8.94,9.07,-0.016547536982529823,0.04473589384139152,0.0,0.5871014682963137,-0.014436674941622589,8.979,8.2875,7.947666666666666,1,9,6,8.848515879808552,8.203653342019614,62.16768916155419,0.47049154023788553,0.4041727389317175,9.872081963799914,6.702918036200086,0.04008903933146745,0.06066055514170876,0.05302385588455712,-27921976.0,0.8235610588868111,0,0,-1,0,0,-0.008820286659316435,0.6552961484654444,0.501686122182387,0.9629564597764911,0.0022421524663676085,0.19359145527369814,1.9744834360572598,0.07718120805369122,0.0
2020-06-10,8.91,8.94,-0.004459316196764987,-0.06231876439925827,-0.031350529884076044,-0.2622933989342295,-0.0033613477027047717,9.056999999999999,8.347999999999999,8.002666666666666,2,10,6,8.859694810752451,8.249224094147381,58.590308370044056,0.44753089044674077,0.41284436923472223,9.930530950890475,6.765469049109523,0.03986482543610499,0.06059042242173688,0.052333432966786435,-29774955.0,0.7102546710808644,0,0,-1,0,0,0.0011185682326621685,0.04875409266084412,0.1274720739584914,0.9618431373616063,-0.05414012738853502,0.15714285714285703,-1.0152405666614077,0.04320987654320985,0.0
2020-06-11,8.99,8.91,-0.006726482760950674,0.007730574114855223,0.0017356093451461902,0.5460874094204804,0.008938607000810924,9.056999999999999,8.432500000000001,8.053,3,11,6,8.883386663342915,8.297016088073358,66.82926829268294,0.43082347661667875,0.41644019071111354,9.958897547719538,6.906102452280464,0.021525912470746842,0.0588730252202479,0.052166313216111024,-26575815.0,0.730478112773325,0,0,-1,0,0,-0.00224466891133553,1.2756305653436129,0.13706649788870415,0.9345803019768576,-0.022826086956521663,0.23150684931506849,0.9671398916779791,0.04894327030033365,0.0
2020-06-12,8.98,8.99,0.03644798804268925,0.020686638608721733,0.025115475377700047,-0.38988723140550113,-0.0011129661694206081,9.055,8.5185,8.099333333333334,4,12,6,8.900952724553292,8.341079566262174,80.3519061583578,0.41202623242940284,0.4155573990547714,9.958094606678895,7.078905393321105,0.021526971496394487,0.05881273771887601,0.052169972735243375,-28742059.0,0.6411527215493934,0,0,-1,0,0,0.02558398220244721,0.1864214119252029,0.13323208616493543,0.9336232675620847,-0.015350877192982337,0.23691460055096436,0.2157757613159433,0.04565701559020046,0.0
2020-06-15,9.53,8.98,-0.044353167549802536,0.037021679011925115,-0.02280600552903751,0.13943730462784207,0.059444835352002325,9.108,8.615,8.183666666666666,0,15,6,9.015324956452693,8.417784110374292,74.90636704119854,0.436478235047014,0.41974156625321996,10.054100596315564,7.175899403684436,0.028961895205580474,0.0593448110979615,0.05054224451597772,-26251687.0,1.2716275739758771,0,0,-1,0,0,-0.017817371937639215,0.447639760717659,0.4709719646982697,0.9420696706038726,0.050716648291069255,0.2539473684210527,1.8095875983101617,0.10073452256033588,0.0
2020-06-16,10.53,9.53,0.10433958652371896,0.09124263411204125,0.11225709471688662,0.10873311252633033,0.09978360847977344,9.269,8.766499999999999,8.301333333333334,1,16,6,9.29072041891584,8.55405610325337,83.33333333333333,0.5304337557867722,0.44188000415993045,10.342788445417883,7.190211554582115,0.04189320281521719,0.06240437382793901,0.053274804936066344,-23475259.0,2.2375346404730965,0,0,-1,0,0,0.02728226652675759,0.6930360798192987,0.754165581555222,0.9906387232286068,0.1778523489932886,0.4039999999999999,1.0192327341200953,0.0807217473884142,0.0
2020-06-17,10.67,10.53,0.09354429803125282,0.07035686972820765,0.07064099711754054,0.014593182763097005,0.01320773916777794,9.394,8.9125,8.421333333333333,2,17,6,9.541498524567505,8.690568612720893,79.16666666666667,0.6091688930525443,0.4753377819384533,10.627202674855889,7.19779732514411,0.03964113058378624,0.06232078698915948,0.05326750801054136,-20658017.0,2.0499180712454517,0,0,-1,0,0,0.02089268755935429,0.6635813858791866,0.7099835537639971,0.9893118232988747,0.19753086419753085,0.37677419354838704,1.0517493483019469,0.08519212746016876,0.0
2020-06-18,10.84,10.67,0.012939182371197391,-0.033143273387773446,0.020913309726979117,-0.6017097145143684,0.015806930697838038,9.558,9.048,8.543666666666667,3,18,6,9.777589701918867,8.829241605448578,80.26315789473685,0.6774751243228501,0.5157652504153326,10.923140415794888,7.172859584205113,0.03750365662372793,0.06188770176744107,0.05326737509952663,-19114523.0,1.9113235306598158,0,0,-1,0,0,0.020618556701030986,-0.8812900548271355,0.693939307170438,0.9824368085398897,0.20578420467185765,0.33333333333333326,1.0327774566702284,0.029520295202951893,0.0
2020-06-19,11.07,10.84,0.010959013789719382,0.018100041643617937,0.02140612215193271,0.9798090495169948,0.02099575070904535,9.753,9.221,8.674000000000001,4,19,6,10.012573392479073,8.973806663161573,81.651376146789,0.7416184664939109,0.5609358936310482,11.174338841977761,7.26766115802224,0.03639039214214422,0.05894049905488149,0.053184628706839585,-15002736.0,1.8931687224607519,0,0,-1,0,0,0.015682656826568258,1.9714522738598994,0.6278695524294753,0.9356514158955238,0.2327394209354119,0.45466491458607083,1.2198327712411574,0.026196928635953107,0.0
2020-06-22,11.16,11.07,-0.0018181823190585162,0.008928630744301398,0.0036764747293086273,-1.2493548170942712,0.008097210232619303,9.962,9.433499999999999,8.797333333333334,0,22,6,10.221196412028332,9.114851394570506,84.14634146341464,0.7906012164399687,0.6068689581928324,11.248040974287575,7.618959025712423,0.03557115232509736,0.05282040588574356,0.052973125373859696,-13823929.0,1.9029606103856194,0,0,-1,0,0,-0.007226738934056014,-1.3428095296206262,0.6453453542738409,0.8384979487390192,0.17103882476390364,0.6150506512301013,2.1611044196684497,0.03136200716845875,0.0
2020-06-23,11.46,11.16,0.013556466083608028,0.024584205630538373,-0.00829115758398108,0.2799944318558252,0.026526754333428604,10.214,9.5965,8.929666666666666,1,23,6,10.44643342802318,9.266151304598216,83.11688311688313,0.8438999382901287,0.6542751542122917,11.526509817264396,7.666490182735606,0.033272304367188206,0.036812298176918966,0.052976986276746504,-12264223.0,1.9310782601524115,0,0,-1,0,0,-0.0017921146953404636,-0.8340275705819467,0.11472972622759936,0.584377116989304,0.08831908831908852,0.39756097560975623,0.2568550870120731,0.06282722513088995,0.0
2020-06-24,10.54,11.46,0.005371543801910849,-0.021034956119397052,-0.03674459532589608,0.17885057063228396,-0.08368516817337737,10.376999999999999,9.717,9.024333333333335,2,24,6,10.463445532018964,9.348335091398331,67.72486772486772,0.8026507894457797,0.6839502812589893,11.560487541533597,7.873512458466404,0.046840075420159104,0.0425328803190678,0.05571835108470065,-14129385.0,0.8928728634806452,0,0,-1,0,0,-0.022687609075043764,-0.4883073985139906,0.7065644740562678,0.6751885432051618,-0.012183692596063778,0.29643296432964306,-2.10375173120853,0.08254269449715364,0.0
2020-06-25,11.1,10.54,-0.05600361868773368,0.0008853475567243344,0.01618312328809413,-0.15175679407656203,0.051767565205072266,10.588,9.8225,9.151,3,25,6,10.579182708015514,9.461345730662956,73.2394366197183,0.8058584273660685,0.7083319104804051,11.731160318266829,7.913839681733171,0.04797064694559463,0.03792688666780914,0.054858349805979624,-12526843.0,1.3386352592692257,0,0,-1,0,0,0.004743833017077866,-0.7279786790932247,0.807005392314873,0.6020706607557251,0.023985239852398532,0.23470522803114569,-1.6467550321647837,0.06396396396396405,0.0
2020-06-26,11.16,11.1,0.06577713051471408,0.01623911042276664,0.0434248364808738,-0.22917292240269477,0.005390848634876373,10.806,9.930499999999999,9.281,4,26,6,10.684785852012693,9.570936328684702,74.47306791569085,0.8039742869632622,0.7274603857769766,11.887043407456957,7.97395659254304,0.04765990411031719,0.037878486820108574,0.05475093743827955,-11252516.0,1.2568083031677373,0,0,-1,0,0,0.018918918918918996,-1.0711656849832467,0.7957223376153484,0.6013023369926704,0.008130081300812941,0.24,-1.4139150097620734,0.038082437275985564,0.0
2020-06-29,11.82,11.16,0.007926065272420723,0.059574107352118696,0.010791471632764386,0.5565303029350224,0.05745705502478721,11.035,10.0715,9.421666666666669,0,29,6,10.891188424374022,9.716037210705045,80.0,0.8459855810982333,0.7511654248412281,12.148443858045717,7.994556141954284,0.04747624393407373,0.03921935141479426,0.05503663500210353,-9029314.0,1.6837238938612786,0,0,-1,0,0,0.02150537634408604,0.07103331637897312,0.89415419780115,0.622587902548769,0.05913978494623651,0.31333333333333346,-1.4946369661846914,0.08544839255499152,0.0
2020-06-30,11.54,11.82,0.057109679708990425,0.024312380644306127,0.021239736500910978,0.25271857248683416,-0.023973750897998747,11.136,10.2025,9.556333333333333,1,30,6,11.009154165396925,9.833712229369235,76.03960396039601,0.8469233690262232,0.7703170136782271,12.30399696018918,8.101003039810822,0.03949920153179598,0.03981778440288166,0.05526370449384431,-11891733.0,1.2729021505504297,0,0,-1,0,0,0.021150592216582064,0.7981129041119763,0.915986377064329,0.6320877317256682,0.00698080279232105,0.29372197309417025,-0.6144948022632646,0.09272097053726173,0.0
2020-07-01,11.57,11.54,-0.03971793699712126,-0.0568287926658672,-0.007029905928258174,-0.66455264530786,0.002596280125631903,11.226,10.309999999999999,9.683666666666669,2,1,7,11.111126135324756,9.945730795216381,75.79999999999998,0.8403997171860311,0.784333554379788,12.462305984898926,8.157694015101072,0.03954233096945169,0.03860079095466942,0.055213986288512706,-10419008.0,1.1708372404671559,0,0,-1,0,0,0.0051993067590988306,-0.9198278673009564,0.5641442117598923,0.6127685596586809,0.09772296015180282,0.2282377919320595,0.13838419291322068,0.03975799481417466,0.0
2020-07-02,11.91,11.57,0.02469261259037163,0.032516412021560956,0.03806687992383453,0.194241047267614,0.02896284216162345,11.333,10.4455,9.809666666666665,3,2,7,11.256375928902074,10.072457840686292,77.48592870544087,0.852833896317664,0.7980336227673632,12.644288901095127,8.246711098904871,0.040035988238021146,0.03792376962734021,0.05491041628974798,-8630547.0,1.3320969550743074,0,0,-1,0,0,0.027657735522904087,-0.44311667500576746,0.49549028934598927,0.6020211792722812,0.07297297297297312,0.2945652173913045,0.45656788132304565,0.03442485306465157,0.0
2020-07-06,12.44,11.91,0.0714009593417573,0.11239070892213604,0.014328100154079105,0.6784168718197185,0.043538703943824565,11.469999999999999,10.6115,9.970666666666666,0,6,7,11.471580305465332,10.225202496125886,77.4011299435028,0.8951360720325567,0.817454112620402,12.888832465384649,8.33416753461535,0.04140209157960159,0.038137705156881314,0.053127900259784144,-5105928.0,1.6058261389525843,0,0,-1,0,0,0.07220822837951296,1.6322437208761507,0.5266933003991879,0.6054173005188812,0.11469534050179209,0.3640350877192984,-0.5107489384566356,0.13585209003215445,0.0
2020-07-07,12.73,12.44,-0.014990418772153388,-0.06434303682456478,0.02299712565106839,-0.39034766989457,0.023044325258281918,11.626999999999999,10.794500000000001,10.164666666666667,1,7,7,11.700383886289817,10.386802335085509,73.91304347826085,0.9412117245495537,0.8422056350062325,13.137538737690011,8.45146126230999,0.04150143775692284,0.0378132021239547,0.048913703111371866,-2720390.0,1.6521280411336259,0,0,-1,0,0,0.011254019292604547,0.16616209087036035,0.4197497475019064,0.6002659745700211,0.0769881556683587,0.4035281146637266,-0.731437194386498,0.04414768263943436,0.0
2020-07-08,12.98,12.73,0.03974032864951412,0.06287568513061506,0.04727804746393602,0.8273958950687209,0.019448298706628758,11.779,10.996500000000001,10.324000000000002,2,8,7,11.93304136150985,10.554105410241284,74.52229299363054,0.9865278429084583,0.8710700765866777,13.362836497849125,8.630163502150877,0.04131517866409871,0.03705073656340162,0.03770415516081812,2736181.0,1.6764310585606885,0,0,-1,0,0,0.028279654359780002,2.8694335379897855,0.24162208439503371,0.5881622090311716,0.12478336221837094,0.4519015659955259,-0.09442555429759858,0.06163328197226494,0.0
2020-07-09,13.65,12.98,0.036012893924969265,0.01385366669983444,0.0038925701155112275,-0.303965279418798,0.05032981035502469,12.09,11.2335,10.508000000000001,3,9,7,12.24521565941715,10.753840545064428,76.96737044145871,1.0642367351508089,0.9097034082995039,13.668423753264314,8.798576246735685,0.026520784359237437,0.03730693838514846,0.037947624003534505,6762511.0,1.9848670799324921,0,0,-1,0,0,0.04545454545454544,1.3569875221717305,0.21909419985547124,0.5922292868658746,0.1797752808988764,0.531986531986532,0.4836071746637754,0.06886446886446895,0.0
2020-07-10,13.34,13.65,-0.0066543683626167464,0.01936238330869555,0.02455994512118791,-0.5854941029323637,-0.02297248114349111,12.314,11.451,10.652999999999999,4,10,7,12.444267357704941,10.920689542157046,71.45557655954629,1.0882623716922417,0.9454152009780515,13.818320492833562,9.083679507166439,0.028806045677498487,0.038550812442664666,0.03483395347505196,4520527.0,1.5958971383202638,0,0,-1,0,0,-0.012454212454212448,-0.20537663574677809,0.4615729014872375,0.6119751753767111,0.12006717044500426,0.4838709677419355,-1.100526843573905,0.06671664167916046,0.0
2020-07-13,12.95,13.34,0.005179441841548861,-0.009275842462521748,-0.019135677656468685,-0.021611581342129052,-0.02967125234193092,12.493,11.6495,10.784666666666668,0,13,7,12.536218747213134,11.051612797501754,66.01073345259388,1.0635729146042792,0.9690467437032971,13.80029397824208,9.49870602175792,0.03246262415624212,0.03987569696928042,0.035646893547371494,2326476.0,1.2093208490968017,0,0,-1,0,0,0.0157421289355323,-0.25020415604232377,0.5383700660605437,0.633007065216528,0.04099678456591649,0.4420935412026725,0.0034214810757088334,0.07799227799227798,0.0
2020-07-14,12.72,12.95,-0.07666588174791701,-0.07515621919462008,-0.08715189550317512,0.4637454564791319,-0.017920230233570568,12.583,11.809,10.908666666666667,1,14,7,12.569633520447109,11.1592506815339,61.41304347826086,1.0137612554657984,0.9779896460557975,13.762026261714794,9.855973738285204,0.029977955646395143,0.03940407577394326,0.03601256394693461,-1162105.0,0.9329111623927941,0,0,-1,0,0,-0.03088803088803078,0.8609321393100177,0.5462030667071743,0.6255203108411932,-0.0007855459544383603,0.33473242392444935,1.0064947733796519,0.08490566037735849,0.0
2020-07-15,12.32,12.72,0.019724505347778573,-0.008537110445209432,0.0307205561295016,-0.8071549397317576,-0.03195159980660236,12.661000000000001,11.898500000000002,11.021999999999998,2,15,7,12.524245607638543,11.234137734338164,67.8,0.9312733600670953,0.9686463888580571,13.766967145465642,10.030032854534362,0.030966485071558227,0.03457623915153763,0.0366974169186278,-2718450.0,0.4511719684479187,0,0,-1,0,0,0.0062893081761006345,-0.7890025444001639,0.552678026235767,0.5488807804011812,-0.05084745762711862,0.1699905033238367,2.103993533252383,0.04870129870129867,0.0
2020-07-16,12.05,12.32,-0.07408393398110273,-0.04626024163680904,-0.04687050340061644,0.279015919371831,-0.02215929816870969,12.709,11.9675,11.109666666666667,3,16,7,12.438019133522443,11.286774009542155,60.08492569002124,0.8344948282297384,0.9418160767323933,13.744639925776749,10.19036007422325,0.032294607326305104,0.035207391352093005,0.03618808467767327,-4775671.0,0.0928458123115347,0,0,-1,0,0,-0.03522727272727281,-0.31779167861067387,0.08906501850370745,0.5589000109737852,-0.11721611721611713,0.1293345829428305,-0.16354683731144268,0.048132780082987554,0.0
2020-07-17,12.02,12.05,0.027712716798980457,0.006428273895679737,0.02287266166599131,-0.4024631355225111,-0.002492730829602584,12.72,12.0265,11.203666666666665,4,17,7,12.36201565470018,11.33407891215234,59.18803418803417,0.7467681172092497,0.9028064848277647,13.722529729133775,10.330470270866225,0.031121367389663247,0.03519391700432033,0.03574528020004089,-6151275.0,-0.00766495998076712,0,0,-1,0,0,0.01410788381742738,-0.9006013705308274,0.18272777735964174,0.5586861123340734,-0.09895052473763122,0.10885608856088558,1.0906392672524274,0.032362728785357835,0.0
2020-07-20,12.8,12.02,0.0024519832472866244,0.03749096003915574,0.0016736405580296937,0.17967752737303322,0.06287324181851012,12.756,12.113,11.326333333333332,0,20,7,12.44164917202742,11.428654466207028,60.208333333333336,0.7317484078090466,0.8685948694240211,13.779841955694506,10.446158044305493,0.034722454223018374,0.037483234279168706,0.03695368385817302,-4504909.0,0.8243133041533691,0,0,-1,0,0,0.019134775374376075,-0.5896400434523984,0.6141279545920231,0.5950278974223109,-0.011583011583011449,0.15627822944896108,1.8520971352554154,0.06562499999999999,0.0
2020-07-21,13.44,12.8,0.059423420470800806,0.06429435070539725,0.0725539702869875,0.2112780001727835,0.048790164169431834,12.827000000000002,12.227,11.472,1,21,7,12.62316750438607,11.558418694193673,68.41085271317829,0.7626959470788695,0.8474150849549908,13.93086680971944,10.52313319028056,0.03735001707455074,0.03864475599644422,0.037433084125522764,-2471226.0,1.4238202106885731,0,0,-1,0,0,0.015624999999999944,-0.2810950045491718,0.6868903977225275,0.613466483060181,0.05660377358490565,0.20430107526881724,0.42733724297464604,0.058779761904761973,0.0
2020-07-22,12.23,13.44,0.006134988567515929,-0.04265517560191617,-0.06838208271758112,0.28343296726135975,-0.09434338539592245,12.751999999999999,12.2655,11.581666666666667,2,22,7,12.551682503588601,11.601746520374727,55.20504731861199,0.6817266864261207,0.8142774052492169,13.930754524563525,10.600245475436473,0.04761085442818267,0.04438107059568609,0.04170654253896203,-5171306.0,-0.042636124960301516,0,0,-1,0,0,-0.026785714285714246,0.29722046073746095,0.9818726124322305,0.7045276542899198,-0.007305194805194759,0.06719022687609066,-0.6096144008517842,0.08748977923139822,0.0
2020-07-23,11.62,12.23,-0.05661889399950793,-0.053395937966708815,-0.03473453797957322,-0.7453414388056877,-0.05116419827531587,12.549000000000001,12.319500000000001,11.672,3,23,7,12.38228568475431,11.60292416422152,47.806354009077154,0.5618592977503098,0.7637937837494355,13.81003822846872,10.828961771531283,0.044966794351033804,0.04177956665475558,0.04311297747231926,-6452689.0,-0.9385871313325829,0,0,-1,0,0,0.010629599345870728,-1.0071409112162037,1.0397182912067295,0.6632300595151802,-0.03568464730290466,0.10246679316888052,-0.25442338484342425,0.06883820998278838,0.0
2020-07-24,11.48,11.62,-0.10123383894843536,-0.06754575071068349,-0.06407885668452229,0.6417270825660157,-0.012121360532344737,12.363,12.3385,11.754999999999999,4,24,7,12.218233742071707,11.594993572981423,42.282958199356926,0.45037505536612166,0.7011100380727728,13.772189021554768,10.904810978445232,0.044891507920121455,0.04040652343966605,0.04329714322429092,-8887008.0,-1.1976097843994047,0,0,-1,0,0,-0.03872633390705674,0.031381583398361716,1.0401885266228013,0.6414336741963514,-0.04492512479201327,0.03423423423423433,-0.1086078113334374,0.0618466898954703,0.0
2020-07-27,11.77,11.48,0.03401643615349725,0.01880397285761064,0.045976335113407936,-1.0678838388374166,0.02494753038076495,12.245000000000001,12.369000000000002,11.848,0,27,7,12.13673669805867,11.606284310208428,42.282958199356905,0.38103127508943757,0.6370942854761059,13.720738062449247,11.017261937550757,0.04612616176629395,0.04072526043436044,0.04335058959937692,-8050247.0,-0.8862663805066793,0,0,-1,0,0,0.006663763066202033,-1.4224995712488806,0.8944833809060165,0.6464934671259362,-0.08046875000000009,0.05465949820788518,-0.2608072033156849,0.03552251486830933,0.0
2020-07-28,11.79,11.77,0.011485726249370326,0.020947561089768533,0.011182078726540534,0.2005739975964041,0.0016977932770942702,12.152,12.3675,11.923333333333334,1,28,7,12.073693662048,11.618136935356272,40.06677796327211,0.32395530735027656,0.5744664898509401,13.721867205124276,11.013132794875723,0.046104489060067984,0.03855956948133457,0.042271514207127305,-7027638.0,-0.8527967862999298,0,0,-1,0,0,-0.006796941376380635,-1.151649439261486,0.7211357403381992,0.6121141890559627,-0.1227678571428572,-0.002538071065989911,-0.6322493176720111,0.045801526717557335,0.0
2020-07-29,12.55,11.79,0.02366974408590492,0.04221405997325511,0.030771658666753687,0.44679168433911665,0.06246895102851346,12.175,12.418000000000001,11.990666666666666,2,29,7,12.16029481440291,11.678257133075224,40.95394736842106,0.33617265106061645,0.5268077220928754,13.71662437338834,11.119375626611662,0.05015784527255531,0.04062173866751685,0.039634405055808536,-5429005.0,0.20329204149401345,0,0,-1,0,0,0.015267175572519212,-0.5821842971511542,0.6760749702876745,0.6448501100238353,0.026165167620605168,0.08752166377816306,0.15491662139766244,0.05577689243027883,0.0
2020-07-30,13.14,12.55,0.028008420626480252,0.04545354167597827,0.03392960964344446,0.08995648292167721,0.04594034747867161,12.284,12.496500000000001,12.073000000000002,3,30,7,12.338423029966016,11.772563124489727,48.42767295597485,0.3889791436990837,0.4992420064141171,13.768833537866279,11.224166462133724,0.05108173608471775,0.041684056873303586,0.04030222309110138,-3679898.0,1.0115272149143522,0,0,-1,0,0,-0.019123505976095634,-0.46464457410142684,0.4992846432593357,0.6617138887382036,0.13080895008605875,0.13569576490924806,0.07128558540855717,0.06659056316590563,0.0
2020-07-31,13.46,13.14,0.07131889422717805,0.0586343043859539,0.07143090601438178,0.5381039329654769,0.024061311160117293,12.428,12.574000000000002,12.160333333333334,4,31,7,12.54234611542674,11.88143001968394,54.054054054054056,0.45144600666427337,0.48968280646414836,13.884177167610051,11.263822832389952,0.051064306007150645,0.04155814878674334,0.040390345231258395,-684104.0,1.352488841820057,0,0,-1,0,0,0.0060882800608828055,0.5910049879103957,0.38062166360651,0.6597151598276612,0.17247386759581884,0.13014273719563407,0.15626083831282112,0.05646359583952463,0.0
2020-08-03,14.67,13.46,0.05374867384383429,0.06516511561718702,0.035718082602079246,-0.03479257649117723,0.08608226793830852,12.615,12.685500000000001,12.280333333333335,0,3,8,12.929192276258242,12.061337760349494,63.41127922971114,0.591766813754786,0.5100996079222759,14.293394667930174,11.077605332069828,0.05441319720511523,0.044827398488860234,0.04302354612670194,2209251.0,2.4684452776432506,0,0,-1,0,0,0.0364041604754828,0.54089331163896,0.5440650927483964,0.711612889941101,0.24638912489379794,0.17926045016077174,0.010943736176272414,0.08316291751874579,0.0
2020-08-04,14.79,14.67,0.0489608271957017,-0.006734032181344068,0.05198749781702628,-0.8067626191154081,0.008146684567818108,12.75,12.788499999999999,12.401333333333332,1,4,8,13.267520953302197,12.237380485488238,67.66809728183118,0.704533636247298,0.5489864135872804,14.6520029267203,10.924997073279698,0.05301977861881177,0.04470477205480251,0.043023459230845,3500557.0,2.148105024468696,0,0,-1,0,0,-0.0013633265167007208,-0.8492465706098737,0.5122206148644999,0.7096662556490244,0.25445292620865145,0.1618224666142969,0.2093744216759077,0.026369168356998013,0.0
2020-08-05,15.68,14.79,0.16279192977247053,0.15260508446547755,0.034780184764183986,1.7335665923475492,0.058434738199553346,13.094999999999999,12.9235,12.542,2,5,8,13.706153507247253,12.459484970295449,73.85019710906701,0.8558519884992979,0.6103595285696839,15.192497228084036,10.654502771915965,0.04121456300970928,0.0461336774733952,0.043885921247526036,10810392.0,2.429707683977751,0,0,-1,0,0,0.16565246788370516,3.467572780634563,0.5037342110834908,0.732349425956798,0.24940239043824697,0.20801232665639446,0.31449776109321403,0.1479591836734693,0.0
2020-08-06,15.92,15.68,-0.0748623169250368,-0.061603929487962165,0.033611071599454645,-0.626078034732827,0.015190165493975238,13.525,13.037,12.721333333333332,3,6,8,14.108671051384116,12.682744004469937,74.93606138107418,0.9837982532152605,0.6850472734987992,15.658699729886058,10.415300270113944,0.03202676037534804,0.04513408462707141,0.04032255857728319,14718849.0,2.1993365350999206,0,0,-1,0,0,0.020184948979591808,1.105510408250359,0.5477813413851187,0.7164813814546461,0.21156773211567725,0.16630036630036638,0.8852583612595463,0.04899497487437193,0.0
2020-08-07,15.27,15.92,-0.0775063090124757,-0.05581664286386208,-0.06147559947897301,0.16921180485277285,-0.04168606118569594,13.904000000000002,13.133500000000002,12.860333333333333,4,7,8,14.319821769314277,12.849663746117038,66.0598179453836,1.0209778252495294,0.7522333838489453,15.937874590190422,10.329125409809581,0.03732315332240622,0.045971512669987454,0.040873911195223954,10089786.0,1.5236908845725403,0,0,-1,0,0,-0.07013190954773871,1.4369862137857612,0.7995474720683701,0.7297751395094505,0.13447251114413072,0.14467766116941538,-0.06906610240145052,0.05370006548788476,0.0
2020-08-10,13.97,15.27,0.07522195272362824,0.0465200156348927,-0.04980722151397874,0.4774191491623867,-0.08897794596167058,14.124,13.1845,12.954,0,10,8,14.256217811257134,12.921943504432068,53.17365269461079,0.9347683409430498,0.7887403752677662,16.01182884911767,10.357171150882328,0.052124715939327014,0.049874015052725644,0.044518974329090986,2628158.0,0.5556481342770813,0,0,-1,0,0,0.04518664047151286,2.5219550265460535,0.8866765778463429,0.791725444282824,-0.04771642808452614,0.07876447876447878,-0.34264510110546514,0.16141732283464558,0.0
2020-08-11,14.43,13.97,-0.1077303501815823,-0.08238043179590716,0.0032543872512297506,-0.44083567158037024,0.03239719951690909,14.388,13.270000000000001,13.041,1,11,8,14.287814572846745,13.019237471888065,64.47368421052632,0.8932678237121277,0.8096458649566386,16.141265996220667,10.398734003779333,0.051940665568717265,0.04994516338874911,0.043740761496447775,7429704.0,0.8080059468728149,0,0,-1,0,0,0.02576950608446667,1.046043329178148,0.9321753064507523,0.792854889102709,-0.024340770791074995,0.13443396226415083,-0.5811647244891638,0.06514206514206511,0.0
2020-08-12,14.79,14.43,0.013860235742110953,0.005394483749355384,0.03824828826592905,-0.49327090085658726,0.02464190393692893,14.612,13.3935,13.149333333333335,2,12,8,14.379121014147337,13.133480215637224,71.56462585034015,0.8792914318792135,0.8235749783411537,16.30491690952242,10.48208309047758,0.049778652459613035,0.0492160803861012,0.04344132834474297,10361652.0,0.9593267081965792,0,0,-1,0,0,0.0069300069300069055,0.04394149498161857,0.8054884016563542,0.7812810552419253,-0.05676020408163274,0.20048701298701288,-0.951277142276957,0.032454361054766644,0.0
2020-08-13,14.5,14.79,0.006174976739440978,-0.005394483749355231,-0.01894128883418054,-0.4064504334949522,-0.019802627296179643,14.748000000000001,13.516,13.246999999999998,3,13,8,14.401099011575093,13.221642782370306,70.13333333333334,0.8351869490257418,0.8258973724780714,16.395396135522795,10.636603864477205,0.04987528689626231,0.04913912351717587,0.043746223992610155,8408945.0,0.6834766414113707,0,0,-1,0,0,-0.011494252873563215,-0.4649116174233969,0.7723182261769725,0.7800594028207976,-0.08919597989949746,0.20331950207468874,-0.42066535102750613,0.046206896551724136,0.0
2020-08-14,14.64,14.5,-0.02353049741019416,-0.010193768189542832,0.009164674649563593,0.32348055976674345,0.00960885910663689,14.866,13.647,13.338,4,14,8,14.444535554925075,13.313149699636739,69.52380952380953,0.8022824459465188,0.8211743871717609,16.477808699777732,10.816191300222268,0.04965484351615813,0.04904569393953571,0.04356907660160156,11107448.0,0.7015663051183698,0,0,-1,0,0,-0.015172413793103492,-0.11167536606849288,0.7594601379932288,0.7785762542555955,-0.04125736738703334,0.21797004991680535,-1.3926239482640175,0.02663934426229512,0.0
2020-08-17,14.58,14.64,0.03102627356310068,0.016932338162752053,0.0014025247740854319,-0.2942823924517508,-0.004106781952653471,14.857000000000003,13.736,13.409333333333334,0,17,8,14.469165454029605,13.394881977079532,68.8768606224628,0.7625734199334939,0.8094541937241075,16.566610125787548,10.905389874212453,0.040876598831388625,0.047460970721412206,0.043058911446009755,9096885.0,0.5963378653322505,0,0,-1,0,0,0.006147540983606548,-0.48945969435730124,0.3383359260971885,0.753419553063447,0.043664996420901936,0.13906249999999987,-0.28502891552532106,0.04252400548696852,0.0
2020-08-18,14.96,14.58,-0.015048163578442476,0.022577320211152878,0.01667863540735135,0.3959263981045047,0.02572924596581916,14.873999999999999,13.812000000000001,13.483666666666666,1,18,8,14.558408098751496,13.495857333396982,67.18972895863052,0.7530854545964107,0.7981804458985682,16.690366495811645,10.933633504188357,0.041650679518072796,0.046630354342117604,0.04309951243395468,12084099.0,0.797674654475358,0,0,-1,0,0,-0.004801097393690006,0.006703876310004499,0.3097528839644874,0.7402339268163844,0.03672903672903671,0.11309523809523814,-0.5198064828972343,0.048128342245989345,0.0
2020-08-19,14.9,14.96,0.038531295683713634,0.0,0.016405015889732363,-0.32047798048764425,-0.004018759594917744,14.796000000000001,13.9455,13.547666666666665,2,19,8,14.620515717160314,13.586447182855242,63.58024691358025,0.7322833683112737,0.7850010303811094,16.761929056727585,11.129070943272414,0.036278407265229684,0.04087878589643314,0.04306333253260395,9915973.0,0.6778086582511238,0,0,-1,0,0,0.008021390374331498,-0.4174448459432523,0.2723129310768311,0.6489306082813,0.007437457741717557,0.21831561733442362,0.43427228807116847,0.03221476510067117,0.0
2020-08-20,14.7,14.9,-0.02212627979398116,-0.014550521261699888,-0.006802747322752523,-0.9391211713378647,-0.013513719166722933,14.674000000000001,14.0995,13.582666666666666,3,20,8,14.634967404949347,13.65828930009039,59.74842767295596,0.691685911896295,0.7663380066841465,16.70981536711371,11.489184632886293,0.035670042810069365,0.03879437135757216,0.04229224144421585,9068298.0,0.4600976629609216,0,0,-1,0,0,-0.010067114093959755,-1.099134340633151,0.2440381059810982,0.6158415532873389,0.01379310344827589,0.2650602409638554,0.9051203540810286,0.02448979591836731,0.0
2020-08-21,14.64,14.7,-0.006120386327323413,-0.009370885173306866,-0.007536863357703073,0.27896604898242794,-0.004089985251525055,14.611,14.257499999999999,13.626000000000001,4,21,8,14.635882422231283,13.721625474278108,49.71209213051824,0.6472100026036873,0.7425124058680548,16.56521589056787,11.949784109432127,0.0336749587548928,0.03856887056506144,0.04203251503441511,7947873.0,0.3314966123545463,0,0,-1,0,0,-0.002721088435374092,-0.9009483703518024,0.23929981948624027,0.6122618391827508,0.0,0.2752613240418118,1.804995484020059,0.02254098360655738,0.0
2020-08-24,15.66,14.64,0.00950448431156398,0.05304025445019822,0.01400057016186629,0.8375199760070818,0.06735218202949156,14.779999999999998,14.451999999999998,13.716333333333331,0,24,8,14.82208561818923,13.846681895292424,57.11947626841245,0.6863561135271024,0.7312811473998643,16.52026242863055,12.383737571369448,0.02698574817880993,0.04054361201985374,0.04320161834386623,10536760.0,1.168130294567938,0,0,-1,0,0,0.010928961748633888,-0.19183461773275906,0.5409391020548882,0.6436098879409329,0.07407407407407418,0.3305012744265081,1.3706869484605348,0.059706257982120085,0.0
2020-08-25,15.89,15.66,0.03453198354237573,0.01957751192360102,0.01781260337813099,-0.5187621046237555,0.014580289985967618,14.926000000000002,14.657000000000002,13.822000000000001,1,25,8,15.01625186942755,13.978508869789687,51.926605504587165,0.7275519997089539,0.7305353178616822,16.401779883568647,12.912220116431357,0.025997697342925414,0.04042051834111327,0.04295914559929816,12077813.0,1.4133587985644473,0,0,-1,0,0,-0.021711366538952736,-0.7750169613637584,0.5320304332215495,0.6416558363694647,0.0621657754010696,0.347752332485157,1.7651558336407625,0.06167400881057271,0.0
2020-08-26,16.18,15.89,0.030850775720475815,0.018894785443662056,0.04844112956386744,0.2179083770181055,0.018085931081721063,15.064999999999998,14.838500000000002,13.950666666666669,2,26,8,15.22784243862254,14.120540555609708,52.36363636363637,0.774670691165289,0.7393623925224037,16.406700779304458,13.270299220695547,0.025653245878223586,0.038780457405356704,0.04232553877489947,13994071.0,1.7108778642426057,0,0,-1,0,0,-0.005663939584644421,-0.5842225601045172,0.5113986632934681,0.6156206761434421,0.08590604026845639,0.28924302788844614,1.3500967636530545,0.03337453646477138,0.0
2020-08-27,16.3,16.18,0.018809331957496293,0.0045920790935186865,0.01605575179938547,-0.392188780244712,0.007389196182371085,15.245,14.996499999999997,14.092333333333332,3,27,8,15.422780177054804,14.261150842344565,60.362173038229386,0.8123315384183698,0.7539562217015969,16.4785508550123,13.514449144987694,0.023610442596386394,0.037981914740818294,0.041899584865821925,15288650.0,1.759048949759801,0,0,-1,0,0,-0.004944375772558609,-0.900815492025483,0.4510852878266419,0.6029442043335811,0.10884353741496611,0.24048706240487072,1.7236526771028955,0.02208588957055211,0.0
2020-08-28,16.69,16.3,0.010104061118347963,0.020556951224258838,0.015709806100142092,0.34200388584808805,0.02364462986102714,15.45,15.157999999999998,14.248000000000001,4,28,8,15.653183781226657,14.417850787999754,83.49753694581281,0.8636916718682954,0.7759033117349368,16.639018141969473,13.676981858030523,0.023881830823367933,0.03797444362967125,0.04188444816983597,17111114.0,2.068847040540276,0,0,-1,0,0,-0.0022392638036809937,-0.5795022342974137,0.3922169137226891,0.6028256041209066,0.14002732240437155,0.23997028231797923,1.9105984913825853,0.02675254643499103,0.0
2020-08-31,16.74,16.69,0.03779839771094332,0.024240028106293634,0.00957677091551693,-0.1637031606194762,0.002991327387585434,15.666,15.261499999999998,14.379333333333333,0,31,8,15.850786730094535,14.567666866193319,81.64383561643835,0.8980770565157492,0.8003380606910993,16.881704990279605,13.641295009720393,0.023403531994663954,0.0332036935596129,0.040689213047900616,18658375.0,1.8250777017355677,0,0,-1,0,0,0.011983223487117991,-0.6814687867119411,0.13282085234369723,0.5270922946051964,0.06896551724137923,0.14110429447852746,-0.07415686848275192,0.041816009557945004,0.0
2020-09-01,17.54,16.74,-0.014311514393256035,0.038951086584443344,0.013910112402170577,0.5631870618130286,0.04668292188270787,15.924000000000001,15.399000000000001,14.516,1,1,9,16.15791641553189,14.759430294180847,83.61858190709046,0.9786003401396428,0.8359905165808079,17.29415615243333,13.503843847566673,0.025543096333734087,0.034427056568635234,0.04061583215939187,21375769.0,2.25944442335373,0,0,-1,0,0,-0.005376344086021497,-0.10480125983693554,0.27929694428619944,0.546512580315369,0.10383889238514787,0.18593644354293448,1.0959868365251428,0.06556442417331826,0.0
2020-09-02,16.94,17.54,0.06510142574010724,0.0028050509276086816,0.008373254662996606,-0.47642992980014437,-0.03480629772012851,16.128,15.462,14.673,2,2,9,16.300113430889727,14.90011221068531,77.72727272727275,0.9826729943732992,0.8653270121393062,17.476501113636512,13.447498886363487,0.02966609710999464,0.033518696046146684,0.03700685162602682,19688277.0,1.467360817023291,0,0,-1,0,0,0.01311288483466365,-0.602714541836059,0.4782932261910943,0.5320928040556087,0.046971569839307836,0.08035714285714302,-0.3893563762078418,0.06257378984651725,0.0
2020-09-03,15.37,16.94,-0.06210292274385056,-0.06599616561834573,-0.10940547989456463,0.3927632885259482,-0.09726013167340403,16.195,15.4345,14.798,3,3,9,16.131001898000683,14.93042755193142,56.2607204116638,0.8494231024552406,0.8621462302024931,17.437660397708584,13.431339602291416,0.0444854554754997,0.039783463177170277,0.04014957859311865,17188987.0,-0.06439823797812923,0,0,-1,0,0,-0.014167650531287011,-0.04026909618770644,0.872397383834506,0.6315428991581288,-0.057055214723926495,-0.03454773869346739,-0.8268663657462244,0.10800260247234875,0.0
2020-09-04,15.73,15.37,-0.07134808079746621,-0.05031736205867771,-0.03035646248059407,0.036943399096530334,0.02315215951968207,16.304,15.457500000000001,14.93966666666667,4,4,9,16.05809246200056,14.982012871161652,59.380097879282225,0.7640629523490077,0.8425295746317961,17.463269310343648,13.451730689656353,0.04468547661194762,0.03898296434382792,0.03999525483799205,19782336.0,0.27171619248009304,0,0,-1,0,0,0.011711125569290924,0.09181094371349378,0.8711528862883148,0.6188353741312015,-0.0575194727381666,0.03012442698100859,-0.8256650214930452,0.08200890019071842,0.0
2020-09-08,15.41,15.73,-0.032018416253495684,-0.015858245431459552,0.018996500690655085,-0.583856478557029,-0.02055306773816209,16.279000000000003,15.529499999999999,15.061,1,8,9,15.940257468909547,15.009624943989934,53.70675453047775,0.6629510062276136,0.8066138609509597,17.409908410286,13.649091589713995,0.039698383093601984,0.033671385318733114,0.040313071255975365,18335913.0,-0.1271000484217395,0,0,-1,0,0,-0.042593769866497135,-0.8117496683008965,0.8640414903971518,0.5345166711143949,-0.07945041816009546,0.10307802433786684,-0.4249508056964158,0.049318624269954564,0.0
2020-09-09,16.07,15.41,0.03714992206163769,0.03456203257237882,0.0446854893452997,-0.46890289769752114,0.041937530417396944,16.297,15.611499999999998,15.203666666666667,2,9,9,15.963847020016901,15.078036237926069,58.77061469265367,0.6288268204489977,0.7710564528505673,17.43211036613104,13.790889633868954,0.04186261106502511,0.03416559561764048,0.04072486927894902,19240923.0,0.5036772376226276,0,0,-1,0,0,0.014276443867618472,-1.5872733038865514,0.8416865632324162,0.5423620163920496,-0.0838084378563283,0.11365211365211358,-0.5185618355175607,0.03920348475420042,0.0
2020-09-10,15.42,16.07,0.03904844574461841,0.009834129653718562,-0.012285961199741088,0.7437825033687381,-0.04128881161423778,16.221,15.643,15.299333333333333,3,10,9,15.864965743650192,15.100098416124387,55.05617977528091,0.5430733777968157,0.7254598378398172,17.425158360262436,13.860841639737565,0.04340822092569684,0.03536116252752405,0.04049592595304753,17336892.0,-0.2502583440083993,0,0,-1,0,0,0.011350342252644755,-0.013405005396486392,0.8512119070638438,0.5613410527077889,-0.08972845336481705,0.04259634888438146,-0.40769814133474713,0.06355382619974075,0.0
2020-09-11,15.81,15.42,-0.03713089961534677,-0.031689510956982664,-0.009150390643433945,-0.7354713725620631,0.024977283086197347,16.172,15.7085,15.388333333333334,4,11,9,15.85497197207743,15.145898518309911,57.852348993288594,0.5008098728380208,0.6805298448394579,17.408162814858052,14.00883718514195,0.044286537881183474,0.035296219714029194,0.039959238312677135,18249455.0,0.11943545403560121,0,0,-1,0,0,0.015564202334630364,-1.4245226645776077,0.554665023487418,0.5603101175040995,0.028627195836044228,0.09034482758620688,-0.5691657092720762,0.03858317520556606,0.0
2020-09-14,16.12,15.81,0.02085383628320578,0.030465520596093938,0.046818425114592346,0.011972146960276889,0.019418085857101516,16.115000000000002,15.782500000000002,15.477,0,14,9,15.90315888624517,15.208743775193145,53.412462908011875,0.48671954988924604,0.6417677858494156,17.413784608425182,14.151215391574823,0.04402436710142105,0.03543614828214078,0.039897375538905884,19173009.0,0.41378432464438775,0,0,-1,0,0,0.0113851992409867,-1.2732787310733535,0.5478005872194067,0.5625314146593192,0.024793388429752206,0.10109289617486339,-0.5078047374839596,0.022952853598014727,0.0
2020-09-15,16.36,16.12,0.016129381929883717,0.010659458322782664,0.010595300115454773,-0.2966405260452046,0.014778594096118683,16.076999999999998,15.871500000000001,15.533333333333333,1,15,9,15.986220906927866,15.283018370341974,53.48148148148147,0.4892787606856235,0.6112699808166573,17.41860289522764,14.324397104772363,0.04435096941477061,0.035421687604522065,0.03673579701977007,19859497.0,0.6315029226651678,0,0,-1,0,0,0.008064516129032195,-1.4438878958429595,0.4984189666692142,0.5623018585187077,0.061648280337443184,0.12208504801097386,-1.5789755004606267,0.022921760391198046,0.0
2020-09-16,16.34,16.36,0.01768878081979876,0.005739330057341454,-0.005595289698749056,0.39367240802742015,-0.001223241742744094,15.956999999999999,15.9405,15.585,2,16,9,16.050544378395525,15.351210733545718,51.23456790123458,0.48411257244135797,0.5858384991415975,17.438758287057855,14.442241712942145,0.04088565827532741,0.035148181918234954,0.03674171182212357,18841837.0,0.5332858872878345,0,0,-1,0,0,0.011002444987775044,-0.9026527211395671,0.42132515005822463,0.5579600903502412,0.016801493466085837,0.09224598930481287,-1.5606373034712535,0.03427172582619353,0.0
2020-09-17,16.33,16.34,-0.03319296735576397,-0.010902591338215388,-0.014442951216987753,0.19989240466786223,-0.0006121824494832222,15.896,16.012,15.606666666666666,3,17,9,16.10135449141452,15.414358428155673,50.23547880690735,0.47375031586888205,0.5634208624870544,17.435821396250862,14.588178603749137,0.03969951355386335,0.035110427814201296,0.03517938511300147,17598998.0,0.4466852385240731,0,0,-1,0,0,-0.020807833537331694,-0.49380969370989963,0.1904864269518049,0.5573607625287705,0.0590142671854732,0.09597315436241605,-0.1923350071864509,0.037354562155542025,0.0
2020-09-18,16.03,16.33,0.016734198991165166,0.007885997798789719,0.0028422567689300737,0.235330749997723,-0.018541940360912012,15.962,16.0785,15.610333333333333,4,18,9,16.08838094752097,15.454077239242405,44.7452229299363,0.43630125085205407,0.5379969401600543,17.36159289157947,14.795407108420529,0.02541901225270586,0.035265567529248615,0.035276209556280434,16026400.0,-0.07559857952341123,0,0,-1,0,0,-0.003674219228413884,-0.039230789261335504,0.23873223765593024,0.5598235291556783,0.013915243516761544,0.0904761904761906,-0.39655480073563293,0.04335620711166564,0.0
2020-09-21,15.22,16.03,-0.045262282605703266,-0.05655436670590694,-0.08795789859366067,0.25390134361982625,-0.05185161418792183,15.911000000000001,16.107499999999998,15.608666666666666,0,21,9,15.930493502517157,15.438975481871928,39.204545454545475,0.3373733366553715,0.49787221945911775,17.27468058856224,14.940319411437756,0.02970063029789177,0.03735835325609611,0.03571314478028252,13999251.0,-1.520758670418325,0,0,-1,0,0,-0.029943855271366213,0.6227122468080407,0.3961116627706926,0.5930454726391825,-0.05583126550868489,0.039617486338797914,-1.1129573723588002,0.07358738501971097,0.0
2020-09-22,14.88,15.22,-0.026720390615940448,-0.02853630726493436,0.01707108714663833,-0.17746731186753834,-0.02259232302859399,15.857999999999999,16.0685,15.639,1,22,9,15.739494683877673,15.402912547557612,29.78723404255321,0.22889849406075946,0.4440774743794461,17.345590031035062,14.79140996896494,0.02983732184858215,0.034198035098719305,0.03218581282635051,12301740.0,-1.861262669221119,0,0,-1,0,0,-0.005256241787122212,0.17292536634846215,0.3233024731842051,0.5428769771896169,-0.09046454767726153,-0.04980842911877392,-1.0586993680435497,0.02889784946236557,0.0
2020-09-23,14.45,14.88,-0.01597903505788926,-0.017253248147559453,-0.022595963078608238,-0.09104426791503907,-0.029323614846504784,15.695999999999998,15.996500000000001,15.639666666666667,2,23,9,15.505041104990822,15.341434318682929,30.577223088923546,0.107000557622694,0.3766620910280957,17.464119267995002,14.528880732005002,0.025938588453969808,0.03446752298051702,0.032157176725715816,10751951.0,-2.107494816571556,0,0,-1,0,0,0.0013440860215053476,-0.08389429003537308,0.2871896562277655,0.547154964689111,-0.11566707466340276,-0.09062303335431099,-0.3677126937827962,0.03460207612456748,0.0
2020-09-24,14.29,14.45,-0.04476572277247398,-0.02963149564669809,-0.028804239350310606,0.4493102179826987,-0.011134422616665187,15.583000000000002,15.901999999999997,15.623,3,24,9,15.284124540447035,15.273599846509837,39.2,-0.0024864359697822636,0.3008323856285201,17.551939073835488,14.252060926164507,0.023707797930823754,0.03408554178051387,0.031886209426483764,8323074.0,-1.9540115457144749,0,0,-1,0,0,-0.01399999999999995,1.336063006537432,0.23868128556047372,0.5410912011248488,-0.12492345376607472,-0.11681087762669962,-1.2636834118770188,0.03315605318404483,0.0
2020-09-25,14.16,14.29,0.044094356516978045,0.02627916263794467,0.0071023025820666046,-0.23976519272436228,-0.009138903676202294,15.418000000000001,15.795000000000002,15.611666666666668,4,25,9,15.079738260365755,15.201754695122107,33.542976939203356,-0.09860887897277948,0.22094413270826022,17.60596659273458,13.984033407265423,0.020761901114538177,0.03395268000761058,0.03172805733230136,6412003.0,-1.8056655562388206,0,0,-1,0,0,0.04198740377886644,0.42695791467202826,0.26551972622781234,0.5389820858657532,-0.11665626949469754,-0.13128834355828223,-1.0698780021166412,0.053672316384180775,0.0
2020-09-28,13.96,14.16,-0.027231090363326594,-0.026541197269388993,-0.02653436419123854,0.3317237714229923,-0.014224990931347213,15.202000000000002,15.6585,15.589,0,28,9,14.8761494857538,15.121641488985198,34.40860215053765,-0.18874915336005316,0.13900547549459755,17.59277016019796,13.724229839802037,0.01780924287853822,0.03321890406609869,0.03176783918164615,3749178.0,-1.7562179626719432,0,0,-1,0,0,0.023305084745762716,1.5072915106190954,0.13183101287006413,0.5273337539100569,-0.08278580814717473,-0.1635710005991612,-0.7441980613025805,0.053008595988538694,0.0
2020-09-29,13.45,13.96,-0.04734193799306712,-0.042979492660276314,-0.027257672802116457,-0.022273198920802515,-0.0372169912863784,14.911000000000001,15.494,15.551333333333332,1,29,9,14.616849579253108,15.013793650986154,20.88888888888887,-0.29790464863942745,0.051623450667792545,17.5935377937463,13.3944622062537,0.015808321193111142,0.03368067088298644,0.0324189803975737,1145007.0,-1.9470952188508115,0,0,-1,0,0,-0.01002865329512898,1.2739113551955807,0.19207266155302385,0.5346640748771782,-0.09610215053763449,-0.19653524492234165,-0.7315239299188042,0.03717472118959108,0.0
2020-09-30,13.21,13.45,-0.018255344492746062,0.0014388491690990783,-0.013534041168847155,0.14179118859460652,-0.018004987513614085,14.598000000000003,15.2775,15.493,2,30,9,14.361058746661634,14.897419867051564,22.982885085574566,-0.39917571019860176,-0.03853638150548633,17.38170006053072,13.173299939469281,0.01452006068466279,0.030793203918203765,0.03208977947460044,-1855873.0,-1.9651173277492795,0,0,-1,0,0,0.008921933085501934,1.780178986410468,0.17487359277018782,0.48882695783080143,-0.08581314878892721,-0.2468643101482325,-1.763017681612965,0.052990158970476854,0.0
2020-10-01,13.85,13.21,-0.015596305738278173,0.008589888179018014,0.0112910495742656,0.42647071074176035,0.0473111140991134,14.35,15.123,15.458,3,1,10,14.268138974541335,14.829844391757916,27.41935483870965,-0.4229159925005348,-0.11541230370449604,17.1661049641997,13.079895035800298,0.02594544567295289,0.03332633759578144,0.033468297645121894,2741000.0,-1.2461425353137865,0,0,-1,0,0,0.011355034065102087,2.8604158924730667,0.5090120554380789,0.5290392083221195,-0.030790762771168656,-0.18240850059031888,1.625702815134247,0.0483754512635379,0.0
2020-10-02,13.99,13.85,-0.004501132880791538,0.012748047994639883,-0.007513183350783138,-0.494804825888511,0.010057556044042444,14.146,15.053999999999998,15.434333333333333,4,2,10,14.217568251897454,14.775660882612245,24.460431654676228,-0.4255282821387958,-0.177435499391356,17.15438993873458,12.953610061265417,0.02719368001855184,0.027179436888417934,0.03346435197229824,5543667.0,-1.0131452073523306,0,0,-1,0,0,-0.03971119133574,0.922614999442235,0.5194007665259002,0.4314601846891743,-0.012005649717514166,-0.08978529603122964,0.9883169196105124,0.06790564689063625,0.0
2020-10-05,13.29,13.99,0.062134317565425326,-0.004047589315875888,-0.0011318620336834176,0.1980416590251892,-0.05133091595223587,13.953,14.931999999999999,15.389333333333333,0,5,10,14.048919478825189,14.679811793411456,16.84665226781857,-0.4785660784976731,-0.23766161521261941,17.147368331024406,12.716631668975591,0.027118574357223462,0.02817518629037414,0.034636651835404667,2127179.0,-1.4823720074040445,0,0,-1,0,0,0.011622587562544633,1.4523262447154153,0.624247708492415,0.4472672164034788,-0.04799426934097428,-0.15511760966306432,0.7474522445128033,0.06829194883370959,0.0
2020-10-06,13.22,13.29,-0.05389765549954631,-0.04056412463008111,-0.009482339208090065,-0.8785345874711415,-0.005281038301613655,13.787,14.8225,15.308,1,6,10,13.898206846311519,14.585630387384912,16.666666666666657,-0.5202502086535148,-0.29417933390079853,17.1519442526741,12.4930557473259,0.027012188963789454,0.028029285782804184,0.031830787128445115,708000.0,-1.375864649399015,0,0,-1,0,0,0.009029345372460572,-0.5450083867363688,0.5754671515208466,0.44495111764834955,-0.017100371747211796,-0.14211550940947437,0.260610724562026,0.03555219364599097,0.0
2020-10-07,13.23,13.22,-0.011248712535870765,-0.018567187675574706,0.001523229540521638,-0.15507770144390107,0.0007561437033240965,13.665000000000001,14.6805,15.219333333333333,2,7,10,13.776714692436697,14.498170362392338,16.880341880341874,-0.546182217081558,-0.3445799105369505,17.035852024198363,12.325147975801638,0.026504636119749955,0.025540374746327033,0.031632685044110084,1923312.0,-1.231663025397381,0,0,-1,0,0,0.0030257186081693757,-0.7760672204926453,0.5600166907890827,0.40544087982105426,0.0015140045420136694,-0.1767268201617922,-0.2148863293621962,0.015117157974300778,0.0
2020-10-08,13.44,13.23,0.004514680354526613,0.029544246306725735,0.009844835287651605,-0.06284864198663537,0.015748356968139112,13.580000000000002,14.5815,15.127999999999998,3,8,10,13.715493839266387,14.429901306754124,21.786492374727644,-0.5435228821795217,-0.38436850486546476,16.972159675531234,12.190840324468766,0.027558933173113108,0.025032681852168986,0.03157380510717628,3064594.0,-0.954966540560689,0,0,-1,0,0,0.0068027210884353635,-0.7981742001970531,0.4141716078184267,0.3973815049790333,-0.029602888086642576,-0.12840466926070038,-1.7075653708704397,0.034970238095238144,0.0
2020-10-09,14.0,13.44,0.01785761740000647,0.019460073554712343,0.021618434168133357,0.19801017926078143,0.0408219945202552,13.563999999999998,14.491,15.051333333333334,4,9,10,13.767222232127041,14.402165738576437,35.94470046082948,-0.49057300005194904,-0.4056094039027616,16.82214293178724,12.159857068212757,0.03129976546025391,0.026361416680617113,0.032663932016646524,4455788.0,-0.4212525909971204,0,0,-1,0,0,0.008928571428571503,-0.5846335432192238,0.5335205655765684,0.4184745164655762,0.0007147962830593713,-0.1144845034788109,-0.6277299513909449,0.03214285714285709,0.0
2020-10-12,15.68,14.0,0.17107367849204227,0.15567903103412792,0.11647112992542269,2.841162914820513,0.11332868530700307,13.736,14.469,15.017666666666667,0,12,10,14.115000008103943,14.48460665866828,57.04225352112675,-0.3094803801508377,-0.38638359915237686,16.74301708089695,12.194982919103047,0.048768295844567475,0.03829637716291008,0.0395370202437762,28294845.0,1.0650755530141751,0,0,-1,0,0,0.14928571428571427,4.170031894884282,0.8105553837335863,0.6079361405267604,0.17983446200150488,-0.027295285359801524,1.6097844470981262,0.07238520408163275,0.0
2020-10-13,15.39,15.68,-0.006860020666163171,-0.02098842476158198,-0.04531736966913236,-1.3593575528488844,-0.018668067071473834,13.930000000000001,14.420499999999999,14.972666666666667,1,13,10,14.34681818844868,14.543019132302584,58.48375451263539,-0.18720575908699288,-0.3465480311393001,16.562230485771906,12.278769514228092,0.047047490713988276,0.03830823115253322,0.03965043839817306,22172362.0,0.9053426716766199,0,0,-1,0,0,0.019132653061224535,0.5501285313351189,0.855730640258911,0.6081243167782809,0.16414523449319218,-0.05929095354523217,1.3840406313091567,0.09551656920077976,0.0
2020-10-14,15.22,15.39,-0.04348511193973878,-0.03879659848627818,0.023754086008107057,-0.240947416501127,-0.011107595417248022,14.131,14.364500000000001,14.895333333333333,2,14,10,14.505578517821647,14.586695317315321,58.37837837837839,-0.10283440914709452,-0.297805306740859,16.347602035753855,12.381397964246148,0.046574634275251665,0.038355565445966,0.038539878734780236,17360807.0,0.8627896947065462,0,0,-1,0,0,-0.005847953216374259,0.24991795374028336,0.8863969666495748,0.6088757253917295,0.1504157218442932,-0.06854345165238673,1.3391771191645174,0.03350854139290406,0.0
2020-10-15,15.22,15.22,-0.005242475964849983,0.0032372964497913107,0.0006704659989677837,-0.2550768022652595,0.0,14.268,14.309000000000001,14.838,3,15,10,14.635473332763166,14.62755368394014,59.77859778597787,-0.03555959755147953,-0.2453561649029831,16.11468575688909,12.503314243110909,0.04523240184781386,0.038357706266823915,0.038119354914062153,17360807.0,1.009034929277514,0,0,-1,0,0,0.0,0.006354318189857979,0.9087636787024926,0.6089097098692791,0.13244047619047628,-0.06797305572565815,1.4684866838656154,0.03613666228646522,0.0
2020-10-16,15.28,15.22,0.0182296714916612,0.00772701848471037,0.0026773777707163942,0.17326815514579205,0.003934431304834522,14.397,14.2715,14.835,4,16,10,14.752659999533499,14.669646994653682,62.5,0.02234015053683791,-0.19181690181501893,15.953619903104888,12.58938009689511,0.04527815986980445,0.03820639877400832,0.0341440276411134,21794406.0,1.1990821797405655,0,0,-1,0,0,0.018396846254927685,0.12106085383137188,0.90836673969644,0.6065077778843345,0.09142857142857141,-0.046787273861509826,2.1013094279943356,0.041230366492146536,0.0
2020-10-19,15.88,15.28,-0.003231020581446532,0.01968942615650082,0.011299555253933466,-0.10733028131354419,0.038515672080615404,14.656,14.3045,14.84,0,19,10,14.957630908709227,14.747734285321188,72.62569832402238,0.11531186028652485,-0.1303911493947102,16.087820085210826,12.521179914789176,0.04075988383793793,0.037437632558309945,0.03463225644400102,25776793.0,1.7669290141076879,0,0,-1,0,0,0.011125654450261776,0.009133484614527565,0.35355578792615033,0.5943039925458177,0.012755102040816313,0.043363994743758294,1.378821309995104,0.04848866498740551,0.0
2020-10-20,15.18,15.88,0.0349797188960269,0.006269613013595395,-0.001984783979386035,0.4355396548554102,-0.04508168385150585,14.852,14.319500000000001,14.832333333333334,1,20,10,14.998061652580276,14.775622395945629,66.89536878216123,0.13099839230936894,-0.07811324105389436,16.128069949755456,12.510930050244546,0.04492746647524756,0.03850538962632009,0.03539659460309787,19620831.0,0.9515805569105585,0,0,-1,0,0,0.0075566750629722425,0.4089718515073216,0.47584817243281996,0.6112541105213356,-0.013645224171540016,0.020161290322580516,-0.009684716529817918,0.05928853754940714,0.0
2020-10-21,15.1,15.18,-0.0414732482065751,-0.03822121282019774,-0.002652521449131117,-0.664286794483741,-0.005284028146605267,15.039000000000001,14.351999999999999,14.8,2,21,10,15.01659589756568,14.796549983303976,61.859582542694504,0.13541378472260313,-0.035407835898594864,16.19350510524194,12.510494894758057,0.04517633331077993,0.03787520760685227,0.03447112271059152,16452724.0,0.8123789587884166,0,0,-1,0,0,0.011198945981554673,-0.221502484993902,0.47096546017848967,0.6012502810960377,-0.007884362680683377,0.04498269896193774,-0.1948126791949674,0.02251655629139072,0.0
2020-10-22,14.7,15.1,-0.011795680672765308,-0.0032520353863773432,-0.035138750266374294,0.09552143937798026,-0.026847250036188052,15.165000000000001,14.372499999999999,14.776,3,22,10,14.95903300709919,14.790320952123075,56.41952983725135,0.10542112881020493,-0.007242042956834904,16.22021694118374,12.524783058816258,0.04695188903170052,0.03832788742637381,0.034018735433827156,12967070.0,0.35449152703031184,0,0,-1,0,0,0.004635761589403992,-0.16740412399465465,0.5030661770136673,0.6084363504519873,-0.03416557161629441,0.028691392582225417,0.47470951438414893,0.05510204081632657,0.0
2020-10-23,15.07,14.7,-0.02807671057461203,-0.015097103281819249,0.008219224353132106,-0.7577715811872232,0.024858518853713478,15.272,14.418000000000001,14.751333333333333,4,23,10,14.979208823990247,14.808364761663523,67.11538461538463,0.11023689835108641,0.01625374530474936,16.288362756821744,12.54763724317826,0.0459937062529018,0.0385666934526471,0.03401549147954432,14600830.0,0.6971909568044712,0,0,-1,0,0,0.0034013605442177355,-0.5469783622038956,0.5511689508241276,0.6122272785946034,-0.013743455497382095,0.06426553672316393,0.05133022445096584,0.030524220305242142,0.0
2020-10-26,14.71,15.07,0.01614022932867747,0.0026420094628387975,-0.007531702841003893,0.024822784148308682,-0.024178478025057952,15.175,14.4555,14.704333333333333,0,26,10,14.930261765082928,14.802018648007813,63.57012750455374,0.08403572749734955,0.029810141743269403,16.317253276661134,12.59374672333887,0.024782468139521983,0.03886620697564138,0.034031452014403975,12926008.0,0.27339820285577304,0,0,-1,0,0,-0.005308560053085605,-0.5258523589275262,0.41736490261747133,0.6169819083714655,-0.07367758186397988,0.05372492836676224,0.875744760546844,0.04146838885112165,0.0
2020-10-27,15.23,14.71,-0.004010700563407362,0.004606786692844826,0.0020597329630105622,-0.12929481118094363,0.034739632293724246,15.159,14.544500000000003,14.666666666666666,1,27,10,14.98475962597694,14.829630348136343,66.66666666666666,0.10403155400798525,0.04465442419621257,16.37376473581185,12.715235264188156,0.027489214687256958,0.03830708282072076,0.03459245676377629,14397699.0,0.7494814573088738,0,0,-1,0,0,0.014955812372535612,-0.5529781818722151,0.4474932419387645,0.6081060875758909,0.0032938076416337836,0.1323420074349444,0.343332266841719,0.042678923177938304,0.0
2020-10-28,14.29,15.23,-0.019615103017933413,-0.030669070363782087,-0.03276696071578955,0.7772089319509656,-0.06370717496529446,15.065999999999999,14.598499999999998,14.598333333333333,2,28,10,14.858439693981131,14.794815486966257,56.315007429420504,0.04352650008887693,0.04442883937474544,16.32263548130514,12.874364518694854,0.033599093540942156,0.04096350807055167,0.036278639502665216,11196194.0,-0.35786050846360296,0,0,-1,0,0,-0.03873933026920551,-0.20122502001713277,0.6366087634294578,0.6502755311008022,-0.05364238410596034,0.0817562452687357,-0.01711494195065776,0.046186144156752984,0.0
2020-10-29,15.13,14.29,-0.00960885910663685,0.03034071705267222,0.022079046529440614,-0.6102538487219896,0.05711953585848855,15.056999999999999,14.6625,14.558333333333334,3,29,10,14.907814295075468,14.816440294258758,58.059914407988586,0.06263477408286455,0.048070026316369266,16.364534386442344,12.960465613557655,0.03936793342463209,0.04160436147282005,0.038038698862228035,12935293.0,0.5493426028567933,0,0,-1,0,0,0.01469559132260328,-0.4685305140360118,0.7732828869683757,0.6604487634763128,0.029251700680272164,0.09241877256317688,-0.6449860498548636,0.052875082617316514,0.0
2020-10-30,15.3,15.13,0.023851215822179847,0.01142869582362285,0.027689343755677498,0.3152393329191581,0.011173300598125255,15.059000000000001,14.728,14.533999999999999,4,30,10,14.979120786879928,14.84763769462916,46.54545454545456,0.09045311098319253,0.05654664324973392,16.421872548489674,13.034127451510324,0.03951419461788022,0.04161208231239607,0.037979523846840196,15318880.0,0.6753754885631968,0,0,-1,0,0,-0.01850627891606088,-0.332690731179521,0.7585461234502364,0.6605713280048974,0.015262110152621133,0.09363831308077208,-0.41485721651887314,0.037254901960784334,0.0
2020-11-02,15.08,15.3,0.033115608784497604,0.004535155165391363,-0.0013427756984660407,-0.3439513424785871,-0.014483465818579826,14.979,14.817499999999999,14.529333333333334,0,2,11,14.997462461992669,14.862628811104699,47.14548802946592,0.09366744204774413,0.06397080300933597,16.375134846743634,13.259865153256362,0.03729621069734099,0.03984330171400322,0.03690796997314977,13629004.0,0.3370494702898805,0,0,-1,0,0,0.0032679738562090806,-0.4536988859518631,0.7393184381811009,0.6324928064817965,0.02515295717199173,0.1346877351392024,-0.588801179619287,0.04375994694960215,0.0
2020-11-03,15.13,15.08,-0.02040215551151245,-0.007787190551768677,-0.011893460307525545,0.3082739692731038,0.003310165220454624,14.973999999999998,14.913000000000002,14.537666666666668,1,3,11,15.02156019617582,14.879878565226978,49.152542372881356,0.09910696134848607,0.07099803467716599,16.280888884376438,13.545111115623566,0.034627600085754585,0.039749535980205454,0.03666090413364708,15929050.0,0.3172772327906153,0,0,-1,0,0,-0.0026525198938992657,-0.3406209403738822,0.6922827808827865,0.6310043216030262,-0.006565988181221227,0.14447806354009085,-0.10498518685596045,0.04725710508922669,0.0
2020-11-04,15.38,15.13,0.00794706169253194,0.004549894101977361,0.022966223857663923,0.310918447559555,0.016388436277233367,15.002,15.020500000000002,14.568666666666667,2,4,11,15.086731069598397,14.912144464244593,51.438848920863315,0.12218228887643612,0.08123488551702002,16.148357307137648,13.892642692862356,0.03492883467099486,0.03976511293534715,0.03631176249697878,19067872.0,0.6374919907419193,0,0,-1,0,0,0.0019828155981493297,-0.19139788794673412,0.42985879516263353,0.6312515980999575,0.07627711686494054,0.16250944822373392,1.1768776038140063,0.028933680104031228,0.0
2020-11-05,15.35,15.38,0.015707129205357877,0.016082688232745973,-0.037766012144710016,0.37762760365803283,-0.0019524900442917782,15.067000000000002,15.116,14.604000000000001,3,5,11,15.134598147853232,14.940393208486878,50.63291139240506,0.13647569604076715,0.09228304762176945,15.970767435283822,14.261232564716178,0.03350750664801284,0.039785891665970574,0.03623053029955463,14488897.0,0.5475173487916069,0,0,-1,0,0,0.0013003901170350828,0.06867420789283382,0.19071597250327407,0.6315814502226925,0.014540647719762045,0.14211309523809534,-0.5407092905318064,0.08143322475570033,0.0
2020-11-06,14.91,15.35,-0.019010733134935308,-0.011559857737912039,0.028036024293037698,-0.7524759002455472,-0.029083345256559076,15.051000000000002,15.1615,14.629,4,6,11,15.093762120970826,14.938432356326434,40.9683426443203,0.11101924073030567,0.09603028624347669,15.846075165993751,14.47692483400625,0.03419652641752975,0.03970554530058753,0.03662988527988999,12331291.0,-0.7347622656890118,0,0,-1,0,0,-0.015635179153094477,-0.44131644396075526,0.2737695912875581,0.6303059912133837,-0.025490196078431393,0.06499999999999995,-0.27557226028175,0.04425888665325287,0.0
2020-11-09,14.28,14.91,-0.01131459657997695,-0.03213799752780736,-0.05260728502354303,0.1723968635954718,-0.04317217186520878,15.008000000000001,15.0915,14.639666666666667,0,9,11,14.945805371703402,14.895952849466665,41.50943396226416,0.03955313767247404,0.08473485652927618,15.836483927767713,14.346516072232287,0.036033588722260694,0.03015944148253955,0.037417811294595114,9767733.0,-2.1785704892496094,0,0,-1,0,0,0.002012072434607603,-0.45649721186173176,0.38333001849005055,0.4787662910604289,-0.05305039787798416,-0.0892857142857143,-0.42235495291029906,0.06512605042016804,0.0
2020-11-10,13.61,14.28,-0.0368139731227162,-0.03390155167568134,-0.04580953603129422,0.14463365607156828,-0.048055140248063566,14.845999999999998,15.002500000000001,14.645000000000001,1,10,11,14.702931667757328,14.812988149501075,37.351443123938886,-0.0703368648676772,0.0537205122498855,15.984825382902917,14.020174617097085,0.03585425914330706,0.031506513684040234,0.037826849368891725,6805244.0,-2.835109474388131,0,0,-1,0,0,0.008403361344537886,-0.07929842693825619,0.43128782945176486,0.5001503993197435,-0.10046265697290158,-0.1156595191682912,0.6068587475265816,0.07788390889052171,0.0
2020-11-11,13.8,13.61,-0.03390155167568134,-0.01739174271186922,-0.019534806020642254,0.38465787474564317,0.013863775499784407,14.797,14.9315,14.664666666666667,2,11,11,14.538762273619632,14.747634075339716,42.07746478873242,-0.1404747658336909,0.014881456633170222,16.04424482817589,13.818755171824108,0.03160057093966366,0.031776287507082696,0.03772398818031122,11157471.0,-2.033709744317306,0,0,-1,0,0,0.022777369581190338,1.0591442890208471,0.4175332634763936,0.5044329259957765,-0.10273081924577376,-0.09329829172141912,0.5393330408072123,0.07753623188405799,0.0
2020-11-12,14.09,13.8,0.01142869582362285,0.027683428748416866,0.06035680054089739,-0.06206592839584955,0.020796733747429758,14.693000000000001,14.875,14.672666666666666,3,12,11,14.457169132961518,14.70520607047909,41.25000000000001,-0.17069135757819076,-0.022233106209101974,16.039609715516015,13.710390284483983,0.024948223775291385,0.03227310865095789,0.03688571287358525,15247785.0,-1.348091106473694,0,0,-1,0,0,0.02028985507246372,0.824359555758183,0.5064728377249421,0.5123197171524109,-0.0820846905537459,-0.07424441524310121,0.4479464698381692,0.04613200851667852,0.0
2020-11-13,14.21,14.09,0.03008271616620012,0.006734948414289035,0.007826436249463949,-0.5996440952023272,0.008480616198420573,14.584,14.8215,14.680000000000001,4,13,11,14.412229290604877,14.673257291738503,45.33582089552239,-0.18284747524036682,-0.054355980015354945,16.005912357069764,13.637087642930236,0.024743634305325078,0.03234366287568077,0.036873625650529776,17493396.0,-1.0325795680025665,0,0,-1,0,0,0.029808374733853792,-0.5760537140582298,0.5191726882780066,0.5134397307477813,-0.04694835680751164,-0.07002617801047106,-0.5363218468591066,0.044968332160450465,0.0
2020-11-16,14.13,14.21,-0.009695366805162944,-0.010153755163074648,0.0014164308317135062,0.20252762621974132,-0.005645745412573238,14.489,14.734,14.708,0,16,11,14.36091487413126,14.638208434206987,38.821138211382134,-0.19666953351996064,-0.0828186907162761,15.845478863118187,13.622521136881813,0.024611336749018765,0.030766209307557912,0.03561735992202511,14743659.0,-1.0868402810747368,0,0,-1,0,0,0.01125967628430671,-0.11484930846435944,0.42932348363191086,0.4883984316717538,-0.01050420168067212,-0.11020151133501255,-1.5780255028925863,0.033262561924982226,0.0
2020-11-17,14.25,14.13,-0.023232301493268537,-0.01379332213233576,-0.019293202934679007,-0.13683810455984732,0.008456710018223458,14.401000000000002,14.6875,14.742333333333335,1,17,11,14.340748533380122,14.61316272877428,49.51219512195124,-0.19568488364192227,-0.10539192930140533,15.798229963867085,13.576770036132915,0.024886843188562414,0.029504659674006974,0.03560056283401209,17141736.0,-0.7877702308071579,0,0,-1,0,0,-0.006369426751592472,-0.3276536228437325,0.15535728628341108,0.46837195209011107,0.047024246877296116,-0.06126482213438733,-0.7052686594115843,0.03789473684210533,0.0
2020-11-18,13.57,14.25,-0.008583743691391442,-0.028170876966696335,-0.04576444325289491,0.6686110717556892,-0.048895432867881776,14.219999999999999,14.611,14.753666666666668,2,18,11,14.200612436401917,14.545861907563035,30.203045685279193,-0.24692842138827942,-0.13369922771878015,15.809400688637531,13.41259931136247,0.02673819784404102,0.031175730951128907,0.03679094708022154,12461829.0,-1.7373154235809392,0,0,-1,0,0,-0.02315789473684211,1.8735136942278832,0.4235935810803393,0.4948993862240775,-0.01666666666666672,-0.1013245033112582,-1.5789261809167665,0.05600589535740603,0.0
2020-11-19,13.59,13.57,-0.02767838742214472,-0.006449323679907095,0.008273834337396398,-0.5902541145002252,0.0014727543162744601,14.044,14.5555,14.758666666666667,3,19,11,14.089591993419749,14.484193397397679,27.4406332453826,-0.28266705157259686,-0.16349279248954351,15.836510702942494,13.274489297057507,0.026904256676257475,0.030779268661250067,0.036690582233519314,15055370.0,-1.5074034866098127,0,0,-1,0,0,-0.0022107590272661118,-0.13624666140474098,0.37334871329183894,0.4886057424846698,-0.03548616039744501,-0.07551020408163267,-1.9098169155089673,0.04120676968359091,0.0
2020-11-20,13.83,13.59,0.019020324679030084,-0.001438849169099067,0.015607897665990968,-0.4392745784978356,0.017505917513614588,13.935999999999998,14.493500000000001,14.753000000000002,4,20,11,14.042393449161612,14.44198737175912,33.59580052493439,-0.28830082677030866,-0.18845439934569655,15.789603878228316,13.197396121771686,0.027650433114133368,0.03045565619836122,0.036029041438472145,16726917.0,-1.0238376894712482,0,0,-1,0,0,0.015452538631346642,-1.059179944429158,0.40180605130072633,0.48346855389687976,-0.02674173117522871,-0.08228268082282686,-1.6055480695840334,0.023861171366594366,0.0
2020-11-23,13.99,13.83,-0.007272759329079921,0.00788817284900608,0.008079368223608602,0.18998637650826478,0.01150264300072291,13.907,14.4575,14.696666666666665,0,23,11,14.032867367495864,14.412826896161759,35.45918367346938,-0.27666574093637664,-0.20609666766383258,15.768198889504355,13.146801110495645,0.025184514301098273,0.030258554966166085,0.0281813123589524,18748207.0,-0.7133598780674728,0,0,-1,0,0,-0.009399855386840258,-0.7393093257591233,0.418694206736023,0.4803396688359234,-0.0099079971691437,-0.048946295037389564,-1.9696763798272894,0.023588277340957833,0.0
2020-11-24,14.0,13.99,0.018083675433295327,0.00035707909681331973,0.005835173376722213,-0.03139264929834434,0.0007145409378688503,13.946000000000002,14.395999999999997,14.650333333333332,1,24,11,14.026891482496614,14.386192902861,31.25,-0.2635993262125105,-0.2175971993735682,15.668964215811824,13.12303578418817,0.019573424777612747,0.028967983070529387,0.028044593448141933,20707029.0,-0.6221698851879356,0,0,-1,0,0,-0.0028591851322373784,-0.8513379610190573,0.4103173761066671,0.45985247512649996,-0.01754385964912286,-0.08076165462902174,-1.8166717404179018,0.01821428571428577,0.0
2020-11-25,13.99,14.0,-0.0035906681307284844,0.0003569516368437728,0.005077994226943483,0.26907119887921116,-0.0007145409378687601,13.965,14.381,14.609333333333332,2,25,11,14.020183940224502,14.360632070418355,31.420765027322417,-0.2511558465717325,-0.22430892881320108,15.666234363227822,13.095765636772178,0.019207515851456105,0.025559290733526637,0.028002830841007718,18143424.0,-0.6084493399600935,0,0,-1,0,0,-0.0071428571428571175,-0.18713738107004632,0.12807618275173022,0.4057411618086549,0.0309506263817243,-0.02099370188943306,0.8767101124515093,0.013581129378127199,0.0
2020-11-27,13.97,13.99,0.011445046245872878,0.006403437035207007,-0.00362450559896036,0.035320913527632544,-0.0014306154085193335,13.953,14.323000000000002,14.567666666666668,4,27,11,14.011059587456408,14.335430001359107,35.49382716049384,-0.24013994831674346,-0.22747513271390957,15.57004450602237,13.075955493977634,0.017948842041745388,0.0213831359927858,0.027999781552028924,15487652.0,-0.5661385753198934,0,0,-1,0,0,0.005003573981415317,-0.1428907299724757,0.13614573604760663,0.3394467605255128,0.02796173657100809,-0.07666886979510901,0.8496371750776953,0.02362204724409449,0.0
2020-11-30,13.26,13.97,-0.011085398696590795,-0.012130009592408224,-0.044550796985373835,1.5892836313861618,-0.05216018851115405,13.858,14.221,14.500333333333334,0,30,11,13.874503298827971,14.266047420626263,34.638554216867476,-0.28541079785124523,-0.23906226574137673,15.465286309919541,12.976713690080459,0.023508697961564996,0.023491474472556385,0.029321353222112014,2473739.0,-1.5446605694185291,0,0,-1,0,0,-0.004652827487473248,3.9410116846942236,0.3879425608785291,0.37291559630763854,-0.041214750542299394,-0.13333333333333341,-1.9620080965697053,0.057315233785822005,0.0
2020-12-01,12.54,13.26,-0.04674263934181205,-0.04252840294545582,-0.057828610232569945,-1.0423455491488467,-0.05582844955294184,13.699000000000002,14.094000000000003,14.389000000000001,1,1,12,13.631866335404702,14.154689522521343,34.124629080118694,-0.37506276488994317,-0.26626236557109006,15.479601142579043,12.708398857420963,0.027903271340520126,0.02575101533664331,0.029503468395949854,-2115313.0,-2.2430697438766853,0,0,-1,0,0,0.0007541478129713264,0.46018787331057043,0.45345169581619577,0.40878469552901053,-0.10364546104360262,-0.16843501326259958,-0.6136698383698842,0.0733652312599681,0.0
2020-12-02,12.39,12.54,-0.06298233498480901,-0.05544144848385872,-0.0186769537834089,-0.1341458383202487,-0.012033839563723453,13.513,13.956999999999999,14.296,2,2,12,13.40607245624021,14.040838585584483,28.82882882882882,-0.45299450242864303,-0.3036087929426007,15.44904345922331,12.464956540776688,0.02700966885237019,0.025597023329185654,0.028698856546484994,-6128267.0,-2.100475010045226,0,0,-1,0,0,-0.006379585326953613,0.19046150959212316,0.42253782771874615,0.40634014819526315,-0.11499999999999999,-0.18109715796430936,-0.4984249261489899,0.03470540758676364,0.0
2020-12-03,12.17,12.39,0.0,0.007886476206915363,-0.00575422878325204,0.08770349937015073,-0.01791578864161535,13.373,13.7965,14.198333333333334,3,3,12,13.181332009651081,13.920139321998388,20.552147239263803,-0.5264396585922526,-0.34817496607253107,15.333938402702945,12.259061597297055,0.024327046999845673,0.02489216203040494,0.0287731829411023,-10509066.0,-2.1158571259056322,0,0,-1,0,0,0.005649717514124316,0.3155936926899111,0.37882247665879376,0.39515082196305656,-0.1300929235167977,-0.2087126137841353,-0.3439898695135702,0.04930156121610515,0.0
2020-12-04,11.98,12.17,-0.03014484873260584,-0.050755959966619815,-0.05029583133024178,0.2081183863692777,-0.015735314312132424,13.212,13.628,14.107666666666667,4,4,12,12.962908007896338,13.794969043159783,16.51651651651649,-0.5931395426681032,-0.3971678813916455,15.187090153026329,12.068909846973671,0.023985831858633778,0.024808365180090823,0.028583899610105396,-15903402.0,-2.1140535033219066,0,0,-1,0,0,-0.006573541495480696,0.7080121194626173,0.32786596673661067,0.39382058820356663,-0.14244810307802436,-0.21954397394136804,-0.5783825558385397,0.04716193656093485,0.0
2020-12-07,11.98,11.98,-0.014161002989497627,0.000826104962305455,0.017615922774233503,-0.22265190638369575,0.0,13.027000000000001,13.4815,14.004666666666667,0,7,12,12.784197461006094,13.677874266181734,16.92307692307689,-0.6386378616145034,-0.4454618774362171,15.083423514831129,11.879576485168872,0.022114873057024805,0.024623422520471373,0.02798855215629564,-15903402.0,-1.8746213362855664,0,0,-1,0,0,-0.005008347245409057,0.2283945618098417,0.32390130753547747,0.390884714498607,-0.09653092006033182,-0.19651240778001344,-1.5747741229922556,0.030884808013355525,0.0
2020-12-08,12.27,11.98,0.01993421490081733,0.013125701157819115,0.0025521068722347954,-0.334441730869511,0.023918666035516685,12.855,13.381,13.923333333333334,1,8,12,12.69070701355044,13.587043668363558,21.05263157894734,-0.64387286521508,-0.48514407499198975,15.023679454267986,11.738320545732014,0.02401949344939647,0.024609355739320264,0.02837663085985368,-12813140.0,-1.3526680413679204,0,0,-1,0,0,0.015025041736227021,-0.2870871496122486,0.2748226564841391,0.39066141127056897,-0.021531100478468845,-0.14075630252100835,1.496911053068375,0.040749796251018745,0.0
2020-12-09,12.55,12.27,0.029175489133931472,0.04696446008665331,0.03737272211262405,0.5173253259089007,0.022563406854972927,12.71,13.328,13.834,2,9,12,12.665123920177631,13.52013762524333,33.11258278145695,-0.6183005989167825,-0.5117753797769483,15.007556332393971,11.648443667606028,0.026306413639183172,0.023615314294303906,0.027839725714009805,-7629118.0,-0.9264351364637694,0,0,-1,0,0,0.020374898125509373,0.5273504886361727,0.32029941748593455,0.3748814925321416,0.012913640032284013,-0.07788390889052155,0.16320708127305675,0.05113944223107569,0.0
2020-12-10,12.3,12.55,-0.006410278360919054,-0.01883886169640624,-0.0014906916455987046,-0.020794488277283172,-0.020121403199421063,12.541,13.253,13.767666666666667,3,10,12,12.598737752872607,13.441419068776018,30.15384615384616,-0.6111622068150773,-0.5316527451845742,14.977182186002045,11.528817813997955,0.02620889617017221,0.023490936479683158,0.025938621194452807,-12706454.0,-1.1054516253990219,0,0,-1,0,0,-0.00876494023904392,0.46634360869213975,0.3292631771799425,0.3729070559355404,0.010682004930156141,-0.10869565217391308,0.11342947420316069,0.03414634146341463,0.0
2020-12-11,11.71,12.3,-0.018661799188419943,-0.028940926605001725,-0.05663106978587191,0.34173721727887607,-0.04915608476874584,12.315000000000001,13.134,13.653666666666668,4,11,12,12.437149070532131,13.329714612725953,20.555555555555557,-0.6456701650622882,-0.554456229160117,14.94146289180819,11.326537108191811,0.028093220156006946,0.024442586611512714,0.024199380173612783,-19852248.0,-1.5756893338766447,0,0,-1,0,0,-0.007317073170731696,1.197533410161782,0.48393752761874237,0.38801403343931745,-0.022537562604340478,-0.1689141234918381,-0.6663991313291051,0.06248505550811272,0.0
2020-12-14,11.46,11.71,-0.07656799799458429,-0.06052266942811191,-0.06433325030222205,-0.23096310191849148,-0.021580466323032503,12.135000000000002,12.996500000000001,13.525666666666668,0,14,12,12.259485603162652,13.209087863517828,15.718157181571826,-0.685291270070076,-0.5806232373421089,14.87626790280649,11.116732097193513,0.025601295374587447,0.024232724825608308,0.024026829466920162,-25524356.0,-1.6347762909516759,0,0,-1,0,0,-0.034158838599487644,0.5567652670168762,0.495927638124594,0.3846825808681238,-0.04340567612687807,-0.19352568613652354,-0.0007725333904335381,0.06369982547993007,0.0
2020-12-15,11.33,11.46,0.013175421158564547,0.00043318172650528414,0.03989649699931225,-0.8633377707835024,-0.011408636246678674,12.014,12.8565,13.400666666666668,1,15,12,12.090488220769442,13.087856388452161,14.960629921259851,-0.7188942296052936,-0.6082774357947458,14.796909886162258,10.916090113837743,0.02137807368188376,0.024207043381386618,0.024011101426322668,-27916579.0,-1.5733789143067212,0,0,-1,0,0,0.0,-0.7244932845800381,0.40422093049207475,0.3842749005798064,-0.07660961695191515,-0.19815994338287335,0.5611565026769911,0.026037069726390107,0.0
2020-12-16,11.86,11.33,-0.00524935588614379,0.030285957311024996,0.005319161477600027,0.25858597326094224,0.045717318529664444,11.961,12.737,13.291666666666666,2,16,12,12.048581271538634,13.008639847261701,25.404157043879906,-0.6947496055419418,-0.625571869744185,14.609247172166281,10.864752827833719,0.027838809003326553,0.027140578538966842,0.026019600136913602,-24818417.0,-0.9368421146928685,0,0,-1,0,0,0.0061782877316858146,-0.465515446184789,0.555123187675808,0.4308433275151381,-0.05498007968127505,-0.16771929824561405,1.3351918213818705,0.04974704890387857,0.0
2020-12-17,11.93,11.86,0.047954393122036046,0.016667052485211643,0.04410572184992309,-0.11011900672240399,0.005884842540245358,11.937000000000001,12.655,13.176666666666668,3,17,12,12.02702104034979,12.93905017969643,26.71232876712328,-0.6623314572810024,-0.6329237872515485,14.51726234796067,10.792737652039328,0.02754495570754112,0.025702277956669413,0.025748739910133083,-22043308.0,-0.7786228409696769,0,0,-1,0,0,0.008431703204047339,-0.551273625313151,0.5585389885804427,0.40801101360722775,-0.030081300813008194,-0.12085482682387627,0.6219491023115115,0.023470243084660468,0.0
2020-12-18,12.22,11.93,-0.010929070532190317,0.01272856437738055,-0.0008463817686811865,0.05127160131064288,0.024017717633624595,11.961000000000002,12.5865,13.072333333333335,4,18,12,12.062108123922556,12.892659845522468,36.86868686868688,-0.6062507832044162,-0.627589186442122,14.404205609885972,10.768794390114026,0.02818182972285074,0.026549747718176392,0.02640323667389149,-19122204.0,-0.4032556185189852,0,0,-1,0,0,-0.008382229673093013,-0.5023384973826924,0.4351763780524958,0.42146417900279587,0.04355251921434666,-0.10080941869021331,0.4524709482803705,0.03641571194762686,0.0
2020-12-21,12.11,12.22,0.009255429974160604,0.012568582236439977,0.007591769908212663,-0.08597618999867115,-0.009042396178448485,11.974,12.5005,12.979000000000001,0,21,12,12.070815737754817,12.842165661940374,43.582089552238806,-0.5641790210851045,-0.6149071533707186,14.231158225860105,10.769841774139897,0.028407857253628162,0.02601818626011672,0.026095097031876204,-21802656.0,-0.4512733873910086,0,0,-1,0,0,-0.02291325695581024,-0.6276304989327809,0.3873812662314187,0.4130259024553592,0.05671902268760887,-0.1243673174258858,0.7603602882002762,0.04211395540875308,0.0
2020-12-22,11.63,12.11,0.014137449600544898,-0.024471041651515056,-0.02295043358691056,-0.010630264483440373,-0.040443591034427726,11.91,12.3825,12.890666666666668,1,22,12,11.990667421799396,12.763961425686157,39.673913043478265,-0.5630780220333911,-0.6045413271032531,14.003920754510773,10.761079245489228,0.029860488616916186,0.02667891471690987,0.025975826061946736,-24454765.0,-0.9281983074492588,0,0,-1,0,0,0.0,-0.6584113255826272,0.5208013839028065,0.42351464154026813,0.02647837599293923,-0.1686919228020014,-0.23855214933054908,0.041272570937231176,0.0
2020-12-23,11.66,11.63,-0.03701011126653618,-0.031029743165050472,-0.021730537832388163,0.22873242520212247,0.0025762143917732456,11.821,12.2655,12.825666666666667,2,23,12,11.930546072381322,12.692738107899954,42.693409742120345,-0.5534054099896455,-0.5943141436805317,13.725110258001612,10.805889741998387,0.028420968066195432,0.02671734713221977,0.024867614567466174,-21121049.0,-0.8296735333019704,0,0,-1,0,0,0.003439380911435868,-0.4187062390334736,0.3751772514115199,0.4241247372194294,-0.01686340640809436,-0.16714285714285715,-0.8525222453576621,0.030874785591766676,0.0
2020-12-24,11.26,11.66,-0.0172865151571852,-0.018049480118982802,-0.024011825046646344,-1.367801358408311,-0.03490755821080204,11.717,12.129,12.741000000000001,3,24,12,11.808628604675626,12.600303391261248,40.27027027027027,-0.5714293702403896,-0.5897371889925034,13.409146373209902,10.848853626790097,0.02949335365373459,0.02723567953223802,0.02516891660140075,-21970034.0,-1.3576572463678913,0,0,-1,0,0,-0.01629502572898795,-1.3563006130681405,0.4198543615722871,0.43235300898092266,-0.05616093880972339,-0.1951393852751966,0.2738870990822477,0.037300177619893425,0.0
2020-12-28,11.0,11.26,-0.024714408817445504,-0.021921088211054856,-0.022298989943145595,0.5395268955310607,-0.023361349913173762,11.646,11.9805,12.638000000000002,0,28,12,11.66160522200733,12.497058011179877,37.62626262626263,-0.5997794317446434,-0.5917456375429314,13.029659563400168,10.93134043659983,0.02670255874867931,0.02728912425735377,0.024794829787922724,-23426209.0,-1.8691151169081395,0,0,-1,0,0,-0.006216696269982263,-1.0682262303636452,0.27816704921276236,0.4332014176901896,-0.09983633387888713,-0.21259842519685046,0.3764317335584727,0.03772727272727265,0.0
2020-12-29,11.11,11.0,-0.011685526229645056,0.003539826705124208,0.013257337026195604,0.5220598263615382,0.009950330853168092,11.611,11.873000000000001,12.534666666666665,1,29,12,11.561313363460542,12.40757039755537,34.65608465608466,-0.6063809963790909,-0.5946727093101634,12.804102346118679,10.941897653881323,0.02652899163844621,0.026039505461346642,0.024830186317005457,-20971832.0,-1.6389175758832208,0,0,-1,0,0,0.0054545454545455,-0.7893647625785059,0.3515124884547845,0.4133643342829887,-0.08257638315441784,-0.1621417797888386,0.3660152478830426,0.02790279027902795,0.0
2020-12-30,11.51,11.11,0.01168552622964506,0.035152241557306216,0.015322516992364402,0.13918302174779582,0.03537061908225278,11.629000000000001,11.8215,12.447333333333335,2,30,12,11.551983661013171,12.349662629971153,36.66666666666666,-0.5727340057493393,-0.5902849685979985,12.710243050902031,10.93275694909797,0.028945977177444206,0.025500480088561123,0.026091071080015314,-18150932.0,-0.700990009843325,0,0,-1,0,0,0.007200720072007207,-0.49634460348068693,0.4417429623396209,0.40480757176252247,-0.010318142734307867,-0.08213716108452951,0.22060943023126367,0.04735013032145959,0.0
2020-12-31,11.06,11.51,0.033395018881751434,-0.006417134320633429,-0.01805103164556842,-0.1097711087668303,-0.039881226639602474,11.549000000000001,11.754999999999999,12.341000000000001,3,31,12,11.462532086283504,12.266458589327852,34.8780487804878,-0.5757429560451257,-0.587376566087424,12.66345154550292,10.846548454497078,0.026831260608393838,0.02664438909648044,0.026591205152042535,-20678569.0,-1.5300761024414258,0,0,-1,0,0,0.005212858384013945,-0.6327521002502463,0.5097792445165172,0.4229665643071692,-0.05145797598627788,-0.10734463276836159,0.8220174012827259,0.06057866184448462,0.0
2021-01-04,11.46,11.06,-0.04056993755404663,0.007269649291277124,0.01177016757015403,0.05150805691270708,0.035527715192404705,11.501999999999999,11.7195,12.270666666666667,0,4,1,11.46207170695923,12.214429002919605,46.80306905370845,-0.5396303905384592,-0.577827330977631,12.615067447282394,10.823932552717606,0.029930202075824766,0.02801320847545136,0.026688107916157614,-18017327.0,-0.5795208407528742,0,0,-1,0,0,0.004520795660036069,-0.4924587717038276,0.5433459484303729,0.44469589830630685,0.017761989342806483,-0.058340180772391004,-0.3491416049663279,0.05453752181500872,0.0
2021-01-05,11.9,11.46,0.034501431717665745,0.020662763384316555,0.028395874155180766,0.24089592653243735,0.03767568883089006,11.47,11.715500000000002,12.214333333333334,1,5,1,11.541695032966643,12.19414326079576,55.36585365853657,-0.4700877208048784,-0.5562794089430805,12.606873275227501,10.824126724772503,0.031670815082278904,0.029270482524032596,0.027836419674856356,-14631193.0,0.4139679865383209,0,0,-1,0,0,0.003490401396160484,0.041447204925710183,0.5252712889594453,0.4646545050807146,0.08181818181818179,-0.006677796327211993,-1.654873272364149,0.04621848739495804,0.0
2021-01-06,11.48,11.9,0.028291642621090997,-0.012599914697007943,-0.0017513139327349518,-0.5749480898987769,-0.03593200922606333,11.407,11.6905,12.136,2,6,1,11.530477754245435,12.148069502034744,51.70842824601367,-0.4437498716312209,-0.5337735014807086,12.57867909526372,10.80232090473628,0.03334543690749623,0.030320190305431368,0.028090718531462094,-16536686.0,-0.47400350024562915,0,0,-1,0,0,-0.005882352941176494,-0.8695249392436335,0.6443805436228919,0.4813180995139376,0.033303330333033454,-0.04173622704507507,-0.6110956531413483,0.03658536585365853,0.0
2021-01-07,11.7,11.48,-0.023087814746063907,-0.004660038087813955,0.00785687149522016,0.2585944020853868,0.01898245091229003,11.414,11.662,12.059666666666667,3,7,1,11.561299980746265,12.11916179222605,48.0392156862745,-0.4005079684708761,-0.507120394878742,12.50743604445486,10.816563955545142,0.031667485460271566,0.030113726820484778,0.028286239024002728,-14068866.0,0.08989444026957961,0,0,-1,0,0,0.0069686411149825845,-0.46936733680085835,0.6070226086569118,0.47804059329803117,0.01650738488271064,-0.04645476772616142,-0.4539844068335909,0.023504273504273535,0.0
2021-01-08,11.02,11.7,0.028987536873252187,0.010559760215002253,-0.046271599287819744,0.8489565957412034,-0.05987703807894202,11.35,11.5855,11.960333333333333,4,8,1,11.462881802428761,12.048248128211467,40.29850746268656,-0.4163098053854668,-0.48895827698008704,12.367090147004841,10.803909852995158,0.03675140826422878,0.031990718983123216,0.02983397700383976,-19836672.0,-1.4470499715664835,0,0,-1,0,0,0.017094017094017186,1.6567164984220537,0.6997821314641096,0.5078369201489829,-0.003616636528029016,-0.12191235059760963,-0.6361944434650183,0.08348457350272231,0.0
2021-01-11,11.74,11.02,-0.06959329179919535,-0.01013522189404313,0.009066245237753042,-0.184252680664125,0.06329001067518207,11.398,11.557500000000001,11.885333333333334,0,11,1,11.513266929259895,12.028361152197824,45.31249999999999,-0.36650999322014144,-0.464468620228098,12.268226092772512,10.84677390722749,0.041170408774661715,0.03552229709865012,0.03265665174453869,-15039440.0,0.5135593074628084,0,0,-1,0,0,0.007259528130671513,1.0503217100044941,0.8156429301482786,0.5638989847246767,0.024432809773123898,-0.04552845528455285,-0.2628128183898244,0.05962521294718903,0.0
2021-01-12,11.78,11.74,0.04836107169342127,0.005080451232418914,0.03894297394860733,-1.0411773299628477,0.0034013638234902605,11.476,11.561,11.812333333333333,1,12,1,11.561763851212643,12.01233785205603,46.732673267326724,-0.3201254111165941,-0.43559997840579723,12.275567222722806,10.846432777277194,0.040001543672179736,0.03381934569715861,0.03268840187868156,-13345831.0,0.6129584258441516,0,0,-1,0,0,-0.007666098807495729,-0.977835287104619,0.7640044137280272,0.5368654693056241,-0.010084033613445453,0.00597779675491017,0.28523773676210024,0.02716468590831921,0.0
2021-01-13,12.14,11.78,0.021232220105774118,0.0454060661851916,0.02570835671020703,0.2414082041039037,0.03010260740791162,11.579,11.595,11.775,2,13,1,11.666897696446707,12.02057411966532,55.17241379310345,-0.25141811276063564,-0.39876360527676497,12.35273901909097,10.837260980909031,0.040661767595918,0.034018109607619806,0.03213971767635279,-11189798.0,1.4384899979251835,0,0,-1,0,0,0.01018675721561978,-0.5420984661829267,0.7201099634134106,0.5400207485657943,0.057491289198606355,0.05933682373472937,-0.8419656223327893,0.04695222405271831,0.0
2021-01-14,12.56,12.14,0.04437868719354953,0.01878927952037231,0.019271647958711828,0.8207960480778773,0.03401137540870049,11.684000000000001,11.6565,11.775666666666666,3,14,1,11.829279933456396,12.055375789364332,58.45864661654136,-0.16121817116824033,-0.35125451845506006,12.51644553071098,10.796554469289019,0.04056275167903801,0.034515018148610466,0.03127983495092598,-6290627.0,2.1012958791773944,0,0,-1,0,0,0.02471169686985164,1.7300742499432187,0.7378054252237065,0.5479089271086257,0.07350427350427369,0.10856134157105024,-1.0695210656523964,0.045780254777070005,0.0
2021-01-15,12.14,12.56,0.0,-0.005958309583630523,0.0016583751727761256,-0.6495393328505636,-0.034011375408700466,11.791999999999998,11.6705,11.767333333333333,4,15,1,11.885774491009778,12.060835415856957,58.23970037453185,-0.1222157306480618,-0.3054467608936604,12.553210538476325,10.787789461523676,0.03984259100898238,0.03415320458275144,0.031816679408816315,-8849397.0,1.0637688790040276,0,0,-1,0,0,-0.009554140127388614,-0.23755732940859398,0.5892288950788017,0.5421653148112308,0.10163339382940118,0.02360876897133224,-0.49891547122169533,0.0395387149917628,0.0
2021-01-19,12.48,12.14,-0.01131782493266146,0.004769484399035205,0.004133945531728111,0.1342200118364616,0.027621577309929368,11.894,11.698,11.777666666666667,1,19,1,11.993815492644364,12.087878292253283,63.65313653136533,-0.06314298402230456,-0.25698600551938927,12.64656345680153,10.74943654319847,0.0393291620665028,0.03464965634417154,0.032041690697667956,-5923074.0,1.6488090372716508,0,0,-1,0,0,0.013179571663920933,0.06849347082429086,0.4523478940096808,0.5500462422031762,0.0630323679727427,0.04610226320201183,-1.4141116477798548,0.039262820512820526,0.0
2021-01-20,12.69,12.48,0.01051364314424787,0.008685407935148085,0.010668956349567753,-0.12137246472463181,0.016686918785014517,11.972999999999999,11.7215,11.801333333333334,2,20,1,12.12039449398175,12.126724854043394,64.31159420289856,0.0006107973400109046,-0.20546664494750924,12.744854134310723,10.698145865689279,0.03812701446818634,0.034445318671267496,0.03199738082563072,-3331218.0,1.8927954019599076,0,0,-1,0,0,-0.004006410256410313,-0.20164598329933303,0.4450918974573998,0.5468024822072616,0.0772495755517828,0.038461538461538325,-1.9486448102779454,0.03703703703703709,0.0
2021-01-21,12.54,12.69,0.04021038355013482,0.02023415336396779,0.01344391807296516,0.20588966684108037,-0.011890746521521674,12.079,11.742999999999999,11.82,3,21,1,12.196686404166886,12.153387766685755,59.77229601518026,0.03858756852313583,-0.15665580225338024,12.817510414830526,10.668489585169471,0.035883196948447105,0.03450037430937403,0.03210077191941685,-6515618.0,1.4834663098648593,0,0,-1,0,0,0.019700551615445233,0.27969738111108955,0.4551878227540997,0.5476764633674728,0.03294892915980219,0.035507844756399676,-0.7056305419019612,0.04499202551834128,0.0
2021-01-22,12.81,12.54,-0.03060262349496147,-0.0023139231303972345,-0.007656615229773851,-0.47289790280234256,0.021302580703868406,12.190000000000001,11.802,11.838000000000001,4,22,1,12.308197967045633,12.195749846254417,67.19056974459724,0.0894401662475417,-0.10743660855319585,12.97541785979443,10.62858214020557,0.03596211210094733,0.03327545382188408,0.03204066426520435,-4531120.0,1.7180580499713756,0,0,-1,0,0,0.0007974481658693432,-0.700150052485377,0.4124272296802608,0.5282314534531143,0.019904458598726027,0.10146173688736027,-0.876628552287095,0.04909445745511318,0.0
2021-01-25,13.63,12.81,0.04924538211287968,0.05483912404885758,0.04511530299062631,0.9557647612583695,0.062047129799798435,12.451,11.9005,11.874,0,25,1,12.548525609400972,12.288282114238003,69.69147005444646,0.19367578935073837,-0.047214128972409015,13.32714088351857,10.473859116481428,0.0307336091684975,0.03574785895860822,0.03380091059226092,629882.0,2.4245765279549234,0,0,-1,0,0,0.02915690866510538,1.7279320113844212,0.4316348576541067,0.5674796682449387,0.1227347611202636,0.16895368782161246,0.42159424465017165,0.057982391782832,0.0
2021-01-26,13.54,13.63,0.03330719801776876,0.0021905813798186818,0.029077305519562627,0.263543929519219,-0.0066249782243123865,12.631,12.014500000000002,11.915333333333333,1,26,1,12.728793680418978,12.369038106867809,65.89147286821702,0.26595525714554213,0.015419748251181219,13.58297193488652,10.446028065113483,0.027707753133944798,0.03451996582538946,0.033572029679170445,-6087340.0,1.9452053505954123,0,0,-1,0,0,0.0,2.4000131107877762,0.47743953279387147,0.5479874690425741,0.08493589743589736,0.20248667850799285,1.0597906045849033,0.03249630723781398,0.0
2021-01-27,13.28,13.54,-0.04732388824690459,0.010159739059124477,-0.03216203700288734,0.17457034616364928,-0.019389123435841153,12.781,12.128499999999999,11.967666666666668,2,27,1,12.82901301125189,12.427809841908596,67.99999999999997,0.29881289992328774,0.07209837858560253,13.717796766034168,10.53920323396583,0.029590824099215752,0.034335276388879024,0.032435546506257254,-14085768.0,1.4490685749941858,0,0,-1,0,0,-0.03988183161004425,2.5462285947879684,0.541482201247947,0.5450556151298506,0.046493301812450705,0.20727272727272728,1.3128878040850582,0.07530120481927711,0.0
2021-01-28,13.22,13.28,0.006134988567515929,-0.03527184151949574,0.003883500026397612,-0.906189365419968,-0.004528309624747511,12.889,12.234,12.026333333333332,3,28,1,12.900101554660637,12.478918884366108,65.70247933884298,0.3163644673426216,0.12095159633700633,13.818748361230076,10.649251638769924,0.029282560705373866,0.03448887836432064,0.0321132355824882,-17317621.0,1.244361595975617,0,0,-1,0,0,-0.01506024096385537,-0.19573759757514622,0.5255445361493961,0.5474939708972911,0.05422647527910707,0.18991899189919015,1.295640221207484,0.03555219364599083,0.0
2021-01-29,13.13,13.22,-0.0015302221807675935,0.02365224818650564,0.005411686960726049,0.2422539120876539,-0.006831146108835363,12.945999999999998,12.315000000000001,12.086333333333332,4,29,1,12.941901271995064,12.520924117632811,74.82352941176471,0.3193309151230963,0.16062746009422435,13.909510319156043,10.72048968084396,0.028157194030829554,0.03406999911530629,0.03204291683282653,-21435382.0,1.0222574168492942,0,0,-1,0,0,-0.012102874432677772,0.2777721508759055,0.5284191622633725,0.5408444689637464,0.024980483996877467,0.14074717636837542,2.0589405155492213,0.05483625285605474,0.0
2021-02-01,13.5,13.13,0.0230852257425973,-0.003658986885041352,0.02593673745649571,-0.3266971124490913,0.02778999712967882,13.081999999999999,12.437000000000001,12.140999999999998,0,1,2,13.043373767995961,12.584090303591985,72.56410256410257,0.3475316258898715,0.19800829325335378,14.000277259309449,10.873722740690553,0.025473914026776956,0.032550425195154664,0.031388393858881196,-18465232.0,1.3599634916579817,0,0,-1,0,0,0.017897943640517854,-0.40047777231750625,0.28142718847355475,0.5167219808147421,-0.009537784299339713,0.22061482820976486,1.5989838992759737,0.024385185185185197,0.0
2021-02-02,13.59,13.5,0.008567755893278723,0.004389180418763187,-0.025166024508904202,0.4037350802435676,0.006644542718668511,13.193000000000001,12.5435,12.196333333333333,1,2,2,13.142760355633058,12.648987703360245,72.9113924050633,0.372845212662817,0.23297567713524642,14.116713606803591,10.970286393196409,0.024771425769740424,0.031990626121005346,0.03138962872025516,-14017708.0,1.330397849947723,0,0,-1,0,0,-0.00148148148148145,0.4086297530249877,0.2828942229131548,0.5078354460085622,0.0036927621861153614,0.18586387434554963,0.875466824219638,0.05298013245033104,0.0
2021-02-03,13.59,13.59,0.00812712267889129,0.0025514867131578908,0.03333642026759171,-0.2033628531815687,0.0,13.283000000000001,12.628,12.241999999999999,2,3,2,13.224076654608865,12.709698174111198,70.19498607242339,0.3884288465998793,0.264066311028173,14.236825658671687,11.019174341328313,0.02473907908561293,0.03128075681080796,0.03118245541641661,-14017708.0,1.1959033532499301,0,0,-1,0,0,0.0,-0.07674206472138939,0.22374889227664146,0.49656662005972674,0.02334337349397586,0.14201680672268902,1.567038974868215,0.02317880794701983,0.0
2021-02-04,14.02,13.59,0.059975144622727246,0.05624062840618973,0.019882984080344425,0.3134441222850237,0.03115065344339177,13.431000000000001,12.754999999999999,12.305666666666667,3,4,2,13.368789990134525,12.794233775781443,70.27777777777777,0.4305137011477207,0.2973557890520826,14.383153620063755,11.126846379936243,0.024854639915965853,0.03006045154117633,0.03147883560152868,-9052631.0,1.5539074254559155,0,0,-1,0,0,0.0618101545253863,0.6292858529496156,0.27192587294429604,0.47719487445756525,0.06051437216338873,0.2212543554006967,0.29058665066064737,0.0599215406562054,0.0
2021-02-05,14.49,14.02,-0.02100917608934332,0.014037668236231243,-0.004722775074572497,-0.3577763532213376,0.03297387472614704,13.599,12.894499999999999,12.401,4,5,2,13.572646355564611,12.903638048311674,82.1917808219178,0.4960729039855156,0.33709921203876925,14.617391999547758,11.17160800045224,0.025668940368718217,0.03044800044014537,0.030695961740999696,-5580903.0,1.8521184153374717,0,0,-1,0,0,0.007845934379458004,-0.29975468973609637,0.2463213725991936,0.4833470225028591,0.10357958872810347,0.2384615384615385,-0.6444766122339255,0.07660455486542439,0.0
2021-02-08,13.72,14.49,0.03954729708825454,-0.0016980815763117578,-0.012555556370438618,0.21651326767547494,-0.054604134034851856,13.608,13.029499999999999,12.469666666666667,0,8,2,13.599437927280135,12.956306561323824,65.19607843137254,0.48035919790133086,0.36575120921128157,14.544540037685437,11.514459962314561,0.02636705218867175,0.02986622659672733,0.03264705685944641,-9891885.0,0.9115270657201839,0,0,-1,0,0,0.014492753623188342,0.2647573649765427,0.556933890764279,0.4741116490490609,0.016296296296296253,0.2450090744101634,-1.3111717176196704,0.09147230320699713,0.0
2021-02-09,14.03,13.72,-0.06390380197948017,-0.04412736058759221,0.01768001853617241,-0.22258977056383503,0.022343271816630282,13.657,13.144,12.562,1,9,2,13.677721940501929,13.025577105754545,66.02870813397129,0.4873030555515996,0.3900615784793452,14.593419484519817,11.694580515480183,0.02704274398285825,0.027218403040698683,0.03187119504441753,-6441189.0,1.2225584235105347,0,0,-1,0,0,0.005102040816326422,-0.2364743587222789,0.5734450983527644,0.4320787531800779,0.032376747608535705,0.19505962521294706,-1.584461570139283,0.02708481824661433,0.0
2021-02-10,14.91,14.03,0.027183361897378674,0.08148994520478693,0.017731602617336306,0.34866502323194287,0.060834234662277505,13.819999999999999,13.3005,12.692333333333332,2,10,2,13.901772496774305,13.147152776351028,74.13441955193484,0.5573895188895399,0.42352716656138417,14.804690287514537,11.796309712485462,0.03133695334639966,0.029664123171751686,0.03283489333567998,-1550951.0,2.1400217955927263,0,0,-1,0,0,0.009978617248752713,0.6011167906562911,0.6873140596437272,0.4709033566394612,0.09713024282560712,0.26570458404074704,-1.525989457589596,0.08920187793427231,0.0
2021-02-11,17.2,14.91,0.04956279299332855,0.19025767498060744,0.060540222947329664,1.3686529886668597,0.14287725504276025,14.218,13.5535,12.895333333333333,3,11,2,14.50145022463352,13.408626790779994,81.67388167388168,0.7886266110330595,0.4965470554557193,15.769539853337344,11.337460146662655,0.053836569279882285,0.04328583103687276,0.041932737142203025,17667945.0,3.2910057953230303,0,0,-1,0,0,-0.0013413816230717353,3.9068539342575757,1.1869884413693361,0.6871412652979587,0.2268188302425107,0.41680395387149916,0.40327014500097325,0.21279069767441852,0.0
2021-02-12,18.72,17.2,0.14335288261717136,0.02512829354678372,0.11410006708279011,-1.111325430799547,0.08468308723003869,14.776999999999997,13.861500000000001,13.135666666666667,4,12,2,15.268459274700152,13.75129603008451,83.35517693315859,1.0820616363758955,0.6136499716397545,17.011599580715114,10.711400419284889,0.05540988618426996,0.04593293222261042,0.04386154840885122,23993315.0,3.084664389496574,0,0,-1,0,0,-0.0008662790697674885,0.3835514009804062,1.2203047543134304,0.729162693894075,0.2919254658385093,0.49044585987261136,-0.26650664824437426,0.125,0.0
2021-02-16,19.18,18.72,0.11787419574617149,0.08109811674247985,0.07874436751155586,0.4228357096770685,0.024275598405846303,15.344999999999999,14.2135,13.40633333333333,1,16,2,15.979648497481943,14.101534995885512,85.25000000000001,1.3363248427114431,0.7581849458540924,18.051801570664935,10.375198429335065,0.05548837032770223,0.044102335506270914,0.04256268024929849,33647623.0,2.5878633601682415,0,0,-1,0,0,0.03285256410256421,1.1563057019434442,0.8580937186341557,0.7001028719203604,0.3979591836734693,0.5799011532125204,0.993471651835667,0.1345151199165797,0.0
2021-02-17,17.13,19.18,-0.04036954969464601,-0.08215464087667987,-0.09943895875438899,-0.508572659284462,-0.11303675711926366,15.698999999999998,14.446000000000002,13.595333333333334,2,17,2,16.18880331612159,14.296919834860642,69.66292134831461,1.3567723708351753,0.877902430850309,18.403656935745335,10.488343064254668,0.07165935074883131,0.05289593638351014,0.04824846813384769,27841973.0,1.3563580894333018,0,0,-1,0,0,-0.031803962460896736,0.106216814307081,1.5364424429504613,0.8396969582199668,0.22095509622238052,0.37259615384615374,-0.9584358239523402,0.15528312901342675,0.0
2021-02-18,15.93,17.13,-0.12793128593275765,-0.12600916669313164,-0.03250286113040749,-0.4607044467436886,-0.07262718841407133,15.932999999999998,14.607999999999999,13.729666666666667,3,18,2,16.141748167735845,14.402279845514794,62.39707227813358,1.2616042248257298,0.9546427896453932,18.528078409527367,10.68792159047263,0.07762644338764439,0.05638589497519116,0.050417714161032905,24179542.0,0.6744763047529911,0,0,-1,0,0,-0.04611792177466428,-0.4825726209258484,1.7157758902051425,0.895098333336974,0.06841046277665996,0.25531914893617014,0.07339823574024636,0.05900816070307593,0.0
2021-02-19,16.37,15.93,0.00792445475769197,0.022520283451039822,0.03127209174427458,-0.3618835906048102,0.027246267461086444,16.168,14.799499999999998,13.892666666666665,4,19,2,16.183248500874782,14.529229532900938,64.36170212765958,1.2077647460453882,1.0052671809253924,18.668075013048018,10.93092498695198,0.07756232786196646,0.05616439671445301,0.04973031398837874,26729925.0,0.811926869559455,0,0,-1,0,0,0.03389830508474571,-0.7678783528330132,1.2610737041986428,0.8915821574544951,-0.048255813953488325,0.30542264752791093,-0.23765917773167408,0.05008552229688457,0.0
2021-02-22,15.05,16.37,-0.06522687781447947,-0.05604978824452313,-0.08376988306545859,0.9001404410216742,-0.08407240018815877,16.224,14.911499999999998,14.004333333333333,0,22,2,15.977203318897548,14.562827627552492,56.336876533115294,1.0465199721172525,1.0135177391637644,18.665561800237246,11.157438199762751,0.08326305087607341,0.060041052102813956,0.05256626409846986,20456114.0,0.07378674479533044,0,0,-1,0,0,-0.057422113622480224,0.17235870837461903,0.9965610876741167,0.9531221539123046,-0.1960470085470084,0.17486338797814205,0.3972644631288124,0.07940199335548162,0.0
2021-02-23,14.95,15.05,-0.09440326777740442,-0.07396491404804394,-0.09253532554235022,-0.0655841421256211,-0.006666691358189345,16.347,14.977499999999997,14.135333333333334,1,23,2,15.790439079097993,14.587806490291042,55.55555555555556,0.9002852350269208,0.9908712383363958,18.68279564130505,11.272204358694946,0.08080105796021424,0.058746998714742746,0.05109395959454572,14580563.0,-0.014843619868514586,0,0,-1,0,0,-0.06710963455149511,0.0538696981875903,0.8854558929596429,0.9325796932238427,-0.2205422314911366,0.09684519442406447,0.5476577741630737,0.09130434782608697,0.0
2021-02-24,15.07,14.95,0.06280090123903044,0.014908343040254617,0.06573134597965032,-0.824568245823824,0.007994712801708697,16.451,15.054000000000002,14.246333333333332,2,24,2,15.65945015562563,14.618915748981944,55.98705501618123,0.7850268485883198,0.9497023603867807,18.69698547319301,11.411014526806994,0.0807105899520298,0.05866956825403893,0.05007157467026829,17156547.0,0.008784004283154357,0,0,-1,0,0,0.0,-0.7792703531922492,0.7662416254128808,0.9313505227663019,-0.12025685931114993,0.11299852289512557,-0.349301381859516,0.044127405441274116,0.0
2021-02-25,14.95,15.07,0.007330922535052213,0.04595185928690907,0.0197486840444675,0.15018528347956278,-0.007994712801708699,16.455000000000002,15.1375,14.352,3,25,2,15.530459218239152,14.640276023241174,53.85892116182573,0.6762058694858428,0.8950030622065932,18.68457218035271,11.59042781964729,0.07865597546029762,0.05845901549146577,0.05016267519570976,14163126.0,-0.10572099493129324,0,0,-1,0,0,-0.0006635700066356859,-0.6012837084202933,0.6509823204963537,0.9280081012805447,-0.06151914626490895,0.12575301204819267,-1.5377726363471824,0.07290969899665552,0.0
2021-02-26,14.34,14.95,-0.010681009420334052,-0.03385823256544906,-0.042002731774745915,0.13712132796517904,-0.04165846466522113,16.169,15.1935,14.425333333333333,4,26,2,15.314012087650214,14.620903376580454,49.38474159146841,0.5345802491692506,0.8229184995991248,18.647244116325524,11.739755883674476,0.058825612070503415,0.059408354661125866,0.05080171306653691,10729770.0,-0.4942462274292909,0,0,-1,0,0,-0.0033444816053510994,-0.48596683190371465,0.5646699269401235,0.9430783933971837,-0.12400733048259016,0.08472012102874427,-1.1093734369139332,0.0815899581589958,0.0
2021-03-01,15.25,14.34,0.004018759594917655,0.007444604701624325,0.03862549114496072,-0.4254119196038407,0.06152666788194625,15.821999999999997,15.2995,14.514999999999999,0,1,3,15.302373526259267,14.66149025551075,56.20437956204379,0.4901205153124426,0.7563589027417884,18.61390540035393,11.985094599646072,0.054242583123941875,0.06069179517464316,0.05161311069056549,12973470.0,-0.029869610998530374,0,0,-1,0,0,0.043235704323570504,-0.7711652342472604,0.6051178953645215,0.9634523799250545,0.013289036544850363,0.16146230007616147,0.9863068308448731,0.04754098360655747,0.0
2021-03-02,15.17,15.25,0.016573133724870206,0.013771234448648268,0.02208186076459243,0.3365378149215678,-0.005259709692979729,15.421000000000001,15.383000000000001,14.616000000000001,1,2,3,15.278305612393945,14.694297335800378,54.71074380165289,0.44332020513616754,0.6937511632206643,18.588889974143896,12.177110025856106,0.05237278151401819,0.06060302623265148,0.05109108810512276,9832084.0,-0.13288041805419773,0,0,-1,0,0,-0.002622950819672075,-0.534931560576002,0.6037621512795401,0.9620432166571166,0.014715719063545185,0.12370370370370365,0.9588634616682253,0.04021094264996712,0.0
2021-03-03,14.34,15.17,0.005899722127188322,-0.027080958602670697,-0.058249053920012735,-0.7172470458632954,-0.05626695818896662,15.142000000000001,15.420499999999999,14.677999999999999,2,3,3,15.107704591958681,14.671439443168097,47.63485477178423,0.3353903871332644,0.6220790080031843,18.554829274342527,12.28617072565747,0.04505552344490256,0.06218476552138972,0.0522326488843793,8298792.0,-0.6894617032389805,0,0,-1,0,0,0.00856954515491106,-0.9048185721787007,0.7260115567491838,0.9871525494387661,-0.04844061048440618,0.05518763796909498,1.1068970164145668,0.07287308228730822,0.0
2021-03-04,13.73,14.34,-0.10826960861851007,-0.08309747766849349,-0.08220803404993045,0.8079954000742785,-0.04346961539159453,14.922,15.4275,14.712666666666667,3,4,3,14.857212847966192,14.610701414576608,33.269045323047266,0.19834690707818758,0.5373325878181849,18.54519736217386,12.309802637826143,0.04218366434300592,0.06306805688538637,0.05292604283389515,4858995.0,-1.0889446939881264,0,0,-1,0,0,-0.042538354253835384,-0.40438396086183787,0.7632786331131578,1.001174365144843,-0.08160535117056844,0.010301692420897846,1.5371044487403622,0.06919155134741437,0.0
2021-03-05,14.7,13.73,0.010145014546860528,0.043092143054794196,0.010606160029411298,0.176867581762757,0.06826427400481087,14.755,15.461499999999997,14.784666666666665,4,5,3,14.82862869379052,14.616462613636184,29.53156822810591,0.1660952129372788,0.46308511284200377,18.528995292322648,12.394004707677347,0.04860063354939397,0.06460514143224722,0.05420415781667961,8964300.0,-0.49649627949283964,0,0,-1,0,0,0.010196649672250459,-0.21936937488730623,0.9272987022303156,1.0255748258752884,0.025104602510460206,0.04850213980028539,0.22396192187967742,0.09727891156462584,0.0
2021-03-08,13.47,14.7,0.010756647279703865,-0.01646127705407185,0.0022581868835921063,-0.5675746798760455,-0.08738250336241789,14.597,15.410500000000003,14.806666666666667,0,8,3,14.581605294919516,14.542497283724172,23.04060434372049,0.0408143105426948,0.378630952382142,18.578281724272074,12.242718275727931,0.049100674889258504,0.06708486748630893,0.05656426897433759,6637008.0,-1.2251475441830904,0,0,-1,0,0,-0.04625850340136053,-0.661985048506097,0.9442960386380685,1.064939256626977,-0.11672131147540976,-0.07039337474120078,1.125608736695359,0.08611729769858946,0.0
2021-03-09,14.06,13.47,-0.010035926527785455,-0.016736792355523864,0.04196419909903199,0.2594760589980602,0.04286889596024619,14.508000000000001,15.4275,14.821,1,9,3,14.486767968570513,14.51136842670971,33.187294633077784,-0.010739835897991767,0.3007567947261153,18.560542073062457,12.294457926937541,0.05198410672738888,0.06666075357462675,0.05593189373578953,9653762.0,-0.8729534861709072,0,0,-1,0,0,0.030438010393466972,-0.4647012878772043,1.0598595677920606,1.058206656999734,-0.07317073170731703,0.02478134110787167,0.4662018477034674,0.024893314366998678,0.0
2021-03-10,13.69,14.06,0.04714203853884309,0.028424790656938176,-0.01379332213233576,-0.5074630936294563,-0.02666824708216141,14.370000000000001,15.410500000000003,14.826,2,10,3,14.341901065194055,14.458376915309085,36.50602409638555,-0.08052453939541948,0.22450052790180833,18.57895952940451,12.242040470595494,0.052169285342263595,0.06681313631576304,0.056158262482952054,7837613.0,-1.0860167119277422,0,0,-1,0,0,0.03485064011379802,-0.7430813862860185,1.007843455926733,1.0606256580226037,-0.04532775453277549,-0.0242337847469708,0.20548807962333038,0.06939371804236677,0.0
2021-03-11,14.29,13.69,-0.018031001675725643,-0.012490533247837806,0.02526298191996523,-0.2702235555858817,0.04289435264141854,14.303999999999998,15.379499999999998,14.859666666666666,3,11,3,14.332464507886044,14.447513888514951,37.70685579196216,-0.08641825821083593,0.1623167706792795,18.580542428893985,12.178457571106012,0.05471869783821577,0.06602134733661598,0.05652035635837401,9223714.0,-0.680715750697775,0,0,-1,0,0,0.04382761139517894,-0.7935701059911128,1.0058098889289897,1.0480563976446147,0.04078659868900214,-0.041582830315224695,-0.9057909991602341,0.02927921623512947,0.0
2021-03-12,14.21,14.29,-0.015515120815478298,-0.012424250295450147,-0.01652930195121047,-0.38028169690856833,-0.005614049832766597,14.291,15.23,14.892666666666667,4,12,3,14.310198233724945,14.432190411836567,44.182825484764535,-0.0964327871037014,0.11056685912268333,18.351342491199738,12.108657508800265,0.05313707315244504,0.05523531237969451,0.056526298896591796,8276080.0,-0.6535649342395278,0,0,-1,0,0,-0.015395381385584246,-1.2621787724397822,0.8477701255130378,0.8768334008738338,-0.033333333333333215,-0.1738372093023255,-0.6668010302160621,0.03307529908515122,0.0
2021-03-15,14.11,14.21,0.009901070982711537,0.00140056045303102,0.010093813169218686,-0.0358796079450717,-0.007062176244286769,14.177000000000001,14.999499999999998,14.925333333333333,0,15,3,14.273798554865863,14.411403933653563,44.182825484764535,-0.11115718681060471,0.06622204993602573,17.686305773247934,12.312694226752061,0.04829186083638871,0.050377010972800965,0.0565278188123644,7361844.0,-0.6621245263476782,0,0,-1,0,0,0.0,-1.1588019623975072,0.5106363888947641,0.7997102569728205,0.0475129918337045,-0.24626068376068377,0.30015695876040466,0.024805102763997142,0.0
2021-03-16,14.11,14.11,0.0028109646056502283,0.0337149235782797,0.001433692001848616,0.9110508057326118,0.0,14.071000000000002,14.745999999999999,14.945666666666666,1,16,3,14.244016999435704,14.391958518579141,43.239436619718305,-0.12142664883953991,0.02869231018091261,16.599547381303584,12.892452618696415,0.04833769632700753,0.04971264578270583,0.05634485916834155,7361844.0,-0.6862516776374026,0,0,-1,0,0,0.009922041105598908,-0.47921562279130125,0.41162828280753955,0.7891637865365013,0.0035561877667140696,-0.26433785192909287,1.3757311189202839,0.05811481218993611,0.0
2021-03-17,13.29,14.11,-0.027749912952902377,-0.06102642783412752,-0.06894170619747282,0.8915047758177503,-0.05987189313956865,13.966,14.553999999999998,14.935666666666666,2,17,3,14.070559363174667,14.320864420606295,39.35897435897436,-0.19350184958768502,-0.015746521772806915,16.14466222554947,12.963337774450526,0.04872772837735832,0.04597436893912519,0.05743015908801805,1816886.0,-1.5892751832506347,0,0,-1,0,0,-0.01771793054571226,1.6671561224206959,0.5742364895815069,0.729820481376346,-0.029218407596785956,-0.22416812609457093,-0.24013692791710048,0.06583897667419113,0.0
2021-03-18,12.64,13.29,-0.05486921024581423,-0.04298182257368503,-0.03474876254947449,-0.4319038133517115,-0.05014548400644253,13.857,14.389500000000002,14.904,3,18,3,13.810457660779273,14.212421554760729,39.158163265306115,-0.29961772653181384,-0.0725207627246083,16.059501260636303,12.7194987393637,0.04928964289660927,0.04478722416407155,0.058144430678088076,-1783299.0,-2.0952079992243964,0,0,-1,0,0,-0.012791572610985699,0.39417871762594126,0.433769894785548,0.7109751423062161,-0.11546536039188238,-0.20652856246076579,-0.6296874933519978,0.05814873417721514,0.0
2021-03-19,13.17,12.64,-0.03964763353911474,-0.009049835519917927,-0.004379859679302329,-0.779558036444621,0.041075127036478205,13.703999999999999,14.229500000000002,14.875666666666666,4,19,3,13.694010813364859,14.14516855122778,36.058981233243955,-0.33706329705462856,-0.12542926959061235,15.702062749981165,12.756937250018838,0.04489469957257779,0.04553695897323875,0.058372266300037785,-132223.0,-1.438987914115788,0,0,-1,0,0,-0.002373417721519077,-0.8407610676649929,0.6417175494879055,0.7228768134320454,-0.07318789584799446,-0.19547953573610266,0.3658750998195215,0.050873196659073645,0.0
2021-03-22,13.09,13.17,0.06076455698003749,0.023583350136085812,0.03374192201615178,-0.16181275899585684,-0.006092935833381069,13.666,14.131499999999999,14.829,0,22,3,13.584190665480339,14.077093160825987,36.058981233243955,-0.36894158396504473,-0.17413173246549885,15.63470744795236,12.628292552047638,0.036707047457055504,0.04237717147654532,0.05802415706452296,-1536629.0,-1.3857036185108176,0,0,-1,0,0,0.017463933181473077,-0.9509778751756086,0.6424520080337837,0.6727167419596726,-0.07228915662650603,-0.13023255813953494,0.34195541889209824,0.042398777692895316,0.0
2021-03-23,12.33,13.09,-0.018338773879456774,-0.026884246651002034,-0.061251747430948585,0.7236956637976506,-0.05981326274555566,13.493,14.000499999999999,14.782666666666668,1,23,3,13.356155999029367,13.964377473030762,36.40054127198916,-0.4503397679095009,-0.22937333955429928,15.65264342438462,12.348356575615378,0.036641372352873125,0.043942735150192404,0.05818107296534714,-4432570.0,-2.0222215279187594,0,0,-1,0,0,0.005080213903743282,0.28830594317587294,0.6917463510718379,0.6975692948123138,-0.1261516654854713,-0.17525083612040127,1.207333030510106,0.07838605028386049,0.0
2021-03-24,11.64,12.33,-0.06731667069903698,-0.05038760859858911,-0.05826890812397576,-0.14925907578424397,-0.057587874872961096,13.288,13.828999999999999,14.703000000000001,2,24,3,13.044127635569483,13.814417636061037,36.0107095046854,-0.5640239317644511,-0.2963034579963297,15.709950487610609,11.948049512389389,0.03901176850493031,0.04498043964757817,0.05880336783451347,-6926977.0,-2.3275466466751147,0,0,-1,0,0,-0.0024330900243308483,-0.0550675714865857,0.6855580381775568,0.7140423430190498,-0.12415349887133176,-0.22760451227604506,1.2229848825498273,0.0867697594501718,0.0
2021-03-25,11.26,11.64,-0.09726330542520702,-0.07724885233397057,-0.031804800870066395,-0.19242086400864084,-0.03319081959174755,12.985,13.644499999999999,14.581333333333333,3,25,3,12.719740792738667,13.64961649825065,25.0,-0.6769784882688761,-0.37243846405083897,15.770415035188984,11.518584964811014,0.03316961628411426,0.045205740695623595,0.05760653504894474,-8984762.0,-2.2432693315874004,0,0,-1,0,0,-0.04123711340206189,-0.39170784129100106,0.6596795362414447,0.7176188862785523,-0.10917721518987344,-0.2468227424749163,1.0533857264528914,0.03907637655417402,0.0
2021-03-26,10.55,11.26,0.011581421208405687,-0.01216348619319735,-0.09998897185591547,0.6476693517241482,-0.06513076278946878,12.619,13.455000000000002,14.359666666666667,4,26,3,12.32524246678618,13.449641240298995,27.044025157232696,-0.8143989699943521,-0.46083056523954163,15.961484222550624,10.94851577744938,0.0347500127885347,0.046186623354868436,0.04972613135778019,-12917357.0,-2.3179878603375728,0,0,-1,0,0,0.0026642984014209024,1.1792978038052595,0.3779635537150409,0.7331899157687377,-0.1989369779802581,-0.26429567642956764,1.200304962502647,0.12890995260663501,0.0
2021-03-29,10.55,10.55,-0.060237185807713964,-0.049271049006782676,0.03652707023737432,-0.44892672438803877,0.0,12.263000000000002,13.220000000000002,14.087333333333333,0,29,3,12.002471109188692,13.26256761189261,19.584055459272093,-0.912783689636882,-0.5512211901190097,15.893621632089966,10.54637836791004,0.035306341884110526,0.04261116555456964,0.045861379184187125,-12917357.0,-1.9972908417208384,0,0,-1,0,0,0.007582938388625599,-0.0333605652929196,0.41605283352136757,0.6764312827919577,-0.19404125286478224,-0.30819672131147535,1.3481697171337663,0.0412322274881517,0.0
2021-03-30,10.21,10.55,-0.012304935190378976,-0.03124525564458528,-0.03355529984821693,0.8495847356973512,-0.032758227745501314,11.873000000000001,12.972,13.788333333333334,1,30,3,11.676567271154385,13.065627765964054,19.686411149825773,-1.0065861487341703,-0.6422941818420419,15.799746731754418,10.144253268245581,0.03390037176766938,0.042633668406669906,0.04521534282755783,-18787961.0,-1.9534988540408431,0,0,-1,0,0,-0.004739336492891062,2.286578514044137,0.39278386757132044,0.6767885044946396,-0.1719383617193836,-0.32696110744891227,0.6796179191578771,0.04358472086190012,0.0
2021-03-31,10.41,10.21,-0.01535538808319465,-0.0042724964114241575,0.006899978089996616,-0.6137957689619042,0.01939925045030332,11.584999999999999,12.7755,13.564333333333332,2,31,3,11.446282312762678,12.89429694235347,13.670411985018717,-1.0526526206909157,-0.7243658696118167,15.745592856957133,9.805407143042865,0.03591931192224366,0.04257087965237645,0.04263801395581044,-15610248.0,-1.5928794916017939,0,0,-1,0,0,0.012732615083251615,0.2989452769151369,0.5092552080263041,0.6757917639206874,-0.10567010309278357,-0.2740585774058577,0.0884019042933966,0.03170028818443805,0.0
2021-04-01,10.56,10.41,0.04630019193261628,0.03459905653893686,0.030473942150219528,0.30372896461270954,0.01430639565123793,11.376999999999999,12.617,13.385333333333334,3,1,4,11.285140074078553,12.74369713962099,16.26617375231052,-1.0647827326719437,-0.7924492422238422,15.70847622717017,9.525523772829832,0.03652637625879875,0.042537950997569796,0.041695164134366615,-11304759.0,-1.3307558259200378,0,0,-1,0,0,0.04034582132564841,1.0632858594598857,0.5530352323118785,0.6752690377309296,-0.06216696269982236,-0.23088128186453016,-0.8469632877937167,0.03645833333333348,0.0
2021-04-05,10.38,10.56,0.0,-0.004606180414897364,-0.032440511122260415,-0.8282264672746423,-0.017192400540372764,11.098,12.401,13.185666666666668,0,5,4,11.120569151518815,12.591200549968024,16.02914389799635,-1.0765110798630975,-0.8492616097516932,15.483342922962537,9.318657077037463,0.030115088594070208,0.03780829978370199,0.04099497713001066,-13185497.0,-1.311340139959218,0,0,-1,0,0,0.025568181818181778,-0.5917864713312024,0.3435862328217602,0.6001881523311157,-0.016113744075829328,-0.293877551020408,-0.4355930993128657,0.06454720616570327,0.0
2021-04-06,10.63,10.38,-0.04051425486557222,0.0009229349986008987,0.002948405084297607,0.673278502541945,0.023799314616114085,10.852,12.259,13.038333333333334,1,6,4,11.031374760333575,12.464671482228152,19.686411149825773,-1.0534890033904905,-0.8901070884794526,15.395185413423258,9.122814586576743,0.033347116931353955,0.035337954661829984,0.03958166901673792,-9498019.0,-1.0388416405660714,0,0,-1,0,0,0.0019267822736030416,0.6569038893021588,0.3956745648043444,0.5609726392612665,0.007582938388625671,-0.21083890126206384,-0.7294125558302985,0.06114769520225779,0.0
2021-04-07,10.38,10.63,0.011472401162236781,-0.028539948755347717,-0.007881814202253368,-0.13109004095441146,-0.023799314616114006,10.657,12.075,12.886000000000001,2,7,4,10.912942985727469,12.330176547890852,21.856866537717607,-1.0433892112436833,-0.9207635130322988,15.198065295844074,8.951934704155924,0.030657805766509214,0.032951881615509625,0.03964099167340112,-12732449.0,-1.0854720215139715,0,0,-1,0,0,-0.010348071495766812,0.32464241252938,0.3508315691024427,0.5230949039176787,0.016650342801175277,-0.26173541963015645,-0.5493850085036733,0.04094412331406558,0.0
2021-04-08,10.66,10.38,-0.0009510224207039691,0.02020270731751947,-0.0029717703891574817,0.6472313870671327,0.026617540999955926,10.559000000000001,11.9235,12.738999999999999,3,8,4,10.866953351958836,12.222423222220476,29.374999999999986,-1.0012496110005316,-0.9368607326259454,15.010459157829212,8.83654084217079,0.030049782168721853,0.03408434953391959,0.04010814396214674,-6553896.0,-0.8186049347594931,0,0,-1,0,0,0.012524084778419941,2.0221551906468305,0.375236310278324,0.5410722747969091,0.02401536983669539,-0.2213294375456537,-0.4853656073514481,0.06285178236397748,0.0
2021-04-09,10.3,10.66,0.02490145110095174,0.0037140246963713874,0.013303965626362886,-0.5035221102454779,-0.034354523502108346,10.463000000000001,11.724,12.584,4,9,4,10.763870924329956,12.09839591756109,19.006479481641463,-0.9855419514254073,-0.9465969763858377,14.679946014748175,8.768053985251825,0.0301528098809184,0.03174671856126804,0.04032377634804698,-10288202.0,-0.9634817367402521,0,0,-1,0,0,0.010787992495309588,0.4039184485354912,0.4478416102817132,0.503963533532841,-0.024621212121212155,-0.27921623512946103,0.4098500448554402,0.05582524271844653,0.0
2021-04-12,9.94,10.3,-0.052882051214253066,-0.05134207368562603,-0.04454076221489409,-0.06520767783494037,-0.035576874567107564,10.402000000000001,11.5105,12.437333333333333,0,12,4,10.614076210815417,11.95914456804102,17.922606924643574,-0.9907220819414739,-0.9554219974969651,14.323795314451743,8.697204685548257,0.025439901043910463,0.031930598774607376,0.04019135341257981,-13786772.0,-1.1164842822809453,0,0,-1,0,0,-0.0077669902912621425,0.17698076459071777,0.49464767737247034,0.5068825414259692,-0.04238921001926799,-0.3004926108374385,0.5251957467327749,0.04828973843058355,0.0
2021-04-13,10.15,9.94,-0.026774033605057115,-0.0004879238935542192,0.013218291085853016,-0.550929487452715,0.02090668481931386,10.362,11.3125,12.267333333333335,1,13,4,10.529698717939887,11.842425563651277,25.0,-0.9667381718678332,-0.9576852323711388,13.904145484203003,8.720854515796997,0.026801638988539104,0.03300620197179569,0.03816614636459447,-11770148.0,-0.8971134417001472,0,0,-1,0,0,0.0010060362173038016,-0.9326179974336781,0.4827742174117756,0.5239572128408467,-0.045155221072436524,-0.28065201984408217,0.5370470179282235,0.033990147783251115,0.0
2021-04-14,10.0,10.15,0.023834296064132017,-0.0024431969153045625,-0.004555816535860691,0.17030442806789559,-0.014888612493750637,10.341000000000001,11.107000000000001,12.095,2,14,4,10.433389860132634,11.723559398254421,28.534031413612567,-0.948896211874322,-0.9559274282717755,13.399138509638707,8.814861490361295,0.025248949992418335,0.03279837779721465,0.03814102779652725,-14161190.0,-0.9659102147142842,0,0,-1,0,0,0.003940886699507305,-0.6663883218055973,0.46983304417456595,0.5206581063466346,-0.036608863198458685,-0.2912827781715095,0.3344918247315418,0.03650000000000002,0.0
2021-04-15,9.75,10.0,-0.006893183375313989,-0.009832920916239057,-0.016368651910068397,-0.3344975598162883,-0.025317807984289897,10.275000000000002,10.93,11.942000000000002,3,15,4,10.309137158290337,11.596232985463814,29.53929539295393,-0.94404685618853,-0.9535513138551265,13.05282830205373,8.80717169794627,0.024990228942256675,0.0313954982050574,0.03740142075117303,-15872453.0,-1.1117243903884346,0,0,-1,0,0,0.011999999999999922,-1.072630343435557,0.36588788338049216,0.4983880832253398,-0.08536585365853655,-0.2663656884875846,1.6145703576355726,0.04358974358974348,0.0
2021-04-16,10.16,9.75,-0.02501381041392924,0.0059113472630571645,0.003603607503298618,-0.28110608065513776,0.04119115714058014,10.235000000000001,10.806000000000001,11.823,4,16,4,10.282021311328457,11.503572792853246,44.24778761061946,-0.8967825820052031,-0.9421975674851419,12.793682067132549,8.818317932867453,0.028771580134411355,0.03276708241737629,0.03820715802169116,-14580538.0,-0.6500033488071132,0,0,-1,0,0,0.012307692307692228,-1.2522942548866525,0.5176261145681613,0.5201613075932089,-0.013592233009708798,-0.19620253164556967,0.6222946005973407,0.044291338582677094,0.0
2021-04-19,10.25,10.16,0.02224317733342127,0.04325518123147989,0.0365291345808976,0.5172730219524841,0.008819263434081336,10.222,10.66,11.674666666666667,0,19,4,10.276199254723283,11.4226971287982,45.68965517241379,-0.8423529360552475,-0.9222286411991631,12.318217178335406,9.001782821664595,0.028580266808955895,0.030763307053313583,0.035305302657949164,-12413419.0,-0.4945069986689886,0,0,-1,0,0,-0.006692913385826733,-0.6385670461554025,0.4295222515631345,0.4883523598139219,0.03118712273641866,-0.22171602126044043,0.16008667120821848,0.052487804878048806,0.0
2021-04-20,10.02,10.25,0.013581549184723825,-0.027225214852195694,-0.016686204205557137,-0.4714934430563211,-0.022694609927698464,10.161,10.5065,11.559666666666665,1,20,4,10.229617572046322,11.332200539843479,47.18100890207713,-0.8084567412391248,-0.8994742612071555,11.728616800344602,9.2843831996554,0.027839706921204535,0.030814999624912694,0.03264916072114978,-13765852.0,-0.7961595812492273,0,0,-1,0,0,-0.0019512195121950803,-1.2420170361609912,0.4467563365861111,0.48917295394840576,-0.012807881773399088,-0.23453017570664636,1.2422659384774604,0.041866267465069794,0.0
2021-04-21,10.16,10.02,-0.0268378738956529,-0.015048130267027478,-0.012674440896727824,-0.050962055480008685,0.013875346493617238,10.139,10.398,11.429666666666666,2,21,4,10.216959831674263,11.256574698563256,46.22356495468278,-0.7615186200442796,-0.8718831329745803,11.275066882164515,9.520933117835485,0.027674180415368822,0.029427154565476264,0.03140698993324613,-12480615.0,-0.542718018066396,0,0,-1,0,0,-0.006077844311377263,-1.1835800438326423,0.4426155168059616,0.46714159663505506,0.016000000000000014,-0.17599351175993516,0.3479768945094685,0.03838582677165343,0.0
2021-04-22,9.99,10.16,0.02879099951653488,0.04274360141756709,0.017699577099400857,0.3374250253276434,-0.016873849489873652,10.072,10.3155,11.306333333333333,3,22,4,10.175694407733488,11.174860201881756,41.44144144144144,-0.729626717455222,-0.8434318498707087,10.986978337621583,9.644021662378417,0.026027901214875155,0.0273838871383411,0.031286867052814596,-14281662.0,-0.969502608685608,0,0,-1,0,0,0.008858267716535419,-0.7784109824906611,0.41191769507837944,0.4347057317898645,0.024615384615384706,-0.14175257731958768,0.4667815693842268,0.06606606606606608,0.0
2021-04-23,10.5,9.99,-0.0009760859730554598,-0.009922122506316477,0.015419355484665,-0.6679385650267926,0.04979066450301561,10.092,10.2775,11.180000000000001,4,23,4,10.234659060872854,11.131320834018418,51.63934426229507,-0.6556415890170122,-0.8058737976999695,10.791468051434174,9.763531948565825,0.029607429439009833,0.029604664332252336,0.031739683363104655,-13358149.0,0.8658125709531428,0,0,-1,0,0,0.025025025025025023,-1.304908771639942,0.46434078216531355,0.46995947682410244,0.0334645669291338,-0.06749555950266428,0.7915019035092468,0.03809523809523796,0.0
2021-04-26,10.62,10.5,0.012615402630074235,0.00851068966790861,0.020518550819690912,-0.3837817965730752,0.011363758650315003,10.16,10.281,11.060333333333334,0,26,4,10.304721049805062,11.098332393114005,49.85835694050989,-0.5806316839555432,-0.7608253749510843,10.803661206559672,9.758338793440329,0.026600917637443253,0.02614424422108193,0.0319675136093132,-12728978.0,1.297207429001317,0,0,-1,0,0,-0.012380952380952456,-1.341546908391566,0.4653664388858702,0.4150270105483222,0.03609756097560979,0.006635071090047351,0.6999682968781354,0.026365348399246646,0.0
2021-04-27,10.47,10.62,0.01910277764071044,0.006569709223161041,0.0077071672449377385,0.26279783023855124,-0.0142249909313471,10.191999999999998,10.277000000000001,10.939,1,27,4,10.334771768022323,11.057794819364714,51.31195335276968,-0.5272121664976357,-0.7141027332603946,10.792163745046983,9.76183625495302,0.02684861143423076,0.026352775785224252,0.03197745912843856,-13547255.0,0.749276329538284,0,0,-1,0,0,-0.0047080979284368114,-1.1218375916954395,0.43443127489118855,0.4183373465036896,0.04491017964071875,-0.00758293838862556,0.8949465623673697,0.025787965616045804,0.0
2021-04-28,10.49,10.47,-0.012375217427653702,-0.004688241123455382,-0.021339316034995493,0.35393789739406933,0.001908397525760169,10.241,10.291,10.818333333333333,2,28,4,10.362995082927355,11.021162895534733,47.3186119873817,-0.4777557107514365,-0.666833328758603,10.813661206559672,9.768338793440329,0.02609936074895336,0.02524118778551376,0.03199871205656702,-12381483.0,0.7614875468178843,0,0,-1,0,0,-0.002865329512894091,-0.8458026755237686,0.43438176839676895,0.40069143405810337,0.032480314960629864,0.027424094025465084,1.3275377907619148,0.04194470924690193,0.0
2021-04-29,9.58,10.49,0.000957395956327247,-0.01324522675002068,-0.0658465657975864,1.1359722526924048,-0.09074483042543662,10.224,10.249500000000001,10.694666666666667,3,29,4,10.220632340576927,10.928184644209912,40.32258064516128,-0.5061558584061085,-0.6346978346881041,10.857256010600766,9.641743989399236,0.03841191240014326,0.03165064265724658,0.033875957446605424,-16011930.0,-2.203186766802033,0,0,-1,0,0,-0.0038131553860820708,0.8694923426423538,0.8015916221107564,0.502438375838682,-0.041041041041041004,-0.07973102785782904,-0.9575457058073858,0.0991649269311064,0.0
2021-04-30,9.11,9.58,-0.08379775542861888,-0.07814688683043038,-0.05488198008855389,0.13869142107650756,-0.05030488071090228,10.119,10.177,10.577,4,30,4,10.018699187744758,10.810882409099596,39.1644908616188,-0.5601314059030038,-0.6197845489310841,10.951789614907636,9.402210385092364,0.03784683704367515,0.03290058645264234,0.033881927512185515,-20182477.0,-2.754296081077954,0,0,-1,0,0,0.003131524008350664,1.2594397799982406,0.6416166647296281,0.5222806184512343,-0.1323809523809525,-0.1373106060606062,-0.8502583130759997,0.07362239297475304,0.0
2021-05-03,8.75,9.11,-0.04360073892720648,-0.04644499075528363,-0.039486235126784376,-0.4099864729386671,-0.040319010902343806,9.969,10.0955,10.429666666666666,0,3,5,9.788026608154802,10.677922253673817,32.41206030150752,-0.6247546250996816,-0.6207785641648036,11.091671090779872,9.099328909220127,0.03823147440203966,0.033642945572031804,0.032798816614365345,-22950299.0,-2.7013431978770766,0,0,-1,0,0,0.009879253567508219,0.24291221864905263,0.541992715359606,0.5340652041316669,-0.17608286252354044,-0.15703275529865135,-0.4910936068313798,0.0662857142857143,0.0
2021-05-04,8.63,8.75,-0.05129329438755046,-0.027339045503231546,-0.012739025777429714,0.2535562373842204,-0.013809195274186448,9.83,9.9955,10.281,1,4,5,9.577476315763018,10.545798237307764,32.65822784810126,-0.6778382911358278,-0.6321905095590085,11.154055816069155,8.836944183930845,0.038142958027894164,0.03279920966289814,0.032772770304403544,-26516914.0,-2.3572450823007944,0,0,-1,0,0,-0.0011428571428571184,0.8126192324953291,0.5431138108960313,0.520671311804971,-0.1757402101241643,-0.1881467544684854,-0.49292150455211964,0.0509849362688296,0.0
2021-05-05,8.5,8.63,-0.02197890671877523,-0.026967926427507,-0.012903404835907841,-0.019264082291132318,-0.015178341599065873,9.664,9.9015,10.153333333333334,2,5,5,9.381571531078832,10.413811254255652,33.68146214099217,-0.7220737754531985,-0.6501671627378465,11.222397222983115,8.580602777016885,0.03684718664265313,0.03266798346346785,0.03166771478344637,-30015479.0,-2.1220424657035046,0,0,-1,0,0,-0.009269988412514491,0.750297976638713,0.47472533747600326,0.5185881604698386,-0.1897044804575787,-0.18111753371868988,-0.9415397296564335,0.03647058823529397,0.0
2021-05-06,8.46,8.5,-0.010582109330536972,-0.025376217493374417,-0.02631730831737353,-0.14789040818723875,-0.004716989878138798,9.511,9.7915,10.047333333333334,3,6,5,9.21401307088268,10.287758915271418,25.433526011560687,-0.7516933284032401,-0.6704723958709252,11.209300743182451,8.373699256817547,0.037054646641368726,0.03155928943128128,0.030568244241953018,-33033081.0,-1.8782611116584138,0,0,-1,0,0,-0.004705882352941076,0.6589052076733999,0.29971667942154895,0.500988188334476,-0.1169102296450939,-0.20637898686679168,-0.540263342053334,0.036643026004728185,0.0
2021-05-07,8.57,8.46,0.004716989878138867,0.032186686495901284,0.027497249457222046,-0.2837082297705003,0.012918558991556474,9.318,9.705,9.957666666666666,4,7,5,9.096919785267648,10.176935759447456,25.862068965517224,-0.7575582963452572,-0.6878895759657916,11.20110722948108,8.20889277051892,0.03085632594095594,0.03151688453217283,0.030544486569283477,-30760868.0,-1.5172709250174148,0,0,-1,0,0,0.004728132387706754,0.06809427714811987,0.3020157620609736,0.5003150314300054,-0.059275521405049325,-0.16796116504854375,-0.2936399060305109,0.042007001166861076,0.0
2021-05-10,7.77,8.57,-0.008269391482506742,-0.04393770303141999,-0.09001760643855614,0.4540779662838438,-0.09799756823013242,9.033000000000001,9.5965,9.865,0,10,5,8.855661642491711,10.02164958141859,22.2222222222222,-0.8173378775380602,-0.7137792362802453,11.318533987072227,7.874466012927774,0.036415603622505156,0.036405642479343005,0.03282263919291093,-34338969.0,-2.1213286308075565,0,0,-1,0,0,-0.016336056009334955,1.2694153830595973,0.6510845153499049,0.5779216579192231,-0.1120000000000001,-0.21830985915492962,-1.8044320741504676,0.09137709137709149,0.0
2021-05-11,8.3,7.77,-0.11024920875283074,0.01523792086673095,-0.05027513716401043,0.2589075407779233,0.06598535042299632,8.816,9.504000000000001,9.79,1,11,5,8.754632252947763,9.910575414875455,29.05405405405405,-0.8125801377029287,-0.7335394165647819,11.298088538565146,7.709911461434857,0.047926926292694814,0.03997971726852562,0.03574385390182253,-29703489.0,-1.3421857105925465,0,0,-1,0,0,-0.028314028314028284,1.9014150545141721,0.9249983730557411,0.63465833627516,-0.03823870220162229,-0.18226600985221675,-0.4972620773965289,0.1469759036144578,0.0
2021-05-12,8.15,8.3,0.06536599325760374,0.02530034546322533,0.08202383547859064,-0.22198334160251207,-0.0182375875497809,8.581999999999999,9.4115,9.721333333333332,2,12,5,8.64469911604817,9.796989904238329,29.18552036199094,-0.8115582032144015,-0.7491431738947059,11.286838846575192,7.536161153424809,0.04723530144168458,0.04001051752909024,0.035496513027269916,-33416178.0,-1.345356869563913,0,0,-1,0,0,-0.02891566265060243,1.0509028671388192,0.9270219044305423,0.6351472752537798,-0.04117647058823526,-0.18499999999999994,-0.4444653910659758,0.09938650306748471,0.0
2021-05-13,7.47,8.15,0.006184311608784522,-0.06204447155091996,-0.07999062569649283,-0.7003042199688129,-0.08712292810804548,8.371,9.297500000000001,9.623333333333335,3,13,5,8.431117458584865,9.646861523319728,16.993464052287578,-0.8557540300029984,-0.7704653451163644,11.35458915447872,7.240410845521282,0.046754596333740094,0.04321483128256984,0.03776045904268464,-35259284.0,-1.7767824948385407,0,0,-1,0,0,-0.004907975460122812,-0.45213286095090904,1.0719986406043733,0.6860141791397654,-0.1170212765957448,-0.23384615384615393,0.3001970230934487,0.1198125836680053,0.0
2021-05-14,7.84,7.47,-0.06494962083503616,-0.026929411878631293,0.02869733130894215,0.01750787238400965,0.048343835217590496,8.244,9.1815,9.532666666666668,4,14,5,8.32364155702398,9.530289812137811,21.2809917355372,-0.8511125378287865,-0.7865947836588489,11.294689407905619,7.068310592094381,0.050985882776042546,0.043739382931059924,0.03907452248954067,-33383625.0,-1.2696448268965725,0,0,-1,0,0,0.017402945113788475,-0.45706967030791573,1.175113429650053,0.6943411784100478,-0.0851808634772463,-0.22834645669291342,0.07313988431655064,0.05867346938775521,0.0
2021-05-17,7.87,7.84,0.022121917087270692,-0.012748410564102136,-0.011353683513099518,0.055974988816394865,0.003819228066995397,8.156,9.0625,9.449,0,17,5,8.24116127392871,9.423174340386986,22.45762711864407,-0.8353835905375533,-0.7963525450345899,11.190339279645032,6.934660720354968,0.05038718382917501,0.0436277246110802,0.03911447498824158,-31399982.0,-1.1208553309523768,0,0,-1,0,0,-0.008928571428571465,-0.3606066486874189,0.950098628492411,0.6925686575311821,0.012870012870012992,-0.2321951219512195,-0.6230547614739272,0.056378653113087755,0.0
2021-05-18,7.92,7.87,-0.013827463999303995,0.03362086873454358,0.0021004780326163326,-0.041029063462232576,0.006333143397022599,8.085,8.9575,9.358666666666666,1,18,5,8.18276831503258,9.3261953506846,22.94736842105263,-0.809551696328894,-0.7989923752934507,11.09363398948964,6.82136601051036,0.05059443255368124,0.04374700583828846,0.03873834105094917,-29496079.0,-0.9713810136487525,0,0,-1,0,0,-0.026264294790343146,-0.4551824326381833,0.7714702024823814,0.694462188310812,-0.04578313253012056,-0.20958083832335328,-0.8170640678703512,0.08838383838383841,0.0
2021-05-19,7.8,7.92,0.017681033315294015,-0.013455860515392002,0.026860442213227212,0.15525029614478045,-0.01526747213078842,8.015,8.8395,9.272666666666668,2,19,5,8.113174075935747,9.227731134511401,27.52525252525254,-0.7896600219907253,-0.7971259046329057,10.956593091457016,6.7224069085429825,0.050595923339165294,0.04336339852249226,0.03866042265936666,-31719743.0,-0.9820068887803126,0,0,-1,0,0,-0.015151515151515166,-0.23523075480041597,0.7694294587254815,0.6883726109586015,-0.042944785276073705,-0.23228346456692917,-0.8816398312217772,0.04935897435897422,0.0
2021-05-20,7.62,7.8,-0.023347363996991062,-0.006176671891729062,-0.01892389261749093,0.35583224047958883,-0.023347363996991062,7.931,8.721,9.171333333333335,3,20,5,8.023506062129247,9.124006545188086,29.70027247956405,-0.7794353766033773,-0.793587799027,10.832252060545635,6.6097479394543655,0.050821100917079136,0.04342133015504028,0.03814234259783249,-34893730.0,-1.042982996275164,0,0,-1,0,0,-0.02307692307692304,0.5141582399263347,0.4474656148794432,0.6892922471151977,0.02008032128514059,-0.23723723723723722,1.2037115306407224,0.06299212598425202,0.0
2021-05-21,7.36,7.62,0.009144413818997832,-0.043044619682526784,-0.03758831764585151,-0.005162979798143007,-0.03471643695777005,7.8100000000000005,8.564,9.073333333333332,4,21,5,7.902868596287565,9.010199671304985,30.532212885154067,-0.7832829008542763,-0.7915268193924554,10.583227575089122,6.544772424910878,0.05071662567072657,0.0409639275968535,0.03814977859697242,-38051372.0,-1.1925352197578416,0,0,-1,0,0,0.009186351706036783,0.4270391472996099,0.27590794556548537,0.6502821908743808,-0.061224489795918324,-0.299047619047619,-0.03929192793556785,0.057065217391304456,0.0
2021-05-24,7.24,7.36,-0.034394924787884903,-0.039583003869662875,-0.026335548337802637,-0.8247602653999289,-0.016438726343159835,7.757,8.395,8.983333333333333,0,24,5,7.782347033326189,8.895993240898212,30.532212885154067,-0.7869436916394053,-0.7906101938418454,10.248684808272795,6.541315191727204,0.042497090088462496,0.04042413380377409,0.03788738006864542,-39435493.0,-1.2461665487523643,0,0,-1,0,0,0.009510869565217309,-1.2670365587574517,0.23517127256768547,0.6417132300599144,-0.08005082592121981,-0.3182674199623351,0.7788360269960004,0.042817679558010996,0.0
2021-05-25,7.58,7.24,-0.010825545504922447,0.06007027612811501,0.029067790474675823,1.1921731283345136,0.045891993256655335,7.685,8.2505,8.897666666666664,1,25,5,7.745556663630517,8.811090451162844,37.830687830687836,-0.7537213061674768,-0.7832324163069717,9.857242045258138,6.643757954741863,0.0387254900335159,0.042974004375845934,0.038894824470350524,-34875877.0,-0.8346081463154575,0,0,-1,0,0,0.015193370165745778,1.6051111943303449,0.5051167259855852,0.682191170514539,-0.04292929292929293,-0.2760267430754537,1.9134877199334006,0.07387862796833768,0.0
2021-05-26,7.7,7.58,0.04652001563489291,-0.011472401162236807,0.024259949877483245,-0.8016968650113725,0.015707129205357877,7.639999999999999,8.111,8.821,2,26,5,7.737273633879514,8.739407196249113,40.15544041450777,-0.7095303055137716,-0.7684919941483317,9.338850496642637,6.883149503357364,0.03926003999105819,0.043375329213274715,0.039137151443760544,-32830583.0,-0.6694626114886385,0,0,-1,0,0,0.015831134564643815,-0.9337490166759785,0.5262377074420163,0.6885620048032789,-0.012820512820512775,-0.2659675881792183,0.9090913398162471,0.03766233766233767,0.0
2021-05-27,8.0,7.7,0.012903404835907782,0.02594261275313208,0.010596125631495253,0.1910070868968483,0.03822121282019767,7.693,8.032,8.762666666666666,3,27,5,7.785042064083239,8.691703506168524,42.96296296296296,-0.642890287274958,-0.743371652773657,9.046704520123075,7.017295479876924,0.030082011698663903,0.04140771816148044,0.03990922457150469,-30354820.0,-0.06307254844221778,0,0,-1,0,0,0.012987012987012941,-0.4336126097514942,0.5543072962501234,0.6573271476835797,0.04986876640419946,-0.16492693110647183,-0.32287968274696954,0.051875000000000115,0.0
2021-05-28,7.9,8.0,0.027814688182876978,0.02345786574711494,0.031130918595173213,0.6225625664281796,-0.012578782206860073,7.699000000000001,7.971500000000001,8.687333333333333,4,28,5,7.805943506977195,8.640625860609266,51.9402985074627,-0.5913302697115004,-0.7129633761612257,8.850836472335395,7.092163527664606,0.026595234141474165,0.040298498461081515,0.038883912551800286,-34968894.0,-0.16262261887103652,0,0,-1,0,0,0.0024999999999999467,1.7061676950734128,0.45814662524500965,0.6397188308240449,0.07336956521739135,-0.13282107574094393,-0.01676458333864774,0.046202531645569644,0.0
2021-06-01,7.87,7.9,0.009925639799969998,-0.008578483979991895,-0.0076923456231557255,-0.7071386179202073,-0.0038046970436639714,7.699,7.9275,8.608,1,1,6,7.81759014207225,8.590908063150604,42.45614035087718,-0.5465886004556673,-0.6796884210201141,8.727286155629837,7.127713844370164,0.02661695609153259,0.039533928470576504,0.038767593367838825,-37243877.0,-0.14378843543426556,0,0,-1,0,0,0.02531645569620244,-0.6111773885702173,0.4112139232242148,0.6275816584953692,0.08701657458563528,-0.10057142857142853,0.04993703980101027,0.045108005082592176,0.0
2021-06-02,7.6,7.87,-0.016179568876269416,-0.019261235413677538,-0.03803737239317008,0.2006927133663045,-0.03490981513702651,7.667,7.876,8.527333333333333,2,2,6,7.778028298059113,8.526978510689275,40.74074074074073,-0.526844117700179,-0.6491195603561272,8.615712604220327,7.136287395779673,0.028622320962892172,0.040050504248701845,0.038979691712853634,-40024473.0,-0.7462357635257834,0,0,-1,0,0,0.012706480304955482,-0.07039957845595815,0.44283588858392153,0.6357820447488052,0.0026385224274405594,-0.1193511008111241,0.24756024386639694,0.06447368421052622,0.0
2021-06-03,7.28,7.6,-0.05944902702608032,-0.040978844963679074,-0.04652001563489293,0.5325972809944598,-0.0430173850836907,7.615,7.815,8.431333333333333,3,3,6,7.6874776984120015,8.446528284193194,46.36015325670499,-0.5308979375618312,-0.6254752357972679,8.539096533256444,7.090903466743557,0.030986716948031758,0.04083694787925999,0.03921251227363487,-44760803.0,-1.4777035255063886,0,0,-1,0,0,-0.011842105263157876,1.7022862652045894,0.5057903061806887,0.6482664503485709,-0.054545454545454564,-0.1435294117647059,1.0211909320736878,0.07005494505494514,0.0
2021-06-04,7.33,7.28,-0.01475546556591921,-0.029179789108776798,0.009756174945364656,-0.8254604693177914,0.006844653689965499,7.586,7.758500000000001,8.342666666666666,4,4,6,7.622481753246182,8.37449420134202,38.8646288209607,-0.5240352843188312,-0.6051872455015807,8.446112957227891,7.070887042772109,0.030645989297555524,0.040951708818598914,0.03931549377112705,-42686133.0,-1.2463406789991176,0,0,-1,0,0,0.016483516483516498,-0.727192899122631,0.32667623797430406,0.6500882237828607,-0.08374999999999999,-0.1335697399527187,-0.1989916391702593,0.03001364256480215,0.0
2021-06-07,7.23,7.33,0.0,-0.002695419421672211,-0.018195043591229306,0.7394487148048376,-0.013736479727886726,7.573,7.6915000000000004,8.233666666666666,0,7,6,7.551121434474148,8.300655865771569,36.44067796610169,-0.5206638575977465,-0.5882825679208139,8.303116494907083,7.079883505092918,0.029009394684535332,0.04072232323501713,0.03761685674103637,-47032111.0,-1.509115610330659,0,0,-1,0,0,0.009549795361528005,1.2230692060157253,0.32574695537754855,0.6464468405318556,-0.08481012658227849,-0.15635939323220538,-0.14780911792769294,0.04564315352697096,0.0
2021-06-08,8.15,7.23,-0.019100171373419378,0.10495557538098287,0.02510592113107626,0.19714854273816837,0.11977889108209802,7.664,7.710500000000001,8.151333333333334,1,8,6,7.660008446387939,8.290936132495984,53.560371517027875,-0.43869862176102714,-0.5583657786888566,8.355104325801825,7.065895674198177,0.04926376723995159,0.04584573772736486,0.0452395085594296,-41739036.0,1.3636272125642506,0,0,-1,0,0,0.004149377593360907,1.8128119826362743,1.0936957399810938,0.7277785241933937,0.03557814485387545,0.048906048906049104,1.8318640428880846,0.11901840490797554,0.0
2021-06-09,7.96,8.15,0.1843855410148062,0.07826526204911574,0.08953344642233968,-0.12666335850798766,-0.023588927396479786,7.702000000000001,7.6935,8.067666666666666,2,9,6,7.714552365226496,8.269585414270438,52.42424242424242,-0.3846381250597668,-0.5236202479630386,8.288683297728571,7.098316702271429,0.04888408009804687,0.043542150996246136,0.045314822814096926,-46402395.0,0.8955224416312004,0,0,-1,0,0,0.07116564417177915,1.2996940708777782,1.068891171492359,0.6912102185093435,0.047368421052631726,-0.04096385542168679,1.863192898243904,0.12060301507537688,0.0
2021-06-10,8.03,7.96,-0.08607460877124302,-0.072208308340926,0.0,-0.7143393770832476,0.008755528102378504,7.734999999999999,7.6875,7.985666666666666,3,10,6,7.77190648063986,8.25412829076912,56.42633228840124,-0.33231564901109056,-0.48535932817264904,8.265477417151537,7.109522582848463,0.048776150745950826,0.04340885032944437,0.04538468286091711,-44119609.0,1.185167412553771,0,0,-1,0,0,0.006281407035175857,-0.5668969206432372,0.9656347738005259,0.6890941360256042,0.10302197802197788,-0.014723926380368235,1.9579606465759487,0.04234122042341208,0.0
2021-06-11,8.02,8.03,0.006222795438269086,-0.022596381267569746,-0.011399743464727425,-0.48590110780554646,-0.001246106080247183,7.737,7.714999999999999,7.933666666666666,4,11,6,7.817014393250794,8.239023239751758,61.22448979591836,-0.2883329039699767,-0.4459540433321146,8.301676634684327,7.12832336531567,0.04732129431752124,0.038718280142654084,0.042876432072759624,-45523848.0,1.0397550608577113,0,0,-1,0,0,0.0037359900373600424,-1.2339601142422203,0.9748899002784914,0.6146336426975589,0.09413369713506126,0.07362784471218209,2.019845866160423,0.030548628428927808,0.0
2021-06-14,8.23,8.02,0.006184311608784522,0.04881957636667229,0.02515855963615515,0.19597861878634168,0.025847592810555514,7.769999999999999,7.7345,7.904333333333333,0,14,6,7.892102685387012,8.238441095251645,66.33663366336634,-0.23383550652785345,-0.4035303359712624,8.363098273521334,7.105901726478666,0.04765692457046216,0.037617195654332726,0.04241021759810843,-43815590.0,1.576523579119197,0,0,-1,0,0,0.01122194513715709,-0.9803149312117031,0.9293525573502321,0.5971544683261442,0.13831258644536648,0.04974489795918369,1.722664918711871,0.054678007290400885,0.0
2021-06-15,7.82,8.23,0.012255055337015573,-0.03018028944236033,-0.03797924806521645,-0.12163551894710804,-0.051101460131758786,7.765000000000001,7.732000000000001,7.873333333333334,1,15,6,7.878993106225737,8.21144489555799,53.870967741935495,-0.2211798759788639,-0.36706024397278275,8.358724148166525,7.105275851833477,0.05073102611341649,0.039429489258261015,0.042760316859954704,-45328203.0,0.28082530490469365,0,0,-1,0,0,-0.0024301336573511025,-1.0958054836471574,0.4681890564195852,0.6259237373979076,-0.04049079754601226,-0.006353240152477735,-0.5357098337324256,0.0635933503836316,0.0
2021-06-16,7.88,7.82,-0.05122918976879094,-0.020494001520906465,0.001289490829871692,-0.5583154086965569,0.007643349312568066,7.792999999999999,7.7299999999999995,7.848333333333334,2,16,6,7.879176177821057,8.190061353909089,52.96052631578947,-0.20395760274556451,-0.3344397157273391,8.354449231007278,7.105550768992721,0.04924904370382132,0.03944109189180164,0.04275148115218764,-44462728.0,0.4804233636673405,0,0,-1,0,0,-0.002557544757033307,-1.4838676975918725,0.4553410507561822,0.6261079234953191,-0.01005025125628145,-0.005050505050505083,-1.5522878317825726,0.0406091370558376,0.0
2021-06-17,7.89,7.88,0.008934328733765774,0.007398307481444925,0.014075728234184428,0.5447202890260949,0.0012682309879951483,7.853999999999999,7.7345,7.828,3,17,6,7.881144145489955,8.170702556882697,47.99999999999999,-0.18734234476796008,-0.3050202415354633,8.362361030550971,7.106638969449028,0.04650593382016774,0.03926961456770744,0.0426853313002725,-42970540.0,0.4953325415451979,0,0,-1,0,0,-0.0012690355329948969,-0.974787878300369,0.44750003867619953,0.6233858053650786,-0.01743462017434616,0.011538461538461497,-1.3889762563005714,0.03422053231939169,0.0
2021-06-18,8.27,7.89,-0.002544530634994873,0.021872074818668312,-0.0205398748540738,1.0559432287341017,0.04703837417781711,7.947999999999999,7.767,7.821666666666667,4,18,6,7.951845209946327,8.177108843535427,56.10561056105609,-0.14187634669698124,-0.2723914625677669,8.43585920161067,7.09814079838933,0.04810138441795574,0.04016490848924183,0.043633807915996886,-38680969.0,1.5040534653294209,0,0,-1,0,0,-0.005069708491761729,0.9792391138366853,0.579118276525994,0.6375981557652053,0.03117206982543652,0.08530183727034113,-0.8746938523796898,0.07376058041112458,0.0
2021-06-21,7.87,8.27,0.06949041223654702,0.015504186535965036,0.014166366981981541,-0.40711033142692415,-0.049576446606288044,8.011999999999999,7.7924999999999995,7.798333333333334,0,21,6,7.936964262683357,8.157295369758948,50.0,-0.13654684568186148,-0.24522253919058584,8.434368161574026,7.150631838425974,0.051389978865876734,0.04100971320891227,0.044441809838838636,-41535982.0,0.24148261166265234,0,0,-1,0,0,0.017521160822249072,-0.01964236757534363,0.6575848298825967,0.6510090149331751,-0.04374240583232081,0.06929347826086962,0.2774881686135724,0.08005082592121969,0.0
2021-06-22,7.81,7.87,-0.05539908024255534,-0.0478734247401447,-0.014166366981981668,-0.4545883472402897,-0.007653098577717272,7.978,7.821000000000001,7.799666666666667,1,22,6,7.913879851286382,8.134889216871274,53.291536050156736,-0.13560154607535146,-0.223298340567539,8.407834505497435,7.234165494502566,0.030588426037152415,0.0408276231070834,0.04097961467386361,-43348085.0,-0.03748927473403008,0,0,-1,0,0,0.01161372299872937,-0.7806769416336025,0.5486118603385002,0.6481184241793013,-0.0012787723785167016,0.07872928176795568,-0.04657002146707854,0.04417413572343147,0.0
2021-06-23,7.88,7.81,-0.02691202042305309,0.017841137641269763,0.003883500026397612,-0.23440950416121556,0.008922940018193248,7.969999999999999,7.836,7.785666666666667,2,23,6,7.907719878325222,8.118444751266676,60.20408163265306,-0.12773156437708355,-0.2041849853294479,8.412135948869068,7.259864051130934,0.030001244277032303,0.03961687526494229,0.039007348280494056,-41914643.0,0.1527417273175539,0,0,-1,0,0,-0.007682458386683689,-0.9533634133650822,0.5497909069290945,0.6288983980350206,0.0,0.0395778364116095,-0.08097618824913465,0.05837563451776638,0.0
2021-06-24,7.11,7.88,0.019169916107720123,-0.0159806719883499,-0.1206942458638419,2.2402604537070916,-0.10282566005463824,7.877999999999998,7.8065,7.751,3,24,6,7.762679900447909,8.053383799572051,46.994535519125684,-0.1815344953613236,-0.19965488733582307,8.466301405528327,7.1466985944716725,0.04256924049236163,0.045351248035090205,0.04274031417888207,-55382946.0,-2.1112413346324606,0,0,-1,0,0,0.0025380710659899065,3.6862064585892016,0.8867097532583417,0.7199287436835321,-0.09885931558935357,-0.0766233766233766,-0.4182166270750554,0.170182841068917,0.0
2021-06-25,7.09,7.11,-0.0844829306362712,-0.10577365344515283,0.018773114507925005,-0.6500720686177256,-0.002816903271113492,7.784999999999999,7.761,7.738333333333332,4,25,6,7.640374464002834,7.991230006051274,48.04469273743016,-0.22321446128502842,-0.20436680212566416,8.486821494656628,7.0351785053433735,0.04253116635285295,0.04426518161546908,0.03999816379241587,-62413510.0,-1.8489394567115665,0,0,-1,0,0,0.021097046413502032,1.2155541751389787,0.6955646982323148,0.7026879737618372,-0.1426844014510278,-0.11375000000000002,-1.1764081003818285,0.038081805359661436,0.0
2021-06-28,6.89,7.09,-0.011345104751100635,-0.011345104751100635,-0.026088436084297967,-0.06643205285989678,-0.028614255518469,7.651000000000001,7.710500000000001,7.706666666666667,0,28,6,7.503942743275045,7.920182908886676,27.97202797202796,-0.2692803666522039,-0.21734951503097213,8.530088471830965,6.890911528169037,0.04062461274010679,0.044541818027318845,0.039121792500507624,-68992195.0,-2.002224355759912,0,0,-1,0,0,0.01242595204513397,0.998762727672768,0.6755715308964749,0.7070794406578755,-0.12452350698856418,-0.1278481012658229,-1.723181254568924,0.05342525399129174,0.0
2021-06-29,7.21,6.89,-0.03229306450890332,0.022985085540236518,-0.020022915875107704,-0.0663080886737012,0.04539786627129051,7.590000000000001,7.6775,7.684666666666668,1,29,6,7.450498608134128,7.874364656700439,37.45819397993311,-0.2767761002971181,-0.22923483208420134,8.522793471305617,6.832206528694384,0.04326338501314441,0.04605703071608146,0.04015953122195849,-62835582.0,-1.1061247149535243,0,0,-1,0,0,0.008708272859216328,0.7802841941996543,0.8516910194876893,0.7311326964048879,-0.07682458386683733,-0.08386277001270648,-0.8963486805584108,0.0929264909847434,0.0
2021-06-30,6.84,7.21,0.02416606584718353,-0.017441903405243736,0.0214902675690576,-0.18102736438413253,-0.05268121966239859,7.486,7.6395,7.648666666666666,2,30,6,7.339498861200649,7.8076314530423465,31.914893617021292,-0.3090103520098326,-0.24518993606932762,8.564076147557302,6.7149238524426975,0.044993945198816214,0.046809167752346656,0.0411077316938531,-67972737.0,-1.729441111177811,0,0,-1,0,0,-0.012482662968099842,0.3970165527946058,0.8538430514084289,0.7430725017036811,-0.13197969543147203,-0.09999999999999998,0.08743654361137328,0.05818713450292393,0.0
2021-07-01,6.76,6.84,-0.024885749217577243,-0.03496268144816438,-0.0200231794752612,-0.40503422310575404,-0.01176484157958637,7.373,7.6135,7.614000000000001,3,1,7,7.23413543189144,7.740042327039616,31.250000000000014,-0.3371253885139831,-0.26357702655825876,8.607297077666901,6.619702922333099,0.044719184609049556,0.04600098821368154,0.041080439218067824,-71398983.0,-1.7176544773179034,0,0,-1,0,0,0.01535087719298252,-0.15671692280308386,0.5766409194990716,0.7302430492596883,-0.049226441631505025,-0.07142857142857151,0.8344679915668674,0.042189349112425986,0.0
2021-07-02,6.64,6.76,-0.019629856044886207,-0.02175575291706175,-0.018845689424111977,-0.26340360896811116,-0.01791092656653022,7.210000000000001,7.578999999999999,7.581333333333333,4,2,7,7.126110807911178,7.669071854327383,25.688073394495405,-0.36488360356978333,-0.2838383419605637,8.658452102738046,6.4995478972619525,0.03895681934042122,0.0460606210308981,0.04100639524446844,-74031819.0,-1.7397714963326514,0,0,-1,0,0,0.007396449704141985,-0.4356199416070058,0.5754484897879089,0.7311896908856874,-0.06346967559943584,-0.09413369713506148,1.2454131082937177,0.0391566265060242,0.0
2021-07-06,5.55,6.64,-0.08901578736205909,-0.08727800810706064,-0.1671926751976545,1.8693189394007461,-0.17931403572999927,6.978,7.495,7.521,1,6,7,6.839545206472781,7.532357541144972,21.265822784810126,-0.46942484210558355,-0.32095564198956766,8.900904840681958,6.089095159318042,0.05968511425784037,0.058378487622369,0.050172676994079735,-91102809.0,-2.766901348823217,0,0,-1,0,0,-0.06174698795180712,3.0011259499037632,1.2375804741997023,0.9267297609891046,-0.1944847605224964,-0.23236514522821583,-1.106124230781191,0.12612612612612617,0.0
2021-07-07,5.5,5.55,-0.09242510006630193,-0.024309086146041502,-0.012692826798418846,-0.7067325805666876,-0.009049835519917927,6.747,7.3625,7.463,2,7,7,6.595991532568639,7.40123769978078,19.796954314720807,-0.5499694040113452,-0.3667583943939232,8.99045157046818,5.73454842953182,0.05962231776443103,0.048444005016820654,0.05014926924433164,-99523130.0,-2.2881516057192863,0,0,-1,0,0,0.023423423423423406,0.8710953358222862,1.0415000007870148,0.7690247387188371,-0.23717059639389737,-0.32515337423312884,-1.9009726209599307,0.11270909090909081,0.0
2021-07-08,5.53,5.5,-0.06359999455530678,-0.07838831209230115,-0.03339828040184815,0.2430208527759179,0.005439723295818342,6.511999999999999,7.241,7.394666666666667,3,8,7,6.4021748902834315,7.280512686891697,20.202020202020222,-0.6044134977664433,-0.41428941506842726,9.035399474388175,5.446600525611825,0.05935949584803144,0.04871294879434913,0.04914698702502879,-88786419.0,-1.9070446959235636,0,0,-1,0,0,-0.030909090909090896,1.281323388610286,1.115062108534581,0.7732940888308288,-0.1915204678362572,-0.30527638190954776,-2.152183528375698,0.06148282097649183,0.0
2021-07-09,5.45,5.53,0.051199481356851914,0.019315789299291706,-0.013295542481244501,-0.390027787142959,-0.014572206859090723,6.345999999999999,7.112,7.3196666666666665,4,9,7,6.229052182959171,7.162415094189007,11.47540983606558,-0.6465629900501648,-0.4607441300647748,9.033990196590459,5.190009803409541,0.054961681177090785,0.04834503520348995,0.048924586855052035,-96055581.0,-1.7294573124757122,0,0,-1,0,0,0.014466546112115744,0.45103195372470495,1.1108860509543848,0.767453641638584,-0.19378698224852065,-0.3212951432129514,-2.143976680951342,0.09541284403669717,0.0
2021-07-12,4.97,5.45,-0.02893511085945228,-0.046271599287819744,-0.05907229002223296,0.6906979594648858,-0.09219576856661547,6.134,6.9595,7.218666666666667,0,12,7,6.000133604239321,7.020968959080039,11.22994652406419,-0.7105084556280072,-0.5106969951774214,9.054370678083759,4.864629321916242,0.05772387942330668,0.050606777147530466,0.05000304833895736,-110558341.0,-1.8994012573796268,0,0,-1,0,0,0.0,1.7896556454323649,1.1341497732818864,0.8033576819209938,-0.25150602409638556,-0.3802992518703242,-1.1541644703723852,0.11267605633802827,0.0
2021-07-13,5.21,4.97,-0.08386038328589222,-0.039002157803269204,0.004048588526000332,-0.28067719740057456,0.04716001565673828,5.965999999999999,6.8084999999999996,7.1290000000000004,1,13,7,5.85647294892308,6.904132252042618,16.83673469387756,-0.7333659177687322,-0.5552307796956836,8.95256672127141,4.664433278728589,0.0632726227546977,0.051946084256499166,0.05130156928370798,-99604811.0,-1.4910916569351023,0,0,-1,0,0,0.008370221327967779,0.9495882784525291,0.7833688057754281,0.8246185231578261,-0.06126126126126119,-0.3669501822600243,-0.7926449055758084,0.0633397312859885,0.0
2021-07-14,4.96,5.21,0.025297854077813257,-0.007604599385219304,-0.008113634774169775,-0.6013577911225907,-0.049174115028439436,5.741,6.6655,7.032,2,14,7,5.693477867300702,6.778704364814062,14.390243902439039,-0.7628597594143853,-0.596756575639424,8.904893479917078,4.4261065200829215,0.058161204839308464,0.05189459537925376,0.05167695922405994,-105608079.0,-1.5231802854611793,0,0,-1,0,0,-0.013435700575815794,-0.12901146876288241,0.8232235507614617,0.8238011625709626,-0.09818181818181815,-0.36572890025575455,-0.06877235649582232,0.06653225806451614,0.0
2021-07-15,4.8,4.96,-0.03564733873023761,-0.02512209411733774,-0.0362922151683876,0.3895606722891835,-0.032789822822990956,5.537,6.5115,6.938666666666666,3,15,7,5.5310273459733015,6.651046018697026,16.9054441260745,-0.7900374443571119,-0.6354127493829616,8.821726919818275,4.201273080181726,0.05788126619751327,0.051494065621000874,0.05165045678544595,-114470896.0,-1.4816726316518112,0,0,-1,0,0,0.0,0.4125330057147047,0.7946591712028116,0.8174429497728548,-0.13200723327305608,-0.3908629441624366,0.6261708860253836,0.078125,0.0
2021-07-16,4.59,4.8,-0.04115807249350756,-0.06258348630176788,-0.033282728511948086,-0.35263585002698733,-0.044735893841391414,5.319999999999999,6.3465,6.849,4,16,7,5.3599314648872465,6.518075307813347,16.0326086956522,-0.81907936339364,-0.6721460721850973,8.712880981027533,3.9801190189724664,0.057446142555247465,0.051354548800399386,0.051682319480049116,-120699977.0,-1.4845453999865144,0,0,-1,0,0,-0.008333333333333342,-0.2350891862885695,0.7929890083622477,0.8152281889067231,-0.1577981651376147,-0.41825095057034223,1.1972879654176185,0.04793028322440082,0.0
2021-07-19,4.45,4.59,-0.0579718934136827,-0.05129329438755058,-0.04465027373773882,-0.04317022653245862,-0.030975927894304905,5.101,6.1555,6.752999999999999,0,19,7,5.194489380362293,6.384651094406035,16.298342541436483,-0.8436668570730443,-0.7064502291626867,8.484542947786064,3.826457052213935,0.0571275952172641,0.04834888651644971,0.05161408145558528,-126665869.0,-1.4645500647561773,0,0,-1,0,0,-0.021372549019607764,-0.3187863748712643,0.6281736615503624,0.7675147793364596,-0.1046277665995975,-0.46191051995163235,2.0407146120004396,0.040449438202247126,0.0
2021-07-20,4.53,4.45,-0.00937167865149708,-0.006600684031351912,-0.01611082027269837,0.05064588910714587,0.017817843316793893,4.9990000000000006,5.9885,6.662999999999999,1,20,7,5.0736731293873305,6.264996185089516,10.355029585798832,-0.8469343594478138,-0.7345470552197122,8.278572625830758,3.698427374169242,0.03821522911868144,0.049241502296827465,0.05196808097925773,-120390047.0,-1.273758730224468,0,0,-1,0,0,0.0,-0.29466633751350724,0.4187487041821115,0.7816846155637279,-0.13051823416506714,-0.42439644218551464,1.8022225073911908,0.04856512141280367,0.0
2021-07-21,4.57,4.53,0.02222313678471004,0.026145280104322207,0.027461679941387797,-0.933464127646238,0.008791265411170724,4.906000000000001,5.8265,6.543666666666667,2,21,7,4.982096196771452,6.1556415925030965,12.786885245901658,-0.8366518116280721,-0.7549680065013842,8.030823741625804,3.622176258374196,0.03916052011030975,0.04970016507524499,0.044873064803389665,-117922461.0,-1.1400321797316988,0,0,-1,0,0,0.004415011037527499,-1.233857709404868,0.43587402018374344,0.788965661447736,-0.0786290322580645,-0.4148527528809218,0.5088167238487212,0.04814004376367628,0.0
2021-07-22,4.42,4.57,0.017429635135283596,0.0,-0.004524894598289577,-0.00039479567404909093,-0.033373508816506636,4.795,5.653499999999999,6.425666666666666,3,22,7,4.8798968882675515,6.043664715567413,12.500000000000014,-0.831027002804877,-0.7701798057620828,7.717897707501464,3.589102292498534,0.038516854737017985,0.04906322382859279,0.04494492931981619,-120389073.0,-1.1950216719557405,0,0,-1,0,0,0.013129102844638864,-1.269884639103626,0.4372222101559672,0.7788545326173291,-0.07916666666666661,-0.4390862944162437,0.5153165315990136,0.0542986425339367,0.0
2021-07-23,4.0,4.42,-0.09985613416409622,-0.10416648566521854,-0.11778303565638351,1.5465156122473274,-0.09984533496971613,4.65,5.497999999999999,6.291333333333333,4,23,7,4.719915635855269,5.911815379079193,11.403508771929836,-0.8506539816151388,-0.7862746409326941,7.568968245455416,3.427031754544583,0.04479954240585,0.04886301318780078,0.046740960274872456,-131970019.0,-1.4466663149348113,0,0,-1,0,0,-0.05203619909502252,1.0483352787758495,0.7089355207317445,0.7756762872251418,-0.1285403050108932,-0.43741209563994377,-0.9102075056947551,0.06750000000000012,0.0
2021-07-26,4.04,4.0,-0.08884425551212354,0.0466284931530335,-0.02846246466376152,-0.36799060644474846,0.009950330853168092,4.557,5.3454999999999995,6.158666666666666,0,26,7,4.596294611154311,5.791053096557955,18.143459915611842,-0.8531462985563394,-0.7996489724574232,7.3715667105971505,3.3194332894028484,0.04114573505917794,0.04928098689740934,0.04695645428663479,-123954572.0,-1.2887038646572737,0,0,-1,0,0,-0.041549999999999976,0.12239305286100403,0.7509085215728991,0.782311414166266,-0.09213483146067414,-0.4301833568406206,-1.443908518786688,0.14356435643564347,0.0
2021-07-27,3.77,4.04,0.0016158881777126339,-0.046628493153033454,-0.03200273108617383,0.3461273849838854,-0.06916969051313925,4.412999999999999,5.1895,6.01,1,27,7,4.446059227308072,5.660662574199378,16.60231660231662,-0.8669149651221648,-0.8131021709903715,7.195202134573346,3.1837978654266537,0.03575327660816264,0.050101344101828565,0.04677186723970007,-135285069.0,-1.4154644157089222,0,0,-1,0,0,-0.04950495049504955,0.8918754118240102,0.7346415935913213,0.7953341810610668,-0.16777041942604864,-0.4528301886792453,-0.2892706190969178,0.13262599469496034,0.0
2021-07-28,4.11,3.77,0.015504186535965254,0.0,0.047628048989254664,-0.3493370929804212,0.08634802704822392,4.328,5.0344999999999995,5.886333333333334,2,28,7,4.384957549615695,5.560619827476838,25.51724137931035,-0.8407005020028295,-0.8186218371928632,6.853168975406401,3.215831024593598,0.051702530860663246,0.05431914766717468,0.050962767928228916,-127295308.0,-1.0166775949904896,0,0,-1,0,0,0.03448275862068963,0.03096878061930521,1.150787905417515,0.8622897369380311,-0.10065645514223198,-0.4299583911234396,0.8401806324451496,0.07785888077858887,0.0
2021-07-29,4.01,4.11,0.08594242980072483,0.02330623959714449,0.0077220460939103185,-0.4123314480132056,-0.024631787189665504,4.249,4.893,5.757333333333333,3,29,7,4.316783449685569,5.460579838607365,25.342465753424662,-0.8185586804477625,-0.8186092058438431,6.553704986634321,3.2322950133656794,0.051510152781445266,0.05399778285557805,0.05069989097625608,-132585367.0,-1.0634038039345426,0,0,-1,0,0,0.03406326034063252,-0.6521855515842057,1.145883239720203,0.8571882287083602,-0.09276018099547512,-0.4137426900584795,0.7361595437176804,0.09695760598503747,0.0
2021-07-30,4.03,4.01,-0.07067495766993628,-0.05236397407668729,0.007306575182438215,-0.2744875478443635,0.004975134640113929,4.193,4.756500000000001,5.628666666666667,4,30,7,4.264641004288192,5.368284365148825,30.894308943089456,-0.7902873538111965,-0.8129448354373139,6.20648402895034,3.306515971049662,0.05096144296442239,0.05434021094118203,0.050760646424174584,-128565126.0,-1.0020800029444779,0,0,-1,0,0,-0.01246882793017452,-0.9883492714062911,0.9145955071631054,0.8626241060469526,0.007500000000000062,-0.40384615384615374,0.675434457962431,0.03508684863523583,0.0
2021-08-02,4.1,4.03,0.04686430897621778,0.04092026978936273,0.022998774312890734,-0.2152803688393567,0.01722059775167034,4.1579999999999995,4.6295,5.4896666666666665,0,2,8,4.234706276235793,5.286459567397288,25.764192139738,-0.7535472847505122,-0.8010653252999536,5.803561327188891,3.4554386728111095,0.051252189745512725,0.05511680443964495,0.049615521105364914,-125323544.0,-0.9019971746583406,0,0,-1,0,0,0.029776674937965285,-1.206777749000981,0.9197315662741837,0.8749521456472877,0.014851485148514865,-0.3825301204819277,0.5427710114684565,0.05365853658536601,0.0
2021-08-03,3.75,4.1,-0.05528348940637774,-0.07592384336269647,-0.08836915045008996,0.8691776435401516,-0.08923113372794264,4.08,4.539499999999999,5.352333333333333,1,3,8,4.14657786237474,5.187333143694238,24.686192468619254,-0.7440951248340157,-0.789671285206766,5.692226287866026,3.3867737121339734,0.055874369665552266,0.046602387321843915,0.050743786655203814,-133054551.0,-1.3697961230008107,0,0,-1,0,0,-0.04224390243902429,0.08126022846616811,1.0145332228715813,0.7397899641330504,-0.0053050397877983935,-0.32432432432432434,0.11890523302834301,0.06666666666666667,0.0
2021-08-04,3.65,3.75,-0.019751696536536446,0.010126668817929268,-0.008185584586439518,-0.43105151106517725,-0.027028672387919374,3.9879999999999995,4.447,5.213666666666667,2,4,8,4.056290978306605,5.0881503602300935,25.32188841201716,-0.736187077892783,-0.7789744437439695,5.571766174530945,3.3222338254690555,0.0551527731248159,0.04658304556346813,0.05066247237046747,-138078356.0,-1.417183443185192,0,0,-1,0,0,0.02666666666666669,-0.6939164949335714,0.6308761239377609,0.7394829232375643,-0.1119221411192215,-0.3363636363636364,-1.0533465075008632,0.08767123287671241,0.0
2021-08-05,3.64,3.65,-0.04935395943575529,-0.054347137297296004,-0.008253141756720414,-0.2893123784488691,-0.0027434859457508326,3.9099999999999993,4.352500000000001,5.072333333333333,3,5,8,3.9806017095235857,4.994721304731377,27.699530516431935,-0.7223994390881954,-0.7676594428128147,5.409703361406397,3.2952966385936056,0.05524750064548615,0.046389969796111666,0.05044656933758513,-141840072.0,-1.3478958278228772,0,0,-1,0,0,0.004000000000000046,-0.9768294792214534,0.646017532835153,0.7364179404498552,-0.09226932668329169,-0.3417721518987342,-1.4641109862742547,0.03846153846153837,0.0
2021-08-06,3.58,3.64,0.009613630786241268,-0.01608613775162427,-0.01952642235035538,-0.14711109816269397,-0.016620881236040407,3.8679999999999994,4.259,4.954666666666667,4,6,8,3.9077650350647515,4.903448962490643,28.78048780487805,-0.7081510105194937,-0.7557577563541505,5.235177291921773,3.282822708078228,0.048187882760451314,0.04638027974250215,0.04850336648553227,-145087178.0,-1.3911407397385207,0,0,-1,0,0,0.016483516483516498,-1.0405123293446927,0.6140662076046925,0.7362641156176053,-0.11166253101736978,-0.34311926605504584,-1.239857456607389,0.041899441340782224,0.0
2021-08-09,3.72,3.58,-0.013605652055778709,0.04492168739151165,0.0167601688574651,0.09508125047187205,0.03836086787244637,3.836,4.1965,4.842333333333333,0,9,8,3.873625937780251,4.827097416523505,30.80568720379148,-0.677749523629263,-0.7401561098091731,5.140540030373682,3.2524599696263192,0.050359397092104796,0.04522524315440928,0.04964829686564654,-141516179.0,-1.0094910907779753,0,0,-1,0,0,0.01955307262569828,-0.9090901259090165,0.7147334184006576,0.7179284782139596,-0.09268292682926815,-0.2515090543259556,-0.48446732182619395,0.06989247311827963,0.0
2021-08-10,3.66,3.72,0.0455232550240836,0.0,-0.005555569844602105,-0.14760837131917254,-0.01626052087178029,3.825,4.119,4.734666666666667,1,10,8,3.8347848581838413,4.75180080900586,28.63849765258216,-0.6509933783605151,-0.7223235635194416,4.961774865361319,3.276225134638681,0.04604207458232032,0.04283099760360058,0.049628628641785896,-144597126.0,-1.0892588729570494,0,0,-1,0,0,0.02688172043010743,-0.9935239304342663,0.41049959212441606,0.6799210083835835,-0.02399999999999991,-0.2975047984644913,1.67227437692976,0.07650273224043723,0.0
2021-08-11,3.59,3.66,-0.030972104147276917,-0.039530838756635205,-0.005586606708639823,0.04185103143870173,-0.019310944913087512,3.7730000000000006,4.0505,4.614,2,11,8,3.7902785203322336,4.676845918102257,29.75609756097562,-0.628195904108813,-0.703498031637316,4.82543565097915,3.2755643490208506,0.03279158103125442,0.04220025856936009,0.04803698124873825,-147809750.0,-1.1884857779304583,0,0,-1,0,0,0.01188524590163931,-0.8756224079357526,0.3878046686048605,0.6699083366228952,-0.016438356164383605,-0.27620967741935487,1.894116314275691,0.041782729805014025,0.0
2021-08-12,3.44,3.59,-0.03671272267965916,-0.032789822822990956,-0.05173567439918875,0.8468143380436749,-0.042680731114880445,3.7159999999999997,3.9825000000000004,4.500666666666667,3,12,8,3.7265915166354637,4.59704940725695,34.26966292134831,-0.6151415193918508,-0.685826729188223,4.718202313940518,3.246797686059483,0.03391060268980931,0.0424561143567201,0.047866251920241354,-155302249.0,-1.4747812796572561,0,0,-1,0,0,-0.005571030640668529,0.6912497771256372,0.4749460956000892,0.6739699213320024,-0.05494505494505497,-0.2833333333333333,1.4707897218707744,0.06104651162790697,0.0
2021-08-13,3.45,3.44,-0.04526696616211497,-0.02247285585205863,-0.005976525970211101,-0.3991736951958122,0.00290275965796141,3.6580000000000004,3.9255000000000004,4.3903333333333325,4,13,8,3.6763021499744704,4.523046219691986,33.14285714285715,-0.597105844535065,-0.6680825522575914,4.639347248882727,3.2116527511172746,0.03378264753296053,0.04211154684886669,0.04804322405637586,-150275725.0,-1.3322177839705243,0,0,-1,0,0,-0.008139534883720937,-0.18746243664529733,0.4804586017194081,0.668500081718082,-0.03631284916201116,-0.24836601307189532,0.8177426851990646,0.04353623188405794,0.0
2021-08-16,3.07,3.45,-0.01833828379245759,-0.0346855579878901,-0.0964384794578585,0.6044206606090471,-0.11669666944416268,3.5550000000000006,3.8564999999999996,4.271333333333334,0,16,8,3.5660653954336574,4.429301302292504,31.182795698924735,-0.6064840953505741,-0.655762860876188,4.62180764367951,3.091192356320489,0.04304771745622266,0.047271153454161094,0.05071462270009655,-159475227.0,-2.0553825810979727,0,0,-1,0,0,-0.028985507246376836,1.2247516767765774,0.6974224891323472,0.750406297361293,-0.174731182795699,-0.3101123595505618,-1.5549060714140486,0.11074918566775241,0.0
2021-08-17,3.42,3.07,-0.12377107750100604,0.03684232140977311,-0.05715841383994864,0.054511643129850545,0.10796298947540804,3.522,3.8009999999999997,4.200333333333333,1,17,8,3.5395080508093555,4.364185089241374,31.55080213903743,-0.5790000001735445,-0.6404102887356593,4.520265707437343,3.0817342925626567,0.05718923559668195,0.05524742799335399,0.04963905358331483,-149760325.0,-1.0594137773020122,0,0,-1,0,0,-0.035830618892508104,1.2835803158237151,1.296063998452115,0.8770257302781773,-0.06557377049180335,-0.2450331125827815,0.7182134088829316,0.18643274853801167,0.0
2021-08-18,3.34,3.42,0.161900495063372,-0.010716016817552876,0.10189430768134015,-0.8142279351762741,-0.023669744085904734,3.4909999999999997,3.7395000000000005,4.128333333333333,2,18,8,3.503233859753109,4.298108631870964,31.891891891891902,-0.5572503529530968,-0.6237783015791468,4.388855145712859,3.0901448542871424,0.05707785966366994,0.05506210116119521,0.04965052443115226,-154063844.0,-1.2304514798644797,0,0,-1,0,0,0.01760233918128656,-0.5709611905114539,1.2981369151822133,0.8740837580232201,-0.0696378830083565,-0.2691466083150985,0.7658740166176753,0.08682634730538924,0.0
2021-08-19,3.23,3.34,-0.07683921647843711,-0.032026026719408435,-0.01892800988551891,-0.3812238389649134,-0.03348866975404386,3.45,3.6800000000000006,4.051666666666667,3,19,8,3.4535549761616346,4.229198397556708,29.38144329896906,-0.5426345284589784,-0.6075495469551131,4.2832543323294905,3.0767456676705107,0.05760148916084974,0.05506409848579345,0.04959205039292612,-157003255.0,-1.49190805895188,0,0,-1,0,0,-0.03508982035928143,-1.0580794801893227,1.2866797389586295,0.8741154645682666,-0.061046511627906974,-0.2692307692307693,0.6911546643871607,0.07430340557275535,0.0
2021-08-20,3.29,3.23,0.014539437988258254,0.005899722127188322,0.022048137221762385,0.18509117598471922,0.018405427542715343,3.4210000000000003,3.6445,3.9796666666666667,4,20,8,3.42381770776861,4.168604952553049,29.015544041450795,-0.520213189855792,-0.590082275535249,4.25201348263192,3.0369865173680797,0.05825314859874843,0.05205636943430473,0.050005615748204175,-153466179.0,-1.1670522881704801,0,0,-1,0,0,0.01238390092879258,-0.7856016653284732,1.3012401123210526,0.8263692460804466,-0.04637681159420293,-0.1775,0.49283875276546624,0.05775075987841943,0.0
2021-08-23,3.55,3.29,0.034120691780981184,0.05715841383994862,0.012384059199721622,0.24292291773991453,0.07606003871004387,3.404,3.6199999999999997,3.9323333333333332,0,23,8,3.4467599427197717,4.128694955614143,44.56521739130435,-0.47597751784639186,-0.5672613239974775,4.199219074999023,3.040780925000976,0.06293536600009306,0.05551653670807373,0.05093744231121447,-148956512.0,-0.241704747034161,0,0,-1,0,0,0.028419452887538037,-0.3529651814904834,1.0163744077634698,0.8812976986869093,0.1563517915309447,-0.12128712871287128,0.4060029173076308,0.09859154929577468,0.0
2021-08-24,3.87,3.55,0.09435589789619078,0.09278173345096627,0.109199291964992,0.5062180115229041,0.0863069035543661,3.425,3.625,3.8876666666666666,1,24,8,3.5237126804070855,4.112004958477747,55.33980582524272,-0.4103686293165607,-0.5358827850612942,4.211353584722058,3.0386464152779418,0.06912133243907478,0.057378008942673954,0.05311270280590574,-141474952.0,0.8356732401188756,0,0,-1,0,0,0.04740845070422545,1.0258228167038592,0.9012697594049965,0.9108476543181325,0.13157894736842102,0.02652519893899208,0.1739943223205459,0.08397932816537472,0.0
2021-08-25,3.78,3.87,0.024362614552275636,-0.012739025777429826,0.005502077153983338,-0.4935582981229509,-0.02353049741019416,3.444,3.6085000000000003,3.8483333333333336,2,25,8,3.570310374878524,4.090585283737247,53.27102803738317,-0.3614685755759055,-0.5009999431642165,4.154577881471314,3.0624221185286857,0.06931169260019328,0.053785846195706706,0.05266890067415413,-146042073.0,0.6281155337693657,0,0,-1,0,0,-0.015503875968992262,-0.22768247861651975,0.900797912946096,0.8538238385340566,0.1317365269461077,-0.08029197080291983,0.17416080569139272,0.06746031746031743,0.0
2021-08-26,3.85,3.78,-0.024443299839357294,0.01753762066532756,0.019829523838630705,-0.23363489164745904,0.018349138668196617,3.4850000000000003,3.6004999999999994,3.816666666666667,3,26,8,3.6211630339915195,4.075063652528392,56.27906976744186,-0.31345322206882953,-0.4634905989451391,4.126116430089059,3.074883569910939,0.06715514943595638,0.05373693651943023,0.05266772754998185,-142426508.0,0.9493614952551066,0,0,-1,0,0,-0.01640211640211636,-0.6320449077260868,0.74885081976259,0.8530474214932633,0.19195046439628483,-0.03990024937655856,0.014306394338156373,0.06519480519480517,0.0
2021-08-27,3.78,3.85,0.021815177433087724,-0.027846990324188855,-0.01845872170485215,-0.41329473750128165,-0.018349138668196655,3.518,3.5879999999999996,3.7896666666666667,4,27,8,3.6500424823566977,4.056027287849141,51.442307692307686,-0.27784628445423953,-0.4263617360469592,4.081520116371946,3.094479883628053,0.06784691791713554,0.05385818078341979,0.052240734664739566,-144818086.0,0.7780837847561921,0,0,-1,0,0,-0.012987012987013056,-1.1316101539436785,0.8440135135735831,0.85497211451572,0.14893617021276584,-0.062034739454094434,0.2672791013711829,0.05555555555555555,0.0
2021-08-30,3.83,3.78,-0.010582109330536972,-0.005194816877104023,-0.05345857852476726,0.8027325951543084,0.013140793561058328,3.594,3.5744999999999996,3.7689999999999997,0,30,8,3.682762031019116,4.041444882181455,54.10628019323671,-0.24279416769689188,-0.3896482223769458,4.021641800186816,3.127358199813183,0.052891277104229514,0.05378839201757638,0.052118506194330165,-139480967.0,1.1428142029810329,0,0,-1,0,0,-0.005291005291005296,0.16135296766911006,0.7196367114593467,0.8538642522033533,0.07887323943661984,-0.06585365853658531,1.3636149224102116,0.09921671018276759,0.0
2021-08-31,4.28,3.83,0.04039637204096336,0.12240198151267793,0.11198591797205762,1.2376181475197152,0.11108820640115083,3.6799999999999997,3.601,3.7606666666666664,1,31,8,3.791350752652004,4.056835534943942,64.08163265306122,-0.1766673620585486,-0.34705205031326636,4.144396724319002,3.0576032756809988,0.05356097392039527,0.05631485642108244,0.056525043139277434,-121081823.0,2.4990949323477816,0,0,-1,0,0,0.022193211488250642,3.508422657635045,0.9004422403328932,0.8939706312509583,0.10594315245478048,0.1413333333333333,1.6655043427116556,0.10981308411214946,0.0
2021-09-01,4.29,4.28,0.0961225746728899,0.04944827541398111,0.08185382748799952,-0.9738881467506686,0.0023337233462200966,3.775,3.633,3.7513333333333336,2,1,9,3.882014252169821,4.071878403657236,68.39826839826839,-0.12204758713325337,-0.30205115767726376,4.257823343455519,3.0081766565444807,0.05161841429387494,0.0557427602462481,0.056501061576919726,-114134086.0,2.1029944123615207,0,0,-1,0,0,0.007009345794392373,0.36144418037956355,0.8362362128693497,0.8848888860232204,0.13492063492063489,0.1753424657534246,1.8279289137231274,0.08389277389277382,0.0
2021-09-02,4.24,4.29,-0.011668743834377378,-0.03344793406754002,-0.007192298718979837,-0.8649871644101509,-0.011723463696059146,3.876,3.6629999999999994,3.7453333333333334,3,2,9,3.947102569957126,4.082724958259996,66.80851063829786,-0.0818520644751648,-0.258011339036844,4.344302158795612,2.9816978412043866,0.0492820401459066,0.05588175678017961,0.05621594775006357,-117059479.0,1.6938152699237161,0,0,-1,0,0,-0.006993006993007051,-0.7143610118710179,0.8810230791732153,0.8870953875945168,0.10129870129870122,0.16483516483516492,1.973467556684325,0.05660377358490571,0.0
2021-09-03,4.23,4.24,-0.011806512586988952,-0.01600034134644119,-0.0011997601919040602,-0.45684794912991017,-0.002361276185679709,3.97,3.6955,3.753,4,3,9,3.9985384663285575,4.092226573856125,79.2929292929293,-0.0502247796065749,-0.21645402715079018,4.420728820515205,2.970271179484795,0.05019245978732749,0.05562992782594369,0.05327646390967011,-118912062.0,1.4740175373071627,0,0,-1,0,0,-0.007075471698113266,-0.9694577739444107,0.8434523709805447,0.8830977268795145,0.11904761904761929,0.18156424581005592,2.079631145034127,0.041371158392434944,0.0
2021-09-07,4.28,4.23,0.029420425857559888,0.027274417919659306,0.005984458315240486,0.510537875962806,0.01175101653551873,4.043000000000001,3.7235,3.761,1,7,9,4.0497132906324556,4.104340988446053,75.5952380952381,-0.020884601665581926,-0.17734014205374854,4.494508225773977,2.9524917742260226,0.04676439403357339,0.0552068510778306,0.053285491649575585,-115825312.0,1.4435643651956038,0,0,-1,0,0,0.024988179669030657,-0.633017331998876,0.8446228830337273,0.8763815917135075,0.11749347258485643,0.15053763440860224,2.0959559015428386,0.0630841121495326,0.0
2021-09-08,4.0,4.28,-0.019964090615524382,-0.041195756438267166,-0.056456708667657333,0.10301436233538151,-0.06765864847381481,4.056,3.7405,3.768666666666667,2,8,9,4.040674510517463,4.097609311772114,67.5531914893617,-0.01999546394354379,-0.1458712064317076,4.520553304521778,2.9604466954782223,0.04664240657910995,0.05741806294036344,0.05322205421461978,-119246997.0,0.6653391466858538,0,0,-1,0,0,-0.007009345794392581,-0.5505169707649868,0.48373027490144205,0.9114834918195346,-0.06542056074766356,0.09289617486338786,-1.8160489843861003,0.08000000000000007,0.0
2021-09-09,3.92,4.0,-0.0988458346366326,-0.07644715450689417,-0.0692634708662241,0.40202824819344246,-0.020202707317519466,4.07,3.757,3.7623333333333333,3,9,9,4.018733690423378,4.086150646496494,68.64864864864863,-0.025452743916949405,-0.12178751392875596,4.5376097481763695,2.9763902518236303,0.04643997736435616,0.057438520760763376,0.050766370169334545,-124361915.0,0.41762225076177717,0,0,-1,0,0,-0.03749999999999998,-0.12806127837652434,0.4645659579581965,0.9118082496504025,-0.08624708624708632,0.09192200557103059,-1.3457232776751078,0.06887755102040817,0.0
2021-09-10,3.68,3.92,0.028170876966696224,0.008788506033079338,-0.004067802219325475,-0.2249177333070769,-0.06317890162153156,4.053,3.7689999999999997,3.751333333333333,4,10,9,3.9571457467100366,4.059947378980591,59.60591133004926,-0.048583630005321954,-0.10714673714406917,4.536357735829546,3.001642264170453,0.050453261948233796,0.05844450818828362,0.05180363417866846,-128446596.0,-0.23196482121545756,0,0,-1,0,0,0.01020408163265307,-0.3595808269674076,0.5504658132174918,0.9277778049820595,-0.13207547169811318,0.06976744186046524,-0.1668104194203759,0.08695652173913039,0.0
2021-09-13,3.64,3.68,-0.08151685767198905,-0.06720874969344999,-0.05301101596650371,0.13201212791989553,-0.010929070532190317,4.039,3.7784999999999997,3.738333333333333,0,13,9,3.8994828836718476,4.032853999691521,52.486187845303874,-0.06934334269558162,-0.09958605825437165,4.533839589017712,3.023160410982287,0.050267811033478625,0.05855124424740804,0.05181522912299301,-133107716.0,-0.36672247030004884,0,0,-1,0,0,-0.008152173913043546,-0.19961459938076964,0.5289327103170145,0.9294721873922573,-0.13947990543735234,0.05507246376811592,-0.05874436855595383,0.06868131868131867,0.0
2021-09-14,3.51,3.64,-0.019364367181791117,-0.018893949359961738,-0.005747142255567959,-0.6956325024445118,-0.03636764417087495,4.007000000000001,3.8005000000000004,3.7186666666666666,1,14,9,3.8286678139133294,3.9991214835823907,38.888888888888886,-0.09518820770708869,-0.09870648814491506,4.491874679438743,3.1091253205612577,0.0509267724010027,0.05299720858812611,0.05203312352633713,-135432491.0,-0.8403547559358937,0,0,-1,0,0,-0.016483516483516498,-0.745000126350008,0.38513793061103746,0.8413046046287894,-0.17990654205607481,0.14332247557003264,-0.08075006150792534,0.056980056980056905,0.0
2021-09-15,3.47,3.51,-0.04018206896247976,-0.04457562458870455,-0.03221361998365507,-0.18386586570120358,-0.011461443519006539,3.9260000000000006,3.803,3.7093333333333334,2,15,9,3.7634554841109056,3.96498461367385,40.127388535031855,-0.11754315086189226,-0.10247382068831051,4.4889215852072555,3.1170784147927444,0.02594250418640038,0.04685907159471211,0.049740541482375146,-137366814.0,-0.9709564684405775,0,0,-1,0,0,-0.02022792022792015,-0.7680702962017442,0.336411736656442,0.7438647006418745,-0.13249999999999995,0.014619883040935644,-1.220392036563922,0.04322766570605185,0.0
2021-09-16,3.44,3.47,-0.008468440154703676,-0.002853068982406399,0.0059347355198145265,0.2175866667061689,-0.008683122573460881,3.841,3.808,3.7023333333333333,3,16,9,3.704645396090741,3.9311146385981175,36.60130718954248,-0.13611134677107595,-0.1092013259048636,4.481048054904795,3.1349519450952044,0.025089229323957785,0.04655791457705203,0.04953339802487409,-139771319.0,-1.093532615741842,0,0,-1,0,0,-0.017291066282420765,-0.6035046148874142,0.36178483085351515,0.7390839811960118,-0.12244897959183676,0.029940119760479167,-1.2494956103161419,0.03488372093023259,0.0
2021-09-17,3.58,3.44,0.02032000249095753,0.025389234004819378,0.008836581800498164,0.43050648004265124,0.039891329027302025,3.775,3.8254999999999995,3.700333333333333,4,17,9,3.681982596801515,3.908462081269207,43.750000000000014,-0.13793986098173505,-0.11494903292023789,4.451850330759636,3.199149669240363,0.031915906358407416,0.04652183759334027,0.05010658222721337,-136073103.0,-0.7839063474342146,0,0,-1,0,0,0.011627906976744196,-0.25564170971155736,0.4433596393649037,0.7385112768342839,-0.02717391304347827,0.1083591331269349,1.2944202929620174,0.05027932960893847,0.0
2021-09-20,3.22,3.58,-0.030696230477048354,-0.037461815239088654,-0.06512520346592736,0.06821316476907728,-0.105981440856292,3.6739999999999995,3.822,3.688333333333333,0,20,9,3.5979857610194212,3.8640451728002265,34.031413612565444,-0.16651844207576394,-0.1252629147513431,4.461591975197815,3.1824080248021844,0.04096919665547349,0.05213616673773195,0.053343854682941054,-140032389.0,-1.8824501349123741,0,0,-1,0,0,-0.057318435754189954,-0.18900035665687173,0.816226827468981,0.8276359890014184,-0.11538461538461531,-0.02127659574468077,-0.6183001314163391,0.08167701863354047,0.0
2021-09-21,3.3,3.22,-0.016371280380937533,-0.0228146777661714,0.017067908512148018,-0.6719261415497149,0.024541108916117445,3.5759999999999996,3.8095000000000008,3.6743333333333337,1,21,9,3.543806531743163,3.827655161651825,18.18181818181816,-0.1806296558437266,-0.1363362629698198,4.48047650755061,3.1385234924493917,0.042488607129037195,0.049146473959850306,0.053025983953847375,-138010287.0,-1.5186820828047285,0,0,-1,0,0,0.0310559006211179,-0.6862777153282933,0.8689008218956575,0.7801760874808543,-0.05982905982905984,-0.07042253521126762,-1.3559869233804331,0.03939393939393936,0.0
2021-09-22,3.52,3.3,0.017910926566530243,0.06305813596713701,0.03328597763346676,0.3779085938311363,0.06453852113757116,3.528,3.7920000000000003,3.6696666666666666,2,22,9,3.539478071426224,3.8078064415452557,28.0,-0.17207713494006605,-0.14348443736386907,4.474490794231784,3.109509205768217,0.04856442155307064,0.04705306116628606,0.05443560185726895,-135059576.0,-0.7970803483325091,0,0,-1,0,0,0.024242424242424267,-0.3734029369023132,1.028753531793775,0.7469441896218224,0.014409221902017322,-0.09043927648578809,-1.333167931554314,0.06818181818181825,0.0
2021-09-23,3.55,3.52,0.04625101765075569,-0.002781642961876914,0.0014869891215783665,-0.24382940660995098,0.008486613877318725,3.4909999999999997,3.7805,3.6683333333333334,3,23,9,3.5413911493487285,3.791173767897175,30.05780346820808,-0.16102228654044515,-0.1469920071991843,4.4715396439237685,3.089460356076231,0.048854290022153024,0.04689364170603117,0.05433247898025405,-132747336.0,-0.6671107859780834,0,0,-1,0,0,0.005681818181818187,-0.5167567226530667,1.0220246241928272,0.7444134841459509,0.03197674418604657,-0.060846560846560815,-1.6229311880029749,0.06338028169014075,0.0
2021-09-24,3.37,3.55,-0.025752496102414625,-0.02954069655587106,-0.021021795142220624,-0.12237602848101006,-0.052034859123054,3.46,3.7565000000000004,3.666,4,24,9,3.510229122194414,3.7640012667425187,27.36842105263156,-0.16488504307589302,-0.15057061437452604,4.470341350500808,3.042658649499192,0.04769878187876756,0.047837242974790736,0.05459871990809869,-134793242.0,-1.0828736657769804,0,0,-1,0,0,-0.028169014084506942,-0.5642805648244994,1.0437542187793647,0.7593926899096078,-0.05865921787709494,-0.12467532467532472,-0.4369156871303044,0.056528189910979264,0.0
2021-09-27,3.36,3.37,-0.023461486678998045,-0.03073579644938897,-0.016832838150232395,0.6077260094893067,-0.002971770389157593,3.432,3.7355000000000005,3.663,0,27,9,3.482914736340884,3.737936668888163,25.268817204301058,-0.1668301082466752,-0.1538225131489559,4.470818763674052,3.000181236325949,0.04770618259494915,0.047746782149928294,0.05460123016643204,-138550039.0,-1.0213257665935216,0,0,-1,0,0,0.0,-0.11230105654073803,0.6774235038795353,0.757956668833729,0.04347826086956519,-0.11111111111111105,-0.1326785014964921,0.041666666666666574,0.0
2021-09-28,3.19,3.36,-0.002971770389157593,-2.9586236484889916e-05,-0.021841741915048868,0.022202985560286013,-0.05192005717835959,3.4,3.7035000000000005,3.6670000000000003,1,28,9,3.4296575115516323,3.7025859160566688,26.857142857142847,-0.18001407545174253,-0.15906082560951323,4.476253790707781,2.93074620929222,0.04892060281267132,0.04860393256584744,0.05142854886731404,-142391181.0,-1.329013215269189,0,0,-1,0,0,0.0,-0.06838705968908394,0.7731220970271222,0.771563509853915,-0.033333333333333326,-0.16710182767624027,0.7341070597005704,0.06579937304075241,0.0
2021-09-29,3.09,3.19,-0.05192005717835959,-0.04381719530557865,-0.028801990903706078,-0.18786388930962686,-0.03184982588709916,3.3620000000000005,3.6440000000000006,3.656,2,29,9,3.367901600360426,3.663064244053013,26.553672316384166,-0.19626916000896877,-0.16650249248940435,4.413097899456232,2.87490210054377,0.04945965092253775,0.03878238041769835,0.04724092177504041,-145574441.0,-1.4406488442932712,0,0,-1,0,0,0.0,-0.11320481627871272,0.43215816348041347,0.6156512030179868,-0.12215909090909094,-0.2780373831775702,0.3734337715941487,0.050161812297734566,0.0
2021-09-30,3.29,3.09,-0.022187914975362218,0.019893540519570572,-0.009788006366162932,0.0791359205710198,0.06271647386762655,3.347,3.594,3.654333333333333,3,30,9,3.3537376730221666,3.638995583146367,38.72832369942196,-0.19081352357934334,-0.17136469870739215,4.314771516465511,2.8732284835344895,0.05489378230671596,0.04260698075998278,0.04860471875652129,-142129035.0,-0.8435405480248234,0,0,-1,0,0,0.00970873786407775,0.3140303099539745,0.7657100212349404,0.6763648512373694,-0.07323943661971821,-0.2331002331002331,1.4499833551867742,0.07598784194528875,0.0
2021-10-01,3.11,3.29,0.04695698308777108,-0.003034903695153936,0.013029500290333897,-0.5539701576186457,-0.05626483858613782,3.3,3.5375,3.650333333333333,4,1,10,3.3094217324726816,3.6048668358466016,35.82887700534758,-0.1987236258230345,-0.1768364841305206,4.221262808982762,2.853737191017238,0.05473222637899213,0.043647252686149184,0.04928112339752626,-144108985.0,-1.2504336134806584,0,0,-1,0,0,-0.0060790273556231055,-1.1567044119770307,0.7781790366759334,0.6928786561124801,-0.07715133531157281,-0.26650943396226423,1.3999643881783201,0.06430868167202579,0.0
2021-10-04,3.02,3.11,-0.06311242331005629,-0.05948545328618,-0.053168667880678096,0.568876473260876,-0.029365894804364426,3.28,3.4770000000000003,3.6413333333333338,0,4,10,3.25679959929583,3.567133491598434,36.6120218579235,-0.2098358298507348,-0.18343635327456345,4.115389420833565,2.8386105791664358,0.04592221029944666,0.04366399197311508,0.04942352343458086,-147606134.0,-1.4317279863544154,0,0,-1,0,0,-0.012861736334405157,0.33468033946376996,0.7747581411161666,0.6931443840550979,-0.10119047619047616,-0.28605200945626486,1.9372876457859662,0.056291390728476796,0.0
2021-10-05,3.14,3.02,-0.006535970979785533,0.03797924806521647,0.031908668453828774,-0.3664052421978424,0.03896596853338371,3.2640000000000002,3.4200000000000004,3.6276666666666673,1,5,10,3.2355633085147697,3.539576492140471,41.361256544502616,-0.2065780315265604,-0.18806468892496286,3.951056543724131,2.88894345627587,0.047236300714265086,0.045018202013359085,0.047701514869173955,-145181834.0,-1.0545016469863995,0,0,-1,0,0,0.00993377483443702,-0.7717554136748738,0.8156260698164751,0.7146418019916924,-0.01567398119122254,-0.26635514018691586,0.5587713247341426,0.06210191082802557,0.0
2021-10-06,3.06,3.14,0.0032733253449693297,-0.025158559636154987,-0.001654260096026465,0.06837003735374002,-0.02580788395587259,3.218,3.3729999999999998,3.6006666666666667,2,6,10,3.2036427069666296,3.5086360732926987,40.3061224489796,-0.20805322621244526,-0.19206239638245937,3.851730778094935,2.8942692219050645,0.04042407690160918,0.043495666834908624,0.044479154153194145,-147777681.0,-1.3076243029351666,0,0,-1,0,0,-0.02547770700636945,-0.5431143214729984,0.8033398914929295,0.6904723053245287,-0.009708737864077555,-0.235,0.5081183619992268,0.03921568627450984,0.0
2021-10-07,3.38,3.06,0.03215711163453144,0.08833746125768663,0.03257617043461267,0.325844738119972,0.09946079353063787,3.2010000000000005,3.346,3.5873333333333335,3,7,10,3.2357076693363327,3.5003369717899444,45.32710280373831,-0.1813109630607892,-0.18991210971812536,3.74989680808295,2.94210319191705,0.05495336070036633,0.05067676822727707,0.04876920598612737,-144181913.0,0.1683598350844956,0,0,-1,0,0,0.03267973856209153,0.6703187987875099,1.0271670501032266,0.8044687558670082,0.027355623100303816,-0.1377551020408163,0.9944325864179653,0.09171597633136097,0.0
2021-10-08,3.49,3.38,0.07320340402329492,0.042802539234760316,0.07559496127530009,-0.3528727825292491,0.032026026719408435,3.213,3.3365,3.5753333333333335,4,8,10,3.2819426385479087,3.4996700703841417,57.14285714285714,-0.14951789690993822,-0.18183326715648795,3.715488959706739,2.957511040293261,0.05330056396302122,0.049642188221827296,0.049044960269059155,-141655287.0,0.8100499820299685,0,0,-1,0,0,0.0059171597633136145,-0.5362430736863416,0.8717381334243243,0.7880453074320886,0.12218649517684899,-0.05163043478260865,0.605153436029284,0.061604584527220584,0.0
2021-10-11,3.7,3.49,0.05715841383994862,0.05568308647680322,0.053519640390633116,0.72052110233026,0.05843108343584285,3.247,3.3394999999999997,3.572666666666667,0,11,10,3.357953067902834,3.512594581972262,59.90099009900991,-0.10615275508907285,-0.16669716474300494,3.7293974224083155,2.949602577591684,0.05595772834442036,0.05144396536357974,0.05023200594376388,-136461797.0,1.849204325451892,0,0,-1,0,0,0.031518624641833776,2.539389233269779,0.7485116398673299,0.8166476328423149,0.22516556291390732,0.016483516483516425,-0.25970366992878,0.0635135135135136,0.0
2021-10-12,3.64,3.7,0.016529301951210506,0.0013201322049228162,0.008415196925284498,-1.2901623359667693,-0.016349138001529526,3.2920000000000003,3.346,3.5663333333333336,1,12,10,3.4092343282841373,3.5208142863611487,53.22580645161291,-0.07575382340504344,-0.14850849647541264,3.751872679025819,2.9401273209741814,0.05271019843754509,0.0508717808433029,0.05026223735384367,-137891181.0,1.448730181620812,0,0,-1,0,0,-0.01081081081081082,-1.6297668560046643,0.8580212520549113,0.807564485174155,0.15923566878980888,0.0370370370370372,0.3523051399884579,0.05769230769230768,0.0
2021-10-13,3.72,3.64,-0.016529301951210582,0.002635047638005032,-0.02259983191724092,0.6398766246548317,0.02173998663640582,3.3549999999999995,3.3585000000000003,3.5476666666666667,2,13,10,3.465737177687021,3.5336649775636557,54.45026178010472,-0.04469193877049005,-0.12774518493442813,3.794716990909962,2.9222830090900387,0.050193149503068066,0.05092045812805747,0.04531243728609494,-135180716.0,1.6574320007384407,0,0,-1,0,0,-0.010989010989010999,-0.2985312673731984,0.715041939736571,0.8083372131139058,0.21568627450980404,0.07204610951008639,0.35876365728737847,0.08064516129032252,0.0
2021-10-14,3.53,3.72,0.038151765964376326,-0.013245226750020567,0.0028530689824064807,-0.5466830078353362,-0.05242579733984986,3.379,3.3630000000000004,3.5223333333333335,3,14,10,3.4774213271984715,3.5334285273982586,54.16666666666666,-0.03500308968335597,-0.1091967658842137,3.8045808920358457,2.921419107964155,0.05201194715173633,0.05236963599540673,0.04611046841210722,-136749714.0,0.7563733078669682,0,0,-1,0,0,0.00537634408602151,-1.4480603343055651,0.6912738937795566,0.8313421985689364,0.044378698224851965,0.026162790697674465,-0.47708721297441387,0.06798866855524086,0.0
2021-10-15,3.6,3.53,-0.04932506656250156,-0.010723963362975724,-0.01434744840814154,0.42340229513826055,0.019635974516858935,3.428,3.364,3.501,4,15,10,3.499708358616931,3.5377234611145005,56.06060606060606,-0.021429169860862185,-0.0916432466795434,3.8077353407519228,2.920264659248077,0.047093584651645135,0.051775014525745545,0.046322265941490776,-134353621.0,1.0636971109855304,0,0,-1,0,0,0.00849858356940517,-0.5091611736868853,0.6701183322893943,0.821902875371277,0.03151862464183375,0.005586592178770999,-0.28388222510078814,0.06944444444444445,0.0
2021-10-18,3.52,3.6,0.00839165763624838,-0.009043464552709494,0.01719240054037277,-0.4274346384958292,-0.02247285585205863,3.478,3.379,3.4773333333333336,0,18,10,3.503397747959307,3.5365800120103392,58.73015873015872,-0.016931891710921576,-0.07670097568581905,3.82252179083785,2.93547820916215,0.04642919704714387,0.046319538984227554,0.0464338547541899,-135916305.0,0.6358199435190737,0,0,-1,0,0,-0.002777777777777842,-1.2637558617325124,0.488420031439186,0.7352998859725648,-0.04864864864864871,0.09316770186335388,-0.2480060812423836,0.04448863636363638,0.0
2021-10-19,3.73,3.52,0.0165749650942126,0.019767427915685098,0.01969121289018168,-0.020399483914795184,0.057947244045718375,3.5370000000000004,3.4005,3.459,1,19,10,3.544598157421251,3.5490587209128983,66.0,0.0035367095941420956,-0.06065343862982682,3.8688891769173095,2.9321108230826907,0.047945320029384814,0.04771912791645586,0.047834076629340715,-134385176.0,1.4069496744933143,0,0,-1,0,0,0.03693181818181815,-1.2369167327283164,0.681831596179608,0.757517671486932,0.024725274725274637,0.13030303030303036,-0.20548612528126936,0.042895442359249365,0.0
2021-10-20,3.74,3.73,0.0402738991379399,0.023716526617316065,0.024760549680652118,0.1360611249991051,0.0026773777707163942,3.6049999999999995,3.4115,3.4503333333333335,2,20,10,3.5801257651628418,3.5613775131120664,62.43093922651933,0.020330779453161973,-0.044456595013229065,3.9015386665738574,2.921461333426143,0.04586530805645744,0.04562177883267122,0.04638682753974731,-132630882.0,1.3407105292189814,0,0,-1,0,0,0.01876675603217154,-0.9231128479321347,0.6662751642316159,0.724223286957832,0.005376344086021501,0.0625,0.21641921415153126,0.04278074866310152,0.0
2021-10-21,3.65,3.74,-0.032088314551500394,-0.007843177461025893,-0.010929070532190317,-0.09620267472316803,-0.024358443832040527,3.6320000000000006,3.4165,3.441333333333333,3,21,10,3.5928301714968702,3.567095092911288,65.69767441860463,0.02607734951987961,-0.030349806106607334,3.9144653338183812,2.918534666181619,0.03707852086546522,0.046032125814440036,0.04644951503505224,-134224272.0,0.9378162861640578,0,0,-1,0,0,-0.016042780748663114,-1.0222516720219939,0.5484756391825594,0.7307373433478696,0.03399433427762033,0.028169014084507005,0.9151798842363328,0.04657534246575341,0.0
2021-10-22,3.68,3.65,0.005420067469339113,0.010443959161083314,0.002743485945750834,0.2669299424994294,0.008185584586439502,3.6510000000000007,3.432,3.4413333333333336,4,22,10,3.608679231224712,3.574379280465399,69.87951807228913,0.03267563262605577,-0.017744718360074713,3.942999021526108,2.921000978473892,0.03609830627613051,0.04430923721211632,0.04507203837484084,-132143386.0,0.9706476511807932,0,0,-1,0,0,0.013698630136986375,-0.5445262660606212,0.5376882890116127,0.7033873346773722,0.022222222222222143,0.09198813056379818,1.2931301169126814,0.05434782608695657,0.0
2021-10-25,3.49,3.68,-0.005420067469339256,-0.04516039611885331,-0.06216690641655156,-0.28891467887444977,-0.05301101596650371,3.63,3.4385000000000003,3.4363333333333332,0,25,10,3.587101189183855,3.5689354559192443,60.11560693641618,0.022316160613788938,-0.009732542565301983,3.9489497500920736,2.928050249907927,0.03470712010503057,0.04608894554887184,0.04604536289707234,-133702128.0,0.20178283950853323,0,0,-1,0,0,0.0,-0.9594388728013492,0.6580486779147614,0.7316393286690732,-0.008522727272727182,0.038690476190476275,0.4827622708307172,0.07163323782234957,0.0
2021-10-26,3.35,3.49,-0.047296714703065276,-0.047296714703065276,-0.03863779270541406,0.17232117364275415,-0.04094139037736076,3.601,3.4465000000000003,3.431,1,26,10,3.543991882059517,3.5548105877954224,58.10055865921787,0.002777358773821348,-0.007230562297477317,3.9454367642672574,2.9475632357327433,0.03632843649313146,0.045504667045618265,0.04616864357027299,-135554006.0,-0.38682256715125407,0,0,-1,0,0,0.005730659025787843,-0.5923096790719323,0.41452896196224776,0.7223641949730132,-0.10187667560321712,0.050156739811912265,0.054442171760241215,0.06268656716417909,0.0
2021-10-27,3.3,3.35,-0.04665569164079928,-0.03184060585565866,-0.02144033123786929,0.060528371484686,-0.015037877364540559,3.559,3.457,3.4253333333333336,2,27,10,3.4996297216850594,3.5383711950344274,47.368421052631575,-0.016551074106766706,-0.009094664659335196,3.932642501753493,2.9813574982465068,0.03482488871970095,0.04498959384088404,0.04620177900850154,-137521437.0,-0.6601596763165921,0,0,-1,0,0,0.0,-0.4149441854948334,0.36737437534727835,0.7141876613326943,-0.11764705882352955,0.06796116504854366,0.40839114199420606,0.05151515151515149,0.0
2021-10-28,3.28,3.3,-0.033387016032737055,-0.020803127629763173,-0.009331327428884192,-0.45826079362885647,-0.006079046076382226,3.534,3.4564999999999997,3.4200000000000004,3,28,10,3.4596970450150484,3.5217020856773678,42.65734265734265,-0.033101258567548975,-0.013895983440977953,3.932902085815184,2.980097914184815,0.03190870726577439,0.0427070490748245,0.04618875207146725,-138765606.0,-0.7409707272712122,0,0,-1,0,0,-0.018181818181818063,-1.0628302757843993,0.390250752281053,0.6779533864885003,-0.10136986301369866,-0.003039513677811634,-0.22227252164321668,0.03963414634146339,0.0
2021-10-29,3.15,3.28,0.009216655104924048,-0.009049835519917927,-0.028528083614538166,0.5383346621091067,-0.04044096955851059,3.489,3.4585,3.405666666666667,4,29,10,3.4033884913759485,3.4977213059562473,29.629629629629648,-0.056061075355141377,-0.02232900182381064,3.9290774727878226,2.987922527212177,0.03192237766971769,0.04180095988080157,0.04604283098931943,-140897056.0,-1.3111549865418166,0,0,-1,0,0,-0.003048780487804813,-0.13640244784444427,0.3035123326215263,0.6635696664503347,-0.1440217391304348,0.012861736334405238,0.42752703374509243,0.060317460317460304,0.0
2021-11-01,3.37,3.15,-0.025333490691752746,0.02985296314968113,0.022258470600942697,0.20610040760953732,0.06751029152672863,3.474,3.476,3.4106666666666667,0,1,11,3.3973178565803215,3.4894812217010056,41.059602649006635,-0.05586080559778317,-0.02903536257860515,3.901819334065274,3.050180665934726,0.04091492041262407,0.043808645526155994,0.04409205606447913,-138277767.0,-0.49786372538805895,0,0,-1,0,0,0.012126984126984201,0.4438424502003073,0.7155189935558678,0.6954406880207469,-0.034383954154727836,0.11589403973509937,1.6477247878615466,0.06528189910979221,0.0
2021-11-02,3.18,3.37,0.034465974255025164,-0.02381064869371856,-0.006309169193264721,-0.11207869995770922,-0.05803154757218484,3.4189999999999996,3.478,3.4066666666666663,1,2,11,3.3578055190202627,3.469514691268683,33.33333333333336,-0.07022400387224303,-0.037273090837332726,3.8975034658919667,3.0584965341080337,0.03727242230055044,0.045207789277824276,0.04515018839174818,-140619343.0,-1.4207272369794586,0,0,-1,0,0,-0.02077151335311581,0.14227222100347617,0.7712651491961369,0.7176514065128119,-0.05074626865671639,0.01273885350318471,1.3333914748551043,0.05031446540880494,0.0
2021-11-03,3.24,3.18,-0.03390155167568134,-0.015174798019235115,0.0015810279973187732,-0.16597082504149924,0.018692133012152546,3.3689999999999998,3.4869999999999997,3.3973333333333335,2,3,11,3.3363863337438513,3.454707291831994,40.26845637583895,-0.07589062355881726,-0.04499659738162964,3.875308070860459,3.0986919291395405,0.03846789906125205,0.044897031397849715,0.04352083027711338,-138635862.0,-1.2721857645279817,0,0,-1,0,0,0.0031446540880502474,-0.21998560504333128,0.7931042863442298,0.7127182781026139,-0.018181818181818077,0.05882352941176472,0.6209734656654371,0.0324074074074074,0.0
2021-11-04,3.15,3.24,0.030866647980527264,0.030122759455108297,-0.007930255675977443,0.09654823606368765,-0.02817087696669645,3.319,3.4755000000000003,3.384,3,4,11,3.3024979094267874,3.435048756875091,35.09933774834438,-0.08664491962597598,-0.053326261830498906,3.8898974700194615,3.061102529980539,0.03859797530442524,0.03857008593447227,0.0437264338256207,-140820394.0,-1.5709555368893247,0,0,-1,0,0,0.015432098765432042,0.08701569103167967,0.8136672260120136,0.6122811325740236,-0.03963414634146334,-0.06804733727810652,0.9512029801710135,0.073015873015873,0.0
2021-11-05,3.2,3.15,-0.032560872337091824,-0.016455120726444592,-0.012820688429061434,0.19344590512103663,0.01574835696813933,3.271,3.461,3.378333333333333,4,5,11,3.2838619258946444,3.4198843209476664,39.1891891891892,-0.09009463968285525,-0.06067993740097018,3.893174428723799,3.028825571276201,0.03915845230129647,0.037940691585476055,0.042907165674958975,-138169631.0,-1.2078456412644611,0,0,-1,0,0,0.010984126984127044,0.6323429677154985,0.7676030625197346,0.6022898070298234,0.01587301587301604,-0.08309455587392556,0.1318847336468521,0.06718749999999996,0.0
2021-11-08,3.29,3.2,0.0157022355126752,0.0105027221991492,0.03174869831458027,-0.4341664420539117,0.02773675497159962,3.251,3.4405,3.376,0,8,11,3.2849779393683454,3.41150468733814,33.823529411764724,-0.08459120508715845,-0.06546219093820783,3.86374436142059,3.0172556385794103,0.03857788048511618,0.03571492018209428,0.04322851697993251,-136452455.0,-0.7111730892048149,0,0,-1,0,0,0.010937499999999906,-0.5210107048023757,0.5755789399574786,0.5669567813780589,-0.023738872403560873,-0.11081081081081079,-0.8751684988301172,0.045592705167173224,0.0
2021-11-09,3.5,3.29,0.02894337603948872,0.09395240634386451,0.03982149418667151,0.8475217078823627,0.06187540371808745,3.2660000000000005,3.4335,3.3863333333333334,1,9,11,3.3240728594831914,3.4172140623485827,42.30769230769231,-0.06256325826617459,-0.06488240440380119,3.8473789550995843,3.0196210449004157,0.04198380884600688,0.03877543667484825,0.04363928573431896,-132444814.0,0.3213499946330894,0,0,-1,0,0,0.012158054711246211,3.1301426265874936,0.5197453848110241,0.6155409745174907,0.10062893081761004,-0.03846153846153855,-0.2566141247079295,0.10000000000000002,0.0
2021-11-10,3.42,3.5,0.05832556695285292,-0.016438726343159835,0.01933145701830694,-0.7197356710217482,-0.023122417420854264,3.278,3.4184999999999994,3.3973333333333335,2,10,11,3.341514157758975,3.4173938002615776,42.580645161290334,-0.05097369014983544,-0.062100661553008044,3.8097880215264888,3.02721197847351,0.042477786733369056,0.03865778487442053,0.04342913775777854,-134396058.0,0.007666986554552394,0,0,-1,0,0,0.008571428571428516,-0.13934096998481302,0.6022413979793197,0.6136733100861061,0.05555555555555536,-0.08064516129032262,0.36543431843943397,0.06578947368421055,0.0
2021-11-11,3.76,3.42,0.016854331554982182,0.03794493156412347,0.047456783853279685,0.557710719759253,0.0947784063272893,3.3259999999999996,3.4300000000000006,3.413,3,11,11,3.417602492711888,3.4394974260511537,52.150537634408586,-0.01419014031338861,-0.05251855730508416,3.8477130720087125,3.0122869279912887,0.051692305822080474,0.0432781986159431,0.04550605182959574,-130987880.0,1.5800319507028333,0,0,-1,0,0,0.04970760233918127,1.934192445213754,0.7413332482633449,0.6870201043718712,0.19365079365079363,0.06515580736543902,0.16809006094469092,0.05319148936170206,0.0
2021-11-12,3.96,3.76,0.04360363748213193,0.051825067864586155,0.04162167469081945,0.12350855412686225,0.051825067864586155,3.407,3.4479999999999995,3.4413333333333336,4,12,11,3.5162202213097267,3.47307823727366,62.566844919786085,0.03074500716888018,-0.035865844410291295,3.923576104929153,2.972423895070846,0.049073442080112537,0.044543508057715224,0.044847142570378355,-127131664.0,2.1531779864182736,0,0,-1,0,0,-0.00265957446808505,2.1621923331304145,0.7218041614018244,0.7071062690586973,0.23749999999999982,0.09999999999999987,-0.587528676358197,0.06280303030303028,0.0
2021-11-15,3.77,3.96,0.057010254716779576,0.010050335853501506,-0.02767444720996906,0.4576783460576043,-0.049169023806469814,3.447,3.4605000000000006,3.466333333333333,0,15,11,3.5623619992534126,3.492234480030198,60.93749999999999,0.05044354143938845,-0.018603967240355346,3.956737421954457,2.964262578045544,0.05100705872688444,0.045749403210398984,0.04553265130846588,-133226030.0,1.2473867802271656,0,0,-1,0,0,0.0025252525252525836,3.205014207524334,0.9840794223042079,0.7262492611460143,0.14589665653495443,0.07102272727272729,-0.3421218943584056,0.10344827586206899,0.0
2021-11-16,3.45,3.77,-0.15205380340367358,-0.12075620113579982,-0.07176679836967668,-0.7082105959953813,-0.08870077041665099,3.474,3.4464999999999995,3.4766666666666666,1,16,11,3.5419325448437013,3.4895096748669596,53.424657534246585,0.03977494531013548,-0.0069281847302571815,3.9262488377985494,2.9667511622014495,0.055845883204682145,0.047927610729325144,0.048182918670411495,-136227656.0,0.01459096812432676,0,0,-1,0,0,-0.09549071618037132,0.44357343172208435,1.1969214291806538,0.7608272335398321,-0.014285714285714235,-0.07506702412868627,0.4292278659966281,0.05362318840579711,0.0
2021-11-17,3.17,3.45,0.004389180418763187,-0.03443668826990227,-0.06453852113757118,-0.012729150836551188,-0.0846426431540792,3.467,3.418,3.4803333333333337,2,17,11,3.47430844578121,3.468896147456188,47.75510204081633,0.008626900532969994,-0.003817167677611747,3.8920242054674654,2.943975794532535,0.06255294227676471,0.050990490951282594,0.05038949127658374,-139191316.0,-1.046360068281457,0,0,-1,0,0,-0.007246376811594305,0.35962122790151774,1.3293902145553913,0.8094489497170985,-0.07309941520467833,-0.15240641711229952,0.652283646579733,0.0867507886435331,0.0
2021-11-18,3.11,3.17,-0.08052944411536779,-0.08052944411536779,-0.055479152320228646,0.21768758458043266,-0.019108861698046473,3.463,3.3909999999999996,3.4713333333333334,3,18,11,3.4080705465482626,3.445741557297725,49.15966386554622,-0.020661475295669085,-0.007186029201223215,3.870864015826206,2.911135984173793,0.062184417349510725,0.05091292039775258,0.046660604211186285,-142875734.0,-1.1711651248372414,0,0,-1,0,0,-0.0031545741324920462,0.9070433147868918,0.8986565572046803,0.8082175553548863,-0.1728723404255319,-0.1479452054794521,1.15299937833618,0.057877813504823204,0.0
2021-11-19,3.08,3.11,-0.02564243061333767,0.003159560290368518,0.026491615446976285,-0.9378208217496092,-0.00969312920565957,3.4509999999999996,3.3609999999999998,3.457666666666667,4,19,11,3.34842135626676,3.422145327794646,43.37899543378995,-0.04576591247997941,-0.014902005856974456,3.8398099282273366,2.882190071772663,0.062005127002800066,0.050793079204965876,0.046225971276032146,-144318110.0,-1.173743414387106,0,0,-1,0,0,-0.009646302250803797,-1.0351663681993646,0.548452367277068,0.8063151353972764,-0.2222222222222222,-0.16304347826086962,0.018156929496383725,0.03571428571428567,0.0
2021-11-22,3.04,3.08,0.003241493924171023,0.0,-0.02649161544697634,0.3453591716243673,-0.013072081567352775,3.4259999999999997,3.3385,3.4356666666666666,0,22,11,3.29234474603644,3.3974907905175726,46.56862745098039,-0.0681039654023885,-0.025542397766057268,3.833794702279271,2.8432052977207287,0.06113608604976098,0.04975608016811487,0.044675128401411135,-146355462.0,-1.205342995296934,0,0,-1,0,0,0.0032467532467531776,-0.547588700702677,0.6040618388238402,0.7898532860293488,-0.19363395225464186,-0.1289398280802293,-0.5797395508483553,0.06249999999999998,0.0
2021-11-23,2.97,3.04,-0.019608471388376313,-0.03603588474481301,-0.016920877488337063,0.1358627687784587,-0.023295562603522068,3.373,3.3195,3.4133333333333336,1,23,11,3.233736610393451,3.3699107395164387,43.41463414634146,-0.0904132209353028,-0.038516562399906376,3.8413781870378503,2.79762181296215,0.05603879858625652,0.0492786045263393,0.04474834379694498,-148689299.0,-1.3393930180670752,0,0,-1,0,0,-0.003289473684210602,-0.31041877372467136,0.46881001250864596,0.7822735951979741,-0.13913043478260867,-0.11343283582089547,-2.0666537839533343,0.043030303030302926,0.0
2021-11-24,2.92,2.97,-0.020000666706669428,-0.024095956299810803,-0.013745920904635126,0.2580132993289273,-0.016978336534417906,3.3229999999999995,3.3004999999999995,3.3866666666666663,2,24,11,3.176693590321914,3.3408842401927976,44.278606965174134,-0.11085023628518931,-0.052983297176962964,3.8521854557679718,2.7488145442320273,0.05597593958789706,0.04930098901003782,0.04447795746954489,-151710115.0,-1.3794092123393962,0,0,-1,0,0,0.0,0.2591517329354227,0.08236383885213609,0.7826289378605312,-0.07886435331230279,-0.11515151515151512,0.00980718892225094,0.03253424657534238,0.0
2021-11-26,2.78,2.92,-0.05182506786458614,-0.05686286189454321,-0.07917802971218268,-0.09233643695107266,-0.049132688577644766,3.225,3.2755,3.3616666666666664,4,26,11,3.1045674829906567,3.304698160180359,39.99999999999999,-0.136766983510483,-0.06974003444366697,3.874392838143521,2.676607161856479,0.03976870736013592,0.05023144780868035,0.04437476736035665,-154464490.0,-1.6547200715773354,0,0,-1,0,0,-0.034246575342465786,-0.05218156446999081,0.24266369430736412,0.7973995133789316,-0.1061093247588425,-0.15243902439024393,-1.6872139365994507,0.05395683453237407,0.0
2021-11-29,2.72,2.78,-0.014285957247476541,-0.0071174677688639896,-0.011299555253933282,-0.17696606602374237,-0.02181904739463961,3.101,3.254,3.332333333333333,0,29,11,3.0346461224469006,3.266975698233239,36.23188405797102,-0.16029985403160518,-0.08785199836125462,3.9008189366760697,2.6071810633239303,0.027831798591308795,0.049775155180729766,0.04415546268047774,-156772128.0,-1.6511575951816317,0,0,-1,0,0,0.0,-0.48805644063244974,0.21761073099563782,0.7901560924671553,-0.11688311688311681,-0.13650793650793647,-1.7693535500029132,0.058823529411764594,0.0
2021-11-30,2.78,2.72,-0.029199154692262124,0.0017841217935016136,-0.003795070968551721,0.268022559615773,0.021819047394639673,3.002,3.2245,3.3076666666666665,1,30,11,2.9883468274565548,3.23555791125045,31.249999999999986,-0.1721241844509276,-0.10470643557918921,3.9021266632427487,2.546873336757251,0.0329610350760803,0.047005834998220135,0.04441559928219036,-153755176.0,-1.311931847170439,0,0,-1,0,0,-0.007352941176470594,0.17123869090001118,0.3999821903451125,0.7461944974453605,-0.08552631578947378,-0.17507418397626118,0.8645395746519221,0.06294964028776988,0.0
2021-12-01,2.55,2.78,0.030996100368963917,0.005333345975362382,-0.030890487019338445,-0.13642553214784883,-0.08635756853221097,2.912,3.193,3.2683333333333335,2,1,12,2.908647404282635,3.1913283685891307,28.985507246376798,-0.19777431017032887,-0.12332001049741714,3.9348639398594734,2.4511360601405268,0.032564810647480534,0.048754613320034786,0.04466647139672428,-156387380.0,-1.7334715045505507,0,0,-1,0,0,0.0017985611510792582,-0.21170508841599545,0.6176498950217113,0.7739554926715752,-0.14141414141414155,-0.19811320754716988,-0.13598355805842804,0.10588235294117648,0.0
2021-12-02,2.56,2.55,-0.07258999766780103,-0.06975303876034897,-0.023810648693718333,-0.28060388255544544,0.003913899321136315,2.851,3.159,3.2289999999999996,3,2,12,2.8452569671403376,3.1505975060995093,15.517241379310349,-0.21481900342432914,-0.14161980908279953,3.95233805099627,2.3656619490037296,0.028344957872136284,0.04840456434060595,0.04468075440323837,-154399204.0,-1.5100750537498573,0,0,-1,0,0,0.015686274509803935,-0.8311694485504185,0.6603687921855957,0.7683986373940112,-0.12328767123287665,-0.2098765432098766,-0.4095109563337087,0.054687499999999875,0.0
2021-12-03,2.27,2.56,-0.059659836406335875,-0.0668631474781559,-0.22817627456882014,1.7958283676887001,-0.1202274269981598,2.7670000000000003,3.1149999999999998,3.1830000000000003,4,3,12,2.7406647912966395,3.093784763770509,3.825136612021865,-0.24885893114841107,-0.16306763349592185,4.002468309293729,2.2275316907062708,0.040682424387350986,0.053508734220974914,0.0483572500670642,-166376897.0,-1.9042933503112316,0,0,-1,0,0,-0.04687500000000004,3.7911042063041167,0.9154329292075396,0.8494248223113067,-0.1834532374100719,-0.27936507936507937,-0.45304681419871706,0.21052863436123356,0.0
2021-12-06,2.35,2.27,-0.06344622173896224,-0.03723074356447744,0.1088860796218651,-0.1822887797336394,0.03463549666275634,2.694,3.0725,3.1386666666666665,0,6,12,2.669634829242705,3.045798649978863,8.720930232558132,-0.2663106245943623,-0.18371623171560997,4.022067768708003,2.122932231291997,0.04540532430989626,0.054264416483806435,0.04904316192111377,-156395159.0,-1.52174499558477,0,0,-1,0,0,0.008810572687224677,2.3150631842675153,1.058596342395572,0.8614209063371152,-0.13602941176470595,-0.265625,-0.6026134337147913,0.06808510638297878,0.0
2021-12-07,2.51,2.35,0.042741548377271114,0.08683555281335253,0.07830085041375799,-1.1035120993064664,0.06586742498762481,2.641,3.0334999999999996,3.1060000000000003,1,7,12,2.6406103148349405,3.0112309951415175,19.87179487179486,-0.2641851921136191,-0.19981002379521182,4.009167652647012,2.0578323473529876,0.05429782415601505,0.05657959416956458,0.05069043501089042,-153084176.0,-1.0731113173214888,0,0,-1,0,0,0.017021276595744695,-0.17880049042497706,1.2294962850840698,0.8981732127217678,-0.09712230215827344,-0.237082066869301,-0.31804363151666043,0.07768924302788839,0.0
2021-12-08,2.64,2.51,0.06479999322691543,0.03795522000043553,0.01659789140903783,-0.07597513745638475,0.05049616401453245,2.608,2.9905,3.082333333333333,2,8,12,2.6404993485013146,2.987280608358194,31.20567375886526,-0.24913893940518905,-0.20967580691720727,3.955344683438001,2.025655316561999,0.058463528418347156,0.055790101289661574,0.051557281743177905,-150015427.0,-0.7265418072286495,0,0,-1,0,0,0.0159362549800797,-0.2515178870070514,1.1499246494234492,0.8856404017892905,0.03529411764705892,-0.24571428571428566,-1.6831168211114966,0.09659090909090905,0.0
2021-12-09,2.61,2.64,0.033927695124788215,0.0018604656529196708,0.059898141581069014,-0.23810552090124856,-0.011428695823622857,2.577,2.95,3.0593333333333335,3,9,12,2.6349540124101662,2.9629399239479883,31.8840579710145,-0.23690453697658853,-0.21512155292908353,3.9069028988854737,1.9930971011145266,0.05841936862430973,0.05573704401074921,0.0515415775967561,-152433968.0,-0.7106259169995326,0,0,-1,0,0,-0.0007575757575758424,-0.506029164231351,1.1593859210043955,0.884798143597827,0.01953125,-0.23684210526315796,-1.4418886981250911,0.042145593869731754,0.0
2021-12-10,2.67,2.61,-0.033927695124788056,0.0037105793965357746,-0.01562531790308087,0.31092889716623734,0.02272825107755609,2.566,2.8954999999999997,3.039,4,10,12,2.6413260101537723,2.9440405740158604,35.46099290780141,-0.21983308735900575,-0.21606385981506798,3.7795451286412787,2.011454871358721,0.05754336386451825,0.05002889870382681,0.05182210362630907,-149133404.0,-0.5101549518101615,0,0,-1,0,0,-0.022988505747126457,-0.17246557986167943,0.4799851217738464,0.7941841460206044,0.17621145374449343,-0.2898936170212766,-0.6377376193570916,0.05992509363295886,0.0
2021-12-13,2.54,2.67,0.03468555798789011,-0.013047715392475632,-0.019881370553828933,-0.3811744588283546,-0.049914391381712955,2.5479999999999996,2.8244999999999996,3.018666666666667,0,13,12,2.622903099216723,2.9179734402083857,33.33333333333333,-0.2143231699964092,-0.21571572185133622,3.5650112032278516,2.0839887967721475,0.05915859179166533,0.04777540970019221,0.05205347030485087,-151387883.0,-0.7683881047575728,0,0,-1,0,0,-0.011235955056179702,-0.5312100061727675,0.7519346530186349,0.758411117105589,0.08085106382978724,-0.35858585858585856,-0.4659545954948328,0.06889763779527552,0.0
2021-12-14,2.55,2.54,-0.0746908926015891,-0.009425140459582997,-0.024391453124159124,-0.2787305272563561,0.003929278139889557,2.525,2.7635,2.991333333333333,1,14,12,2.6096479902682272,2.894233218259458,35.41666666666666,-0.20676613308843317,-0.21392580409875564,3.363790280658729,2.163209719341271,0.05850482356652766,0.047633823070319346,0.05010409050541535,-149681820.0,-0.7113225280466506,0,0,-1,0,0,-0.035433070866141676,-0.660895824941576,0.5969613008192386,0.756163499035897,0.015936254980079667,-0.323607427055703,-0.23002104215442443,0.08235294117647057,0.0
2021-12-15,2.49,2.55,0.004073325387635648,-0.035862721160904776,-0.014508026489578633,0.1339937539866169,-0.023810648693718333,2.519,2.7154999999999996,2.9683333333333337,2,15,12,2.5878938102194584,2.868153655791106,35.17241379310346,-0.2032753932535405,-0.21179572192971263,3.2323925369335003,2.198607463066499,0.05269789654667261,0.04502097042807335,0.04936435467996213,-151632508.0,-0.8725217869764307,0,0,-1,0,0,-0.03529411764705877,-0.5448444810095866,0.4314956806137743,0.7146857492128513,-0.05681818181818177,-0.27826086956521734,-0.20682259236509096,0.06104417670682736,0.0
2021-12-16,2.52,2.49,0.032002731086173734,0.03586272116090488,0.0429075010112766,-0.20982291035937356,0.01197619104671562,2.515,2.6830000000000003,2.9443333333333332,3,16,12,2.5755494810886477,2.8456921296110345,40.29850746268656,-0.19583079203527953,-0.208602735950826,3.1597477541146293,2.2062522458853713,0.05284621346570011,0.042590662670243105,0.04925704798932703,-150051031.0,-0.6837997603269613,0,0,-1,0,0,0.02008032128514049,-0.6498412962053425,0.46229662387063175,0.6761058095934325,-0.03448275862068961,-0.20504731861198733,-0.7651668070742391,0.0555555555555556,0.0
2021-12-17,2.7,2.52,-0.03200273108617383,0.042638525446652926,-0.03666398437159136,1.355740666178325,0.06899287148695142,2.558,2.6625,2.9293333333333336,4,17,12,2.5981768481634386,2.836292637378065,49.31506849315068,-0.17340746296643994,-0.2015636813539488,3.095160070774758,2.229839929225242,0.039573333946371116,0.04628439452107758,0.051119787613187334,-143915480.0,0.1733462481659072,0,0,-1,0,0,-0.02380952380952383,0.9638564723109032,0.7161491014113145,0.7347419849158306,0.011235955056179803,-0.13183279742765264,0.7416692946262065,0.12777777777777768,0.0
2021-12-20,2.48,2.7,0.051496525767174846,-0.06175956689343141,0.020534602441707735,-0.9779685692902625,-0.08499321283339271,2.571,2.6325,2.905333333333333,0,20,12,2.5766901484973586,2.8133060156117384,40.74074074074074,-0.17141303178183387,-0.19553355143952583,3.0245727644612606,2.240427235538739,0.04986265550504706,0.049272583482296343,0.05288424334059664,-146222903.0,-0.7779168247483198,0,0,-1,0,0,-0.040740740740740855,-0.43548057339757257,0.8836282507687561,0.7821780140869503,-0.023622047244094557,-0.19480519480519487,-0.13694918858648883,0.05241935483870964,0.0
2021-12-21,2.63,2.48,-0.023438572972017582,0.03042059670071172,0.028057952795157312,-0.4064986125375913,0.05872528601278243,2.5829999999999997,2.612,2.8833333333333333,1,21,12,2.586382848770566,2.8014798210561427,52.597402597402606,-0.15593120641746339,-0.18761308243511335,2.95404339521652,2.2699566047834803,0.04886789908184725,0.051686295126404484,0.053946680641113916,-144686210.0,0.10524980310527825,0,0,-1,0,0,0.020161290322580575,-0.7026420977840151,0.99753779852224,0.8204944985685362,0.031372549019607954,-0.13486842105263164,-0.5676384282630298,0.05323193916349815,0.0
2021-12-22,2.56,2.63,0.019570096194097296,-0.00563381771825602,-0.003960401216096794,0.02087714939672091,-0.026976587698201968,2.575,2.5915,2.852,2,22,12,2.581585967175917,2.785900477762198,50.0,-0.14760862293919663,-0.17961219053593003,2.889512716084546,2.2934872839154536,0.04691277040973554,0.05175499602087151,0.05241423689540605,-146255322.0,-0.21140037521797087,0,0,-1,0,0,-0.019011406844106397,-0.6717693261563406,1.0038635904228306,0.8215850914581808,0.028112449799196693,-0.13804713804713808,-0.5246527833899858,0.05273437499999992,0.0
2021-12-23,2.55,2.56,-0.007782140442054963,-0.02478677898245581,-0.02731410124671455,-0.3618288718273121,-0.0039138993211364406,2.569,2.573,2.823,3,23,12,2.575843064053023,2.770681092100121,60.606060606060595,-0.14020365157657455,-0.17173048274405894,2.8279798753682868,2.318020124631713,0.04680794158687533,0.051694608597763855,0.052356023297145365,-147348054.0,-0.1804063945578409,0,0,-1,0,0,0.0,-0.7943809264734365,1.005370580435139,0.8206264708350275,0.011904761904761862,-0.12671232876712335,-0.27253519305887064,0.054078431372548905,0.0
2021-12-27,2.44,2.55,-0.023716526617316044,-0.003868476777920206,-0.017318052774053738,0.6090596321476167,-0.04409531986522423,2.5460000000000003,2.556,2.7790000000000004,0,27,12,2.551144325134292,2.7493468280936617,53.33333333333333,-0.14157920220042852,-0.16570022663533285,2.797869908488639,2.314130091511361,0.04765334116341833,0.051497428555867,0.04856522175167121,-149357262.0,-0.9591933178033096,0,0,-1,0,0,-0.019607843137254832,-0.4558395102653705,0.8358659186291442,0.8174963347088413,-0.09629629629629632,-0.1223021582733812,0.6989377235033502,0.06967213114754095,0.0
2021-12-28,2.37,2.44,-0.03666398437159136,-0.04029726141572064,-0.059846916009252335,0.32166828076831494,-0.029108084158070657,2.5290000000000004,2.5385,2.726,1,28,12,2.5182089932916933,2.7248728391843935,44.44444444444445,-0.14662752018549474,-0.16188568534536524,2.7810543889103485,2.2959456110896515,0.04614930154633003,0.05164059631136111,0.046983289006267484,-152128818.0,-1.38937910591492,0,0,-1,0,0,-0.012295081967213035,-0.19674681934371546,0.6504336455281102,0.8197690523696455,-0.04435483870967738,-0.12867647058823528,1.6359858578911166,0.08780590717299576,0.0
2021-12-29,2.24,2.37,-0.02947581813295369,-0.048830518480286786,-0.04045495469231364,0.12719514361349682,-0.05641408928009133,2.498,2.5115,2.675,2,29,12,2.4676255399659306,2.693590720527336,34.12698412698411,-0.1592821565534468,-0.16136497958698154,2.7609857869608296,2.26201421303917,0.04843821201889757,0.052333743885998533,0.047161614936564594,-155276304.0,-2.1764766907753823,0,0,-1,0,0,-0.01265822784810137,-0.066738889679335,0.30472355315323046,0.8307724289957947,-0.14828897338403035,-0.19424460431654667,0.3872159612122477,0.08035714285714272,0.0
2021-12-30,2.54,2.24,-0.04367506350266142,0.10068860229708329,0.02267670867102972,0.2733757921663846,0.1256882151634967,2.503,2.511,2.6446666666666667,3,30,12,2.480784532699398,2.6836816417836373,47.712418300653596,-0.14344995249354042,-0.15778197416829332,2.760200827912563,2.261799172087437,0.06645313330235456,0.05842823003763623,0.05274804113227436,-151139267.0,0.23274401006544926,0,0,-1,0,0,0.0,0.2551228738079851,1.2204419200216023,0.9275193973515574,-0.0078125,-0.0039215686274508554,1.9125754993619877,0.14960629921259838,0.0
2021-12-31,2.64,2.54,0.12174343687248027,0.02833050662622599,0.11828116767166505,-0.1534055367387448,0.038614836127779516,2.5149999999999997,2.5149999999999997,2.6270000000000002,4,31,12,2.509732799481325,2.6808634713459836,49.04458598726116,-0.1214338387429752,-0.1505123470832297,2.7700128995719546,2.2599871004280447,0.06737962260807778,0.059042686850233825,0.05162609167949863,-147590592.0,0.9803425647080278,0,0,-1,0,0,-0.003937007874015839,0.020685556970486636,1.2485681776404283,0.9372735968566933,0.03529411764705892,0.03125,1.282935224680404,0.06628787878787888,0.0
2022-01-03,2.62,2.64,0.034955015033576634,0.027549951768230434,0.0,-0.7034680338089699,-0.007604599385219304,2.507,2.5325,2.6106666666666665,0,3,1,2.5297813813938115,2.676936795775275,52.739726027397275,-0.10439632695842427,-0.14128914305826862,2.7636413329333367,2.3013586670666637,0.06345823226154788,0.05242881415374265,0.05156051986777609,-149346711.0,0.7571125327484012,0,0,-1,0,0,-0.007575757575757582,-0.607800337024102,1.1779614408829187,0.8322816227089583,0.07377049180327866,0.1541850220264318,1.1889800528755348,0.09541984732824427,0.0
2022-01-04,2.41,2.62,-0.0038240964384035057,-0.055880458394456614,-0.057392797996652534,0.3291765742420338,-0.08354757027044182,2.5,2.5355,2.5883333333333334,1,4,1,2.508002948413118,2.6597150670155796,45.78313253012048,-0.10661028408496209,-0.13435337126360733,2.7580663709422644,2.3129336290577354,0.06327267530103974,0.05558256368786919,0.05338170459017615,-151787406.0,-1.1277534828705578,0,0,-1,0,0,-0.003816793893129859,-0.13979906105913228,1.3467339562401461,0.8823458444970661,0.016877637130801704,0.025531914893617058,0.853770461488365,0.0995850622406638,0.0
2022-01-05,2.37,2.41,-0.09646026618756211,0.0,-0.00380469704366386,-0.18064221690509788,-0.016736792355523864,2.474,2.5285,2.5660000000000003,2,5,1,2.4829115032470965,2.6410237723694134,46.34146341463414,-0.11032081705777763,-0.1295468604224414,2.7629332471496895,2.294066752850311,0.059518507296126434,0.05352728093804096,0.05340027113060326,-153824737.0,-1.3521972836796095,0,0,-1,0,0,-0.016597510373443997,-0.4361234505655693,1.262316336621519,0.8497192423172673,0.05803571428571419,-0.055776892430278724,0.7321423287474793,0.10506329113924036,0.0
2022-01-06,2.45,2.37,0.0,-0.031130918595173213,-0.014634303452265438,-0.20268494140362084,0.03319806940959583,2.463,2.519,2.5486666666666666,3,6,1,2.476927593565806,2.6286996580229998,47.92899408284025,-0.105588946115593,-0.12475527756107173,2.7497790011442724,2.288220998855728,0.060565755354532666,0.05272753348150968,0.05381331050332126,-152161184.0,-0.5979746827733633,0,0,-1,0,0,0.0,-0.6949236833904676,0.7634650832664686,0.837023645027438,-0.03543307086614167,-0.0719696969696969,-0.9215773945658272,0.08297959183673452,0.0
2022-01-07,2.49,2.45,0.05739279799665265,0.019570096194097296,0.05163706990552512,-0.14355937441143152,0.016194685919980606,2.4570000000000003,2.5130000000000003,2.5343333333333335,4,7,1,2.4793043947356592,2.619751292989258,43.225806451612904,-0.09748746379774875,-0.11930171480840714,2.7400265460960607,2.28597345390394,0.06086138998006815,0.05284409109831312,0.05390228560868092,-150720099.0,-0.20261947684539328,0,0,-1,0,0,0.024489795918367186,-0.8286545144251791,0.6908060340030056,0.8388739398322715,-0.05681818181818177,-0.045977011494252706,-1.1336570858968673,0.05220883534136542,0.0
2022-01-10,2.42,2.49,-0.022155991897208484,-0.0275066457898337,-0.028987536873252413,0.20622823418282996,-0.028515170308021347,2.455,2.5005,2.5223333333333335,0,10,1,2.4685217775109938,2.606864112796403,47.857142857142854,-0.09561322592709942,-0.1145640170321456,2.718478753191301,2.2825212468086993,0.059876539910052734,0.052856124658720485,0.05346319293672006,-152491241.0,-0.7386040962382465,0,0,-1,0,0,-0.014056224899598449,-0.488694179518091,0.6999999963743178,0.839064966681619,-0.07633587786259544,-0.09363295880149813,-0.6473333778087264,0.05371900826446277,0.0
2022-01-11,2.58,2.42,-0.0020387366898482057,0.03906746819090949,-0.004210532536343382,0.33334232186743856,0.06402185876493102,2.476,2.5025000000000004,2.5176666666666665,1,11,1,2.4887905452362675,2.6051309442288937,48.22695035460993,-0.08029166376716468,-0.10770954637914942,2.722727155457107,2.2822728445428937,0.06216102513729841,0.05392517513517575,0.05480589763505308,-150019391.0,0.7038187442337855,0,0,-1,0,0,0.012396694214876136,0.10090890483339175,0.6055741691290004,0.8560356168796734,0.0705394190871369,0.015748031496062964,0.3058199454340202,0.09302325581395339,0.0
2022-01-12,2.65,2.58,0.08599044785552251,0.06669137449867235,0.09262148988039648,-0.3264844550635317,0.026770241064604832,2.5170000000000003,2.5075,2.5133333333333336,2,12,1,2.5181013551933096,2.608025722020578,53.19148936170212,-0.061788540550495874,-0.09852534521341871,2.7366287847493806,2.278371215250619,0.0578842813586688,0.05421456168883607,0.05488505646129722,-148236061.0,1.2438419743365319,0,0,-1,0,0,0.0348837209302325,-0.49170081443780816,0.5411740377744654,0.860629486002181,0.1181434599156117,0.03921568627450989,-0.5570392848543402,0.07169811320754715,0.0
2022-01-13,2.45,2.65,-0.038172573505029714,-0.05560364588867276,-0.06762018767497927,-0.11887639220476169,-0.07847161544149509,2.508,2.5055000000000005,2.51,3,13,1,2.5057192906127077,2.597830514148283,46.875000000000014,-0.06254206463372736,-0.09132868909748044,2.735966346443106,2.275033653556895,0.048583772167452535,0.056752046718527474,0.05452303009370736,-149819511.0,-0.48163214158212403,0,0,-1,0,0,-0.030188679245283047,-0.6418446604646127,0.8641437742578751,0.9009108120668579,0.0,-0.016064257028112428,-0.4684995203988898,0.08534693877551014,0.0
2022-01-14,2.45,2.45,-0.03564733873023761,-0.03434459077426684,-0.004123717183862152,-0.8106539589480191,0.0,2.489,2.502,2.5063333333333335,4,14,1,2.495588510501306,2.5882930616225877,50.33557046979867,-0.062419702423908596,-0.08554689176276609,2.733662185998883,2.2703378140011163,0.04635602952159068,0.05668915607325148,0.054518261030204455,-149819511.0,-0.44892954606109314,0,0,-1,0,0,0.012244897959183593,-1.3014954394526328,0.8538485005993645,0.8999124540237018,-0.016064257028112428,-0.02777777777777768,-0.19092303833916444,0.05306122448979587,0.0
2022-01-18,2.38,2.45,-0.04959694113937218,0.007812539736793625,-0.033616610798984974,0.8410698676330852,-0.028987536873252413,2.4650000000000003,2.4859999999999998,2.51,1,18,1,2.4745724176828863,2.5748547995824205,50.33557046979865,-0.0671965445395899,-0.08187682231813084,2.703874903751993,2.2681250962480064,0.0468847314996423,0.054431665785788265,0.0504955144580838,-151451863.0,-0.9730354269774862,0,0,-1,0,0,-0.03673469387755114,-0.5276013279889975,0.8547362768522468,0.8640759066970736,-0.016528925619834767,-0.11851851851851858,-0.1843418058629917,0.09663865546218488,0.0
2022-01-19,2.42,2.38,0.01680711831638119,-0.03162318843051207,-0.0021390382487494184,0.15371808151622374,0.016667052485211643,2.466,2.483,2.5123333333333333,2,19,1,2.4646501599223614,2.564864167351297,56.428571428571416,-0.06698242888048522,-0.07889794363060172,2.702865987893328,2.263134012106672,0.0399457877911353,0.051512520070987035,0.05019834205994558,-149548276.0,-0.573076359864862,0,0,-1,0,0,0.008403361344537823,-0.17671445712765532,0.6549263960344548,0.8177359050843299,-0.06201550387596899,-0.024193548387096753,-1.0340577254717365,0.06404958677685961,0.0
2022-01-20,2.47,2.42,0.056695343676545294,0.050891607296389224,0.052149458823410766,-0.19802394146132,0.02045061047129084,2.476,2.475,2.511,3,20,1,2.4656228581182957,2.5587438984899227,46.956521739130444,-0.06206273793525474,-0.07553090249153233,2.683705282006884,2.2662947179931163,0.0398451953857013,0.04979298708215145,0.04877803475863475,-147986668.0,-0.047914455752346256,0,0,-1,0,0,0.049586776859504175,-0.5914057154527576,0.6317575674787351,0.7904391651265466,-0.06792452830188667,-0.06083650190114054,-1.1553788733102015,0.06477732793522273,0.0
2022-01-21,2.32,2.47,-0.036076056473809535,-0.0468835858988505,-0.06291382541056921,0.03622416912051794,-0.06265096496166737,2.463,2.463,2.500333333333333,4,21,1,2.43914597482406,2.5433410663292824,36.666666666666664,-0.06946682351451594,-0.07431808669612905,2.678611736817279,2.2473882631827213,0.0432868544868616,0.05124442837771498,0.04903140996990364,-149605881.0,-1.3264584025978734,0,0,-1,0,0,-0.008097165991902841,-0.5257878100308555,0.5427792890279328,0.8134800813905695,-0.053061224489796,-0.09375000000000011,-0.862259900575292,0.08189655172413791,0.0
2022-01-24,2.27,2.32,-0.06941570139169911,-0.07904320734045285,-0.05792264773270451,0.7244215197901729,-0.02178735418490718,2.441,2.449,2.489,0,24,1,2.4083921612196852,2.5257061588241676,35.772357723577244,-0.0784647045408371,-0.07514741026507066,2.6768411265511594,2.2211588734488403,0.042909367948813795,0.051400103537953455,0.049125455411906695,-152947187.0,-1.571270320767197,0,0,-1,0,0,-0.014784482758620689,1.3960411176468275,0.5383945490955149,0.8159513479463764,-0.07346938775510214,-0.1098039215686274,-0.2706162023864437,0.057268722466960305,0.0
2022-01-25,2.25,2.27,-0.029165127280748396,-0.017467693040390832,0.009132483563272474,0.04403298935313208,-0.0088496152769825,2.4240000000000004,2.4395,2.475,1,25,1,2.3795935864524695,2.5079186647064793,42.30769230769231,-0.08621558335586554,-0.07736104488322963,2.684145823483872,2.1948541765161274,0.04235324740049484,0.05061146331669401,0.04887688033709488,-156438908.0,-1.5491782962114768,0,0,-1,0,0,-0.022026431718061595,1.404449984567232,0.5243602563242106,0.8034320725502436,-0.054621848739495715,-0.07786885245901642,-0.861394640728595,0.03111111111111104,0.0
2022-01-26,2.21,2.25,0.03540192705091579,0.023940207546008403,0.0045351551653911425,-0.21346212740282844,-0.017937700686667318,2.3869999999999996,2.4315,2.464,2,26,1,2.3487583889156567,2.488698105693158,42.30769230769231,-0.09449657862854188,-0.08078815163229208,2.695419844292279,2.1675801557077214,0.03383664389876304,0.05037656113452838,0.04823589709921635,-159259460.0,-1.6785399415035984,0,0,-1,0,0,0.022222222222222143,0.6472619482923698,0.4639661286506794,0.7997031160116238,-0.08677685950413216,-0.06751054852320681,-0.3866698812802841,0.052036199095022724,0.0
2022-01-27,2.52,2.21,0.029980832211935857,0.11179140598811663,0.022372297754532984,2.625628560987372,0.13126638599367044,2.374,2.4455,2.463,3,27,1,2.379893227294628,2.4907175827452126,52.755905511811015,-0.07517830907148149,-0.07966618312012998,2.696013157550649,2.194986842449351,0.05899168185216081,0.057984328229128024,0.054921535897351256,-120298459.0,0.5947791383766933,0,0,-1,0,0,0.07239819004524893,4.225107396325673,1.2302743359456934,0.9204726746004902,0.020242914979756943,0.125,1.8491556997323562,0.13492063492063505,0.0
2022-01-28,2.04,2.52,-0.012739025777429826,-0.07588469752487269,-0.1073290202304986,-1.5722400278655848,-0.2113090936672069,2.333,2.4205,2.448,4,28,1,2.3180944586956045,2.4616390290197154,36.8421052631579,-0.09747677811855393,-0.08322830211981477,2.725232842443825,2.115767157556175,0.08149557899262114,0.06561371816426091,0.06502408214371008,-128385971.0,-2.497269391435168,0,0,-1,0,0,-0.0714285714285715,0.46372848631728364,1.8594376364050609,1.0415854851414952,-0.1206896551724137,-0.19685039370078738,-0.23090490979423334,0.18627450980392174,0.0
2022-01-31,2.1,2.04,-0.10512312693267586,-0.12355171724014595,0.009804000096620835,-0.8123246635274977,0.028987536873252406,2.298,2.3935000000000004,2.4339999999999997,0,31,1,2.278440920750949,2.438307478760379,40.58823529411765,-0.1090499173649091,-0.08839262516883364,2.7117369193585854,2.0752630806414154,0.08262075726191291,0.0652660441876997,0.06525369277092576,-124796530.0,-1.8445377148041606,0,0,-1,0,0,0.03259803921568628,-0.077391540867089,1.891116357422649,1.036066331865636,-0.07488986784140961,-0.20454545454545459,-0.6194594089674906,0.03804761904761919,0.0
2022-02-01,2.21,2.1,0.011094177284399598,0.0681004127039316,0.01544114514927426,-0.47297390185670146,0.05105517080028417,2.2809999999999997,2.373,2.417666666666667,1,1,2,2.265997116978049,2.423577964001645,38.78787878787878,-0.10809952882726837,-0.0923340059005206,2.6825055479490882,2.063494452050912,0.08476310934212894,0.06670886467406238,0.06458409095543405,-122559783.0,-1.0532929123894914,0,0,-1,0,0,0.014285714285714192,-0.24314020752952356,1.9416929433858232,1.0589703970261855,-0.01777777777777778,-0.1564885496183207,-1.0207759779999366,0.08963800904977363,0.0
2022-02-02,2.19,2.21,0.04587960575069366,-0.00881062968215492,0.027524890734169263,-0.09134803304238903,-0.009090971701251963,2.258,2.362,2.4080000000000004,2,2,2,2.252179459345676,2.4085084179370226,35.625000000000014,-0.10771846055615608,-0.0954108968316477,2.6814468904062356,2.0425531095937646,0.08445232347296441,0.06441951375451163,0.06294374734270602,-124601262.0,-1.07686131977225,0,0,-1,0,0,0.009049773755656116,-0.2640767646325305,1.9368589592286578,1.0226280778448555,-0.009049773755656076,-0.09128630705394203,-1.0983690444058005,0.05479452054794505,0.0
2022-02-03,2.09,2.19,-0.045879605750693664,-0.017857617400006236,-0.023641763057040653,0.4225269983410076,-0.046737477851689815,2.2199999999999998,2.348,2.39,3,3,2,2.2226922849191895,2.3879594877475374,37.99999999999999,-0.1141695499670381,-0.09916262745872578,2.6897355086839494,2.0062644913160503,0.08468040511691426,0.06507369602949682,0.062279591994141785,-127716176.0,-1.5099396664606397,0,0,-1,0,0,-0.02739726027397263,-0.1416472830732979,1.5209177249740933,1.0330128995151593,-0.1706349206349207,-0.11814345991561193,-1.4513294400513332,0.06220095693779921,0.0
2022-02-04,2.3,2.09,0.0046838493124264375,0.04836107169342106,0.004773278752657812,0.21971324612781945,0.09574505695838434,2.218,2.3405,2.381333333333333,4,4,2,2.2367482331157,2.3822846820864063,45.61403508771929,-0.10117060805286293,-0.09956422357755322,2.679382063013551,2.001617936986449,0.08981569957438401,0.0687279849370825,0.06506933683025447,-123835867.0,-0.23902120779039682,0,0,-1,0,0,0.023923444976076683,-0.06298005315489642,0.8915691265607598,1.0910229375246807,0.12745098039215685,-0.061224489795918546,0.09157651131993175,0.1,0.0
2022-02-07,2.19,2.3,0.05455898425043419,0.004282661792000728,0.04196419909903199,-0.05022464797796088,-0.049007579106694496,2.21,2.3255,2.369333333333333,0,7,2,2.228248554367391,2.369879218725993,44.57142857142858,-0.09860823922491502,-0.0993730267070256,2.663074942947497,1.9879250570525029,0.09098783878485522,0.06937901669425689,0.0656175090353802,-127526102.0,-0.8027847020688038,0,0,-1,0,0,-0.017391304347826105,-0.09984133062224641,1.0284028093158735,1.1013577462752138,0.042857142857142705,-0.12048192771084343,0.6755889923512062,0.06849315068493146,0.0
2022-02-08,2.29,2.19,-0.017857617400006236,-0.012903404835907841,-0.01843370168883802,-0.18287544183287094,0.04465027373773893,2.2139999999999995,2.319,2.3643333333333336,1,8,2,2.239476089936956,2.364725720743671,46.408839779005525,-0.08749973670472899,-0.09699836870656628,2.6539092571534253,1.9840907428465748,0.09200707908430387,0.06999024334004925,0.0657447457307414,-124452609.0,-0.17318123868230215,0,0,-1,0,0,0.013698630136986415,-0.18284626146261945,1.0119601290175444,1.1110606684719901,0.03619909502262453,-0.05371900826446274,0.7651509982793571,0.06986899563318784,0.0
2022-02-09,2.43,2.29,0.03974032864951412,0.0710110356431887,0.07177968239413074,0.6249152055689994,0.05933943978630894,2.2359999999999998,2.3114999999999997,2.366333333333333,2,9,2,2.274116800857509,2.36893696456666,48.94736842105263,-0.0666312548247574,-0.0909249459302045,2.628012243050318,1.9949877569496812,0.09314287315301654,0.06974976597067563,0.06643429913360725,-118711055.0,0.748786200862136,0,0,-1,0,0,0.00873362445414848,0.12142814719020568,1.056022186108874,1.1072432085801804,0.1095890410958904,-0.05813953488372092,-0.18955080309892514,0.06995884773662549,0.0
2022-02-10,2.41,2.43,0.025642430613337652,0.004024150299725548,0.021414094503816355,-1.4229117430335645,-0.008264509849893424,2.225,2.2995,2.372,3,10,2,2.2988228370652344,2.3715861926591337,52.542372881355945,-0.051117415690023815,-0.08296343988216837,2.5778768744189633,2.021123125581037,0.08186415193858942,0.06945739449289592,0.06557387635015387,-120094834.0,0.7938877841820666,0,0,-1,0,0,-0.024691358024691377,-0.40560905253252527,0.9290350511589301,1.1026019552562591,0.15311004784689008,-0.09056603773584893,-0.31841263862839886,0.05394190871369308,0.0
2022-02-11,2.37,2.41,0.0,-0.008064559836730408,-0.006077754221077678,0.13560030059785774,-0.016736792355523864,2.258,2.2954999999999997,2.366333333333333,4,11,2,2.31176413941701,2.371483857648867,52.840909090909086,-0.04157104695836633,-0.07468496129740797,2.5669851939370925,2.024014806062907,0.04911437958099297,0.0674135764657065,0.060928057973708545,-121679571.0,0.548832876810683,0,0,-1,0,0,-0.016597510373443997,-0.3812074085090811,0.7196230933610975,1.070157349906176,0.0304347826086957,-0.032653061224489854,0.17529388276979568,0.05244725738396637,0.0
2022-02-14,2.31,2.37,-0.017021687569430635,-0.03711766295650263,-0.028408421850091646,0.2668223674883798,-0.02564243061333767,2.2790000000000004,2.2885,2.3553333333333333,0,14,2,2.3114433867957356,2.3675171571553917,51.66666666666666,-0.038404278898426014,-0.06742882481761157,2.5502572197781923,2.0267427802218076,0.05050444899695993,0.06766219158604142,0.060613827054406884,-123748934.0,0.1642743609381146,0,0,-1,0,0,-0.016877637130801704,-0.33182000654146654,0.6232027299364087,1.0741039925896356,0.0547945205479452,-0.05714285714285716,0.5889434212318593,0.04329004329004333,0.0
2022-02-15,2.49,2.31,0.017021687569430743,0.04919024419077178,0.025975486403260736,0.18590496127982648,0.0750351859429141,2.307,2.294,2.351,1,15,2,2.3439082255601473,2.3754192760485924,57.21649484536083,-0.0211265628526216,-0.058168372424613576,2.568180117519215,2.019819882480785,0.05340900420246026,0.06951736417758281,0.06235729834912281,-121256784.0,1.4297170908920058,0,0,-1,0,0,0.025974025974025997,-0.28604920780313187,0.761828328221737,1.103553944487566,0.0873362445414847,0.04621848739495804,0.6057780402458951,0.06425702811244985,0.0
2022-02-16,2.54,2.49,0.049392755329576474,0.03922071315328133,0.03774032798284711,0.29408320544112726,0.019881370553828995,2.3419999999999996,2.3,2.3553333333333333,2,16,2,2.379561275458302,2.3860373872712644,50.5952380952381,-0.0033605281973314582,-0.04720680357915716,2.59055301174196,2.0094469882580395,0.05284896886855751,0.06955137628735032,0.060560829528503564,-117912579.0,1.6520221116354754,0,0,-1,0,0,0.0,-0.19126798322848554,0.6641320447530134,1.1040938699916227,0.04526748971193406,0.04958677685950419,1.4478768973559746,0.06692913385826768,0.0
2022-02-17,2.44,2.54,0.01593659226281238,-0.011605546120308003,-0.004123717183862152,-0.4337159303963021,-0.04016604172533476,2.377,2.2984999999999998,2.357666666666667,3,17,2,2.3905501344658835,2.389518846156989,65.38461538461539,0.002619818363904791,-0.03724147919054477,2.5856474955685163,2.0113525044314833,0.052062700050759005,0.07012379085927636,0.06096382116962177,-120079946.0,0.9855562189030951,0,0,-1,0,0,-0.003937007874015839,-0.3395721823460536,0.7481918542961482,1.1131806696164976,0.012448132780082943,-0.012145748987854366,1.2340576083116912,0.06147540983606554,0.0
2022-02-18,2.23,2.44,-0.04445176257083381,-0.05190785960201786,-0.10444266336759726,-0.009904160689142457,-0.08999645383308315,2.37,2.2939999999999996,2.3503333333333334,4,18,2,2.3613592009266315,2.379227307695248,54.48275862068965,-0.009476717160640469,-0.03168852678456391,2.582546265560943,2.0054537344390564,0.05216615812086973,0.07152763656694945,0.06276557836342203,-122225953.0,-0.4436030379778548,0,0,-1,0,0,-0.008196721311475417,-0.3458639166403149,0.9887146443006496,1.1354660293461485,-0.05907172995780596,-0.0387931034482758,0.4543172309438489,0.11659192825112098,0.0
2022-02-22,2.12,2.23,-0.10904037261622683,-0.07001798690219681,-0.03738753207162033,-0.08110213442807805,-0.05058549678810622,2.3630000000000004,2.2865,2.338,1,22,2,2.317475709849062,2.362502965263297,46.896551724137936,-0.027620991806245776,-0.030875019788900285,2.5852887829936915,1.987711217006309,0.05231508575717657,0.07224499798297575,0.06327682770966526,-124204785.0,-1.1144996698454748,0,0,-1,0,0,-0.02690582959641258,-0.3571507725553591,1.0253231857942555,1.1468537887879007,-0.08225108225108224,-0.06607929515418498,0.6947870903885863,0.08254716981132067,0.0
2022-02-23,2.14,2.12,-0.004618945856294417,-0.015504186535965086,0.018868484304382736,0.1612270307277836,0.009389740349839137,2.3480000000000003,2.281,2.3286666666666664,2,23,2,2.2852073989674144,2.34814793524631,48.27586206896552,-0.03992638086697653,-0.03268529200451554,2.5865900246386344,1.9754099753613659,0.0498429158594516,0.07225448677375008,0.06314159835443535,-121879753.0,-0.9228049912083031,0,0,-1,0,0,0.018867924528301903,-0.3070493603487388,0.6948273450526994,1.1470044186716906,-0.1405622489959839,-0.04888888888888887,-0.09541131710749597,0.04672897196261686,0.0
2022-02-24,2.15,2.14,-0.06701071028296031,-0.041008023727377135,-0.07267119029735916,-0.026662039689042197,0.00466201310581115,2.3200000000000003,2.278,2.3143333333333334,3,24,2,2.2606242355187938,2.335364197488484,52.20588235294118,-0.04831463291322491,-0.035811160186257414,2.587675551778257,1.9683244482217435,0.04433230211331578,0.07213717669682033,0.06183521813579485,-119615892.0,-0.8266716520886647,0,0,-1,0,0,-0.056074766355140235,-0.31081488516473554,0.6319584581680028,1.1451421789326626,-0.15354330708661423,-0.02714932126696834,-0.268734759551861,0.07441860465116276,0.0
2022-02-25,2.17,2.15,0.0530244683082204,0.02298951822469878,0.049029427240318606,-0.8339473579335657,0.009259325412796726,2.296,2.2605,2.2983333333333333,4,25,2,2.244147101788104,2.3246955395860014,44.44444444444445,-0.052740589554436834,-0.0391970460598933,2.551594124767973,1.9694058752320267,0.04481041945309159,0.06437252206590646,0.06160936800371343,-118632626.0,-0.621792006775377,0,0,-1,0,0,-0.009302325581395357,-1.1906148480728755,0.6887491445290109,1.021882107914438,-0.11065573770491799,-0.13888888888888895,-0.9881213829730826,0.050691244239631485,0.0
2022-02-28,2.06,2.17,-0.009434032233358642,-0.002275313837135651,-0.02666824708216118,1.6878818722576407,-0.05202118475087836,2.265,2.2615,2.2853333333333334,0,28,2,2.210665810553903,2.307618407999808,44.44444444444445,-0.06438211581687403,-0.04423406001128945,2.5495259491246736,1.9734740508753261,0.046666737245269325,0.04896073078316393,0.06078919795081366,-123950142.0,-1.399179487906344,0,0,-1,0,0,-0.027649769585253482,2.0846662239238274,0.5036472858438188,0.7772275059614187,-0.07623318385650224,0.009803921568627416,-0.593290980609428,0.07766990291262121,0.0
2022-03-01,2.1,2.06,-0.019139340210697395,0.03579800587577903,0.012210163906931337,-0.48102063861339023,0.019231361927887592,2.2439999999999998,2.2615,2.2736666666666663,1,1,3,2.190544754089557,2.294223671999821,41.44144144144145,-0.06957838720975928,-0.049302925450983415,2.5495259491246736,1.9734740508753261,0.047484980878478314,0.0487124901993305,0.06093565760709157,-120663108.0,-1.1214267359646375,0,0,-1,0,0,0.004854368932038731,0.43784488159458607,0.4441770661976922,0.7732868088605982,-0.009433962264150941,0.0,-2.0236199050784993,0.10238095238095231,0.0
2022-03-02,2.09,2.1,0.03791923486229368,-0.05558241010337565,-0.03457134406508867,0.029887778482996296,-0.004773278752657771,2.2039999999999997,2.2555,2.2640000000000002,2,2,3,2.1722638897096376,2.2810479512256387,32.653061224489775,-0.07365434471461496,-0.054173209303709724,2.552890404405266,1.9581095955947343,0.036759190121172014,0.047199790363459414,0.06074966872927891,-124049867.0,-1.1130150640265228,0,0,-1,0,0,0.023809523809523725,0.47214298129349813,0.4333153946903365,0.7492734434165794,-0.02336448598130858,-0.05429864253393668,-1.685214892466286,0.07751196172248812,0.0
2022-03-03,1.99,2.09,-0.00466201310581119,-0.00559181326577783,0.0,-0.3777089957993605,-0.04902942724031852,2.149,2.2455,2.2496666666666667,3,3,3,2.1391250006715214,2.262270664049791,30.188679245283012,-0.08398560093962049,-0.06013568763089188,2.56480681500089,1.9261931849991099,0.035453989558937034,0.04830046353479333,0.061186852348777486,-126371253.0,-1.6003416651115803,0,0,-1,0,0,0.023923444976076683,-0.41967452876905426,0.5163933802094361,0.7667460883332414,-0.07441860465116279,-0.091324200913242,-0.31199585200658386,0.07537688442211062,0.0
2022-03-04,1.84,1.99,-0.06765864847381481,-0.038099846232270404,-0.08381867188307147,0.22232663660154084,-0.07836906711550677,2.089,2.233,2.228666666666667,4,4,3,2.084738636913063,2.2350273954014175,27.350427350427353,-0.10308860110519857,-0.06872627032575322,2.5946977511108487,1.8713022488891515,0.03890282597556672,0.05008392252424493,0.06231920783250411,-129270616.0,-2.173085117576849,0,0,-1,0,0,0.005025125628140708,0.06853848756142783,0.6079958062250299,0.7950576220906704,-0.1520737327188939,-0.11961722488038262,0.45544247544624966,0.12499999999999999,0.0
2022-03-07,1.76,1.84,-0.0998203352822109,-0.08618206518263506,-0.039002157803269204,-0.3481494594464228,-0.04445176257083392,2.042,2.206,2.2100000000000004,0,7,3,2.025695248383415,2.2043804666658424,26.890756302521012,-0.12326230663543614,-0.07963347758768981,2.6230270722005002,1.7889729277994997,0.033719234214529506,0.044087648826909416,0.06189253369821197,-131317547.0,-2.1389498655165,0,0,-1,0,0,-0.01630434782608697,-0.5704500036226117,0.5959523351016722,0.6998697281133052,-0.1456310679611651,-0.23478260869565215,0.3316445036535358,0.07380681818181813,0.0
2022-03-08,1.61,1.76,-0.028013036227674006,-0.06554437103311696,-0.09531017980432477,1.098963484557208,-0.08907963005368877,1.991,2.177,2.188,1,8,3,1.9501142941318848,2.1660333397841756,12.068965517241352,-0.14962902969604452,-0.09363258800936075,2.6720746886775535,1.6819253113224466,0.038431403614771015,0.04640344586433528,0.0634709612242972,-137460497.0,-2.29056347645069,0,0,-1,0,0,0.0,2.351618462926309,0.5000877385688705,0.736631866400879,-0.23333333333333328,-0.2648401826484018,0.6498185970749905,0.10559006211180119,0.0
2022-03-09,1.71,1.61,-0.0346855579878901,0.005633817718256064,0.04281999718292814,-0.6497328320532476,0.060259191518196746,1.948,2.148,2.1700000000000004,2,9,3,1.906457149744269,2.1366118339916484,15.702479338842963,-0.16060433659884543,-0.10702693772725769,2.681650782717963,1.614349217282037,0.04663258436191862,0.04764998341574892,0.06480020752239704,-134252739.0,-1.6415229366635642,0,0,-1,0,0,0.055900621118012334,0.25184779283306513,0.931631624256826,0.7564200365665423,-0.18181818181818177,-0.2532751091703057,1.7381035670251805,0.06432748538011701,0.0
2022-03-10,1.61,1.71,-0.02381064869371856,-0.06979576193554198,-0.07450418144955205,-0.29340228168751054,-0.060259191518196725,1.8940000000000001,2.107,2.15,3,10,3,1.8525558497907655,2.1026368769599295,15.702479338842963,-0.1753501829004831,-0.12069158676190278,2.674361390446321,1.5396386095536796,0.047015903401113925,0.04524704020889469,0.06545583603682761,-136644835.0,-1.751969761668238,0,0,-1,0,0,-0.02923976608187137,-0.23995848282429566,0.941741080108361,0.7182744957268522,-0.19095477386934667,-0.3374485596707819,1.8467461989077294,0.06826086956521732,0.0
2022-03-11,1.46,1.61,-0.0368139731227162,-0.01254828091817823,-0.07367633139120242,0.31920987574107734,-0.09779774327612663,1.823,2.0595,2.1146666666666665,4,11,3,1.781182058919717,2.0611764332850955,16.521739130434767,-0.19687071566785752,-0.13592741254309373,2.676913109165319,1.442086890834681,0.049217949591741646,0.048043978077872064,0.06089084571972981,-139936455.0,-1.9419736675512584,0,0,-1,0,0,-0.006211180124223607,0.425693442452162,0.9909233356303092,0.7626745079297308,-0.2065217391304348,-0.39419087136929465,1.6896955697623943,0.1365068493150685,0.0
2022-03-14,1.31,1.46,-0.15519288940570192,-0.14009750772965968,-0.15357214350796866,0.1556270209333374,-0.10840929850718485,1.748,2.0065,2.090333333333333,0,14,3,1.6955125936615865,2.0127134375892832,15.966386554621835,-0.22345380298511253,-0.1534326906314975,2.6901211631727113,1.3228788368272884,0.05331972637799935,0.05114102960739097,0.053940360396291534,-143782352.0,-2.037678285931106,0,0,-1,0,0,-0.06164383561643826,0.8028462536743186,1.075946565755752,0.8118386767976863,-0.2556818181818181,-0.4472573839662447,1.929313502126952,0.14503816793893126,0.0
2022-03-15,1.42,1.31,-0.03717900324175413,0.02426462199963108,0.06656076651833885,-0.33337383838642837,0.08062973440010901,1.6800000000000002,1.9620000000000002,2.0676666666666668,1,15,3,1.645419394814025,1.9744738609706198,21.87499999999997,-0.232959597287975,-0.169338071962793,2.6775594057509604,1.24644059424904,0.06445474126625397,0.056945749183499136,0.05629620561138258,-141026758.0,-1.5148986810708915,0,0,-1,0,0,0.007633587786259549,-0.14907369736996223,1.402408554007639,0.9039857433707891,-0.11801242236024856,-0.38528138528138534,0.49432751131350056,0.09859154929577459,0.0
2022-03-16,2.28,1.42,0.2109482782203913,0.4501153818459032,0.1861022796338607,1.1133062961134588,0.47351857135317993,1.6989999999999998,1.9514999999999998,2.07,2,16,3,1.7607976866660204,1.9941852247789669,53.051643192488264,-0.1691483580974773,-0.16930012918972986,2.6400920035617563,1.262907996438243,0.21381704727990575,0.15081133273427533,0.12572441840468715,-132637607.0,0.9541208678022015,0,0,-1,0,0,0.14788732394366194,3.068695772046216,4.75318960903132,2.394055687830643,0.33333333333333326,-0.08433734939759052,1.919979635878923,0.30701754385964913,0.0
2022-03-17,1.98,2.28,0.22436979303745413,-0.04693598901859474,0.20921045701028565,-1.0738154557232482,-0.14107859825990549,1.698,1.9235,2.063,3,17,3,1.8006526527267437,1.9932700489867756,46.058091286307054,-0.14115780479327,-0.1636716643104379,2.5544650086225373,1.2925349913774626,0.2185537578025446,0.15373955737349787,0.1282297613395819,-135504199.0,0.17909075536009647,0,0,-1,0,0,-0.10526315789473675,-0.19836423993053898,4.919600249678185,2.440539812900531,0.22981366459627317,-0.22047244094488194,1.8646169016855108,0.11363636363636369,0.0
2022-03-18,2.32,1.98,-0.02985296314968116,0.06425243903005563,0.010152371464017908,0.4808930570660506,0.1584703409717747,1.746,1.9175,2.070666666666667,4,18,3,1.895079443140063,2.014349400665048,54.92424242424243,-0.09049674103876848,-0.149036679656104,2.5297907805942987,1.305209219405701,0.22100826837957246,0.15833725372741267,0.13148928360036816,-130867434.0,1.314734804954362,0,0,-1,0,0,0.0,0.7742229932162643,4.712965934749008,2.513525979838013,0.5890410958904109,-0.049180327868852514,1.3046277750481596,0.1508620689655173,0.0
2022-03-21,2.22,2.32,0.0870113769896299,-0.004301081899390697,0.06359110278153114,0.1964478231385549,-0.04405998979403031,1.7919999999999998,1.9170000000000003,2.068,0,21,3,1.9541559080236879,2.027617181267303,52.22222222222223,-0.05775093050702185,-0.13077952982628757,2.5282317159041177,1.3057682840958829,0.22099240422508573,0.15729800156214643,0.1306999946515017,-136510710.0,0.991440699544887,0,0,-1,0,0,-0.06896551724137918,1.2273855322800662,4.54719817138646,2.4970283631653336,0.6946564885496185,-0.004484304932735328,1.3699162448153464,0.09459459459459457,0.0
2022-03-22,2.33,2.22,0.09699226598730949,0.04632407167423862,0.06867686579621934,-0.8722053284230454,0.04836107169342106,1.864,1.9274999999999998,2.0726666666666667,1,22,3,2.0224911974739266,2.0471257502177997,54.285714285714285,-0.022662321907994887,-0.10915608824262904,2.5602508863773337,1.2947491136226659,0.21650901331720931,0.1569208943767602,0.13054172146317694,-134151659.0,1.2722226350544343,0,0,-1,0,0,0.07207207207207193,-0.6693697346664637,4.57909718917513,2.491041972184449,0.6408450704225352,0.09905660377358494,1.451734947621478,0.0729613733905581,0.0
2022-03-23,2.34,2.33,-0.03419136474827931,0.0209719586929012,-0.013363227812167028,0.0969212015583908,0.004282661792000728,1.927,1.9375,2.0743333333333336,2,23,3,2.080220070660485,2.0660208631069743,56.45756457564576,0.005884734081647025,-0.08614792377777383,2.590392350279436,1.2846076497205638,0.21705130053412436,0.156932925903396,0.130355541157349,-131552519.0,1.2329750833433135,0,0,-1,0,0,-0.012875536480686801,-0.5414048979560536,1.7856813031654195,2.4912329667486732,0.026315789473684292,0.09345794392523343,0.3737444343995712,0.10747863247863251,0.0
2022-03-24,2.36,2.34,0.0,-0.03756985010193905,-0.013544225107757149,-0.16210575600043853,0.00851068966790861,2.002,1.948,2.072,3,24,3,2.131089148722215,2.0849872590355565,60.077519379844965,0.02977904023784328,-0.06296253097465042,2.621704604955032,1.2742953950449678,0.2143955648523945,0.15692357385717107,0.1299590968557868,-129342337.0,1.2230879734820865,0,0,-1,0,0,-0.01709401709401711,-0.7646941062453844,1.294404318857224,2.491084507617309,0.19191919191919182,0.0976744186046512,1.367366734927251,0.08050847457627117,0.0
2022-03-25,2.15,2.36,-0.02643325706815537,-0.05151353445010801,-0.04176941287629514,-0.03815172574647243,-0.09319377689794725,2.0709999999999997,1.9469999999999998,2.0633333333333335,4,25,3,2.134527485318176,2.0891816294203593,57.19557195571956,0.031408151440130094,-0.04408839449169431,2.6193752085356845,1.2746247914643152,0.21407740385680218,0.15860523760679754,0.13108491036517458,-131469785.0,0.6038295208477377,0,0,-1,0,0,-0.0508474576271185,-0.882351099168367,0.8456418597480921,2.517780092039373,-0.07327586206896552,-0.009216589861751112,-0.47978196059501976,0.07441860465116286,0.0
2022-03-28,2.18,2.15,-0.018018505502678365,0.013129291441792581,0.014117881545785022,-1.142898587110137,0.01385703466142628,2.158,1.953,2.057,0,28,3,2.142795215260326,2.095040879135175,61.00386100386101,0.03471975535713412,-0.028326764521928626,2.6317325649603207,1.2742674350396797,0.2075607060127072,0.15798244800971964,0.1310475416917004,-130791356.0,0.6688937932815138,0,0,-1,0,0,0.023255813953488497,-1.5542056912975095,0.8182439798924147,2.5078936136814556,-0.018018018018018056,0.058252427184465994,-1.5176605713468734,0.07339449541284389,0.0
2022-03-29,2.36,2.18,0.026907452919924187,0.04671762456745978,0.04567003683318848,1.5336061733016402,0.07933674223652101,2.252,1.966,2.0586666666666664,1,29,3,2.182286994303903,2.1121350159651637,62.17228464419477,0.05127762446182782,-0.012405886725177336,2.666207488046623,1.2657925119533768,0.2075487542701599,0.15876299236424493,0.13169861603338465,-127646932.0,1.1253807099354114,0,0,-1,0,0,0.03669724770642185,-0.11775701754569501,0.9701230174386871,2.5202843711774316,0.012875536480686511,0.12380952380952381,-0.5864173651331573,0.07203389830508472,0.0
2022-03-30,2.21,2.36,-0.04433109406717795,-0.033758479924954427,-0.03636764417087483,-0.1891071006168532,-0.0656691035078572,2.245,1.972,2.0493333333333332,2,30,3,2.187325722612284,2.118448885902895,61.029411764705884,0.051700141572778247,0.0004153189344137803,2.678707711486479,1.2652922885135212,0.08830078852541091,0.1596972343590512,0.131620543360614,-130249565.0,0.6735457845773163,0,0,-1,0,0,-0.08389830508474574,-0.4076779031705194,1.0822756862425436,2.5351150030730936,-0.05555555555555547,0.05741626794258381,0.18249146001654343,0.07692307692307689,0.0
2022-03-31,2.08,2.21,0.008291157583981182,-0.05741090721333893,-0.037740327982847086,-0.4399859460351378,-0.060624621816434736,2.255,1.9765000000000001,2.034,3,31,3,2.167811954864596,2.115968312618837,61.48148148148149,0.041071627724402315,0.008546580692411487,2.684834592362687,1.2681654076373134,0.07869886177117456,0.15993401367278365,0.1320492579642813,-131925779.0,0.29223477468401,0,0,-1,0,0,-0.013574660633484075,-0.9111798206135157,1.1166583844084876,2.5388737581515373,-0.11864406779661008,0.045226130653266416,0.9878128982747281,0.057692307692307744,0.0
2022-04-01,2.12,2.08,0.0448505661653515,0.04879016416943204,0.009569451016150672,0.05426275562786759,0.01904819497069441,2.2350000000000003,1.9905000000000002,2.0233333333333334,4,1,4,2.159118872161942,2.116228421482138,65.63706563706565,0.03546727496314617,0.013930719546558425,2.698543263620709,1.282456736379291,0.05438755013323966,0.15861066105509644,0.13187878787383467,-130156096.0,0.36579685636094583,0,0,-1,0,0,0.09615384615384602,-0.8115876642287286,0.9679979713415436,2.517866186612057,-0.013953488372092981,0.15217391304347827,0.3153773583572272,0.09905660377358488,0.0
2022-04-04,2.34,2.12,-0.03118292743668794,0.025642430613337652,0.05105517080028417,0.5692173584125195,0.09873484068568886,2.2470000000000003,2.0195,2.027,0,4,4,2.1920063499506797,2.1306652975155487,67.03703703703704,0.048222072372838376,0.020788990111814416,2.735261648066501,1.3037383519334989,0.06290908470099639,0.1590909704301041,0.1320598596434557,-127029272.0,0.895549519496531,0,0,-1,0,0,0.04245283018867917,-0.08298001390846275,1.2314837316958398,2.525490861563916,0.07339449541284382,0.32954545454545436,0.002394504486934735,0.06837606837606844,0.0
2022-04-05,2.24,2.34,0.03991660740544242,-0.02629199218213329,0.00900906994236591,-1.3031333709588078,-0.04367506350266142,2.238,2.051,2.031,1,5,4,2.200732468141465,2.1377191492887393,48.969072164948464,0.04968840000296382,0.0265688720900443,2.74603199472037,1.3559680052796304,0.06275134154460685,0.15783449516633527,0.13196599779949222,-127878765.0,0.5438598551885079,0,0,-1,0,0,-0.01709401709401711,-1.2640975394649232,1.1255895969425571,2.5055449351052963,-0.05084745762711851,0.3913043478260869,1.2827026814395124,0.03504464285714286,0.0
2022-04-06,2.24,2.24,-0.03901203927501548,-0.02123314968071214,-0.041195756438267166,0.5965070887943634,0.0,2.228,2.0775,2.0343333333333335,2,6,4,2.2078720193884713,2.144317913850756,57.9268292682927,0.05027098261912499,0.03130929419586044,2.7580531805668906,1.3969468194331094,0.0627168760101877,0.15769981396125926,0.13197515078188024,-127878765.0,0.4775526869616273,0,0,-1,0,0,-0.01250000000000001,-0.7956036959731085,1.014394920601181,2.5034069372558623,0.013574660633484337,0.3099415204678364,1.0100090367163796,0.053571428571428416,0.0
2022-04-07,2.07,2.24,-0.019169916107720286,-0.022417547647072062,-0.042966035883443485,0.034742246374990814,-0.07892725858967096,2.1990000000000003,2.1005000000000003,2.0316666666666667,3,7,4,2.1828043794996583,2.139523209731353,41.49659863945578,0.03659327973869164,0.03236609130442668,2.7446469266857187,1.4563530733142818,0.06661229118247627,0.15822057064100148,0.13286761973600827,-129475776.0,-0.09469889162377845,0,0,-1,0,0,-0.031250000000000125,-0.7321780980409602,1.086011223725696,2.511673693264904,-0.004807692307692402,0.2857142857142856,0.7291529222282902,0.0772463768115944,0.0
2022-04-08,2.07,2.07,-0.037563101575648614,-0.034480618956534516,-0.02469261259037141,-0.053806699013158175,0.0,2.191,2.131,2.0283333333333333,4,8,4,2.162294492317902,2.135037841361588,44.52554744525546,0.025460113325375566,0.03098489570861646,2.7009455190959932,1.5610544809040063,0.06072793170609828,0.156003190432183,0.132869505655121,-129475776.0,-0.21405554726267084,0,0,-1,0,0,0.00966183574879228,-0.7197152693923645,1.0740496707509741,2.476473873697243,-0.02358490566037752,0.4178082191780821,1.0300804091657392,0.06521739130434773,0.0
2022-04-11,2.12,2.07,0.04673747785168984,0.025434897147821604,0.0368139731227164,-0.03359873023508573,0.023867481406643486,2.1849999999999996,2.1715,2.0303333333333335,0,11,4,2.154604584623738,2.1340676580479374,41.984732824427475,0.020436007294140968,0.02887511802572136,2.5910875167486305,1.7519124832513695,0.06111292426077735,0.153009554542816,0.132484482348368,-128012426.0,-0.24547918107321995,0,0,-1,0,0,0.05797101449275368,-0.6787437353341623,0.6342065836253351,2.4289513772223867,-0.0940170940170939,0.6183206106870229,-0.6890640334625935,0.054245283018867815,0.0
2022-04-12,2.05,2.12,-0.00917437627604127,0.0022805026987250815,-0.021925360628965888,-0.6100760855375866,-0.03357629553360444,2.154,2.203,2.0286666666666666,1,12,4,2.1355855692376036,2.128643938173877,39.416058394160586,0.010682807328995292,0.025236655886376146,2.4398299412096893,1.9661700587903106,0.05404612954854096,0.15320000551751506,0.13267131368018695,-128807478.0,-1.2920663596714215,0,0,-1,0,0,0.023584905660377273,-0.9711664803511302,0.6146459586242012,2.431974692718408,-0.08482142857142871,0.44366197183098577,-0.9311317855348432,0.08048780487804881,0.0
2022-04-13,2.12,2.05,-0.05202118475087836,-0.02304249414715424,0.0024600258408626207,0.3390143886827802,0.03357629553360452,2.1450000000000005,2.1950000000000003,2.0296666666666665,2,13,4,2.132751829376221,2.1280862647433048,41.5492957746479,0.008503715534889711,0.02189006781607886,2.4316876689486233,1.9583123310513773,0.05264092127368527,0.07077239155640037,0.13275238720319402,-127691572.0,-0.6337465769395885,0,0,-1,0,0,0.004878048780487918,-0.876921492616639,0.7137836905647917,1.1234768864851372,-0.0535714285714286,-0.07017543859649111,-0.7720864405620858,0.05188679245283013,0.0
2022-04-14,2.01,2.12,0.019231361927887592,-0.011723463696059146,-0.03500357357333382,0.4179341005490971,-0.053281366612936865,2.138,2.1965,2.0303333333333335,3,14,4,2.1104333149441805,2.1204677960501885,44.696969696969695,-0.0020753873298358094,0.017096976786895927,2.4277688114697886,1.9652311885302112,0.051862297505744816,0.06506388633635352,0.13281231472953947,-129386433.0,-1.6128417733003588,0,0,-1,0,0,-0.009433962264150952,-0.37002176472349735,0.5827446954529047,1.0328571754641889,-0.02898550724637683,0.015151515151515138,-0.2946739224856065,0.07711442786069654,0.0
2022-04-18,1.88,2.01,-0.07821897486024423,-0.07338254593402399,-0.05491575759611465,-0.2722843219098369,-0.06686294522912647,2.114,2.1744999999999997,2.0316666666666667,0,18,4,2.068536348590693,2.104953744692112,39.43661971830985,-0.020710577467955904,0.009535465935925563,2.4377969106515502,1.9112030893484493,0.054714872214543,0.05311850249759951,0.13259713349907506,-130677303.0,-2.237018271663232,0,0,-1,0,0,-0.0338308457711442,-0.6257479285645055,0.7120787221029162,0.8432300857488698,-0.09178743961352653,-0.18965517241379304,0.3642371330939322,0.05851063829787228,0.0
2022-04-19,1.89,1.88,-0.03244659302727539,-0.020513539833103018,-0.02449102000829587,0.322933816501366,0.005305052229693098,2.069,2.158,2.036,1,19,4,2.036075194301476,2.0910857611635887,31.200000000000017,-0.034277058887075995,0.0007729609713252508,2.4491754761230657,1.8668245238769343,0.038215120133919735,0.05258908001886134,0.13224850882296368,-128894387.0,-1.8408143678056836,0,0,-1,0,0,0.0,-0.01969652134688126,0.6513712300549165,0.8348257644454984,-0.10849056603773599,-0.1486486486486488,0.5554589174882967,0.06084656084656084,0.0
2022-04-20,1.77,1.89,0.015831465216680662,-0.005194816877104023,-0.03077165866675366,-0.8734632518555521,-0.06559728248581323,2.022,2.13,2.041333333333333,2,20,4,1.987697886246662,2.070370550765938,31.967213114754117,-0.054088096364881544,-0.010199250495916109,2.457028085065812,1.8029719149341878,0.040077834466633586,0.05229901824655634,0.1317722127163704,-129638760.0,-2.20164576952192,0,0,-1,0,0,0.010582010582010592,-1.3180839961512154,0.7164532917464385,0.8302211765593044,-0.13658536585365844,-0.24034334763948495,0.7805610981603807,0.09039548022598866,0.0
2022-04-21,1.65,1.77,-0.053776396780804064,-0.04800921918636049,-0.06453852113757118,0.7410526682270634,-0.07020425867324857,1.9629999999999999,2.0955,2.0393333333333334,3,21,4,1.9262982705654508,2.043249870071361,32.2314049586777,-0.0785658254843602,-0.023872565493604926,2.4712084535993637,1.719791546400636,0.04154954674274848,0.0535603457056999,0.13213110562138514,-131200561.0,-2.371519702216007,0,0,-1,0,0,0.022598870056497196,-0.14489591700202153,0.4871414838789817,0.8502441292315693,-0.2216981132075473,-0.2948717948717948,2.0349705643969913,0.1090909090909092,0.0
2022-04-22,1.68,1.65,-0.11090069603344162,-0.04470017891790694,-0.024541108916117545,-0.34396379127205984,0.01801850550267843,1.9240000000000002,2.0614999999999997,2.0416666666666665,4,22,4,1.8815167668262778,2.019814394582886,31.66666666666667,-0.09445503404823241,-0.037989059204530426,2.458874276709299,1.6641257232907005,0.040467561793005515,0.05383498319017127,0.13159000750675504,-130093315.0,-1.9201041555041953,0,0,-1,0,0,-0.018181818181818063,-0.7109619710963581,0.6744690829387652,0.8546038641392151,-0.16417910447761186,-0.288135593220339,0.6542393218372624,0.08333333333333327,0.0
2022-04-25,1.63,1.68,-0.006191970247921107,-0.04679216150675894,-0.012500162764231494,0.08551533322704816,-0.030213778596496595,1.8800000000000001,2.0355,2.0473333333333334,0,25,4,1.8357864455851363,1.9946650788033453,15.533980582524322,-0.10981603752080238,-0.05235445486778482,2.4743729584799885,1.5966270415200114,0.03993170705577784,0.05114038583299876,0.1304110048188816,-131299414.0,-1.8479151752909369,0,0,-1,0,0,-0.041666666666666574,-0.5097173984612617,0.6193238493168111,0.8118284571960329,-0.13297872340425532,-0.24186046511627912,0.1318427214451751,0.049079754601226905,0.0
2022-04-26,1.52,1.63,0.018462062839735352,-0.018127384592556715,-0.05826890812397588,-0.16399599855764227,-0.06986967996048589,1.8199999999999998,2.0025,2.054333333333333,1,26,4,1.7783707282060204,1.964041525332162,15.384615384615415,-0.1293744757113251,-0.06775845903649289,2.4919626484332547,1.513037351566745,0.03842431484629981,0.052154019810633764,0.12951363209048708,-132323085.0,-1.9715498273237313,0,0,-1,0,0,0.0061349693251533804,-0.8168908655129925,0.5912289458414824,0.8279193977476376,-0.1957671957671957,-0.3027522935779817,1.4302542521306778,0.09210526315789468,0.0
2022-04-27,1.58,1.52,-0.05644131090495173,-0.006116227017436094,0.013245226750020723,0.12111459802086479,0.03871451218069043,1.7730000000000001,1.9635000000000002,2.0596666666666668,2,27,4,1.742303323077653,1.9392646527300872,20.00000000000003,-0.1384373606103233,-0.08189423935125897,2.4573047771088388,1.4696952228911617,0.044567802920377715,0.048611674815736104,0.12890736816344003,-131167612.0,-1.553245402951919,0,0,-1,0,0,0.019736842105263174,-0.5624965928403198,0.7784442811835828,0.7716864142606761,-0.10734463276836159,-0.3305084745762711,0.3232823354066767,0.06962025316455688,0.0
2022-04-28,1.63,1.58,0.04417121831313746,0.006116227017436054,0.0,-0.6920028499095137,0.03115516777979548,1.7239999999999998,1.9344999999999999,2.038,3,28,4,1.7218845370635343,1.9193120944894366,27.551020408163282,-0.13997167372936414,-0.09350972622688002,2.4354244086273593,1.4335755913726405,0.04420585489233496,0.0486534464754632,0.06338628677444369,-130589214.0,-1.2157522961773632,0,0,-1,0,0,0.025316455696202552,-1.461321086023029,0.7238809012708372,0.7723495188016058,-0.012121212121212088,-0.2624434389140272,-0.8560896212875344,0.07361963190184043,0.0
2022-04-29,1.77,1.63,0.10536051565782635,0.1419334958886666,0.15226921172755276,0.7329497032476489,0.08239953176706696,1.7,1.919,2.031,4,29,4,1.7306328030519824,1.9096790561352797,36.60714285714288,-0.12841056094537184,-0.1004898931705784,2.420152356286292,1.4178476437137082,0.055051457082834,0.05226074445546069,0.06131020748673669,-129385446.0,-0.5946295498005448,0,0,-1,0,0,0.10429447852760747,-0.279514092103547,0.9611053387507503,0.8296135989614799,0.0535714285714286,-0.14903846153846156,-0.26506484200998903,0.0678531073446327,0.0
2022-05-02,1.8,1.77,-0.028170876966696335,-0.03231377087144394,-0.028655255760376176,-0.06963285304655621,0.01680711831638119,1.6919999999999997,1.9029999999999998,2.0136666666666665,0,2,5,1.7432450206788945,1.90260298799752,35.45454545454547,-0.11549617844001747,-0.10349115022446621,2.39752156570583,1.4084784342941696,0.05223214984080051,0.052203512624183934,0.051996337253891516,-128262648.0,-0.41656423963225114,0,0,-1,0,0,-0.011299435028248598,-0.3732931495696475,0.8877942628670582,0.8287050718056693,0.10429447852760743,-0.15094339622641506,-1.0080422751422635,0.061111111111111165,0.0
2022-05-03,1.72,1.8,0.022599831917240992,0.008163310639160835,-0.00583092031079321,-0.5958680524194264,-0.0454623740767574,1.675,1.8719999999999999,1.9969999999999999,1,3,5,1.7390186532827319,1.890822150062196,35.135135135135144,-0.11044364310459698,-0.10488164880049237,2.327358736545318,1.4166412634546819,0.05369032338407018,0.04579882886046529,0.05202890595320979,-128881404.0,-0.6676055066086238,0,0,-1,0,0,-0.00555555555555556,-1.6175614953218387,0.7464591103373407,0.7270338690167931,0.13157894736842102,-0.2649572649572649,-0.5221719582592442,0.07848837209302326,0.0
2022-05-04,1.82,1.72,-0.051587368790493235,-0.01364277640378649,-0.03571808260207923,-0.10061029076596617,0.056512210263342404,1.6800000000000002,1.8509999999999998,1.98,2,4,5,1.7537425345040534,1.8862529790904417,36.8421052631579,-0.0972492790314945,-0.10335517484669281,2.2723711952795393,1.4296288047204604,0.05352043561762043,0.048000834608161055,0.052374265702786325,-128321872.0,-0.1471386765269238,0,0,-1,0,0,-0.011627906976744196,-1.649581975310835,0.7788958931381892,0.7619896265804201,0.1518987341772151,-0.1875,-0.7316023690428142,0.09340659340659349,0.0
2022-05-05,1.72,1.82,0.01749315744751712,-0.011049836186584935,0.0,0.3210259491572403,-0.056512210263342334,1.687,1.8249999999999997,1.9593333333333331,3,5,5,1.747607528230589,1.8755269804394454,37.16814159292036,-0.09378076838696692,-0.10144029355474764,2.2077050533968947,1.4422949466031048,0.05172700599822154,0.0490067088497273,0.05305096798953567,-129093210.0,-0.5487254430952422,0,0,-1,0,0,-0.04945054945054949,-0.9859587607133369,0.9811463744107697,0.7779573851407601,0.05521472392638049,-0.2321428571428572,0.01294981617281099,0.08720930232558148,0.0
2022-05-06,1.56,1.72,-0.04130380614123575,-0.07568185963774807,-0.06899287148695131,-0.39565454673878564,-0.09763846956391593,1.675,1.7994999999999997,1.9326666666666665,4,6,5,1.7134970685523,1.8551704010562555,36.20689655172415,-0.10275808035052014,-0.10170385091390215,2.181432757929629,1.4175672420703704,0.0599632477435166,0.050314875229322424,0.05510371417240415,-129612505.0,-1.254147464586566,0,0,-1,0,0,-0.03488372093023259,-1.4737751174365004,0.9578159539242701,0.7987238826241866,-0.11864406779661019,-0.24637681159420277,0.4409369321030815,0.08256410256410258,0.0
2022-05-09,1.43,1.56,-0.09470795154161879,-0.08683706986002689,-0.08465288533033678,0.4429460051748427,-0.08701137698962981,1.655,1.7675,1.9086666666666665,0,9,5,1.6619521469973364,1.8277400526010135,32.03125,-0.11899092499033492,-0.10516126572918871,2.1610733730840894,1.3739266269159105,0.06456286317019275,0.0525951660819695,0.054841408956702115,-130421197.0,-1.715055047323494,0,0,-1,0,0,-0.032051282051282076,-0.6517092062017797,0.9558286692806667,0.8349223777021841,-0.2055555555555556,-0.3091787439613526,1.650616316778039,0.08041958041958042,0.0
2022-05-10,1.45,1.43,-0.006644542718668613,-0.019802627296179754,-0.054459917132380874,0.2631424266748412,0.013889112160667093,1.6480000000000001,1.734,1.8843333333333334,1,10,5,1.6234153929978206,1.8033697266267545,36.44067796610169,-0.128757502129901,-0.10988051300933119,2.1151008983689654,1.3528991016310343,0.06173759122799422,0.05222425210730882,0.054841941043053066,-129369079.0,-1.4904189479240921,0,0,-1,0,0,0.048951048951048994,0.04481233123222114,1.0386932589267723,0.8290343008936801,-0.15697674418604657,-0.3160377358490567,0.6642543766771075,0.11034482758620684,0.0
2022-05-11,1.33,1.45,-0.020202707317519466,-0.006688988150796652,-0.015037877364540559,-0.4877409268886247,-0.08638461419882057,1.623,1.698,1.85,2,11,5,1.5700671397254895,1.7728297442637384,36.44067796610171,-0.14451470641725428,-0.11680735169091581,2.089305507245673,1.306694492754327,0.06444236940455733,0.05415065116519972,0.05329111002253783,-130015092.0,-1.880883315904669,0,0,-1,0,0,0.013793103448275874,-1.0215623766927089,0.6943358178702886,0.8596149378919709,-0.26923076923076916,-0.3512195121951218,1.7177075202717673,0.1278195488721804,0.0
2022-05-12,1.38,1.33,-0.1000834585569824,-0.062303883336154865,-0.03077165866675366,0.7899123654713297,0.036904556935450764,1.598,1.661,1.8223333333333334,3,12,5,1.5355094779572187,1.7474858897951102,37.5,-0.15122459916185038,-0.12369080118510273,2.0231514658417424,1.2988485341582579,0.06494818857001067,0.05433723641327946,0.05347990432572636,-128591794.0,-1.551836877682529,0,0,-1,0,0,0.0,0.9886527239646333,0.9863136998832006,0.8625768868803646,-0.19767441860465118,-0.34905660377358494,0.6700864471205228,0.08695652173913036,0.0
2022-05-13,1.47,1.38,0.0794641713542468,0.08879549878313127,0.09672962645855111,0.01131494903915625,0.06317890162153167,1.568,1.634,1.802,4,13,5,1.5235986637831789,1.7295835743244579,43.5483870967742,-0.14757879320206824,-0.12846839958849585,1.9658465085908787,1.302153491409121,0.061639232133126866,0.05694682218569228,0.05469114046093912,-127152300.0,-0.9884087718529493,0,0,-1,0,0,0.04347826086956526,1.1194901565080495,1.098949063294073,0.9040027767525448,-0.05769230769230771,-0.26865671641791034,-0.3020348196972161,0.08163265306122457,0.0
2022-05-16,1.48,1.47,-0.006968669316093316,0.03215711163453144,0.014084739881739023,-0.6288576494270203,0.006779686985378769,1.536,1.614,1.7806666666666664,0,16,5,1.515671634004419,1.713481408239009,48.245614035087726,-0.14224286211446624,-0.13122329209368994,1.9313177056462332,1.296682294353767,0.06110568783495044,0.05582877200707867,0.05450845114539308,-126384761.0,-0.8445794080547918,0,0,-1,0,0,-0.02721088435374152,-0.6509831760954119,0.8847060367766388,0.8862542803971271,0.034965034965035,-0.21276595744680848,-1.3008205711180336,0.10135135135135144,0.0
2022-05-17,1.52,1.48,0.09340117508840079,0.04335044087361361,0.020761991448429225,1.2711740911785745,0.026668247082161273,1.516,1.5955,1.7533333333333334,1,17,5,1.516458609639979,1.7009987367397184,47.32142857142857,-0.13325040485649353,-0.13162871464625067,1.8871721302760152,1.3038278697239847,0.06180274358171907,0.056358798233855666,0.05062461280444313,-123648457.0,-0.5177045878778527,0,0,-1,0,0,0.06081081081081086,3.3270089101712514,0.8948942296302462,0.8946681859034902,0.048275862068965614,-0.1957671957671957,-1.473294700539457,0.12499999999999996,0.0
2022-05-18,1.39,1.52,-0.0590335315841931,-0.04969966855227241,-0.07095173597228437,-0.7647896205205923,-0.08940658771558474,1.473,1.5764999999999998,1.725,2,18,5,1.4934661351599827,1.6809343021113494,40.00000000000001,-0.13505687959903345,-0.13231434763680722,1.8698131970773735,1.283186802922626,0.06075575039962114,0.057673797102051484,0.05207272246251363,-124922020.0,-1.2716782051289883,0,0,-1,0,0,-0.026315789473684233,0.38725233576054785,0.9131485185555547,0.9155431457809554,0.045112781954887105,-0.21468926553672318,-1.5023497988950412,0.15107913669064746,0.0
2022-05-19,1.45,1.39,-0.06273834063342336,-0.03896596853338372,0.021819047394639673,-0.8961065554174292,0.0422598092898826,1.446,1.5665,1.6986666666666665,3,19,5,1.4855632014945312,1.666035314878359,35.71428571428572,-0.13014677428792898,-0.13188083296703157,1.8628834642748149,1.2701165357251851,0.06323517843277944,0.05719780595348059,0.05307254569140193,-124402208.0,-0.7861437228628789,0,0,-1,0,0,0.0,-1.0049824830136065,0.9244562452211844,0.9079870205486359,0.050724637681159424,-0.12121212121212122,-1.5114180846732896,0.08275862068965525,0.0
2022-05-20,1.36,1.45,0.06273834063342335,-0.020067563050809256,-0.05167201054432081,0.6415513018692695,-0.06407885668452229,1.4259999999999997,1.5505,1.675,4,20,5,1.4627335284955256,1.6462911010152392,31.355932203389827,-0.13199615873891068,-0.1319038981214074,1.855509059400855,1.245490940599145,0.059652221642573736,0.058300526609228034,0.052565349137096595,-125389552.0,-1.2491432246255818,0,0,-1,0,0,0.020689655172413814,-0.06610838182399738,0.8983634963709906,0.9254921682727267,-0.07482993197278909,-0.19047619047619035,-0.47707395011277753,0.11764705882352934,0.0
2022-05-23,1.32,1.36,-0.06995858860691047,-0.06995858860691047,-0.01526747213078842,-0.3462451192350673,-0.02985296314968116,1.4149999999999998,1.5350000000000001,1.65,0,23,5,1.4367819778599755,1.6252400622400627,32.456140350877206,-0.13513176013225636,-0.13254947052357718,1.8541765721529895,1.2158234278470108,0.05471981473445136,0.05829397590719052,0.05259746077730681,-126087939.0,-1.3472166741420184,0,0,-1,0,0,0.014705882352941025,-0.5856037063029951,0.8818645319131687,0.9253881791017019,-0.108108108108108,-0.1901840490797545,0.12121045340596419,0.06060606060606049,0.0
2022-05-24,1.2,1.32,-0.059719234701622194,-0.059719234701622194,-0.08841095734405308,0.4524093881874589,-0.0953101798043249,1.3900000000000001,1.519,1.6193333333333333,1,24,5,1.3937307091581619,1.5978052195148975,23.275862068965523,-0.14562111438479497,-0.13516379929582073,1.8716680263972232,1.1663319736027766,0.060122863848505216,0.05975104115622322,0.053932934559270014,-127185870.0,-1.8090667490264523,0,0,-1,0,0,-0.015151515151515164,0.19496156841924575,0.8715634968981886,0.9485183728593114,-0.21052631578947367,-0.21052631578947367,1.306688526927649,0.09166666666666676,0.0
2022-05-25,1.23,1.2,-0.07174390485884143,-0.039220713153281385,-0.008438868645864595,-0.6209992265773503,0.02469261259037163,1.3800000000000001,1.5015,1.5919999999999999,2,25,5,1.3639614893112233,1.5740758505139365,27.52293577981652,-0.14978660715376635,-0.13808836086740986,1.8755123836969887,1.1274876163030114,0.05659814587991794,0.059205113355031334,0.05439061209641103,-126595834.0,-1.4518235857129242,0,0,-1,0,0,0.008333333333333342,-0.7406202002060825,0.9001310775243816,0.9398520376848112,-0.1151079136690647,-0.22151898734177222,0.048451611579296845,0.05691056910569111,0.0
2022-05-26,1.29,1.23,0.032523191705560145,0.09166718852582387,0.03742640551911703,0.37250729649106223,0.047628048989254664,1.371,1.4845000000000002,1.5643333333333331,3,26,5,1.3505139458000919,1.555748376287231,36.363636363636374,-0.14655687519607974,-0.13978206373314384,1.86477552338406,1.1042244766159404,0.05766287133431183,0.059969942227638275,0.05491370547289084,-125739474.0,-1.0229425142546686,0,0,-1,0,0,0.016260162601626032,-0.2532030601066359,0.9265672197871687,0.9519933196394503,-0.1103448275862069,-0.20858895705521463,0.11546009167915204,0.1124031007751938,0.0
2022-05-27,1.27,1.29,0.03922071315328133,-0.052446475372542545,-0.004089985251525166,0.21772744397569496,-0.01562531790308087,1.351,1.4595,1.5396666666666665,4,27,5,1.3358750465637115,1.537312997171926,40.909090909090914,-0.1439517361956577,-0.14061599822564663,1.826248156814902,1.092751843185098,0.05209208893426614,0.055570978196182445,0.0544696764118359,-126804142.0,-1.033406693278302,0,0,-1,0,0,0.007751937984496131,0.17251478694565334,0.855035065883348,0.882161930518149,-0.06617647058823539,-0.28248587570621464,-0.5525856500421112,0.06299212598425202,0.0
2022-05-31,1.29,1.27,0.03774032798284711,0.04512043528046964,0.03226086221822148,0.7421766931875273,0.015625317903080815,1.332,1.434,1.52,1,31,5,1.3275341290066731,1.5213573199350277,40.909090909090914,-0.13867475565463594,-0.1402277497114445,1.7707585422677319,1.097241457732268,0.052549766987497755,0.055535312722139366,0.053851508729192255,-124567804.0,-0.8552121590163914,0,0,-1,0,0,0.06299212598425202,2.083576510594428,0.8585582163169208,0.8815957586698936,-0.022727272727272707,-0.2833333333333333,-1.3187653704424054,0.07751937984496131,0.0
2022-06-01,1.25,1.29,-0.037740327982847086,-0.007380107297622534,-0.01600034134644119,-0.06430763457776484,-0.03149866705937105,1.3050000000000002,1.4104999999999999,1.4986666666666666,2,1,6,1.3134370146418235,1.5038503960682517,45.0,-0.13615091328597617,-0.13941238242635084,1.7282867540559983,1.0927132459440014,0.0508939531608408,0.05524115425626166,0.05387912452898247,-126664855.0,-1.0101113274955287,0,0,-1,0,0,0.007751937984496131,1.6096642995500254,0.5072580163076664,0.8769261377893535,0.04166666666666674,-0.2732558139534884,-0.08345241150183379,0.08800000000000008,0.0
2022-06-02,1.27,1.25,-0.047252884850545615,-0.0454623740767574,0.0,-0.6951362335518586,0.015873349156290163,1.293,1.3829999999999998,1.482,3,2,6,1.3055393756160374,1.488763273741268,42.85714285714287,-0.13102652495399503,-0.13773521093187968,1.6411798638664163,1.1248201361335832,0.04584077809563164,0.0530925729896356,0.053223493812026665,-125618413.0,-0.8753587387315878,0,0,-1,0,0,-0.008000000000000007,-0.14156022304310334,0.49274671594698605,0.8428184675707252,0.03252032520325199,-0.30219780219780223,0.14353081448764848,0.039370078740157514,0.0
2022-06-03,1.23,1.27,0.008032171697264253,-0.01562531790308087,-0.01626052087178029,-0.44654079195927066,-0.03200273108617383,1.2710000000000001,1.3584999999999998,1.468,4,3,6,1.2918049436858487,1.4720688689837669,33.33333333333334,-0.12870939421008964,-0.13593004758752167,1.5709815781507936,1.146018421849206,0.042538897263140474,0.05245299559730698,0.052258985142976125,-126287966.0,-1.2095166189777269,0,0,-1,0,0,-0.015748031496063006,-0.7550503576679751,0.37815514421984187,0.8326654912250409,-0.04651162790697683,-0.2848837209302325,0.31374799034593776,0.040650406504065074,0.0
2022-06-06,1.23,1.23,0.0695260626486103,0.06846779927746083,0.0,1.1716790103705874,0.0,1.2580000000000002,1.342,1.453,0,6,6,1.2805676811975126,1.4564515225977175,32.39436619718312,-0.12542720466190072,-0.1338294790023975,1.5393082013414827,1.1446917986585174,0.03939926610815651,0.049221793057447394,0.05204504066992322,-126287966.0,-1.1352797221658406,0,0,-1,0,0,0.08943089430894317,1.5131769065876357,0.3780249589529961,0.7813717410881484,-0.03149606299212604,-0.21153846153846156,-0.3096100621879528,0.11382113821138222,0.0
2022-06-07,1.27,1.23,-0.08565544457849389,-0.052842481374379933,0.0,-0.2481579970350672,0.032002731086173734,1.2530000000000001,1.334,1.4409999999999998,1,7,6,1.2786462846161466,1.4444223921075423,32.39436619718312,-0.1182354355895372,-0.13071067031982544,1.5292488290975907,1.1387511709024094,0.04072828763988998,0.046982125566574245,0.052429441767870934,-124601937.0,-0.6555737137661517,0,0,-1,0,0,0.0,0.6875610588504227,0.4509552494107089,0.7458181218861902,-0.015503875968992276,-0.11188811188811187,0.08402964419584658,0.05511811023622052,0.0
2022-06-08,1.37,1.27,0.07816477284933626,0.17714019805195697,0.07117627846789495,1.0994310377708183,0.07579383936953372,1.27,1.3299999999999998,1.4360000000000002,2,8,6,1.2952560510495743,1.439620947455443,48.5294117647059,-0.10327623833239152,-0.12522378392233868,1.51840046932778,1.1415995306722198,0.035014200359739685,0.0504510793678695,0.05339412782645258,-119539707.0,0.42462739230663005,0,0,-1,0,0,0.04724409448818902,3.414818973684731,0.6483051214774825,0.8008860562929867,0.09600000000000009,-0.055172413793103336,0.47086350144134187,0.16788321167883208,0.0
2022-06-09,1.27,1.37,0.0,-0.11806716692694104,-0.0468835858988505,-0.8405455652945837,-0.07579383936953367,1.2739999999999998,1.327,1.4256666666666666,3,9,6,1.2906640417678334,1.4286776605228337,37.500000000000014,-0.09835634032941543,-0.11985029520375404,1.5173016995271666,1.1366983004728333,0.04409149144238091,0.04966542212664441,0.054317778617832116,-121723933.0,-0.5990487750937068,0,0,-1,0,0,-0.029197080291970826,0.6225493446107867,0.924557186310736,0.7884141342368747,0.0,-0.045112781954887216,0.09975204836291834,0.09330708661417327,0.0
2022-06-10,1.26,1.27,-0.04616204176316249,-0.04368811228553656,-0.040821994520255166,1.6922351033997407,-0.007905179507113261,1.2710000000000001,1.3210000000000002,1.4133333333333333,4,10,6,1.285088761446409,1.4177952308116832,42.1875,-0.0941785702093696,-0.11471595020487715,1.5118319734899959,1.1301680265100045,0.041258263965225736,0.04883391055550584,0.053855398192790345,-133587791.0,-0.6393058656200301,0,0,-1,0,0,0.0,3.8670802918280285,0.8860891718744227,0.7752142972598431,0.024390243902439046,-0.08695652173913038,-0.2280914542333788,0.08730158730158738,0.0
2022-06-13,1.15,1.26,-0.03200273108617383,-0.06301296782873415,-0.05129329438755058,-1.8499921806757138,-0.09134977858822796,1.259,1.305,1.3926666666666667,0,13,6,1.2605271684561528,1.4005181191464136,38.028169014084504,-0.09860705720694796,-0.11149417160529132,1.49688812530327,1.11311187469673,0.04939419442371353,0.04946104939668665,0.05281347066101181,-135453245.0,-1.6155246683975872,0,0,-1,0,0,-0.02380952380952383,-0.08199476877457472,1.1118216090238686,0.7851698177274851,-0.06504065040650409,-0.217687074829932,0.17604455401713703,0.07826086956521747,0.0
2022-06-14,1.22,1.15,-0.05001042057466142,0.016129381929883717,0.008733679968754631,-0.658897463278265,0.05908891637000658,1.252,1.2920000000000003,1.3733333333333335,1,14,6,1.2531585923732158,1.388871788878903,51.515151515151516,-0.09536889679528482,-0.10826911664329003,1.468587536070818,1.1154124639291825,0.053751164778813296,0.051903409217119056,0.0542583473616501,-134488019.0,-0.8154595913397392,0,0,-1,0,0,0.017391304347826105,-0.44207000701446364,1.197276270442352,0.8239410779094882,-0.03937007874015752,-0.17567567567567566,0.04833723580427368,0.08196721311475418,0.0
2022-06-15,1.26,1.22,0.08201315166083528,0.023716526617316065,0.06725222700916747,-0.25249041788362026,0.03226086221822148,1.253,1.279,1.358,2,15,6,1.2544024846689945,1.380557479918974,52.23880597014925,-0.0885541683041493,-0.10432612697546188,1.4195103480017162,1.1384896519982837,0.05400823416717599,0.05212531824156124,0.0544698533309628,-133738170.0,-0.2704427150058419,0,0,-1,0,0,0.04098360655737709,-0.48566473269759625,1.0251411989231232,0.8274637744636181,-0.08029197080291972,-0.17105263157894735,-0.04900664458258704,0.039682539682539715,0.0
2022-06-16,1.18,1.26,-0.04839654086185021,-0.0317486983145803,-0.07598590697792211,0.6848807837446838,-0.06559728248581335,1.244,1.2685,1.3366666666666667,3,16,6,1.2408747601837227,1.367618287666137,42.02898550724638,-0.08858759563099028,-0.10117842070656756,1.4054248737573234,1.1315751262426765,0.05747775376661382,0.05061191434753286,0.0538339625572837,-135225522.0,-1.2926796654470762,0,0,-1,0,0,-0.039682539682539715,-0.19980546530845988,0.9929375099632836,0.803439232442843,-0.07086614173228356,-0.15107913669064743,-0.06744377869364289,0.08474576271186449,0.0
2022-06-17,1.22,1.18,0.008230499136515444,0.03174869831458027,0.06371581438610778,0.6762225903025048,0.033336420267591926,1.2429999999999999,1.257,1.32,4,17,6,1.2370793492412278,1.3580945271715474,46.47887323943662,-0.08441335669183747,-0.09782540790362154,1.3654046998436724,1.1485953001563274,0.05795054154737965,0.05016970884919412,0.05388569231272545,-132300740.0,-0.6826272302465973,0,0,-1,0,0,0.0338983050847458,0.32128844242564275,1.049219077287171,0.7964194377809048,-0.031746031746031744,-0.1586206896551724,-0.5446964163363415,0.05327868852459012,0.0
2022-06-21,1.27,1.22,0.03226086221822148,0.030771658666753687,0.028399474521697957,-1.525786097640577,0.04016604172533465,1.2469999999999999,1.2525,1.3103333333333333,1,21,6,1.2430649221064591,1.3524110092895123,48.64864864864865,-0.07619236200512947,-0.09349879872392314,1.3498058120230245,1.1551941879769754,0.05932718255875388,0.049546009424400565,0.05229274435396073,-131664746.0,0.35969074480071533,0,0,-1,0,0,0.03278688524590167,-0.5773379573241526,0.770900330801153,0.7865185163557582,0.10434782608695659,-0.06617647058823539,-1.922110473479438,0.05511811023622052,0.0
2022-06-22,1.23,1.27,-0.02409755157906053,-0.03861483612777966,-0.024292692569044587,-0.4602132541595497,-0.03200273108617383,1.2429999999999999,1.2479999999999998,1.3036666666666668,2,22,6,1.2406894817234664,1.3445135248192213,48.64864864864865,-0.0720740059171947,-0.08921384016257747,1.340360848397026,1.1556391516029736,0.059459026268268045,0.04960833865312856,0.05045587553778699,-132066153.0,-0.3897755447768139,0,0,-1,0,0,-0.03149606299212601,-0.6616809504245498,0.7485808944950726,0.7875079621875066,0.008196721311475308,-0.06818181818181823,-0.8420522798735456,0.040650406504065074,0.0
2022-06-23,1.18,1.23,0.016129381929883717,-0.007905179507113261,-0.033336420267591836,1.374227160741504,-0.041499730906752734,1.224,1.2469999999999999,1.2946666666666666,3,23,6,1.2296550305010179,1.3338997490244329,44.15584415584416,-0.07201462145038295,-0.08577399642013858,1.341945968018312,1.1520540319816879,0.05319385947525363,0.04602939133558594,0.050778368237951,-133652522.0,-1.4113290200396473,0,0,-1,0,0,0.016260162601626032,-0.20544879735913352,0.7431481499668711,0.7306939348417897,-0.0634920634920636,-0.01666666666666672,0.332841313172291,0.0677966101694916,0.0
2022-06-24,1.22,1.18,-0.040821994520255166,0.0,0.0,-0.06763696396848987,0.033336420267591926,1.2189999999999999,1.2465,1.291,4,24,6,1.2278995704099238,1.3265513781196308,49.350649350649356,-0.06795653252111022,-0.08221050364033292,1.3419270181358653,1.1510729818641345,0.05059278478482835,0.046324031920861396,0.0491032899635517,-132169902.0,-0.5553982617851536,0,0,-1,0,0,0.0169491525423729,-0.26617266608138007,0.6326891321387367,0.7353712091305019,0.033898305084745894,-0.008130081300813052,-0.6140502621702162,0.06557377049180334,0.0
2022-06-27,1.26,1.22,0.04879016416943204,0.03125254350410453,0.03742640551911703,-0.18581661613968026,0.03226086221822148,1.2189999999999999,1.2449999999999999,1.287,0,27,6,1.2337360121535739,1.32225774082159,51.85185185185185,-0.06081180150790666,-0.07793076321384768,1.3384710763075527,1.151528923692447,0.051763445246379665,0.045580990213868015,0.04897836040535318,-130938696.0,0.3209549005436684,0,0,-1,0,0,0.03278688524590167,-0.3750159058176555,0.6297910314669471,0.7235757877077815,0.032786885245901676,-0.023255813953488413,-0.6096120970325993,0.059523809523809486,0.0
2022-06-28,1.26,1.26,-0.007968169649176845,0.01526747213078838,0.02020270731751947,-0.40423049645825293,0.0,1.23,1.2445,1.28,1,28,6,1.2385112826711058,1.3182411123814877,49.350649350649356,-0.05452106579661731,-0.0732488237304016,1.337513864279459,1.1514861357205408,0.041522272322326366,0.04543825899722152,0.04731810928076857,-130938696.0,0.3332836479824228,0,0,-1,0,0,-0.007936507936507943,-0.5323648680975243,0.5534814749314451,0.7213099998863477,-0.007874015748031482,-0.007874015748031482,-0.08139262266686868,0.0555555555555556,0.0
2022-06-29,1.21,1.26,-0.016129381929883644,-0.04255961441879601,-0.04919024419077178,0.25995825745739753,-0.04049136135473699,1.2289999999999999,1.2405000000000002,1.2710000000000001,2,29,6,1.233327413094541,1.3112578148084886,38.888888888888886,-0.05295970800803884,-0.06919100058592906,1.3321457711476674,1.148854228852333,0.03996959394284308,0.04615034319635412,0.04771083003945186,-132004492.0,-0.6656062711471122,0,0,-1,0,0,-0.02380952380952383,-0.4099238985703444,0.5840212991554004,0.7326139861070083,-0.016260162601625994,-0.06201550387596899,-0.09228446305740794,0.06198347107438013,0.0
2022-06-30,1.2,1.21,-0.033060862260888176,-0.04445176257083381,-0.03419136474827931,0.5328543185271264,-0.008298802814695066,1.223,1.238,1.260333333333333,3,30,6,1.2272678834409882,1.3040798912724572,44.44444444444444,-0.051930613353077915,-0.06573892313935883,1.3312681476670936,1.1447318523329064,0.038289795726496476,0.04568032013380465,0.047312715712628496,-133820383.0,-0.8148548234416578,0,0,-1,0,0,-0.016528925619834725,-0.10683224715919194,0.4890827605462913,0.7251526013031833,0.016949152542372836,-0.040000000000000036,-0.4531600942447094,0.050000000000000044,0.0
2022-07-01,1.26,1.2,0.0,0.05623971832287611,0.03419136474827934,-0.8320378643705226,0.04879016416943204,1.231,1.2375,1.256,4,1,7,1.2332191773608083,1.3012360273193955,50.0,-0.045746215964113324,-0.06174038170430973,1.3301510147119047,1.1448489852880954,0.03547994876866936,0.04696244034010587,0.04598309444327447,-133030177.0,0.48569354733918474,0,0,-1,0,0,-0.008333333333333342,-0.5071575920236432,0.5598561998707817,0.7455056286037663,0.032786885245901676,-0.007874015748031482,-0.08074521321083354,0.0714285714285715,0.0
2022-07-05,1.27,1.26,0.03306086226088821,0.0,0.024897551621727302,-0.34436938731182104,0.007905179507113247,1.236,1.2395,1.25,1,5,7,1.2399065996588432,1.2992207997504024,60.3448275862069,-0.03958184517829633,-0.05730867439910706,1.3331904196685644,1.1458095803314357,0.034232942610163845,0.046365254376574974,0.04522738418432841,-132470184.0,0.6510804436119635,0,0,-1,0,0,-0.02380952380952383,-0.595258685433067,0.5135369813205145,0.7360255953279989,0.007936507936507908,0.03252032520325199,0.4592893501693176,0.04724409448818902,0.0
2022-07-06,1.25,1.27,0.008097210232619303,-0.007843177461025893,0.0,0.5475711986860491,-0.01587334915629012,1.234,1.2405000000000002,1.2463333333333333,2,6,7,1.2417417633572352,1.2960452642826346,52.83018867924528,-0.03589657638395782,-0.05302625479607721,1.334190419668564,1.1468095803314362,0.032162673356969804,0.04654569888937315,0.04392764513577089,-133438439.0,0.2027955480102814,0,0,-1,0,0,-0.02362204724409451,-0.4085636460468069,0.5293239040045179,0.73889006316586,-0.007936507936507908,0.016260162601626105,0.8307307021774598,0.040000000000000036,0.0
2022-07-07,1.32,1.25,0.008032171697264253,0.06108769197983828,0.016260520871780326,-0.11865263198177284,0.054488185284069776,1.2429999999999999,1.2429999999999999,1.2463333333333333,3,7,7,1.2559705336559197,1.2975907311031099,55.35714285714286,-0.027016134150399607,-0.04782423066694169,1.3424934539015023,1.1435065460984974,0.0347766168025825,0.047643257360908575,0.04483897357854739,-132578516.0,1.5478405257943781,0,0,-1,0,0,0.0,-0.43284446394024473,0.5263796484663666,0.7563132637560694,0.09090909090909105,0.03937007874015741,0.3459077978695656,0.0833333333333334,0.0
2022-07-08,1.31,1.32,0.054488185284069776,0.0,0.01600034134644112,-0.6244778787541978,-0.007604599385219304,1.256,1.24,1.25,4,8,7,1.265794072991207,1.2983913290964577,63.26530612244898,-0.02054836733891774,-0.042369058001336904,1.3260844139006536,1.1539155860993464,0.031047810640900637,0.044208781677145335,0.04139917664307836,-133039040.0,1.6263106601569963,0,0,-1,0,0,0.0,-0.5168464169843416,0.5242343092196536,0.7017926524972532,0.09166666666666679,-0.04379562043795626,0.3453588213856019,0.06870229007633594,0.0
2022-07-11,1.24,1.31,-0.04652001563489293,-0.061087691979838266,-0.032260862218221435,0.5726411200169932,-0.05491575759611477,1.258,1.2385,1.2503333333333335,0,11,7,1.26110424153826,1.2946241465741057,51.92307692307693,-0.02083090482463512,-0.03806142736599655,1.3234210159395077,1.1535789840604922,0.03579137138496398,0.04273101414073869,0.04247444298722471,-133855523.0,0.0353269443000673,0,0,-1,0,0,-0.038167938931297746,-0.3440801098735896,0.631339049597636,0.6783338201158737,-0.015873015873015928,-0.023622047244094557,0.4501538876782738,0.040322580645161324,0.0
2022-07-12,1.23,1.24,0.007905179507113247,0.0,-0.0248975516217272,-0.37096121461539017,-0.008097210232619362,1.255,1.2369999999999999,1.2483333333333333,1,12,7,1.2554489248949399,1.2904548467951313,45.833333333333336,-0.02161259767156909,-0.03477166142711106,1.3213800924438328,1.152619907556167,0.034208936954577836,0.04273280826644932,0.041533755509367075,-134418954.0,-0.16591591208932124,0,0,-1,0,0,0.024193548387096794,-0.8795337344224354,0.6247573147429606,0.6783623009785804,-0.03149606299212604,-0.023809523809523836,0.8631704643949905,0.06504065040650413,0.0
2022-07-13,1.21,1.23,-0.04839654086185021,-0.02390552085355448,-0.008438868645864595,0.11753077932672046,-0.016393809775676383,1.25,1.24,1.2463333333333333,2,13,7,1.2471854840049508,1.2852642115180262,47.82608695652174,-0.02357417927333727,-0.0325321649963563,1.3151139485314642,1.1648860514685357,0.034494713613422254,0.03778943199798599,0.0415432495836436,-135052654.0,-0.7987863928477518,0,0,-1,0,0,-0.016260162601626032,-0.6858099267264085,0.6252832412475212,0.5998886355183458,-0.03200000000000003,0.052173913043478404,0.872897620237057,0.049586776859504175,0.0
2022-07-14,1.13,1.21,-0.01666705248521176,-0.032789822822990956,-0.04329680575332419,0.5870964753444662,-0.06840272688440065,1.242,1.2354999999999998,1.241,3,14,7,1.2258790323676867,1.2752471656136375,44.89795918367347,-0.03122414572174992,-0.03227056114143502,1.325054452713586,1.1459455472864137,0.03836976365317337,0.03825925511606286,0.04308085256385335,-136192527.0,-2.3561084190288377,0,0,-1,0,0,-0.016528925619834725,0.1516653848122449,0.4366155304836413,0.6073468463020678,-0.14393939393939403,-0.07377049180327877,-0.6592249549301195,0.06194690265486732,0.0
2022-07-15,1.16,1.13,-0.051735674399188865,-0.025317807984289897,-0.008888947417245815,-0.8113413114046926,0.026202372394024117,1.238,1.2305,1.238,4,15,7,1.2139010264826526,1.2678118646063061,43.75,-0.03446871606484514,-0.032710192126117046,1.32530728375743,1.1356927162425698,0.03971268383995013,0.0379754509037987,0.04309524219629204,-135686125.0,-1.4872275041731686,0,0,-1,0,0,0.0,-0.8809810065475369,0.5890566691419956,0.6028415941019665,-0.11450381679389321,-0.07936507936507942,0.20086053996644082,0.04310344827586192,0.0
2022-07-18,1.23,1.16,0.060103924069705515,0.08201315166083528,0.043675063502661426,1.081163081231955,0.05859416426605281,1.2349999999999999,1.233,1.2366666666666666,0,18,7,1.2168281125767157,1.2653723894704154,47.05882352941176,-0.031033906891317686,-0.032374935079157174,1.3247892322591537,1.1412107677408465,0.04133863212159585,0.03776325298593432,0.04445808277640511,-134193198.0,-0.0653671444060029,0,0,-1,0,0,0.03448275862068969,0.754408959779753,0.7548545314168629,0.5994730565855972,-0.008064516129032251,0.04237288135593231,-0.1399994939255565,0.08130081300813015,0.0
2022-07-19,1.27,1.23,0.04879016416943204,0.046162041763162624,0.033616610798985064,-0.09091621616118481,0.032002731086173734,1.2349999999999999,1.2355,1.238,1,19,7,1.2264957284718583,1.2656709449884533,50.909090909090914,-0.0247982711355188,-0.0308596022904295,1.328513864279463,1.1424861357205371,0.04268043189219624,0.03770465351484394,0.0444357183687609,-132830015.0,0.7418248938963278,0,0,-1,0,0,0.024390243902439046,0.9626398526329318,0.7843524572119698,0.598542818820807,0.03252032520325199,0.040983606557376984,-0.8273031039202583,0.09448818897637803,0.0
2022-07-20,1.25,1.27,0.007905179507113247,-0.03053672386008165,0.016393809775676352,-0.8788687727411544,-0.01587334915629012,1.2349999999999999,1.2345,1.2386666666666666,2,20,7,1.2307692323860657,1.264659916279521,53.846153846153854,-0.02122564174125463,-0.028932810180594525,1.326375201400644,1.1426247985993558,0.04268043189219624,0.036794876721139916,0.04455338141554347,-133396080.0,0.3374142263353208,0,0,-1,0,0,0.0,-0.9243802539212306,0.7833867185471417,0.5841005599524955,0.03305785123966953,-0.015748031496062964,-0.8378245735764133,0.04800000000000004,0.0
2022-07-21,1.29,1.25,-0.02390552085355448,0.0,0.008097210232619303,-0.07066621402157218,0.031498667059371016,1.232,1.2375,1.2393333333333334,3,21,7,1.2415384628613264,1.2662947603905197,58.18181818181818,-0.014993802281460855,-0.02614500860076779,1.3326176556790714,1.1423823443209287,0.03981122565485568,0.03668707564489485,0.04454099045544766,-132868636.0,1.1038960038530776,0,0,-1,0,0,-0.008000000000000007,-1.05032583502426,0.43436876902608695,0.5823892709196382,0.14159292035398252,0.04878048780487809,-0.8530963173958983,0.038759689922480654,0.0
2022-07-22,1.23,1.29,0.008032171697264253,0.003868476777920332,-0.024491020008295755,0.19752487624895584,-0.047628048989254705,1.2239999999999998,1.24,1.2346666666666666,4,22,7,1.2394405605229033,1.2639531629459702,47.27272727272727,-0.014726762222859291,-0.023861359325186092,1.3313063092348647,1.1486936907651353,0.04228976537709344,0.037075670949033336,0.042889595027216815,-133511265.0,-0.21904291354669225,0,0,-1,0,0,-0.031007751937984523,-0.6946348580807589,0.6805014847399187,0.5885580301320258,0.06034482758620685,0.04237288135593231,-0.547680833819171,0.06910569105691054,0.0
2022-07-25,1.19,1.23,-0.024292692569044587,-0.043399315534555484,-0.029352212012527336,0.04783907836505892,-0.033060862260888176,1.2189999999999999,1.2385,1.232,0,25,7,1.230451367700557,1.2591819911430042,43.10344827586207,-0.01754059964449195,-0.022597207389047264,1.3321454680432545,1.1448545319567454,0.04011543422206963,0.03711167291092914,0.04120537994468329,-134185384.0,-1.0358216155766975,0,0,-1,0,0,-0.008130081300813016,-0.5395012392955039,0.5815004566649684,0.5891295435593462,-0.0325203252032521,-0.024590163934426257,0.22717474711995897,0.05462184873949576,0.0
2022-07-26,1.18,1.19,-0.016529301951210582,-0.028631812674327153,-0.012848142477849137,0.5746230887171618,-0.008438868645864595,1.214,1.2345000000000002,1.2293333333333334,1,26,7,1.2212783917550012,1.254073475585391,43.85964912280702,-0.020343001047258502,-0.022146366120689515,1.3310674021537534,1.137932597846247,0.04011997300931384,0.036295928780191826,0.041208388126720244,-135382930.0,-1.1287452863902472,0,0,-1,0,0,0.008403361344537823,0.8746312657106662,0.4729235642595932,0.5761800069389972,-0.07086614173228356,-0.0634920634920636,0.9346268082423063,0.03813559322033911,0.0
2022-07-27,1.16,1.18,-0.01680711831638129,-0.012526259819180369,-0.01739174271186922,0.06625743616041102,-0.017094433359300183,1.209,1.2295,1.2296666666666665,2,27,7,1.2101368659813645,1.248004219096011,34.61538461538461,-0.02390222720558266,-0.022497538337668144,1.3307500812256403,1.1282499187743598,0.04014506799141967,0.036428451239169504,0.038027848684225034,-136662510.0,-1.372838404842684,0,0,-1,0,0,0.0,1.0053441234107943,0.4732421586888154,0.5782837357565114,-0.07200000000000006,-0.07936507936507942,0.9727725694974743,0.043103448275862113,0.0
2022-07-28,1.14,1.16,-0.02575249610241474,-0.03419136474827931,-0.01769957709940075,0.5050869992185996,-0.01739174271186922,1.21,1.226,1.2269999999999999,3,28,7,1.1973847085302072,1.2410362049607846,33.9622641509434,-0.02801384625035963,-0.02360079992020644,1.3346568718043377,1.1173431281956623,0.03420891495606505,0.03559118579278682,0.036426883951021,-138782940.0,-1.5829647692207327,0,0,-1,0,0,-0.008620689655172422,2.4984225062525875,0.24042008960620928,0.564992558841655,-0.11627906976744196,-0.05785123966942152,-0.8010350023111781,0.026315789473684043,0.0
2022-07-29,1.14,1.14,-0.02643325706815537,-0.008733679968754666,-0.008968669982760375,-0.2826176462718249,0.0,1.208,1.223,1.2229999999999999,4,29,7,1.1869511251610785,1.234517740124605,39.130434782608695,-0.030915954091705222,-0.0250638307545062,1.337817933684454,1.1081820663155462,0.033051276559283985,0.035567169145701155,0.03584636500769184,-138782940.0,-1.4457671782894697,0,0,-1,0,0,-0.01754385964912263,1.4678599831314365,0.19186130845152174,0.5646113063885694,-0.07317073170731714,-0.050000000000000044,-0.39994831934815134,0.026315789473684043,0.0
2022-08-01,1.13,1.14,-0.008968669982760375,0.008733679968754631,0.0,-0.8512651029716158,-0.00881062968215492,1.198,1.2165000000000001,1.2213333333333334,0,1,8,1.1765963751317914,1.2277746601165662,39.130434782608695,-0.0336350875390079,-0.026778082111406542,1.3370731924503678,1.0959268075496325,0.0249806711017877,0.03341065582362183,0.03399095130760792,-139465255.0,-1.4348131328712532,0,0,-1,0,0,-0.026315789473684043,-0.5534060857877889,0.11348125206329583,0.5303777186932516,-0.050420168067226934,-0.10317460317460325,0.5226481852384037,0.035398230088495415,0.0
2022-08-02,1.15,1.13,0.017857617400006253,0.017241806434506173,0.0,0.5778923102116693,0.017544309650909525,1.186,1.2105,1.219,1,2,8,1.1717606705623747,1.222756940109046,43.47826086956522,-0.03378671531066657,-0.02817980875125855,1.331804315021919,1.0891956849780808,0.022627583872978165,0.03367830791174205,0.03354509750200699,-138249180.0,-0.9974913091767261,0,0,-1,0,0,0.0,0.5597842528691696,0.2310132298944365,0.534626563871571,-0.025423728813559365,-0.09448818897637801,1.1303300411767723,0.05217391304347812,0.0
2022-08-03,1.18,1.15,0.008810629682154906,0.016949558313773205,0.017857617400006253,-0.590946226233396,0.025752496102414764,1.1789999999999998,1.2069999999999999,1.216,2,3,8,1.1732587304601247,1.2199984278439462,56.09756097560975,-0.03112731581198691,-0.02876931016340422,1.3275426327762148,1.086457367223785,0.025105442958759196,0.03423177936226983,0.03300155886491365,-137575714.0,-0.44797428724034716,0,0,-1,0,0,-0.008695652173913052,-0.612835016199349,0.28671242950947595,0.5434126507667952,0.01724137931034475,-0.05600000000000005,0.23750580586390133,0.05084745762711869,0.0
2022-08-04,1.17,1.18,0.04292504471703405,0.004192878260036178,0.017544309650909525,-0.1887687519335156,-0.00851068966790862,1.1669999999999998,1.1995,1.214,3,4,8,1.1726662340128293,1.2167727228217562,51.282051282051285,-0.029486734258183933,-0.028912794982360164,1.308558168934559,1.0904418310654411,0.021381382310554562,0.03136651398567908,0.0325547615324665,-138133329.0,-0.54099569593364,0,0,-1,0,0,0.00847457627118645,-0.8206743872471023,0.2512091920057921,0.49792797300681746,0.026315789473684292,-0.11363636363636376,0.5588874955276655,0.038461538461538596,0.0
2022-08-05,1.17,1.17,-0.03419136474827931,-0.02114243657380935,-0.02643325706815537,0.6573964584180019,0.0,1.1609999999999998,1.1925,1.213666666666667,4,5,8,1.1721814641923147,1.2137551278009977,40.625,-0.02786534718032474,-0.028703305421953082,1.288936507614248,1.0960634923857517,0.017059798242424724,0.031386418305827925,0.031688559748536994,-138133329.0,-0.46662826260779394,0,0,-1,0,0,-0.01709401709401711,0.24505743360222818,0.2512091920057921,0.4982439442935954,0.026315789473684292,-0.10687022900763365,0.5588874955276663,0.04273504273504258,0.0
2022-08-08,1.17,1.17,0.008658062743114531,0.02531780798429,0.017699577099400638,-0.35075789301208754,0.0,1.1589999999999998,1.189,1.212,0,8,8,1.1717848343391666,1.2109322163299656,32.14285714285715,-0.026277475855160937,-0.028218139508594656,1.283233751919539,1.0947662480804612,0.014031450547402534,0.029263704894100767,0.031043387288544024,-138133329.0,-0.40325254196019295,0,0,-1,0,0,-0.008547008547008555,-0.458426301905341,0.2267647301605989,0.4645469135410463,0.03539823008849563,-0.05645161290322587,0.5194853786424545,0.05128205128205133,0.0
2022-08-09,1.14,1.17,-0.008658062743114541,-0.029600469776290633,-0.01769957709940075,0.19937072965109548,-0.025975486403260677,1.1549999999999998,1.1844999999999999,1.2079999999999997,1,9,8,1.1660057735502272,1.2063559443086775,31.034482758620683,-0.027127121103477814,-0.02799993582757129,1.279084965984596,1.0899150340154038,0.015894508572327132,0.029700491886101323,0.030686005958920442,-139058222.0,-0.9409529207262638,0,0,-1,0,0,-0.01709401709401711,-0.12899604187438743,0.2966577842172013,0.4714806920814949,-0.008695652173913104,-0.07317073170731714,0.4492226935011948,0.03947368421052626,0.0
2022-08-10,1.19,1.14,-0.008733679968754666,0.021232220105774118,0.0,-0.17286541642344666,0.04292504471703405,1.158,1.1835,1.2056666666666667,2,10,8,1.1703683601774586,1.2053007220952145,33.33333333333333,-0.023495052610239098,-0.027098959184104855,1.2773700109097788,1.0896299890902212,0.02093702691956908,0.03132533339811202,0.031850458588373994,-138280155.0,0.13848938413882336,0,0,-1,0,0,0.0,-0.4852690438170789,0.4073567117878706,0.4972742514455417,0.008474576271186418,-0.016528925619834767,1.2691319298192911,0.05882352941176457,0.0
2022-08-11,1.19,1.19,0.034486176071169404,0.06506359334706187,0.043675063502661426,0.6992750099029587,0.0,1.1629999999999998,1.1865,1.2049999999999998,3,11,8,1.1739377492361025,1.204313578734233,41.66666666666667,-0.020381665014565176,-0.02575550035019692,1.2769433524413674,1.0960566475586329,0.019785950792903535,0.027244298214671517,0.031019518706229012,-138280155.0,0.077396511861252,0,0,-1,0,0,-0.008403361344537823,1.229317650065652,0.39803151160865113,0.43248982632301114,0.017094017094017033,0.053097345132743445,1.0515460224673905,0.08403361344537823,0.0
2022-08-12,1.25,1.19,-0.017094433359300183,-0.01587334915629012,-0.017241806434506103,-0.567797444134062,0.04919024419077178,1.174,1.191,1.2066666666666668,4,12,8,1.187767249374993,1.2072610897836373,61.53846153846153,-0.012923806755680278,-0.023189161631293594,1.2847858703351271,1.097214129664873,0.02440397410777905,0.0288109015294975,0.032309856818851276,-137392760.0,1.2581852637113455,0,0,-1,0,0,-0.02521008403361347,-0.3238800779614393,0.5132321699872332,0.45735888296772503,0.06837606837606836,0.07758620689655182,0.13027572548132543,0.08000000000000007,0.0
2022-08-15,1.36,1.25,0.18805223150293962,0.17563256864315796,0.14541699985850387,1.9338459070617333,0.08434114843375096,1.197,1.1975,1.21,0,15,8,1.2190822949431759,1.2171152130234026,75.0,0.001841453210747357,-0.0181830386628854,1.3171266120753324,1.0778733879246676,0.033744858900575284,0.03212388024244337,0.03490281642873869,-131255485.0,2.7167867948591407,0,0,-1,0,0,0.11999999999999993,3.985686663246096,0.7081606287917475,0.5099507896075587,0.16239316239316248,0.10569105691056913,-0.11588418640621856,0.11764705882352934,0.0
2022-08-16,1.26,1.36,-0.03636764417087472,-0.09867152750702966,-0.05406722127027582,-1.5250436306019317,-0.0763729787845741,1.208,1.1969999999999998,1.2096666666666667,1,16,8,1.2265218776807802,1.2198819734735058,61.36363636363636,0.005411483632184799,-0.013464134203871363,1.315428303875076,1.0785716961249237,0.04473596515926896,0.035955818730728346,0.03758238422209368,-132591027.0,1.063934852372041,0,0,-1,0,0,-0.007352941176470594,0.06182256239666019,0.9802141117809527,0.5707809272833517,0.10526315789473695,-0.007874015748031482,-0.9735823892944572,0.0714285714285715,0.0
2022-08-17,1.31,1.26,-0.08499321283339271,-0.02247285585205863,-0.032260862218221435,0.017937181546488074,0.03891541624967362,1.221,1.2,1.2116666666666667,2,17,8,1.2416997181024565,1.2256960397010215,68.08510638297872,0.012135450673115056,-0.008344217228474081,1.3268235409028946,1.0731764590971054,0.04547719289513485,0.0367874236353986,0.03811903495715692,-131231313.0,1.7346937203752115,0,0,-1,0,0,-0.015873015873015886,0.049583562082056526,0.9747114863583607,0.5839822458842662,0.10084033613445387,0.04800000000000004,-0.9312033130091315,0.07633587786259549,0.0
2022-08-18,1.32,1.31,0.04725288485054551,0.007547205635382904,0.04800921918636066,-1.4698781429804129,0.0076045993852192125,1.2360000000000002,1.2015,1.2116666666666667,3,18,8,1.2559361329929188,1.2317801661719234,68.75,0.018062941082127804,-0.003062785566353704,1.333413049515244,1.069586950484756,0.04497628150655823,0.03617431699961988,0.03676676831444162,-130918642.0,1.796638019293246,0,0,-1,0,0,-0.007633587786259549,-0.7998136867674188,0.9658586768603552,0.5742494797716624,0.10924369747899165,0.023255813953488413,-1.069949724772156,0.03787878787878791,0.0
2022-08-19,1.28,1.32,0.01526747213078838,-0.007547205635382966,-0.007843177461025893,-0.14472786155183137,-0.03077165866675366,1.247,1.204,1.2106666666666668,4,19,8,1.2603113815396607,1.2348911231930897,64.70588235294119,0.0193102576010733,0.0014118230671316965,1.340018574586014,1.0679814254139859,0.046931033305529,0.03520434277225707,0.0371740329966611,-131189183.0,1.1174944338493997,0,0,-1,0,0,0.0,-0.810368278667258,0.9882942313090889,0.5588516162691983,0.02400000000000002,0.04065040650406515,0.04303451609709457,0.039062500000000035,0.0
2022-08-22,1.23,1.28,-0.04652001563489293,-0.03861483612777966,-0.04016604172533476,0.14233591042779428,-0.039845908547199674,1.2530000000000001,1.206,1.2103333333333333,0,22,8,1.2548002212597222,1.2345755668580518,57.407407407407405,0.016078835983710738,0.004345225650447505,1.3423277783825684,1.0696722216174315,0.04941681545893224,0.03557605647385607,0.03655042602176501,-131501107.0,0.3520925857480088,0,0,-1,0,0,-0.015625000000000014,-0.7549143435824104,0.6945274350779037,0.5647523883492757,-0.09558823529411775,0.03361344537815136,0.2585824213347507,0.040650406504065074,0.0
2022-08-23,1.22,1.23,-0.032260862218221435,0.007843177461025879,-0.00823049913651548,-0.2646739018388182,-0.008163310639160981,1.261,1.208,1.21,1,23,8,1.2484729083034092,1.2336352077059194,53.846153846153854,0.012566140004481197,0.005989408521254244,1.3438946960770892,1.0721053039229107,0.048468000885151595,0.03557180150342478,0.03655094990911718,-131740495.0,0.1766073341551571,0,0,-1,0,0,-0.008130081300813016,-0.7621615199958104,0.4995469615364289,0.5646848427876929,-0.031746031746031744,0.033898305084745894,0.638993002575692,0.05737704918032792,0.0
2022-08-24,1.24,1.22,-0.00823049913651548,0.0,0.0,0.43905396179184925,0.016260520871780326,1.266,1.212,1.2109999999999999,2,24,8,1.2469323795209712,1.2340458394668279,56.60377358490566,0.011266265490788907,0.007044779915161177,1.346649642838817,1.0773503571611829,0.04695573554830718,0.035404892047855165,0.036524795400037106,-131369147.0,0.4158941592369099,0,0,-1,0,0,-0.008196721311475417,-0.6155477026325546,0.37779073893339643,0.5620352373222787,-0.05343511450381688,0.06896551724137945,-0.13366884874262028,0.05645161290322586,0.0
2022-08-25,1.31,1.24,0.05623971832287611,0.053244514518812285,0.024491020008295696,1.349076498897853,0.05491575759611463,1.278,1.2205,1.2169999999999999,3,25,8,1.2583992196080673,1.2389461078883228,61.666666666666664,0.015703500381875735,0.008776524008504089,1.35745562093647,1.0835443790635297,0.04959243595102126,0.03688903865327167,0.035547301366066264,-129938022.0,1.3069927234533396,0,0,-1,0,0,0.03225806451612906,0.24323124631647938,0.6128390101707882,0.5855953342848353,-0.007575757575757569,0.1491228070175441,0.8181477994641347,0.08396946564885503,0.0
2022-08-26,1.28,1.31,0.08244366921107459,0.03636764417087479,0.03174869831458027,0.16625584628359003,-0.023167059281534418,1.2810000000000001,1.2274999999999998,1.221,4,26,8,1.2623266342247823,1.2415947460890762,58.73015873015873,0.01660784680216465,0.010342788567236201,1.3614088456682336,1.093591154331766,0.04848432630291389,0.037488424084862755,0.03568599748703915,-131628002.0,0.7841154889807916,0,0,-1,0,0,0.061068702290076216,0.44414924221230495,0.5923998209950465,0.5951102830336261,0.0,0.12280701754385981,0.8254511698479912,0.0937499999999999,0.0
2022-08-29,1.35,1.28,-0.09028684667210038,-0.007168489478612516,-0.023716526617316044,-0.7004269542064563,0.053244514518812285,1.28,1.2385,1.225,0,29,8,1.2782672461839129,1.2485886334381682,65.67164179104478,0.022711162694958764,0.012816463392780714,1.374808473694153,1.1021915263058468,0.04284391930365775,0.03879326142594979,0.03539114978667281,-130789141.0,1.6359951362991894,0,0,-1,0,0,-0.007812500000000007,-0.23629392926210155,0.5709462319191324,0.6158239336690684,0.09756097560975618,0.19469026548672574,-0.0020681276443069736,0.10370370370370363,0.0
2022-08-30,1.36,1.35,0.06846779927746083,0.007168489478612497,0.054488185284069776,0.8322603623247856,0.00738010729762246,1.29,1.249,1.2280000000000002,1,30,8,1.293127746877747,1.2557764635389315,63.492063492063494,0.028031867024698176,0.01585954411916421,1.3889097453465415,1.1090902546534587,0.034154374950419994,0.03874901696490423,0.03498078166097923,-128861012.0,1.5867372172691019,0,0,-1,0,0,0.007407407407407414,0.593637210259695,0.5333344693190538,0.6151215746241566,0.11475409836065587,0.1826086956521742,-0.2583645524967051,0.058823529411764594,0.0
2022-08-31,1.5,1.36,-0.007380107297622534,0.08223809823697222,0.022472855852058576,0.30754020767367607,0.09798040836020361,1.309,1.2650000000000001,1.2363333333333335,2,31,8,1.3307408838090655,1.271532820729968,70.12987012987013,0.0430491497101102,0.02129746523735341,1.4403792882231816,1.0896207117768186,0.04482687871459082,0.04397729813156321,0.03925327159058259,-126238611.0,2.67990596131223,0,0,-1,0,0,-0.007352941176470594,1.0348473714080306,0.7722566169992553,0.6981179651319704,0.20967741935483875,0.27118644067796627,-0.0669364583856474,0.11333333333333329,0.0
2022-09-01,1.52,1.5,0.09867152750702962,0.025975486403260736,0.078331843269907,-0.5780268699204972,0.013245226750020723,1.329,1.2825,1.244,3,1,9,1.365151632207417,1.2875629613280348,68.49315068493149,0.05591968002249725,0.02822190819438218,1.4856203946866695,1.0793796053133304,0.04476589893435627,0.043686958994426345,0.03898753807389171,-124767433.0,2.3385145579927005,0,0,-1,0,0,-0.006666666666666672,0.1200549796396879,0.7740593174690032,0.6935089742155711,0.16030534351145032,0.2991452991452992,0.7464807108691058,0.06578947368421058,0.0
2022-09-02,1.55,1.52,0.026491615446976285,0.01904819497069441,0.02702867238791942,-0.21436645839417107,0.019544596072970346,1.356,1.3015,1.2546666666666664,4,2,9,1.3987604263515232,1.3044943831778393,64.61538461538461,0.06775932992510847,0.03612939254052744,1.5298372390515114,1.0731627609484888,0.041829492652889926,0.04357536548407981,0.037755363102014224,-123580115.0,2.1766051042067653,0,0,-1,0,0,0.006578947368421058,-0.10320118877359331,0.6330217965666894,0.6917374821577372,0.2109375,0.32478632478632496,1.2999986594351873,0.05806451612903231,0.0
2022-09-06,1.48,1.55,0.006514681021193672,-0.0254790853009849,-0.05480823649499503,-0.008346748154237728,-0.046212843155131564,1.381,1.317,1.2643333333333333,1,6,9,1.4135312579239734,1.315817326198624,67.74193548387095,0.0706791772285773,0.043039349478137416,1.549795369823693,1.0842046301763069,0.04282042599604819,0.04552285061616535,0.038294642715705464,-124757564.0,1.4003714947032455,0,0,-1,0,0,-0.006451612903225812,-0.12762361886208515,0.8447756363080215,0.7226528502067019,0.0962962962962961,0.2649572649572651,0.8389766197534202,0.08783783783783791,0.0
2022-09-07,1.56,1.48,-0.06021885999305484,0.012820688429061469,0.007716628961144593,-0.2228603519750119,0.05264373348542209,1.415,1.338,1.2770000000000001,2,7,9,1.4401619383014328,1.3315710470890354,69.23076923076923,0.07854311255490098,0.05014010209349014,1.5791900320904029,1.0968099679095973,0.042881191902322195,0.04546967127115531,0.03906262171650155,-123815338.0,1.84087209637909,0,0,-1,0,0,-0.02027027027027029,-0.3107514374473965,0.8668029647665709,0.7218086542760107,0.1470588235294117,0.3684210526315792,0.020862520784509998,0.0891025641025641,0.0
2022-09-08,1.58,1.56,0.027212563524884794,0.03135052988407601,0.026888900216331,0.3412674237387619,0.012739025777429712,1.449,1.3575000000000002,1.2910000000000001,3,8,9,1.465587040428445,1.3475987214703882,69.69696969696969,0.08540467883558334,0.05719301744190878,1.6110536899456038,1.1039463100543965,0.04298206559017091,0.04502412315119376,0.03872917062035673,-122489881.0,1.7550523524050008,0,0,-1,0,0,-0.04487179487179491,-0.03494836421163148,0.5664343758700242,0.7147357971408269,0.053333333333333455,0.32773109243697496,-0.880311014178701,0.09493670886075957,0.0
2022-09-09,1.59,1.58,0.07745805903900395,0.0183491386681964,0.07216244624823058,-0.5938072100880227,0.006309169193264756,1.4769999999999999,1.3775,1.306,4,9,9,1.488207578532364,1.363237513633589,74.6031746031746,0.09060499795764954,0.06387541354505694,1.6384194269678676,1.1165805730321323,0.041858332015023585,0.04493364153155029,0.03837254036347625,-121757936.0,1.6288553326170667,0,0,-1,0,0,0.018987341772151913,-0.4627244029013535,0.5667653991548862,0.7132994459580332,0.046052631578947345,0.33613445378151274,-0.6834929206672073,0.0440251572327043,0.0
2022-09-12,1.57,1.59,0.00619197024792098,-0.012195273093818243,-0.00634922767865878,-0.058994936532859386,-0.012658396871923465,1.506,1.3935,1.3203333333333334,0,12,9,1.503078927890116,1.376577028883035,78.33333333333331,0.09205134487143174,0.0695105998103319,1.660670357638751,1.126329642361249,0.040787539865133664,0.04456646447024251,0.03857469996217523,-122447949.0,1.3212543604006475,0,0,-1,0,0,0.018867924528301903,-0.48596877740518396,0.5765420452539519,0.7074706908099457,0.012903225806451646,0.256,0.1487075037103916,0.038216560509554034,0.0
2022-09-13,1.41,1.57,-0.07696104113612844,-0.053556104468962216,-0.11460338273900386,-0.16784937926062496,-0.10748591497013987,1.512,1.3960000000000001,1.3296666666666668,1,13,9,1.4861554864555493,1.3787333496002587,62.66666666666666,0.07937197171417942,0.07148287419110141,1.6627859382406114,1.1292140617593889,0.0543694596497203,0.04772830426125832,0.04366865861369995,-123031342.0,0.10495305781351452,0,0,-1,0,0,-0.044585987261146535,-0.7244990963943861,0.9163799291163467,0.7576633414446834,-0.04729729729729737,0.03676470588235281,-1.228385161377901,0.10283687943262414,0.0
2022-09-14,1.43,1.41,-0.05480823649499503,-0.053168667880678096,0.007117467768863955,-0.7736628088240711,0.014084739881739023,1.519,1.4045,1.339,2,14,9,1.4759453980090858,1.3820408754325002,62.66666666666666,0.07012890759708212,0.07121208087229756,1.6637682009055823,1.1452317990944179,0.05443534251241709,0.04423855845957403,0.043647360219488,-122762211.0,0.1967075014285011,0,0,-1,0,0,0.0070921985815602905,-1.1051184956929996,0.7790008707327359,0.7022653442641532,-0.08333333333333337,0.13492063492063489,-1.9914150073746646,0.038461538461538575,0.0
2022-09-15,1.34,1.43,0.0,-0.017212128881121523,-0.05092009042725675,-0.021118316815380733,-0.06500483030899577,1.5030000000000001,1.4060000000000001,1.3443333333333334,3,15,9,1.4512280529165247,1.379328560888468,51.94805194805195,0.05490851368656924,0.0679513674351519,1.6633058798206737,1.1486941201793266,0.0464236433308422,0.04619068575164113,0.04538190120507948,-123025718.0,-0.5130080979571708,0,0,-1,0,0,-0.006993006993007,-1.0091997512975668,0.7866306993304599,0.7332544043182623,-0.15189873417721522,0.022900763358778553,-0.7785148671462584,0.07462686567164169,0.0
2022-09-16,1.27,1.34,-0.05798725765034928,-0.0719734996250891,-0.08565544457849389,1.4847684990988004,-0.05365271349232014,1.4780000000000002,1.4035,1.3476666666666666,4,16,9,1.4182774978407928,1.3722751053472766,49.382716049382715,0.03677392001096447,0.06171587795031442,1.6652572197783293,1.1417427802216706,0.04734995708876038,0.047731033625291346,0.04652703381796802,-124188823.0,-1.020029171405895,0,0,-1,0,0,0.0,0.28939845218878296,0.7165013807157602,0.7577066687554959,-0.2012578616352202,-0.037878787878787956,0.01966106132107841,0.08661417322834654,0.0
2022-09-19,1.24,1.27,-0.10204925435417035,-0.06147853106930967,-0.016393809775676383,-1.1830472937379986,-0.02390552085355448,1.447,1.4015,1.35,0,19,9,1.385863407324285,1.3637412275829364,42.857142857142854,0.019753666618271604,0.053323435683905865,1.6678021631644788,1.1351978368355211,0.04558795287969758,0.047536996914097136,0.046792420788953785,-124545133.0,-1.2129079094280666,0,0,-1,0,0,-0.04724409448818902,-0.9681734990031106,0.6906927906629163,0.7546264314572754,-0.21019108280254784,-0.03125,0.16962200277696718,0.04040322580645164,0.0
2022-09-20,1.27,1.24,0.024491020008295696,0.053987859340152,0.0,0.9352769267582584,0.023905520853554386,1.426,1.4035,1.3533333333333333,1,20,9,1.364797333265324,1.3576934064485535,44.30379746835443,0.008586759639742647,0.044376100475073225,1.6649353095001687,1.1420646904998313,0.04678169597267339,0.04693751477066787,0.04694720933193299,-123637284.0,-1.0212851527610034,0,0,-1,0,0,0.0,-0.16268415527686664,0.6157211185358902,0.7451099474556486,-0.09929078014184389,0.03252032520325199,0.1075622023941321,0.09448818897637803,0.0
2022-09-21,1.24,1.27,0.008032171697264253,-0.03053672386008165,0.016393809775676352,-0.9565765062093251,-0.02390552085355448,1.3940000000000001,1.4045,1.3566666666666667,2,21,9,1.342106909035265,1.3501002834518727,30.882352941176492,-0.002653258758133159,0.03497022862843195,1.6631177834093283,1.145882216590672,0.04017754568469423,0.04725160460937706,0.046904972532359514,-123986085.0,-1.2721476290718736,0,0,-1,0,0,-0.015748031496063006,-1.0775740568293748,0.5365717741971803,0.7500959690709901,-0.1328671328671328,0.016393442622950838,0.8696805639255096,0.04838709677419359,0.0
2022-09-22,1.21,1.24,-0.008032171697264267,-0.019570096194097338,-0.033060862260888176,0.2321890734641854,-0.024491020008295755,1.357,1.403,1.3573333333333333,3,22,9,1.318087471028853,1.3410615554872358,27.536231884057983,-0.013822466804809475,0.025211689541783665,1.6659468627544287,1.1400531372455713,0.03827971934739032,0.04746646295275673,0.04654859534180108,-124426048.0,-1.4679772025289122,0,0,-1,0,0,0.0,-0.9411135100361622,0.43735501889203515,0.7535067395331296,-0.09701492537313439,-0.024193548387096753,1.0300002558783081,0.06198347107438013,0.0
2022-09-23,1.17,1.21,-0.04115807249350756,-0.032131278182793065,-0.06959329179919511,1.117093537157405,-0.033616610798984974,1.315,1.396,1.3566666666666667,4,23,9,1.291162476296334,1.3300253261009627,22.857142857142875,-0.025606633031637793,0.015048025027099374,1.6762555225067917,1.1157444774932082,0.036615011361001884,0.04604722720438611,0.0469771528995999,-125770557.0,-1.6128138919690556,0,0,-1,0,0,-0.016528925619834725,0.5400324255499822,0.3628461468731828,0.7309770704813618,-0.07874015748031504,-0.10687022900763365,2.0555787176932223,0.09829059829059829,0.0
2022-09-26,1.09,1.17,-0.01694955831377332,-0.028987536873252413,-0.055569851154810765,0.21775654854490034,-0.07082605256861228,1.267,1.3865,1.3513333333333333,0,26,9,1.2545874806060915,1.3145398211912231,22.535211267605646,-0.040929194798735136,0.003852581061932472,1.694790703550327,1.0782092964496732,0.037963249884280105,0.048075177698271895,0.04762655535289336,-127442164.0,-1.9235091852297643,0,0,-1,0,0,0.0,1.0779753658373328,0.5246378332105455,0.7631697865491962,-0.12096774193548376,-0.1484375,0.42782143952395757,0.12844036697247696,0.0
2022-09-27,1.09,1.09,-0.05264373348542179,-0.051735674399188865,0.02817087696669644,-1.1111134785768877,0.0,1.235,1.3735,1.3423333333333334,1,27,9,1.2246624841322566,1.3000533811143702,12.698412698412696,-0.052467621313711854,-0.007411459413196394,1.7089980586668732,1.0380019413331267,0.031113492430714856,0.04589360062803569,0.04439999552717453,-127442164.0,-1.6900246822679599,0,0,-1,0,0,0.018348623853211024,-0.725041301745551,0.3933831166290502,0.7285383241866009,-0.1417322834645669,-0.19259259259259254,-0.8268048932688062,0.04587155963302736,0.0
2022-09-28,1.07,1.09,-0.03670136685042804,-0.017857617400006236,-0.01869213301215252,0.26051734549792877,-0.018519047767237527,1.199,1.359,1.336,2,28,9,1.1965420324718463,1.2852112274940883,9.523809523809533,-0.06250521905264006,-0.018430211341085127,1.7209770274780891,0.9970229725219109,0.028121915739745026,0.04575135870477737,0.04263053572909154,-128156208.0,-1.5967864149472488,0,0,-1,0,0,-0.018348623853211024,-0.3855520194901982,0.4003622821143087,0.7262803036569065,-0.13709677419354838,-0.21323529411764708,-0.9603192662904688,0.04672897196261686,0.0
2022-09-29,1.01,1.07,-0.018868484304382805,-0.04138521616285448,-0.05826890812397588,0.4790166038650522,-0.05770831762064673,1.166,1.3345,1.326,3,29,9,1.162625299295147,1.2674556644299537,7.352941176470608,-0.07444344840305228,-0.02963285875347856,1.7217426140110172,0.9472573859889828,0.02725086580217804,0.03809957581287102,0.04278879537736865,-129309022.0,-1.6759519136536347,0,0,-1,0,0,-0.018691588785046745,0.6703808594005661,0.43935414235372944,0.6048120159474496,-0.1652892561983471,-0.32666666666666666,0.049829929482904524,0.0643564356435643,0.0
2022-09-30,1.0,1.01,-0.03883983331626401,-0.0141846349919563,0.0,-0.836848207664385,-0.009950330853168092,1.139,1.3085,1.3153333333333335,4,30,9,1.1330570630596657,1.2502004602731824,7.462686567164198,-0.0837461244080413,-0.040455511884391115,1.7127550002955836,0.9042449997044164,0.026256926066524546,0.03741390859232718,0.04269113057495082,-129808275.0,-1.5262643617243108,0,0,-1,0,0,0.0,-0.7679297632702355,0.47563177746388197,0.5939273862612025,-0.14529914529914523,-0.3421052631578947,-0.4914531177821518,0.050000000000000044,0.0
2022-10-03,1.06,1.0,0.019608471388376337,0.009478743954543739,0.009950330853168092,-0.23501233464154211,0.058268908123975824,1.121,1.284,1.308,0,3,10,1.119773960685181,1.237929462836203,19.298245614035096,-0.08529384920502081,-0.04942317934851706,1.6860159724514554,0.8819840275485447,0.037184819409007364,0.04061304735416285,0.044243727573233985,-129413585.0,-1.1143835834883333,0,0,-1,0,0,0.030000000000000027,-0.9242151400549732,0.666953516745726,0.644712139701628,-0.02752293577981657,-0.31612903225806455,0.7649630239954218,0.047169811320754755,0.0
2022-10-04,1.16,1.06,0.0474022388945839,0.09015109699429748,0.06060132509777646,0.9034092147640463,0.09015109699429748,1.1099999999999999,1.268,1.3056666666666668,1,4,10,1.127087786015148,1.232901755556448,29.230769230769226,-0.07755723644818113,-0.05504999076844988,1.6625737206827882,0.8734262793172118,0.04984718378146178,0.0471584972835707,0.047331495561568945,-128439489.0,-0.5474262189236121,0,0,-1,0,0,0.018867924528301903,0.5135112787885964,0.9753014771434163,0.7486179360950588,0.06422018348623837,-0.21621621621621623,0.4027132196002326,0.07491379310344826,0.0
2022-10-05,1.12,1.16,0.07145896398214485,0.0,0.006409385185183701,-1.0776226585856417,-0.03509131981126994,1.098,1.246,1.3023333333333333,2,5,10,1.1257990976487575,1.225617771327,31.66666666666667,-0.07380282774754399,-0.058800558164268706,1.620581872156405,0.871418127843595,0.05034308016618168,0.0448234563683464,0.047713824232817476,-128771075.0,-0.6727501214868675,0,0,-1,0,0,0.0,-0.9761648574916496,1.0149385976804388,0.7115503107179938,0.04672897196261694,-0.28205128205128205,0.48222769228905904,0.07142857142857129,0.0
2022-10-06,1.12,1.12,-0.04405998979403031,-0.019587133275304817,0.009216655104924048,-1.0668908272483084,0.0,1.089,1.223,1.2983333333333333,3,6,10,1.1247447162580744,1.2188037215639678,35.84905660377359,-0.07002028158325513,-0.06104450284806599,1.5664254688173398,0.8795745311826604,0.050113110278449786,0.04448793662350192,0.047592575801820476,-128771075.0,-0.5998390297301063,0,0,-1,0,0,-0.008928571428571435,-1.3626522861648802,0.8463136154684129,0.7062240998891318,0.10891089108910901,-0.2911392405063291,0.5785998551093998,0.04241071428571417,0.0
2022-10-07,1.09,1.12,-0.018182319083190474,-0.03352269203864345,-0.03738753207162033,1.484803797757006,-0.02715098906595086,1.081,1.198,1.291,4,7,10,1.1184274951202426,1.2104938040437119,35.84905660377359,-0.06865195872994345,-0.06256599402444149,1.4991277050317267,0.8968722949682733,0.04978319880946426,0.04422410555435362,0.046462368910195846,-129274684.0,-0.7173036435728891,0,0,-1,0,0,-0.02678571428571431,-0.38730765097754405,0.893568833506388,0.7020359115065397,0.09000000000000008,-0.3144654088050314,0.5966541808716038,0.04587155963302756,0.0
2022-10-10,1.01,1.09,-0.03738753207162033,-0.04652001563489293,-0.04380262265839312,-0.08067931668453134,-0.07622736538788437,1.073,1.17,1.282,0,10,10,1.0987134050983802,1.1975587199118596,27.58620689655173,-0.07317931878811867,-0.06468865897717693,1.426289310208503,0.9137106897914968,0.050502364813126914,0.0459071088641691,0.04801899659045522,-129739258.0,-1.2485889471537661,0,0,-1,0,0,-0.03669724770642205,-0.45197482264874217,0.9998437847980471,0.7287527607873617,-0.047169811320754707,-0.356687898089172,1.2850156052866024,0.044554455445544705,0.0
2022-10-11,0.9539,1.01,-0.048790164169432056,-0.031441525834819004,-0.06686294522912647,0.7029723170275662,-0.0571467656841428,1.05939,1.147195,1.2687966666666668,1,11,10,1.0723836950804928,1.1818388024981912,26.398284111532746,-0.08036765708112625,-0.06782445859796679,1.3945804224969494,0.8998095775030506,0.052718235949739845,0.04265132419244008,0.04736834425713241,-130677580.0,-1.5627032348875256,0,0,-1,0,0,-0.00990099009900991,0.6387050631645337,0.44496108738762696,0.6770687814047355,-0.1776724137931034,-0.32347517730496456,0.13197804196295157,0.08124541356536338,0.0
2022-10-12,0.9201,0.9539,-0.020202707317519466,-0.017548658337280074,-0.03794493156412337,0.09032253656429487,-0.03607648436284679,1.0444,1.1217000000000001,1.2541333333333333,2,12,10,1.044695750520403,1.1649524281434693,26.233808821118203,-0.08777997161745832,-0.07181556120186511,1.3507903843712445,0.8926096156287557,0.05322059802084832,0.042089901203161244,0.04745774618034188,-131704599.0,-1.7600040311888807,0,0,-1,0,0,0.02736135863298041,0.766823425990057,0.4445330333860771,0.6681564677450578,-0.17848214285714292,-0.3565734265734265,0.16579260168039292,0.10303227910009781,0.0
2022-10-13,1.01,0.9201,-0.08515780834030683,0.029758822244211485,-0.005540180375615356,-0.7068992839213769,0.0932232500469896,1.0444,1.1052,1.2378,3,13,10,1.0383874322439661,1.1549554972955036,37.875113670809334,-0.08541548902777607,-0.07453554676704731,1.3147953093107045,0.8956046906892954,0.06123849912011432,0.04850042587888923,0.047028813796870184,-131198103.0,-0.9084172762556939,0,0,-1,0,0,-0.02184545158134986,-0.5265253745337269,1.0721150999231555,0.7699203921375731,-0.09821428571428581,-0.24626865671641796,1.836805072623245,0.12871287128712872,0.0
2022-10-14,0.9971,1.01,0.09531017980432474,0.0,0.0813751529073149,-0.016346230722237964,-0.012854544000557907,1.0441099999999999,1.091555,1.22037,4,14,10,1.0308806263814267,1.1447712716635357,42.16298295933861,-0.08361863812101333,-0.07635216503784052,1.2912765269234387,0.8918334730765614,0.06130537295164104,0.04761215450515558,0.046784167774099654,-131696387.0,-0.9458669924570369,0,0,-1,0,0,-0.01980198019801982,-0.4779390415532553,1.0700626775332185,0.7558195212277514,-0.0852293577981652,-0.21488188976377953,1.6403574901149538,0.05385618293049853,0.0
2022-10-17,1.08,0.9971,0.02985296314968113,0.10146946016485965,0.043787990046691094,0.30646414900790603,0.07986525428351829,1.04611,1.083555,1.2047033333333335,0,17,10,1.0398114215848036,1.1405924799433076,49.2599171107164,-0.0746448245829967,-0.07601069694687176,1.2706597381908662,0.8964502618091339,0.06413608333080927,0.051909844896125684,0.04965363482210959,-131019412.0,-0.038000106618075145,0,0,-1,0,0,0.022966603149132517,-0.06710692810904118,1.1161402095273156,0.8240432411465045,0.06930693069306937,-0.12903225806451601,0.4273438524817062,0.111111111111111,0.0
2022-10-18,1.14,1.08,0.0755075525081453,0.0,0.06637506894487259,-0.4051121293105497,0.05406722127027558,1.04411,1.077055,1.19337,1,18,10,1.0580275267512027,1.140554255430836,54.89100055897148,-0.0619770809326079,-0.07320397374401899,1.2449322543472083,0.9091777456527919,0.05901244726470251,0.05331291764051862,0.05064447214381408,-130567936.0,0.749893131678402,0,0,-1,0,0,0.018518518518518535,-0.5897528149306219,0.9351306888032325,0.8463163304644841,0.195093825348569,-0.10236220472440949,-0.41095767184157955,0.04385964912280686,0.0
2022-10-19,1.09,1.14,0.026907452919924187,-0.00881062968215492,-0.018519047767237527,0.9578517882022005,-0.04485056616535155,1.04111,1.069555,1.1777033333333333,2,19,10,1.0638407037055295,1.1372926905643306,55.66893424036282,-0.055334523019253457,-0.06963008359906589,1.2191929275760764,0.9199170724239237,0.059688326363303186,0.053892606475233994,0.04969144428811375,-131744524.0,0.2732595984344377,0,0,-1,0,0,-0.008771929824561412,1.153271626236617,0.9775628944792639,0.8555186054312304,0.1846538419736985,-0.12096774193548376,-0.4925328934748506,0.05504587155963287,0.0
2022-10-20,1.03,1.09,-0.04525659158812072,-0.017857617400006236,-0.038099846232270404,-1.0834196118701274,-0.05661889399950793,1.03211,1.060555,1.15937,3,20,10,1.0576878484863423,1.1303705814956642,51.98517734250926,-0.05428597168520932,-0.06656126121629458,1.195563358028993,0.9255466419710069,0.062062648748944516,0.05490080999830242,0.050126866753696944,-132142724.0,-0.45263864320812197,0,0,-1,0,0,-0.009174311926605512,-0.8106243753148539,0.9711290300045594,0.8715233401890997,0.01980198019801982,-0.14876033057851235,0.45400710189640475,0.07766990291262142,0.0
2022-10-21,1.06,1.03,-0.05715841383994864,-0.027398974188114503,-0.009756174945364685,0.34116808914205016,0.02871010588243136,1.02911,1.055055,1.1417033333333333,4,21,10,1.0581082396706436,1.1258305439798149,50.0,-0.05045265116212394,-0.06333953920546045,1.1798677604002805,0.9302422395997196,0.06256292285605398,0.05508508185327778,0.05059989428182532,-131582620.0,0.07923869296923054,0,0,-1,0,0,-0.009708737864077678,-0.32545350441438037,0.9672707882177619,0.8744485652004599,0.06308294052752994,-0.0940170940170939,-0.19793270924822223,0.05660377358490571,0.0
2022-10-24,1.09,1.06,-0.009852296443011594,0.018349138668196617,-0.056259164306794965,1.18860348877924,0.027908788117076658,1.0371100000000002,1.055055,1.1257033333333335,0,24,10,1.0639067415487082,1.123518895981117,44.661378889566826,-0.0444812159812209,-0.05956787456061254,1.1798677604002805,0.9302422395997196,0.05756260971036698,0.05330623198626286,0.05113690178788533,-129744082.0,0.559958771650106,0,0,-1,0,0,-0.047169811320754755,2.921010531168154,0.7797046529325118,0.8462101989934091,0.0092592592592593,0.0,-0.4006571596731732,0.12458715596330287,0.0
2022-10-25,1.0,1.09,0.12107793155323592,0.03571808260207903,-0.05785414246062611,0.7885232208042418,-0.0861776962410524,1.0417200000000002,1.0505550000000001,1.1120366666666668,1,25,10,1.0522873339943977,1.1155499349500773,41.49659863945578,-0.04647531985964459,-0.056949363620418955,1.1765470377634666,0.9245629622365337,0.061439452360519044,0.0565151581298006,0.05005960730846176,-133789132.0,-0.8025110300209689,0,0,-1,0,0,0.04587155963302736,3.763353778026843,0.8072294382148576,0.8971503223016556,-0.12280701754385959,-0.0825688073394496,0.25180241555862926,0.22999999999999987,0.0
2022-10-26,1.02,1.0,-0.12107793155323592,-0.10146946016485953,0.07716452063627077,-0.9733856714537129,0.01980262729617973,1.0517100000000001,1.0480550000000002,1.0983699999999998,2,26,10,1.04641690963178,1.1093854230178144,43.109151047409036,-0.04591257708792962,-0.05474200631392109,1.174406197694119,0.9217038023058813,0.059720841557346416,0.05661039745878971,0.050168394268726706,-132260905.0,-0.44407968443509294,0,0,-1,0,0,0.010000000000000009,0.7280374166793333,0.8389682734730017,0.8986621997788826,-0.06422018348623859,-0.04672897196261683,-0.7399595342775139,0.04607843137254906,0.0
2022-10-27,0.9906,1.02,-0.01315546180211645,-0.02457126073050543,-0.001221498523214451,-0.42064623956460034,-0.029247086124179426,1.04977,1.047085,1.0867233333333333,3,27,10,1.03626838060782,1.1017218473392458,43.1448275862069,-0.04729376064754942,-0.05325235718064676,1.1749550372327164,0.9192149627672838,0.05250251290184906,0.055529747029151214,0.04930626588240264,-133264373.0,-0.8834751474608624,0,0,-1,0,0,-0.022745098039215685,0.12495715469281812,0.7722839188628762,0.8815074060327713,-0.038252427184465976,-0.019207920792079225,-1.2195128204867483,0.023420149404401257,0.0
2022-10-28,0.9937,0.9906,-0.027254076535760185,-0.004987541511038939,-0.028304750840245748,-0.8692188511230684,0.003124530083180408,1.04943,1.04677,1.0775133333333333,4,28,10,1.0285286750427616,1.0947526958980043,48.74247801265236,-0.0475896308364534,-0.05211981191180809,1.1751584090554557,0.9183815909445443,0.0523366126070164,0.05547798120047558,0.048658520054392904,-132843640.0,-0.8267101429238377,0,0,-1,0,0,-0.020795477488390935,-0.550049036276231,0.7161201784822272,0.88068564897825,-0.0625471698113208,-0.006299999999999972,-1.155964098026366,0.045889101338432096,0.0
2022-10-31,0.9999,0.9937,-0.010362787035546547,0.0,0.0058504136781755605,0.27349157182917366,0.006219923744486055,1.04142,1.043765,1.0695100000000002,0,31,10,1.023323461398623,1.088633167130391,53.84486793714478,-0.046784519094581034,-0.05105275334836268,1.1736541717896927,0.9138758282103074,0.043874742007341726,0.05375097662951258,0.0486124651275434,-132290567.0,-0.6754219677529884,0,0,-1,0,0,-0.03391365603300801,-0.4069683679667815,0.6521868888203448,0.8532703013312105,-0.08266055045871568,-0.05669811320754725,-1.3474223771185776,0.04000400040004004,0.0
2022-11-01,0.9878,0.9999,0.0408219945202552,0.0769610411361284,0.010362787035546658,1.7600910814171373,-0.012175025875279192,1.0262,1.035155,1.0601033333333334,1,1,11,1.016864650235237,1.0821278015090756,55.871639202081525,-0.04658581879431534,-0.05015936643755321,1.1550471001778473,0.9152628998221528,0.03801727438822546,0.04879731720376922,0.04828518392012796,-135505562.0,-0.7899603048033006,0,0,-1,0,0,0.000100010001000089,2.205361834179561,0.29690518643687347,0.7746333958098427,-0.012199999999999989,-0.14844827586206888,-0.48919207888558613,0.11135857461024509,0.0
2022-11-02,1.0,0.9878,-0.022859294146082558,-0.037740327982847086,-0.010258625793850461,-1.3189859583831707,0.012275030875612651,1.0172,1.029155,1.0521033333333334,2,2,11,1.0137983501924666,1.0768292336697805,48.997594226142745,-0.04492603002579587,-0.04911269915520175,1.1430286599126307,0.9152813400873694,0.03718598601685696,0.0485259995140079,0.04831068674276021,-134645852.0,-0.5120587152879631,0,0,-1,0,0,-0.010528447054059491,-0.18169701623138607,0.26381402323319914,0.7703263610094365,-0.019607843137254943,-0.1071428571428572,-0.9575337857203088,0.07990000000000008,0.0
2022-11-03,0.983,1.0,-0.00759991333862607,-0.039320718153614695,0.0009369632667144069,-1.454121406133101,-0.017146158834970514,1.0125,1.0223049999999998,1.0445366666666667,3,3,11,1.0081986501574725,1.070775734723343,48.598130841121495,-0.04446977352594983,-0.04818411402935137,1.129452973926877,0.9151570260731225,0.03360470886197307,0.04859115483519265,0.048235213927465236,-134846685.0,-0.7336582962702282,0,0,-1,0,0,-0.030000000000000027,-0.8574638055782876,0.1985587052765016,0.7713606696681209,-0.007672117908338438,-0.12232142857142869,-0.37043728909679813,0.03957273652085457,0.0
2022-11-04,1.02,0.983,0.0696799206379898,0.04889016916976535,0.00973394865954789,2.3925049795895474,0.0369487861311502,1.0085000000000002,1.018805,1.0395366666666668,4,4,11,1.0103443501288412,1.0674998808702243,43.43544857768052,-0.04065396260982013,-0.046678083745445124,1.1211058663893099,0.91650413361069,0.03463310110819139,0.04922933959953875,0.04858279783934484,-132649398.0,0.02336246098742582,0,0,-1,0,0,0.05798575788402854,1.0626339679148218,0.34565580250228956,0.7814915387299417,0.02646674046492903,-0.06422018348623859,0.6901883103664679,0.07803921568627452,0.0
2022-11-07,0.9933,1.02,-0.039220713153281385,-0.028987536873252298,0.02100617670014767,-1.3704423305346358,-0.026525173057006548,0.9988300000000001,1.01797,1.0363133333333334,0,7,11,1.0072453773781427,1.0627127917818227,32.68822279915035,-0.03933098867142992,-0.045208664730642084,1.1208444784513394,0.9150955215486607,0.033374567965915626,0.04670101589527624,0.04722968118557042,-133207497.0,-0.4796136101272046,0,0,-1,0,0,-0.01960784313725492,-0.5727246063142568,0.41123523319833577,0.7413556441978524,-0.0066006600660066805,-0.01653465346534655,0.9373760641472606,0.029195610590959455,0.0
2022-11-08,0.9855,0.9933,-0.004711079730119223,-0.019702632295846425,-0.011059927054853836,-1.236211900856019,-0.007883606628535315,0.9973799999999999,1.0195500000000002,1.0328300000000001,1,8,11,1.0032916724002985,1.0577313213442858,36.3040629095675,-0.03846847645563778,-0.04386062707564123,1.1192014029309607,0.9198985970690396,0.02112204191465417,0.0448875905925837,0.047239824155827496,-133369615.0,-0.6833822504955662,0,0,-1,0,0,0.002013490385583411,-0.908220478296549,0.40510760397279094,0.7125684099651535,-0.0023284065600324144,0.03312716217632894,0.8399002805964744,0.02029426686960935,0.0
2022-11-09,0.9365,0.9855,-0.015389591976883735,-9.999500033332494e-05,-0.05247002112783249,1.1737166865136457,-0.050999604708631685,0.98903,1.02037,1.02838,2,9,11,0.9911477319638805,1.049909945773687,37.381916329284756,-0.041263163734369,-0.04334113440738679,1.116793366903754,0.923946633096246,0.0245531561702032,0.04563188905136305,0.04794953248792336,-133893903.0,-1.7396198181653573,0,0,-1,0,0,-0.005479452054794593,-0.5266614400476953,0.5099786866101833,0.7243837817039863,-0.0635,0.017824149548961943,0.9230324399183885,0.07474639615589958,0.0
2022-11-10,0.974,0.9365,-0.010358535777705678,-0.010454457903858873,0.03174869831458027,-0.8760517930400235,0.039261781758391776,0.9873700000000001,1.01857,1.02718,3,10,11,0.9880299625159021,1.04501252991732,38.62433862433862,-0.03999104506403728,-0.042671116538716886,1.117128881149682,0.920011118850318,0.02760401762475763,0.040826059709267865,0.04751315314494596,-133675577.0,-0.9044339684073986,0,0,-1,0,0,0.03577148958889479,-0.8007882775674444,0.6265837784419315,0.6480936060083803,-0.00915564598168872,-0.035643564356435675,-0.007531813604386748,0.0303901437371664,0.0
2022-11-11,1.08,0.974,0.030459207484708654,0.10576463770818378,-0.00941922191649164,2.0429871223818137,0.10330501647573027,0.9960000000000001,1.022715,1.0298466666666666,4,11,11,1.0047517875130108,1.0472697860516866,48.89867841409691,-0.030082792030996508,-0.040153451637172814,1.1243954752815253,0.9210345247184748,0.04454583572771125,0.04749402832159082,0.05145276768429436,-131991494.0,1.1267649928148677,0,0,-1,0,0,0.026694045174538012,0.5462255218585089,0.9982704465281678,0.7539443261975263,0.05882352941176472,0.08314110921672868,0.9763388946348937,0.13796296296296306,0.0
2022-11-14,1.12,1.08,0.10436001532424286,0.026907452919924187,0.09903138060617876,-1.020712964000905,0.03636764417087479,1.00801,1.024715,1.0318466666666668,0,14,11,1.0257060079651905,1.0519620579193198,64.85148514851485,-0.018786208691366157,-0.035880003048011484,1.1325283528533303,0.9169016471466697,0.0453734171167835,0.04453124101606459,0.05075437886501534,-131384655.0,1.7675918145246086,0,0,-1,0,0,0.0277777777777778,-0.4811062142487479,0.9411206941182466,0.706911535809517,0.12755461592670914,0.03703703703703698,0.22690160034254803,0.07142857142857129,0.0
2022-11-15,1.37,1.12,0.04405998979403028,0.22137207166582767,0.09962984094884114,1.2767842997534498,0.20148205453303028,1.04623,1.0362149999999999,1.0388466666666667,1,15,11,1.088304915607883,1.072480634827751,77.602523659306,0.010221498582604793,-0.02665970272188823,1.2188845408620141,0.8535454591379856,0.07949738841660535,0.0657292972380118,0.06277652067669848,-129209081.0,3.654522789348183,0,0,-1,0,0,0.035714285714285546,0.923950939149246,1.6126846364642882,1.0434202460569433,0.3901572805682396,0.20175438596491246,0.6531824274335886,0.18248175182481752,0.0
2022-11-16,1.22,1.37,0.18805223150293962,-0.0071174677688639896,0.050430853626891904,-1.209126775537262,-0.11595988109486846,1.06823,1.0427149999999998,1.0421799999999999,2,16,11,1.1122494764064497,1.0819980132259606,65.20010601643254,0.02086603848577151,-0.017154554480356285,1.241943969307604,0.8434860306923957,0.0918706406551891,0.07011166479185048,0.06591555932426511,-129858398.0,1.7797110592513976,0,0,-1,0,0,0.021897810218977957,-0.48797105969439086,1.9226403597002983,1.112988174263757,0.3027229044313935,0.11926605504587151,-0.09656707978732874,0.14754098360655732,0.0
2022-11-17,1.31,1.22,-0.13762137787604772,-0.05129329438755046,0.0,0.04492833717135889,0.07117627846789495,1.10093,1.056715,1.0485133333333334,3,17,11,1.1482041170598225,1.0967078188242858,68.79382055852643,0.03614747529325801,-0.006494148525633426,1.2888209039154799,0.8246090960845203,0.09189196656024819,0.06994565429130156,0.06709357031621806,-129179243.0,2.1824951087175486,0,0,-1,0,0,0.0,-0.47714403126113264,1.9155618631872489,1.1103528392668904,0.34496919917864477,0.27184466019417486,-0.37501847068122895,0.08396946564885503,0.0
2022-11-18,1.32,1.31,0.07878087785311438,-0.007547205635382966,0.04800921918636066,-0.25044712964086785,0.0076045993852192125,1.13093,1.069715,1.0561800000000001,4,18,11,1.1794397321398546,1.1111137659969126,68.93410623447296,0.048505894725981324,0.004505860124689526,1.330008625901697,0.8094213740983028,0.09220319121447251,0.06987090139431187,0.06678386893576961,-128650553.0,1.9230974184094933,0,0,-1,0,0,0.007633587786259549,-0.6172888815649731,1.9099666320709976,1.1091661738155922,0.2222222222222221,0.24528301886792447,0.4055202825210846,0.030303030303030328,0.0
2022-11-21,1.13,1.32,-0.03077165866675366,-0.01526747213078842,-0.1335313926245225,0.21532246952494732,-0.1554141038740304,1.1446,1.071715,1.0601800000000001,0,21,11,1.1704506899326081,1.1123322327067893,56.94878811571539,0.0424789481877903,0.01210047773730968,1.3332764914132347,0.8101535085867653,0.10654227223029826,0.07805063858637662,0.07088179512595101,-129306267.0,0.4456695799147042,0,0,-1,0,0,-0.030303030303030328,-0.4438298637093122,2.347969237910011,1.2390154762160068,0.008928571428571175,0.0366972477064218,0.5840540752946808,0.15929203539823006,0.0
2022-11-22,1.15,1.13,-0.1425000626072829,-0.11394425934921784,-0.031748698314580416,-0.32854659996964186,0.017544309650909525,1.16105,1.079215,1.0667166666666668,1,22,11,1.1667323826721339,1.1147624112418353,57.27449078564499,0.03886833254461708,0.01745404869877116,1.3407203448196854,0.8177096551803147,0.10616034508045044,0.07532892413405919,0.06993997359723249,-128834173.0,0.5413656080246311,0,0,-1,0,0,-0.017699115044247607,-0.5864547465546778,1.4583126965995723,1.1958095987326331,-0.16058394160583955,0.1499999999999999,-0.3302997299037928,0.0652173913043478,0.0
2022-11-23,1.21,1.15,0.05264373348542188,0.04220035449037647,0.031748698314580485,0.05652757307570934,0.05085841723349116,1.1884000000000001,1.088715,1.07638,2,23,11,1.1745992221862913,1.1209067718068784,60.56797020484171,0.04038288345045471,0.02203981564910787,1.3549251526412205,0.8225048473587797,0.10352809093103607,0.0759035246077645,0.06986891091319815,-128334624.0,0.9111974039807518,0,0,-1,0,0,0.017391304347826105,-0.4924634814639639,1.3573287605580946,1.2049310984724981,-0.008196721311475419,0.18627450980392157,-1.7073754229225513,0.07438016528925609,0.0
2022-11-25,1.15,1.21,0.033616610798985064,0.0,-0.008968669982760375,-1.1265786020241173,-0.050858417233491084,1.206,1.096685,1.0810466666666667,4,25,11,1.1701266363342382,1.122783754270951,55.92525068368276,0.036322968821689505,0.024896446283624196,1.3600563190251564,0.8333136809748434,0.1064672245300935,0.07661884929906797,0.0687668820111987,-128496548.0,0.40486564898061267,0,0,-1,0,0,0.0,-0.8454044310288333,1.2187998497884167,1.2162865259116162,-0.12213740458015276,0.16091257823541283,-1.152915881306901,0.08695652173913032,0.0
2022-11-28,1.15,1.15,-0.06840272688440065,-0.008298802814695066,0.017857617400006253,0.9136514475739854,0.0,1.2129999999999999,1.1045,1.0861433333333332,0,28,11,1.166467247909831,1.12453964109218,57.32037746426235,0.032728187060444114,0.026462794438988184,1.3642554477434856,0.8447445522565145,0.10204564920356306,0.07663723059632754,0.06868252063670849,-128496548.0,0.35032951489765984,0,0,-1,0,0,-0.017391304347826105,-0.5474115306122277,1.2077870137704096,1.2165783199595577,-0.1287878787878789,0.1572909328771257,-1.10031679511672,0.06086956521739136,0.0
2022-11-29,1.18,1.15,0.06840272688440062,0.03278982282299097,0.04329680575332426,0.5718480025391192,0.025752496102414764,1.2189999999999999,1.113505,1.0894766666666666,1,29,11,1.1689277482898617,1.1281177287636523,58.90160183066361,0.03193195420407857,0.02755662639200626,1.3704643576317532,0.8565456423682466,0.10179187542793756,0.07671391539498791,0.06727674310836003,-127781302.0,0.5175526636807171,0,0,-1,0,0,0.052173913043478314,-0.17596897416119056,0.6015924703434911,1.217795653399124,0.04424778761061954,0.18011801180118003,-0.921997034261389,0.05084745762711869,0.0
2022-11-30,1.31,1.18,0.016393809775676352,0.07006756261671705,0.01680711831638119,0.7635483652380963,0.10451269873548692,1.2129999999999999,1.1296149999999998,1.0951433333333334,2,30,11,1.194577248600796,1.1398520688434168,65.91393268001704,0.0413145984994725,0.03030822081349951,1.3936929093588941,0.8655370906411056,0.07922882531027844,0.07959152541226318,0.0693949893905461,-126246472.0,1.3661498641664012,0,0,-1,0,0,0.04237288135593224,1.2240373676645544,0.943942862999393,1.2634762962547559,0.13913043478260878,0.32617938854019046,0.17781479113900261,0.09923664122137413,0.0
2022-12-01,1.23,1.31,0.0553500950831649,-0.0020321385836429653,0.008298802814695064,-0.6656684401765437,-0.06301296782873415,1.214,1.1411149999999999,1.09981,3,1,12,1.2010177488551967,1.1456680644019062,60.526315789473685,0.04181308507279269,0.03260919366535815,1.4014320235264672,0.8807979764735325,0.07314511257882134,0.08149464175605685,0.06989842983259736,-127035267.0,0.6828980970655794,0,0,-1,0,0,-0.007633587786259549,0.028938707005434935,1.0904700555606468,1.2936873316249593,0.016528925619834656,0.22999999999999998,0.9186165192291255,0.09536585365853656,0.0
2022-12-02,1.36,1.23,-0.0800427076735365,0.03166393619001411,-0.008298802814695066,0.14986900596765126,0.10047053036363453,1.2189999999999999,1.1599650000000001,1.11081,4,2,12,1.2299236126997064,1.1594959312146864,61.29032258064516,0.05209750520775547,0.03650685597383761,1.4265959752226933,0.893334024777307,0.07714935369290173,0.08366884279534247,0.07117983543178569,-126118938.0,1.5004633263853042,0,0,-1,0,0,-0.024390243902439046,0.1808190950410372,1.1549837405103065,1.3282017031262068,0.1826086956521742,0.38351983723296046,-0.24548547567834092,0.1250000000000001,0.0
2022-12-05,1.25,1.36,0.15415067982725836,0.042863704431782314,0.0408219945202552,-0.3659979988740159,-0.08434114843375093,1.212,1.171465,1.1171433333333334,0,5,12,1.2335738649361234,1.165334903394384,54.96183206106869,0.05078646679260923,0.03936277813759194,1.4324584322641964,0.9104715677358034,0.08193262585901555,0.08647474433778196,0.07305961565120825,-126754416.0,0.6018159102218417,0,0,-1,0,0,0.029411764705882214,-0.18189390298222044,1.4256140898820093,1.3727440092339716,0.0869565217391306,0.22549019607843146,-0.1132466349934837,0.14399999999999996,0.0
2022-12-06,1.23,1.25,-0.08961215868968704,-0.11081436634028999,-0.024292692569044587,-0.4243775422977703,-0.016129381929883644,1.222,1.1833,1.1218100000000002,1,6,12,1.2329240713113736,1.1695068451108754,43.51851851851852,0.047585095193362514,0.041007241548746055,1.4314259018295534,0.9351740981704466,0.06576263987857912,0.08625753984332751,0.07308339322149139,-127170131.0,0.3764218056692837,0,0,-1,0,0,0.02400000000000002,-0.5936175614805619,1.4454642929948942,1.3692959947781396,0.04237288135593231,0.23829658713379653,0.32933922434025265,0.04878048780487809,0.0
2022-12-07,1.21,1.23,-0.06453852113757118,-0.03392849169373276,-0.016529301951210582,-0.520028766618531,-0.016393809775676383,1.2280000000000002,1.194525,1.12881,2,7,12,1.2287560583456691,1.1721193067166256,49.473684210526315,0.042939176188899975,0.04139362847677684,1.4246319488206964,0.9644180511793038,0.06622068092029901,0.0863910048764751,0.07127554097892055,-127417275.0,0.13450267433738666,0,0,-1,0,0,-0.024390243902439046,-0.9374821444509548,1.1508561480326889,1.3714146864967285,-0.07633587786259544,0.22780314561136472,1.4134187642215565,0.030826446280991827,0.0
2022-12-08,1.31,1.21,0.04879016416943204,0.10915191293132025,0.03278982282299097,1.7086102859164882,0.07940677760441062,1.238,1.2132,1.1384766666666666,3,8,12,1.2435276841010021,1.181014835315553,50.0,0.04678708379293761,0.042472319540009004,1.4138784282870978,1.0125215717129024,0.0691642305908652,0.0863412076618603,0.0725229196364811,-126052723.0,0.9647275078466778,0,0,-1,0,0,0.04132231404958681,1.1320632624156592,1.2278980428495834,1.370624180221602,0.0650406504065042,0.39882541377469316,0.09980226317407657,0.1068702290076335,0.0
2022-12-09,1.51,1.31,0.061557892999433365,0.1726127426669937,0.06252035698133414,1.0072155816483186,0.1420825136137728,1.274,1.24,1.1557899999999999,4,9,12,1.2919771960826378,1.2022396846500334,58.260869565217384,0.06522305603207879,0.04702246683842296,1.4491587158640138,1.0308412841359862,0.07869412472199958,0.09122546556324784,0.07655731227156287,-122316625.0,2.581771444566935,0,0,-1,0,0,0.022900763358778647,3.3537521871016427,1.4681958207676558,1.448159370698644,0.11029411764705865,0.5503080082135523,0.5289913955708816,0.2119205298013244,0.0
2022-12-12,1.26,1.51,0.07197349962508924,-0.12313268540362401,-0.0544881852840698,-0.6155969280749682,-0.1809979298634463,1.2850000000000001,1.249,1.1646666666666667,0,12,12,1.286163160431249,1.205966156608096,55.371900826446286,0.05898089119343353,0.04941415170942508,1.4441949093404052,1.053805090659595,0.10024398827146477,0.09846226297464782,0.08348519393741073,-124335307.0,0.11270785736339807,0,0,-1,0,0,-0.04635761589403978,1.2430270891833983,1.9080656803867961,1.5630399681333658,0.008000000000000007,0.16666666666666652,-0.4140796719694999,0.1587301587301587,0.0
2022-12-13,1.31,1.26,-0.0794641713542468,-0.03509131981127017,0.03922071315328133,-0.2702235420616908,0.03891541624967362,1.298,1.2585000000000002,1.1750033333333332,1,13,12,1.2904971312619309,1.2126780174720897,56.451612903225815,0.057406763286308005,0.05101267402480166,1.4455856825959925,1.0714143174040078,0.10052172492824221,0.09849901392266855,0.0836387738900103,-122794631.0,0.550549879449761,0,0,-1,0,0,0.0555555555555556,0.6230106751716845,1.905810985174018,1.5636233713468182,0.0650406504065042,0.16964285714285698,-0.869871578517208,0.07633587786259531,0.0
2022-12-14,1.31,1.31,-0.03831886430213666,-0.028987536873252187,-0.015504186535965312,-0.6175609879793466,0.0,1.298,1.2555,1.1857433333333334,2,14,12,1.2940431073961254,1.2189568550545355,54.23728813559322,0.05551926406236274,0.05191399203231388,1.43689517779463,1.0741048222053702,0.09482117972214356,0.0850923337321088,0.08354571414282819,-122794631.0,0.6008980025004109,0,0,-1,0,0,-0.022900763358778647,-0.13416838886265448,1.8904888355758882,1.3507989211996352,0.08264462809917372,-0.04379562043795626,-1.0188875553296117,0.06106870229007639,0.0
2022-12-15,1.18,1.31,0.0,-0.02985296314968116,-0.08134563945395253,0.5544741083567531,-0.10451269873548684,1.293,1.2535,1.1917433333333334,3,15,12,1.2733079969604661,1.2164435095671462,51.20000000000001,0.043037385592749056,0.05013867074440092,1.4374078716748895,1.0695921283251106,0.09843479807189823,0.08441817178689653,0.0860136623439934,-124241113.0,-0.7993132575633596,0,0,-1,0,0,-0.022900763358778647,0.5719963673812845,1.9618460185017228,1.340096932097144,-0.0992366412213741,-0.032786885245901676,0.17135834015905782,0.11864406779661028,0.0
2022-12-16,1.26,1.18,-0.0729067708080879,0.015037877364540502,0.0,0.8921869818899671,0.06559728248581327,1.283,1.251,1.2009766666666666,4,16,12,1.2708883611494721,1.2192536057241046,54.13533834586466,0.03914944792461572,0.04794082618044388,1.4330237115866424,1.0689762884133573,0.09457959215932715,0.08416023442262892,0.08651908568414876,-120711030.0,0.09888821540391621,0,0,-1,0,0,0.00847457627118645,2.4292927796006953,1.5569997751923055,1.3360023033790425,-0.16556291390728473,-0.038167938931297773,-0.5976777832431044,0.1269841269841271,0.0
2022-12-19,1.44,1.26,0.07290677080808794,0.09259278682782489,0.02510592113107626,-0.6557493751126682,0.13353139262452257,1.302,1.2570000000000001,1.2149766666666666,0,19,12,1.3016359318495678,1.233495308580614,58.78378378378378,0.05001616971824774,0.04835589488800465,1.455743420945828,1.0582565790541723,0.10052125204844603,0.08991510363614376,0.08967357848659335,-118878730.0,1.841570393918908,0,0,-1,0,0,0.015873015873015886,0.6495358741777236,1.4167706478370146,1.4273580199790155,0.1428571428571428,0.09090909090909083,-0.41861772871430836,0.18055555555555558,0.0
2022-12-20,1.37,1.44,0.053244514518812285,-0.013698844358161915,0.10204925435417037,-0.49428826961865546,-0.04983237374787564,1.316,1.269,1.2275333333333334,1,20,12,1.3140657624223735,1.2423020628657357,52.11267605633803,0.052375952665187464,0.04915990644344122,1.464410499100543,1.0735895008994567,0.10229121602019557,0.08373755970350996,0.09012473125446914,-119996442.0,1.0337213247486086,0,0,-1,0,0,-0.0624999999999999,-0.09408146509200623,1.5148842481181066,1.3292925502254656,0.04580152671755733,0.21238938053097356,0.3607126111122759,0.08029197080291961,0.0
2022-12-21,1.47,1.37,-0.00743497848751809,0.060218859993054874,0.0,0.10795780970756239,0.0704516609506113,1.342,1.285,1.2436833333333333,2,21,12,1.342417441981942,1.2569922523582688,58.33333333333333,0.061605116482132516,0.051648948451179476,1.4914741604855097,1.07852583951449,0.10309327205005944,0.08480637694503512,0.09063561410820763,-118751310.0,1.791991787882661,0,0,-1,0,0,-0.02189781021897812,-0.004054736516030618,1.5645688897240673,1.3462594979337874,0.12213740458015265,0.27826086956521756,-0.32303242511624247,0.13605442176870747,0.0
2022-12-22,1.47,1.47,0.11279549414534429,-0.019672765598704893,0.057987257650349316,0.29387903992624137,0.0,1.358,1.298,1.2614666666666667,3,22,12,1.3656142707124979,1.2707346876899934,54.19847328244274,0.06813389022495686,0.05494593680593495,1.5169544533285535,1.0790455466714466,0.10121172690442581,0.08442950252757597,0.08981768438446645,-118751310.0,1.5711030069062288,0,0,-1,0,0,0.02040816326530614,0.37898506249058633,1.1678070582751812,1.3402768020291917,0.2457627118644068,0.2148760330578512,-0.07426771647943801,0.06122448979591842,0.0
2022-12-23,1.4,1.47,-0.006688988150796652,-0.013333530869465144,-0.021353124470568946,-1.1092082110382766,-0.048790164169432056,1.347,1.3105,1.2756666666666665,4,23,12,1.3718662214920436,1.279074385258381,55.90551181102362,0.0668885261747485,0.057334454679697666,1.522306763971276,1.098693236028724,0.090464634428931,0.08435363587445645,0.09053300193405582,-119302273.0,0.8451099324867398,0,0,-1,0,0,0.01360544217687076,-0.8285107412581741,1.316362819116866,1.3390724562474494,0.11111111111111094,0.21739130434782616,0.7592082495739328,0.0714285714285715,0.0
2022-12-27,1.46,1.4,-0.04811924834419846,-0.01351371916672282,-0.029199154692262124,0.9705187877670022,0.04196419909903221,1.3670000000000002,1.326,1.2883333333333333,1,27,12,1.3878905448571264,1.290747005564292,58.77862595419847,0.06993687597957399,0.05985493893967293,1.533683970444934,1.118316029555066,0.07095220004847273,0.0845429996895459,0.08899075100469714,-117848109.0,1.2904221708870798,0,0,-1,0,0,0.0142857142857143,0.08183340159365601,0.8592163158324683,1.3420785136196962,0.01388888888888884,0.26956521739130435,0.2799070306963056,0.08219178082191773,0.0
2022-12-28,1.31,1.46,0.03460552917747552,0.006779686985378769,-0.037740327982847086,-0.3484408582416078,-0.10840929850718485,1.367,1.3325,1.2946666666666666,2,28,12,1.3737286276103762,1.2919891342375636,53.47222222222222,0.05956237082974103,0.05979642531768656,1.5287678084465288,1.1362321915534712,0.07966814247833995,0.08850171539629796,0.09136454515051459,-118874440.0,-0.22927855747805795,0,0,-1,0,0,0.006849315068493157,-0.4088674132866589,1.1154460142055733,1.4049211772473236,-0.04379562043795626,0.11016949152542388,-0.37742900120677836,0.1374045801526717,0.0
2022-12-29,1.37,1.31,-0.09259278682782479,-0.041385216162854364,0.0,0.3227414735706423,0.044783602626973444,1.373,1.3355000000000001,1.2946666666666666,3,29,12,1.3730506953175803,1.297022093319011,52.14285714285714,0.05554174860887762,0.058945489975924775,1.5321535826771828,1.1388464173228174,0.080795976516225,0.08575560998879818,0.0823316438131965,-117457171.0,0.35087080062643505,0,0,-1,0,0,0.022900763358778647,0.03106982454302241,1.003871513416199,1.361328105354039,-0.0680272108843537,0.04580152671755733,-0.6855237692400347,0.08759124087591232,0.0
2022-12-30,1.4,1.37,-0.02264247674975989,0.0,0.007662872745569097,-0.14191356514968598,0.02166149678117925,1.395,1.3439999999999999,1.3006666666666669,4,30,12,1.377950568896202,1.3036658292339136,45.52845528455284,0.05415189645738794,0.05798677127221741,1.5360964669961488,1.151903533003851,0.07158598357627913,0.08434833448642381,0.07957232938714501,-116227412.0,0.5830403950232225,0,0,-1,0,0,-0.04379562043795624,-0.20368594274059865,1.0324597688893502,1.3389882993214226,-0.04761904761904767,0.1382113821138211,-0.9095268427103165,0.07857142857142849,0.0
2023-01-03,1.36,1.4,0.08062973440010901,0.04138521616285428,0.022642476749759752,0.9169278894997086,-0.028987536873252187,1.405,1.3439999999999999,1.3023333333333333,1,3,1,1.3746868290968925,1.3073002918639838,54.90196078431373,0.04925498213405688,0.05624041344458531,1.5360964669961488,1.151903533003851,0.07084810739589549,0.08162195812290866,0.07883232794223591,-119303769.0,0.1665829700066373,0,0,-1,0,0,0.0142857142857143,1.6275828068110403,0.9945241452193998,1.2957084162920682,-0.02857142857142847,0.0,-1.231274126826885,0.10294117647058816,0.0
2023-01-04,1.55,1.36,0.0,0.05264373348542209,0.02941388520629319,0.4270354725430367,0.13077023118319456,1.416,1.359,1.3099999999999998,2,4,1,1.4065619510792757,1.3229583375501786,60.3448275862069,0.06001375316695645,0.05699508138905954,1.5664303941612105,1.1515696058387894,0.07019494760936937,0.08451658274688874,0.0826224198989969,-114588615.0,1.8415816136526142,0,0,-1,0,0,0.0441176470588234,2.558138458782583,1.4266922836727987,1.3416591576556791,0.06164383561643838,0.24,0.13362869613666795,0.11612903225806462,0.0
2023-01-05,1.69,1.55,0.04811924834419856,0.10343558724824195,0.06995858860691047,-0.2076914730888221,0.08647359800382685,1.448,1.3820000000000001,1.3286666666666667,3,5,1,1.4580961417921348,1.346638444805006,64.61538461538461,0.07892716348427697,0.06138149780810303,1.6276870067056437,1.1363129932943565,0.07114248183445011,0.0858493552527708,0.07867591790761355,-110757752.0,2.507255097694386,0,0,-1,0,0,-0.038709677419354875,1.5915447282511272,1.0220425657502918,1.362816265284409,0.2900763358778624,0.3739837398373984,0.1393560750931197,0.14792899408284024,0.0
2023-01-06,1.61,1.69,0.10199916795512133,-0.03529778208102382,0.03974032864951412,-0.6251571446392369,-0.04849434993861038,1.462,1.402,1.344,4,6,1,1.4857150251026556,1.3636295128821025,67.20000000000002,0.08646414121455082,0.0663980264893926,1.6537810243273825,1.1502189756726173,0.07200559544717108,0.08680717377512819,0.07953300967851773,-112807943.0,1.6522293572810685,0,0,-1,0,0,-0.023668639053254458,0.05719810166592847,1.2553946815938397,1.3780211629521428,0.17518248175182483,0.3305785123966942,0.4082629943227738,0.08074534161490676,0.0
2023-01-09,1.71,1.61,0.02985296314968113,0.07496303847345533,0.08707089902768188,0.32981120749780396,0.060259191518196746,1.4860000000000002,1.4220000000000002,1.3606666666666667,0,9,1,1.5264941114476271,1.385975995921967,67.71653543307087,0.099361042385397,0.07299062966859349,1.7046640185259516,1.1393359814740487,0.0735717696070806,0.08612082902926839,0.07971655651947843,-109956731.0,2.0377549396055046,0,0,-1,0,0,0.055900621118012334,0.6836322100901114,1.260992237410056,1.3671257778849377,0.22142857142857153,0.3053435114503815,-0.08740785019027751,0.07011695906432755,0.0
2023-01-10,1.76,1.71,0.005865119452398058,-0.011173300598125189,-0.018078027540730505,-0.5085410209929652,0.028820438535491884,1.522,1.4344999999999999,1.381,1,10,1,1.5689497275480586,1.4101065768302272,64.03508771929826,0.11232173655189603,0.080856851045254,1.7533449548981062,1.1156550451018936,0.06992049553752104,0.08009476493513926,0.07881993483572901,-108242091.0,2.0417447100834356,0,0,-1,0,0,0.0,-0.2224280686379121,1.1114897433471813,1.2714649760193293,0.2941176470588234,0.16556291390728473,-0.516379312467313,0.07386363636363642,0.0
2023-01-11,1.71,1.76,0.05406722127027579,0.043963123421116204,0.02099027589183583,0.12631072731570023,-0.02882043853549197,1.5470000000000002,1.457,1.3996666666666668,2,11,1,1.5945952316302296,1.429454539615374,65.17857142857143,0.11720750279001457,0.08812698139420612,1.7873012978618723,1.1266987021381278,0.07154836194862392,0.06935296162492235,0.0792045210256137,-110187581.0,1.5319346405099583,0,0,-1,0,0,0.025568181818181778,-0.007617039507696839,0.9281756950148712,1.1009441348721034,0.10322580645161294,0.3571428571428572,-0.09209857805465356,0.10233918128654973,0.0
2023-01-12,1.65,1.71,-0.059932340722673845,-0.08701137698962981,-0.06434071676544965,0.08006160722239525,-0.03571808260207923,1.581,1.4739999999999998,1.4153333333333333,3,12,1,1.6046688258792787,1.4436832789950274,58.33333333333334,0.11491335949748627,0.09348425701486215,1.8074287582721684,1.140571241727831,0.0613076953838276,0.07011314235366528,0.0797306926145166,-112295235.0,1.0556977803116563,0,0,-1,0,0,-0.005847953216374275,0.1153848889352721,0.7494704875417757,1.1130116298304091,-0.023668639053254448,0.2595419847328244,0.7797461493819812,0.07575757575757576,0.0
2023-01-13,1.78,1.65,-0.005899722127188271,0.06527139035322381,0.06136894637629202,-0.017346428534117334,0.0758380763915046,1.6219999999999999,1.4975,1.431,4,13,1,1.6365472211739553,1.46538113196309,62.8099173553719,0.12217677019994988,0.0992227596518797,1.8480709628603225,1.1469290371396776,0.06340476302227266,0.07149099365875429,0.0786277863833248,-110223826.0,1.611656582707656,0,0,-1,0,0,0.024242424242424267,0.02584613627431167,0.8204242904313362,1.134884341211757,0.10559006211180111,0.3587786259541985,-0.1345238863816724,0.0786516853932585,0.0
2023-01-17,1.65,1.78,0.05188483536901172,-0.016620881236040407,-0.033285977633466746,-0.13656380746161031,-0.07583807639150461,1.6470000000000002,1.5210000000000001,1.445,1,17,1,1.638993180960509,1.4772920266751488,59.84251968503937,0.1161047783548721,0.10259916339247818,1.8438752406943646,1.1981247593056357,0.07110349051344465,0.06944333185535514,0.0790470202613264,-112030821.0,0.7990702521666068,0,0,-1,0,0,0.0,-0.24406579859144434,0.9482330689398927,1.102378717805996,-0.03508771929824561,0.39830508474576276,0.5931420113515002,0.10000000000000003,0.0
2023-01-18,1.61,1.65,-0.04598511324182338,-0.034094211342976126,-0.056977434742540425,0.4077103321940093,-0.024541108916117545,1.672,1.5385,1.4533333333333334,2,18,1,1.6337216935131436,1.4858538314057843,56.000000000000014,0.10683350521864465,0.10344603175771147,1.8389750624572792,1.2380249375427208,0.07079572820288804,0.06909857521868529,0.0773259906416888,-114747406.0,0.47591303860809303,0,0,-1,0,0,0.03030303030303033,0.6947626727176597,0.8988063723525647,1.096905875865191,-0.08522727272727271,0.2777777777777779,1.5425579719489149,0.12111801242236028,0.0
2023-01-19,1.67,1.61,-0.04820210181787763,-0.005797117684325958,0.016155440222285208,-0.7817962772453475,0.03658944743229196,1.684,1.55,1.4673333333333334,3,19,1,1.6403177492380265,1.4977342293796048,65.51724137931035,0.10313853617779811,0.10338453264172881,1.8522024417344838,1.2477975582655163,0.0576048599565646,0.062497457805941015,0.07560488781622615,-113504342.0,0.7941696255745834,0,0,-1,0,0,0.006211180124223607,-0.7380453439547654,0.9622078226069541,0.9921163855696342,-0.023391812865497075,0.15972222222222232,0.4449568034423313,0.09580838323353288,0.0
2023-01-20,1.78,1.67,0.05406722127027558,0.056512210263342404,0.07410797215372183,0.09616883213850737,0.06378973787533,1.693,1.5705,1.4856666666666667,4,20,1,1.6657145221038399,1.51594492425834,66.94214876033058,0.10784317825488077,0.10427626176435921,1.8768864089344637,1.2641135910655363,0.05418471591501263,0.062159111466594634,0.07601842892695747,-112135797.0,1.3675541335439083,0,0,-1,0,0,0.023952095808383256,-0.6329158416799343,1.017195088881358,0.9867453039441167,0.07878787878787885,0.2992700729927007,-0.6898262260893335,0.0786516853932585,0.0
2023-01-23,1.86,1.78,0.05129329438755048,0.048266740969834354,0.06353355203953392,-0.25343132193500056,0.043963123421116204,1.718,1.59,1.5073333333333336,0,23,1,1.701039154448596,1.5381420259190925,68.25396825396827,0.11668193568558793,0.10675739654860497,1.9183130726684796,1.2616869273315205,0.05179951554831043,0.06108878887037291,0.07596645685131671,-111073624.0,1.6447715456803491,0,0,-1,0,0,0.011235955056179785,-0.9212621566118026,0.9102905141608004,0.9697544594708226,0.04494382022471921,0.26530612244897966,-0.8433649349193845,0.06440860215053758,0.0
2023-01-24,1.8,1.86,0.005540180375615351,-0.03289104958673543,-0.005713981150707776,-0.6134672928744906,-0.032789822822990956,1.7269999999999999,1.6064999999999998,1.5236666666666667,1,24,1,1.7190320354579423,1.5550360887630221,67.1875,0.11749085463345721,0.10890408816557542,1.9424996867178463,1.2705003132821533,0.051003783444646573,0.061887066601269074,0.07544964780190078,-111648759.0,1.1517867881971597,0,0,-1,0,0,-0.026881720430107548,-1.2881816858664243,0.6964169175205233,0.9824267255894957,0.09090909090909105,0.22448979591836737,-0.3613323750406042,0.03788888888888891,0.0
2023-01-25,1.78,1.8,-0.016713480973740667,-0.02642552756968404,-0.03428907347863219,-0.016003650532902643,-0.011173300598125189,1.7289999999999999,1.6255,1.5326666666666668,2,25,1,1.7301171199201346,1.5695498894879885,60.36036036036036,0.11519025432613583,0.11016132139768751,1.9552511023097419,1.295748897690258,0.05058236370685237,0.06056098678421468,0.07080762716530588,-112214763.0,0.9370704080611386,0,0,-1,0,0,-0.01111111111111112,-1.298770288704479,0.65059407900421,0.9613758611022081,0.10559006211180111,0.2714285714285716,-0.4518143019296744,0.04494382022471914,0.0
2023-01-26,1.88,1.78,0.022223136784710256,0.06453852113757116,0.034289073478632165,0.9471343009281767,0.05465841253786398,1.746,1.6465,1.5533333333333332,3,26,1,1.7573685526619283,1.5895789288758604,58.87850467289719,0.12005228822409042,0.1121395147629681,1.9852453631467686,1.3077546368532316,0.05193616552682126,0.06096930424288343,0.06324038506853781,-110755429.0,1.3786166566585953,0,0,-1,0,0,0.02247191011235957,-0.4555374189209483,0.6929667359565799,0.9678576998118285,0.12574850299401197,0.28767123287671237,-0.6111307993780262,0.07446808510638293,0.0
2023-01-27,1.94,1.88,0.02173998663640582,0.09909090264423097,0.043963123421116204,0.6160661048650136,0.031416196233378914,1.775,1.6780000000000002,1.5743333333333334,4,27,1,1.7905742703597594,1.6121867399161276,65.71428571428571,0.12727978158318232,0.11516756812701096,2.001832315283474,1.3541676847165265,0.04963948260067614,0.054429260198071594,0.06315310469672882,-108053283.0,1.6181214019400896,0,0,-1,0,0,-0.010638297872340318,0.6450875185057808,0.6019033195240288,0.864037719175942,0.0898876404494382,0.48091603053435095,-0.5546783820362657,0.13402061855670103,0.0
2023-01-30,1.81,1.94,0.0,-0.13083960095881117,-0.043963123421116176,-0.830122929279561,-0.06936112779750236,1.778,1.7,1.591,0,30,1,1.7941062212034393,1.6249488857279903,54.62962962962963,0.12112149539348871,0.11635835358030652,1.9941535581805443,1.4058464418194556,0.051008548106380065,0.057504110168812204,0.06486653514966625,-109231407.0,0.7479086819849704,0,0,-1,0,0,-0.04123711340206178,-0.7899565358880465,0.7829297803243522,0.9128494492244253,-0.026881720430107503,0.32116788321167866,0.01569276145620952,0.04419889502762435,0.0
2023-01-31,1.82,1.81,-0.03836086787244633,0.013351333174864196,-0.00563381771825602,0.5309069205335767,0.0055096558109697,1.795,1.7209999999999996,1.6123333333333332,1,31,1,1.7988141809846323,1.6375328285842492,52.8846153846154,0.11571404615206493,0.11622949209465822,1.983209237463759,1.4587907625362402,0.04352296263435329,0.05752565935113601,0.06134928870666115,-107228038.0,0.7551221380115065,0,0,-1,0,0,-0.011049723756906087,-0.046911212261869346,0.7433547333067629,0.9131915318887388,0.011111111111111072,0.30000000000000004,-0.7060528637458647,0.06318681318681318,0.0
2023-02-01,1.96,1.82,0.06488762220587481,0.07460046169827361,0.060292230256120044,0.5060238829825238,0.07410797215372183,1.83,1.751,1.6356666666666666,2,1,2,1.8281206935328809,1.658337162223975,61.06194690265487,0.12132685320049874,0.11724896431582632,1.9736065682124502,1.5283934317875496,0.04617329424218278,0.058178116322602995,0.06163523674105917,-103905084.0,1.8777523204125357,0,0,-1,0,0,0.04945054945054937,1.1922050791592675,0.886311093756918,0.9235489652147708,0.101123595505618,0.44117647058823506,-1.0885790782080775,0.07704081632653074,0.0
2023-02-02,1.94,1.96,0.025841231183887328,-0.02795988424516241,0.013210231736806482,-0.8900492293482118,-0.01025650016718911,1.857,1.7705000000000002,1.6523333333333334,3,2,2,1.8484623856178115,1.6765089582095252,63.30275229357799,0.12274626780311171,0.11834842501328341,1.9872195616963302,1.5537804383036702,0.046731853811327106,0.051182237106024306,0.05698660626142844,-105269607.0,1.564233506871937,0,0,-1,0,0,0.0,-0.618762102851257,0.8431720527726234,0.8124928255588953,0.03191489361702127,0.2516129032258063,-0.18824599225917693,0.036082474226804155,0.0
2023-02-03,1.76,1.94,-0.041672696400568074,-0.043991569281534304,-0.10215771775330262,0.3037929818217954,-0.09737416402517636,1.855,1.7740000000000002,1.6653333333333333,4,3,2,1.832378315505482,1.6818954770347172,49.122807017543856,0.10810055254529471,0.11629885051968568,1.987482404059215,1.5605175959407855,0.05427218689508281,0.052881107128146705,0.059124835683557316,-107118520.0,-0.13115835060689104,0,0,-1,0,0,-0.03092783505154642,0.06980592298956488,1.053533111344248,0.8394615510890473,-0.09278350515463918,0.041420118343195256,0.4375091763659929,0.09659090909090905,0.0
2023-02-06,1.64,1.76,-0.10064352577968741,-0.1030117183360708,-0.050681486476144934,-0.24461835491106898,-0.07061756721395342,1.8330000000000002,1.7754999999999999,1.671,0,6,2,1.7974004399590306,1.6791925430324774,49.557522123893804,0.08582142460774222,0.110203365337297,1.9845051623657495,1.5664948376342502,0.05568388504805615,0.05412377932006531,0.059560109256354715,-108566225.0,-1.2966186908137811,0,0,-1,0,0,-0.03409090909090912,-0.43733158959147245,1.0570278781908613,0.8591883605750003,-0.09392265193370175,0.01863354037267073,0.43833414690767564,0.04268292682926833,0.0
2023-02-07,1.69,1.64,-0.011834457647002796,0.011661939747842957,-0.021639175103481068,0.2821763569523049,0.030032287098875076,1.8219999999999998,1.7745000000000002,1.6783333333333335,1,7,2,1.7778730872392066,1.6798897983207048,53.508771929824555,0.07137684944746314,0.10243806215933023,1.9850106573143078,1.5639893426856926,0.05656315224833862,0.05272908550360714,0.05972539833065883,-106646550.0,-0.8028097111856497,0,0,-1,0,0,0.024390243902439046,0.28859516948413594,1.105397580747905,0.8370482826144329,-0.07142857142857151,-0.011695906432748537,0.1469332458010024,0.07396449704142012,0.0
2023-02-08,1.63,1.69,-0.018018505502678365,-0.026433257068155597,-0.0031298930089277044,-0.4484480042031054,-0.03614851411631121,1.8069999999999997,1.768,1.6860000000000002,2,8,2,1.7509870713775326,1.676671101654853,48.245614035087726,0.05446013843074926,0.09284247741361404,1.988200865242234,1.547799134757766,0.05738426677569655,0.05287453207461161,0.05938770632147505,-107872490.0,-1.253401069502537,0,0,-1,0,0,-0.023668639053254458,-0.6759951160176653,0.7672261907685165,0.8393571753499826,-0.16836734693877553,-0.07386363636363646,0.27042782559831186,0.052147239263803664,0.0
2023-02-09,1.62,1.63,0.0239532410224928,0.017699577099400857,0.006250020345171326,0.2995237658167984,-0.006153865574378112,1.781,1.7634999999999998,1.6913333333333334,3,9,2,1.7271712402179813,1.6730149015480884,42.30769230769231,0.039787955857190305,0.08223157310232929,1.992205740615033,1.5347942593849666,0.05294051505692345,0.052533483072440094,0.05903394424144479,-109526548.0,-1.254887608978252,0,0,-1,0,0,0.03680981595092028,-0.040567062835943066,0.7760831596220733,0.8339431902821872,-0.1649484536082474,-0.05263157894736836,0.20998434201185348,0.0648148148148148,0.0
2023-02-10,1.51,1.62,-0.07365290957476532,-0.06648974126883286,-0.06845896864458395,-0.06441688830245604,-0.07031649841745984,1.738,1.7564999999999997,1.698,4,10,2,1.6876855601783483,1.6624978111256312,33.644859813084096,0.019064303346769895,0.06959811915121741,2.0073322987696374,1.505667701230362,0.052836853421768755,0.05412968024634493,0.05715113908518817,-111077416.0,-1.9654566115218137,0,0,-1,0,0,-0.030864197530864224,-0.15060918749423224,0.6712223878728256,0.859282034875645,-0.14204545454545459,-0.08484848484848484,0.621479158318776,0.06701986754966899,0.0
2023-02-13,1.59,1.51,-0.02580788395587259,0.011372586294967126,0.020602947466948858,-0.7803928233156596,0.051624365405307245,1.716,1.7469999999999999,1.7053333333333334,0,13,2,1.6699245492368302,1.6578205329884939,40.366972477064216,0.008992332823257954,0.057476961885625524,2.008260104313807,1.4857398956861927,0.05541428451889925,0.05235528173747219,0.05733692784513867,-110366768.0,-1.2018673912142555,0,0,-1,0,0,0.013245033112582794,-1.2320501370108528,0.7739996597623416,0.8311143317884384,-0.030487804878048697,-0.10674157303370779,-0.11337420940794943,0.05553459119496858,0.0
2023-02-14,1.59,1.59,0.02580788395587272,0.0010499337035900494,0.006514681021193672,0.42827579360475215,0.0,1.693,1.7439999999999998,1.7116666666666664,1,14,2,1.655392813011952,1.6534450147311717,41.121495327102814,0.000998711098874061,0.046181311728275234,2.011258991283457,1.4767410087165427,0.05525322222598725,0.049794266665240464,0.05727410564452202,-110366768.0,-1.1524401799202033,0,0,-1,0,0,-0.012578616352201269,-0.6414221757681167,0.7132842838446692,0.7904594778783588,-0.059171597633136064,-0.036363636363636265,0.33050253826548665,0.050314465408805076,0.0
2023-02-15,1.65,1.59,-0.00638979809877101,0.0183491386681964,-0.013072081567352775,-0.4486063602161076,0.037041271680349076,1.6620000000000001,1.746,1.7213333333333334,2,15,2,1.6544123015552334,1.6532227557162575,38.83495145631068,-0.0004891544811862492,0.036847218486382935,2.0096105580521915,1.4823894419478085,0.04931368469126895,0.05017663993228474,0.057180646441670285,-109670422.0,-0.7283471550558561,0,0,-1,0,0,-0.018867924528301903,-1.0982485270404723,0.7455723026921522,0.7965294653139494,0.012269938650306678,0.024844720496894235,-0.8017020055121875,0.07878787878787873,0.0
2023-02-16,1.57,1.65,0.02531780798429,-0.01526747213078842,0.0202540217903829,0.2987185184009684,-0.04969966855227241,1.625,1.741,1.7220000000000002,3,16,2,1.6390646103633726,1.6478535456700476,32.38095238095238,-0.00803105310395491,0.027871564168315367,2.0142956756273103,1.4677043243726897,0.05029411049343375,0.05070472716364421,0.052355783421791764,-110609187.0,-1.251391919081738,0,0,-1,0,0,-0.030303030303030196,-0.7140844588008466,0.8347507020467484,0.8049125902223042,-0.030864197530864224,-0.059880239520958,-0.1534984172380013,0.04707006369426756,0.0
2023-02-17,1.48,1.57,-0.0317486983145803,-0.0472528848505455,-0.046922268872544394,-0.06980201215600822,-0.0590335315841931,1.597,1.7260000000000002,1.715,4,17,2,1.6101437721154865,1.6370242846590768,33.66336633663364,-0.021027913243115925,0.01809166868602911,2.0222502498346886,1.4297497501653118,0.045606708909113544,0.04951401066973954,0.050654957886991654,-111484659.0,-1.6607580931139907,0,0,-1,0,0,-0.012738853503184724,-0.7576167591817434,0.7866392350589734,0.7860105518731771,-0.019867549668874163,-0.1685393258426966,-0.03704770412574322,0.04729729729729734,0.0
2023-02-21,1.38,1.48,-0.07918286239270142,-0.05981849521091022,-0.07723134793599004,0.25487871398150613,-0.06995858860691047,1.5710000000000002,1.702,1.7073333333333334,1,21,2,1.5682994499126708,1.6204420727455882,29.999999999999986,-0.038948212061625354,0.006683692536498217,2.02874470961893,1.37525529038107,0.04552931544169624,0.04957242403421196,0.051392522946569284,-112614285.0,-1.970957695844787,0,0,-1,0,0,-0.03243243243243246,-0.4028363905966252,0.707554885379218,0.7869378352869967,-0.1320754716981133,-0.25806451612903236,0.8915323395180318,0.06521739130434773,0.0
2023-02-22,1.36,1.38,-0.036988569369340536,-0.020761991448429128,-0.03717900324175413,0.059347694787868006,-0.014598799421152523,1.538,1.6800000000000002,1.6956666666666669,2,22,2,1.5304268226558215,1.6036393583749051,19.387755102040813,-0.05413991954551034,-0.005481029879903495,2.036828132005138,1.3231718679948625,0.042530630490592275,0.049379971311040355,0.04988345363103031,-113812981.0,-1.7935805576864816,0,0,-1,0,0,0.0,-0.3622269603322226,0.6794713578004188,0.7838827430191013,-0.14465408805031443,-0.24444444444444446,1.2505875233189212,0.08088235294117638,0.0
2023-02-23,1.33,1.36,-0.007272759329079585,-0.01763714148610673,-0.007604599385219304,-0.6664295389157024,-0.022305757514298277,1.508,1.6575,1.6813333333333333,3,23,2,1.4939855821729449,1.5859852062216855,19.191919191919197,-0.06781843772182472,-0.01794851144828774,2.0433483476305483,1.2716516523694514,0.04222099287749308,0.04942153599290279,0.049497514739670005,-114428558.0,-1.6975581313805839,0,0,-1,0,0,0.007352941176470594,-1.2322864250285297,0.3624208401491347,0.7845425618882905,-0.19393939393939386,-0.2528089887640449,0.2825201960928327,0.07142857142857141,0.0
2023-02-24,1.29,1.33,-0.052446475372542545,-0.06240556618742963,-0.03891541624967361,0.22693862720546487,-0.03053672386008165,1.475,1.6280000000000001,1.6673333333333331,4,24,2,1.4568972945051366,1.5668893864654478,22.35294117647058,-0.08095324896854605,-0.030549458952339403,2.0320114641426654,1.2239885358573348,0.04206845070117213,0.046729962886099354,0.049522009244173666,-115200955.0,-1.673219846457847,0,0,-1,0,0,-0.02255639097744363,-0.9260317608560976,0.3651778057220236,0.7418151634313822,-0.17834394904458595,-0.31382978723404253,-0.46542347233221065,0.046511627906976785,0.0
2023-02-27,1.32,1.29,0.01526747213078838,0.02985296314968113,0.03125254350410453,0.09293375560273988,0.02298951822469878,1.456,1.597,1.6563333333333332,0,27,2,1.4320068773223844,1.550961038951548,28.94736842105263,-0.08792834895992518,-0.042025236953856564,1.9953175141844384,1.1986824858155616,0.0408067968640819,0.046284979791835615,0.049573701159643255,-114353335.0,-1.390850214393218,0,0,-1,0,0,0.023255813953488393,-0.7484055491051831,0.5171951825219792,0.734751275801083,-0.108108108108108,-0.31958762886597936,0.004322252221187646,0.04545454545454549,0.0
2023-02-28,1.25,1.32,-0.01526747213078842,-0.0307624675325218,-0.06351340572232586,0.7955925359954849,-0.0544881852840698,1.422,1.569,1.6386666666666665,1,28,2,1.3989147178092236,1.5315441977288675,21.794871794871796,-0.09797518400775895,-0.05321522636463705,1.982707244571974,1.155292755428026,0.03527054665484823,0.04560711353304233,0.04758134792312296,-116231452.0,-1.5421533182482254,0,0,-1,0,0,-0.015151515151515164,0.8158413981150772,0.44161058405210146,0.7239904825435103,-0.09420289855072461,-0.30939226519337015,0.7228341916129115,0.07904,0.0
2023-03-01,1.28,1.25,0.022814677766171264,0.030762467532521726,0.04016604172533465,-1.0172241707341056,0.023716526617316065,1.391,1.542,1.6263333333333334,2,1,3,1.3772938600257283,1.5153155398108762,26.66666666666667,-0.10233694726167131,-0.06303957054404391,1.9572158601584557,1.1267841398415444,0.037754040150826465,0.04627683276361875,0.04647689368080872,-115552330.0,-1.2619941824958945,0,0,-1,0,0,0.06400000000000006,-0.9526346835337656,0.5412180398501254,0.7346219457375667,-0.05882352941176472,-0.29670329670329676,0.09090444312155913,0.07031250000000006,0.0
2023-03-02,1.38,1.28,-0.03831886430213666,0.021819047394639673,0.0,-0.2269841753142076,0.07522342123758753,1.364,1.513,1.6186666666666667,3,2,3,1.3777858854755958,1.5065855049843682,35.714285714285694,-0.09661084214993121,-0.06975382486522137,1.8839504151866229,1.142049584813377,0.04597733039744917,0.046405030220050554,0.04889101634262688,-115011115.0,-0.7170769706947947,0,0,-1,0,0,0.0,-1.3591097909905712,0.8164050387035932,0.7366570172681443,0.037593984962405846,-0.29591836734693877,0.17008581146595736,0.08695652173913036,0.0
2023-03-03,1.4,1.38,0.08244366921107459,0.04913268857764481,0.07579383936953372,0.8321388197121906,0.01438873745209967,1.347,1.486,1.6096666666666666,4,3,3,1.3818248153891237,1.4997090207918284,42.66666666666666,-0.08942815760768519,-0.07368869141371413,1.8003849467415003,1.1716150532584997,0.04546006666942739,0.046903320021069034,0.048403113213115675,-113767279.0,-0.5470999861244162,0,0,-1,0,0,0.00724637681159421,0.22593578251773702,0.7417936430864464,0.7445671226341528,0.0852713178294573,-0.27835051546391754,-0.5069931457186094,0.06428571428571418,0.0
2023-03-06,1.33,1.4,0.007168489478612497,-0.03484673133016819,-0.04478360262697343,-0.32329625900150394,-0.05129329438755046,1.332,1.4645,1.5946666666666667,0,6,3,1.3724021216820104,1.4887600517084847,32.43243243243242,-0.08836561948931387,-0.07662407702883409,1.7581144984244232,1.1708855015755766,0.04467338647132024,0.04406469110190092,0.047183552887535875,-114667517.0,-0.9161672922947998,0,0,-1,0,0,0.0,-0.47064304757695286,0.8754343053529209,0.6995052855270634,0.007575757575757569,-0.24431818181818177,0.2988685964989328,0.07518796992481193,0.0
2023-03-07,1.28,1.33,-0.08183001824763213,-0.05092009042725675,-0.0468835858988505,0.12318353787129288,-0.03831886430213666,1.3219999999999998,1.4465,1.5753333333333333,1,7,3,1.3556017359216448,1.4752916612756792,30.37974683544303,-0.09051473498643814,-0.07940220862035491,1.7389506256137415,1.1540493743862583,0.04123521302482151,0.04255294424939903,0.04635373680983511,-115685769.0,-1.1386537447172853,0,0,-1,0,0,-0.030075187969924838,-0.13768512030803257,0.8185147565769982,0.6755070482250355,0.02400000000000002,-0.2195121951219512,0.3933348071823039,0.07031250000000006,0.0
2023-03-08,1.3,1.28,-0.007782140442054963,-0.030305349495328922,0.0,-0.23798874475238824,0.015504186535965254,1.316,1.427,1.5586666666666666,2,8,3,1.3454923293904366,1.4639825218385387,26.66666666666667,-0.08957156638747366,-0.08143608017377867,1.7026122371448251,1.151387762855175,0.041703090279509906,0.041906792112999844,0.04643281665020971,-114883171.0,-0.9215846242216431,0,0,-1,0,0,0.0,-0.6010936532892905,0.8088887195468613,0.6652497010528835,0.015625,-0.23076923076923073,0.5559903504690565,0.03846153846153849,0.0
2023-03-09,1.19,1.3,0.0,-0.007722046093910278,-0.057629112836636416,0.23247394524169504,-0.08841095734405308,1.302,1.405,1.5390000000000001,3,9,3,1.3172209967739934,1.44630623010702,25.641025641025635,-0.09658678681406863,-0.08446622150183666,1.6826214764951462,1.127378523504854,0.04883987532430609,0.044690747314296286,0.048405068623251786,-115895823.0,-1.5488715261822261,0,0,-1,0,0,-0.015384615384615398,0.013540968437484594,0.686893371242964,0.7094436197955344,-0.1376811594202898,-0.26993865030674846,-0.12266429444225928,0.09243697478991605,0.0
2023-03-10,1.17,1.19,-0.08134563945395253,-0.047628048989254705,-0.02575249610241474,-0.5975705891531479,-0.01694955831377332,1.29,1.3825,1.5153333333333334,4,10,3,1.2904535428150854,1.4284800217130187,28.16901408450704,-0.10257777960625503,-0.08808853312272034,1.6596945924906965,1.1053054075093036,0.04841169094100264,0.044647376692456754,0.04665268001574436,-116452930.0,-1.53321894262517,0,0,-1,0,0,-0.008403361344537823,-1.1820026712598408,0.5932683658755934,0.7087551325179726,-0.16428571428571426,-0.2777777777777779,0.03867430097350809,0.06837606837606844,0.0
2023-03-13,1.2,1.17,0.0,0.0,0.01553094203087666,0.2366695124604488,0.02531780798429,1.278,1.367,1.4906666666666666,0,13,3,1.2740074441214335,1.4137393751508884,35.9375,-0.10370943743937788,-0.09121271398605185,1.6488062044081468,1.0851937955918531,0.048591921763180425,0.04372460405312838,0.04645049359356393,-115747063.0,-1.1852116623956928,0,0,-1,0,0,0.008547008547008555,-0.6657551239422099,0.7030688826344581,0.6941065709960671,-0.09774436090225569,-0.20529801324503316,-0.6978292231814482,0.051666666666666715,0.0
2023-03-14,1.21,1.2,0.01680711831638119,0.0,0.010306296243530673,0.21213408074644768,0.008298802814695064,1.274,1.348,1.4706666666666668,1,14,3,1.2623697270084455,1.4005948993347022,38.09523809523809,-0.10261646921815681,-0.09349346503247286,1.617471217095495,1.0785287829045052,0.04614489305686427,0.04138993615155674,0.045560390823214544,-114874390.0,-1.024228127125695,0,0,-1,0,0,0.0,-0.15170957872073657,0.7044131562020726,0.6570448670271657,-0.0546875,-0.23899371069182396,-1.6159321461499627,0.04123966942148765,0.0
2023-03-15,1.2,1.21,-0.025317807984289897,0.008097210232619303,-0.034570918243161934,0.8735713257313485,-0.008298802814695066,1.266,1.3285,1.45,2,15,3,1.2510297766432736,1.3876532929260117,39.34426229508196,-0.1013884574298134,-0.09507246351194096,1.5800865447008392,1.0769134552991608,0.04522197452595026,0.04129717897161772,0.04544354803755792,-116964835.0,-1.021517268761722,0,0,-1,0,0,-0.03305785123966945,2.7982989935548903,0.668379439365785,0.6555723924445598,-0.07692307692307698,-0.24528301886792458,-1.419139547237627,0.08333333333333341,0.0
2023-03-16,1.25,1.2,0.02531780798429,0.01600034134644112,0.01739174271186924,-1.1484190928021631,0.0408219945202552,1.2530000000000001,1.3085,1.4263333333333332,3,16,3,1.2508425445263147,1.3787724353178819,46.774193548387096,-0.09528231192692549,-0.09511443319493787,1.5113507358957712,1.1056492641042288,0.038734728935442934,0.04156064008477068,0.04345615061805985,-116301876.0,-0.5767787801377116,0,0,-1,0,0,0.0,-0.756568745941186,0.3808495326561345,0.6597547079577937,0.050420168067226934,-0.24242424242424243,0.284631742605228,0.08000000000000007,0.0
2023-03-17,1.18,1.25,0.0408219945202552,-0.007968169649176845,0.01709443335930004,0.36183928151688455,-0.057629112836636416,1.231,1.2890000000000001,1.4009999999999998,4,17,3,1.2379620818851667,1.3659484072328574,39.39393939393939,-0.09499650206652155,-0.0950908469692546,1.4581962423397108,1.1198037576602895,0.040334884121284914,0.041931065432757486,0.04411911218338277,-117253864.0,-1.2884446899376296,0,0,-1,0,0,0.0,-0.03938588747678085,0.5961630089335267,0.6656350280583195,0.008547008547008517,-0.24840764331210197,-0.9831276449326071,0.05932203389830514,0.0
2023-03-20,1.2,1.18,-0.040821994520255166,0.007968169649176881,-0.0006781960246381648,-0.0354295415284709,0.01680711831638119,1.218,1.275,1.3823333333333332,0,20,3,1.2310598851787726,1.3552420583791247,45.901639344262286,-0.09209455414664314,-0.09449158840473232,1.422612579697791,1.1273874203022087,0.039651997080212796,0.04111101286735137,0.04198660888072878,-116335014.0,-1.016173555852059,0,0,-1,0,0,0.0169491525423729,-0.12733354065903696,0.5776057627447059,0.6526170971579288,0.0,-0.18918918918918926,-0.924864151697526,0.06733333333333333,0.0
2023-03-21,1.16,1.2,-0.01680711831638129,-0.04995751192143869,-0.04261860972868602,0.3211769462446985,-0.03390155167568134,1.206,1.264,1.3663333333333332,1,21,3,1.2181399060553593,1.3426457965482137,40.32258064516128,-0.09196232082882827,-0.0939857348895515,1.4114556133063902,1.1165443866936098,0.039338310466396985,0.039241526708615054,0.040840060546779015,-117601878.0,-1.4105939769672105,0,0,-1,0,0,-0.016666666666666684,0.7149113143504648,0.6166014445125569,0.6229399244249666,-0.04132231404958686,-0.1594202898550725,0.053395929258216075,0.05913793103448295,0.0
2023-03-22,1.13,1.16,-0.00851068966790862,-0.024150460232283212,0.0,-0.8207530296725837,-0.026202372394024072,1.1889999999999998,1.2525,1.3476666666666666,2,22,3,1.2021144685907483,1.328926712899942,27.27272727272728,-0.0932038779635449,-0.09382936350435019,1.4042442446694476,1.1007557553305523,0.03862449992529336,0.03942384547149541,0.04017254465093936,-118159425.0,-1.6145587632249003,0,0,-1,0,0,0.008620689655172422,-0.9388280484869803,0.6299546364058081,0.6258341450605008,-0.05833333333333335,-0.1691176470588237,0.45566396915623114,0.03539823008849561,0.0
2023-03-23,1.14,1.13,-0.008583743691391442,0.012739025777429932,0.008810629682154906,0.6158350401253042,0.008810629682154906,1.184,1.2429999999999999,1.3313333333333333,3,23,3,1.1908209288469758,1.316737892712849,25.925925925925924,-0.09231673465925105,-0.09352683773533037,1.3980687453689546,1.0879312546310451,0.0297107888050296,0.039469218608081134,0.040114466980193136,-117127293.0,-1.3284430689747606,0,0,-1,0,0,0.02654867256637171,0.164039328035863,0.4817064708934361,0.6265544212741536,-0.08800000000000008,-0.14285714285714302,0.026065698629349737,0.03947368421052645,0.0
2023-03-24,1.12,1.14,-0.01739174271186922,-0.0299808322119359,-0.035718082602079114,-0.7923290802276189,-0.01769957709940075,1.1789999999999998,1.2345000000000002,1.3146666666666667,4,24,3,1.1779443963293437,1.3040451254410523,28.571428571428584,-0.09216507839908639,-0.09325448586808158,1.3971717715646648,1.0718282284353355,0.029747308651298526,0.03918090417044937,0.0401202154710314,-117594631.0,-1.407742706662348,0,0,-1,0,0,0.0,-1.1538814852543715,0.34908988548340575,0.6219775714659751,-0.05084745762711851,-0.131782945736434,0.4010981742889493,0.04464285714285698,0.0
2023-03-27,1.09,1.12,-0.02666824708216118,-0.008733679968754666,-0.009132483563272587,0.8430969161813096,-0.02715098906595086,1.168,1.223,1.3006666666666669,0,27,3,1.1619545060876448,1.2902357625093717,29.78723404255321,-0.09338910750124696,-0.09328141019471466,1.3925939422974392,1.053406057702561,0.02854710559952829,0.038789630231451565,0.038805823636131984,-118680515.0,-1.5684522477429126,0,0,-1,0,0,-0.008928571428571435,0.29503832864183205,0.26215139774671875,0.615766290243442,-0.09166666666666656,-0.1742424242424242,1.6330541307451014,0.04587155963302736,0.0
2023-03-28,1.13,1.09,0.017857617400006253,0.0,0.009132483563272474,-1.193997709542048,0.03603993648319666,1.16,1.217,1.2853333333333334,1,28,3,1.156144595889891,1.279897971379735,32.653061224489775,-0.0900929581368286,-0.09264371978313746,1.3910054445633,1.0429945554367002,0.03171587572301135,0.038594093465631155,0.0379989982244272,-118351484.0,-0.9999687103853955,0,0,-1,0,0,0.03669724770642185,-1.453861700467543,0.43457006501197426,0.6126622403162579,-0.025862068965517238,-0.09600000000000009,1.0789023903082462,0.035398230088495415,0.0
2023-03-29,1.17,1.13,-0.008888947417245815,0.03023988518971839,0.013544225107757034,0.14844630980864731,0.034786116085415604,1.1569999999999998,1.2115,1.2713333333333334,2,29,3,1.1586637602735472,1.2728077796778166,47.61904761904761,-0.08329292136257682,-0.09077356009902533,1.384068826851288,1.038931173148712,0.034323274969835366,0.03911496266274938,0.038879392185782485,-117969798.0,-0.48096751605969834,0,0,-1,0,0,-0.008849557522123706,-1.2322456934108073,0.4652043726482678,0.6209307824832702,0.03539823008849563,-0.08593750000000011,-0.12551893885022491,0.05128205128205133,0.0
2023-03-30,1.21,1.17,0.043675063502661426,0.02935221201252737,0.0395656002061911,0.2675006720892467,0.033616610798985064,1.153,1.2029999999999998,1.2566666666666666,3,30,3,1.1679976220419932,1.268755664859893,54.54545454545455,-0.07382516695126773,-0.08738388146947382,1.3562936638261716,1.0497063361738281,0.03333340258700874,0.035324630317429516,0.03873609326701571,-117471051.0,0.09132797566816338,0,0,-1,0,0,0.0,-0.9268692005504886,0.5036341032769265,0.5607611218512668,0.06140350877192979,-0.12318840579710144,-0.6531373547684743,0.04132231404958681,0.0
2023-03-31,1.19,1.21,0.033616610798985064,0.016393809775676352,0.01709443335930004,0.19631121473068297,-0.01666705248521176,1.154,1.1925,1.2439999999999998,4,31,3,1.1719980543979944,1.263674654223771,48.83720930232558,-0.06716153979766348,-0.08333941313511176,1.3145655561607403,1.0704344438392595,0.028280518149933192,0.03505991933406885,0.03806213513929905,-118077979.0,-0.04096159602480903,0,0,-1,0,0,0.0,-0.5843765626298474,0.49987111675142465,0.5565589652635887,0.06249999999999978,-0.15000000000000002,-0.6650413369442567,0.042016806722689114,0.0
2023-04-03,1.19,1.19,-0.01666705248521176,-0.02469261259037152,-0.021414094503816473,-0.3117976276945876,0.0,1.153,1.1855,1.2343333333333333,0,3,4,1.1752711354165408,1.2589214507254631,47.61904761904761,-0.061175375619795025,-0.07890660563204842,1.2890120130368286,1.0819879869631714,0.02773457965773712,0.0336230591118389,0.036948525962543506,-118077979.0,0.08694643004187153,0,0,-1,0,0,0.0,-0.9193773999824919,0.39131326744885353,0.5337495163629,0.09174311926605494,-0.10526315789473695,-0.8511068690579107,0.03781512605042011,0.0
2023-04-04,1.16,1.19,0.0,-0.00836824967051658,-0.004338401598598242,-1.1133827017788291,-0.025533302005164762,1.153,1.1794999999999998,1.2269999999999999,1,4,4,1.172494565340806,1.252539421646401,45.454545454545446,-0.05818136806596885,-0.07476155811883252,1.2734148550594184,1.0855851449405811,0.02676792300218928,0.03310118974582509,0.035310557107870386,-118223924.0,-0.4152697672303806,0,0,-1,0,0,0.0,-1.4692247387497765,0.4472778991835471,0.5254650970068871,0.026548672566371723,-0.09375000000000011,0.18358399491697272,0.03448275862068969,0.0
2023-04-05,1.13,1.16,-0.025533302005164762,-0.025533302005164762,-0.02643325706815537,0.8684667663091682,-0.026202372394024072,1.153,1.171,1.2193333333333334,2,5,4,1.1647682807333868,1.2446336525079236,35.714285714285694,-0.057565762511649465,-0.07132239899739591,1.2482964219284265,1.0937035780715736,0.02676792300218928,0.03308147623682979,0.03547474003572258,-118571748.0,-1.0608511746627696,0,0,-1,0,0,0.0,-0.9179937264958278,0.3986948073051145,0.5251521547532672,-0.03418803418803418,-0.13076923076923086,1.425485517840895,0.035398230088495415,0.0
2023-04-06,1.15,1.13,-0.026202372394024072,0.0,0.0,-0.1309324714197337,0.017544309650909525,1.154,1.169,1.2133333333333334,3,6,4,1.1620831387818618,1.2385282555719286,45.945945945945944,-0.054831988786622654,-0.06802431695524126,1.2462964219284272,1.091703578071573,0.027223641401127364,0.02785691953406838,0.03557902743512991,-118266610.0,-0.491613958990061,0,0,-1,0,0,0.0,-0.9221300183470301,0.29622208227225943,0.44221488827689337,-0.04958677685950419,-0.03361344537815125,0.9222589858950407,0.034782608695652015,0.0
2023-04-10,1.15,1.15,0.017544309650909525,0.0,0.0,-0.026341996905249705,0.0,1.1569999999999998,1.168,1.2086666666666666,0,10,4,1.1598862044578868,1.2328167552124494,42.85714285714285,-0.05206527730648358,-0.06483250902548973,1.2457580593270299,1.09024194067297,0.026435007340806498,0.027618226174047786,0.035247547232496,-118266610.0,-0.46297451751712937,0,0,-1,0,0,0.0,-0.8933254632665112,0.2964435973495981,0.438425748655592,-0.03361344537815125,-0.017094017094017144,0.10508941153631145,0.034782608695652015,0.0
2023-04-11,1.16,1.15,0.008658062743114531,0.007728677371658291,0.013303965626362666,0.0005819204547790253,0.008658062743114531,1.164,1.166,1.2033333333333334,1,11,4,1.1599068945564528,1.2281189000374528,50.0,-0.04850656857068825,-0.061567320934529435,1.2423372020831585,1.0896627979168414,0.02429337708349992,0.02702772981384977,0.03496960600337771,-117969232.0,-0.1571972730534154,0,0,-1,0,0,0.008695652173913052,-0.8311026386091991,0.31464713380200415,0.42905190954055533,-0.025210084033613467,-0.033333333333333326,-0.17384942976395762,0.029310344827586234,0.0
2023-04-12,1.13,1.16,-0.008658062743114541,0.017804624633506686,-0.01553860342777916,0.7582161357155953,-0.026202372394024072,1.164,1.162,1.1993333333333331,2,12,4,1.1544692773643703,1.2217886484221334,50.0,-0.04755878744069819,-0.058765614235763194,1.2370017543709964,1.0869982456290035,0.023703123054106726,0.027461331086352334,0.03398607201026627,-118603975.0,-0.8533133729569016,0,0,-1,0,0,-0.008620689655172422,-0.0689046898342018,0.3173165675982842,0.4359351163517729,-0.025862068965517238,-0.06611570247933896,-0.18018883736237723,0.06415929203539825,0.0
2023-04-13,1.14,1.13,0.0,-0.029852963149681045,-0.006734032181343956,0.04232780082897133,0.008810629682154906,1.161,1.159,1.1946666666666665,3,13,4,1.1518384996617574,1.2165119614271571,50.0,-0.04547652259594015,-0.05610779590779859,1.2323843522743607,1.0856156477256393,0.02061474243565954,0.0275569459980938,0.033685387007098985,-117941788.0,-0.5178215630756051,0,0,-1,0,0,0.017699115044247805,0.21814218848594924,0.265444957419172,0.43745295602035683,0.008849557522123908,-0.050000000000000044,-1.4911120407321532,0.03947368421052626,0.0
2023-04-14,1.12,1.14,0.017241806434506173,0.012903404835907782,0.004494389587839267,-0.563775065979508,-0.01769957709940075,1.152,1.1524999999999999,1.186,4,14,4,1.1460496815414378,1.2102853832705665,50.0,-0.0449223091409765,-0.053870698554434174,1.2140159371801231,1.0909840628198766,0.016490479594900607,0.025715247966156266,0.03004241485687498,-118318610.0,-1.0566367510532226,0,0,-1,0,0,0.026315789473684237,-0.6515743395114048,0.2505970070954427,0.40821690612485395,-0.02608695652173898,-0.10399999999999987,-0.5495211458754334,0.049107142857142794,0.0
2023-04-17,1.15,1.12,-0.025975486403260677,-0.017241806434506103,0.013363227812166938,-0.28186250788471684,0.02643325706815543,1.148,1.151,1.1776666666666666,0,17,4,1.1467679212611763,1.2063960037047234,59.374999999999986,-0.041582998780068214,-0.051413158599560985,1.2111401871139118,1.0908598128860882,0.01932299500065767,0.023683660730034212,0.03041995505802522,-118034344.0,-0.033255633146136006,0,0,-1,0,0,0.017857142857142672,-0.857888032371732,0.34119724430447007,0.37596645856378186,0.0,-0.025423728813559365,-0.1323737763695338,0.017391304347826105,0.0
2023-04-18,1.12,1.15,0.008733679968754631,0.0,-0.017857617400006236,0.3648042368509247,-0.02643325706815537,1.141,1.1469999999999998,1.1706666666666665,1,18,4,1.141901026486417,1.2008220679818382,48.38709677419358,-0.04088601204397091,-0.04930772928844297,1.2039764494357716,1.090023550564228,0.02055773835763505,0.023918910796827748,0.029529728853252415,-118443753.0,-0.9477600049626179,0,0,-1,0,0,0.0,-0.3805667388549042,0.3742888223923964,0.37970093759966406,-0.0344827586206895,-0.06666666666666654,0.8324221488950471,0.035714285714285546,0.0
2023-04-19,1.12,1.12,-0.02643325706815537,-0.017544309650909508,0.0,-0.3896940433601652,0.0,1.137,1.145,1.1653333333333333,2,19,4,1.1379190216707047,1.1956077410152681,40.740740740740755,-0.03987400235564431,-0.04742098390188324,1.2028564466752505,1.0871435533247495,0.01943541079816377,0.022843891676875925,0.02890234449241284,-118443753.0,-0.8642079296824237,0,0,-1,0,0,0.0,-0.807588863644105,0.33405559809983465,0.3626355381234718,-0.008849557522123686,-0.0344827586206895,0.2359257034297253,0.017857142857142672,0.0
2023-04-20,1.1,1.12,-0.008968669982760375,-0.008888947417245815,-0.009049835519917927,0.6746765158714306,-0.018018505502678365,1.134,1.1435,1.1586666666666665,3,20,4,1.1310246540942128,1.1894394996594446,27.999999999999986,-0.04022215428238973,-0.045981217977984545,1.2044659093764434,1.0825340906235565,0.01854901161857327,0.02246162128804541,0.028763279765193897,-118988160.0,-1.4270270203435296,0,0,-1,0,0,-0.008928571428571435,0.30278646897353856,0.3352321721861742,0.3565671838288948,-0.0350877192982455,-0.0265486725663715,1.2912216259459457,0.018181818181818195,0.0
2023-04-21,1.07,1.1,0.0,-0.008968669982760375,-0.04652001563489293,0.04167929408370912,-0.027651531330510123,1.126,1.1400000000000001,1.1546666666666665,4,21,4,1.1199292624407196,1.1817337254878677,26.92307692307692,-0.04242971315055333,-0.04527091701249831,1.2092820323087723,1.070717967691228,0.018550685813544153,0.023063204318094097,0.024953181569101462,-119555737.0,-2.0207259419881956,0,0,-1,0,0,0.009090909090909097,0.5862880234639846,0.36076179043641443,0.3661170183716879,-0.044642857142857206,-0.06140350877192968,1.2093744209937616,0.056074766355140235,0.0
2023-04-24,1.04,1.07,-0.009049835519917927,-0.009049835519917927,-0.009569451016150672,-0.35390483713285703,-0.028437935320533514,1.115,1.136,1.1503333333333332,0,24,4,1.1053966692696797,1.1725896141660699,24.137931034482747,-0.04606891496292609,-0.04543051660258387,1.2181808019634772,1.0538191980365226,0.0194664299805287,0.023528263503627574,0.025246322114364523,-119954143.0,-2.3363120754811835,0,0,-1,0,0,0.028037383177570117,-0.2274008003861384,0.18766591259006582,0.37349960407077487,-0.09565217391304337,-0.07142857142857151,1.6721070390717554,0.057692307692307744,0.0
2023-04-25,1.03,1.04,-0.06575137756278054,-0.05589717744748984,-0.029270382300113224,0.36006997648495537,-0.009661910911736859,1.1019999999999999,1.133,1.1446666666666665,1,25,4,1.0916881839479198,1.1633902842198718,25.92592592592591,-0.049192860371902514,-0.0461829853564476,1.2259289485279927,1.0400710514720073,0.018359638524425445,0.02293728530587792,0.024651320968783065,-120525230.0,-2.2167473458278404,0,0,-1,0,0,-0.009615384615384623,1.073616276982596,0.1896051399598579,0.36411811602173444,-0.0803571428571429,-0.05504587155963303,0.5200663667391475,0.029320388349514566,0.0
2023-04-26,1.07,1.03,0.019231361927887592,0.04676469388421725,0.019608471388376337,-0.35156471098939873,0.03809984623227038,1.096,1.1300000000000001,1.14,2,26,4,1.0877448777755707,1.1573651045927833,39.2857142857143,-0.047888910360452286,-0.04652417035724854,1.2271163165909968,1.0328836834090034,0.023484459832129295,0.02313407343026408,0.025812685131584957,-120123421.0,-1.2356317065172226,0,0,-1,0,0,0.019417475728155355,-0.14879196099237735,0.439289777124088,0.3672420306503142,-0.044642857142857206,-0.05309734513274322,1.8448293053552376,0.056074766355140235,0.0
2023-04-27,1.06,1.07,0.009478743954543739,0.0,0.020658913919073076,-0.4414758193931468,-0.009389740349839032,1.088,1.1244999999999998,1.1353333333333333,3,27,4,1.0827003545436487,1.151083484941636,33.33333333333333,-0.04711927533312843,-0.04664319135242452,1.2244947367077668,1.024505263292233,0.02297480680832029,0.021375810992183327,0.02581993379703169,-120381819.0,-1.2900679000435804,0,0,-1,0,0,-0.009345794392523372,-1.0928265110225022,0.43232194803609625,0.3393304797458276,-0.036363636363636376,-0.0940170940170939,1.637812820504208,0.03632075471698111,0.0
2023-04-28,1.11,1.06,0.0,0.0448505661653515,0.008051191963358406,0.9877706203215966,0.04609110720026709,1.0870000000000002,1.1195,1.1306666666666667,4,28,4,1.0876639264448034,1.1484329375260467,43.75000000000003,-0.04199070913983349,-0.045712694909906315,1.211145771147696,1.0278542288523038,0.02819924926448427,0.02277067861439282,0.02617128186170637,-119687958.0,-0.2073199860949321,0,0,-1,0,0,0.0,1.7089428380850102,0.5261831967483312,0.36147331678716144,0.03738317757009346,-0.0826446280991735,0.39528766172357643,0.07207207207207193,0.0
2023-05-01,1.14,1.11,0.018692133012152546,0.008733679968754631,0.018692133012152546,-0.36074475244194154,0.026668247082161055,1.086,1.117,1.1293333333333335,0,1,5,1.0971795761821117,1.1478888770404954,47.05882352941176,-0.03510091273038762,-0.04359033847400258,1.2031088662272371,1.0308911337727629,0.02822532477665873,0.023583659982248113,0.02479509460344413,-119204228.0,0.534207474972531,0,0,-1,0,0,-0.02702702702702705,0.42019451606373437,0.4254803654245877,0.3743789959064068,0.09615384615384603,-0.04201680672268915,-0.3014365614988378,0.06140350877192969,0.0
2023-05-02,1.11,1.14,0.06280090123903023,0.0,0.009216655104924048,-0.16939490340385696,-0.02666824708216118,1.085,1.113,1.1263333333333334,1,2,5,1.0995105623308186,1.1454444333604634,47.05882352941179,-0.03169607608218494,-0.041211485995639056,1.191967015104532,1.034032984895468,0.028248440727235577,0.024199233835202637,0.024981447040640474,-119612581.0,-0.07598109149823287,0,0,-1,0,0,0.008771929824561412,-0.06565829320767937,0.5048891930886124,0.3841509278774759,0.07766990291262132,-0.0672268907563024,-0.5457255330729565,0.0540540540540539,0.0
2023-05-03,1.12,1.11,-0.04445176257083369,-0.017632809142095245,-0.006904515346544487,-0.6336642356853458,0.008968669982760316,1.0850000000000002,1.1110000000000002,1.125,2,3,5,1.103235914634306,1.1438028570146273,47.05882352941179,-0.027869539379664854,-0.038543096672444224,1.1869223980598025,1.035077601940198,0.02841081128407876,0.023766788354828303,0.024355697318290726,-119395891.0,0.237084186748443,0,0,-1,0,0,-0.009009009009009016,-1.411145151503116,0.4603871928758826,0.37728606869748976,0.04672897196261694,-0.0344827586206895,0.10440056202782215,0.04232142857142847,0.0
2023-05-04,1.11,1.12,0.026907452919924187,0.0045035177003024994,0.016036998909817104,0.40948734325858,-0.008968669982760375,1.0859999999999999,1.1099999999999999,1.1243333333333334,3,4,5,1.1044657483371594,1.1416220275298126,48.48484848484848,-0.025351659748007904,-0.03590480928755696,1.1853937034980448,1.034606296501955,0.027910601767793985,0.023146240377804342,0.02394970271012944,-119722236.0,5.890269203469732e-15,0,0,-1,0,0,0.008928571428571237,-0.6465358659939142,0.4593190069924677,0.36743517495475203,0.04716981132075482,-0.017699115044247593,0.09819656187712959,0.03153153153153146,0.0
2023-05-05,1.11,1.11,-0.03603993648319669,-0.004415018209116943,-0.009132483563272587,0.2574411288885022,0.0,1.0900000000000003,1.108,1.1233333333333335,4,5,5,1.1054719759122213,1.1395818967214375,43.33333333333335,-0.023090054227501655,-0.0333418582755459,1.1810104534749986,1.0349895465250016,0.026086425609291267,0.02274301869339403,0.02388728931445494,-119722236.0,0.05478667518987202,0,0,-1,0,0,-0.018018018018018032,-0.030952992768183446,0.31587251628352103,0.3610342291536825,0.0,-0.03478260869565197,0.041519132660562695,0.03603603603603586,0.0
2023-05-08,1.08,1.11,-0.0469569830877711,-0.026907452919924156,-0.07622736538788437,0.8610752223550342,-0.027398974188114503,1.094,1.1045,1.122,0,8,5,1.1008407075645446,1.1357379033845705,43.333333333333314,-0.023448168942461045,-0.031363120408928934,1.175722409252868,1.033277590747132,0.025950242251999028,0.023439927890574423,0.024179994155305955,-120720953.0,-0.6879857128397675,0,0,-1,0,0,-0.06306306306306311,2.844926200581482,0.2530585759923868,0.37209731968648047,-0.05263157894736825,-0.060869565217391175,0.059786071717042276,0.0833333333333334,0.0
2023-05-09,1.05,1.08,0.01904819497069441,-0.027651531330510123,0.019608471388376337,-1.0513393629210408,-0.028170876966696335,1.096,1.0990000000000002,1.1206666666666665,1,9,5,1.0915969425528091,1.1302064257468563,39.39393939393938,-0.02585468994201645,-0.03026143431554644,1.1691577170665768,1.0288422829334236,0.027598576354560783,0.02390645193115984,0.024217222529287683,-121069974.0,-1.3968527497410246,0,0,-1,0,0,-0.018518518518518535,-0.6171078662516719,0.2589048388808071,0.37950315923861255,-0.05405405405405406,-0.09482758620689646,0.03218493268239042,0.038095238095238126,0.0
2023-05-10,0.952,1.05,-0.00947874395454377,-0.009389740349839032,-0.08085209662909502,1.3960029399440659,-0.09798040836020379,1.0842,1.0901,1.1147333333333334,2,10,5,1.06621568027048,1.1187092369889946,31.8627450980392,-0.03526316434403842,-0.03126178032124484,1.1846279685751349,0.9955720314248654,0.03787385082867988,0.030812936597287517,0.028501598306149643,-122479678.0,-2.921886550227355,0,0,-1,0,0,0.0,3.2297692881547935,0.5810430609712058,0.48914020440014133,-0.15000000000000013,-0.15752212389380527,-1.6561290299493443,0.11554621848739506,0.0
2023-05-11,0.9935,0.952,-0.06899287148695156,-0.04831857727080768,0.020834086902842053,-1.2040796882666311,0.04266902720050629,1.07755,1.082775,1.1088500000000001,3,11,5,1.052994647494029,1.110631221699382,40.88200238379022,-0.03892207546420923,-0.03279383934983772,1.1835219341353815,0.9820280658646185,0.04163619307224062,0.032736519875401784,0.028940932620824308,-122056812.0,-1.7722623674092999,0,0,-1,0,0,0.02941176470588238,-0.2446509732630374,0.7908435450102835,0.5196761422802179,-0.104954954954955,-0.12850877192982446,-0.3468978539111715,0.040261701056869686,0.0
2023-05-12,0.9798,0.9935,0.008939515038808828,-0.020000666706669543,-0.01904621241913079,-0.007231677979578546,-0.013885592787397108,1.06453,1.075765,1.1011766666666667,4,12,5,1.039686529767842,1.1021904977187769,42.534722222222214,-0.04243806479808421,-0.03472268443948702,1.184777394760245,0.9667526052397551,0.037276507639553286,0.032679586254784336,0.028009953010538633,-122476631.0,-1.760625481369518,0,0,-1,0,0,-0.004730749874182222,-0.264021620239664,0.7737491667413814,0.5187723490718642,-0.11729729729729732,-0.12517857142857147,-0.11870525208371784,0.03908961012451521,0.0
2023-05-15,1.06,0.9798,-0.016827687887814944,0.07770898432731632,0.018943114321199328,0.8445319641439543,0.07867571790163841,1.05653,1.071265,1.0968433333333332,0,15,5,1.0433798879918705,1.099468530124017,53.16856780735108,-0.03831141182834985,-0.03544042991725959,1.1746602920683047,0.9678697079316952,0.046504089942340024,0.03755641376914416,0.03224889935963352,-121499759.0,-0.21790160411864798,0,0,-1,0,0,-0.007654623392529038,1.5313111511870285,1.0724189785089737,0.5961895858115844,-0.01851851851851849,-0.07826086956521727,-0.13817442249026796,0.09443396226415102,0.0
2023-05-16,1.01,1.06,0.07688104433595759,-0.018868484304382805,0.03056230558263996,-0.6907301349255577,-0.04831857727080768,1.0465300000000002,1.065765,1.0908433333333332,1,16,5,1.037310817447894,1.0936963668902095,43.79395945386843,-0.03863028586256556,-0.03607840110632078,1.1699445873570746,0.9615854126429256,0.047947973389600114,0.03851061588696214,0.03321560496216261,-121989377.0,-1.0705552098006703,0,0,-1,0,0,-0.009433962264150952,-0.14454088883153907,1.1100843004461634,0.6113370748370096,-0.03809523809523818,-0.09821428571428581,0.06111134970344024,0.04950495049504955,0.0
2023-05-17,1.0,1.01,-0.019231361927887644,-0.019231361927887644,-0.04019718975141304,-0.24933903738092014,-0.009950330853168092,1.03453,1.059765,1.08551,2,17,5,1.0305270324573677,1.087651439994067,43.79395945386843,-0.0392376055661523,-0.03671024199828709,1.1646129455451968,0.9549170544548035,0.047558286348561914,0.0385140498186756,0.033010052530853665,-122370944.0,-1.1400318754789007,0,0,-1,0,0,0.01980198019801982,-0.5394878327777248,0.8140057991522972,0.6113915868130076,0.050420168067226934,-0.1071428571428572,0.5307416371073518,0.06940000000000002,0.0
2023-05-18,1.03,1.0,0.00966191091173689,0.056618893999507904,0.059999817047592746,1.1620770274914995,0.02955880224154443,1.02653,1.056265,1.0821766666666666,3,18,5,1.03043120837421,1.0839319922525144,41.368148467846346,-0.036873111253393764,-0.03674281584930843,1.1601265328253834,0.9524034671746168,0.04924174213255645,0.03915095592856359,0.03333205180273162,-121151240.0,-0.5057695430734284,0,0,-1,0,0,0.040000000000000036,1.9894180555440255,0.7848284656202273,0.6215021578645747,0.03673880221439352,-0.06363636363636371,0.7711116685041483,0.06796116504854374,0.0
2023-05-19,1.03,1.03,-0.019418085857101627,-0.027908788117076616,-0.009852296443011594,-1.2742962743864332,0.0,1.0185300000000002,1.054265,1.0781766666666668,4,19,5,1.0303528068516263,1.0804525088813843,37.30964467005079,-0.034600380823131216,-0.036314328844072985,1.158552543288011,0.949977456711989,0.04924174213255645,0.038717141555772314,0.03311732457668974,-121151240.0,-0.4653480029342965,0,0,-1,0,0,-0.009708737864077678,-0.6615059323462046,0.7663778850432598,0.6146155681911477,0.05123494590732802,-0.03738317757009346,0.5794606707465532,0.04854368932038839,0.0
2023-05-22,1.06,1.03,0.009756174945364656,0.0,0.0,0.6761891269001368,0.02871010588243136,1.01653,1.055265,1.075176666666667,0,22,5,1.035743205605876,1.0791329921793595,44.23165666820489,-0.030032282841322866,-0.035057919643522964,1.1593599824403618,0.9511700175596379,0.04982083228069032,0.038740684906095245,0.03363528100701816,-120480584.0,0.09097460586465692,0,0,-1,0,0,0.0,0.296682904385426,0.5064012845555173,0.6149893072910502,0.0,0.019230769230769162,-0.7602907182820297,0.047169811320754755,0.0
2023-05-23,1.06,1.06,-0.009756174945364685,0.01739499579701382,0.00985229644301164,-0.33354149869200767,0.0,1.01753,1.056765,1.0718433333333335,1,23,5,1.040153531859353,1.077898605587143,42.91450165328295,-0.026111040458523416,-0.033268543806523054,1.160189506414843,0.9533404935851568,0.04891191699149631,0.03865282072275434,0.03357588514880762,-120480584.0,0.06255770730051699,0,0,-1,0,0,-0.03773584905660381,-0.26747414289641613,0.29289880171634564,0.6135945066214312,0.04950495049504955,0.029126213592232997,0.38127971764729923,0.05528301886792451,0.0
2023-05-24,1.03,1.06,0.0,-0.02687373975155754,-0.004914014802429152,0.17305958525753212,-0.028710105882431367,1.02533,1.054765,1.06851,2,24,5,1.0383074351576524,1.0748083729686175,40.978800180424,-0.02513444268899656,-0.031641723583017756,1.1586578451049259,0.950872154895074,0.03790823867452892,0.03821207900238213,0.033637437893685014,-121051804.0,-0.4767412034002664,0,0,-1,0,0,-0.03773584905660381,-0.017793684726594913,0.38553369924193565,0.6065979487143375,0.030000000000000027,-0.03738317757009346,-0.4586124291427369,0.03398058252427198,0.0
2023-05-25,0.998,1.03,-0.009852296443011594,-0.02409755157906064,-0.024938948347252066,-0.1510126281445179,-0.031560804912217556,1.02578,1.051665,1.0637766666666666,3,25,5,1.0309788105835338,1.0698529940674164,38.22044594026083,-0.026635576143766215,-0.030640494095167448,1.1585568248107156,0.9447731751892845,0.03758864582432796,0.03876039786123478,0.033959525607488716,-121542960.0,-1.0040992394887125,0,0,-1,0,0,-0.019417475728155355,-0.30548672566951723,0.391397238109197,0.6153022407524824,-0.03106796116504862,-0.05849056603773595,0.48045269862801204,0.03507014028056104,0.0
2023-05-26,1.01,0.998,-0.028114301480839272,-0.004889985294191681,-0.008113634774169775,-0.16964539682677257,0.011952333523841173,1.0288,1.0466650000000002,1.06011,4,26,5,1.0271644813865277,1.0659915105791962,42.34805421950153,-0.026550873566804967,-0.02982256998949495,1.1514011049736392,0.9419288950263611,0.037339954236507114,0.037163745595925925,0.0339779273140267,-121128442.0,-0.70014060593963,0,0,-1,0,0,-0.016032064128256526,-0.499821845773507,0.41187682474456616,0.5899561718069516,-0.01941747572815533,-0.09009009009009017,0.08274073764081744,0.03762376237623766,0.0
2023-05-30,0.975,1.01,0.04772277286921567,0.009756174945364656,-0.02265802389258399,0.5959908663339988,-0.03526813883745799,1.0203,1.038415,1.0542766666666668,1,30,5,1.0176800302253408,1.0601210905418288,41.890138408304495,-0.028973959883239253,-0.02965284796824381,1.138066017903783,0.9387639820962173,0.02696481340869425,0.03700812264393846,0.03397977944582248,-121880721.0,-1.272741640456295,0,0,-1,0,0,0.01980198019801982,0.5095771379719365,0.33363664153470307,0.5874857340314361,-0.08018867924528306,-0.14473684210526305,0.7383514516252383,0.07179487179487186,0.0
2023-05-31,0.9654,0.975,-0.06001800972625304,-0.028559301908461038,-0.009734729096897128,0.036394324645559126,-0.009894947771454643,1.01584,1.031185,1.0491233333333334,2,31,5,1.0081745701843696,1.0540100524423561,51.79144385026739,-0.03130801372223213,-0.029983881119041475,1.1299461318218562,0.9324238681781438,0.02326972272639112,0.036741087604055735,0.03375971721419831,-122660883.0,-1.3322042545778419,0,0,-1,0,0,-0.0051282051282051325,0.5387489898228419,0.30960234909006384,0.5832466841902166,-0.08924528301886792,-0.13027027027027027,1.1990639588696548,0.052102755334576235,0.0
2023-06-01,1.01,0.9654,0.020408871631207033,0.01880312696309631,0.025238915632862343,-0.36875686467771973,0.045163086608912655,1.01684,1.025685,1.0454566666666667,3,1,6,1.0085064665144843,1.0511706942202688,52.18774860779634,-0.0292220671434118,-0.02983151832391554,1.1154637520331456,0.9359062479668543,0.02803384415704996,0.0384581285486595,0.03499769366984524,-122121328.0,-0.34941452503615017,0,0,-1,0,0,0.025481665630826555,-0.2694868368220186,0.531365417359337,0.6105038641722387,-0.01941747572815533,-0.09821428571428581,0.8291761201068738,0.044554455445544594,0.0
2023-06-02,1.01,1.01,0.020000666706669435,0.028987536873252406,0.02531780798429,0.34973746015711676,0.0,1.01484,1.020685,1.0424566666666668,4,2,6,1.0087780180573054,1.0485145203996062,54.15520088057237,-0.027254763503100632,-0.02931616735975256,1.1013703087833926,0.9399996912166075,0.02617026160648231,0.038455227621612575,0.03488527237449502,-122121328.0,-0.26485614695198023,0,0,-1,0,0,0.0,0.39876065854826626,0.4721846890390234,0.6104578133830124,0.012024048096192397,-0.09009009009009017,0.4516799328641074,0.04950495049504955,0.0
2023-06-05,1.01,1.01,0.00985229644301164,-0.028987536873252298,-0.016841017196026556,-0.8092392092467746,0.0,1.01284,1.015685,1.0404566666666666,0,5,6,1.0090001965923407,1.0460297126318898,41.17231638418078,-0.025402833146696224,-0.028533500517141295,1.0846015254095436,0.9467684745904564,0.02617026160648231,0.038455227621612575,0.03456463443461202,-122121328.0,-0.16498220031309593,0,0,-1,0,0,0.00990099009900991,-0.9796673072895696,0.46495851849908476,0.6104578133830124,0.0,-0.09009009009009017,0.8711508782810153,0.036336633663366404,0.0
2023-06-06,1.04,1.01,-0.019802627296179754,0.03373813963184999,0.0067906813425252155,1.2412934211402127,0.029270382300113237,1.0108400000000002,1.013685,1.0404566666666666,1,6,6,1.0146365244846425,1.0456406989137035,55.69908814589665,-0.021269237190576717,-0.02708064785182838,1.076822053102947,0.9505479468970529,0.026246155027867934,0.03875865559887787,0.03463443553913917,-120942193.0,0.8335834096372096,0,0,-1,0,0,-0.00990099009900991,1.655963307049639,0.37573080935145176,0.6152745831949923,0.06666666666666665,-0.03703703703703709,0.7388335207072919,0.062499999999999944,0.0
2023-06-07,1.04,1.04,0.01980262729617973,0.018779894651596275,0.02985296314968113,-1.3707492458091664,0.0,1.00884,1.013185,1.04079,2,7,6,1.0192480654874347,1.045276782854755,57.89889415481832,-0.0177882803908751,-0.02522217435963773,1.07526061688269,0.9511093831173102,0.026246155027867934,0.03824924628628232,0.03458126200384965,-120942193.0,0.8639463076355689,0,0,-1,0,0,-0.019230769230769246,-1.0794062481376492,0.34271654025635506,0.6071879610549832,0.0772736689455149,-0.00952380952380949,0.9280325928032285,0.05288461538461532,0.0
2023-06-08,1.08,1.04,0.028987536873252406,0.02298951822469878,0.009756174945364656,0.6901500617031654,0.03774032798284711,1.0138399999999999,1.019585,1.0411233333333334,3,8,6,1.0302938717624466,1.0475169904125126,59.4984802431611,-0.011667436398050679,-0.02251122676732032,1.0814932606578636,0.9576767393421364,0.027172695651676137,0.0321495961072158,0.0345672022893592,-120345181.0,1.9517589206352934,0,0,-1,0,0,0.009615384615384623,-0.03605344593523516,0.3003887632209506,0.5103590163051797,0.06930693069306937,0.13445378151260523,0.7290007547960254,0.06481481481481487,0.0
2023-06-09,1.01,1.08,0.02817087696669644,-0.002093098093191258,-0.019608471388376313,0.5061858238400677,-0.06701071028296031,1.01504,1.02041,1.0394566666666667,4,9,6,1.0266040768965472,1.0450965394181568,46.998799519807925,-0.012322986701130523,-0.020473578754082365,1.0812857803434075,0.9595342196565927,0.033516256023286776,0.03466244028922596,0.036559667133839624,-121335595.0,-0.3420079362030682,0,0,-1,0,0,0.0,1.2822746379857652,0.6428819241795519,0.550249181039506,0.0,0.016607951685958744,-1.269522342524174,0.08683168316831671,0.0
2023-06-12,1.05,1.01,-0.047402238894583906,0.011142933613109153,0.019414277776735867,0.11342813372175373,0.03883983331626396,1.01904,1.02392,1.0374566666666667,0,12,6,1.030857881097175,1.0454128917137597,48.54312354312355,-0.009505278400681716,-0.018279918683402233,1.0830057218552458,0.9648342781447542,0.03553357323972558,0.035478262467413375,0.03624092546641545,-120226221.0,0.8827851867120637,0,0,-1,0,0,0.01980198019801982,1.5090427738465817,0.6992890539501803,0.5631999566247156,0.03960396039603964,0.0716472749540722,-1.609902509013628,0.07638095238095242,0.0
2023-06-13,1.11,1.05,0.0474022388945839,0.017769117908820672,0.028904299494071934,0.3774833031751024,0.055569851154810786,1.03254,1.02642,1.0364566666666668,1,13,6,1.0452473572613248,1.0495798019257754,56.20039682539682,-0.0024030251350801723,-0.015104539973737821,1.0953453326036502,0.95749466739635,0.03615662430116212,0.032968017463303606,0.03744710579566816,-118608078.0,2.4252331281626316,0,0,-1,0,0,0.028571428571428595,2.5793692578353227,0.7745629280579048,0.523351052560415,0.06730769230769229,0.04716981132075482,-1.3732397454573608,0.06297297297297283,0.0
2023-06-14,1.13,1.11,0.018349138668196617,0.0045035177003024994,-0.004728141195946012,0.0749199051102791,0.017857617400006253,1.049,1.03242,1.0371233333333334,2,14,6,1.0606569286683567,1.0547682018015319,62.716174974567636,0.004784244803896387,-0.01112678301821098,1.1148885356318416,0.9499514643681581,0.03520632463420386,0.030924147359262074,0.03725552916257285,-116864047.0,2.3664782999329406,0,0,-1,0,0,-0.009009009009009016,2.329007362197401,0.7644262979655286,0.4909056205159334,0.08653846153846145,0.1188118811881187,-1.7930010845828313,0.07079646017699122,0.0
2023-06-15,1.15,1.13,0.03571808260207903,0.05568890586058863,0.05978791837897343,-0.22974473278504806,0.017544309650909525,1.0630000000000002,1.03992,1.0381233333333333,3,15,6,1.076901123455928,1.0609121887820783,69.93704092339978,0.01195621703752292,-0.0065101830070642,1.1361150124585033,0.9437249875414967,0.03364796419211268,0.03078877296769604,0.03735143119789132,-115478002.0,2.2886841466440138,0,0,-1,0,0,0.008849557522123902,1.3218461329477444,0.7427745908720662,0.48875661867211095,0.06481481481481466,0.1499999999999999,-1.5457168210637153,0.06956521739130422,0.0
2023-06-16,1.11,1.15,0.034486176071169404,-0.01680711831638129,-0.008968669982760375,0.7031754064972603,-0.03540192705091572,1.073,1.04392,1.0381233333333335,4,16,6,1.0829191010093957,1.0640791443445248,62.21896383186707,0.014248147225834229,-0.002358516960484514,1.144911747452306,0.9429282525476939,0.03685302173667999,0.03168776222005162,0.03789607706882295,-118278031.0,1.308621776867595,0,0,-1,0,0,0.026086956521739157,3.0959469321944924,0.5483711056258963,0.5030276306304274,0.0990099009900991,0.07766990291262132,-1.0008239911387222,0.06306306306306292,0.0
2023-06-20,1.02,1.11,-0.07933674223652096,-0.07933674223652096,-0.08455738802806312,-1.1293749742537718,-0.08455738802806312,1.074,1.04342,1.0351233333333334,1,20,6,1.0714792644622328,1.061235328580362,54.847048685911254,0.008701959798148584,-0.00014642160875789467,1.1448001932321408,0.9420398067678593,0.04687853756766521,0.03699845264666607,0.04073275181590886,-119183099.0,-0.462023187238809,0,0,-1,0,0,-0.018018018018018032,-0.0277053232118347,0.8541809716663353,0.5873322275836675,-0.02857142857142858,-0.009708737864077666,-0.579831810254194,0.06862745098039222,0.0
2023-06-21,1.02,1.02,-0.06637506894487269,-0.027908788117076616,-0.019802627296179754,-0.24564367193837364,0.0,1.0719999999999998,1.04142,1.0331233333333334,2,21,6,1.0621193981963724,1.0585749848009838,56.00527936647602,0.004257488624911598,0.000734360437976004,1.1430010094187055,0.9398389905812946,0.04585774750272777,0.03636659784755221,0.04045818478852522,-119183099.0,-0.4217323714850909,0,0,-1,0,0,0.0,-0.35874377572464183,0.6705539964213046,0.5773018436047199,-0.08108108108108114,-0.037735849056603765,-1.1052114131324773,0.058823529411764754,0.0
2023-06-22,1.02,1.02,0.019418085857101516,-0.019048194970694474,0.004987541511038968,-1.097615532982717,0.0,1.07,1.03942,1.0321233333333333,3,22,6,1.054461325797032,1.0560862761041463,51.21951219512195,0.0007268347014361964,0.0007328552906680425,1.14103582139969,0.9378041786003098,0.04585774750272777,0.03636659784755221,0.040143295656559316,-119183099.0,-0.38222394372259066,0,0,-1,0,0,0.01960784313725492,-1.1014290662480828,0.6234647790698418,0.5773018436047199,-0.09734513274336276,-0.037735849056603765,-1.15777749303183,0.03431372549019622,0.0
2023-06-23,1.01,1.02,-0.019418085857101627,-0.009661910911736859,-0.01888364670315033,1.271756903784038,-0.009852296443011594,1.0630000000000002,1.03842,1.0340566666666666,4,23,6,1.0463774483793897,1.053112967968395,50.0,-0.002845350961701909,1.7214040194052176e-05,1.1408167844930848,0.9360232155069151,0.04373673992332129,0.03587522595097827,0.03615822165100808,-120025712.0,-0.5550955557968561,0,0,-1,0,0,0.0,-0.13543730908121063,0.5454007527039325,0.5695015565672351,-0.12173913043478257,-0.01941747572815533,-1.4452085409827315,0.043366336633663426,0.0
2023-06-26,1.01,1.01,-0.019802627296179754,0.00966191091173689,0.013896105192111369,-0.6549923111907979,0.0,1.0630000000000002,1.03902,1.0346066666666667,0,26,6,1.0397633668558643,1.0503314861639825,50.0,-0.005611646270864856,-0.0011085580220177296,1.1405565653649077,0.9374834346350924,0.03850996534880385,0.03514068844780471,0.035320572295444615,-120025712.0,-0.5716167352264947,0,0,-1,0,0,-0.00990099009900991,-0.7941915784647233,0.5622714969679684,0.5578411351949498,-0.09009009009009017,0.012024048096192397,-2.1594829650152008,0.03960396039603964,0.0
2023-06-27,1.04,1.01,0.01980262729617973,0.009569451016150672,0.009950330853168092,-0.20318882306992125,0.029270382300113237,1.062,1.04052,1.0366133333333332,1,27,6,1.039806391063889,1.049664938669532,50.0,-0.005321858877521013,-0.0019512181931183865,1.1411336456205095,0.9399063543794904,0.03751237541421347,0.035646181983842305,0.035577707529666526,-119668501.0,-0.010336570090326893,0,0,-1,0,0,0.00990099009900991,-0.9174247332748894,0.23801029464172763,0.5658655963091866,0.019607843137254832,0.02970297029702973,1.7570204482238982,0.03846153846153849,0.0
2023-06-28,1.04,1.04,0.028987536873252406,0.0,0.00985229644301164,0.05218228941867439,0.0,1.0550000000000002,1.0437699999999999,1.0359466666666668,2,28,6,1.0398415926886364,1.0490413942392396,50.0,-0.005034169508063346,-0.002567808456107379,1.139555837876384,0.9479841621236159,0.03168821429058746,0.03459348281680951,0.03227593829107834,-119668501.0,-0.0787172735256581,0,0,-1,0,0,0.009615384615384623,-0.8403584457598391,0.23801029464172763,0.549154515101185,0.019607843137254832,0.06666666666666665,1.7570204482238982,0.028846153846153872,0.0
2023-06-29,1.04,1.04,-0.019231361927887644,-0.009569451016150672,-0.019802627296179754,0.07627270620015168,0.0,1.046,1.0475,1.0369466666666667,3,29,6,1.0398703940179752,1.0484580784818693,44.73684210526315,-0.004751402400846816,-0.0030045272450552668,1.1359664670387166,0.9590335329612835,0.030664971541595264,0.03445870827453562,0.03102999722013021,-119668501.0,-0.16955577070163205,0,0,-1,0,0,-0.009615384615384623,-0.7513328850690782,0.23801029464172763,0.5470150355696692,0.019607843137254832,0.0772736689455149,1.7570204482238982,0.03846153846153849,0.0
2023-06-30,1.05,1.04,0.00966191091173689,0.009569451016150672,0.009950330853168092,-0.30267255124087106,0.009569451016150672,1.036,1.0495,1.0386133333333334,4,30,6,1.0417121405601615,1.0485575572894907,56.250000000000014,-0.0036779933863511083,-0.0031392204733144352,1.136187581826602,0.962812418173398,0.030017015752534595,0.03306029443082157,0.03098842272839093,-119368403.0,0.011535677647579934,0,0,-1,0,0,0.0,-0.887312443407343,0.20476507008604167,0.5248159040071654,0.03960396039603964,0.03960396039603964,1.7400915377667385,0.038095238095238126,0.0
2023-07-03,1.07,1.05,0.009569451016150672,0.03738753207162041,0.03883983331626396,-0.09289522133838514,0.018868484304382736,1.032,1.0524999999999998,1.0399466666666666,0,3,7,1.0468553877310411,1.0499409406901687,53.33333333333334,-0.0011996473677422514,-0.002751305852199999,1.1375696309272678,0.9674303690727317,0.029631146754461383,0.03325905623316487,0.030711651226663122,-119094927.0,0.4114276695278545,0,0,-1,0,0,0.0,-0.872137679028729,0.20332643176699097,0.5279711498020014,0.05940594059405946,0.05940594059405946,0.6091674313231683,0.03738317757009349,0.0
2023-07-05,1.04,1.07,0.02817087696669644,-0.009216655104924063,-0.019231361927887644,-0.028849777525065224,-0.028437935320533514,1.034,1.054,1.04028,2,5,7,1.0456089535981246,1.0492995896778998,37.03703703703702,-0.0016374144771769128,-0.002528527577195382,1.1369457654183648,0.9710542345816354,0.015554989860660073,0.033993816358171766,0.031189096097495678,-119360626.0,-0.33756997549872103,0,0,-1,0,0,0.009345794392523372,-0.8739440969787506,0.2796442226110535,0.5396351051863313,0.0,0.02970297029702973,-1.1209220314841652,0.04807692307692312,0.0
2023-07-06,1.01,1.04,-0.06701071028296031,-0.037740327982847086,-0.07874904643231626,1.379158471422673,-0.029270382300113224,1.0330000000000001,1.0525,1.0386133333333334,3,6,7,1.0391345983984654,1.0467641322793257,28.571428571428584,-0.004354896805341735,-0.0028938014228246526,1.137569630927268,0.9674303690727319,0.01839360236540068,0.0340057433152566,0.031169363312539902,-120415865.0,-0.999181483139058,0,0,-1,0,0,-0.028846153846153872,0.3349950758205949,0.34726580457983935,0.5398244397603965,-0.028846153846153855,-0.028846153846153855,-0.19633045059034218,0.0871287128712872,0.0
2023-07-07,1.07,1.01,-0.009950330853168092,0.028437935320533625,0.04919024419077178,-0.8896376847567261,0.05770831762064677,1.0379999999999998,1.0539999999999998,1.0389466666666667,4,7,7,1.0447464895987444,1.0482632205193694,37.50000000000002,-0.0016480251615353936,-0.0026446461705668008,1.1391994563906331,0.9688005436093665,0.026499370634478322,0.03658544918356065,0.033072805780233125,-119982368.0,0.375589250866611,0,0,-1,0,0,-0.00990099009900991,-0.62757138474501,0.5836997780619225,0.5807760008597553,0.028846153846153966,0.028846153846153966,0.5783245025614439,0.0654205607476636,0.0
2023-07-10,1.06,1.07,0.03922071315328133,0.01851904776723753,0.03922071315328133,-0.1405233677877882,-0.009389740349839032,1.043,1.0530000000000002,1.0399466666666668,0,10,7,1.0475198551262452,1.049020432098765,41.379310344827594,-0.0003061966638349123,-0.002176956269220423,1.1373800924438842,0.968619907556116,0.026471106192209583,0.035631726119299295,0.032675410001668154,-120359035.0,0.16591591208922077,0,0,-1,0,0,-0.028037383177570117,-0.691348747341571,0.5922452396600834,0.5656361165737832,0.00952380952380949,-0.01851851851851849,1.0334013286073385,0.047169811320754755,0.0
2023-07-11,1.06,1.06,0.028437935320533625,-0.009216655104924063,0.009569451016150672,-0.7192503880942118,0.0,1.048,1.0554999999999999,1.0420133333333335,1,11,7,1.0497889723760188,1.0497287913181996,60.0,0.0007485828903617264,-0.0015918484373039935,1.137443497868614,0.9735565021313857,0.026471106192209583,0.03224392506220565,0.03209552216330719,-120359035.0,0.10983177718909042,0,0,-1,0,0,0.009433962264150952,-0.9041781822513648,0.5737538514203327,0.511856442043194,-0.009345794392523366,0.04950495049504955,1.6254999259284044,0.028301886792452855,0.0
2023-07-12,1.09,1.06,0.00930239266231363,0.03636764417087479,0.02817087696669644,0.6436339281384961,0.027908788117076658,1.0530000000000002,1.0575,1.04468,2,12,7,1.0571000683076517,1.0523269338137997,65.21739130434783,0.003959608661993297,-0.0004815570174445355,1.1408192970685431,0.974180702931457,0.026330067957891334,0.03166087966160409,0.032398012273356,-120009800.0,0.780131401571083,0,0,-1,0,0,0.018867924528301903,-0.5985455038351075,0.5475636790314447,0.5026008832448835,0.04807692307692313,0.03809523809523818,0.6218582657781042,0.03669724770642205,0.0
2023-07-13,1.16,1.09,0.03636764417087479,0.043675063502661426,0.018349138668196617,1.2560296767142884,0.06224230887722079,1.065,1.06,1.0508466666666667,3,13,7,1.0758091467971695,1.0592735832451674,73.33333333333331,0.012014291432792756,0.0020176126726029232,1.1524519790047285,0.9675480209952716,0.032158015791755847,0.03233781119291877,0.03344188479050696,-118783478.0,2.1632852228049186,0,0,-1,0,0,0.027522935779816536,0.7551855878352906,0.5310076699191585,0.5133468381637443,0.14851485148514842,0.04504504504504481,-0.027602135676500817,0.06034482758620676,0.0
2023-07-14,1.1,1.16,0.008888947417245774,-0.018895346692035558,-0.01834913866819654,-0.24625493880883534,-0.05310982531394829,1.071,1.0585,1.0553333333333335,4,14,7,1.0802074837431386,1.0619010940035438,62.857142857142875,0.013401700538886008,0.00429443024585954,1.1470616050869396,0.9699383949130604,0.037856661694025226,0.03430044468174185,0.034980012629874255,-119742122.0,0.9372007194146986,0,0,-1,0,0,-0.025862068965517265,0.43308163440629815,0.6869330652271719,0.5445026789209018,0.028037383177570208,-0.0265486725663715,0.02950441892401861,0.06190909090909075,0.0
2023-07-17,1.08,1.1,-0.05455898425043425,-0.01589076939338004,-0.037740327982847086,-0.41243981744253005,-0.01834913866819654,1.074,1.0550000000000002,1.0576666666666668,0,17,7,1.0801697594262043,1.0630687653581539,59.459459459459474,0.01274053444777512,0.005983651086242657,1.1332707850370243,0.9767292149629762,0.0385965249782463,0.034221232804793486,0.03433140494375551,-120376776.0,0.6388079533934478,0,0,-1,0,0,-0.027272727272727296,-0.0367607770315485,0.7022965525732691,0.5432452293571737,0.018867924528301883,-0.060869565217391175,0.1753398294615005,0.08333333333333319,0.0
2023-07-18,1.04,1.08,0.0,-0.04989697114462304,-0.019418085857101627,-0.6745209357205307,-0.037740327982847086,1.0710000000000002,1.0515,1.0586666666666666,1,18,7,1.072866166803258,1.0615804579156924,50.0,0.008886452359893049,0.006564211340972736,1.1255625624639956,0.9774374375360046,0.04012814036728803,0.034336422679287694,0.035093418579731285,-120700069.0,-0.3105482612916789,0,0,-1,0,0,-0.009259259259259267,-0.678533783121786,0.7638485605451412,0.5450738119259602,-0.018867924528301883,-0.06306306306306309,0.6454623835087144,0.05288461538461532,0.0
2023-07-19,1.06,1.04,-0.028437935320533514,0.004640379556502301,0.019418085857101516,0.4176691857604344,0.01904819497069441,1.073,1.0535,1.0603333333333333,2,19,7,1.0705268637481202,1.0614784928888736,52.50000000000001,0.00736104385958769,0.006723577844695726,1.1261273835611862,0.9808726164388138,0.039515882238912295,0.029229289538355803,0.035238981287273825,-120209175.0,0.1789958465053036,0,0,-1,0,0,0.0,-0.07062323838018955,0.7429450442198672,0.46400058670554833,-0.02752293577981657,0.03921568627450989,0.8161153351899539,0.03773584905660381,0.0
2023-07-20,1.04,1.06,0.01904819497069441,-0.01869213301215252,-0.009661910911736859,-0.5199882468909481,-0.019048194970694474,1.076,1.0545,1.0603333333333333,3,20,7,1.0649765248848255,1.0600927836702367,50.0,0.004486595104538527,0.006276181296664287,1.125722409252887,0.983277590747113,0.03875213492935769,0.029610366243206503,0.0350478533240151,-120501025.0,-0.40717521780301724,0,0,-1,0,0,0.0,-0.6733606107279851,0.4223680135826055,0.47004999185439783,-0.10344827586206884,0.019607843137254832,0.7677021862003998,0.028846153846153872,0.0
2023-07-21,1.04,1.04,-0.028710105882431367,0.009389740349839137,-0.014670189747793855,0.4196431476264978,0.0,1.073,1.0554999999999999,1.0603333333333333,4,21,7,1.06043533854213,1.0587964750463505,48.78048780487804,0.0021834048251747618,0.005457626002366382,1.1252287979531856,0.985771202046814,0.033435388174741676,0.029610366243206503,0.0350478533240151,-120501025.0,-0.4445795841886203,0,0,-1,0,0,-0.009615384615384623,-0.19777363087196914,0.33920087619676964,0.47004999185439783,-0.054545454545454564,0.019607843137254832,0.4395772544107866,0.05288461538461554,0.0
2023-07-24,1.09,1.04,0.0,0.053939323273672624,0.01467018974779384,0.21804891124042683,0.04695698308777108,1.076,1.0595,1.0606666666666666,0,24,7,1.0658107315344698,1.0608096056885217,52.27272727272727,0.004342632898890697,0.005234627381671245,1.1273931048417194,0.9916068951582808,0.03685469854784921,0.031242892651058663,0.035447744621126875,-119948813.0,0.8984712091487137,0,0,-1,0,0,-0.009615384615384623,0.23436776744801072,0.5254767386968645,0.49596554515793234,0.0092592592592593,0.07920792079207928,0.35230658517701796,0.0911009174311926,0.0
2023-07-25,1.1,1.09,0.09265883048270476,0.026822033370785682,0.0474022388945839,0.8142238413062596,0.009132483563272474,1.08,1.064,1.0636666666666668,1,25,7,1.0720269621645662,1.063338018224746,57.14285714285715,0.00678256790936449,0.005544215487209895,1.1299824538143612,0.9980175461856389,0.03687478895752101,0.03124412480290304,0.03322058192873872,-118702237.0,1.091199187629018,0,0,-1,0,0,0.03669724770642185,2.2057405179765475,0.39347515663841515,0.4959851049620785,0.05769230769230771,0.08910891089108919,0.5387437141972828,0.07272727272727258,0.0
2023-07-26,1.12,1.1,-0.026907452919924156,-0.01739174271186922,0.018349138668196617,-1.1488398197618264,0.01801850550267843,1.083,1.068,1.066,2,26,7,1.0807493326800997,1.0669936299521818,63.41463414634148,0.01021234527757775,0.006477841445283466,1.1374641141794277,0.9985358858205724,0.03627750179075871,0.030863479582640106,0.032640367988500486,-118307067.0,1.497175933624739,0,0,-1,0,0,0.0,-0.4121167128726468,0.3922491688319659,0.48994254941871174,0.05660377358490565,0.0769230769230771,0.58177108482171,0.035714285714285546,0.0
2023-07-27,1.08,1.12,0.03571808260207903,0.008733679968754631,-0.01834913866819654,-0.0659103484538744,-0.03636764417087483,1.075,1.0699999999999998,1.065,3,27,7,1.080613090374627,1.0678327506004281,51.28205128205128,0.009592229594239665,0.007100719075074706,1.1383643489793038,1.0016356510206958,0.031016359397624937,0.03212431667716762,0.03168548173123395,-118677031.0,0.2925501419761209,0,0,-1,0,0,0.017857142857142672,-0.4884101796873143,0.4818986018648599,0.509957717794022,0.03846153846153855,0.03846153846153855,-0.2680724575816542,0.06481481481481466,0.0
2023-07-28,1.16,1.08,-0.01769957709940075,0.017241806434506173,0.028389474471697557,1.326744224208676,0.07145896398214485,1.081,1.076,1.066,4,28,7,1.0950470739428766,1.0737790247552392,60.8695652173913,0.015378837197387973,0.00875634269953736,1.153703891393415,0.9982961086065852,0.03585371882029343,0.03588595140383493,0.034351297115483986,-117282728.0,2.1620538815670836,0,0,-1,0,0,0.03703703703703707,2.166312201348878,0.6592630530194564,0.5696718178529787,0.1153846153846152,0.1153846153846152,-0.29765375796656807,0.05077586206896548,0.0
2023-07-31,1.2,1.16,0.02643325706815543,0.041847109935500504,0.034411426767332755,0.3174796194926559,0.033901551675681416,1.0930000000000002,1.0835,1.0676666666666668,0,31,7,1.1141294241350808,1.0819223134807077,64.0,0.022928129909856043,0.011590700141601098,1.1778174929401826,0.9891825070598173,0.03579222772719321,0.036441438827838714,0.03475941469287473,-115367428.0,2.470379488858674,0,0,-1,0,0,-0.008620689655172422,2.6481754919409877,0.6329098215975281,0.5784899073350062,0.10091743119266039,0.1428571428571428,-0.09088435617283565,0.05833333333333339,0.0
2023-08-01,1.17,1.2,0.0425596144187959,-0.0086438076772203,0.0,-1.0668832513049105,-0.025317807984289897,1.106,1.0885000000000002,1.0696666666666668,1,1,8,1.124287710655975,1.0876047448690491,57.99999999999999,0.026188366309540356,0.01451023337518895,1.19012366073848,0.9868763392615205,0.03415626003570666,0.03702190704739597,0.03444690055541021,-116026443.0,1.603957177054138,0,0,-1,0,0,0.0,-0.04141927618623675,0.7114930008914958,0.5877045546525558,0.06363636363636349,0.09345794392523343,0.2890029076747644,0.05085470085470095,0.0
2023-08-02,1.1,1.17,-0.06010392406970544,-0.051489131756122235,-0.04445176257083369,-0.07691036072119971,-0.06169356900533978,1.1099999999999999,1.0915,1.0723333333333334,2,2,8,1.1198717632639794,1.0884044387484655,44.00000000000001,0.022860194072147344,0.016180225514580628,1.1906065349207344,0.9923934650792654,0.040878500213938226,0.0391422671985389,0.03285411871413802,-116636673.0,0.17153258373523972,0,0,-1,0,0,-0.03418803418803422,-0.18711725969741777,0.8740830538793803,0.6213642285514489,-0.017857142857142905,0.05769230769230771,0.6474269219592322,0.04436363636363632,0.0
2023-08-03,1.14,1.1,-0.017857617400006236,0.018285829497841903,0.009049835519917856,-0.5919415901531272,0.03571808260207903,1.1199999999999999,1.098,1.0763333333333334,3,3,8,1.1235314426705285,1.0917331846356613,54.16666666666664,0.023183019879635447,0.017580784387591593,1.191493596745529,1.0045064032544713,0.04110731166740822,0.03901917547722577,0.03340437874107331,-116299062.0,0.8984572518760956,0,0,-1,0,0,0.009090909090909097,-0.7088733909603846,0.850459778641766,0.6194102080531765,0.05555555555555536,0.1287128712871286,-0.42507445707918584,0.05263157894736828,0.0
2023-08-04,1.17,1.14,0.017857617400006253,0.041847109935500504,0.017857617400006253,1.3251596843635836,0.025975486403260736,1.1330000000000002,1.1030000000000002,1.0813333333333333,4,4,8,1.1319802712758869,1.0967826565946508,59.18367346938774,0.025564914516503556,0.019177610413373986,1.200786017732569,1.0052139822674313,0.041239478969763474,0.037335983001057615,0.0336336714509419,-115028704.0,1.3703390638779331,0,0,-1,0,0,-0.008771929824561412,1.2087786867804349,0.6817722585340948,0.5926903558496007,0.008620689655172376,0.09345794392523343,-0.9317516871215588,0.076923076923077,0.0
2023-08-07,1.16,1.17,0.05173567439918889,-0.016529301951210582,0.001503294265509593,-1.1338989324544189,-0.008583743691391442,1.14,1.108,1.0863333333333334,0,7,8,1.1370747674075437,1.100861194878867,63.04347826086956,0.026342012428391515,0.020610490816377492,1.2067500832820135,1.0092499167179867,0.03968715872295597,0.0373200998407476,0.03361520875098494,-115437475.0,1.0531636687636332,0,0,-1,0,0,0.01709401709401711,-0.6268880088992943,0.6201198157500043,0.5924382184963163,-0.033333333333333326,0.09433962264150941,-0.35312802372840973,0.058879310344827615,0.0
2023-08-08,1.13,1.16,-0.042925044717034,-0.04255961441879601,-0.04675988585363044,0.14068761966100307,-0.026202372394024072,1.143,1.1115,1.0903333333333334,1,8,8,1.1357884460607175,1.1027411177899078,57.44680851063829,0.02425749355675544,0.021339891364453082,1.2080237903633047,1.0149762096366952,0.04099400887367426,0.03795158819459795,0.034080729737368025,-115907997.0,0.38332518709362823,0,0,-1,0,0,-0.017241379310344845,-0.5403163086899184,0.6217995661311553,0.6024627853370458,-0.03418803418803418,0.06603773584905648,-0.33493958658184314,0.061946902654867124,0.0
2023-08-09,1.09,1.13,0.01739174271186924,0.008658062743114531,0.0,0.18562906807929422,-0.03603993648319669,1.1400000000000001,1.1115,1.092,2,9,8,1.127463274049678,1.101919110190559,55.102040816326536,0.019157001636735504,0.020903313418909567,1.2080237903633047,1.0149762096366952,0.04233371019895695,0.03846391204529141,0.03447819324338314,-116474494.0,-0.44548602824394423,0,0,-1,0,0,0.02654867256637171,-0.3593287171829009,0.5019713011195157,0.6105956743350172,-0.00909090909090915,0.0,0.27872686749495695,0.07339449541284389,0.0
2023-08-10,1.08,1.09,-0.06224230887722078,-0.03518060951176253,0.0,-0.6402329501725119,-0.009216655104924063,1.1400000000000001,1.1075,1.0933333333333335,3,10,8,1.1188335878588274,1.1005049740492325,54.00000000000001,0.01414485552689948,0.01955162184050755,1.2021739557405997,1.0128260442594001,0.04078257669051395,0.0354690566614666,0.03453843230724503,-116773134.0,-0.5809411846136014,0,0,-1,0,0,0.0,-0.8631432820665278,0.3737160161474641,0.5630538189857971,-0.05263157894736825,-0.06896551724137923,0.9922231433418041,0.03694444444444428,0.0
2023-08-11,1.05,1.08,-0.018519047767237527,-0.042035636600178505,-0.047402238894583906,0.649456002207376,-0.028170876966696335,1.129,1.105,1.0936666666666668,4,11,8,1.1063183900663134,1.0972465886267013,45.83333333333333,0.007663603098658989,0.017174018092137838,1.2030869646406455,1.0069130353593545,0.032261923493409166,0.034115052878811544,0.0349589884104213,-117344880.0,-1.1214538078836391,0,0,-1,0,0,-0.009259259259259267,-0.20654953865120865,0.18969734928148502,0.541559675286921,-0.10256410256410242,-0.045454545454545525,0.18971809851953483,0.04171428571428577,0.0
2023-08-14,1.07,1.05,0.03670136685042796,0.03315625631791069,-0.009756174945364685,0.15878882451162218,0.018868484304382736,1.116,1.1045,1.0943333333333334,0,14,8,1.0997150464178926,1.0954887441991723,46.93877551020408,0.004093805861733468,0.014557975646056966,1.203223430807028,1.005776569192972,0.030232277864252866,0.03418829959036975,0.035082225925029055,-116674742.0,-0.6989222258176225,0,0,-1,0,0,0.05714285714285719,0.013149453094043218,0.34479616369055527,0.5427224307857387,-0.0775862068965516,-0.0092592592592593,1.3227845990850564,0.08411214953271035,0.0
2023-08-15,1.04,1.07,-0.055569851154810765,-0.043547175927730476,0.0,-0.518324269046415,-0.028437935320533514,1.103,1.1045000000000003,1.0933333333333333,1,15,8,1.088857765251003,1.0919088252185807,41.99999999999998,-0.0011428592767321888,0.011417808661499135,1.2032234308070282,1.0057765691929723,0.030403489690888255,0.03373011606657275,0.035309627257913194,-117073821.0,-1.3066806830503432,0,0,-1,0,0,-0.018691588785046745,-0.6157776393131105,0.3491013648219872,0.5354489928329741,-0.07964601769911495,0.0,1.3416829678098647,0.04105769230769227,0.0
2023-08-16,1.02,1.04,-0.028987536873252298,-0.021592126243231077,-0.009852296443011594,0.06965067016967308,-0.019418085857101627,1.095,1.1025,1.0926666666666667,2,16,8,1.0763381715690024,1.0872695461722208,43.74999999999999,-0.006828077156991741,0.00776863149780096,1.206498987853347,0.998501012146653,0.025520216941502884,0.03370462697768122,0.03510753594249732,-117501687.0,-1.5865539021655946,0,0,-1,0,0,-0.019230769230769246,-0.5407411880232932,0.3099604786782,0.5350443660908584,-0.06422018348623859,-0.037735849056603765,1.4697705177444944,0.029411764705882377,0.0
2023-08-17,1.02,1.02,0.03846628082779614,0.01904819497069441,0.00985229644301164,-0.6802961539062712,0.0,1.0829999999999997,1.1015000000000001,1.093,3,17,8,1.0660948676473656,1.0829295754514325,32.5,-0.011204494844864632,0.003974006229267841,1.20837424977044,0.9946257502295603,0.020766334793566738,0.03345267093463925,0.03468432097425465,-117501687.0,-1.5251569049618179,0,0,-1,0,0,0.03921568627450984,-1.005293079285632,0.3236971265161265,0.5310446879036048,-0.05555555555555558,-0.019230769230769273,0.9450501264553428,0.03921568627450984,0.0
2023-08-18,0.9909,1.02,-0.04831857727080768,-0.03357629553360444,-0.04235503176669125,1.5538500770711643,-0.028944285213463136,1.06509,1.099045,1.0903633333333334,4,18,8,1.0524230735296627,1.0769921834868241,23.130300693908993,-0.016826993092117215,-0.00018619363500916968,1.213830446999791,0.9842595530002091,0.016699406372470468,0.03403598234496428,0.0332562261441893,-118526601.0,-1.8842981027062948,0,0,-1,0,0,-0.00980392156862746,0.7499015643418332,0.3261569383589621,0.540304469475363,-0.05628571428571427,-0.04721153846153847,0.9292705020014964,0.04773438288424654,0.0
2023-08-21,1.03,0.9909,-0.030153038170687558,0.024097551579060524,0.002349697152991949,-0.930939206711243,0.038700460158827915,1.0520900000000002,1.0960450000000002,1.0893633333333335,0,21,8,1.048346151069724,1.0739604297134806,32.42089402310397,-0.01792123538734791,-0.003733201985476918,1.2148902948420757,0.9771997051579246,0.024342987341350163,0.03341935484237705,0.03406959379438147,-118122597.0,-1.1114449265789168,0,0,-1,0,0,-0.01100010091835707,-0.6198875552504902,0.45338094437225057,0.5305158113349111,-0.03738317757009346,-0.05504587155963303,1.468813965087477,0.06796116504854374,0.0
2023-08-22,1.03,1.03,0.040005334613699206,-0.019231361927887644,0.02020270731751947,-1.0248772607168684,0.0,1.04209,1.0925449999999999,1.0883633333333333,1,22,8,1.045010487238865,1.0711242729577721,39.335770871419854,-0.018574317124211204,-0.006701425013223776,1.2149689996285342,0.9701210003714656,0.02402528450041741,0.033316372558380394,0.03406959379438147,-118122597.0,-1.0217767788959253,0,0,-1,0,0,-0.009708737864077678,-1.0859027807221773,0.41448785104238783,0.5288810182575077,-0.009615384615384581,-0.06363636363636371,1.046565181665636,0.029126213592233035,0.0
2023-08-23,1.06,1.03,0.0,0.056618893999507904,0.009950330853168092,1.4604694617472516,0.02871010588243136,1.03909,1.089545,1.0873633333333332,2,23,8,1.047735853195435,1.0704065779282386,37.42928975487118,-0.016481155326891095,-0.00865737107595724,1.2120767741855045,0.9670132258144954,0.024789557496754416,0.03376527960598377,0.03409386373284728,-117498056.0,-0.48224226240731416,0,0,-1,0,0,-0.009708737864077678,-0.03335417126896954,0.4273153743184962,0.5360071967159643,0.03921568627450989,-0.0535714285714286,-0.19872617462196066,0.07547169811320761,0.0
2023-08-24,1.01,1.06,0.04785602117763514,-0.018519047767237527,0.0,-0.6994387369733766,-0.04831857727080768,1.03209,1.086045,1.0823633333333333,3,24,8,1.0408747889780832,1.0665093793522233,26.345357776463644,-0.01864199830247326,-0.010654296521260445,1.2136199270069832,0.9584700729930167,0.02855071921212461,0.034453659479813284,0.03286002875772443,-117808368.0,-1.1921621557476936,0,0,-1,0,0,0.009433962264150952,-0.7352049952569433,0.5851081721401615,0.5469348884381338,-0.009803921568627416,-0.06481481481481488,-0.15657505473100106,0.05940594059405946,0.0
2023-08-25,1.01,1.01,-0.05770831762064673,-0.038099846232270404,-0.009950330853168092,0.26996140460541224,0.0,1.02809,1.078545,1.0793633333333332,4,25,8,1.035261190982068,1.0628636129424025,27.148080438756864,-0.020122522020636247,-0.012547941621135605,1.205448585038305,0.9516414149616952,0.027564369610123315,0.029361833175186827,0.03160733038113757,-117808368.0,-1.080268929822751,0,0,-1,0,0,0.0,-0.44206144204209136,0.5347271875367715,0.4661046517110621,0.019275406196387124,-0.1293103448275862,-0.84505314362976,0.02970297029702973,0.0
2023-08-28,1.04,1.01,0.0,0.02871010588243136,0.009950330853168092,-0.43971054377487867,0.029270382300113237,1.02509,1.070545,1.0780299999999998,0,28,8,1.0361227926216918,1.0613885411396669,36.28884826325414,-0.018659997617252566,-0.013770352820358997,1.1847478384788543,0.9563421615211458,0.028716142339524575,0.029028360269058757,0.031987619031265534,-117546503.0,-0.5349254082796855,0,0,-1,0,0,0.0,-0.9029988557586025,0.49748322297940917,0.4608109334395049,0.009708737864077666,-0.1333333333333333,-1.1044659120172085,0.04807692307692312,0.0
2023-08-29,1.06,1.04,0.029270382300113237,0.037041271680349076,0.029270382300113237,0.12781366650601234,0.01904819497069441,1.02709,1.065045,1.0786966666666666,1,29,8,1.0404641030541115,1.0612989578403336,45.133030499675534,-0.015706054023521654,-0.01415749306099153,1.1692368973554195,0.9608531026445806,0.02791884769327188,0.029247002395234683,0.03143225837541023,-117248935.0,-0.09684054380525316,0,0,-1,0,0,0.0,-0.699517128463095,0.5103707466918109,0.4642817695914083,0.029126213592232997,-0.0940170940170939,-1.5639453255873128,0.05660377358490571,0.0
2023-08-30,1.07,1.06,0.009569451016150672,-0.027651531330510123,-0.009661910911736859,-0.5293436560324623,0.009389740349839137,1.0320900000000002,1.063545,1.07903,2,30,8,1.045834266135182,1.0618603153990218,48.37767683322518,-0.012415003583720718,-0.013808995165537368,1.1664741728929027,0.9606158271070973,0.02692101046509838,0.026305376111597032,0.03128807456529632,-117073670.0,0.12542605402486806,0,0,-1,0,0,-0.009433962264150952,-1.045689687036305,0.4723167060152353,0.4175849000118301,0.009433962264151052,-0.027272727272727337,-1.497179955407275,0.03738317757009349,0.0
2023-08-31,1.02,1.07,0.009478743954543739,0.0,-0.009756174945364685,1.0607058248153671,-0.0478560211776351,1.0320900000000002,1.057545,1.0783633333333333,3,31,8,1.0411371268378762,1.0591596498894076,45.42961608775137,-0.013683667728221938,-0.013783929678074283,1.1555828761435247,0.9595071238564752,0.03156459263539416,0.02664450601817109,0.03228899488292926,-117579907.0,-0.7659284651380062,0,0,-1,0,0,-0.009345794392523372,0.1215056852506811,0.4694128070694549,0.42296842038146726,0.00990099009900991,-0.10526315789473673,-1.4884800476058258,0.049019607843137296,0.0
2023-09-01,1.05,1.02,-0.00947874395454377,0.0,0.014598799421152631,-0.6771587227952278,0.028987536873252406,1.0379999999999998,1.051545,1.0786966666666666,4,1,9,1.0427485583218985,1.0585687047352523,47.04316972205796,-0.012128533736269986,-0.013452850489713425,1.1340646238274756,0.9690253761725243,0.030965722492469913,0.026845520527242855,0.032736935760952074,-117322709.0,-0.03744563846364711,0,0,-1,0,0,0.029411764705882377,-0.806021488782213,0.5052926346789011,0.426159426786985,0.03960396039603964,-0.10256410256410242,-1.8736951698009336,0.033333333333333465,0.0
2023-09-05,1.02,1.05,-0.009569451016150672,-0.018868484304382805,-0.03420144671466606,0.7358594704877358,-0.028987536873252298,1.0370000000000001,1.0445449999999998,1.0763633333333333,1,5,9,1.038612456808826,1.0560804012039458,47.04316972205796,-0.013165069398002771,-0.013395294271371294,1.1103959792981328,0.9786940207018668,0.030324714608832196,0.027351368960880695,0.031903288620231035,-117859552.0,-0.7454710700314743,0,0,-1,0,0,-0.009523809523809532,0.5250239845999178,0.5183254603758803,0.4341895217259687,-0.019230769230769273,-0.1206896551724137,-0.5708539446742981,0.04882352941176477,0.0
2023-09-06,1.01,1.02,-0.019418085857101627,-0.009569451016150672,0.009750350850501759,-0.5470870972795414,-0.009852296443011594,1.0350000000000001,1.038545,1.0733633333333332,2,6,9,1.033410191934494,1.053107472094014,48.47653869591712,-0.014624861504511255,-0.013641207717999286,1.0923838814773665,0.9847061185226336,0.0304628903361268,0.026972344313199458,0.0318679799438545,-118170187.0,-1.0603860710590793,0,0,-1,0,0,0.0,-0.5295556309772586,0.4776961124645508,0.4281726919747981,-0.047169811320754707,-0.10619469026548667,0.06836796068051144,0.02970297029702973,0.0
2023-09-07,0.9846,1.01,-0.019802627296179754,-0.029270382300113224,-0.028114301480839272,0.42035205549073973,-0.025470142511204944,1.02746,1.0332750000000002,1.06885,3,7,9,1.0245356115827677,1.0486876351847227,44.99434389140272,-0.01762811900671002,-0.014438589975741432,1.0865379178875139,0.9800120821124865,0.029201602560048737,0.0264619209643403,0.031887183652228465,-118643128.0,-1.8277256271538547,0,0,-1,0,0,-0.00990099009900991,0.2780077676108985,0.45502582429687943,0.42006997250814554,-0.0798130841121496,-0.09669724770642207,1.1283527473696633,0.028437944342880384,0.0
2023-09-08,0.991,0.9846,-0.011060947359424948,0.0,-0.0010188487891027657,-0.7741774614980851,0.006479067005887706,1.02556,1.028825,1.0658833333333333,4,8,9,1.0184382276586281,1.0449658522695795,50.01511030522817,-0.019269666975592736,-0.015404805375711693,1.080498789556751,0.9771512104432493,0.025715030826944648,0.026555563938516078,0.031357118149038875,-118425063.0,-1.4639917189916454,0,0,-1,0,0,0.004468819825309729,-0.9300625697568016,0.3806333222606513,0.4215565086383309,-0.028431372549019618,-0.08240740740740748,0.7401580782242122,0.029263370332997,0.0
2023-09-11,1.02,0.991,0.021011278212593132,0.00985229644301164,0.01024297784729975,0.1364837174478568,0.028843371948328776,1.0265600000000001,1.027325,1.0612166666666667,0,11,9,1.0187221862661502,1.0433551521231552,48.441396508728175,-0.018022792398784793,-0.015928402780326312,1.0781453388708193,0.9765046611291808,0.02751880566974431,0.0269228230920945,0.028528971674711495,-118175109.0,-0.2882704115224225,0,0,-1,0,0,0.019172552976791137,-0.7017393094925464,0.37977578603219675,0.4273865669608144,-0.02857142857142858,-0.02857142857142858,0.734923395959193,0.02833333333333337,0.0
2023-09-12,1.01,1.02,0.0,0.0,0.00030264817381080595,-0.012751284518418738,-0.009852296443011594,1.02356,1.0243250000000002,1.0548833333333334,1,12,9,1.0171363342177593,1.041203206824887,46.977025392986704,-0.017638229212980194,-0.01627036806685709,1.0714906822253973,0.9771593177746031,0.025773248604517105,0.026556803858984134,0.02760620280479025,-118421896.0,-0.6074331727692734,0,0,-1,0,0,-0.00980392156862746,-0.6397789493999619,0.327944368907772,0.4215761917655547,-0.009803921568627416,-0.05607476635514019,0.7932301761894193,0.028316831683168387,0.0
2023-09-13,0.9974,1.01,-0.013255787861894606,-0.019802627296179754,-0.0014131424578379052,-1.0200690381240227,-0.012553716723282975,1.0173,1.022195,1.0491300000000001,2,13,9,1.0135479098145304,1.0383771934813462,40.012763241863425,-0.018141056013697865,-0.016644505656225245,1.0702199266505137,0.9741700733494861,0.024714771244746237,0.02599255524165713,0.027392802409998127,-118510880.0,-1.0325887712619646,0,0,-1,0,0,-0.013168316831683147,-1.2888259157776298,0.3325682757155885,0.4126190226511989,-0.012475247524752486,-0.040961538461538494,0.8562438200821834,0.010026067776218176,0.0
2023-09-14,1.01,0.9974,0.013255787861894597,0.009950330853168092,0.0010095912013522745,0.6229587570902446,0.012553716723282959,1.0113,1.0216949999999998,1.04613,3,14,9,1.0129028353027976,1.0365464068051302,50.0,-0.017323144749146646,-0.016780233474809527,1.070023414882452,0.9733665851175478,0.024953295865212208,0.025841860768663284,0.025516547810456515,-118344975.0,-0.4839802848260279,0,0,-1,0,0,0.012632845398034947,-0.8446883569683827,0.2719030893126314,0.41022682205423694,0.02579727808247001,-0.009803921568627416,0.4448119383362633,0.01881188118811883,0.0
2023-09-15,0.96,1.01,-0.009950330853168092,0.0,-0.03178124986810607,0.7427536004563899,-0.05077232537342326,1.0052999999999999,1.018695,1.04013,4,15,9,1.0032841379750161,1.0316079289467348,42.331288343558285,-0.020473520313966764,-0.017518890842640973,1.0743587829983026,0.9630312170016972,0.0254732822565824,0.028096879137609266,0.02581807915450507,-118693660.0,-2.1089116419482217,0,0,-1,0,0,-0.00990099009900991,-0.01858863238702673,0.472234263216953,0.44602412889091836,-0.03128153380423815,-0.05882352941176472,-0.5157669945413232,0.052083333333333384,0.0
2023-09-18,0.98,0.96,-0.02255240447051149,-0.010150350855835159,0.011084176256298766,-0.5947795252991617,0.02061928720273561,0.9983000000000001,1.0181499999999999,1.0337966666666667,0,18,9,0.999050658343195,1.0282783851437196,40.50632911392405,-0.021113005211601088,-0.018237713716433,1.0751568693995273,0.9611431306004724,0.024273804153754533,0.027870965649828088,0.025604451084763506,-118501296.0,-1.3384351886657417,0,0,-1,0,0,0.01843750000000005,-0.833035965208055,0.43491896259003937,0.442437863452013,-0.03921568627450989,-0.011000100918357125,-0.8483396436594212,0.029693877551020424,0.0
2023-09-19,0.9729,0.98,-0.006464544599981035,-0.006119908742152298,-0.0007213892207521636,0.09205157433310844,-0.0072712696832356585,0.9935899999999999,1.0152949999999998,1.02756,1,19,9,0.9942959931898867,1.0247055861021894,35.63180468492247,-0.02193980386118244,-0.01897813174538289,1.0754362189048947,0.955153781095105,0.023034954984519015,0.026286437685706876,0.025600335137882804,-118712208.0,-1.4098483792635383,0,0,-1,0,0,-0.008775510204081573,-0.6353864974820426,0.4345048111668894,0.4172842618210598,-0.036732673267326765,-0.055436893203883564,-0.9440738499820234,0.024360160345359292,0.0
2023-09-20,0.9637,0.9729,-0.0010299722818041246,0.004217720652949072,-0.010362787035546547,0.24808406919862885,-0.009501259124140252,0.98896,1.0119799999999999,1.0220166666666666,2,20,9,0.98873308533718,1.020769741837532,32.41812768772742,-0.02307145746001471,-0.019796796888309254,1.0758987181282298,0.94806128187177,0.02302627965509456,0.02632382226633957,0.025324719093479928,-118982506.0,-1.5106685932951114,0,0,-1,0,0,-0.002569637167231932,-0.2707645905894129,0.4326994190538171,0.41787772364039505,-0.033787848405855136,-0.06436893203883498,-1.0638687345412432,0.039327591574141375,0.0
2023-09-21,0.9372,0.9637,-0.009733948659547966,-0.01810049922564922,-0.03422487980265615,0.8195476248328397,-0.027883336223601077,0.9842199999999999,1.0058399999999998,1.0169233333333334,3,21,9,0.9793634334576926,1.0153781455899495,35.150645624103305,-0.02580911817180609,-0.020999261145008625,1.073800898981063,0.9378791010189367,0.023271750197881913,0.025726259058671812,0.025036957038113483,-119595940.0,-2.019985051084327,0,0,-1,0,0,-0.002801701774411161,2.2462016791737383,0.41401678537453396,0.4083917017996095,-0.07207920792079203,-0.11584905660377365,0.003246253046988963,0.05580452411438328,0.0
2023-09-22,0.958,0.9372,-0.022094533706242984,-0.01025650016718911,0.0024761814880759343,-1.177616711483397,0.02195107133721993,0.9809199999999999,1.0032400000000001,1.0128566666666667,4,22,9,0.9754791728290212,1.0116763297454368,32.93768545994064,-0.026000628778801493,-0.0219995346717672,1.07443270808904,0.9320472919109604,0.024600361127531042,0.024504936021984794,0.025495204707539156,-119406995.0,-1.270916677124267,0,0,-1,0,0,0.0029876227059324727,-0.8063307353319168,0.33902165669275985,0.3890037996463211,-0.002083333333333326,-0.05148514851485153,-0.03256595521342883,0.04175365344467633,0.0
2023-09-25,0.9596,0.958,0.010582109330537008,-0.005686239151644717,0.0,-0.15372383893718175,0.0016687529946789504,0.97488,1.0007199999999998,1.0098433333333334,0,25,9,0.9725920504964718,1.0083165665360538,37.479270315091206,-0.025726733912159294,-0.02274497451984562,1.0744287468979214,0.9270112531020782,0.021973458540358114,0.024516214920112543,0.025098890121010495,-119244973.0,-1.115742750502771,0,0,-1,0,0,-0.00835073068893529,-0.9057590987269817,0.28735779810596296,0.38918284660337427,-0.020816326530612272,-0.049900990099009945,0.3685461623441397,0.03595248020008334,0.0
2023-09-26,0.9859,0.9596,-0.010582109330536972,0.02609511078285187,0.01069528911674795,0.8278713722745009,0.027038398615456174,0.9724700000000001,0.998015,1.0070400000000002,1,26,9,0.9750116776789314,1.0068703364369536,45.320388349514566,-0.023120956066075893,-0.022820170829091675,1.0695942170719295,0.9264357829280705,0.02426378552096301,0.024363545372726343,0.025393227525568402,-118874195.0,-0.3385060774784863,0,0,-1,0,0,-0.020425177157148876,0.5434668141146384,0.35946977953378084,0.3867592926724342,0.013362113269606235,-0.05201923076923076,-0.2817252089447144,0.05071508266558479,0.0
2023-09-27,1.0,0.9859,0.031416196233378914,0.058840500022933395,0.031416196233378914,-0.022711449021554437,0.014200349401141364,0.97273,0.9950150000000001,1.0057066666666665,2,27,9,0.9795550090100347,1.006427088924892,53.127538586515016,-0.01969111922294997,-0.022194360507863338,1.0604187267632763,0.929611273236724,0.02447360927484927,0.024157458088347458,0.025094672551635933,-118511743.0,0.1524377966424678,0,0,-1,0,0,-0.016127396287655974,0.4586745449928549,0.34754497809220214,0.3834877584553991,0.03766732385597171,-0.05660377358490576,-1.2845357732523945,0.08000000000000007,0.0
2023-09-28,0.955,1.0,0.010256500167189061,-0.048790164169432056,-0.020834086902842025,0.23892122207913083,-0.046043938501406846,0.96723,0.989265,1.0035399999999999,3,28,9,0.9750904619173011,1.0031092122200604,43.67977528089887,-0.020369268485766368,-0.021829342103443946,1.0466391652919376,0.9318908347080622,0.027859499689102923,0.025741286208714503,0.02615869386220701,-118972013.0,-1.1944400350104951,0,0,-1,0,0,-0.020000000000000018,1.0380357949015158,0.4622317169624197,0.40863025041117157,0.018992744344856982,-0.10747663551401876,-1.6689705283356198,0.052356020942408425,0.0
2023-09-29,0.9736,0.955,-0.01025650016718911,0.0,0.007863736460214672,-0.503437049606905,0.019289201192587258,0.9685900000000001,0.9869450000000001,1.0019933333333333,4,29,9,0.9748194688414281,1.0012053920768307,41.545189504373184,-0.019184692911212053,-0.02130041226499757,1.0428191621936422,0.9310708378063579,0.02394352983719532,0.024360001250232008,0.02644652325842476,-118693803.0,-0.4776805405600719,0,0,-1,0,0,0.015706806282722526,-0.16264796457602407,0.45589503982255053,0.3867030314720184,0.01628392484342389,-0.04549019607843141,-1.6850828911928393,0.04365242399342644,0.0
2023-10-02,0.95,0.9736,0.06001800972625295,0.02955880224154443,-0.04978282379484271,0.8454650882104873,-0.024538557078731007,0.96559,0.981945,1.00063,0,2,10,0.9703068381429866,0.9979018183944546,39.583333333333336,-0.019920598738427664,-0.02102444955968359,1.0316136483852802,0.9322763516147198,0.024176237128211455,0.02365808255993605,0.026304943251988493,-119341771.0,-1.2863245140959878,0,0,-1,0,0,0.05792933442892359,2.1058388338843637,0.49787690828733533,0.3755604177013508,-0.01000416840350149,-0.09523809523809534,-0.7486507305014173,0.12526315789473685,0.0
2023-10-03,0.9312,0.95,-0.08085209662909502,-0.08085209662909502,0.014710153567221199,-1.541081077043569,-0.01998790761741308,0.96142,0.9775050000000001,0.9973366666666668,1,3,10,0.9631965039351709,0.9935984752722318,38.74915023793339,-0.021769862862446643,-0.0211735322202362,1.0287027168569867,0.9263072831430136,0.024748925695763545,0.0232704859625618,0.02536474356795205,-119480533.0,-1.808869724770986,0,0,-1,0,0,0.0,-1.0600696712966386,0.4331097810242007,0.36940751246734826,-0.055482300436149656,-0.08705882352941174,0.05435587294443137,0.027384020618556666,0.0
2023-10-04,0.99,0.9312,-0.003268493605132115,0.05129329438755048,-0.004662013105811301,0.8516186397941191,0.061230866151462233,0.96405,0.9765050000000001,0.9960033333333335,2,4,10,0.9680698668560488,0.9933663155772491,47.06227967097532,-0.01828002862499767,-0.020594831501188494,1.0257753166836285,0.9272346833163715,0.032451091281751214,0.027662324056409802,0.028098452353926856,-119155353.0,0.5477943276335389,0,0,-1,0,0,0.01685996563573876,0.16128907545674295,0.6810571668042092,0.4391257808360388,-0.010000000000000009,-0.01980198019801982,0.9199981631458072,0.08060606060606058,0.0
2023-10-05,0.95,0.99,0.030064156392282354,-0.02132578671475243,0.021288837542681353,-0.41621833207758346,-0.041242958534049134,0.9653300000000001,0.974775,0.9923366666666666,3,5,10,0.9647844365185854,0.9905684887658137,48.4866828087167,-0.01852839178796506,-0.020181543558543808,1.025263263365698,0.924286736634302,0.03402462431005692,0.0285692590463894,0.02839917762113765,-119369821.0,-0.9814162083789283,0,0,-1,0,0,-0.014343434343434333,-0.4962411093365552,0.6630132741852677,0.45352292746877204,-0.005235602094240788,-0.03514117408084505,1.0225338440778375,0.040947368421052684,0.0
2023-10-06,1.03,0.95,-0.024797660124477247,0.050884588956296925,0.012580111993209965,0.261774438305594,0.08085209662909497,0.9725300000000001,0.9767249999999998,0.9930033333333333,4,6,10,0.9766418116970244,0.9931124572325354,56.40368852459017,-0.012130062165925604,-0.01857124728002017,1.032579241706708,0.9208707582932919,0.04268831279649525,0.03439140393459164,0.03136828957480502,-119091177.0,1.9076438376783829,0,0,-1,0,0,0.0020000000000000135,-0.08251142903862947,0.9014457294617892,0.5459466122957866,0.05792933442892356,0.03935418768920296,0.6008837129341347,0.07582524271844665,0.0
2023-10-09,0.979,1.03,0.03934596087120944,-0.02955880224154439,0.018836084240169013,-0.5806496497707587,-0.050782438693171096,0.97447,0.9746750000000001,0.99197,0,9,10,0.9770705732066562,0.992201976120759,50.7022795302786,-0.011047267594060828,-0.017066451342828304,1.0267214519322567,0.9226285480677433,0.04644525092272936,0.03565131716581878,0.032703723969153345,-119247088.0,0.1661976883891836,0,0,-1,0,0,-0.038737864077669944,-0.8699779480344105,0.9808520713709583,0.5659471147958675,0.030526315789473735,-0.04019607843137263,0.5418514029955274,0.030643513789581234,0.0
2023-10-10,0.99,0.979,-0.030351965919857622,0.009950330853168092,-0.009842089288817132,0.2293648984479003,0.011173300598125255,0.97488,0.9736749999999998,0.9903033333333333,1,10,10,0.9794213780781733,0.9920599131452262,53.015363448750286,-0.009195536603636256,-0.015492268394989895,1.0235885199572843,0.9237614800427154,0.045776144814525264,0.035702316195934496,0.03228625709356518,-119050983.0,0.6541313862044174,0,0,-1,0,0,-0.018896833503575038,-0.5799761800089578,0.9506785998117203,0.5667566993006176,0.06314432989690721,-0.01980198019801982,0.11436834991544677,0.04999999999999999,0.0
2023-10-11,0.9801,0.99,0.03418261576534861,-9.90148027939002e-05,0.009842089288817208,0.5236101291820179,-0.01005033585350145,0.9728899999999999,0.97281,0.9876400000000001,2,11,10,0.9795447638821417,0.9912883058455343,55.11323003575684,-0.008429701364942921,-0.014079754988980502,1.0215788382042204,0.9240411617957796,0.04565661028109877,0.0356625260946941,0.032090736324129364,-119382030.0,0.2989613970081885,0,0,-1,0,0,0.003939393939393954,0.24632370856224298,0.8473864450805444,0.5661250510254725,-0.010000000000000009,-0.017345097252857378,1.2075634349157562,0.04071013161922258,0.0
2023-10-12,0.9501,0.9801,-0.044753649365579413,-0.011853318721047282,-0.029184645442806308,0.06869055250065824,-0.03108736506243043,0.9724,0.969815,0.9836433333333333,3,12,10,0.974191170449025,0.9886309957909838,49.078609750408205,-0.010126785421636919,-0.013289161075511785,1.0162696083012346,0.9233603916987654,0.04432613962080994,0.03614616052175051,0.03242481125483838,-119736616.0,-0.8487855444677627,0,0,-1,0,0,-0.030303030303030252,0.35121497320767725,0.8210590760315093,0.5738025095422353,0.00010526315789483043,-0.05930693069306936,1.2447172913303157,0.05883591200926214,0.0
2023-10-13,0.94,0.9501,-0.007604599385219304,-0.03881999184958209,-0.010778611369030843,-0.10622700272790082,-0.010687366948654249,0.96904,0.968815,0.9809766666666667,4,13,10,0.9679745940037476,0.9854935121915656,47.758462946020124,-0.012146702726207548,-0.013060669405650939,1.0169884705413688,0.9206415294586312,0.0439032118142257,0.034489296359443845,0.0314175246268582,-120055467.0,-1.1963016023624555,0,0,-1,0,0,-0.007262393432270189,0.10866968601416416,0.36590330798640514,0.5475006063641626,-0.0873786407766991,-0.02083333333333337,-0.272770846524844,0.029787234042553103,0.0
2023-10-16,0.97,0.94,-0.0029730325572467245,0.02469261259037163,0.008547060578458348,-0.043658318248575606,0.031416196233378914,0.97104,0.9683149999999999,0.97831,0,16,10,0.9683428496394298,0.9844939307598517,48.19687003855749,-0.011197672663108227,-0.012688070057142398,1.0162064243592528,0.920423575640747,0.044424449173983506,0.03493610562954042,0.03150769696213068,-119750237.0,0.07036750410095055,0,0,-1,0,0,0.0004255319148936883,-0.02874142919517316,0.3791355111184687,0.5545934836370856,-0.009193054136874323,-0.010204081632653073,0.43249214937240826,0.04536082474226808,0.0
2023-10-17,0.9738,0.97,0.021669092304377895,0.005877005465532231,0.010582109330537008,-1.0102209384205258,0.003909872251171965,0.9753000000000001,0.96836,0.97677,1,17,10,0.9693350587958971,0.9838039997430872,46.95773339526243,-0.010023387882467816,-0.012155133622207482,1.016271251296979,0.9204487487030212,0.04370247920722314,0.03490243750421568,0.031124744199049478,-119639091.0,0.22708653407025645,0,0,-1,0,0,-0.009278350515463926,-1.3437315176736246,0.36686570801716273,0.5540590187167714,-0.016363636363636358,0.0009250693802034249,0.7285920126344119,0.040870815362497495,0.0
2023-10-18,0.94,0.9738,-0.001041124508410615,-0.010052376876012872,-0.020202707317519355,0.6677569311591588,-0.035326068484551,0.9702999999999999,0.9671750000000001,0.9744366666666667,2,18,10,0.9640014117420975,0.9809779352435333,48.21173104434907,-0.011685433847692939,-0.012061193667304574,1.0167161737404269,0.9176338262595733,0.040127016156509,0.035732924141022415,0.031692411038188824,-119855810.0,-1.0970672653976599,0,0,-1,0,0,-0.014171287738755426,-0.5855857832903479,0.4323222234964912,0.5672425853656897,-0.04091419242934402,-0.02459271557538656,0.7191666015742463,0.052021276595744625,0.0
2023-10-19,0.93,0.94,-0.04255961441879589,-0.03098854104718632,-0.011885607233981084,0.14344316388321582,-0.010695289116747806,0.9682999999999999,0.9668150000000001,0.9726166666666667,3,19,10,0.9578193368798978,0.9776890361955635,44.69328140214217,-0.013652160072895603,-0.01237938694842278,1.0173676208472573,0.916262379152743,0.038223213952032355,0.03526187252704546,0.031435221265996946,-120105956.0,-1.4565021311648794,0,0,-1,0,0,-0.021276595744680753,-0.26558815247149453,0.387518403035656,0.559764872814138,-0.02115566782443945,-0.007682458386683688,0.5008336561235518,0.03225806451612894,0.0
2023-10-20,0.905,0.93,0.0015205824587305702,-0.02127739844728485,-0.021867801780046464,0.5157426368129476,-0.027249642447375474,0.9558,0.9641649999999998,0.9697499999999999,4,20,10,0.9482158210835527,0.9729994209571401,44.541484716157214,-0.017031764265599714,-0.013309862411858168,1.0217330567566525,0.9065969432433472,0.024075920934425878,0.035357987891231124,0.03173433104547384,-120524921.0,-2.0554801858293628,0,0,-1,0,0,-0.009247311827957044,0.9807265842721388,0.4207119780678588,0.561290656918984,-0.037234042553191404,-0.05532359081419613,0.7477370410803774,0.03303867403314921,0.0
2023-10-23,0.87,0.905,-0.01795930880189045,-0.027249642447375474,-0.0340126566144102,0.17049072201376256,-0.03944173205129673,0.9449,0.959685,0.96475,0,23,10,0.9339947627047249,0.9663542970244214,42.857142857142854,-0.022277530920674415,-0.01510339611362142,1.0310427871736247,0.8883272128263753,0.022415481591660645,0.03626144900551201,0.03181050394576242,-121021766.0,-2.513670996601457,0,0,-1,0,0,0.0,1.4234609049882059,0.28200969819345095,0.5756326574846112,-0.1030927835051546,-0.09337223843268028,0.7273457319488863,0.0402298850574713,0.0
2023-10-24,0.9085,0.87,-0.028013036227674006,0.038051308884579194,0.00011493592334937207,-0.8400522874643157,0.04330167618759647,0.93675,0.955815,0.9613666666666666,1,24,10,0.9293593513038658,0.9626217617325233,40.01470227885323,-0.023062361993218206,-0.016695189289540776,1.0295425575187793,0.8820874424812206,0.027898675412334914,0.037219075504578515,0.03302536474005065,-120807284.0,-1.2835092221235798,0,0,-1,0,0,0.011494252873563229,-0.6814126958777716,0.5386863948456464,0.5908345068771036,-0.06705689053193675,-0.07850694796632518,1.7318272128569518,0.07705008255365994,0.0
2023-10-25,0.9228,0.9085,0.054079182921222844,0.005621865774630698,0.038110587232386535,0.014910523217748639,0.01561763846337276,0.93102,0.9519549999999999,0.95888,2,25,10,0.9281667419758901,0.9600526158142961,46.44351464435147,-0.02227369845184113,-0.01781089112200085,1.0240068957769572,0.8799031042230426,0.028884753188641896,0.03725652193239515,0.03314783722621131,-120589580.0,-0.8092778041608146,0,0,-1,0,0,0.022454595487066565,-0.5989396372534427,0.5315625048236501,0.5914289504900468,-0.01829787234042557,-0.07720000000000005,0.6198510591000875,0.044971824880797553,0.0
2023-10-26,0.8904,0.9228,0.0011834957538266943,-0.01642353221183428,-0.03822552315573587,0.01491323096625884,-0.03574172633826348,0.9250499999999999,0.9487250000000002,0.9548933333333334,3,26,10,0.9213000616166372,0.9555588986649868,29.15173237753882,-0.023986583729088795,-0.01904602964341844,1.0258176954065927,0.8716323045934076,0.029348602093569705,0.03673678427330174,0.033561507620605315,-120810555.0,-1.513113523723352,0,0,-1,0,0,0.007802340702210767,-0.5018105506527132,0.5792709620445144,0.5831783709323106,-0.042580645161290454,-0.06764397905759156,0.8805195524350704,0.06738544474393537,0.0
2023-10-27,0.8925,0.8904,-0.019763918367960553,-0.011898463791614584,0.015624426875329393,0.1491258741952239,0.0023557136924589835,0.9202999999999999,0.94467,0.9526433333333333,4,27,10,0.9160636867772486,0.9514905826220845,34.87233298356068,-0.024887715114635056,-0.020214366737661763,1.0247281657020704,0.8646118342979296,0.02941228630674436,0.03638660375588357,0.03243508299808774,-120554043.0,-1.303302406256627,0,0,-1,0,0,0.024034141958670357,-0.21270869093556588,0.556396517916494,0.5776194275539003,-0.013812154696132617,-0.08329909613804443,0.22465601162080637,0.03955182072829132,0.0
2023-10-30,0.9,0.8925,-0.03277519984004842,0.004559773398148049,-0.001472170584666072,-0.5277323888650064,0.00836824967051658,0.9133000000000001,0.94217,0.9499766666666666,0,30,10,0.9131430164541123,0.9481686095496921,34.06515580736546,-0.024711818449582923,-0.021113857080045994,1.0246145229791797,0.8597254770208203,0.026993021720243225,0.036149128223875,0.03221297245118308,-120402716.0,-1.0229909392683232,0,0,-1,0,0,-0.011316526610644256,-1.1077215962312055,0.45325092185037336,0.5738496203529556,0.034482758620689724,-0.05263157894736836,-0.42364521566740776,0.0453333333333334,0.0
2023-10-31,0.8617,0.9,0.01974929538501807,-0.02267720554679919,-0.023738285693571528,0.970935899792143,-0.04348758107858963,0.90209,0.9386950000000001,0.9462700000000001,1,31,10,0.9037897407351828,0.9425899895787442,30.952380952380963,-0.02734766216272355,-0.022360618096581505,1.0286069914770544,0.8487830085229456,0.028817762288780406,0.037082229213498664,0.033033069203050124,-120802282.0,-1.712674777527294,0,0,-1,0,0,0.0,1.3115949403282687,0.42329514300764043,0.5886621393528706,-0.051513483764446866,-0.07463487972508587,-0.5093363091600471,0.04734826505744452,0.0
2023-11-01,0.9075,0.8617,-0.04035913869157997,0.008166013155609254,0.00150750883770675,-0.42746136713791744,0.05178638389328461,0.8988400000000001,0.9345699999999999,0.9443966666666667,2,1,11,0.904464333328786,0.9403261192833414,43.478260869565226,-0.02544756635777412,-0.02297800774882003,1.0221099481788718,0.8470300518211281,0.03398158303121899,0.03619758405739345,0.0345859860005578,-120541700.0,-0.6184604986214376,0,0,-1,0,0,0.003133341069977863,-0.08180496799260395,0.6100374363937533,0.5746188328633167,-0.016579973992197683,-0.08333333333333337,0.5819180331403919,0.05168044077134992,0.0
2023-11-02,0.935,0.9075,0.04865794150627494,0.03137427390185659,0.030806771642757677,-0.13951943776177805,0.029852963149681343,0.8993399999999999,0.9338199999999999,0.9443233333333333,3,2,11,0.9100162727235521,0.9399824986844162,49.273255813953504,-0.02147515435836611,-0.022677437070729244,1.021059841217076,0.8465801587829238,0.03539536656326743,0.03587839246611313,0.034693486997157665,-120315052.0,0.0270518603321165,0,0,-1,0,0,0.0,-0.44057315806056935,0.5666486304956431,0.5695518234366524,0.050089847259658704,-0.015789473684210464,-0.5677565756664463,0.05229946524064165,0.0
2023-11-03,0.936,0.935,0.014223434534126713,0.010805189871944757,0.02332143453377279,0.504284919501887,0.0010689471889049637,0.90244,0.92912,0.9435899999999999,4,3,11,0.9147405867738153,0.9397255632854217,44.603174603174615,-0.018038362571270228,-0.02174962217083744,1.0037610526298102,0.8544789473701897,0.034017084125731706,0.029903474949343926,0.034451478408321363,-119939768.0,0.1843489542979023,0,0,-1,0,0,-0.015508021390374403,1.0212956587574973,0.5678638843638245,0.47470294831568305,0.04873949579831938,-0.09126213592233012,-0.5307046522279923,0.04070512820512823,0.0
2023-11-06,0.8423,0.936,-0.02809328239827716,-0.042069567625550856,-0.11627484314454539,2.562030591312234,-0.105479231156274,0.8996700000000001,0.9222849999999999,0.93968,0,6,11,0.9015695709967579,0.9334400430734591,33.761422573474945,-0.02261479792244836,-0.021922657321159625,1.0025201353723088,0.842049864627691,0.04599658561545335,0.03553486789669462,0.03897455500103188,-124804241.0,-1.9937649417266319,0,0,-1,0,0,-0.04380341880341884,4.23029804615734,0.9688894700878958,0.5640985399571209,-0.06411111111111112,-0.13963227783452492,-0.6865763290865513,0.11753531995725985,0.0
2023-11-07,0.8298,0.8423,-0.07407359371587478,-0.06820825002653369,-0.0012338064489284325,-1.4457147987018069,-0.014951537422550518,0.8918000000000001,0.914275,0.9344766666666666,1,7,11,0.8885205580882565,0.926753588681623,35.63607924921794,-0.02693975669704718,-0.022926077196337137,0.9979585109256575,0.8305914890743424,0.043060724942935814,0.03531293943546248,0.03857680488741047,-125950202.0,-2.0189162492249055,0,0,-1,0,0,-0.013296925086073962,0.5685381981774434,0.9324470033167522,0.5605755348535161,-0.0370198444934432,-0.16181818181818186,-1.1830998358242177,0.048204386599180436,0.0
2023-11-08,0.8232,0.8298,-0.0015654166602131223,0.006215935102373919,0.001480385170434203,0.01146495889426615,-0.007985523378927608,0.8818400000000001,0.90643,0.9285833333333333,2,8,11,0.8766440929813007,0.9200727119924861,35.95476065228827,-0.03054774711364694,-0.024450411179799098,0.9934808163799969,0.8193791836200031,0.042243701640633645,0.03531035997328388,0.03840629151348601,-127109377.0,-1.9122164147589797,0,0,-1,0,0,0.0,0.5376852817279184,0.7756125243832004,0.5605345871608708,-0.09289256198347096,-0.16008570554025092,-1.5150007795353324,0.05357142857142847,0.0
2023-11-09,0.82,0.8232,0.012931214672248784,-0.007510890842813823,0.0,-0.5562047424150479,-0.003894844261541185,0.8748000000000001,0.899925,0.9240833333333334,3,9,11,0.8663451669847005,0.9136164079929708,38.14174107142856,-0.033281668413106646,-0.026216662626460607,0.9925038852862533,0.8073461147137466,0.04136973324726031,0.03491638273209299,0.037684152148207035,-127774026.0,-1.7266356092509085,0,0,-1,0,0,0.02113702623906702,0.04885012851768179,0.6716293811638329,0.5542803923464085,-0.12299465240641716,-0.13693295442584996,-2.131722619767318,0.04597560975609751,0.0
2023-11-10,0.864,0.82,-0.030927809330153645,0.023171555435748968,0.004673480403943822,0.10212591627759582,0.05226842854575687,0.87195,0.896125,0.92043,4,10,11,0.8659187729874822,0.9104153494127792,49.183451279259664,-0.03153437976267637,-0.02728020605370376,0.9880143356208728,0.8042356643791271,0.04567206964840188,0.0374099716924463,0.038926581986872745,-127037912.0,-0.6992106272820342,0,0,-1,0,0,-0.0060975609756097615,0.09761777228592891,0.8741665377903647,0.5938648899130742,-0.07692307692307698,-0.08085106382978724,-0.760235440592899,0.0622685185185186,0.0
2023-11-13,0.9219,0.864,0.06817454083571955,0.07802196782079879,0.04791335569589745,0.3687665090088702,0.06486398900049307,0.87414,0.8937200000000001,0.9194933333333334,0,13,11,0.8760971778988491,0.9111562946119549,51.732161323681495,-0.025187251848377112,-0.026861615212638433,0.9798025699137218,0.8076374300862783,0.05068085830185821,0.03990058433381907,0.040751573415258,-125973528.0,0.6547202303147791,0,0,-1,0,0,0.009837962962963036,0.376422793353987,0.6097671839744785,0.6334021398806705,0.09450314614745348,-0.04958762886597934,0.6290930982020941,0.09144158802473157,0.0
2023-11-14,0.96,0.9219,0.0745172211874672,0.07257069283483537,0.07327220110632593,-0.13591145285177264,0.040496526657333234,0.88397,0.8930300000000001,0.9204533333333333,1,14,11,0.8913522364626947,0.9143075014111837,54.529956161714566,-0.01688808038448608,-0.024866908247007966,0.9765942860053409,0.8094657139946593,0.04911305639355692,0.04104201815223816,0.04126284270169075,-125044406.0,1.602837843806136,0,0,-1,0,0,0.019633365874823616,0.2086146541678455,0.5410679966181993,0.651521840010125,0.15690527838033264,-0.014171287738755423,-0.30120527388935253,0.09374999999999997,0.0
2023-11-15,0.9791,0.96,0.051825067864586155,0.0,0.021506205220963463,0.3181305977515768,0.019700497898143852,0.8911300000000001,0.8949849999999999,0.92009,2,15,11,0.9073063752876592,0.9184876626104622,61.162849232318145,-0.008669777039448934,-0.021627482005496163,0.9847737878406769,0.8051962121593229,0.04709970651284939,0.04041627214643255,0.03977585771251422,-123767276.0,1.8736192351600818,0,0,-1,0,0,0.03125000000000003,0.49381244698379834,0.44559144731361583,0.6415884301186033,0.18938289601554903,0.04159574468085103,-0.5347233522164887,0.0714942293943418,0.0
2023-11-16,0.94,0.9791,-0.06101611258035871,-0.05077232537342326,-0.09864552311701433,-0.2221985186813417,-0.040753907095976115,0.8916299999999999,0.8954850000000001,0.9197566666666667,3,16,11,0.913250670689903,0.9198755553452712,55.468570112825226,-0.005251222828500213,-0.018352230170096972,0.9862013601609184,0.8047686398390818,0.04872079769561097,0.04144769315466953,0.03975934261909093,-124789946.0,0.9814106280506928,0,0,-1,0,0,-0.04871821060157284,0.21158328914114669,0.6658828169189414,0.6579617310274186,0.14634146341463405,0.010752688172043001,-1.3757812207134439,0.11521276595744677,0.0
2023-11-17,0.9379,0.94,0.007487466790988867,-0.010471299867295366,0.07724800764128037,-1.193503066275717,-0.0022365417491567673,0.8918199999999998,0.8971300000000001,0.9166866666666668,4,17,11,0.9177323669281023,0.9210384227423506,54.41827931918861,-0.002680546762047431,-0.015217893488487065,0.9897461313720191,0.8045138686279811,0.04873617481435846,0.04092688483704732,0.03647358186444244,-125099976.0,0.8804081836723584,0,0,-1,0,0,-0.001702127659574399,-0.4751133517483593,0.6503166116455952,0.6496941552924448,0.08553240740740731,0.036353591160220855,-0.3421225222699855,0.03187973131463901,0.0
2023-11-20,0.9621,0.9379,0.000958619661203917,0.044772077397285094,0.018200922450106644,1.022348356364322,0.025475061852326206,0.9038,0.9017350000000001,0.9161233333333333,0,20,11,0.925799209304811,0.9236875567589732,62.10221793635486,0.0012945475551110475,-0.011915405279767444,0.9977670620845643,0.8057029379154358,0.03351644870777042,0.040034801667392275,0.03570766214225692,-124238181.0,1.2571842921969836,0,0,-1,0,0,0.001492696449514946,0.04266344424662445,0.4999156398764881,0.6355327739982839,0.043605597136348706,0.1058620689655172,-1.0464207369717613,0.058725704188753766,0.0
2023-11-21,0.905,0.9621,-0.053464117039134736,0.00552071665668191,-0.06276137476617008,0.37525650488534484,-0.06118345166729275,0.9113199999999999,0.9015600000000001,0.91329,1,21,11,0.9220175348857543,0.9224819079358136,49.70664163341939,-0.00016080074403934663,-0.009564484372621824,0.9975529032508624,0.8055670967491378,0.04006962706202722,0.041476516609803685,0.037237410145582406,-125492407.0,0.07167196497870243,0,0,-1,0,0,-0.07452447770502026,0.37591352168231934,0.5918734676107273,0.6584192891926822,-0.05729166666666663,-0.0038525041276828986,-0.438147366867021,0.13149171270718232,0.0
2023-11-22,0.903,0.905,0.005152918313520303,-0.07696104113612832,0.013544225107757253,-0.055799136644909875,-0.00221239028294074,0.9193,0.9005700000000001,0.91072,2,22,11,0.9185598012701626,0.9212250106496321,46.00599101347978,-0.0014587425653790342,-0.007943336011173266,0.9960475939590734,0.8050924060409268,0.039833159510878215,0.041326450496471656,0.03720908819233857,-126678565.0,0.05090199489194414,0,0,-1,0,0,-0.011049723756906087,0.26445835880031876,0.5370579048066236,0.6560370634961148,-0.07772444081299146,-0.021456436931079237,-0.24310424592297034,0.0365448504983389,0.0
2023-11-24,0.89,0.903,0.00889883514213004,-0.024071184095439752,-0.016275223618988865,-0.7906552656524671,-0.014501090690799957,0.9263,0.90055,0.9087166666666667,4,24,11,0.9133671101301329,0.9192104938335268,44.425593795443525,-0.0034960617408973382,-0.00705388115711808,0.9960367309646682,0.8050632690353318,0.04037544144780932,0.04066128266144307,0.03689642471163749,-127216544.0,-0.22097311099494304,0,0,-1,0,0,0.0,-0.3947659321146559,0.4928994863206538,0.6454778514664854,-0.05319148936170204,-0.0004492362982928544,-0.9452649141572926,0.028539325842696604,0.0
2023-11-27,0.8132,0.89,-0.025800645944733244,-0.022963764609533643,-0.08634863154245712,1.3307607560761783,-0.09024438097199398,0.9212199999999999,0.896585,0.9044899999999999,0,27,11,0.8951549082882906,0.9123711071345897,46.32297194844579,-0.011178906545181944,-0.007878886234730854,0.9997557276967501,0.7934142723032498,0.04688904837864922,0.04507235456242188,0.03999699341929037,-129252214.0,-1.6164468713469489,0,0,-1,0,0,-0.011235955056179785,0.9934883324574322,0.7153707754737394,0.7155014470577746,-0.13295660518178898,-0.08885154061624645,-0.32234288543050243,0.09530250860796839,0.0
2023-11-28,0.777,0.8132,-0.08907963005368877,-0.08449073469203876,-0.05489572173191715,-0.23828958148365878,-0.04553673138654417,0.9067299999999999,0.8904350000000001,0.8980566666666667,1,28,11,0.8736721976904196,0.9036374873194549,43.705293276108726,-0.019958583738907132,-0.01029482573556611,1.0065949672901369,0.7742750327098633,0.04070276314336846,0.045873277685777876,0.04006245646283341,-130856270.0,-1.9530825058975705,0,0,-1,0,0,-0.010083620265617295,0.505527512502393,0.5390458771568678,0.7282157074798611,-0.1923916432803242,-0.13666666666666671,-0.18152726974800434,0.06306306306306311,0.0
2023-11-29,0.7824,0.777,-0.049660107677972146,-0.020051733536345925,0.005235614053944943,-0.9448088247879828,0.006925768352960036,0.8889699999999999,0.8864699999999999,0.8916766666666667,2,29,11,0.8570772526557977,0.8958157139440063,45.12195121951219,-0.026179030728419428,-0.013471666734136774,1.0118106658956365,0.7611293341043633,0.036544301154672366,0.045143989367336504,0.04009366721806733,-130232687.0,-1.6605943371427843,0,0,-1,0,0,-0.01415701415701417,-0.4841328404564237,0.6014722928078412,0.716638614331899,-0.13546961325966855,-0.09202738772194508,-1.0618521719101472,0.03693762781186099,0.0
2023-11-30,0.7023,0.7824,0.054616747317900394,0.01758259647942483,-0.09010183469718673,2.475658344648619,-0.10800545555563279,0.86129,0.87621,0.8837533333333333,3,30,11,0.8289359339911071,0.8833308291734253,38.11351242173299,-0.037144007364322995,-0.01820613486017402,1.025591051432777,0.7268289485672229,0.04191196477494695,0.04811046929993158,0.04349573504228698,-137646797.0,-2.3284077643309553,0,0,-1,0,0,0.03399795501022504,3.482674393812245,0.7353821798862823,0.7637300233573604,-0.2222591362126246,-0.22611570247933876,-0.04096958633251202,0.15520432863448683,0.0
2023-12-01,0.7157,0.7023,-0.10261740599645174,-0.09131323386984938,0.00839324935802184,-1.181081864265849,0.018900421579577012,0.83886,0.865245,0.8766099999999999,4,1,12,0.8083475823563603,0.8725159369686883,34.036598493003225,-0.04424256162476814,-0.023413420213092846,1.0280476829625176,0.7024423170374825,0.04470947725552935,0.04765929111205579,0.043788312993949405,-135371062.0,-1.8371318860197174,0,0,-1,0,0,0.03958422326641027,0.4189283683943443,0.8599673321963036,0.7565677916647836,-0.1958426966292135,-0.2345454545454546,0.04748238085841734,0.04541008802570906,0.0
2023-12-04,0.7258,0.7157,-0.013930299051939075,0.01398624197474009,0.019777627608674513,-0.8514219461742333,0.014013410034418037,0.8176500000000001,0.8547350000000001,0.8706366666666667,0,4,12,0.7933389310188402,0.8630503926481279,26.469882409407234,-0.04849422024335315,-0.028429580219144907,1.0252616304277946,0.6842083695722057,0.04595453942165046,0.047938325569558043,0.043810120589667746,-134399761.0,-1.5121978271258305,0,0,-1,0,0,0.006008103954170701,-0.37359773578004457,0.8246764235202917,0.7609973263553963,-0.10747663551401876,-0.22457264957264966,-1.2216355516630972,0.039680352714246414,0.0
2023-12-05,0.711,0.7258,0.0009717499202945139,-0.014528100562909856,-0.012860115729604726,-0.5657480014817294,-0.02060206497572911,0.79254,0.84817,0.8653366666666666,1,5,12,0.778368216288142,0.8532406898966358,18.352821555668513,-0.052453277904713436,-0.03323431975625861,1.0304190846148549,0.665920915385145,0.042552207931439455,0.04327134904392568,0.04347121300459835,-134951397.0,-1.5053024852210355,0,0,-1,0,0,-0.007026729126481115,-0.5529946344895871,0.7993799679638129,0.6869113707869994,-0.084942084942085,-0.15588270212513367,-1.7816569243463465,0.03825597749648383,0.0
2023-12-06,0.722,0.711,0.012821572212041488,0.0027063615977428457,0.013693102033496543,0.2257013864003314,0.015352709089585312,0.77424,0.8427800000000001,0.8591200000000001,2,6,12,0.7681194496902979,0.8447735486129819,16.636387230729284,-0.05407985267752036,-0.03740342634051096,1.033496285289253,0.6520637147107471,0.04318419972142018,0.043531767027445746,0.042638841391732955,-134260086.0,-1.266593461767747,0,0,-1,0,0,0.026722925457102698,-0.44262358168335264,0.8172350286219733,0.6910453781149374,-0.07719836400817992,-0.12991082188479153,-1.7724832080631747,0.02686980609418279,0.0
2023-12-07,0.739,0.722,0.03935242207675124,0.11356996893707953,-0.0006941070591718262,0.9748395447275606,0.02327278205537565,0.7578400000000001,0.83857,0.8529933333333334,3,7,12,0.7628250042920618,0.837949448702467,22.32929515418502,-0.05338181464849412,-0.040599104002107596,1.0347454113054124,0.6423945886945877,0.045181525329188746,0.04402482916731642,0.042804159749446784,-132427599.0,-1.015111928018198,0,0,-1,0,0,0.05166204986149585,0.291523049468251,0.279019937483971,0.6988724969329323,0.05225687028335457,-0.1022837706511176,-1.9913036176080092,0.147361299052774,0.0
2023-12-08,0.7956,0.739,-0.027099035270986227,-0.025658096614199447,0.025907829693380662,-0.33035788164489693,0.07379862603161534,0.7484,0.83735,0.8498333333333332,4,8,12,0.7687840944207778,0.8352172262055337,32.96624371558535,-0.047711479273633284,-0.04202157905641273,1.0343135659624318,0.6403864340375682,0.054405009586125846,0.04760953706268785,0.045027124561397694,-131110652.0,-0.4239362726400204,0,0,-1,0,0,0.0,-0.07188093112837453,0.5547131141081416,0.7557779706167076,0.1116389548693586,-0.029756097560975636,0.8564998371312356,0.08672699849170445,0.0
2023-12-11,0.7551,0.7956,0.0793138067197255,-0.009950330853168092,0.01610773081593295,-0.19861906155247208,-0.052246356170437186,0.7425900000000001,0.8319050000000001,0.8452533333333334,0,11,12,0.7662960772533636,0.830048372901951,26.15207373271889,-0.04595595749248993,-0.042808454743628176,1.0317662410775499,0.6320437589224502,0.04983447150007136,0.04709776668206268,0.045861381287395434,-132190367.0,-0.7685832389102234,0,0,-1,0,0,0.005530417295123266,-0.24242945773417285,0.7643793613700897,0.7476538676836892,0.04036924772664641,-0.12604166666666672,0.2821465967694792,0.06489206727585756,0.0
2023-12-12,0.76,0.7551,-0.044082512570188935,-0.002503130218118477,-0.0011991207885441693,-0.4911252739075444,0.0064682424709968205,0.74089,0.8238099999999999,0.8405866666666667,1,12,12,0.7651513359345702,0.8255291230373091,31.01100052383447,-0.04366595088341774,-0.04297995397158609,1.0214258410462764,0.6261941589537234,0.048060785638647255,0.044028135930083166,0.04584411099412837,-131529649.0,-0.645798430552511,0,0,-1,0,0,0.013773010197324811,-0.5065646641945828,0.7222279859658006,0.6989249901644853,0.06891701828410701,-0.17561557652673832,-0.149077626207775,0.06302631578947375,0.0
2023-12-13,0.7643,0.76,-0.015269481880082227,-0.026796955493433704,0.0,-0.127047414604766,0.005641948968461511,0.73908,0.814025,0.83734,2,13,12,0.7649965475828301,0.8215788570349021,31.944806040093724,-0.04103114854430501,-0.04259019288612988,1.0024120022916327,0.6256379977083674,0.04803834391266395,0.04259550812577513,0.045309003497139136,-130947760.0,-0.5279026620214827,0,0,-1,0,0,-0.008026315789473677,-0.5445837109569106,0.7245290138518733,0.6761827288153919,0.05858725761772865,-0.20385416666666667,0.06473710157042466,0.0350647651445768,0.0
2023-12-14,0.777,0.7643,0.02760329613569088,0.031796965910139384,0.015740024711055765,0.4019261061397847,0.016479968118809158,0.7465499999999999,0.80392,0.83299,3,14,12,0.7671789934768609,0.8187028017423278,35.27879103699844,-0.0374861478678572,-0.041569383882475344,0.9760000132154152,0.6318399867845848,0.03240555926137161,0.042478696792086795,0.0442264705932734,-130078010.0,-0.31287770725936237,0,0,-1,0,0,0.01399973832264823,-0.339497053129277,0.7193903423005674,0.6743284063798731,0.05142083897158334,-0.20641405372280663,0.21305505280986992,0.051480051480051525,0.0
2023-12-15,0.7814,0.777,-0.006472514505617479,-0.003247161589291446,-0.014674068580808048,1.080072215552665,0.005646832253322744,0.75312,0.79599,0.8278700000000001,4,15,12,0.7697646310265225,0.8162961693718551,44.89402697495182,-0.033930535966163244,-0.04004161429921293,0.9558494501126631,0.6361305498873369,0.03229423326901121,0.04204363750918575,0.04379038216629583,-127516690.0,-0.18253534576426336,0,0,-1,0,0,-0.009009009009009016,0.7169840971535989,0.42885457902030794,0.6674220543711156,-0.017848164906988373,-0.16872340425531906,-2.063511608951639,0.06206808292807779,0.0
2023-12-18,0.7799,0.7814,-0.013072081567352775,-0.011828500816155956,0.012045946174538521,-1.285647512590934,-0.001921476284517792,0.75853,0.78809,0.8226666666666667,0,18,12,0.7716074253853366,0.8139480294123806,50.524033249006145,-0.03087778549086273,-0.03820884853754289,0.9333728080560089,0.642807191943991,0.0324256350927922,0.0420460973627762,0.04377945964231143,-128224822.0,-0.11274561814419967,0,0,-1,0,0,-0.027386741745584815,-0.5079385937873022,0.1048931901255096,0.6674611033362874,0.03284333200900558,-0.1684614564452499,0.6305642055414632,0.03846647006026417,0.0
2023-12-19,0.766,0.7799,0.03223788785239134,0.010702022193999784,0.00210305019677889,-0.22810654791456794,-0.017983536595861074,0.76403,0.778285,0.8201233333333333,1,19,12,0.7705878934970936,0.810854608159969,47.12482468443198,-0.029242977733965114,-0.036415674376827335,0.898411622233671,0.658158377766329,0.032187856401021855,0.04130790432270717,0.040040878147186015,-128788523.0,-0.20453417854542086,0,0,-1,0,0,0.006411078343377362,-0.5900385692792817,0.2020641249488311,0.6557426521147991,0.007894736842105177,-0.20382496621972768,-0.7932735479576617,0.04817232375979103,0.0
2023-12-20,0.733,0.766,-0.037514944953235055,-0.0272946172874196,-0.041008023727377135,0.3273627402645519,-0.04403646785393986,0.76513,0.7696850000000001,0.8168966666666667,2,20,12,0.7637537310430764,0.8058317302141645,56.44687106257874,-0.030261370770766405,-0.035184813655615155,0.8753749791137311,0.663995020886269,0.035789415510454066,0.04044655305430767,0.04067112342163183,-129570548.0,-0.6942001561098624,0,0,-1,0,0,-0.013054830287206278,-0.429847368190742,0.36860972177825907,0.6420691246288683,-0.04095250556064367,-0.19005524861878453,-0.856129525753151,0.06275579809004099,0.0
2023-12-21,0.7443,0.733,-0.02139118998131756,-0.015564516541111573,-0.0013689256073417322,-0.09148145212352043,0.015298477479213557,0.76566,0.7617499999999999,0.8142666666666667,3,21,12,0.7602166890352443,0.8018619411680894,56.059322033898304,-0.029812973625573558,-0.03411044564960684,0.8471857129863282,0.6763142870136717,0.03533720289489863,0.040808453131127735,0.040802770334720136,-128856889.0,-0.4084942792668538,0,0,-1,0,0,0.009549795361527976,-0.45666246912317665,0.36360142428973763,0.6478141102451946,-0.04208494208494218,-0.1757475083056479,-0.9122781718834538,0.047024049442429175,0.0
2023-12-22,0.7354,0.7443,-0.027398974188114503,-0.03322564762832039,-0.027779564107075706,0.9164339272698412,-0.012029610498693282,0.75964,0.7540199999999999,0.8114466666666668,4,22,12,0.755704563756109,0.7975740739959547,52.04429301533221,-0.029831887843720817,-0.03325473408842963,0.8151026739221732,0.6929373260778267,0.023467082950532004,0.04079450825636067,0.04083858607820615,-130641292.0,-0.609665517384651,0,0,-1,0,0,-0.032648125755743634,0.19800318598617256,0.3416807759656582,0.647592742221009,-0.058868697210135545,-0.1737078651685393,-0.3884912127720168,0.04079412564590702,0.0
2023-12-26,0.7433,0.7354,0.030098031157279565,0.01342302033214077,0.02777956410707567,-1.3173769985959842,0.010685162864076139,0.75846,0.7505249999999999,0.8074233333333333,1,26,12,0.7534491885277255,0.7940725208349254,57.086441421676184,-0.028876542711571473,-0.032379095813058006,0.804990899527846,0.6960591004721538,0.018365089664016183,0.03663700667606714,0.03952305083119582,-130163363.0,-0.2653036142846074,0,0,-1,0,0,0.008974707642099454,-0.6001912634330481,0.3751080828756208,0.5815944506801208,-0.046929093473522365,-0.08595671421544526,-0.4978871341873002,0.0269070361899637,0.0
2023-12-27,0.728,0.7433,-0.0074400072646953665,-0.011263192278710714,-0.020761991448429128,0.5134405823341339,-0.020798683534561806,0.75526,0.7480749999999999,0.80096,2,27,12,0.7488220633408662,0.789809777555253,51.29198966408269,-0.029019488346365474,-0.031707174319719506,0.8019314124199332,0.6942185875800667,0.01905230888449616,0.035614875937506084,0.037248186328214784,-130961997.0,-0.7455008270313171,0,0,-1,0,0,-0.00914839230458754,-0.3648629323185413,0.3795276671195908,0.5653686282303568,-0.04960835509138384,-0.06306306306306309,-0.3899095762795341,0.03653846153846163,0.0
2023-12-28,0.8916,0.728,0.05353111446496236,0.2046345852592502,0.07657246526180066,1.8867576282726883,0.20271655331502772,0.76799,0.7535350000000001,0.79868,3,28,12,0.7747816881879813,0.7963768886807205,70.14255543822598,-0.01575006411896618,-0.028515752279568842,0.8363822602272808,0.6706877397727193,0.07508916155762638,0.06212448655797744,0.055872900164586736,-125692657.0,3.333000985699139,0,0,-1,0,0,0.06730769230769237,2.0834900968621723,1.6244536760160124,0.9861956505599001,0.21637107776261932,0.13957055214723924,2.115156407211534,0.15489008524001796,0.0
2023-12-29,0.95,0.8916,0.14695441295666323,0.04301738508369064,0.0845468838815511,0.6282006313622409,0.06344438308287272,0.78529,0.76592,0.79771,4,29,12,0.8066395630628937,0.8062880571529322,70.28376248029429,-0.0005156142072547665,-0.02291572466510603,0.8833558790364386,0.6484841209635615,0.07658137297066658,0.057563895322202435,0.05706972598141951,-115816675.0,3.13498739074253,0,0,-1,0,0,0.00942126514131906,3.677499805349571,1.6084105885270745,0.9137985091122117,0.27636705629450486,0.3526982770895628,1.695957021168474,0.11578947368421051,0.0
2024-01-02,0.9156,0.95,0.03278982282299097,-0.01602241289731656,0.06721351158687415,-2.1485619167539207,-0.036882396516174885,0.79871,0.775915,0.7968966666666667,1,2,1,0.8264505515969129,0.8133404405624204,71.42857142857144,0.008681924774368133,-0.0165961947772112,0.9084149984143302,0.6434150015856699,0.07872917295059208,0.05875624515175019,0.05698277024662601,-116968726.0,2.1084528554212083,0,0,-1,0,0,-0.02105263157894727,-0.23001836839394427,1.6784596074433582,0.9327264758608533,0.2450367147130812,0.27930697219505385,1.565563879569823,0.03986456968108342,0.0
2024-01-03,0.9199,0.9156,-0.032789822822990956,0.016022412897316606,-0.020693495951981188,-0.060315980859912056,0.004685380404699991,0.81271,0.78562,0.7962966666666667,2,3,1,0.8434413603974742,0.8202152508487158,71.38272265311582,0.01613205446339616,-0.010050544929089727,0.9305182307138622,0.6407217692861378,0.07856631929191947,0.05879202297383961,0.05698491669646357,-115884108.0,1.8534387802866905,0,0,-1,0,0,-0.01703800786369588,-0.2631843737586334,1.68762790245783,0.9332944311790542,0.23758912955737932,0.2674290438137228,1.5864093784079083,0.07609522774214583,0.0
2024-01-04,0.8997,0.9199,0.028371474129690672,-0.025695747140585125,0.011299555253933466,-0.4053070004217503,-0.022203594060038447,0.8260799999999999,0.795055,0.7942166666666667,3,4,1,0.8536702039615697,0.8253432991810568,67.36788096459725,0.02017381357060155,-0.004005673229151472,0.9440123089700072,0.6460976910299927,0.07879310483655247,0.05884048615155272,0.056930473309512855,-116607301.0,1.4050334384205412,0,0,-1,0,0,0.006522448092183818,-0.4309803144080167,1.6911536668998686,0.934063760274891,0.2358516483516484,0.2654008438818567,1.5826668245999882,0.039902189618761734,0.0
2024-01-05,0.9148,0.8997,-0.03461313505316664,0.015113637810048106,-0.009029406719394265,0.19307484646111356,0.016644087725552804,0.84426,0.804695,0.7945433333333333,4,5,1,0.8647847123321932,0.8311146992338918,67.56756756756758,0.024315091348946605,0.0016584796864681436,0.9586174476663032,0.6507725523336969,0.07579221597451008,0.05884372645234088,0.055916411929365216,-115730087.0,1.4306555238609844,0,0,-1,0,0,-0.005890852506391111,-0.36620117495466614,0.6260578354827666,0.9341151984552422,0.026020637056976215,0.2670360110803325,0.8102124417930489,0.06340183646698726,0.0
2024-01-08,0.9115,0.9148,0.017291497110061043,-0.01727603458734997,-0.0022701485345391855,-0.39628104211123544,-0.0036138680299082635,0.86098,0.81332,0.7948266666666667,0,8,1,0.8732784009990672,0.8363008476704149,66.63257478905652,0.027019339279570675,0.00673065160508865,0.9710280794272701,0.65561192057273,0.07628866797044818,0.05891050868797177,0.0559204326740932,-116320292.0,1.2450852278025166,0,0,-1,0,0,-0.005247048535198858,-0.4653096950996639,0.3353784381438049,0.9351753335800996,-0.04052631578947363,0.23342354533152898,-0.3313454513914288,0.04816236972024142,0.0
2024-01-09,0.8685,0.9115,-0.022223136784710235,-0.0206688969767734,-0.02298951822469872,0.011790503857080328,-0.04832400843755799,0.87429,0.8169649999999999,0.79411,1,9,1,0.8724096008174185,0.8383782123368398,60.2404068423486,0.02539993991718703,0.010464509267508327,0.9763099389839409,0.657620061016059,0.07884227914748518,0.058270130703439754,0.056563004714139935,-116917497.0,0.6468357304425452,0,0,-1,0,0,-0.02358749314317056,-0.4437484328599538,0.3967734154358669,0.9250096482271848,-0.05144167758846652,0.09162895927601822,-0.7617265072711732,0.05181347150259072,0.0
2024-01-10,0.8408,0.8685,-0.011299555253933394,-0.003985833443378292,-0.02353049741019416,-0.1525910145169842,-0.03241376611841829,0.88404,0.82125,0.79503,2,10,1,0.8666624006687969,0.838534456702205,58.378136200716845,0.021632035118542503,0.012698014437715163,0.978181060964951,0.664318939035049,0.08049155148774709,0.05744472886149131,0.05451488660272873,-117430186.0,0.24915399003599753,0,0,-1,0,0,0.013241220495106452,-0.4667451935467341,0.3949536892261515,0.9119068001942434,-0.08598760734862487,0.11349490133757123,0.38678873723594587,0.07302568981921981,0.0
2024-01-11,0.8897,0.8408,-0.04604393850140673,0.0032120534898865665,0.00047607713348609505,-0.049936154286173484,0.05653050768798028,0.9002100000000001,0.827735,0.7987866666666666,3,11,1,0.870851055092652,0.8418354594956112,66.94786934890766,0.02233430873648723,0.014625273297469578,0.9847282519528874,0.6707417480471126,0.08047228972408213,0.058580480492711855,0.054687097761402896,-116942470.0,0.7893969865481265,0,0,-1,0,0,-0.0004757373929590342,-0.47318530547572163,0.6596951295297881,0.9299362983983164,-0.011114816049794363,0.17065789473684223,0.5576119459099597,0.07182196245925587,0.0
2024-01-12,0.8675,0.8897,0.057455846994040466,0.043812101136717976,0.03058414018481535,0.4592629387565262,-0.025268815429707384,0.8977999999999999,0.832895,0.8016233333333334,4,12,1,0.8702417723485334,0.8434912363023461,63.01775147928996,0.020859060901697646,0.015872030818315192,0.9878805202092508,0.6779094797907493,0.038880911574638584,0.059080781966406856,0.054974933213085025,-117714479.0,0.44655784557523476,0,0,-1,0,0,0.0004495897493536652,-0.35146370888813916,0.6531421561599042,0.937878338078053,-0.051705290773939594,0.13502551354180303,1.492789461122836,0.09025936599423622,0.0
2024-01-16,0.8084,0.8675,-0.03672971647692351,-0.09636916539519022,-0.08611999450132883,-0.0984774591759669,-0.0705585262915484,0.88364,0.834465,0.80516,1,16,1,0.8589978137397091,0.8412272855731625,56.97363393198318,0.014750999938239029,0.01564782464229996,0.9876926500429668,0.6812373499570332,0.03593012584530682,0.06141231123635622,0.05299198257732998,-118414086.0,-0.3402127487133175,0,0,-1,0,0,-0.010951008645533214,-0.37943840649452587,0.7650432432149441,0.9748902178145771,-0.11311025781678552,0.040411840411840316,1.5716399803825483,0.07793171697179607,0.0
2024-01-17,0.7956,0.8084,-0.08497911412835832,-0.06376182206939887,-0.03195159980660236,-0.4702698140936699,-0.015960438549648896,0.87164,0.8351749999999999,0.8078233333333333,2,17,1,0.8474709385143074,0.8382835897297327,54.94983910656824,0.00877629690489412,0.014273519094818794,0.987496265408296,0.6828537345917037,0.03519078284827521,0.061562603386500735,0.05307711748500072,-118851224.0,-0.5196254100689013,0,0,-1,0,0,-0.025111331024245405,-0.4490383531497539,0.7338477189715069,0.9772760317343024,-0.08393782383419701,0.018172510877911385,1.1600676982434723,0.04399195575666168,0.0
2024-01-18,0.8174,0.7956,0.0024079601014633397,0.04232149083152937,0.012903404835908001,-0.36814451701924644,0.02703202415035992,0.8613900000000001,0.83705,0.8108766666666667,3,18,1,0.8420034951480697,0.8369362613600726,58.35826477187734,0.005734278324297515,0.012565670940714539,0.9874170666658421,0.6866829333341579,0.037164468711719634,0.0617993440872145,0.05321286001992497,-118548717.0,-0.2613604220087338,0,0,-1,0,0,-0.007038712921065785,-0.49800918032519814,0.7752045735418794,0.9810341738500772,-0.027830637488106547,0.0480830875753302,0.056384279880624125,0.07315879618301928,0.0
2024-01-19,0.801,0.8174,0.03152319820779802,-0.027891937885862902,0.016529301951210506,-0.06955570868302749,-0.020267624061817667,0.85152,0.8388,0.8138766666666667,4,19,1,0.834548314212057,0.8346177928852293,38.31269349845203,0.001977320424123019,0.010448000837396235,0.9864760038263183,0.6911239961736817,0.037107843842834984,0.06184302749253088,0.053207452001741026,-118830898.0,-0.5119315125083763,0,0,-1,0,0,-0.002569121605089296,-0.49933498760017864,0.5385884743568898,0.9817276264114027,-0.09969652691918629,0.04569190600522188,-0.00710020552060723,0.029588014981273336,0.0
2024-01-22,0.7602,0.801,-0.01894441600093776,-0.020660102696302578,-0.053086897685008176,0.5197445207577206,-0.05227939051321096,0.83606,0.84016,0.8151499999999999,0,22,1,0.8210304389007739,0.82981664495715,24.35135135135137,-0.004243399530989511,0.007509720763719086,0.9841894472844289,0.6961305527155711,0.03766323762836885,0.062181124759939005,0.054140554381050386,-119305413.0,-1.1103284988950246,0,0,-1,0,0,-0.0012484394506866428,-0.40645914839336805,0.5824844278417832,0.987094754142477,-0.12368876080691649,0.037107776261937175,0.4671336870748322,0.06314127861089193,0.0
2024-01-23,0.8189,0.7602,-0.023140692441642647,0.048790164169431834,0.03873471127644476,0.5306611014025309,0.07438041972099409,0.8268000000000001,0.84389,0.8178133333333334,1,23,1,0.8206430863733604,0.8291123452824952,37.73776312452448,-0.004386204059570686,0.005130535799061133,0.9811725576408976,0.7066074423591024,0.04821761547744051,0.0643034574559367,0.05570591250277953,-118498711.0,-0.3640666437082076,0,0,-1,0,0,0.028282031044461937,-0.26208926044391306,0.7896552465041368,1.020785741220184,0.01298861949529928,0.10022840252586329,0.7817372394258336,0.07119306386616195,0.0
2024-01-24,0.8754,0.8189,0.08376531425807734,0.056695343676545294,0.059954665564358786,0.3331802501044226,0.06671894848065249,0.8274900000000001,0.8508899999999999,0.8204733333333334,2,24,1,0.8305988888509311,0.8320986455868504,45.01679731243,5.901978908595673e-05,0.004116232597066098,0.9788403834790115,0.7229396165209884,0.052009583735611924,0.06560867314774552,0.055384829905233114,-117373040.0,0.3831172573862673,0,0,-1,0,0,0.03797777506411042,-0.1067628850396569,0.8825962836720909,1.0415053979871354,0.10030165912518862,0.19037258634756582,-0.3280345702443039,0.06739776102353216,0.0
2024-01-25,0.89,0.8754,0.04339749858991163,0.023347363996991107,0.05770043559431292,-0.44279866747971663,0.01654053796939072,0.83241,0.858225,0.82497,3,25,1,0.8413990908780346,0.8358342168393117,48.89997731911998,0.004705744801120737,0.004234135037877026,0.9766725166956791,0.7397774833043209,0.050745586185034885,0.06562256630741502,0.054416683454539906,-116650093.0,0.53652454498709,0,0,-1,0,0,0.014050719671007642,-0.2906420083146993,0.8806123199222582,1.041725945059598,0.08881820406165897,0.19736311045338373,-0.137776254518285,0.03449438202247198,0.0
2024-01-26,0.8451,0.89,0.012871631065152815,-0.011049836186584935,-0.04572424454759715,-0.7948079606986962,-0.05176649917574896,0.8279500000000001,0.8640799999999998,0.8278066666666667,4,26,1,0.8420719834456646,0.8364320093012916,42.59613341831315,0.004710948217374611,0.004329497673776543,0.9658224115923939,0.7623375884076058,0.05016402965819603,0.06670849752495375,0.055412484848818895,-116976625.0,-0.37309907840672357,0,0,-1,0,0,0.010337078651685377,-0.4538748054360639,0.9844745391769236,1.0589645687147724,0.05505617977528088,0.16085164835164822,-0.07702959840609216,0.07099751508697202,0.0
2024-01-29,0.805,0.8451,-0.056269129655064525,-0.05715841383994864,-0.06010392406970532,0.7646544567472913,-0.04861268613187318,0.8216999999999999,0.85975,0.8291633333333333,0,29,1,0.83533162281918,0.8344041377334663,39.50738916256159,0.0014624785495691572,0.003756093848935066,0.9639035607234487,0.7555964392765513,0.05168906780734974,0.044567624154099254,0.056230465727279993,-117678098.0,-1.0513322755306196,0,0,-1,0,0,0.0057981303987693945,-0.20535097684377535,0.9705792673228965,0.7074891002204521,0.058931860036832484,-0.0971287572902646,-0.06528816491361066,0.07329192546583843,0.0
2024-01-30,0.7806,0.805,-0.07320340402329494,-0.03581006544199657,-0.013363227812167252,-0.6003053764079656,-0.03077942267204887,0.81892,0.85128,0.8292833333333334,1,30,1,0.8253804186702383,0.8309329030409847,41.01043158110042,-0.0030457239371679545,0.0023957302917144625,0.9520273881119181,0.750532611888082,0.04790445276309487,0.04174561602625237,0.056495092114003775,-118062957.0,-1.4031132980139038,0,0,-1,0,0,-0.018633540372670822,-1.0127163483319865,0.8091316521712298,0.6626911099959372,-0.046770057394065256,-0.1783157894736842,1.0644665476994257,0.050730207532667285,0.0
2024-01-31,0.7731,0.7806,-0.013893538124254756,0.008378410981325746,-0.013544225107757149,-0.22041964220133511,-0.00965444842008543,0.8166699999999999,0.8441550000000001,0.8290066666666667,2,31,1,0.8158748880029222,0.8272017480060825,42.777896308939624,-0.007141372906125376,0.0004883096521464949,0.9459002023997876,0.7424097976002126,0.04775176678891756,0.041252272661254585,0.05652589978268825,-118371684.0,-1.3967243334148303,0,0,-1,0,0,-0.0019215987701767178,-1.2194577828336983,0.4455391880851173,0.6548595268674497,-0.11686086360520898,-0.15563564875491476,0.7688747526282326,0.07372914241365922,0.0
2024-02-01,0.7702,0.7731,-0.006309169193264721,0.0035005165807110066,0.0,-0.3249179743655063,-0.003758184945620517,0.8119500000000001,0.83667,0.8286833333333333,3,1,2,0.8075703629114818,0.8235242158766579,35.864679441684416,-0.010500170555238775,-0.001709386389330559,0.9369684409849206,0.7363715590150794,0.04663436483635006,0.04116265919430847,0.05653023902788679,-118594766.0,-1.3254443308843362,0,0,-1,0,0,0.0014228430992109557,-1.4626802139350104,0.3380002729756965,0.6534369571814794,-0.13460674157303376,-0.16273507989998914,0.15120949610628853,0.07777200727083869,0.0
2024-02-02,0.745,0.7702,-0.00543972329581821,-0.06715269142118345,-0.03974032864951411,0.849125753046033,-0.03326600300124898,0.8063499999999999,0.8289350000000001,0.8279833333333334,4,2,2,0.7961939332912124,0.8184581374330027,35.6119332863519,-0.0150223035218634,-0.004371969815837128,0.9325719630301427,0.7252980369698575,0.04725708616768709,0.04142358333203702,0.056766359605493144,-119116243.0,-1.6197888773639146,0,0,-1,0,0,-0.00025967281225652817,-0.1555729835831163,0.2839654734313519,0.6575789994583817,-0.11844752100343148,-0.17194620429031904,0.030875647721005078,0.04832214765100675,0.0
2024-02-05,0.7299,0.745,-0.03448389765043382,0.01140380094954922,-0.026843572896414376,-0.07836842095774167,-0.020476679921972933,0.80332,0.8196899999999999,0.82788,0,5,2,0.7841404908746282,0.8127447092115186,39.717055279014936,-0.019598649253300238,-0.00741730570332975,0.9240614802787868,0.7153185197212131,0.04497366221223824,0.041056357046537616,0.05631312448850014,-119598413.0,-1.7205849674673914,0,0,-1,0,0,-0.0014765100671140805,-0.2526018529927968,0.20047360059049296,0.6517494629004771,-0.09329192546583853,-0.2021206821163095,0.2022685667685509,0.08836826962597616,0.0
2024-02-06,0.76,0.7299,0.04738730248634172,-0.006262401449130662,0.04133269141055271,0.22109819825537252,0.04041089482279011,0.79743,0.812115,0.8284033333333334,1,6,2,0.7797513107156049,0.8093418247462595,45.53884711779449,-0.020559619279317154,-0.010045768418527232,0.9102340313682219,0.7139959686317782,0.03885098953333533,0.042642841531257594,0.05673240334514555,-118996932.0,-1.0622811756961288,0,0,-1,0,0,0.06863953966296758,0.2847514684071275,0.446342527022013,0.6769341233330661,-0.026389956443761187,-0.1662095447065277,1.3891911614760335,0.03842105263157895,0.0
2024-02-07,0.738,0.76,-0.025975486403260677,-0.0006412311858063197,-0.0308382565156678,-0.5328277450585193,-0.029374608679904244,0.78369,0.8055899999999999,0.82849,2,7,2,0.7721601633127676,0.8047391263755331,40.05511022044088,-0.02283320412272838,-0.012603255559367463,0.9052654079410628,0.705914592058937,0.028631582380199378,0.04195507968217041,0.05696234496913866,-119349967.0,-1.356202124398934,0,0,-1,0,0,0.0,-0.7723616073176327,0.4787983454184169,0.6660162424495304,-0.0454016298020955,-0.15025906735751304,1.564474072421,0.06978319783197831,0.0
2024-02-08,0.7213,0.738,0.010341083056121185,-0.012392052213827245,-0.028280773114946946,0.3732289958348198,-0.02288868509084543,0.7668200000000001,0.799615,0.8277566666666666,3,8,2,0.7629128608922644,0.7993559569319504,40.025031289111396,-0.0256864890670222,-0.015219902260898411,0.9045893683041204,0.6946406316958795,0.026152469891848686,0.04171949263149333,0.0571028406530579,-119862721.0,-1.4920785190745645,0,0,-1,0,0,0.04051490514905154,-0.06050481801730424,0.48475428418912453,0.662276413960338,-0.0634900025967281,-0.1421265461465271,2.089710548709047,0.08623319007347847,0.0
2024-02-09,0.7195,0.7213,-0.06760786190047163,-0.052942167062467446,0.00465215472150189,-0.060997677269236154,-0.0024986131822044818,0.75426,0.7911050000000001,0.8274733333333333,4,9,2,0.7550196134573072,0.7942039597105344,44.35506241331485,-0.02777283494569105,-0.01773048879785694,0.8928765599855976,0.6893334400144026,0.024385294127711052,0.03885367961945974,0.056968272821622284,-120345133.0,-1.4071711195177399,0,0,-1,0,0,-0.004990988492998818,-0.1945135816971363,0.4523901295918605,0.6167830427572151,-0.03422818791946303,-0.19130043835000565,1.6547578212239753,0.0266851980542043,0.0
2024-02-12,0.75,0.7195,0.030598531762189168,0.03999996405884024,0.03387811023825139,-0.3059711239259684,0.041516680202933545,0.7487600000000001,0.7852300000000001,0.8227533333333332,0,12,2,0.7541069564650694,0.7913520913421128,39.6328618718026,-0.026657888440993482,-0.01951596872648425,0.8818693207583702,0.68859067924163,0.02770884583333496,0.04036470890132539,0.039257114283578046,-119989881.0,-0.7291028066740374,0,0,-1,0,0,0.02849200833912434,-0.6827066669868955,0.542938486721076,0.6407698889785333,0.0275380189066996,-0.13544668587896258,0.2752720583425799,0.03266666666666662,0.0
2024-02-13,0.7227,0.75,0.01342302033214077,-0.0015801952195175833,-0.021299328031391323,-0.3466376773641719,-0.03707900824142074,0.74297,0.780945,0.8151766666666665,1,13,2,0.7483966007441476,0.7869229241587508,24.81029363246455,-0.027658339032002544,-0.02114444278758791,0.8808048275521472,0.6810851724478528,0.028344749694023643,0.0383897277089212,0.03730574337405586,-120241066.0,-1.1665351608900836,0,0,-1,0,0,0.0,-1.0449000176169032,0.5029863711183773,0.6094180345037454,-0.049078947368421,-0.10601187530925282,1.4720420247037795,0.053687560536875685,0.0
2024-02-14,0.7502,0.7227,0.02241359483690001,0.01074856330639698,0.009400124511915268,1.5245414620493252,0.037345639358851636,0.74068,0.778675,0.8096633333333334,2,14,2,0.7487244915179389,0.7845537032452831,27.87974683544303,-0.025933240902086596,-0.02210220241048765,0.8791940293626427,0.6781559706373573,0.03172264022566119,0.039457815751709126,0.03785702575224306,-119087364.0,-0.5665593904069792,0,0,-1,0,0,0.061297910612979116,2.3772686686038447,0.5621773993397983,0.6263734065409768,0.016531165311653107,-0.05706385118149826,0.13346182653416505,0.053585710477206096,0.0
2024-02-15,0.7971,0.7502,-0.04944226722481941,0.06681753889104251,0.0027480094237324407,-0.05217861778076646,0.06064030378609069,0.74337,0.77766,0.8055699999999999,3,15,2,0.7575200385146772,0.7853631417455874,42.45283018867926,-0.020544822243011907,-0.0217907263769925,0.8769348529180607,0.6783851470819393,0.037786542159882676,0.04156925277267987,0.03983687383519503,-117992317.0,0.39163996578358806,0,0,-1,0,0,-0.026926153025859767,1.8439798532177505,0.6309280090379463,0.6598914301397588,0.10508803549147361,-0.02483484218252996,-0.7448612403885121,0.1144147534813699,0.0
2024-02-16,0.796,0.7971,0.07772178670343748,0.01212136053234482,0.06802277064851886,-0.4469052465680729,-0.0013809555894944505,0.74847,0.7774099999999999,0.8021133333333333,4,16,2,0.7645163951483722,0.7860493906652269,48.38709677419355,-0.016176746971736655,-0.02066793049594133,0.8764623072916392,0.6783576927083607,0.03563431445990112,0.04131436555876633,0.03969397799866382,-118692714.0,0.3753572331286672,0,0,-1,0,0,-0.010161836657884827,0.4250744296691552,0.6283763641050375,0.6558452210574467,0.10632383599722028,-0.006242197253433224,-0.7705146894985917,0.0626884422110552,0.0
2024-02-20,0.73,0.796,-0.011472401162236807,-0.059443091183077744,-0.08156075887322087,0.7495456968750974,-0.08655465170194629,0.74848,0.7759,0.7959533333333334,1,20,2,0.7582406869395771,0.7824333009448898,42.10854647535871,-0.01783507264841011,-0.020101358926435088,0.8769574406792469,0.6748425593207532,0.04521906691847511,0.04394434359734522,0.04205611679047517,-120174781.0,-0.9083942694667129,0,0,-1,0,0,-0.02010050251256283,2.4509147010584558,0.921437825284062,0.6975948281192937,-0.026666666666666727,-0.03972638779268611,-0.3318380867130526,0.08643835616438363,0.0
2024-02-21,0.74,0.73,-0.04590970130407797,-0.022368247870374173,0.015183176421390247,-1.199977602943815,0.013605652055778678,0.74648,0.771955,0.7902366666666667,2,21,2,0.7549241984051085,0.7796956686258647,44.87774682760755,-0.018133361168328976,-0.019707759374813866,0.87210060925713,0.6718093907428699,0.0432897415581691,0.04011385221597643,0.04221755903136858,-119728381.0,-0.6381707642908946,0,0,-1,0,0,0.02054794520547947,-0.4751919727515914,0.878169620878728,0.6367876625536253,0.023938010239380025,-0.09634876053242147,-1.2041268038059103,0.0470270270270271,0.0
2024-02-22,0.756,0.74,-0.006734032181344068,0.025814546513961742,0.00027393507909959764,0.022097237725800654,0.02139118998131756,0.7482800000000001,0.765985,0.7864866666666667,3,22,2,0.7551197986950887,0.7781669158112928,47.88816180844735,-0.016884061733298594,-0.01914301984651081,0.8536197750058394,0.6783502249941606,0.042717397016330004,0.036822499453928625,0.0417736676203764,-119272007.0,-0.22787757484023186,0,0,-1,0,0,0.0,-0.3721387625395261,0.8475980810796132,0.5845390572414411,0.007731271660890382,-0.13639479095270723,-1.1107046602312487,0.07222222222222234,0.0
2024-02-23,0.7591,0.756,0.01342302033214077,-0.02803982395556592,0.013466842981884301,-0.07965184009498696,0.004092144843189586,0.75206,0.75944,0.7837633333333334,4,23,2,0.755843471659618,0.7769367922105642,52.24450811843363,-0.015465561472425393,-0.018407528171693728,0.8247977169027911,0.6940822830972089,0.041743615997908864,0.036509074462404166,0.0414537899864769,-118850574.0,-0.01040428020169985,0,0,-1,0,0,-0.007936507936507943,-0.43299290602533425,0.6709661097342396,0.5795635897479635,-0.04767281395057088,-0.14707865168539325,-1.9934837414325401,0.030299038334870267,0.0
2024-02-26,0.7645,0.7591,0.0,0.012889964291834581,0.013287894326935371,-0.4141386254877378,0.007088504346394358,0.75656,0.75541,0.77959,0,26,2,0.7574173859033237,0.7761344185195601,55.68331143232588,-0.01374718592362234,-0.01747545972207945,0.8070227238576759,0.7037972761423241,0.0416388651853148,0.035171639396625376,0.039893295159985465,-118572045.0,0.3522387241202754,0,0,-1,0,0,-0.011987880384666048,-0.8575164394277001,0.6796759973729446,0.5583324662754756,-0.039572864321608114,-0.09537332860016567,-2.0965509869812586,0.030085022890778315,0.0
2024-02-27,0.76,0.7645,0.01980262729617973,-0.0038885337396924805,-0.01058920155426832,0.6202290957474597,-0.005903592088740212,0.75756,0.75316,0.7760066666666667,1,27,2,0.7578869521027194,0.7750934882924918,50.0,-0.012603191565744076,-0.016501006090812377,0.7993040490638695,0.7070159509361306,0.039823300143706636,0.03369128812372644,0.039703929656220535,-119089929.0,0.2964629302700547,0,0,-1,0,0,0.0006540222367561229,-0.10242644498107578,0.16396854567074998,0.5348326183488246,0.041095890410958846,-0.05590062111801242,-0.07225126972810733,0.03671052631578952,0.0
2024-02-28,0.7665,0.76,-0.006688988150796652,-0.0027309985112316283,-0.005946767085831254,-0.35018822782332476,0.008516265031491941,0.76194,0.7524550000000001,0.7746100000000001,2,28,2,0.7594529608113159,0.7745390696929761,55.412077478161784,-0.011044755056685673,-0.015409755883987037,0.7972448238067578,0.7076651761932424,0.03746801032632625,0.033108171591842435,0.037833350210713046,-118725051.0,0.6271513842338811,0,0,-1,0,0,-0.00013157894736840655,-0.5658050643566819,0.15687396357456318,0.5255759303764114,0.035810810810810834,-0.018063028439661788,0.3660501456375132,0.03939986953685585,0.0
2024-02-29,0.7524,0.7665,-0.0026353948577557793,-0.0005210368751457299,0.0031129483079587925,0.31601657520176685,-0.018566600884993484,0.76216,0.7514200000000001,0.77317,3,29,2,0.7581706043001675,0.77311074261601,55.96471039509013,-0.010822677962048055,-0.014492340299599242,0.7951451511484664,0.7076948488515338,0.036432070529315255,0.03329477882820926,0.0378706627084133,-119225537.0,0.04482545968439694,0,0,-1,0,0,-0.011219830397912514,-0.18411995999452224,0.17916485109822144,0.5285382284180414,-0.004761904761904856,-0.02677532013969741,-1.1564652953009869,0.036549707602339145,0.0
2024-03-01,0.7512,0.7524,-0.013415888274970061,0.00972454989199478,0.0,0.9604264038590328,-0.0015961695328221036,0.75757,0.75047,0.7709633333333332,4,1,3,0.756903221700137,0.771697146318203,56.09381007304883,-0.010621077070670504,-0.013718087653813495,0.7932934613612241,0.7076465386387758,0.02933446793037436,0.03328829570173167,0.0374844489188822,-120533212.0,0.03409346077106271,0,0,-1,0,0,-0.0061137692716639255,1.962606555446586,0.17362117213572925,0.5284353119757741,-0.010407060993281592,-0.024668917164372917,-0.7877181871311456,0.04659211927582539,0.0
2024-03-04,0.72,0.7512,0.01789193576915353,0.0038634948250446392,-0.03297001923756983,-0.3270288289417956,-0.04242071588395214,0.74997,0.74922,0.7682633333333333,0,4,3,0.7501935450273849,0.7683618465557382,44.2484662576687,-0.012830978627902723,-0.013540665848631343,0.7941246522124905,0.7043153477875095,0.031383181753561355,0.033788887363375125,0.03803941447869073,-121476128.0,-1.3014241759063125,0,0,-1,0,0,0.013445154419595312,0.8544579060791825,0.3054476130742719,0.5363819582463811,-0.058207979071288385,-0.033557046979865834,-0.994343816261842,0.0861111111111112,0.0
2024-03-05,0.71,0.72,-0.04198296416973008,-0.05264720740238507,-0.008415196925284472,-0.3595853573060657,-0.013986241974739952,0.74797,0.7482249999999999,0.76659,1,5,3,0.7428856277496785,0.7645965661327874,47.392197125256665,-0.015213881800914653,-0.013875309039088006,0.7957382723929078,0.700711727607092,0.01831976106841908,0.03362871604027607,0.037011979788956845,-122134251.0,-1.6090240926325101,0,0,-1,0,0,0.013888888888888902,0.03914270998637174,0.30098450824412315,0.5338393173178755,-0.06578947368421062,-0.027264008768324466,-0.6289472353693731,0.03957746478873241,0.0
2024-03-06,0.7318,0.71,-0.025669116612529675,0.005269926391373825,0.002110447494546062,-0.06880588528133291,0.030242282549745463,0.74715,0.746815,0.7636866666666666,2,6,3,0.7408700590679187,0.7624806586403494,46.131202691337265,-0.015168419821924961,-0.014133931195655399,0.7945302640347276,0.6990997359652724,0.020644746446366574,0.03301182259138486,0.034483745257439725,-121519888.0,-0.629358353296419,0,0,-1,0,0,0.002112676056338108,-0.08483305874067534,0.4201386267613837,0.524046437410729,-0.0452707110241356,-0.03710526315789475,0.6096713956459675,0.04167805411314563,0.0
2024-03-07,0.728,0.7318,0.03167842177637372,-0.00947874395454377,-0.002110447494545982,0.06298611659472657,-0.005206204388420472,0.74435,0.7463150000000001,0.7587733333333334,3,7,3,0.738530048328297,0.7602561000183915,32.25475089881867,-0.015263075880301513,-0.014359760132584623,0.7946250632516402,0.69800493674836,0.019073097609980962,0.03238868622805113,0.03167631096639213,-122174192.0,-0.7582271173854561,0,0,-1,0,0,0.003552883301448547,-0.01566137747090944,0.41179517385534475,0.5141544543091556,-0.03242955874534814,-0.013550135501354976,0.15775768549355668,0.03434065934065937,0.0
2024-03-08,0.724,0.728,0.03426459397409608,0.033447934067540125,0.0030938008083162888,-0.2989160964191211,-0.0055096558109695845,0.7408399999999999,0.74645,0.75324,4,8,3,0.7358882213595157,0.7579169967913986,31.781376518218607,-0.015482386742216914,-0.01458428545451108,0.7944800125558417,0.6984199874441582,0.018882951706588796,0.031987714741894734,0.03139508325506836,-122659438.0,-0.9348321520382146,0,0,-1,0,0,0.043956043956043994,-0.49178161182950536,0.40991373623924593,0.5077892292979688,-0.03620873269435565,0.0037432413697489064,0.30850552975437745,0.06602209944751375,0.0
2024-03-11,0.76,0.724,-0.01324522675002068,0.025975486403260736,0.027421743117634106,1.045612417155691,0.04852704089466038,0.7403899999999999,0.748475,0.7504033333333333,0,11,3,0.740272181112331,0.7580513840951794,58.94988066825776,-0.012605979164034276,-0.014188624196415721,0.7951157942155963,0.7018342057844037,0.025469184265140863,0.03379509660225613,0.03186954953332151,-121278845.0,0.494202562105863,0,0,-1,0,0,0.035911602209944785,1.7621334153700434,0.4377285039548786,0.5364805268578419,0.05555555555555558,0.05628908964558721,0.7951817401506667,0.06315789473684216,0.0
2024-03-12,0.7962,0.76,0.01718482475410097,0.04548801477367298,0.03753791931906524,-0.281561210933694,0.04653197728584011,0.74401,0.7507849999999999,0.7501099999999999,1,12,3,0.7504408754555434,0.7605125851212968,64.49948400412798,-0.00732097631316142,-0.012815094619764862,0.8020872119232632,0.6994827880767367,0.029473127700921427,0.03413287906868648,0.032028031119910726,-120237043.0,1.770488963241229,0,0,-1,0,0,0.003947368421052635,0.795607966464384,0.43371606876536456,0.5418426572783183,0.12140845070422546,0.0616000000000001,-0.31274777289771916,0.07071087666415475,0.0
2024-03-13,0.775,0.7962,0.0425923792817599,-0.014560968024872497,0.014499633558538238,-0.5538613661936518,-0.026987381212869824,0.74486,0.7534,0.7499233333333333,2,13,3,0.7549061708272626,0.7614472570489552,54.77386934673367,-0.004788042725575314,-0.011209684240926953,0.804001518604301,0.7027984813956989,0.031065250537567857,0.03359654010711287,0.03191414608130058,-120835794.0,0.8537293186360652,0,0,-1,0,0,0.0,-0.426388875316471,0.5491261286694641,0.5333285402137679,0.05903252254714397,0.0723675107236752,0.3093934362548742,0.04309677419354837,0.0
2024-03-14,0.7468,0.775,-0.046531977285840076,-0.03606844624921912,-0.06164641198424019,0.4519325887632514,-0.037065617685779505,0.7443000000000001,0.7532300000000001,0.7490466666666666,3,14,3,0.7534323215859422,0.7605022727232161,47.25568942436413,-0.0049985586586567265,-0.009967459124472909,0.8038995839502656,0.7025604160497345,0.03281917780499766,0.03375326582671512,0.032567317221034564,-121776639.0,-0.2538011761182556,0,0,-1,0,0,-0.019354838709677438,0.5497090592471293,0.6466775567908066,0.5358164838824591,0.025824175824175954,-0.004532124766728818,0.295425431523949,0.06829137653990365,0.0
2024-03-15,0.68,0.7468,-0.05712745456686995,-0.05237907082429589,-0.10873785997956865,2.205299844116087,-0.09370461349741507,0.7371800000000001,0.747375,0.74604,4,15,3,0.7400809903884982,0.7553085777088151,35.20140105078811,-0.010435304091598985,-0.010061028117898125,0.803471941475952,0.691278058524048,0.04329974145896049,0.03604176302854863,0.0363844131773578,-130312899.0,-2.4020917443024143,0,0,-1,0,0,-0.038832351365827564,4.166756910173386,0.94476209141116,0.5721452507151711,-0.06077348066298338,-0.14690753983189053,-0.151383175704957,0.1266176470588236,0.0
2024-03-18,0.711,0.68,-0.05409818054335441,-0.022522237348821892,0.022353245780748123,-1.8818740964946428,0.04457963163308834,0.73628,0.743125,0.7449066666666666,0,18,3,0.7347935375905894,0.7524499597921174,42.14743589743589,-0.012103007161948565,-0.010469423926708212,0.7965254090345927,0.6897245909654074,0.04477741499035795,0.03792727450385512,0.03701896665331741,-129012789.0,-1.2031743044960428,0,0,-1,0,0,0.0,0.08640315432247797,0.9283235415112935,0.6020768174620879,-0.06447368421052635,-0.10678391959799005,-0.17787978532061735,0.07735583684950766,0.0
2024-03-19,0.7351,0.711,0.0437353935078079,0.05406722127027579,0.036904556935450764,-0.5145990822896921,0.033334114576801153,0.7387900000000001,0.7433799999999999,0.7450800000000001,1,19,3,0.7348492580286641,0.7513306075474646,45.2366504854369,-0.011349179001545084,-0.010645374941675587,0.7965647861191099,0.69019521388089,0.045710739185677744,0.0340858289694113,0.037360275238711764,-128235661.0,-0.31136723879857225,0,0,-1,0,0,-0.0008438818565399915,-0.18785587220061806,0.8765568318781929,0.5410957601072601,-0.07673951268525503,0.006986301369863002,-0.24617374238485937,0.0952251394368114,0.0
2024-03-20,0.7615,0.7351,0.027216342464476472,0.005249355886143745,0.046025822395282356,-0.14380179551920955,0.035283627955174604,0.74176,0.744455,0.74513,2,20,3,0.7396948474779979,0.7519866973831121,51.330798479087456,-0.008523254613746811,-0.010220950876089832,0.7982181247213049,0.690691875278695,0.0460715717515934,0.034877295131506066,0.03717430279563854,-127562622.0,0.6340777284935406,0,0,-1,0,0,-0.006937831587539102,-0.2532914134082381,0.9330994289161849,0.553659895923413,-0.01741935483870971,0.029054054054054035,-1.0201813407666513,0.05449770190413655,0.0
2024-03-21,0.7401,0.7615,0.02702867238791942,-0.011717598357140688,0.017153079226249493,-0.5293264996019298,-0.028504860131795758,0.74297,0.74366,0.7452000000000001,3,21,3,0.7397685115729072,0.7512198136809759,48.46727423363712,-0.007919202690386484,-0.009760601238949163,0.7971739686713339,0.690146031328666,0.0471886134456589,0.03517743790676966,0.0371513456066168,-127959043.0,-0.13304937340246287,0,0,-1,0,0,-0.015101772816808872,-0.4071927623003245,0.915603400210894,0.5584245147703744,-0.008971612212105073,-0.021031746031746068,-1.174082690947627,0.02715849209566276,0.0
2024-03-22,0.73,0.7401,-0.014775285582154402,0.001323451754844229,-0.006825965070399871,0.4066424552804369,-0.013740778060983899,0.74357,0.742205,0.7454900000000001,4,22,3,0.7379924185596513,0.7498507934434937,51.46627565982404,-0.008161393318062649,-0.009440759654771862,0.7955334746770205,0.6888765253229795,0.04741519983469822,0.03527986714526917,0.03699211760767554,-128554375.0,-0.4577291990411721,0,0,-1,0,0,-0.0014862856370760572,-0.3006183062744721,0.526986031802724,0.5600505285226829,0.07352941176470584,-0.03833487024107496,-0.632062847517948,0.03575342465753426,0.0
2024-03-25,0.7886,0.73,-0.012253386805765001,0.05016847209010781,-0.01088090068530085,0.9160562133701415,0.07721468730108998,0.7464299999999999,0.74341,0.7477933333333334,0,25,3,0.747193797003351,0.7523507422535909,60.087268993839835,-0.0035834926039278736,-0.008269306244603064,0.7998575313040788,0.6869624686959213,0.05163832142598181,0.03971773275729404,0.03970416230868485,-127066394.0,1.6011329089509598,0,0,-1,0,0,0.0,0.16977426555642983,0.6879061365904298,0.6304994610907425,0.10914205344585093,0.03152387181164151,0.19820354037120438,0.09244230281511549,0.0
2024-03-26,0.7148,0.7886,0.027295303505350175,-0.025608125884427374,-0.016898663421774898,-0.030960649031349086,-0.09825643815825386,0.7382899999999999,0.74115,0.7466200000000001,1,26,3,0.7413040157300145,0.7499281137211011,48.07518115942029,-0.005843160219874521,-0.007784077039657356,0.7984142811496677,0.6838857188503322,0.05761953727102123,0.04514032541248817,0.04279149593067107,-128509012.0,-0.9202944478122692,0,0,-1,0,0,-0.04869388790261221,0.11824061805685458,1.046822558939357,0.7165804508518371,-0.02761529043667521,-0.059473684210526345,-0.11716910709788517,0.09079462786793518,0.0
2024-03-27,0.7001,0.7148,-0.028940491702038336,-0.061334642824155954,-0.05500662951221148,-0.35385331165002304,-0.020779601302121132,0.7308,0.73783,0.7458666666666667,2,27,3,0.7338123765063754,0.7467133967068366,46.9171270718232,-0.008719615927868296,-0.007971184817299543,0.7965859125876653,0.6790740874123347,0.05744761915309034,0.045248760704823705,0.042432145823783185,-129521698.0,-1.2842962806068559,0,0,-1,0,0,0.01958589815332962,-0.14589488149608562,0.986805458262489,0.7183018077530116,-0.08063033486539728,-0.0866275277234182,0.6641700942098039,0.08113126696186254,0.0
2024-03-28,6.59,0.7001,2.2244158579606044,2.2536577075551016,2.236458009171337,-0.8514313952219117,2.242085445513401,1.3151199999999998,1.0297100000000001,0.9405266666666666,3,28,3,1.7985737625961253,1.1236996291773633,96.27350750978165,0.4589756921747332,0.08541819058110701,3.647873315962828,-1.5884533159628278,2.66275281056888,1.8823473807795583,1.5368274185821156,-129089480.0,4.247473766131512,0,0,-1,0,0,8.627196114840737,-0.47605693193999116,59.818327915222454,29.88133830345909,7.904202134846642,7.758639021796917,2.234569364521065,0.09863429438543253,0.0
2024-04-01,7.49,6.59,-0.020990275891835858,0.0895298168888254,0.048108578320030695,-0.21027434010010018,0.12801544901471232,1.99612,1.36665,1.1636233333333335,0,1,4,2.8333785330331933,1.5344286853594689,96.72053759857825,0.891968019694724,0.2467281564038304,5.258541942839326,-2.5252419428393265,2.6549694208059123,1.8809793270394155,1.5365271750507055,-128739227.0,3.146721486585116,0,0,-1,0,0,0.001517450682852775,-0.4922429235210935,59.560425092172586,29.85962112359955,9.26027397260274,8.970713525026625,2.232925380284385,0.13217623497997333,0.0
2024-04-02,7.38,7.49,0.12649914849674837,0.04885290139458519,0.11170398958000126,-0.5985907660800149,-0.014795158916747049,2.6630200000000004,1.69965,1.38309,1,2,4,3.6600369815726124,1.9115623185620838,95.24202193452626,1.2122672162452033,0.439835968372105,6.411825735039553,-3.012525735039553,2.6570886463688788,1.8806384560904255,1.5366135534167977,-128931721.0,2.410924515298163,0,0,-1,0,0,0.0,-0.5561510323958188,59.72701346391785,29.854209965038386,8.358356581283287,9.25,2.233313064151106,0.07994579945799456,0.0
2024-04-03,7.59,7.38,-0.03671384462439335,-0.027991649436868046,-0.03166128190646473,-0.9445788735452746,0.028057952795157527,3.3485099999999997,2.04365,1.6117566666666667,2,3,4,4.374575712195774,2.2779131367193686,95.6463496316142,1.4661510059500493,0.6450989758876939,7.4106436061469125,-3.323343606146913,2.6572755289614327,1.8801406045269058,1.5358383523806665,-128856871.0,2.066836820393327,0,0,-1,0,0,-0.021680216802168042,-0.6013908686007625,59.504041643990746,29.846306816477,9.61835478455512,9.690140845070422,2.234494602399322,0.07905138339920945,0.0
2024-04-04,7.57,7.59,0.05654265027369416,0.002577321014300319,0.05045378125583213,-0.18071963414462128,-0.0026385239581810604,4.02936,2.38556,1.8394233333333334,3,4,4,4.955561946341996,2.6193380956406997,95.7515288059221,1.6467590918333332,0.8454309990768218,8.248979007766064,-3.477859007766063,2.658619146859611,1.880526504548141,1.535940636288652,-128919346.0,1.768401675927728,0,0,-1,0,0,0.006587615283267434,-0.5886188252837478,59.47134416023365,29.852432789399735,9.812741036994716,9.344356381525007,2.2346574376615225,0.03302509907529722,0.0
2024-04-05,7.83,7.57,-0.01450256136662683,0.022901764286684632,-0.0013306721857050613,0.3894972953733508,0.0337694425533542,4.7383500000000005,2.7406599999999997,2.075223333333333,4,5,4,5.478187047007087,2.9555098314058164,96.73202614379085,1.7902354087865233,1.0343918810187622,9.026416551174437,-3.5450965511744372,2.6564037178563775,1.880069265386815,1.5358673857133,-128827118.0,1.6193245661253306,0,0,-1,0,0,-0.0052840158520475605,-0.5527734831252384,0.9469984688130517,29.845174342736446,0.18816388467374812,9.755494505494505,1.5924481393556011,0.05619412515964245,0.0
2024-04-08,7.77,7.83,0.04670109304598062,0.006269613013595395,0.021081149603121366,-0.20192079583187428,-0.0076923456231557255,5.442349999999999,3.09296,2.30892,0,8,4,5.894880311187617,3.266122100347377,95.96301601771063,1.8774577607152452,1.2030050569580588,9.685156834184514,-3.4992368341845146,2.6561870280861917,1.8800956843833636,1.5359429685929495,-128902483.0,1.418962484781015,0,0,-1,0,0,0.007662835249042096,-0.5478846909859149,0.3536024281746082,29.84559373130498,0.03738317757009346,9.732044198895027,0.47972064677513787,0.04247104247104248,0.0
2024-04-09,7.66,7.77,-0.011472401162236807,-0.02275698712261618,-0.01576905211823147,-0.2673458018832395,-0.014258180627056076,6.1294900000000005,3.4379600000000003,2.53877,1,9,4,6.215811163698959,3.5495980938733527,94.59104431480122,1.9156239024176305,1.3455288260499731,10.235106192615708,-3.3591861926157076,2.6594145714146977,1.880827342707443,1.5360801975017937,-128960168.0,1.2422978351081355,0,0,-1,0,0,0.003861003861003893,-0.5177958052102513,0.3515182864247492,29.857208447126084,0.03794037940379402,9.078947368421053,0.4938541936624841,0.03524804177545698,0.0
2024-04-10,7.45,7.66,-0.03522869188374383,-0.01028286695558392,-0.02006756305080914,0.4535299439039702,-0.027797951361031754,6.8030100000000004,3.7706500000000007,2.76177,2,10,4,6.440209133935511,3.801236926526685,92.07397622192867,1.906943541615595,1.4578117691630976,10.673884925438234,-3.1325849254382314,2.6568984550156407,1.8816953470938729,1.5362250798504788,-129050956.0,1.0659784984114318,0,0,-1,0,0,-0.01697127937336813,-0.4708906164247581,0.3668274520931539,29.870987589586527,-0.01844532279314881,8.356945491082643,1.3263685728397008,0.04563758389261743,0.0
2024-04-11,7.48,7.45,-0.002659576035758942,-0.013004084423206684,0.004045858519543575,-1.093689850917033,0.004018759594917655,7.480999999999999,4.1059,2.9855533333333337,3,11,4,6.629262018674509,4.038576479653996,92.35148483744078,1.8808043011967284,1.5424102755698237,11.047719969462026,-2.835919969462026,2.6560117772103564,1.8813234467646034,1.5362531605550844,-129020544.0,0.9721081833994853,0,0,-1,0,0,0.008053691275167732,-0.4855305943575701,0.370849337698377,29.865083854884023,-0.011889035667106973,8.651612903225807,1.012068059295953,0.028074866310160422,0.0
2024-04-12,7.55,7.48,-0.016107730815932968,-0.0036716537445260085,-0.0053981237695573695,1.2412826539998132,0.009314771274547388,7.577000000000001,4.44606,3.2121399999999998,4,12,4,6.796668924370053,4.265119932579545,92.5346139453661,1.8444752176640353,1.6028232639886661,11.361507267310197,-2.4693872673101964,0.04695217614124754,1.8807630257142458,1.5360739774176926,-128915317.0,0.897683079638982,0,0,-1,0,0,-0.012032085561497425,-0.42059879584330145,0.232424802493607,29.856187446511633,-0.03575989782886335,9.109801821103375,-0.3610955122428646,0.02940397350993383,0.0
2024-04-15,7.79,7.55,0.0280205123321749,0.027469983298613027,0.01477528558215446,0.03946667124625917,0.03129329662172368,7.606999999999999,4.80156,3.4467666666666665,0,15,4,6.977274574484589,4.492531549832478,92.69979508196721,1.8141378990254404,1.6450861909960213,11.63233129971816,-2.0292112997181597,0.02151341943209716,1.8792107872851498,1.535872359969357,-128805854.0,0.8749934286698499,0,0,-1,0,0,0.006622516556291367,-0.7280734200812364,0.360572653906584,29.83154642535844,0.002574002574002643,10.455882352941176,0.181444746804208,0.041591784338896,0.0
2024-04-16,7.81,7.79,0.009168368086879507,0.025988595226154036,0.02241359483690001,0.014024686494259475,0.002564103968937634,7.65,5.15651,3.6831,1,16,4,7.128679197305573,4.706561772423931,93.55769466886035,1.7712908499607254,1.670327122788962,11.828218747871247,-1.5151987478712474,0.020503816418924365,1.8797003716309633,1.5355704466832214,-128694845.0,0.7954453949587211,0,0,-1,0,0,-0.015404364569961502,-0.6507613477510926,0.3357966661399021,29.83931833590732,0.01958224543080922,9.9845288326301,-0.4289960350197902,0.046094750320102365,0.0
2024-04-17,7.89,7.81,0.01680711831638119,0.0037290285598668544,0.01680711831638119,-0.26567849118732445,0.010191171006188283,7.68,5.514255,3.922433333333333,2,17,4,7.267101161431832,4.911944883880452,93.78798767341868,1.7239173402950847,1.6810451662901866,11.950894122521909,-0.9223841225219083,0.019030440544225785,1.8799697143909895,1.5354141686712888,-128609736.0,0.7381942516202991,0,0,-1,0,0,-0.0012804097311139293,-0.636170824103215,0.1867136882784679,29.843594019670107,0.059060402684563584,9.733233573663448,1.8048219294737113,0.03295310519645129,0.0
2024-04-18,8.03,7.89,0.02531780798429,0.01600034134644112,0.014635959637429367,0.22340435927996447,0.017588393100887435,7.726000000000001,5.87768,4.165706666666667,3,18,4,7.405810041171498,5.113109730081713,79.26829268292683,1.6783236522061058,1.6805008634733707,11.997411218246402,-0.2420512182464014,0.01932438589653232,1.8801736397028832,1.5354905734296607,-128503322.0,0.7034034415049827,0,0,-1,0,0,0.01394169835234478,-0.5291249707823584,0.17680977118249672,29.84683123363792,0.07352941176470584,9.544977019041365,1.0635792873337242,0.03424657534246569,0.0
2024-04-19,8.06,8.03,-0.0075282664207915245,0.0011104942840271153,0.0006315124933591015,-0.5316587214840841,0.0037290285598668544,7.7490000000000006,6.2436750000000005,4.410106666666667,4,19,4,7.5247536700494075,5.303231682979668,67.9245283018868,1.6258690686354695,1.6695745045057906,11.929882114311148,0.557467885688852,0.016579604343809017,1.8797812057860883,1.535432946538599,-128440790.0,0.6388529167109093,0,0,-1,0,0,-0.011207970112079574,-0.5838944053931809,0.1907461354720962,29.84060153833872,0.06754966887417235,9.890420213484665,1.059994255957949,0.03462779156327539,0.0
2024-04-22,8.29,8.06,0.015000281259492598,0.01702683374209092,0.017522350692202492,-0.05715841383994864,0.02813641262866646,7.800999999999999,6.621674999999999,4.662306666666667,0,22,4,7.66388936640406,5.495926413110013,76.60818713450294,1.5845913285885551,1.6525778693223436,11.741516134408325,1.5018338655916725,0.017887448777712155,1.879282144943239,1.5352221045415153,-128381732.0,0.6517096746568485,0,0,-1,0,0,0.0,-0.5335750148409775,0.17119241287688655,29.832679193063107,0.0641848523748394,10.356164383561643,0.8346159552160337,0.033763570566948085,0.0
2024-04-23,8.39,8.29,0.029341958284015375,0.024880057057572864,0.029341958284015375,0.4592274977955279,0.011990551331911322,7.874,7.001745,4.91664,1,23,4,7.795909481603322,5.6826408380706575,75.00000000000003,1.5421704060037804,1.630496376658631,11.372071210864469,2.6314187891355303,0.01635591960513191,1.880013892352629,1.5354390023989168,-128288252.0,0.635309554947569,0,0,-1,0,0,0.001206272617611769,-0.38428636689796264,0.14795043476328604,29.844295323069677,0.07426376440460958,9.639107278721786,0.7708409870527736,0.02979737783075089,0.0
2024-04-24,8.57,8.39,0.009592399691439508,0.00824660484518407,0.00527521816446665,-0.3986686161083858,0.021227212130573596,7.986,7.394505,5.175766666666666,2,24,4,7.936653212220899,5.868922074324163,78.4090909090909,1.505719023283473,1.6055409059835994,10.657450266553955,4.1315597334460445,0.010392258289146975,1.8785108429398472,1.5355869751278628,-128225507.0,0.72051162613675,0,0,-1,0,0,-0.0011918951132300103,-0.4500936679886065,0.14920170098550414,29.8204351533429,0.08618504435994945,10.989367655288193,-0.26034661290422023,0.0323103850641773,0.0
2024-04-25,8.44,8.57,0.022419818115696613,-0.0047439742939821075,0.0035173390652257974,-0.3388369715948744,-0.015285424001822739,8.082,7.781499999999999,5.431266666666667,3,25,4,8.028170809998917,6.034798069529057,68.71165644171776,1.4496306861290051,1.5743588620126807,8.682383192381957,6.880616807618042,0.013712700690750559,1.8784426069027207,1.5355080111655661,-128270219.0,1.4618987357482145,0,0,-1,0,0,0.0,-0.6938098502788919,0.26936232066195553,29.819351939834764,0.05105853051058529,11.05542065419226,-0.7452474383459801,0.02449052132701418,0.0
2024-04-26,8.58,8.44,-0.010557282805876726,0.021286967779489095,0.012662377771566952,0.49570926123825737,0.01645160489200528,8.184999999999999,7.881,5.692373333333334,4,26,4,8.128503389999114,6.199004645688473,73.6842105263158,1.400334915582011,1.5395540727265469,8.658983899170757,7.103016100829245,0.01373491023299453,0.03367980329093702,1.535154663597145,-128196817.0,1.7969523552995272,0,0,-1,0,0,0.004739336492891105,-0.3441840890014467,0.2655868215735243,0.5346503022803648,0.06451612903225801,0.30197268588770876,-1.5059814460123506,0.03317016317016309,0.0
2024-04-29,8.6,8.58,-0.003544008434729322,-0.010852090486909582,-0.006958113889548395,-0.7036927676961436,0.002328289759591168,8.266,7.9365,5.9563733333333335,0,29,4,8.21423004636291,6.353907571773088,79.01234567901231,1.347350082069899,1.5011132745952174,8.754386235816051,7.118613764183948,0.012334425486310266,0.01733087149259917,1.5344678980420636,-128160501.0,1.6224750361228133,0,0,-1,0,0,-0.015151515151515242,-1.270409731744577,0.22986835690265786,0.2751190558406172,0.03739445114595896,0.14819759679572764,-1.112590337704803,0.028930232558139448,0.0
2024-04-30,8.58,8.6,0.0070755012162002804,0.0,0.005778172749699712,0.10840137713995684,-0.0023282897595910735,8.343,7.9965,6.218673333333332,1,30,4,8.280733674296926,6.497526438110309,89.51048951048949,1.288887889636535,1.458668197603481,8.818545587159814,7.174454412840186,0.012752409923649635,0.016723744240866065,1.5347570756397768,-128200975.0,1.4196292982144825,0,0,-1,0,0,-0.010465116279069752,-1.324170562875931,0.2343433902105706,0.26548120950708176,0.02264600715137055,0.16260162601626016,-0.19375901188665542,0.02331002331002323,0.0
2024-05-01,8.6,8.58,0.018626848207167652,0.013745920904635136,0.01523169459549888,-0.19705625515592243,0.002328289759591168,8.414,8.047,6.480836666666666,2,1,5,8.33878209715203,6.6331698937160954,89.43661971830983,1.229991438133057,1.4129328457093961,8.887779087325981,7.206220912674019,0.012946529900382576,0.016022311116349133,1.5349491070592274,-128167740.0,1.3154466097837032,0,0,-1,0,0,0.010489510489510473,-1.439429685083485,0.18077278950848533,0.2543463038541929,0.003500583430571691,0.13306982872200268,-0.02380652469376129,0.022093023255813898,0.0
2024-05-02,9.09,8.6,0.016018649155637756,0.05425761090503338,0.005797117684325915,1.2482092128314828,0.05541270492992539,8.52,8.123000000000001,6.758453333333333,3,2,5,8.475367170397115,6.791675061863444,91.8478260869565,1.208918817289785,1.372130040025474,9.052359711675036,7.193640288324966,0.020003293615677088,0.019436503466568587,1.5348344572883736,-128051946.0,2.081002625468072,0,0,-1,0,0,0.02441860465116289,1.4666248004900566,0.38767519822727337,0.3085449271751118,0.07701421800947883,0.20079260237780705,1.8140818536649537,0.06931793179317919,0.0
2024-05-03,9.07,9.09,0.026877317763746612,-0.00541327408735802,0.04520543676804678,-0.6688156611715675,-0.002202644062342183,8.620999999999999,8.184999999999999,7.0361166666666675,4,3,5,8.583482230324911,6.938663767549674,89.50617283950618,1.1770366349505856,1.3331113590104964,9.19408504675247,7.175914953247528,0.020381788414657598,0.01866732298662749,1.534657152196666,-128111269.0,1.7540642443333974,0,0,-1,0,0,-0.0044004400440043065,-0.47230827104645867,0.40589475009236514,0.29633456559561516,0.05710955710955723,0.1583652618135376,2.1910645042448977,0.01984564498346193,0.0
2024-05-06,9.6,9.07,0.0055096558109694795,0.046569260950442046,0.0055096558109694795,1.206435928181044,0.05679083434674521,8.751999999999999,8.2765,7.331783333333333,0,6,5,8.768303642993109,7.110362879320663,92.01877934272301,1.1809233965372457,1.3026737665158463,9.446228263541066,7.106771736458935,0.024784819065292805,0.021473968063080398,1.5342218175114575,-127913038.0,2.262918732925932,0,0,-1,0,0,0.00330760749724359,3.0018732852732035,0.509038757892432,0.3408886749399247,0.11627906976744184,0.2355212355212355,0.5944330076212191,0.05937500000000003,0.0
2024-05-07,9.65,9.6,0.05348868495098622,0.008238975544552862,0.0377403279828469,-0.8653771171853029,0.005194816877104151,8.878,8.376000000000001,7.627163333333334,1,7,5,8.928612071539815,7.274210435493524,91.90476190476191,1.1744993676203865,1.2770388867367544,9.658077261815228,7.093922738184774,0.024970644703249036,0.020710276134204852,1.5346407707574352,-127829604.0,1.9873997269028985,0,0,-1,0,0,0.0,0.08548681212419079,0.4881381902513699,0.32876544140749314,0.12470862470862465,0.25979112271540483,0.5759813876871374,0.031088082901554476,0.0
2024-05-08,9.74,9.65,-0.010471299867295366,0.01526747213078838,0.005277057100843819,0.008747020286300115,0.009283202303549162,8.995,8.4905,7.928003333333333,2,8,5,9.076137149441667,7.43329363320362,91.70731707317074,1.1632611755331563,1.2542833444960348,9.832022701222458,7.148977298777543,0.024882320423613487,0.018565922684392406,1.533868976835513,-127745437.0,1.8628085814148307,0,0,-1,0,0,-0.015544041450777238,0.11262083008055267,0.47065215044142805,0.2947248857001302,0.13255813953488382,0.3073825503355705,0.5204225951297076,0.04106776180698155,0.0
2024-05-09,9.73,9.74,0.038208054838895056,0.006042314455962662,0.0,0.3791131062570682,-0.0010272214565300254,9.123999999999999,8.603,8.229000000000001,3,9,5,9.195021304088636,7.581468237513064,91.13300492610838,1.140402065772128,1.2315070887512536,9.964935155733013,7.241064844266987,0.023454845479409715,0.018737393341679957,1.5337352675158917,-127868404.0,1.6549980302012732,0,0,-1,0,0,0.013347022587268892,0.9962219025680843,0.40173694771054064,0.2974468979980961,0.07040704070407044,0.30080213903743314,2.0489547970941144,0.04727646454265168,0.0
2024-05-10,9.44,9.73,0.003034903695154111,-0.005032723254610306,-0.01058210933053686,-0.32347068644135485,-0.030257916040504478,9.209999999999999,8.6975,8.324,4,10,5,9.239562885163428,7.701373512512222,77.51196172248802,1.0863625687710687,1.2024781847552166,10.013296736822229,7.381703263177771,0.027285445525942694,0.0210815361570527,0.031267572519817655,-127957387.0,1.1285937701794373,0,0,-1,0,0,0.01747173689619732,0.14143355938786534,0.5059304327054138,0.3346590115606665,0.040793825799338324,0.25033112582781447,0.8789619305281925,0.05402542372881354,0.0
2024-05-13,9.82,9.44,-0.04019088058324534,0.027862498892736662,0.010582109330537008,0.6294167269605753,0.0394651422089652,9.332,8.799,8.401666666666667,0,13,5,9.345096906042805,7.838059092350144,80.168776371308,1.0619571216190025,1.1743739721279738,10.133101708424618,7.46489829157538,0.028710879308662382,0.021590475131644117,0.021511622316047755,-127790409.0,1.5306179334792298,0,0,-1,0,0,0.007415254237288166,1.8977184876380053,0.3975839645540533,0.34273816731632917,0.022916666666666696,0.2605905006418485,0.08185219565350654,0.070264765784114,0.0
2024-05-14,10.0,9.82,0.04019088058324528,-0.014451318523052849,0.04124295853404922,-0.8009207698188475,0.01816397062767112,9.474,8.9085,8.488999999999999,1,14,5,9.464170195853203,7.9775391509082,80.168776371308,1.04509294368939,1.148517766440257,10.260197178793506,7.556802821206494,0.02816630150838617,0.021520862597889462,0.021083008325860794,-127715450.0,1.615006699909292,0,0,-1,0,0,0.008146639511201636,-0.22928791111402974,0.4091941367603452,0.34163310260164176,0.03626943005181338,0.2804097311139566,-0.3757985808132971,0.014379999999999882,0.0
2024-05-15,9.91,10.0,0.017025949589926682,0.002605178018890445,0.0,-0.5894422723139519,-0.00904074465214907,9.605,9.0095,8.566333333333334,2,15,5,9.54523016024353,8.102214044397993,81.54506437768242,1.0127908903976497,1.1213723912317357,10.34250570536166,7.676494294638339,0.028983645348883064,0.022057669157222373,0.021085345201076654,-127757025.0,1.351081989188763,0,0,-1,0,0,0.007000000000000029,-0.9459241214621117,0.424211361994625,0.3501546425505005,0.017453798767967044,0.25602027883396716,0.2571462108358996,0.01715438950554994,0.0
2024-05-16,10.51,9.91,-0.017025949589926655,0.0503494528828441,0.0,1.2779696114659052,0.058782836546963035,9.747000000000002,9.133500000000002,8.664333333333333,3,16,5,9.72064285838107,8.257555073791671,84.58781362007169,1.0238044852215253,1.1018588100296938,10.542109243190039,7.724890756809963,0.029578487248810906,0.024605186658494562,0.02294199821774672,-127607798.0,1.9544100064013172,0,0,-1,0,0,-0.0010090817356205638,1.4223043381575378,0.5778951644452887,0.3905952291642058,0.0801644398766701,0.30884184308841856,-0.08713892241278276,0.06565176022835391,0.0
2024-05-17,10.83,10.51,0.07302513501488982,0.06400721854825547,0.058840500022933395,0.5315703112806683,0.029992876124039437,9.923,9.272,8.764333333333333,4,17,5,9.922344156857237,8.423519262579306,86.08414239482201,1.0462931480012418,1.0907456776240034,10.777563017611818,7.766436982388182,0.029268356411111425,0.02475298092685385,0.022817340268064045,-127353873.0,2.069657638736849,0,0,-1,0,0,0.013320647002854479,2.7188966537059187,0.41073042336661125,0.3929413904398823,0.1472457627118644,0.34367245657568235,-0.3886854246768761,0.07294552169898422,0.0
2024-05-20,10.6,10.83,-0.002820876341641452,-0.04363077750367281,-0.02020270731751958,-0.359731693348379,-0.021466059894877803,10.023,9.3875,8.858666666666666,0,20,5,10.045554310155921,8.563937374670965,80.6060606060606,1.0336413237061333,1.0793248068404295,10.929841009463885,7.845158990536113,0.02793413578894784,0.02581712832079717,0.02333141403003578,-127531078.0,1.5722852372595115,0,0,-1,0,0,-0.019390581717451602,1.2657762859535053,0.5149955413629066,0.4098342066160313,0.07942973523421593,0.2786489746682752,0.32301404836349784,0.04886792452830195,0.0
2024-05-21,10.01,10.6,-0.022858138076050097,-0.027008393348333996,-0.03863779270541383,0.16749285428382568,-0.05726940779089229,10.059000000000001,9.4685,8.937,1,21,5,10.039089890127572,8.65723173759542,68.21705426356588,0.9648840103842549,1.0564366475491946,10.959572026923608,7.977427973076393,0.03492484760638985,0.030003644771818175,0.025938790371509073,-127740594.0,0.7263230618271698,0,0,-1,0,0,-0.02075471698113197,1.5793451043786733,0.719521024219566,0.47629309495052513,0.0009999999999998899,0.19308700834326564,0.18924505766440325,0.06193806193806186,0.0
2024-05-22,9.92,10.01,-0.040300293763995645,-0.034819765159227925,-0.0029335917047932855,-0.40456581996407964,-0.00903167203034782,10.077000000000002,9.536,9.019333333333332,2,22,5,10.01743718283165,8.738700657750556,61.959654178674356,0.8928390041020489,1.0237171188597656,10.97720417487759,8.094795825122409,0.035106995877270605,0.030126090619892867,0.02524891615278543,-127880397.0,0.5328877152782542,0,0,-1,0,0,-0.003996003996003911,0.46131890151987504,0.7195131397720983,0.47823686252899333,0.0010090817356205317,0.1575262543757292,0.1890650163827395,0.029133064516129,0.0
2024-05-23,9.89,9.92,-0.013124872909584945,-0.017875351826963193,-0.027838066961960437,-0.309776545282091,-0.0030287756621605925,10.093,9.608500000000001,9.099666666666668,3,23,5,9.994266785953167,8.812978034669875,61.781609195402304,0.8238255205008684,0.9837387991879862,10.960695485711785,8.256304514288217,0.035134240366972096,0.029759590062585807,0.025338092720192898,-127982958.0,0.41635991685302853,0,0,-1,0,0,-0.008064516129032265,-0.1582676808258917,0.49456600902935777,0.47241884654898697,-0.05899143672692664,0.17180094786729883,-0.14273542982159212,0.038422649140546085,0.0
2024-05-24,9.97,9.89,-0.005094254521743083,0.03929778741437001,0.019598358068628446,-0.10861482011650307,0.008056438339126145,10.146,9.678,9.180333333333333,4,24,5,9.98985464305259,8.88762461307827,56.105610561056125,0.7667485687278557,0.9403407530959602,10.948003729791605,8.407996270208397,0.03329596064778967,0.02969676097831718,0.025339674905711145,-127890953.0,0.45984116920336027,0,0,-1,0,0,-0.010111223458038566,-0.34181580018069363,0.3886836478387616,0.4714214657565267,-0.07940904893813472,0.16200466200466201,-1.2726591629546757,0.05917753259779354,0.0
2024-05-28,10.3,9.97,0.02919180610080371,0.004805391274938431,0.025215657721164166,0.08000173916117675,0.03256331126184313,10.193999999999999,9.763,9.264000000000001,1,28,5,10.046244707952118,8.978745605782898,59.818731117824775,0.7396170701167719,0.9001960165001226,10.9543389194738,8.5716610805262,0.032545923895499526,0.03018332137848549,0.02538033115724592,-127791285.0,0.901506684994707,0,0,-1,0,0,0.011033099297893624,-0.28183586716375847,0.5149278577481796,0.4791453726564712,-0.028301886792452713,0.1976744186046513,-0.8395890802614062,0.03786407766990296,0.0
2024-05-29,10.21,10.3,-0.000992555912751628,-0.00288046286535403,-0.022155991897208484,-0.7846159700179149,-0.00877626305901585,10.215,9.8445,9.344,2,29,5,10.07601839741537,9.058181373151744,57.09969788519638,0.7027520262463582,0.8607072184493698,10.911625504383448,8.777374495616552,0.03246360499356053,0.03034902038041711,0.025572506508540416,-127836763.0,0.6850178324829288,0,0,-1,0,0,-0.02233009708737868,-1.1889499157763392,0.27992859278511384,0.4817757627660873,0.01998001998002019,0.18997668997669015,1.502914486832547,0.05680705190989226,0.0
2024-05-30,10.16,10.21,-0.009478743954543883,-0.011605546120308003,-0.006118476092222982,-0.7543051694472852,-0.004909190026238408,10.24,9.9225,9.419666666666668,3,30,5,10.091287779703483,9.129266445851632,56.41791044776119,0.661871983028842,0.8209401713652643,10.82140869508845,9.023591304911548,0.03232701121906435,0.030477488594280056,0.025702021230398702,-127858153.0,0.5284185174705222,0,0,-1,0,0,-0.02301665034280129,-1.5559967634622582,0.269181565377326,0.4838151324376354,0.024193548387096753,0.1813953488372093,1.5777279426884085,0.05117125984251966,0.0
2024-05-31,10.14,10.16,0.009478743954543739,-0.010758049966550427,0.009168808909845913,0.992662885643951,-0.001970443987298725,10.203,9.975,9.490000000000002,4,31,5,10.100144547030123,9.194475062248301,61.36363636363638,0.6207053168837326,0.780893200468958,10.787701796802907,9.162298203197093,0.02521728497955782,0.02834995163858241,0.02571694200358077,-127915872.0,0.4060529966811826,0,0,-1,0,0,-0.008858267716535419,-0.8928106529714839,0.2673201456893563,0.45004153029838295,0.025278058645096024,0.11551155115511569,1.5633884788244974,0.03155818540433928,0.0
2024-06-03,10.01,10.14,0.026459162349812014,0.01657765901981454,-0.00305033281762298,-0.18546931839341185,-0.012903404835907954,10.120999999999999,10.022,9.555000000000001,0,3,6,10.083754629388283,9.247089574361315,53.35689045936395,0.5710082956374656,0.7389162195026596,10.714108905333878,9.329891094666122,0.022332813710116164,0.028607153178253648,0.025990540369895093,-127963820.0,-0.03467662359932086,0,0,-1,0,0,0.01972386587771196,-1.0308307775433745,0.292686162123439,0.45412447816314094,0.004012036108324901,0.10363836824696793,1.964081044614434,0.05194805194805191,0.0
2024-06-04,10.12,10.01,-0.05875258407052726,-0.01953187091724584,-0.00715383735661877,0.49486510971976977,0.01092907053219023,10.073,10.048,9.616000000000001,1,4,6,10.090344696772231,9.303406376015424,52.17391304347825,0.5343395947107616,0.69800089454428,10.711851600411398,9.384148399588602,0.022473369239487336,0.02580110632066676,0.025698282255181636,-127885172.0,0.216915949153033,0,0,-1,0,0,-0.025974025974025955,-0.4703890476946006,0.14386703763794162,0.40957986524892587,-0.01747572815533993,0.054166666666666696,1.1622753916136817,0.038537549407114687,0.0
2024-06-05,10.06,10.12,-0.03549433141246748,0.005899722127188102,-0.05372539935616299,0.8534095352894918,-0.005946499187726191,10.078,10.0685,9.671666666666669,2,5,6,10.08482747917728,9.352218867885396,52.74725274725275,0.4947348906261837,0.6573476937606608,10.705376423608003,9.431623576391997,0.013630387152422707,0.025870029809434904,0.02578552599365054,-128069809.0,-0.026692776447417924,0,0,-1,0,0,-0.07015810276679833,1.1679348477880085,0.13869730933101346,0.4106739917135546,-0.014691478942213565,0.042487046632124326,1.0564361430787415,0.09542743538767386,0.0
2024-06-06,9.83,10.06,0.05981163906317385,-0.012827013559754425,0.03822121282019767,-0.4349498488473516,-0.02312823051251798,10.068999999999999,10.072999999999999,9.713666666666667,3,6,6,10.038495210235956,9.38304345705408,35.59322033898306,0.4397199812650321,0.613822151261535,10.701317720500613,9.444682279499384,0.015314595803315465,0.026412001337681998,0.02615931180784861,-128189324.0,-0.7734940208478835,0,0,-1,0,0,-0.006958250497017921,0.09338581259803026,0.19992040173912928,0.4192775230020712,-0.032480314960629975,0.00924024640657084,0.17604125513201602,0.04781281790437443,0.0
2024-06-07,9.68,9.83,-0.026370696462548422,-0.03229342172071515,-0.021053409197832267,0.21638183931115085,-0.01537703287058952,10.047999999999998,10.0705,9.755,4,7,6,9.973314262920328,9.402201943695754,23.744292237442906,0.3796402661670921,0.5669857742426465,10.70493219537368,9.436067804626319,0.01598553445925041,0.026654147455505824,0.026161704678578118,-128337711.0,-1.2310220157411622,0,0,-1,0,0,-0.010172939979654084,0.5353847276447943,0.2031054883679211,0.42312147345428075,-0.04536489151873779,-0.005138746145940454,1.0737695283061708,0.03615702479338839,0.0
2024-06-10,9.87,9.68,-0.009292787575459406,0.030305349495329058,0.022094533706242862,-0.7057270717389746,0.01943795215690442,10.038,10.092,9.798,0,10,6,9.954529851480268,9.43238246345732,33.02325581395347,0.3433995746668028,0.5222685343274778,10.662377529638169,9.521622470361832,0.01716972535958391,0.026021724362109797,0.02621435154657072,-128264445.0,-0.7784317875945493,0,0,-1,0,0,-0.004132231404958589,-0.6522285178800202,0.28181564883981586,0.41308206808328035,-0.013986013986014068,0.045550847457627164,0.25581358228872725,0.044579533941236205,0.0
2024-06-11,9.68,9.87,0.017481164954817406,-0.009497696988925225,0.007257678306284511,-0.167785188184113,-0.019437952156904467,9.976,10.085,9.834000000000001,1,11,6,9.90461533302931,9.448357788395558,40.57142857142856,0.2959357898769248,0.4770019854373672,10.672608892484336,9.497391107515666,0.013175960417046679,0.024859645127789768,0.02658386361280853,-128326394.0,-1.378467906732021,0,0,-1,0,0,-0.006079027355622971,-0.7518566288692505,0.2709236864750405,0.39463463213670147,-0.04347826086956519,-0.014256619144602856,1.5571899227316257,0.028409090909090946,0.0
2024-06-12,10.35,9.68,-0.01955800889965675,0.0437308686311675,-0.006217636610870562,0.4450123393094347,0.06692461842289235,9.99,10.102500000000001,9.892999999999999,2,12,6,9.985594363387616,9.506528253660361,59.227467811158796,0.3088238697153205,0.4433663622929579,10.700210544274729,9.504789455725273,0.027124918119616287,0.02911916811878485,0.029063189663420745,-128229722.0,0.8281600596500077,0,0,-1,0,0,-0.006198347107438068,-0.2154883143032268,0.6201232558122759,0.4622524633643115,0.02882703777335971,0.03499999999999992,1.3979844873226945,0.07536231884057983,0.0
2024-06-13,10.28,10.35,0.07796154146971192,0.018104353465988047,0.06440857506500836,-0.3112812055406997,-0.006786259684359017,10.001999999999999,10.121,9.949000000000002,3,13,6,10.039122660953502,9.556429656650018,58.2278481012658,0.3098179622415209,0.4166566822826705,10.716523652807325,9.525476347192676,0.027181589019763676,0.02907848462062515,0.0291573217617864,-128300535.0,0.5339838283516221,0,0,-1,0,0,0.004830917874396204,-0.6701691732991921,0.5817819645132704,0.46160663285274317,0.04577822990844349,0.03733602421796167,1.4432593478762892,0.03210116731517511,0.0
2024-06-14,10.16,10.28,-0.011605546120308003,-0.02970989958629608,-0.02068020523753863,0.27981009520193667,-0.011741817876683174,10.004,10.1035,9.984666666666666,4,14,6,10.061100358961957,9.59536967880163,53.94190871369294,0.2974934710612924,0.39282404003839494,10.670793667568667,9.536206332431334,0.027490585037240205,0.02574938156343952,0.027706462857362703,-128394212.0,0.199191365002011,0,0,-1,0,0,0.0,-0.2502478739383262,0.5726466049988372,0.40875876018343504,0.04958677685950419,-0.033301617507136005,1.4645414055175325,0.022637795275590417,0.0
2024-06-17,10.17,10.16,-0.007812539736793625,0.002914038001849719,-0.01807278105969473,-0.11624035737079894,0.0009837679101327482,10.02,10.0705,10.021333333333333,0,17,6,10.080900293696146,9.632442602749913,46.88995215311002,0.2852450124891899,0.371308234528554,10.52552920669746,9.615470793302539,0.027089514193313534,0.02465208141057428,0.027687658337031875,-128310815.0,0.4373345646190847,0,0,-1,0,0,0.003937007874015664,-0.33831327774095077,0.5686549647423712,0.3913396602749875,0.030395136778115672,-0.06094182825484762,2.0037200290119905,0.04326450344149472,0.0
2024-06-18,10.25,10.17,0.0,0.00483793880246845,0.014084739881739023,-0.27170666474806726,0.007835495523948638,10.033,10.053,10.043000000000001,1,18,6,10.1116456948423,9.672285015475726,50.96153846153844,0.27877975278182454,0.3528025381792081,10.44481628348035,9.661183716519652,0.026991019419665533,0.02436712212289231,0.025742236340232375,-128247260.0,1.0055733174237984,0,0,-1,0,0,0.0029498525073745683,-0.661102344970624,0.5219568533726293,0.3868160718210799,0.058884297520661155,-0.03301886792452824,1.9572438519275597,0.0341463414634146,0.0
2024-06-20,10.6,10.25,0.00488998529419177,0.022901764286684414,0.018803126963096092,0.2994954272646723,0.033576295533604306,10.087,10.0825,10.074666666666667,3,20,6,10.200437386689154,9.732137595122454,59.2436974789916,0.2984576290477712,0.3419335563529207,10.543431551032464,9.621568448967535,0.028672421160617405,0.02200139684615286,0.026381364527213347,-128161513.0,2.245452709153125,0,0,-1,0,0,0.0,-0.06783453540389367,0.28509895705009086,0.3492613473057677,0.024154589371980784,0.05894105894105883,1.3520002300117842,0.03773584905660381,0.0
2024-06-21,10.38,10.6,0.025049479304442596,-0.007575793808457656,-0.003437273209915429,-0.06523305283687293,-0.020973123380278763,10.142,10.105500000000001,10.096,4,21,6,10.233085134563852,9.773935169630684,54.65116279069769,0.2929236844806624,0.33213158197846904,10.578050749154698,9.632949250845304,0.02844673576321303,0.022493174979836966,0.026720468117632526,-128241845.0,1.161779980207532,0,0,-1,0,0,-0.008490566037735837,-0.13873046092501032,0.3342610923492201,0.3570680831574534,0.009727626459144156,0.0463709677419355,0.82463094628134,0.03420038535645476,0.0
2024-06-24,10.61,10.38,-0.020183289653269636,0.023486283858733296,0.013193448155280346,-0.23566371774212658,0.02191607488814906,10.235000000000001,10.141499999999999,10.125333333333334,0,24,6,10.301615110097698,9.827874836106124,61.19402985074628,0.3035973896263098,0.3264247435080372,10.653020951878682,9.629979048121315,0.0278208348206948,0.022869119676336765,0.026950305823263694,-128178379.0,1.8317920244686816,0,0,-1,0,0,-0.007707129094412337,-0.5483076347420461,0.3326344054320804,0.36303602019936615,0.04429133858267709,0.07280080889787643,-0.3645012428198633,0.044297832233741646,0.0
2024-06-25,10.32,10.61,0.03341599691984402,-0.005586606708639712,0.0009704027932785145,0.16128759155912437,-0.02771319257247502,10.28,10.159,10.154666666666667,1,25,6,10.304957817352662,9.859624846679923,53.49650349650352,0.28536627668199976,0.3182130501428297,10.66976413343181,9.648235866568191,0.02982309655460089,0.023866321860939912,0.026849386264579243,-128252953.0,0.6304279782460261,0,0,-1,0,0,0.003770028275212151,-0.21906584723490535,0.4233562597131694,0.3788661141232277,0.014749262536873253,0.035105315947843385,-0.1274112393149578,0.038759689922480654,0.0
2024-06-26,11.02,10.32,-0.038282186571016924,0.0294409488057536,-0.005836592444451426,0.581312805575683,0.06562804367135165,10.413999999999998,10.195,10.194666666666668,2,26,6,10.434965486924904,9.934487759797348,63.71428571428572,0.32367105968367227,0.31930465205099823,10.833204718846735,9.556795281153265,0.034367928525743684,0.027269641318277405,0.02857404310081268,-128119586.0,2.5853773111888363,0,0,-1,0,0,-0.006782945736434136,1.2947469112172239,0.6289496035899543,0.43289213562056145,0.07512195121951226,0.06990291262135906,0.1964042728514789,0.07078039927404713,0.0
2024-06-27,10.98,11.02,0.0724340981403513,0.0,0.03641189406291406,0.036566324260971964,-0.003636367643383763,10.477,10.233500000000001,10.227333333333336,3,27,6,10.534062671120376,10.001940162391069,67.37160120845925,0.3468024872811828,0.32480421909703516,10.962024825282555,9.504975174717448,0.028477821372967047,0.027170479428860583,0.028481744171892677,-128257920.0,2.0493467733525073,0,0,-1,0,0,0.0,1.2802253217469677,0.614299338102742,0.4313179894269683,0.03584905660377369,0.07541625857002932,1.1055897188936687,0.0364207650273223,0.0
2024-06-28,10.99,10.98,-0.001816530926397894,0.06748069820620808,0.00468323388471753,1.0564567813149028,0.0009103323341453856,10.548,10.275,10.263333333333332,4,28,6,10.616960367280306,10.065685958365838,70.6624605678234,0.36177095634155343,0.3321975665459388,11.07677434809521,9.47322565190479,0.028189127525377913,0.027101515011001505,0.02838900200240948,-127860049.0,1.7835442146500176,0,0,-1,0,0,0.0018214936247722745,3.7760136450659316,0.5687437138864947,0.4302232132331635,0.05876685934489401,0.08169291338582685,0.9896554230611659,0.1019108280254778,0.0
2024-07-01,11.53,10.99,0.005439723295818342,-0.00851068966790873,0.029522439266321834,-0.5101581259826007,0.04796656586543753,10.684999999999999,10.3445,10.297333333333334,0,1,7,10.78296757322934,10.160157832019657,73.57954545454551,0.41245256650177,0.34824856653710506,11.319308483214884,9.369691516785116,0.030189133378330967,0.028835600659924646,0.02767045448329169,-127621167.0,2.4322726369599525,0,0,-1,0,0,0.006369426751592382,1.5040548691403732,0.6282694686651786,0.45775096950798366,0.08671065032987757,0.13708086785009854,0.38474158836848626,0.060711188204683374,0.0
2024-07-02,12.59,11.53,0.047670102018130225,0.10459098887879778,0.05310982531394833,0.6195710322138169,0.08795051377528823,10.927,10.4735,10.356,1,2,7,11.111518923551278,10.316921842857099,83.1435079726652,0.5320184711400948,0.38500254745770307,11.858476154079465,9.088523845920534,0.03864020151044714,0.03411001268099565,0.03171950655611923,-127177293.0,3.0563703118870618,0,0,-1,0,0,0.006071118820468368,2.857898318190809,0.663080205728836,0.5414796646270443,0.21996124031007747,0.2577422577422577,-0.035887952273457535,0.11040508339952347,0.0
2024-07-03,17.94,12.59,0.3571920515948299,0.34435923116910533,0.315314011113867,2.4697654355947902,0.35413000857439425,11.696000000000002,10.8645,10.600666666666665,2,3,7,12.353060937451046,10.80873333686632,91.84123484013233,1.0464132001742232,0.5172846780010072,14.467928046209725,7.261071953790275,0.1325036420225818,0.0984088707982425,0.0825773436500858,-121930847.0,3.9270938169237954,0,0,-1,0,0,0.31691818903891966,4.230114050686368,2.839664904784663,1.562192393609016,0.6279491833030855,0.7727272727272729,1.9814630153531838,0.1354515050167223,0.0
2024-07-05,17.61,17.94,0.06649679546978608,-0.0338451166746787,0.06335267679257729,-1.8590161282327944,-0.018565934122535387,12.397,11.242,10.854000000000001,4,5,7,13.308868039732673,11.247524734487849,89.28188638799573,1.411179290441142,0.6960636004890342,15.91401568130032,6.5699843186996825,0.13483716754805128,0.09870587041113674,0.08166935620508932,-122748379.0,2.7260182475362122,0,0,-1,0,0,-0.012263099219621092,0.34009836248717557,2.879413719492163,1.5669071163002197,0.6038251366120218,0.750497017892644,1.9345846159128033,0.04429869392390672,0.0
2024-07-08,17.46,17.61,-0.021677973824538996,0.037548017878030755,-0.003542296850952135,0.0745814107716409,-0.00855437209665852,13.105,11.623500000000002,11.105333333333334,0,8,7,14.063619305235822,11.648329590327343,88.99572649572652,1.66891706155692,0.8906342927026114,17.00261467965151,6.244385320348491,0.1340896351424923,0.09833657384762585,0.08166328646384177,-123629215.0,2.1700597022326806,0,0,-1,0,0,-0.015332197614991458,0.36145608928487755,2.9025424378153066,1.5610447150977362,0.5887170154686079,0.7761953204476095,1.9154183621693912,0.08694158075601378,0.0
2024-07-09,17.61,17.46,0.023369544569028965,-0.031079144244110655,0.014117881545785022,-0.2681889732610022,0.008554372096658595,13.805000000000001,12.02,11.362666666666666,1,9,7,14.708415795192943,12.03295348772558,89.15789473684212,1.8637951778264679,1.0852664697273828,17.937990412827318,6.102009587172683,0.13458169941540618,0.09786582671175016,0.08156981426370052,-122955584.0,1.8891548008876817,0,0,-1,0,0,0.016609392898052643,0.15891260694544593,2.967725773343403,1.5535718359861983,0.5273200346921076,0.8192148760330578,1.9595857377491441,0.04060193072118114,0.0
2024-07-10,17.39,17.61,-0.001127395835308235,0.0008406894147932238,0.01045913079013729,-1.1747454446786552,-0.012571594141923007,14.512,12.396,11.610000000000001,2,10,7,15.195976559703317,12.378569391743284,87.03319502074692,1.9776877740168377,1.2637507305852738,18.682899997530388,6.109100002469613,0.13360781626751506,0.09837720544195433,0.08177735151211445,-123163667.0,1.5887003139740528,0,0,-1,0,0,0.006814310051107382,-0.2523190756214071,3.0756023778255943,1.5616897216615275,0.38125496425734706,0.7619047619047621,2.2212340859598543,0.03162737205290401,0.0
2024-07-11,17.4,17.39,-0.017065260554186983,-0.014104606181541935,-0.002314815848451375,0.10631016623907415,0.0005748778542915947,15.15,12.782,11.846666666666666,3,11,7,15.596708094302713,12.702532656792105,86.55913978494627,2.0451798334364497,1.420036551155509,19.31012087091403,6.253879129085969,0.13485847095355352,0.09792775418088961,0.08183162683936113,-122932244.0,1.4148022352268155,0,0,-1,0,0,0.0023001725129384214,-0.23994306134395385,0.1699098517612063,1.554554904082198,-0.030100334448160737,0.7975206611570247,0.4290522259209028,0.019540229885057464,0.0
2024-07-12,17.17,17.4,0.00229226461403561,-0.001137009787075347,-0.005810591595465741,-0.34646832023973695,-0.013306531311099,15.769,13.123,12.078666666666667,4,12,7,15.882761168065855,12.990756356353906,86.46616541353387,2.056403756532312,1.5473099922308697,19.826369459105123,6.4196305408948735,0.13534148909167076,0.09807726711175704,0.0818904319749025,-123095902.0,1.2074524684009469,0,0,-1,0,0,0.004022988505747143,-0.3023661912503375,0.14888613320303998,1.5569283482793796,-0.024985803520726768,0.6589371980676331,0.8473557742303728,0.024461269656377294,0.0
2024-07-15,16.85,17.17,-0.01848695053401628,-0.01605539075329754,-0.03246178805419075,0.5251803000622157,-0.01881301811101348,16.355,13.4515,12.301666666666668,0,15,7,16.058622773872063,13.2397398172343,83.19148936170217,2.016235562302205,1.6410951062451367,20.211936843561933,6.691063156438065,0.13630467978592012,0.09834273209505777,0.0820733031858975,-123372609.0,1.0054084014515852,0,0,-1,0,0,-0.001164822364589582,-0.21312530501614782,0.17831809708204402,1.5611424742450375,-0.034936998854524615,0.6391050583657589,0.6754408569073527,0.040836795252225645,0.0
2024-07-16,16.66,16.85,-0.026589454189239498,-0.015730006829136313,-0.0013192018032723897,-0.4375753814596539,-0.011340020059674133,16.868000000000002,13.776500000000002,12.519,1,16,7,16.167964087713507,13.460401764509507,84.08602150537637,1.94663101625523,1.7022022882471555,20.495517080370906,7.057482919629098,0.13769815521333367,0.09833418529145327,0.08217535720064828,-123551251.0,0.8583100669364044,0,0,-1,0,0,-0.008902077151335437,-0.3032393598611778,0.11211872985478558,1.5610067979439852,-0.053946621237932924,0.639763779527559,1.2974132262876326,0.026410564225690353,0.0
2024-07-17,16.52,16.66,-0.007814887984237863,-0.0177729796758644,-0.017242435414969635,-0.2568193831982915,-0.008438868645864708,17.261,14.094,12.735999999999999,2,17,7,16.231970617220142,13.657795199057283,81.46453089244852,1.8587456195944352,1.7335109545166114,20.69453394969322,7.49346605030678,0.13750112035402762,0.0984959217434462,0.0821196914285309,-123689432.0,0.7350920451254572,0,0,-1,0,0,-0.00540216086434573,-0.34148389265662993,0.11246927973911101,1.5635742845234286,-0.05002875215641178,0.6243854473942969,0.7294639252562473,0.025641646489104143,0.0
2024-07-18,16.53,16.52,0.005416805300225164,0.012474174225175818,0.0014462381949900663,0.41529020673785966,0.0006051437401008658,17.119999999999997,14.408000000000001,12.949666666666667,3,18,7,16.28615777772557,13.843098734601975,81.85993111366247,1.7695049741240787,1.740709758438105,20.833759344847493,7.982240655152509,0.008834831985522096,0.0985884302073931,0.08217859126312738,-123480114.0,0.660466689186401,0,0,-1,0,0,0.008474576271186475,-0.2860414485672781,0.11265198332813123,1.565042810862061,-0.04999999999999982,0.6126829268292684,0.7339674291101327,0.03690260133091367,0.0
2024-07-19,16.19,16.53,-0.0193945473068398,-0.00532703242553757,-0.017295057406348697,-0.5433232704198006,-0.020783144143389082,16.978,14.6875,13.154,4,19,7,16.26867454541183,13.994511719466365,78.76106194690267,1.6522992835233783,1.7230276634551598,20.89855254238045,8.476447457619551,0.009137407894296538,0.09916369324597811,0.08237580358402585,-123601689.0,0.4838149378862453,0,0,-1,0,0,-0.011494252873563295,-0.36513982602738326,0.1349884809809132,1.5741748284933208,-0.05707629586488061,0.527358490566038,0.5621604470223037,0.04941321803582462,0.0
2024-07-22,16.97,16.19,0.0030553033238815324,0.012385885265162117,0.015456258236691672,0.593636952914831,0.047053311556591024,16.929,15.017,13.392,0,22,7,16.39618826442786,14.186478705307245,79.31034482758622,1.6038640640097448,1.699194943566077,20.959273532650798,9.074726467349201,0.020065396763565894,0.09868014569296872,0.08216212873085137,-123381570.0,0.6573241670107981,0,0,-1,0,0,0.0123533045089561,-0.28507616251888995,0.42947358208467695,1.566498749059301,0.0071216617210680955,0.6348747591522155,1.811246257502281,0.044784914555097116,0.0
2024-07-23,16.79,16.97,0.023516308283321817,-0.007649345918489082,0.01522099401035517,-1.0292751172716446,-0.010663608156685439,16.847,15.325999999999999,13.629,1,23,7,16.467790398168248,14.354447821093876,75.00000000000001,1.5332796149433978,1.6660118778415411,20.936848139283875,9.715151860716123,0.019785268437135014,0.09906428691553615,0.0820956584211756,-123460211.0,0.5218462391629988,0,0,-1,0,0,-0.011196228638774175,-0.41084763830713267,0.4282238991605597,1.5725968019187513,0.007803121248499245,0.582469368520264,1.8091662211209503,0.022632519356759917,0.0
2024-07-24,16.33,16.79,-0.015010789206127353,0.008820992215379828,-0.0133821948406983,0.5482762672697312,-0.027779564107075706,16.741,15.626499999999998,13.844333333333333,2,24,7,16.442737598501292,14.481902800378142,27.06552706552698,1.4238099797496115,1.6175714982231553,20.72922692834559,10.523773071654407,0.0209729361169876,0.09906615076997513,0.08257371811041381,-123596281.0,0.27573491973166947,0,0,-1,0,0,-0.015485407980940918,-0.3632214786386257,0.4754736432189612,1.5726263896907047,-0.011501210653753091,0.582364341085271,1.5891236007075753,0.04592774035517453,0.0
2024-07-25,16.91,16.33,-0.010949014489670358,0.005837728195685625,0.0012239903608889033,0.4798488106692788,0.034901255928115306,16.692,15.921000000000001,14.085333333333333,3,25,7,16.527694398773786,14.638554232611812,40.691489361702125,1.3680852230621774,1.5676742431909598,20.56342631662186,11.278573683378141,0.024770916508801602,0.09862737128431279,0.08228999026481812,-123376415.0,0.42607030571878257,0,0,-1,0,0,0.0012247397428048455,-0.29330788276748554,0.5466087693796572,1.5656609812939484,0.02298850574712641,0.5344827586206897,0.5516390798178823,0.049083382613837864,0.0
2024-07-26,17.57,16.91,0.03898544671295359,0.07887788517724328,0.029825979515253554,1.5494620549546891,0.03828773928851683,16.732,16.2505,14.326,4,26,7,16.71720450808764,14.827679765991695,51.288056206088996,1.3614850835143315,1.5264364112556343,20.315935692323897,12.1850643076761,0.027623857835356782,0.0984284650289215,0.08186904457964622,-122341080.0,0.6491309172551414,0,0,-1,0,0,0.005322294500295675,0.3891202680673898,0.534427144114812,1.5625034423780657,0.08523780111179735,0.6001821493624773,-0.6600757921772148,0.09931701764371093,0.0
2024-07-29,17.03,17.57,0.03752243932308956,-0.03336377268987845,-0.009843479927915448,-0.5661599221414497,-0.0312164075244089,16.75,16.5525,14.550999999999998,0,29,7,16.77407641570807,14.96976494237933,43.77682403433478,1.2977216114068817,1.4806934512858838,19.784497101353576,13.320502898646422,0.028894990616973416,0.09913015211374122,0.08225958865565486,-122928841.0,0.2954829382736905,0,0,-1,0,0,0.004553215708594098,-0.01556731705939092,0.537499338691855,1.573642379525779,0.003535651149086716,0.5495905368516834,0.4023114426552901,0.07633587786259545,0.0
2024-07-30,16.65,17.03,-0.04164858723426179,-0.05428353436887723,-0.11621053168189206,-0.25287848231562715,-0.022566278248144188,16.749,16.808500000000002,14.767333333333335,1,30,7,16.75151706739751,15.078167204161309,42.32365145228214,1.2026622345545288,1.4250872079396129,19.01332031730002,14.603679682699983,0.029635779524139004,0.09953582160256082,0.0824219720792435,-123385274.0,-0.14377588845344066,0,0,-1,0,0,-0.005871990604815115,-0.14191428280374835,0.5596176819613514,1.580082183017199,-0.008338296605122086,0.44405897658282734,0.5816179130019741,0.13093093093093103,0.0
2024-07-31,16.9,16.65,-0.004143243571334514,0.0046865932295051035,0.10293333000021522,-0.5471481796479973,0.014903405502574948,16.787,17.023999999999997,14.991666666666667,2,31,7,16.778513964234328,15.195704803892838,45.05928853754941,1.1344229822108982,1.36695436279387,17.98367977115176,16.064320228848235,0.02979377069139821,0.09818210473548439,0.08235440963421457,-123121183.0,-0.2584195347812322,0,0,-1,0,0,0.012612612612612664,-0.30418751383822223,0.5135417459190884,1.5585925939619327,0.03490508266993264,0.3423351866560762,-0.3218967676881836,0.03846153846153838,0.0
2024-08-01,16.13,16.9,-0.004756251534649153,-0.0029265458405690697,-0.03147436601807022,-0.16522821448187083,-0.04663272979191026,16.747,16.9335,15.187666666666667,3,1,8,16.66060233437354,15.255981913319108,40.7142857142857,1.006606781859496,1.2948848466069953,17.87057888787725,15.996421112122746,0.03349657309084288,0.02405167762385586,0.0831934354099588,-123345053.0,-1.714903644494975,0,0,-1,0,0,-0.007100591715976181,-0.4645835686174525,0.5539040600301449,0.3818085456397171,-0.04612655233589602,-0.10089186176142706,0.6068900301563693,0.0688158710477371,0.0
2024-08-02,15.93,16.13,-0.04447885146303527,-0.043187774359177165,-0.010715513813125405,-0.47828367134839855,-0.012476768215160333,16.721,16.8495,15.365333333333332,4,2,8,16.527765546305623,15.299466951169489,41.60583941605838,0.8790401658364928,1.211715910452895,17.831366643319328,15.867633356680669,0.033089017581732785,0.023913310840993483,0.08331504911253594,-123483818.0,-1.8729631080887073,0,0,-1,0,0,-0.0049597024178548235,-0.6879354656374995,0.35977843482315186,0.3796120410567216,-0.09334092202618105,-0.09540034071550252,0.7328870144564873,0.03508474576271183,0.0
2024-08-05,15.98,15.93,-0.0478560211776351,-0.012867875567238387,-0.03942352205728732,0.35376652805664627,0.003133816416171484,16.622,16.7755,15.552,0,5,8,16.42817181061369,15.343372309158555,43.632958801498134,0.7730658636436942,1.123985901091055,17.786293851646484,15.764706148353518,0.028359388048740743,0.023958160503107496,0.08306138057275499,-123286158.0,-1.5740103656234368,0,0,-1,0,0,-0.03954802259887,-0.3879320174861176,0.3715311427020878,0.38032400737075533,-0.06165590135055787,-0.08476517754868274,-0.42017077722853635,0.06007509386733411,0.0
2024-08-06,16.19,15.98,0.04972343535243036,0.01660044269303524,0.05389373364818262,-0.37463642016974186,0.0130558273514151,16.561999999999998,16.7045,15.738000000000001,1,6,8,16.384867845047566,15.397993450503165,46.950092421441795,0.6979798335650784,1.0387846875858597,17.666810268381045,15.742189731618954,0.02888588448980501,0.024106649493874588,0.08305914391613102,-123150259.0,-1.0693016938613238,0,0,-1,0,0,0.0062578222778471755,-0.5784541733038833,0.3964999008255846,0.38268119702275943,-0.027627627627627493,-0.08063600227143664,-1.3401734896763318,0.024088943792464297,0.0
2024-08-07,16.3,16.19,0.01665163359244238,0.016629256971534747,0.014263807724908453,-0.4642146356147687,0.006771340123172879,16.559,16.65,15.937333333333333,2,7,8,16.36943732776619,15.456187421438445,47.91288566243194,0.6399724899585841,0.9590222480604046,17.571440519826954,15.728559480173042,0.027710559096042607,0.024131437746697067,0.08266518678274325,-123064829.0,-0.759680071516123,0,0,-1,0,0,0.009882643607164924,-0.7715481097980107,0.3735522868835896,0.38307469833718394,-0.035502958579881505,-0.06267970097757336,-1.464957539122943,0.026687116564417315,0.0
2024-08-08,16.93,16.3,-0.009834129653718673,0.036333375003697994,-0.004938281640582454,0.981275425263557,0.0379220883323273,16.561,16.6265,16.134333333333334,3,8,8,16.47135781362688,15.551272103926287,56.37931034482757,0.6374884174468445,0.8947154819376926,17.489524668794232,15.763475331205768,0.02816860159796248,0.025864358291050604,0.08222967080373388,-122836914.0,0.7033402658675612,0,0,-1,0,0,-0.006748466257668676,-0.12232118354571364,0.29589010935783955,0.41058395915034873,0.049597024178549276,-0.027011494252873525,0.8053413145705623,0.06686355581807452,0.0
2024-08-09,17.14,16.93,0.0778071132399246,0.015379621401585138,0.05243744158164769,-0.1868554355672469,0.012327717024589787,16.518,16.625,16.339666666666666,4,9,8,16.592929120240175,15.653770677866527,51.62523900573616,0.6450295182715866,0.8447782892044714,17.484142779629497,15.765857220370503,0.025223874296768863,0.025864596401231447,0.08214257304209105,-122647844.0,1.1988694131191848,0,0,-1,0,0,0.033668044890726535,-0.3055303207868766,0.22130589031730327,0.41058773903228757,0.07595731324544897,-0.0017472335468842193,1.7515506800895493,0.030921820303383755,0.0
2024-08-12,18.51,17.14,-0.0011435107020789379,0.07670790861990517,0.026080875552792458,0.9485668734429809,0.07689621341577248,16.666,16.708,16.590333333333334,0,12,8,16.94148746201469,15.83804353735901,63.395638629283496,0.7528747736952859,0.8263975861026343,17.910709222415885,15.50529077758411,0.0340419542228102,0.030967852014129518,0.08285276132912808,-122159664.0,2.9965680256119027,0,0,-1,0,0,0.019836639439906642,0.9831115156650094,0.48280405158865725,0.49159941040342436,0.15832290362953705,0.09851632047477743,1.4861779133248423,0.0799567801188547,0.0
2024-08-13,18.5,18.51,0.0727994996085142,-0.005288219621564412,0.04041916740088106,-0.8048093459053738,-0.0005403945011270826,16.851000000000003,16.8,16.822666666666667,1,13,8,17.224853378012018,16.00978266398101,68.17420435510887,0.8279914293839923,0.8267163547589059,18.244452181715676,15.355547818284325,0.03248588022153145,0.030760363542518265,0.08275159361491591,-122377965.0,2.353833545366373,0,0,-1,0,0,0.015667206915180937,-0.22395325246006853,0.5214533524841951,0.4883056330286468,0.1426806670784433,0.11044417767106851,1.31456209177305,0.035621621621621566,0.0
2024-08-14,18.49,18.5,-0.017709075624755082,-0.01066108178611359,0.010335938711075823,-0.8363125102861823,-0.0005406866852457616,17.009999999999998,16.898500000000002,17.019333333333336,2,14,8,17.454880036555288,16.169796685659655,64.62962962962959,0.8766099894890012,0.836695081704925,18.52034138363905,15.276658616360956,0.0326473378224102,0.03062063531812608,0.08163978400062707,-122472556.0,1.962584030787313,0,0,-1,0,0,-0.0016216216216216831,-0.7596033646547984,0.5419527627866476,0.48608751623137675,0.1343558282208588,0.11924939467312345,1.2486499284466506,0.01459707950243374,0.0
2024-08-15,18.25,18.49,-0.009246734363773193,0.01805678374724266,-0.009292584507534181,1.0064545878925915,-0.013064965370532932,17.222,16.9845,17.029666666666667,3,15,8,17.599447302636143,16.304003351100967,56.827309236947784,0.8855662973833631,0.8464693248406128,18.70356308631674,15.265436913683258,0.027808635529873265,0.030898065506782268,0.026301343335572994,-122731346.0,1.472313622545936,0,0,-1,0,0,-0.010275824770145903,-0.044843620421581624,0.5879135953239212,0.49049158394357273,0.077968103957472,0.10405323653962495,1.9155721897076206,0.04273972602739732,0.0
2024-08-16,18.83,18.25,0.013029500290333678,0.007863736460214451,0.009287146784417482,0.04716775131747751,0.031286262640560496,17.512,17.1165,17.070333333333334,4,16,8,17.823184156702297,16.46697087683639,67.9282868525896,0.9287592303788514,0.8629273059482606,18.97820578262319,15.254794217376809,0.02686076956945816,0.030798882620478706,0.026625449994670203,-122460057.0,1.8407849575303312,0,0,-1,0,0,0.015890410958904064,-0.022917988546079522,0.5971844540530731,0.48891710443473585,0.09859976662777115,0.1630636195182209,1.3434699830402521,0.040361125862984494,0.0
2024-08-19,19.51,18.83,0.013394253287664823,0.020672570804719882,0.019919904961848846,0.14443285203889647,0.03547581196595903,17.865000000000002,17.2435,17.138666666666666,0,19,8,18.12987794639279,16.663295336395333,76.87969924812032,1.0062607108695723,0.8915939869325229,19.388165597783434,15.098834402216568,0.02696954287628994,0.03008080258668469,0.027224547244343304,-122146614.0,2.113616222820458,0,0,-1,0,0,-0.002124269782262302,0.14522568419631335,0.34630569939608935,0.4775179372895769,0.05402485143165858,0.14967589864466713,0.3724871365893169,0.040492055356227526,0.0
2024-08-20,19.29,19.51,0.04932222057996151,0.03122106553474564,0.016394719858989888,0.27090756029460866,-0.011340327717382213,18.175,17.3685,17.194666666666667,1,20,8,18.340809228866824,16.832760153402088,72.58979206049148,1.0379640279392888,0.9208679951338761,19.686305450261763,15.050694549738239,0.02875366388006579,0.0301022806728579,0.02735186321891278,-122557586.0,1.658033895625703,0,0,-1,0,0,0.011788826242952171,0.5163658358671556,0.37554221884915434,0.4778588913374885,0.04270270270270271,0.1488981536628946,0.45589388061333047,0.05701918092275799,0.0
2024-08-21,18.75,19.29,-0.02930047694778219,-0.049286072932384656,-0.024422592782909237,-0.6907994136262181,-0.028393074501217787,18.419999999999998,17.4895,17.24,2,21,8,18.415207550891036,16.956453046730985,75.88932806324108,1.0078972361512974,0.9382738433373603,19.831577125791945,15.147422874208054,0.03216645707878743,0.03013883452374087,0.027805052746932474,-122763555.0,1.076394953965299,0,0,-1,0,0,-0.006220839813374673,-0.43831103825783085,0.4590233111021211,0.4784391657308769,0.014061654948620994,0.14819350887936333,0.3807295809246784,0.03146666666666666,0.0
2024-08-22,17.55,18.75,-0.07978191747776979,-0.05074519900523532,-0.12033868974762438,0.6372280480384498,-0.06613980250454495,18.482,17.5215,17.245,3,22,8,18.257897087092665,16.994746398554792,63.36633663366336,0.877128128782914,0.9260447004264711,19.84767395376138,15.195326046238618,0.039226777347782654,0.03329501978121282,0.03037083481302201,-123153090.0,0.02450375643998343,0,0,-1,0,0,-0.056000000000000036,0.36773232134319767,0.667420840989331,0.5285420534283918,-0.0383561643835616,0.03784742755765813,-0.30537635639259136,0.09971509971509972,0.0
2024-08-23,17.94,17.55,0.010118130165584686,-0.013237920840635678,0.05655216950492137,-1.275424003461238,0.021978906718775167,18.562,17.54,17.270666666666667,4,23,8,18.20009761671218,17.05573050187384,65.3125,0.7957890488927788,0.8999935701197327,19.87367115349004,15.206328846509958,0.039573777604032585,0.03252453260397339,0.030498642216914753,-123044288.0,0.3428075111626554,0,0,-1,0,0,0.018803418803418705,-1.1117173688983402,0.6350257939722084,0.5163109486723537,-0.04726500265533706,0.021058622652248227,-0.3335274945573332,0.030657748049052434,0.0
2024-08-26,18.55,17.94,-0.0033613477027047717,0.03491898690195959,0.00968944599832268,0.48432925859243975,0.0334369324227941,18.566,17.616,17.327333333333335,0,26,8,18.26371623185542,17.152134985623913,67.35294117647058,0.771653997139623,0.8743256555237108,19.978562391267484,15.253437608732515,0.031859730776207226,0.032364186467422354,0.030788624195143256,-122867693.0,0.7906669499626815,0,0,-1,0,0,-0.0066889632107023965,-0.5647449170990684,0.6256916215902055,0.5137655326663295,-0.049205535622757646,0.08925425719318847,-0.37872284019055596,0.05498652291105119,0.0
2024-08-27,19.16,18.55,0.0551299206263977,0.031145299147735818,0.01575721966284172,0.5514664415927386,0.032354983489270274,18.631999999999998,17.7415,17.410666666666664,1,27,8,18.426676916972614,17.281674663970758,69.5890410958904,0.7926119594738736,0.8579829163137433,20.154135815647965,15.328864184352032,0.03343212834868381,0.03228564012287532,0.031103730518129116,-122561160.0,1.1758923504325351,0,0,-1,0,0,0.01509433962264138,0.6647717125178252,0.6923783293737465,0.5125186481019416,-0.006739243131156036,0.15075075075075084,-0.9293451761891529,0.06941544885177445,0.0
2024-08-28,18.14,19.16,-0.0026588688889439957,-0.01730056256719418,0.01220880869413916,-0.7663203159316112,-0.05470532785572396,18.597,17.8035,17.46466666666667,2,28,8,18.37455384115941,17.337050492101678,57.86736020806242,0.7186318791434587,0.8301127088796865,20.1886582756706,15.418341724329398,0.03806317131484871,0.03495086931544762,0.03280707307775515,-122703612.0,0.2821615684228687,0,0,-1,0,0,-0.019832985386221243,-0.7966593935195536,0.7737570786014656,0.5548278498851563,-0.0325333333333333,0.07337278106508882,-0.5969384705466177,0.04299889746416765,0.0
2024-08-29,18.59,18.14,-0.015562428381083555,0.004748096496074253,0.017496345719776596,-0.013150134911449422,0.024504357046362092,18.631,17.9265,17.533333333333335,3,29,8,18.413725870039517,17.417885944224153,59.142496847414876,0.6883781765581674,0.8017658024153828,20.199363021783196,15.653636978216808,0.038640386957721755,0.033182761774141714,0.03302665323362218,-122563021.0,0.5838451271730795,0,0,-1,0,0,0.019294377067254568,-0.7629541482630676,0.5856590606028409,0.5267600128120765,0.05925925925925912,0.15251084934903902,-2.1318133722531427,0.029585798816568087,0.0
2024-08-30,18.84,18.59,0.005393756334319163,0.015666116744399456,-0.010351495319713706,0.9183073185868258,0.013358467414864399,18.631999999999998,18.072,17.621666666666666,4,30,8,18.49123025730506,17.509635238145176,52.422907488986766,0.6767733876203081,0.7767673194563679,20.17278281149018,15.971217188509819,0.0375169768363383,0.03286280300922785,0.03272065014887431,-122210834.0,0.7311560203172296,0,0,-1,0,0,0.0,1.0380459479818045,0.5794185047203352,0.5216808248815318,0.050167224080267525,0.18267419962335207,-1.9695931065860466,0.05520169851380038,0.0
2024-09-03,9.38,18.84,-0.7399490054118646,-0.6777227102343136,-0.7310981634697369,0.8768746715917105,-0.6974025061300836,17.619,17.741999999999997,17.36866666666667,1,3,9,16.83464293779505,16.985142642135813,21.95571955719558,-0.09467507536656683,0.6024788404917809,22.093878481275574,13.39012151872442,0.16168275136307517,0.11896575055786153,0.09771614648262579,-123057272.0,-3.8429381867983663,0,0,-1,0,0,-0.5291932059447984,3.2824657723653266,3.636835137525035,1.8885227430614713,-0.49433962264150944,-0.4130162703379223,-2.119251869794385,0.10767590618336903,0.0
2024-09-04,8.97,9.38,0.04410858325627563,-0.030038509119227435,0.004540302918783231,-1.0948941875833669,-0.0446940869474286,16.587,17.381,17.108,2,4,9,15.404707858195948,16.468036665223828,21.42857142857143,-0.7307138987851527,0.3358402926363942,23.219031030731973,11.542968969268028,0.16107411667111468,0.118903795420216,0.09787775622661718,-123340469.0,-2.8814509397855765,0,0,-1,0,0,-0.011727078891258123,0.04430470673554256,3.502893409872079,1.8875392357415541,-0.5318371607515657,-0.4459542927733169,-2.1028110353708587,0.07580824972129316,0.0
2024-09-05,9.3,8.97,-0.03178349726365547,0.02602024260732741,0.01684486769823956,0.4645326832198331,0.03612872408850548,15.642000000000001,17.031,16.87366666666667,3,5,9,14.294760974887593,16.00558268682229,23.28358208955224,-1.194382904041479,0.02979565330081957,23.891664077109976,10.170335922890022,0.1636247701757842,0.11943647144741715,0.09827247660241681,-122889826.0,-2.2537176906223473,0,0,-1,0,0,0.0011148272017836997,0.914353835852062,3.653374997381058,1.8959952055255949,-0.4873208379272326,-0.42944785276073616,-2.1397245946687713,0.08394623655913973,0.0
2024-09-06,8.79,9.3,0.0541844339528221,-0.027072320558131052,-0.029380644393219902,-0.7470854585987177,-0.05639968846212483,14.766,16.624,16.602999999999998,4,6,9,13.293895343089847,15.540061223156336,19.90407673860912,-1.5847289007062209,-0.2931092575005885,24.412889252613212,8.835110747386787,0.16356263594625303,0.11894473679887987,0.09815922397488336,-123103316.0,-2.0115833582745197,0,0,-1,0,0,0.01935483870967739,-0.4628915884886928,3.5317139298102567,1.8881891599792147,-0.527165142549758,-0.4808033077377437,-2.0712053446615597,0.08873720136518765,0.0
2024-09-09,8.47,8.79,-0.010604553248797112,-0.01271203558836175,-0.036197763936031614,0.4132818397966113,-0.03708420303312244,13.818999999999999,16.1905,16.299666666666667,0,9,9,12.416823462528058,15.083928241017219,16.17647058823529,-1.8980230131847904,-0.614092008637429,24.782176449362268,7.598823550637734,0.16176794486573273,0.11869475123061013,0.09769952890988767,-123426064.0,-1.7972045491943702,0,0,-1,0,0,0.06712172923777039,0.13518358398482147,3.4383542826391618,1.884220762109233,-0.5504246284501062,-0.5058343057176196,-2.0750751298599326,0.11452184179456913,0.0
2024-09-10,8.55,8.47,-0.07640682374083278,-0.017204725449630833,-0.009666066860481118,-0.5574569910088489,0.009400774284705888,12.818999999999999,15.6925,16.017000000000003,1,10,9,11.71376465115932,14.662384483532238,16.81087762669962,-2.115469705147376,-0.9143675479394184,24.853830344672133,6.531169655327869,0.16045048640860385,0.11644712634982492,0.09778368451678633,-123241238.0,-1.5592713571678585,0,0,-1,0,0,0.025974025974025837,-0.6008427130195753,0.620509141506944,1.8485408232585199,-0.08848614072494665,-0.5380875202593193,0.748061176383932,0.10419883040935675,0.0
2024-09-11,8.83,8.55,0.0,-0.032518709902799675,0.02500560067610272,0.08027658014918551,0.03222373166719975,11.786,15.209,15.756333333333334,2,11,9,11.189443805493989,14.286101613626933,18.844221105527637,-2.239389823293024,-1.1793720030101396,24.758910773901164,5.6590892260988355,0.16044202654994824,0.11710098000691684,0.09817535363712905,-123040963.0,-1.335928712011235,0,0,-1,0,0,0.016374269005847812,-0.5010614202012984,0.6553726821041274,1.858920428281492,-0.015607580824972156,-0.5227027027027027,-0.45701047330251254,0.043601359003397684,0.0
2024-09-12,7.62,8.83,-0.025642430613337555,-0.03593200922606344,-0.16238117896377371,1.159878077906842,-0.14737864491731376,10.734,14.6655,15.447000000000001,3,12,9,10.540454022676899,13.856030541780035,18.83239171374764,-2.407482339523453,-1.4249940703128021,24.656273585769277,4.674726414230724,0.16238231966964822,0.11945339919417691,0.10051847802648067,-123679749.0,-1.410401294657606,0,0,-1,0,0,-0.04077010192525475,1.8424003252329548,1.0453973482379824,1.8962639251746929,-0.1806451612903226,-0.5878853434288804,-0.8110178365604953,0.17716535433070862,0.0
2024-09-13,7.79,7.62,-0.10051852491146317,-0.1000834585569824,0.0,-0.5948139567482162,0.022064490184102024,9.654,14.142500000000002,15.169,4,13,9,10.04037147309928,13.464673732632935,17.69573520050922,-2.4981818056353458,-1.639631617377311,24.43380624413277,3.8511937558672322,0.16222952949593064,0.1200311994332215,0.10066708430908743,-123327353.0,-1.2345371616205978,0,0,-1,0,0,0.005249343832021002,0.207223800775772,1.1052288875463712,1.9054362196146069,-0.11376564277588164,-0.5731506849315069,-1.5499053361982185,0.06803594351732994,0.0
2024-09-16,7.91,7.79,0.016828876130156885,0.015286921896905645,0.04970801645966093,-0.412588970894663,0.015286921896905645,8.561000000000002,13.5965,14.901666666666667,0,16,9,9.653031205263046,13.106307685366295,15.045992115637304,-2.5312006830092173,-1.8179454305036922,23.998789778292988,3.1942102217070136,0.16233703763147006,0.11963052262752624,0.10083762188421208,-123094090.0,-1.0933169756271015,0,0,-1,0,0,0.0,-0.45046799810088,1.1231154916658084,1.8990756725107185,-0.06611570247933884,-0.5799256505576208,-2.151663360924046,0.03539823008849561,0.0
2024-09-17,7.97,7.91,0.03407269663588,0.018785774738974383,0.020753014586291196,-0.36213493328887125,0.00755671102256102,8.42,13.019499999999999,14.634666666666666,1,17,9,9.347025531578854,12.774932995987824,11.860940695296506,-2.523438257213714,-1.9590439958456969,23.320401289131006,2.718598710868992,0.05390032411777271,0.11893717311456095,0.10086991885165264,-122931695.0,-0.9803996481993237,0,0,-1,0,0,0.01896333754740839,-0.791156152115662,1.1210139257890932,1.888069090212995,-0.06783625730994158,-0.5914915427985649,-2.140077785077901,0.03387703889585953,0.0
2024-09-18,8.13,7.97,-0.008722796740353651,0.026929411878631328,0.018442494095715342,-0.2466086239734276,0.01987643075759571,8.336,12.461500000000001,14.366000000000001,2,18,9,9.12574816220088,12.475259899472482,13.758146270818244,-2.4758359206820373,-2.0624023808129652,22.538847760930782,2.38415223906922,0.053869256148298676,0.1194571853861064,0.10094645263976323,-122804792.0,-0.8596507935933188,0,0,-1,0,0,0.002509410288582241,-0.8962270017171715,1.092536228064235,1.8963240291082613,-0.07927519818799544,-0.5785381026438569,-2.199174652669171,0.04243542435424351,0.0
2024-09-19,8.32,8.13,0.04765715471580845,0.01557850558768843,0.009407407101895547,0.7017427105580529,0.023101331273397908,8.238,11.940000000000001,14.1,3,19,9,8.979248496346175,12.207178615635549,12.103321033210321,-2.395169293249163,-2.1289557633002048,21.72230410916622,2.157695890833782,0.052774737644148396,0.12010683689028212,0.10111833720433537,-122548795.0,-0.7401119326494843,0,0,-1,0,0,0.030750307503075027,-0.20962401386907656,0.10245127045225738,1.9066369270217092,0.09186351706036744,-0.5562666666666667,-1.205476015199204,0.04807692307692312,0.0
2024-09-20,8.61,8.32,-0.004784698123336382,0.025823031110479896,0.023443393189939415,1.7203583987315334,0.03426206360652214,8.220000000000002,11.492999999999999,13.822666666666667,4,20,9,8.912112406101414,11.975102575917125,12.362030905077262,-2.2815396644256953,-2.159472543525303,21.009352906002313,1.9766470939976841,0.05187144699711133,0.120658720553835,0.10105123468626415,-121118660.0,-0.6059043897335049,0,0,-1,0,0,0.0024038461538461024,3.4594754212367245,0.16012187019481633,1.9153978085801102,0.10526315789473673,-0.5094017094017095,0.4023902133247961,0.04994192799070866,0.0
2024-09-23,9.29,8.61,0.0434085744937562,0.087059657013779,0.05342516667358057,-1.4655409574649467,0.07601423438610773,8.302,11.0605,13.561,0,23,9,8.980819241355702,11.801870151664408,49.06444906444904,-2.1122681356959045,-2.1500316619594235,20.11835957056079,2.0026404294392073,0.05575051220181179,0.12247828069903051,0.10239920598307464,-120788366.0,-0.3909312097869905,0,0,-1,0,0,0.011614401858304464,-0.08827172854649659,0.4364115885271284,1.9442824304183814,0.17446270543615672,-0.4821627647714605,1.5638209686449296,0.08234660925726575,0.0
2024-09-24,9.5,9.29,0.06769083783308825,0.023616946513338725,0.06489972757097291,0.20390883843846683,0.022353245780748123,8.397,10.608,13.260666666666667,1,24,9,9.075215742927393,11.653362399944125,55.748373101952275,-1.9388244236062295,-2.107790214288785,18.967807602923315,2.2481923970766857,0.05587084837538609,0.12223010661892265,0.10113364913667441,-120383364.0,-0.26507787083821105,0,0,-1,0,0,0.0032292787944027063,0.11810185758202542,0.392147276320841,1.940342789031476,0.19196988707653695,-0.4878706199460917,1.9651200193600775,0.04315789473684212,0.0
2024-09-25,9.07,9.5,-0.002148228538289495,-0.01884872555866727,-0.031923459329338114,-0.9746116164008557,-0.04631953447944985,8.421000000000001,10.1035,12.946333333333333,2,25,9,9.074267426031502,11.486693858012247,47.558386411889586,-1.815142604463535,-2.049260692323735,17.446217910677845,2.7607820893221575,0.058068906425875214,0.12161051996912094,0.10124512614389136,-120536187.0,-0.28150339222403614,0,0,-1,0,0,-0.021052631578947295,-0.6744571162057924,0.7070039067397172,1.9305071558852898,0.1156211562115621,-0.5266179540709812,-0.6549359055987032,0.05733186328555693,0.0
2024-09-26,9.61,9.07,0.024430317506900424,0.05850821891005716,0.05229949940284905,1.0744296677411198,0.05783195885515582,8.62,9.677,12.650333333333332,3,26,9,9.171673348571229,11.365616834914682,58.649789029535874,-1.6544785854262276,-1.9703042709442338,15.970167891075437,3.3838321089245627,0.03259955618172365,0.1229135388710033,0.10215828987690213,-120088672.0,-0.02129293264049581,0,0,-1,0,0,0.05071664829106936,0.23273396851875663,0.7535784163445877,1.951191939693273,0.15504807692307687,-0.4702315325248071,-1.118695534680654,0.06347554630593126,0.0
2024-09-27,10.31,9.61,0.018711564637122865,0.08088597500090378,0.02360455776942065,-0.1981765612585609,0.07031007504666752,8.872,9.263,12.385666666666667,4,27,9,9.378641830649187,11.297512522984704,67.96875,-1.4539073045801736,-1.867024877671422,13.979154097745736,4.5468459022542635,0.03605133748003746,0.12431434015370114,0.10339155187864747,-119721609.0,0.4440058481127467,0,0,-1,0,0,0.010405827263267579,-0.06916297138496189,0.8143457325032295,1.9734289706747057,0.1974448315911732,-0.4454007530930607,-1.39376967722756,0.11930164888457812,0.0
2024-09-30,10.83,10.31,0.10638985182694051,0.0942647014027718,0.09158015352445391,0.508915135765174,0.049205762984030635,9.164000000000001,8.8625,12.119,0,30,9,9.642525134167515,11.267350424727628,70.50359712230215,-1.2387143374833478,-1.7413627696338072,10.528164084413463,7.196835915586537,0.036284872123327004,0.1250868974300258,0.10371624507087518,-119111005.0,2.362421112889425,0,0,-1,0,0,0.04752667313288072,0.6902922363189087,0.7455956569060445,1.9856929372349563,0.16576964477933265,-0.42515923566878977,-1.4783397211375033,0.12742382271468133,0.0
2024-10-01,11.23,10.83,0.016529301951210506,-0.04291623612336982,0.003777152743745394,-0.726571986240404,0.03626870773745266,9.489999999999998,8.955,11.843,1,1,10,9.93115692795524,11.264940719906491,71.12676056338029,-1.0240906243734909,-1.597908340581744,10.920207903826677,6.989792096173324,0.03521677892885649,0.05125432315433335,0.10372918433214674,-118815739.0,2.3152766641840725,0,0,-1,0,0,0.013850415512465407,-0.27248918806894845,0.7411089633269681,0.813637156099834,0.18210526315789477,0.19722814498933894,-1.8088585993451742,0.07462154942119331,0.0
2024-10-02,10.91,11.23,0.07287119412788627,0.03451282532699027,-0.0028315261957383405,0.29857033517375936,-0.02890896890537243,9.768,9.052,11.563666666666666,2,2,10,10.109128395599742,11.242041318622201,84.34237995824635,-0.8697946596934187,-1.452285604404079,11.203049682560072,6.900950317439927,0.040520794888435546,0.050517583000964664,0.10377942207193798,-119213737.0,1.7275286712938227,0,0,-1,0,0,0.05164737310774711,0.06689237026334272,0.627736224558738,0.8019417687396992,0.2028665931642779,0.21627647714604237,-1.6476415538747544,0.11640696608615944,0.0
2024-10-03,10.38,10.91,-0.11566842289970723,-0.09278173345096609,-0.04241825842005313,-1.0381623800054922,-0.04979892210723681,9.974,9.106,11.284666666666668,3,3,10,10.15837777821797,11.186425749678834,75.14563106796118,-0.781274520303695,-1.3180833875840023,11.336037998260096,6.875962001739904,0.047695726715799816,0.051821943834259476,0.10396086031774274,-119354670.0,1.1425814277550357,0,0,-1,0,0,-0.03574702108157659,-0.7686683922869639,0.8325920755011413,0.8226478550484455,0.08012486992715928,0.11612903225806459,-0.41724079562033656,0.06352601156069379,0.0
2024-10-04,10.71,10.38,-0.006676228898743821,-0.003710579396535713,0.010730537574317028,-0.2451713398226359,0.03129700672191478,10.184,9.202,11.056666666666667,4,4,10,10.258672727632884,11.155688604538266,76.11940298507463,-0.6766929350803643,-1.1898052970832746,11.537570256072875,6.8664297439271245,0.047623640007911604,0.049984393233883755,0.10378212750751221,-119244380.0,1.291333451502002,0,0,-1,0,0,0.006743737957610646,-0.845862996117818,0.6981330979513077,0.793477643587896,0.03879728419010675,0.21843003412969297,-0.6138531571733982,0.047619047619047596,0.0
2024-10-07,10.43,10.71,0.05310982531394854,0.08118589156482622,0.004866189651172906,0.46551674441441865,-0.026491615446976455,10.298,9.3,10.806333333333333,0,7,10,10.289823140790542,11.108869984890635,72.04301075268816,-0.6093803775967839,-1.0737203131859765,11.670467420040481,6.9295325799595195,0.04546689641269831,0.04952101591487936,0.10365779231573792,-119420054.0,0.9533984651691199,0,0,-1,0,0,0.028944911297852354,-0.5921654420427317,0.6144253175898542,0.7861217566922551,-0.03693444136657431,0.23140495867768585,0.3774040511513873,0.1313518696069031,0.0
2024-10-08,9.76,10.43,-0.1286173778220936,-0.16045442562998194,-0.10428234843748105,-0.1978935203116554,-0.06639386858767993,10.324000000000002,9.3605,10.513333333333334,1,8,10,10.193491660646806,11.021846114897691,63.38259441707717,-0.6031454066042716,-0.9796053318696356,11.712059169214221,7.008940830785779,0.05126087282710387,0.05235501164875925,0.1037551722649053,-119564187.0,0.33977456764015296,0,0,-1,0,0,-0.07094918504314479,-0.688751874563179,0.5784775055379991,0.8311100442630401,-0.13089937666963491,0.14152046783625716,1.2368396822945564,0.06762295081967215,0.0
2024-10-09,9.6,9.76,-0.026138445745265547,-0.020325903014038842,-0.010834342165710118,0.42965450185619175,-0.016529301951210582,10.377,9.399,10.194666666666668,2,9,10,10.08558408598375,10.930114107484938,60.561056105610554,-0.6041505386573807,-0.9045143732271848,11.739174532402433,7.058825467597564,0.04894621363203689,0.05228481129462808,0.10338042958987914,-119785680.0,0.17178205917287107,0,0,-1,0,0,-0.03278688524590167,-0.4328555224754838,0.5830438027897525,0.8299956481891617,-0.12007332722273145,0.08720271800679491,0.8883567705267954,0.05833333333333339,0.0
2024-10-10,9.35,9.6,0.01784824282479181,-0.013436894672242667,0.005431843882361821,-0.5220535601953881,-0.026386755173194887,10.350999999999999,9.4855,9.901666666666667,3,10,10,9.951841524895794,10.82817126184075,56.14617940199336,-0.6179961487997616,-0.8472107283417002,11.671623461626396,7.299376538373603,0.046093288597826264,0.041037350414633474,0.10315636287678133,-119917092.0,-0.1239637215175334,0,0,-1,0,0,0.0010416666666666445,-0.6605684411547013,0.5456784210551306,0.6514477419728012,-0.0992292870905589,0.22703412073490803,0.5627223426975368,0.04064171122994642,0.0
2024-10-11,9.63,9.35,-0.040345174467440174,0.003116885640253148,-0.026346200031231944,0.08526915158485683,0.029506882509438632,10.283000000000001,9.5775,9.603,4,11,10,9.89332488400565,10.750869890109088,53.024911032028484,-0.5994649755631691,-0.797661577785994,11.612859789738392,7.542140210261609,0.03996510855882993,0.04118262581128448,0.10322815250228787,-119773983.0,0.05158793080681635,0,0,-1,0,0,-0.012834224598930398,-0.5794644348351348,0.5346460051797607,0.6537539173997302,-0.10084033613445376,0.2362002567394097,0.4955520156089144,0.06749740394600211,0.0
2024-10-14,9.2,9.63,0.03617415695010212,0.0016583751727761256,0.018733330202510046,0.10133380414442847,-0.04567974175503976,10.12,9.642,9.281666666666666,0,14,10,9.76726581418644,10.650813768166568,47.43150684931506,-0.6124167347018705,-0.7606126091691694,11.531389765032674,7.7526102349673245,0.036155144699732446,0.04302806850301541,0.10323387654917104,-119932354.0,-0.4678759334682393,0,0,-1,0,0,-0.006230529595015627,-0.5123666395545174,0.5622279485252931,0.6830494119265802,-0.11792905081495686,0.1630847029077116,0.8217968760755089,0.053913043478260925,0.0
2024-10-15,8.92,9.2,-0.05918887139033065,-0.03220314049463482,-0.04465027373773882,0.42910000607534443,-0.030907537463076548,9.889,9.6895,9.266333333333334,1,15,10,9.613217484334358,10.539148363768726,48.68189806678383,-0.6379211985888649,-0.7360743270531086,11.444918378680773,7.934081621319229,0.031221146157524155,0.04389967764974647,0.047632178794063,-120175592.0,-0.8767140749412612,0,0,-1,0,0,-0.019565217391304318,-0.2411998385823096,0.45109186730715045,0.6968857781827777,-0.08606557377049184,0.11919698870765383,1.5281453794612672,0.06614349775784752,0.0
2024-10-16,8.98,8.92,-0.011148387482614187,-0.011834457647002796,0.01697833653441783,-0.9003356800074389,0.006703935722190355,9.696,9.732000000000001,9.266666666666667,2,16,10,9.498087032637201,10.43855814675139,43.95393474088293,-0.6458472463796578,-0.7180289109184185,11.365357536519475,8.098642463480527,0.03241163582262158,0.043784648987174574,0.0469414614431721,-120076732.0,-0.9208026818212,0,0,-1,0,0,0.0,-0.7232649030070769,0.4834166732122314,0.6950597547739202,-0.06458333333333321,0.10455104551045502,0.6852954708684831,0.03674832962138085,0.0
2024-10-17,8.74,8.98,-0.0033688970661047532,-0.038614836127779543,-0.037157747133278976,0.5890109920963963,-0.02708969264666411,9.532,9.753,9.248,3,17,10,9.360253026703164,10.328973750186785,33.47368421052633,-0.6638423294478901,-0.7071915946243128,11.319344722426514,8.186655277573486,0.03088143284354229,0.04416326600111673,0.04670939688334833,-120254898.0,-1.2934572900794203,0,0,-1,0,0,-0.010022271714922032,-0.44034669128371035,0.4846125276029403,0.7010701135400932,-0.0652406417112299,0.05048076923076916,0.6971781251296006,0.03489702517162468,0.0
2024-10-18,9.18,8.74,0.020045214601232084,0.0321001551065858,0.030400964670399183,-0.5648563628711301,0.049117014964954846,9.379000000000001,9.7815,9.261000000000001,4,18,10,9.327479749120771,10.254846411465056,32.33404710920772,-0.6352761714022268,-0.6928085099798956,11.279530637027625,8.283469362972374,0.03446219191123138,0.04487420149351552,0.04647490222325579,-120153621.0,-0.8030543369840407,0,0,-1,0,0,0.037757437070938225,-1.0017440062378726,0.6051950195387235,0.7123558646066719,-0.04672897196261694,0.06620209059233462,1.1373167592501123,0.035947712418300665,0.0
2024-10-21,9.27,9.18,0.0022026440623420965,0.010295403861099851,0.008998935868569535,-0.21936897639953265,0.009756174945364656,9.263,9.7805,9.287666666666667,0,21,10,9.317028885644266,10.191307933306021,27.52293577981652,-0.5984761766781084,-0.6739420433195382,11.279938140385195,8.281061859614805,0.03501341366712582,0.04132978625499928,0.04590264148775262,-120072293.0,-0.6809217216108115,0,0,-1,0,0,-0.009803921568627435,-1.0342470307805143,0.5203289432708854,0.6560900170211018,0.007608695652173925,-0.002152852529601623,0.6682289127192004,0.03721682847896447,0.0
2024-10-22,9.09,9.27,0.019608471388376337,0.010190487756831918,0.013348362823427209,-0.18101412933950098,-0.019608471388376313,9.196000000000002,9.760000000000002,9.305666666666665,1,22,10,9.275750906436217,10.1202558085766,28.43601895734598,-0.577183005009033,-0.6545902356574372,11.28655098006472,8.233449019935284,0.02997052421107448,0.04122560435341238,0.04608793212154681,-120140155.0,-0.8777957745919466,0,0,-1,0,0,0.0,-1.0235972116304766,0.4815747257477526,0.6544361806048254,0.01905829596412545,-0.04315789473684217,0.8400174199742375,0.03520352035203504,0.0
2024-10-23,8.98,9.09,-0.010846093309390212,-0.021575809981957315,-0.020089961390346762,-0.0012680813861044198,-0.012175025875279192,9.134,9.7555,9.310666666666666,2,23,10,9.221978014356903,10.04669091770069,31.578947368421055,-0.5626976653251816,-0.6362117215909862,11.291118853478167,8.219881146521832,0.029846507508379087,0.0400178194900941,0.04581952801707231,-120207931.0,-1.0100162527224728,0,0,-1,0,0,0.008800880088008809,-0.9727752646165273,0.4936177912496706,0.6352631902911756,0.0,-0.009922822491730932,1.3295356039950923,0.033407572383073576,0.0
2024-10-24,8.93,8.98,-0.02764133967645545,-0.014278111864288392,-0.0004961771905398093,-0.090946485122119,-0.005583487425700679,9.092,9.7215,9.354333333333333,3,24,10,9.168891102655648,9.974646342365162,24.715909090909093,-0.548924847449511,-0.6187543467626911,11.300190663342892,8.142809336657109,0.029029451646947146,0.037511377529080785,0.03766432257618752,-120269815.0,-1.002729690342239,0,0,-1,0,0,-0.006681514476614754,-0.9314612699819167,0.44040540408743695,0.5954746576644259,0.021739130434782483,-0.07075962539021852,1.4865335681523923,0.019529675251959526,0.0
2024-10-25,9.39,8.93,0.008928630744301398,0.048579438217751576,0.0004961771905398406,0.7821146075991484,0.05022889833176387,9.068,9.675500000000001,9.407666666666668,4,25,10,9.20909272035462,9.936927223502893,35.945945945945965,-0.49518346766145704,-0.5940401709424443,11.235492914963574,8.115507085036429,0.03244830608945445,0.03549054425899835,0.03846956465442523,-120134531.0,-0.36602730340819195,0,0,-1,0,0,0.007838745800671924,-0.327291585644582,0.44806118780808424,0.5633949240218445,0.022875816993464193,-0.0892337536372454,1.5095778433395284,0.06602768903088402,0.0
2024-10-28,10.79,9.39,0.05406722127027579,0.13668762880596005,0.0675638163003484,1.2236545457108734,0.13897448604987156,9.227,9.6735,9.503666666666668,0,28,10,9.49653040756287,9.991964176825288,61.625282167042876,-0.33575436990544283,-0.542383010735044,11.227351242625957,8.119648757374044,0.05452074057425152,0.04808588317758277,0.046406558184779394,-119674621.0,1.4370745015631623,0,0,-1,0,0,0.011714589989350311,2.6956896163169017,1.1250043603389437,0.7633397307647302,0.1639697950377561,-0.003693444136657509,1.5169011165259847,0.12882298424467106,0.0
2024-10-29,11.29,10.79,0.13010447481184037,0.037876484290498294,0.12093927183782088,-0.7008916445031841,0.0452975988915274,9.464,9.6765,9.614333333333333,1,29,10,9.822615788005985,10.075708423481721,67.71488469601675,-0.16713323212047193,-0.46733305501212963,11.243183053292334,8.109816946707667,0.052413175256799956,0.048501333913358674,0.04683376156350871,-119446440.0,2.059765689823837,0,0,-1,0,0,0.002780352177942645,0.5837829972851014,1.0255327025298555,0.7699348067379013,0.24202420242024192,0.005342831700801298,1.1897920562396858,0.05225863596102745,0.0
2024-10-30,11.06,11.29,0.025548834899952876,0.004415018209116693,0.0055680364340776455,-0.43812280771192874,-0.020582382067381742,9.672,9.684000000000001,9.711999999999998,2,30,10,10.04759473564126,10.13921110583774,68.00000000000001,-0.05146558021349357,-0.3841595600524024,11.276765222068615,8.091234777931387,0.05413518989185869,0.04827182569082591,0.04719505915377613,-119593673.0,1.7278127133048655,0,0,-1,0,0,-0.01682905225863592,-0.08530963461572837,1.0562020183309409,0.7662914766539042,0.23162583518930968,0.013748854262144894,1.0779396598619284,0.052459312839059635,0.0
2024-10-31,10.82,11.06,-0.009049835519917927,-0.029505940202643303,-0.017308016306906607,-0.5090929131113023,-0.021938722675853332,9.88,9.706,9.795333333333332,3,31,10,10.188032056433757,10.18313296997724,62.63269639065817,0.020598427180447132,-0.30320796260583255,11.350555931102988,8.06144406889701,0.05365068575515064,0.04715832279291398,0.04751569550903472,-119682166.0,1.3547730167533445,0,0,-1,0,0,-0.005424954792043445,-0.7067501632776713,1.1089816273642064,0.748615166141756,0.21164613661814125,0.042389210019267765,0.9632481179465339,0.04020332717190376,0.0
2024-11-01,10.56,10.82,-0.009132483563272474,-0.010949014489670358,-0.02341803550654552,-0.2631216732613796,-0.02432299514022002,10.017999999999999,9.6985,9.860333333333333,4,1,11,10.255662591627619,10.207446971914193,64.97797356828195,0.0560833511821901,-0.23134969984822804,11.325046551504206,8.071953448495792,0.054554597313148,0.04702179878036299,0.04766330242106653,-119750186.0,1.059299531517617,0,0,-1,0,0,0.0073937153419593405,-0.8953602338495548,1.1904429310895244,0.7464479146305646,0.12460063897763574,-0.01400560224089642,1.5305601821767758,0.05303030303030307,0.0
2024-11-04,10.61,10.56,-0.022264370497399537,-0.0027560881019800805,0.008666399932397923,0.001777308213827505,0.004723674347776266,10.152,9.7075,9.904333333333334,0,4,11,10.320087574968051,10.233418135016503,69.60556844547564,0.08723440729544052,-0.16763287841949434,11.352970657353156,8.062029342646843,0.05463540996076569,0.04661308873920377,0.04573341669568865,-119682045.0,1.0969505848882508,0,0,-1,0,0,0.009469696969696935,-0.8213929181704924,0.4754340695173736,0.7399598438671109,-0.016682113067655213,0.01725790987535958,1.5440299923451402,0.04147031102733266,0.0
2024-11-05,11.08,10.61,0.008407335835973228,0.023637464154335458,0.018052746801111748,0.5147158471747096,0.04334472869324596,10.350999999999999,9.7735,9.956999999999999,1,5,11,10.458253470428406,10.288036319854148,72.24576271186442,0.14813925858308252,-0.10447845101897899,11.529983029117746,8.017016970882255,0.053905573545200265,0.04479774743573574,0.0461838348762543,-119568034.0,1.4876317941497381,0,0,-1,0,0,0.013195098963242278,-0.31230989273920756,0.4621206592724193,0.7111421940650294,-0.018600531443755508,0.13524590163934436,1.5099112571765787,0.04602888086642613,0.0
2024-11-06,10.87,11.08,0.018433701688837966,-0.002699056969165058,-0.00851068966790862,-0.16855666298836008,-0.019134980186019723,10.54,9.837,10.017,2,6,11,10.533116475805059,10.325582363734526,72.70788912579957,0.17741640123199787,-0.04809948056878362,11.657723973993145,8.016276026006855,0.054417303346302376,0.04487249711663694,0.04541752022446864,-119664360.0,1.134713459871088,0,0,-1,0,0,-0.011732851985559638,-0.4408668197102051,0.458939066303739,0.7123288084625055,-0.017179023508137492,0.1322916666666667,1.5118415091600654,0.05243790248390067,0.0
2024-11-07,11.13,10.87,0.016304709024943787,0.019625964456748444,0.02346423933496705,0.2940179783232892,0.023637464154335458,10.76,9.925999999999998,10.067666666666666,3,7,11,10.64164075293141,10.377480275751655,71.61862527716187,0.21907323491725172,0.005335062528423452,11.819072134194274,8.032927865805723,0.0536390108129264,0.044315242931235004,0.044452529060041816,-119535109.0,1.272006468482983,0,0,-1,0,0,0.023919043238270616,-0.08232051823405583,0.45691617529207845,0.7034826725127651,0.02865064695009245,0.1903743315508022,0.33843316466643564,0.048517520215633506,0.0
2024-11-08,10.76,11.13,-0.016304709024943808,-0.001325967045103717,-0.016838564362829593,0.66770061460089,-0.033808610553815246,10.897,9.9825,10.082666666666666,4,8,11,10.66316061603479,10.402158967638645,65.55323590814197,0.21969812472857697,0.04820767496845416,11.905588250978708,8.059411749021292,0.0553859683199888,0.04503784005696819,0.043138024662506824,-119787116.0,0.8085952369625373,0,0,-1,0,0,-0.016172506738544607,1.146799465172527,0.49790249837151696,0.7149535462694456,0.01893939393939381,0.11734164070612652,0.10544670586684106,0.06552044609665428,0.0
2024-11-11,11.61,10.76,-0.013793322132335648,0.03220469782502802,0.0065820641956404816,-0.06392311917036358,0.07603124097616168,10.979,10.103,10.108666666666666,0,11,11,10.835313231301193,10.480084195532925,73.07692307692307,0.28549029623626865,0.09566419922201706,12.119396995163646,8.086603004836354,0.03834407580457705,0.04612325072306563,0.044529801579041545,-119550714.0,1.4947453339938102,0,0,-1,0,0,0.003717472118959194,0.9212159190805546,0.7289125806709301,0.7321839064266704,0.09425070688030157,0.2619565217391304,0.1503081060684892,0.08656330749354012,0.0
2024-11-12,10.77,11.61,0.07145896398214485,-0.006444705442642095,0.0,-0.6226861386537039,-0.0751023045415029,10.927,10.1955,10.093333333333334,1,12,11,10.82343809833734,10.498788440982414,64.45880452342487,0.26677487167692426,0.12988633371299851,12.152247838956995,8.238752161043003,0.04321762518373059,0.04904442356057446,0.04612050659248423,-119677544.0,0.587198808719498,0,0,-1,0,0,-0.0008613264427217732,-0.1420143406489673,0.919420993698965,0.7785560876147819,-0.02797833935018057,0.20739910313901344,0.5553068429097856,0.08635097493036209,0.0
2024-11-13,10.59,10.77,-0.05492966203093433,-0.029748475400774643,-0.015108880424802249,-0.8023258515547441,-0.016854331554982074,10.879999999999999,10.276,10.082666666666666,2,13,11,10.78099480773055,10.504673057693227,63.13291139240506,0.23471264592043717,0.15085159615448623,12.153045831254873,8.398954168745126,0.043077654726855305,0.04941960825001571,0.04592273723119394,-119734400.0,0.3345682825337083,0,0,-1,0,0,0.019498607242339913,-0.8418211593316556,0.9173111217985123,0.7845119599186652,-0.02575896964121427,0.17928730512249436,0.5230358504320288,0.0708215297450425,0.0
2024-11-14,10.54,10.59,-0.046606757188488446,-0.05663613879804589,-0.03490274169817431,0.17559786362342758,-0.004732616500098944,10.852,10.366,10.088,3,14,11,10.737177569961359,10.506952215261405,59.72927241962773,0.20292927649959402,0.1612671322235078,12.100120738830439,8.63187926116956,0.042612902493257755,0.04881439820661611,0.04501214742757766,-119802170.0,0.20067806826109702,0,0,-1,0,0,-0.010387157695939512,-0.6667065334024329,0.8845838161783774,0.7749045483239014,-0.05300988319856259,0.20594965675057186,1.0477748640640399,0.04653700189753329,0.0
2024-11-15,10.415,10.54,0.01232827373299567,0.003752349618550372,0.014719452044904624,-0.23196201596067645,-0.011930468400280935,10.8375,10.42775,10.078166666666666,4,15,11,10.678599829968384,10.501019814276798,45.9546925566343,0.16574368192201305,0.16216244216320885,12.069547714958158,8.78595228504184,0.042078130254021275,0.04811842004384484,0.04470219698877494,-119855910.0,-0.01553175508022365,0,0,-1,0,0,0.006641366223908946,-0.7753228914856217,0.8613062895648851,0.763856237504155,-0.03206319702602234,0.13453159041394325,0.7743209277752143,0.03648583773403735,0.0
2024-11-18,10.06,10.415,-0.005671092703816169,0.008855802457762863,-0.026563293261746,0.7119404469987888,-0.034679910041342084,10.7825,10.46725,10.065833333333332,0,18,11,10.566127133610497,10.472566923033135,36.30289532293989,0.10640176386924338,0.15101030650441577,12.027767710990656,8.906732289009344,0.043305192401383946,0.048995035051937516,0.044885506739226234,-119965429.0,-0.5219421697450224,0,0,-1,0,0,0.012962073931829243,-0.22642189857617478,0.42992271860894715,0.7777720693459156,-0.1335055986218776,0.08522114347357079,-1.461659911182771,0.07405566600397624,0.0
2024-11-19,9.89,10.06,-0.04359043607486185,-0.06378273566301997,-0.031394983501496276,0.19361929955825105,-0.017043019036972338,10.6635,10.507249999999999,10.070166666666667,1,19,11,10.443194927499498,10.434981960256804,36.79458239277653,0.04513499885503158,0.12983524497453894,11.956146040729573,9.058353959270425,0.03983235646506607,0.048931650907977436,0.0433652556543086,-120098345.0,-0.8520280029051497,0,0,-1,0,0,0.003976143141152997,-0.02173739262985649,0.1719085629280819,0.776765877254017,-0.0817084493964716,0.08800880088008811,-1.0510879283595143,0.03935288169868543,0.0
2024-11-20,9.73,9.89,-0.04144099794453894,0.013831805257625777,-0.005053901737521721,-0.14085382900648105,-0.016310249436707017,10.5495,10.54475,10.074499999999999,2,20,11,10.31352312249959,10.389499253143462,37.4712643678161,-0.01614391959035011,0.10063941206156113,11.859858460606054,9.229641539393947,0.03977725456897532,0.04901643838482603,0.04336223909175757,-120213798.0,-1.2390613008824096,0,0,-1,0,0,-0.020222446916076952,-0.22878624895539837,0.17197848178104924,0.7781118367222212,-0.08120868744098197,0.08351893095768381,-1.09910313069803,0.05950668036998978,0.0
2024-11-21,9.72,9.73,0.0030911925696728796,-0.036765193824640656,-0.028422027458867863,-0.3269313113281349,-0.0010282777255659324,10.4085,10.58425,10.086833333333335,3,21,11,10.205609827499664,10.346305752940658,39.75609756097561,-0.06476821273598787,0.06755788710205132,11.731949185785354,9.436550814214648,0.038140369671609664,0.048974873970154084,0.04305734436775291,-120297055.0,-1.5060566578839334,0,0,-1,0,0,-0.0010277492291880562,-0.5800231309140989,0.18937191127225844,0.7774520220945496,-0.07779886148007575,0.0884658454647258,-0.6067361227344543,0.049382716049382755,0.0
2024-11-22,10.23,9.72,-0.010341353794732708,0.04066003808618166,0.02313457540165689,0.34457420696314206,0.051138961491187414,10.355500000000001,10.626249999999999,10.106833333333332,4,22,11,10.210044404317905,10.338802155976746,45.83333333333335,-0.06144230893002245,0.04175784789563657,11.644064350768994,9.608435649231003,0.04242779895001094,0.049022824692153105,0.043749403975527575,-120179547.0,-0.7786292258516839,0,0,-1,0,0,-0.010288065843621545,-0.21068669817627636,0.5273196502246545,0.778213216208122,-0.017762842054728667,0.08945686900958472,1.5638778370023858,0.06549364613880741,0.0
2024-11-25,9.95,10.23,0.05854345561261023,0.02020270731751947,0.029700083664281583,-0.08543130229535537,-0.0277520287930338,10.189499999999999,10.58425,10.131833333333335,0,25,11,10.16276360353283,10.31371814591373,37.07093821510297,-0.0804725289232966,0.017311772531849942,11.642148985327818,9.526351014672183,0.031050237734398977,0.0359277384568291,0.043212070158696346,-120287433.0,-1.19907478652787,0,0,-1,0,0,-0.002932551319648205,-0.2094736789478834,0.5041423860100266,0.5703351667544478,-0.010934393638171058,-0.0778498609823911,1.7784132357411557,0.05929648241206029,0.0
2024-11-26,9.81,9.95,-0.02582069962174275,-0.03291681501314187,-0.017303230687452868,-0.40166276939347517,-0.014170277593229613,10.0935,10.510250000000001,10.1615,1,26,11,10.09862476652686,10.28122020101607,37.67441860465118,-0.10563327075366047,-0.007277236125252141,11.567338728038996,9.453161271961006,0.023651027316681547,0.03401093696773165,0.042871093876271464,-120359631.0,-1.3248651346401825,0,0,-1,0,0,-0.0010050251256281193,-0.7586463184896415,0.4991818856590755,0.539906886437467,-0.008088978766430777,-0.13108945969884844,1.7633697838688842,0.042813455657492346,0.0
2024-11-27,10.0,9.81,0.006018072325563166,0.020458580091100093,0.018311803642337688,0.10241426998713409,0.019182819416773904,10.0345,10.45725,10.195500000000001,2,27,11,10.080692990794704,10.26307696224084,36.643026004728114,-0.10898560955803305,-0.027618910811808325,11.50452955851527,9.409970441484731,0.025061466812428827,0.034314750148789396,0.042960562720005716,-120279647.0,-0.8732147902289704,0,0,-1,0,0,0.019367991845056012,-0.5493377000094646,0.4959228517267788,0.5447297711700804,0.027749229188078095,-0.09584086799276681,0.8011074004138662,0.04499999999999993,0.0
2024-11-29,11.44,10.0,0.02955880224154443,0.10776841472636667,0.019960742562537933,1.3919451237970837,0.13453089295760606,10.1245,10.48825,10.2855,4,29,11,10.327839719741121,10.339007480805948,56.41509433962265,0.00450171029105384,-0.021194786591235894,11.614469923367192,9.36203007663281,0.05351212325477178,0.04743220812510618,0.049498681300548276,-119957898.0,1.690167222676083,0,0,-1,0,0,0.030000000000000072,2.8524502711252846,1.0862280214123439,0.7529629610021292,0.17695473251028804,0.05730129390018468,1.2258211947040558,0.12500000000000014,0.0
2024-12-02,12.79,11.44,0.09883441252685442,0.10275973395776894,0.11558474943368577,0.46596009910804614,0.1115476296390994,10.362,10.59975,10.405833333333332,0,2,12,10.775505225242735,10.49713603043137,60.17241379310345,0.20105728327491157,0.0232556273819936,12.12628882671664,9.07321117328336,0.06273390986797563,0.05331262703309749,0.0528236362995208,-119445177.0,2.869563435488769,0,0,-1,0,0,-0.006118881118881144,3.321324837561019,1.2416211536105508,0.8463117172146913,0.2502443792766371,0.2111742424242422,0.4685252760606475,0.11258795934323701,0.0
2024-12-03,12.59,12.79,0.1184668631631269,0.01665736752095726,0.08112554481236853,-1.4204588449261921,-0.01576076753449543,10.615,10.69875,10.5165,1,3,12,11.105413366107692,10.632159512339024,67.6356589147287,0.33680814776910317,0.08596613145941552,12.465935913431668,8.931564086568333,0.061138542881667805,0.05363060904790414,0.05307032717247572,-119569052.0,2.140408641360675,0,0,-1,0,0,0.0007818608287726008,-0.1964843033347344,1.1988136034557204,0.8513595252101093,0.2653266331658293,0.18661639962299725,0.5299352681960184,0.055202541699761735,0.0
2024-12-04,12.13,12.59,-0.048009219186360724,-0.017438922855777448,-0.06237635813307599,0.2527646599626168,-0.037221125100297014,10.839,10.75125,10.617833333333333,2,4,12,11.2917018449972,10.728794382510701,64.15441176470591,0.4026322365008035,0.1492993524676931,12.625282732961265,8.877217267038736,0.06289780526529655,0.05394668027654611,0.053505030412581624,-119728551.0,1.47142573952949,0,0,-1,0,0,-0.030976965845909497,0.10655647418838235,1.2825392830647706,0.856377000415525,0.23649337410805304,0.09476534296028882,0.4043218008335709,0.10016488046166527,0.0
2024-12-05,12.17,12.13,0.0008193363834026493,-0.035007552516765086,0.028530783394911025,-0.6415304254913603,0.0032921840434768767,11.083,10.81625,10.724166666666667,3,5,12,11.451392418634073,10.821775390090657,65.00920810313079,0.45280629762677016,0.21000074149950854,12.794885561241703,8.837614438758298,0.06186699152333824,0.053636672073832124,0.05334963221716221,-119644577.0,1.3683671986067478,0,0,-1,0,0,0.006595218466611712,-0.5732101559716638,1.308252972830896,0.8514557727628972,0.21700000000000008,0.1195952161913525,0.5325625963556992,0.036154478225143755,0.0
2024-12-06,12.09,12.17,-0.003281381123177534,-0.014682156074550357,-0.04288821949322441,0.37327608443752336,-0.006595242372734537,11.32,10.86425,10.8295,4,6,12,11.567502887973333,10.903596332665453,65.55246053853298,0.48057450736789065,0.26411549467318496,12.920007703826464,8.808492296173537,0.06214299922527332,0.05356280860736043,0.053361034685419695,-119766548.0,1.1925043478795803,0,0,-1,0,0,0.0,-0.22510924883616545,0.9648427666214718,0.8502832265833536,0.05681818181818188,0.08625336927223715,1.9041138610605226,0.0628618693134822,0.0
2024-12-09,12.29,12.09,0.002462044739775125,0.07440139077617264,0.054574496062679785,0.15350746301817825,0.016407258951242083,11.526,10.94075,10.926166666666667,0,9,12,11.698865999250907,10.993041730558005,71.31931166347994,0.5128080106423525,0.31385399786701845,13.091833631445656,8.789666368554343,0.061327833607424345,0.05282198790147691,0.05283524408920057,-119624340.0,1.2544840007854303,0,0,-1,0,0,0.009098428453267115,0.008298876620172918,0.3179318361796126,0.8385230624602229,-0.03909304143862391,0.14219330855018586,-0.441313652376588,0.08624898291293726,0.0
2024-12-10,11.82,12.29,-0.00575422878325204,-0.07769357481964957,-0.032900479014317675,-0.7123446804515962,-0.03899291159999123,11.713000000000001,10.95125,10.9605,1,10,12,11.720890363023468,11.046393876973617,67.45027124773962,0.4947253364483597,0.3500282655832867,13.11808099916609,8.78441900083391,0.062350767955369875,0.05099431649456285,0.04656277769700368,-119694092.0,0.8018622590634348,0,0,-1,0,0,-0.013018714401952675,-0.5953919084581367,0.38627721106621266,0.809509678333994,-0.06115965051628269,0.01808785529715773,-0.10707438021284738,0.039763113367174335,0.0
2024-12-11,11.32,11.82,-0.041234280652667016,-0.02843000840667935,-0.03490755821080204,-0.3789251432591652,-0.04322193920291524,11.864,10.97875,10.961500000000001,2,11,12,11.64800120611011,11.064045884910804,63.54344122657582,0.43503406365878305,0.367029425198386,13.14985176977879,8.80764823022121,0.0646133171273846,0.049093377748726366,0.04659890464059121,-119741844.0,0.3143565214216282,0,0,-1,0,0,-0.015228426395939063,-0.7532608461369271,0.4104704980687794,0.7793332112596919,-0.06677658697444355,0.05106778087279484,-0.17373966078041234,0.04681978798586567,0.0
2024-12-12,11.52,11.32,-0.03319081959174755,-0.00424990014932904,0.0,0.37461491561554267,0.01751358249270821,12.016,11.02525,10.976833333333333,3,12,12,11.624728259544636,11.09346227943269,64.85148514851485,0.3992641597506079,0.3734763721088304,13.201126048617457,8.849373951382542,0.06460626921824271,0.04894736339817282,0.04651217213026084,-119672392.0,0.45475936031775505,0,0,-1,0,0,-0.005300353356890503,-0.5601019338805646,0.4574140816566858,0.7770153053032243,-0.053410024650780596,0.08781869688385258,-0.18315835708178305,0.041666666666666706,0.0
2024-12-13,11.7,11.52,0.014984855095174885,-0.0012785000676073565,0.0,-0.500279384860368,0.015504186535965254,12.042,11.08325,11.006166666666667,4,13,12,11.63841403053652,11.132593745275742,62.82722513089006,0.381048261705736,0.3749907500282116,13.266493060943432,8.900006939056567,0.04659470654477112,0.04893972000687012,0.04634529808931244,-119630279.0,0.5649851920138355,0,0,-1,0,0,-0.007812499999999988,-0.7956415232290714,0.4952508699620401,0.7768939702278637,-0.032258064516129115,0.11005692599620498,-0.6157681632166521,0.039743589743589734,0.0
2024-12-16,11.76,11.7,0.012174063398866019,0.04950064377303063,0.027158918494040996,0.7370371494244096,0.005115100666770409,11.939,11.1505,11.046166666666666,0,16,12,11.66052057043897,11.173071568161177,66.42468239564431,0.3672204411668112,0.3734366882559315,13.32992991097256,8.971070089027439,0.023769949531645244,0.04875484794421956,0.04605059438213316,-119542274.0,0.5593205791399036,0,0,-1,0,0,-0.011111111111111027,-0.3916860146731033,0.46820420574552873,0.773959217215042,-0.04312449145646857,0.12914066250600098,-0.5071108939355619,0.06377551020408163,0.0
2024-12-17,11.78,11.76,-0.007809150314164831,-0.03132985014091774,-0.03250176290453641,-0.6563462133545793,0.0016992357529598428,11.858,11.2365,11.085166666666668,1,17,12,11.682244103086429,11.212228241183038,68.27458256029685,0.35379727189936894,0.369508804984619,13.37000489989934,9.102995100100658,0.023791647212048767,0.04780900180897396,0.046053565998624285,-119496622.0,0.5094902758607605,0,0,-1,0,0,-0.023809523809523756,-0.7451840671975761,0.38672630431852845,0.7589443753006935,-0.0033840947546531774,0.17097415506958247,-1.8190258718732948,0.06281833616298814,0.0
2024-12-18,11.45,11.78,0.026645323657859037,-0.0033557078469723042,0.004454350349380375,0.4152451016308295,-0.02841344822319198,11.79,11.314499999999999,11.0975,2,18,12,11.64001790252526,11.2275683546551,63.110307414104895,0.3129238797736047,0.35819181994241617,13.35266713327383,9.276332866726168,0.022719313822491136,0.04818836795995459,0.04578901172866282,-119565773.0,0.13296259937461744,0,0,-1,0,0,0.0008488964346349565,-0.4970108142191806,0.29065130445238885,0.7649666262486766,0.011484098939929188,0.1577350859453992,-1.515670086823793,0.0567685589519651,0.0
2024-12-19,11.12,11.45,-0.014523963125514351,-0.01013522189404313,-0.016129381929883644,-0.08371049601144007,-0.029244441177812382,11.684999999999999,11.384,11.105833333333333,3,19,12,11.545469192975212,11.220628460806383,46.38009049773755,0.2510096964297883,0.3367553952398906,13.284840811186843,9.483159188813158,0.023588437365778207,0.048608752256612084,0.04598024601097213,-119629371.0,-0.27777181386921646,0,0,-1,0,0,0.014847161572052396,-0.5201186193144876,0.32264073926484615,0.7716400200728718,-0.03472222222222221,0.1428571428571428,-0.3106248818961899,0.06384892086330927,0.0
2024-12-20,11.5,11.12,-0.03770722909993124,-0.011955735920148772,0.0027063615977428457,0.9042623289872447,0.03360174654676807,11.626,11.472999999999999,11.118166666666667,4,20,12,11.537202066979717,11.23865243107694,31.30434782608694,0.22995431407859712,0.3153951790076319,13.204979093103361,9.741020906896637,0.027238839946827426,0.04891012976061686,0.04618846533282435,-119472277.0,0.03117820545006971,0,0,-1,0,0,0.006294964028777004,0.2922236966521353,0.41715789189631514,0.7764242396309479,-0.017094017094017033,0.1831275720164609,0.4711801458430628,0.046956521739130515,0.0
2024-12-23,11.01,11.5,0.02034568190403038,-0.015584731016698203,-0.02093840718517039,-1.0255460917935224,-0.04354308463461583,11.498000000000001,11.512,11.126499999999998,0,23,12,11.441347145710676,11.223900661330042,28.877005347593567,0.17174905082249303,0.2866659533706042,13.159180685451993,9.864819314548008,0.02851695581624768,0.049136068892902326,0.04646623498678265,-119528611.0,-0.6095263311835764,0,0,-1,0,0,-0.006956521739130441,-0.5864586467418668,0.488856642461849,0.7800109121637383,-0.06377551020408168,0.07624633431085037,1.021431432865668,0.05358764759309734,0.0
2024-12-24,11.34,11.01,-0.03929076814647957,0.011279946065066838,-0.0009203866273286727,-0.17972614198553727,0.029532347565017523,11.45,11.5815,11.117500000000001,1,24,12,11.422920391945098,11.231390941244234,39.058171745152336,0.15051416877486012,0.2594355964514554,13.059824442703468,10.103175557296533,0.02930958492316269,0.04883422311655686,0.04447593752966932,-119481544.0,-0.32672124335353625,0,0,-1,0,0,-0.0027247956403269173,-0.6353268270076835,0.5749914013122928,0.7752192590127063,-0.03735144312393879,0.1396984924623117,0.49499553700969967,0.06437389770723108,0.0
2024-12-26,11.74,11.34,0.03137863895853044,0.022185210229479783,0.03971641121250562,0.46720849271558557,0.03466551610034438,11.492,11.677999999999999,11.149833333333333,3,26,12,11.480571229773261,11.264204428905897,44.584382871536526,0.164070723651788,0.24036262189152194,12.899002176815937,10.45699782318406,0.028217334612694947,0.04892635396382622,0.04273424933610589,-119406447.0,0.10155592050078294,0,0,-1,0,0,-0.0008818342151675297,-0.38824500690982233,0.6044737506134265,0.7766817908724207,0.02532751091703056,0.19673802242609573,-0.6705435187692098,0.046848381601362774,0.0
2024-12-27,11.3,11.74,0.023551023072404063,-0.017021687569430524,-0.014260491219156922,0.07521164895407792,-0.03819908868165542,11.47,11.742999999999999,11.173499999999999,4,27,12,11.447740097087213,11.266513820589388,40.877598152424945,0.13772248916902008,0.2198345953470216,12.697128977268243,10.788871022731755,0.030544309232669133,0.0499991338543533,0.043241768840450966,-119487410.0,-0.9285956313125422,0,0,-1,0,0,-0.011925042589437867,-0.33668233457903185,0.6377405005936895,0.7937116436834952,0.01618705035971235,0.13000000000000012,-0.6069535992022993,0.04513274336283184,0.0
2024-12-30,11.29,11.3,-0.03866914115915405,-0.02696988171210359,-0.02027598886525865,-0.9670946436766228,-0.0008853475567243256,11.428999999999998,11.735499999999998,11.1985,0,30,12,11.419060079434992,11.268029057970718,37.92270531400966,0.11471207766065206,0.1988100918097477,12.701936209673564,10.769063790326433,0.02995605210590905,0.03826288147280281,0.04322373378449545,-119518191.0,-0.9219439328550737,0,0,-1,0,0,-0.012389380530973501,-0.7106593496084171,0.578606264381217,0.6074044129306624,-0.01826086956521744,-0.013111888111888126,-0.07649510647732992,0.03751992914083264,0.0
2024-12-31,11.21,11.29,0.01600034134644112,0.006153865574378286,0.00944555809088902,0.22889030260176801,-0.0071111410775020105,11.373999999999999,11.6565,11.225,1,31,12,11.381049155901357,11.264285247779059,41.866666666666674,0.088994950949985,0.17684706363779518,12.5119291013101,10.801070898689899,0.029829487853071886,0.026320577153321714,0.043175315074706296,-119556889.0,-1.0439205290448461,0,0,-1,0,0,0.004428697962799001,-1.0567389690959301,0.47090346862160615,0.41782620906826584,0.01816530426884655,-0.12353401094605143,-0.38797561385964546,0.0347903657448707,0.0
2025-01-02,11.17,11.21,-0.023194616980468204,-0.006109774835630802,-0.006372347462258579,-0.23531092271962536,-0.0035746240029592455,11.312999999999999,11.5855,11.262,3,2,1,11.34267658210111,11.258202328567506,47.72036474164133,0.06464113428550178,0.1544058777673365,12.345042105828306,10.825957894171694,0.029756645032382737,0.02623199594558042,0.04261970974653258,-119587473.0,-1.0940802275783867,0,0,-1,0,0,-0.01159678858162362,-1.1397606497322865,0.4105032026730513,0.41642002598916256,-0.014991181657848296,-0.11278792692613182,0.31331941179172734,0.034959713518352836,0.0
2025-01-03,11.05,11.17,0.006297816586990104,0.005232966362096352,-0.005485336623346254,0.8390712215543288,-0.010801185117347413,11.273,11.5315,11.300666666666666,4,3,1,11.289462658082726,11.244769920272828,42.67912772585672,0.035251208018054925,0.1305749438174802,12.281553331437024,10.781446668562975,0.028750543828788947,0.025248470624736934,0.042528699950286936,-119658251.0,-1.2839087030718066,0,0,-1,0,0,-0.0017905102954341606,-0.02231534829311254,0.23405074167028578,0.4008070455466413,-0.05877342419080067,-0.089035449299258,-1.894341637522418,0.046144796380090496,0.0
2025-01-06,10.84,11.05,-0.004494389587839326,-0.01324522675002068,-0.027943960025848397,0.4906828894721618,-0.019187431952261715,11.245000000000001,11.465,11.337666666666667,0,6,1,11.207742174794957,11.21865573186813,36.72839506172841,-0.004928947411064755,0.1034741655717712,12.21252926364108,10.71747073635892,0.027933669377751113,0.02538519304589153,0.04257927363572336,-119773862.0,-1.672175339212108,0,0,-1,0,0,0.0045248868778279576,1.181788878654744,0.11207917219091382,0.4029774466967715,-0.04070796460176995,-0.10928512736236651,-0.8894233537628806,0.060885608856088576,0.0
2025-01-07,10.78,10.84,-0.030180617149991287,-0.025924259645198004,0.014064929467403675,-1.4561364990067276,-0.005550430530649092,11.173,11.3995,11.373,1,7,1,11.129970870286783,11.190355362070187,34.876543209876544,-0.04113928061152983,0.07455147633511101,12.146014003816745,10.652985996183254,0.024840481236696705,0.025383862121197337,0.0426071820550627,-119800815.0,-1.6597143438238164,0,0,-1,0,0,-0.006457564575645783,-1.1695015952403236,0.0966022197646316,0.40295631892224393,-0.04517271922054911,-0.10835401157981805,-1.3210677081838522,0.020602968460111254,0.0
2025-01-08,10.72,10.78,-0.008391657636248401,-0.018608314271592766,-0.014064929467403552,0.41998952228523595,-0.005581409838195041,11.144,11.321,11.389333333333333,2,8,1,11.055430712052821,11.160009854839853,33.84146341463418,-0.07382670086133558,0.044875840895821695,12.000408411394393,10.641591588605607,0.021313900072576688,0.024853388885286404,0.041651102786039604,-119841836.0,-1.7691862211906646,0,0,-1,0,0,-0.009276437847866387,-0.7122211618191756,0.09925182152034824,0.3945353173658678,-0.043710972346119537,-0.12774613506916177,-1.3962739398662851,0.015858208955223874,0.0
2025-01-10,10.57,10.72,-0.00751883241402734,-0.010275662578204187,-0.03263245402889788,0.5421099703621535,-0.01409135576050969,11.067,11.2585,11.409999999999998,4,10,1,10.967170582588672,11.121944702914702,35.80645161290326,-0.11056098509281931,0.013788475698093498,11.973667260524474,10.543332739475526,0.018184806577921184,0.023793007241606438,0.041392666235387725,-119912377.0,-1.9254237099586524,0,0,-1,0,0,-0.01119402985074636,0.22919158870457848,0.09135918232964818,0.3777022806218972,-0.05371530886302589,-0.10575296108291032,-0.49970836077020003,0.03784295175023655,0.0
2025-01-13,10.48,10.57,-0.012339976235575914,-0.010382349042217912,0.0009751341582062914,-0.9230614503132383,-0.00855112098925014,10.940999999999999,11.2165,11.432333333333332,0,13,1,10.878594113027095,11.080528915629882,38.811188811188835,-0.14526094014491875,-0.018021407470508954,12.010749728724354,10.422250271275646,0.010604452596256041,0.022172076719890802,0.041326947744648554,-119940403.0,-1.8545804256877578,0,0,-1,0,0,-0.009460737937559095,-1.0687806438889198,0.0930590701774241,0.3519708063040547,-0.05158371040723986,-0.0742049469964664,-0.8233434376560871,0.026717557251908334,0.0
2025-01-14,10.85,10.48,0.02546106419827309,0.037248253880618996,0.039183225571038545,1.097731766009156,0.03469640109357239,10.896,11.183,11.460666666666667,1,14,1,10.873395183385805,11.065656082363438,38.596491228070164,-0.14127644977098264,-0.0426724159306037,11.979864909636689,10.386135090363311,0.01475711480877613,0.023380892390855737,0.04164596827934742,-119856399.0,-0.8357752888173319,0,0,-1,0,0,0.02480916030534349,0.6436647730982376,0.31507973370769027,0.3711601601818001,0.0009225092250921829,-0.05815972222222221,2.0624073386984776,0.02488479262672807,0.0
2025-01-15,12.29,10.85,0.01845070791311639,0.12123026608015114,0.02498973168017312,0.7609973903469257,0.12462084359147486,10.996,11.2125,11.488999999999999,2,15,1,11.130959695497475,11.144646012533538,66.84210526315789,-0.021672915150137584,-0.038472515774510475,12.125214286302572,10.299785713697428,0.0457606527722935,0.03819000840493349,0.0403650087110325,-119676596.0,2.361089370836906,0,0,-1,0,0,0.008294930875576024,2.664922119469601,0.9799463492751258,0.6062475888415231,0.14007421150278287,0.05042735042735047,1.751134407967455,0.11472742066720913,0.0
2025-01-16,15.69,12.29,0.3826598054445332,0.26826398659467937,0.3189521942010497,2.3951278162196705,0.24423764316699786,11.443999999999999,11.409,11.585666666666667,3,16,1,11.959876114497934,11.437894656886213,81.6593886462882,0.34350561385650913,0.037923110151693445,13.606270076589006,9.211729923410996,0.09541988066655581,0.07212444619976305,0.06103213276788236,-117704229.0,3.8966534388396448,0,0,-1,0,0,0.30512611879576895,4.22896175943464,1.9445201786873214,1.1449400885569838,0.4636194029850744,0.3341836734693877,1.2103917598762648,0.07010834926704894,0.0
2025-01-17,15.92,15.69,-0.01570877417081777,-0.01058210933053686,0.035892923060606534,-1.3808492753204578,0.014552613671295822,11.919,11.616,11.696666666666665,4,17,1,12.679898639134672,11.727062743538717,81.19402985074626,0.6440471324360022,0.1591479146085552,14.599727093489086,8.632272906510913,0.09471386829324065,0.07204077866881506,0.060870580662270087,-117208445.0,2.8849823493522155,0,0,-1,0,0,0.006373486297004439,0.7141001851322922,1.8620438327746422,1.1436119076787887,0.5061494796594135,0.35144312393887955,1.2924260968389814,0.02386934673366839,0.0
2025-01-21,15.7,15.92,0.010708763754112057,0.006238323412691498,-0.004497277094895645,-0.7744903585841598,-0.01391546806197467,12.384,11.8285,11.815666666666665,1,21,1,13.22900797747382,11.98338127621364,83.9506172839506,0.8546247081614062,0.2982432733191254,15.323936272747922,8.333063727252078,0.0949003372433619,0.07163918397738063,0.06041849514243976,-117436971.0,2.2151741287255318,0,0,-1,0,0,0.00251256281407041,0.07834372059123063,1.8800472202327938,1.1372367895905133,0.49809160305343503,0.37117903930131013,1.2594480191971456,0.0350318471337579,0.0
2025-01-22,15.75,15.7,-0.021533447610122883,-0.012830718972064859,-0.01753861130428472,-0.3022661999468531,0.0031796529173798056,12.875,12.059999999999999,11.934999999999999,2,22,1,13.68737016338767,12.22638893581276,84.20245398773007,1.0138564303603825,0.44136590472737686,15.948991210015617,8.17100878998438,0.09363687159800847,0.07089048064849753,0.06041894331127554,-117268058.0,1.8976643559887,0,0,-1,0,0,-0.00509554140127389,-0.07201209424930706,1.9504625796506045,1.125351492706568,0.4516129032258065,0.41636690647482033,1.2821347878106626,0.03904761904761906,0.0
2025-01-23,15.77,15.75,-0.0006404098841991698,0.00659239555937326,0.015604998068890054,-0.14147138248331975,0.0012690357033049863,13.374,12.273499999999999,12.057666666666668,3,23,1,14.066030133680819,12.455009004470003,85.29411764705881,1.128652150825559,0.5788231539470132,16.48823742704657,8.058762572953427,0.0932810518588208,0.07091765997064146,0.06036082273493793,-117121428.0,1.659178091409662,0,0,-1,0,0,-0.008888888888888925,-0.12248631992025813,1.961212930717335,1.125782951069745,0.2831570382424735,0.3713043478260869,2.1983192549543205,0.03043753963221309,0.0
2025-01-24,15.75,15.77,0.008928630744301398,-0.007222515302969714,0.007712120486338813,-0.1433710525820358,-0.001269035703304933,13.876999999999999,12.510499999999999,12.173,4,24,1,14.372206473011579,12.667589068697746,85.55900621118013,1.2041342434882978,0.7038853718552702,16.953005101735638,8.06799489826436,0.09304619276530435,0.06964890235973883,0.06038648119917598,-117248473.0,1.4584113808825403,0,0,-1,0,0,-0.0012682308180088505,-0.17651543584059326,0.16188406320324497,1.105642048394932,0.003824091778202643,0.43051771117166204,-0.18236682516059202,0.01555555555555562,0.0
2025-01-27,15.63,15.75,-0.0025429130041122487,-0.006640340605425834,-0.016785416692013836,0.3750303795684876,-0.007648220838256733,14.383000000000001,12.725,12.3,0,27,1,14.60089620519129,12.858712354588214,85.55900621118013,1.2399776580418589,0.811103829092588,17.340450026527016,8.109549973472983,0.09263625268209494,0.06987470967978693,0.05980126160925311,-117433328.0,1.2588154928787836,0,0,-1,0,0,-0.0025396825396824855,-0.05832284199202836,0.11105202867057307,1.1092266284733234,-0.01821608040200995,0.37830687830687837,-0.8057339522051278,0.025591810620601427,0.0
2025-01-28,15.92,15.63,-0.005745307855990003,0.010729039492224136,0.0019512201312617493,-0.09267159312561932,0.018384035982851567,14.926999999999998,12.934000000000001,12.453333333333331,1,28,1,14.840733258792874,13.056214783324458,88.95705521472394,1.2770632089537148,0.9042957050648135,17.736422195868276,8.131577804131727,0.0913418281519036,0.06975960205984276,0.058961217757128356,-117264834.0,1.2435391467951238,0,0,-1,0,0,-0.0006397952655151351,-0.1076585567680285,0.15386484821778923,1.1073993516550387,0.014012738853503182,0.3560477001703577,1.2266638880835568,0.033919597989949694,0.0
2025-01-29,15.77,15.92,0.01272281792796797,0.007504725654067792,0.018668067071473875,-0.0018177394945765558,-0.009466779441289996,15.419,13.157499999999999,12.595,2,29,1,15.00969084810326,13.231297700529334,87.74583963691379,1.2795996011615376,0.9793564842841584,18.0548542803608,8.260145719639198,0.09300171139196954,0.0688752156807324,0.059093163582137294,-117433022.0,1.0669025969701873,0,0,-1,0,0,-0.006281407035175857,-0.11885125330524497,0.17638597296124872,1.0933601531229253,0.0012698412698413097,0.39557522123893785,1.4153112567699535,0.0234622701331643,0.0
2025-01-30,16.13,15.77,0.0018945379837818244,0.01053619911124197,0.002547772078798783,0.6269027633539562,0.022571491162170457,15.803,13.3995,12.742666666666668,3,30,1,15.213383421175394,13.418310752108088,89.14616497829233,1.2957224201145419,1.0426296714502352,18.38582435029207,8.413175649707929,0.08734474903847239,0.06872306964246817,0.05912298930731844,-117118207.0,1.095195502009436,0,0,-1,0,0,0.005072923272035515,0.19247234944138147,0.23908680456487624,1.0909449096416601,0.022828154724159777,0.4286979627989371,0.4818151507104502,0.030998140111593197,0.0
2025-01-31,15.68,16.13,0.015649771667127815,-0.004324999018601346,-0.010873148375817317,-0.10093561670520222,-0.0282948772148557,15.802000000000001,13.623,12.873333333333333,4,31,1,15.298222799143504,13.564226187455954,85.4368932038835,1.2576907549624572,1.0856418881526797,18.596805490027876,8.649194509972123,0.015669205744267438,0.06930909810459528,0.05956597386609095,-117402797.0,0.8271332701385844,0,0,-1,0,0,-0.0018598884066954487,0.09286206354830456,0.3356238251486394,1.1002478230736237,-0.004444444444444473,0.39875111507582495,-0.03927673707277624,0.03826530612244884,0.0
2025-02-03,15.89,15.68,-0.030267127578877555,-0.01058210933053686,0.0,-0.37429295338305146,0.013303965626362886,15.799000000000001,13.859,13.010333333333334,0,3,2,15.405818653844683,13.714276110845894,86.90313778990452,1.230313344886465,1.1145761794994367,18.79047100932261,8.927528990677391,0.015542616403073596,0.06912308826730232,0.05954027320497311,-117207063.0,0.8236893195399645,0,0,-1,0,0,-0.00382653061224493,-0.13803371514254165,0.3414778226692434,1.0972950084482913,0.016634676903390933,0.422560429722471,-0.8983705812134233,0.027061044682190036,0.0
2025-02-04,15.89,15.89,0.020279528950529088,0.012437971292217053,0.013414445804489968,0.3600131895523143,0.0,15.818000000000001,14.100999999999999,13.158333333333333,1,4,2,15.49385162587292,13.854645394017128,86.20689655172414,1.194843142178648,1.130629572035279,18.925943522985516,9.276056477014482,0.014780976689782425,0.06891501212813644,0.059116753808767186,-117207063.0,0.7415630842008394,0,0,-1,0,0,0.003146633102580172,0.039380754779170156,0.31423349642344245,1.093991902140295,-0.0018844221105527303,0.43800904977375565,-0.387729095380936,0.026431718061674003,0.0
2025-02-05,15.89,15.89,-0.011356588932335949,-0.01181238478448278,-0.003935398507154068,-0.10080259290939181,0.0,15.831999999999999,14.353500000000002,13.317333333333332,2,5,2,15.565878602986935,13.98595859440312,82.60869565217394,1.153436651257385,1.1351909878797004,18.98455433033626,9.722445669663744,0.014770214098866623,0.06847421131351951,0.05865495282024557,-117207063.0,0.6635637979606401,0,0,-1,0,0,-0.008181246066708671,-0.04177739962771137,0.30379640609522396,1.0869944061411485,0.007609384908053407,0.4658671586715868,-0.8770833705572537,0.018370044052863438,0.0
2025-02-06,16.57,15.89,0.015113637810048106,0.03563030459260874,0.007102965298801704,0.1887349336448359,0.04190385088984701,15.912,14.643,13.486333333333334,3,6,2,15.748446129716584,14.152670943151307,65.71428571428574,1.1620961053645722,1.1405720113766749,19.05204381566128,10.233956184338723,0.01982994625993177,0.06833197678957975,0.05878106131793848,-116900721.0,0.87411242916441,0,0,-1,0,0,0.00692259282567649,0.05183211919644436,0.406971352208888,1.0847365030719949,0.027278363298202102,0.5371057513914659,0.334617257752849,0.04586602293301145,0.0
2025-02-07,16.1,16.57,0.03560842746736757,0.002411092186731995,0.00666967529299962,-0.16219523761045718,-0.02877455944805419,15.947000000000003,14.912,13.656,4,7,2,15.812365015222658,14.278305075851224,52.9605263157895,1.1181444400028013,1.1360864971019002,18.95451406923958,10.869485930760423,0.022476898870198256,0.06903182227874426,0.05836644371393789,-117161196.0,0.5877530564654142,0,0,-1,0,0,0.0006035003017500308,-0.08700620768820604,0.4093992045684744,1.0958462057949927,0.026785714285714413,0.5018656716417911,0.3079883714588519,0.04311801242236016,0.0
2025-02-10,15.8,16.1,-0.03248830013112387,-0.02808487395653802,-0.010789471961392275,-0.29873955850961703,-0.018809331957496227,15.963999999999999,15.173499999999999,13.804666666666666,0,10,2,15.81011683063672,14.376478941925338,51.60256410256412,1.0470353638361374,1.1182762704487477,18.673636989800308,11.67336301019969,0.023279413520119637,0.06916869345067107,0.05858756747005145,-117354404.0,0.35798598844883794,0,0,-1,0,0,-0.0031055900621118453,-0.26869042083692163,0.43325807638298797,1.0980189682904267,-0.005663939584644395,0.4947965941343424,1.160001074043344,0.025632911392405023,0.0
2025-02-11,15.34,15.8,-0.023322834653763176,-0.013715925746708347,-0.027363690240542644,0.2824915619670545,-0.02954614409381104,15.906,15.416500000000003,13.924666666666665,1,11,2,15.724641043248225,14.438641590833383,44.192634560906505,0.942695941040764,1.083160204567151,18.131365703763937,12.701634296236069,0.02422086155396429,0.06980201547656299,0.058905845843156515,-117610681.0,-0.056356378802783526,0,0,-1,0,0,-0.0075949367088608225,-0.14297174620969025,0.4768106536618427,1.1080726437724044,-0.03461296412838266,0.4637404580152671,1.5072291013330175,0.03976531942633634,0.0
2025-02-12,15.4,15.34,-0.01801850550267825,-0.017733206935794894,-0.0013063359140554128,-0.3490389176755764,0.0039037134804733704,15.869,15.644,14.061333333333334,2,12,2,15.665615399021274,14.500664714005424,44.81792717086835,0.8549918811179964,1.0375265398773201,17.306089996929984,13.981910003070016,0.024222064221345534,0.06982254996284266,0.05822588731153175,-117429912.0,-0.2936062432848857,0,0,-1,0,0,0.003911342894393774,-0.3456939753255656,0.481044117426026,1.1083986186363832,-0.03083700440528636,0.4193548387096775,1.3519515080464133,0.022727272727272704,0.0
2025-02-13,15.86,15.4,0.00647251450561752,0.013959617552155312,-0.003601247958171774,-0.2885657262977849,0.029432706787118408,15.841999999999999,15.822500000000002,14.213666666666667,3,13,2,15.700958053744678,14.588363764714753,51.3715710723192,0.8132295335304374,0.9926671386079436,16.342049399910493,15.30295060008951,0.02511354406490536,0.06465618302425256,0.05826543904791338,-117294455.0,0.14435585915971966,0,0,-1,0,0,0.0064935064935064705,-0.45291133224665175,0.4006956586559415,1.0263850860290902,-0.042848521424260766,0.29048006509357216,1.0494342066784796,0.03940731399747793,0.0
2025-02-14,15.79,15.86,0.027991649436867987,0.01438873745209967,0.017877934314854547,0.8037212022918964,-0.004423387939151217,15.853,15.827499999999997,14.366333333333333,4,14,2,15.717147498518372,14.665888683120254,52.02020202020201,0.7656581269187548,0.947265336270106,16.343593626756743,15.311406373243251,0.02340031930880383,0.019387892548073587,0.0582359721910143,-117597044.0,-0.14532246885378824,0,0,-1,0,0,0.00504413619167718,0.8110023922872001,0.359748596496782,0.3077732527670706,-0.019254658385093326,0.006373486297004405,0.6580110364127644,0.03673210892970246,0.0
2025-02-18,15.96,15.79,-0.011356588932335949,-0.0037336695520490608,0.007702220362092303,-0.29094262288067796,0.010708763754112057,15.86,15.829500000000001,14.526000000000002,1,18,2,15.761302498787758,14.749379735822174,50.52083333333334,0.7332228866740618,0.9044568463508973,16.347409766576934,15.311590233423068,0.023259382454358445,0.019257321911642568,0.058154756366231956,-117370841.0,0.5039487896222732,0,0,-1,0,0,-0.001899936668777667,0.1172096231876119,0.34289011648582324,0.3057005081719272,0.010126582278481067,0.002512562814070307,-0.3803054894908744,0.02506265664160392,0.0
2025-02-19,16.26,15.96,0.011983744801120588,0.05753933324547227,0.01711610723253036,0.5000303053035099,0.01862251209800185,15.897,15.857500000000002,14.699666666666667,2,19,2,15.851974771735438,14.846839107704616,56.14035087719301,0.7233864689703964,0.8682427708747971,16.40560198820445,15.309398011795553,0.02394753187380827,0.019379290696698585,0.057981703069091436,-116997884.0,1.4687047617490587,0,0,-1,0,0,-0.0006265664160401981,2.1177670926718,0.2102499651901463,0.3076367026097526,0.05997392438070426,0.03566878980891741,0.27218577272403394,0.06642066420664196,0.0
2025-02-20,16.09,16.26,0.019249274888811032,-0.010650988263316405,0.008761007226329299,-0.39079671455541265,-0.010510143115372773,15.917000000000002,15.874500000000001,14.874666666666666,3,20,2,15.895252085965359,14.927043036239802,49.473684210526336,0.6938748998980611,0.8333691966794499,16.429609282744813,15.319390717255189,0.02429745062130308,0.01957192360130458,0.0578327558036715,-117250196.0,0.7764236942118143,0,0,-1,0,0,0.0,0.3196041109755939,0.2624161788403123,0.3106946551692456,0.04480519480519485,0.0215873015873016,0.050209251913589194,0.047234307022995525,0.0
2025-02-21,7.2,16.09,-0.8986127341707477,-0.824556241219279,-0.8962437999288644,1.6175110738109504,-0.8041169349822822,14.98,15.446000000000002,14.755333333333333,4,21,2,14.314297161244383,14.428524130675944,15.35947712418303,-0.046327895242923134,0.6574297782949753,19.366995577119344,11.52500442288066,0.1748403434855261,0.12536302783237102,0.11865824430255886,-118521982.0,-4.206074624576922,0,0,-1,0,0,-0.5885643256681168,4.090157283199982,3.9529003177150095,1.9900763714791345,-0.5460277427490542,-0.543436905516804,-2.22380255904436,0.11388888888888893,0.0
2025-02-24,6.72,7.2,0.07841461102363749,-0.0223788057541232,-0.015384918839479343,-0.8457636642544807,-0.06899287148695156,14.041999999999998,14.994499999999999,14.622000000000002,0,24,2,12.93351585919995,13.931199993212982,13.349320543565156,-0.6640215051654241,0.39313952160289545,20.51958337636541,9.469416623634586,0.17453789234882838,0.12552472205333007,0.11921686612568638,-119067870.0,-2.995248917109826,0,0,-1,0,0,-0.00555555555555556,0.9744470195531838,3.874485724491536,1.9926431876616981,-0.5744141861937935,-0.5733333333333334,-2.135728025901245,0.11263392857142857,0.0
2025-02-25,6.81,6.72,-0.05896747608811586,-0.037737125928408895,0.0335397291198512,-0.39256342946610145,0.013303965626362886,13.143,14.5535,14.496666666666668,1,25,2,11.820149339345413,13.471767735586338,13.968253968253975,-1.1332228063278933,0.0878670560167377,21.16598667295443,7.941013327045571,0.17570880323739388,0.12580695549023976,0.11925522719816573,-118699219.0,-2.3420841153968603,0,0,-1,0,0,0.004464285714285751,0.2128064130032714,3.880111958767218,1.9971235045760787,-0.5733082706766918,-0.5642994241842612,-2.1332735713822446,0.039647577092511085,0.0
2025-02-26,7.38,6.81,0.02342713289514015,0.06350232164404987,0.02411468572226816,-0.24534943737748277,0.08038151845096012,12.347,14.126499999999998,14.393333333333334,2,26,2,11.012849459464428,13.078750462322704,17.691723614274878,-1.442446357878799,-0.21819562676236964,21.43386981986066,6.819130180139336,0.181346569627226,0.12791933433918296,0.12033670053104127,-118410775.0,-1.846492011849112,0,0,-1,0,0,0.014684287812041195,-0.1434101931732344,4.0495015978869615,2.030656479230418,-0.5461254612546126,-0.5364321608040201,-1.9871258338873268,0.07617886178861787,0.0
2025-02-27,7.27,7.38,0.061730675445166736,0.01142869582362285,0.04713849789918001,-0.200817470711947,-0.015017347066953157,11.534,13.7015,14.274,3,27,2,10.332331375925442,12.703992367979303,13.095238095238102,-1.6770523158417152,-0.5099669645782388,21.573326578641733,5.829673421358265,0.18085239878543052,0.12788915724765101,0.12015455217394014,-118646740.0,-1.634055307430246,0,0,-1,0,0,-0.0040650406504065375,-0.3785084925450886,4.042969606136451,2.0301774327535096,-0.54816656308266,-0.5389980976537729,-1.9822649312175837,0.043658872077028905,0.0
2025-02-28,7.15,7.27,-0.03460552917747561,-0.029852963149681274,-0.02296289449366698,0.2983584598308347,-0.016643934839511557,10.663,13.252500000000001,14.102666666666668,4,28,2,9.753725671211726,12.345670279722574,13.469387755102062,-1.8513213448344086,-0.7782378406294728,21.55379190960184,4.951208090398161,0.17918520464176352,0.12740552500235625,0.11738696096535145,-118964737.0,-1.4702530802323512,0,0,-1,0,0,-0.023383768913342495,-0.03558486971262782,0.8739634094726292,2.0225000088711393,-0.00694444444444442,-0.5567265964042156,0.7287250965408325,0.036363636363636334,0.0
2025-03-03,6.76,7.15,0.008415196925284498,-0.0024686092483520786,-0.04380262265839289,0.11763871919984621,-0.0560894666510437,9.760000000000002,12.8065,13.805000000000001,0,3,3,9.209411912809593,11.985304455224343,13.371150729335511,-1.9978703408277205,-1.0221643406691223,21.507508471496422,4.105491528503576,0.17834678003842253,0.12754759503057023,0.10453908178261742,-119322432.0,-1.389838895067782,0,0,-1,0,0,0.0013986013986013687,0.11544058782155826,0.8183517589953023,2.0247553006516,0.005952380952380931,-0.5688775510204082,1.0572122152460208,0.08019230769230763,0.0
2025-03-04,7.03,6.76,-0.051587368790493235,-0.019816435541082998,-0.008995562908577986,-0.31681680437559817,0.039163815767700956,8.867,12.3635,13.508666666666667,1,4,3,8.813155201389666,11.665607393596966,15.802469135802482,-2.068381715570885,-1.231407815649475,21.302425580085988,3.424574419914011,0.17984524508376817,0.12814845359113994,0.10492348112731957,-119061864.0,-1.1933201484263154,0,0,-1,0,0,0.0059171597633136145,-0.30708269964170726,0.8617253272197009,2.03429363459795,0.032305433186490484,-0.5575833857772183,0.5505622203787939,0.06543385490753911,0.0
2025-03-05,7.72,7.03,0.04457963163308855,0.0863069035543661,0.0655733770556936,0.17880189178611977,0.09362765821411119,8.013,11.955,13.242666666666668,2,5,3,8.614399710227907,11.411052077881033,19.953051643192495,-2.0450116334970563,-1.3941285792189912,20.961831325517075,2.948168674482927,0.1851825657336955,0.13110815614977775,0.10706385298389982,-118750281.0,-0.9403973155357993,0,0,-1,0,0,0.011379800853485073,-0.09860777251524071,0.944335179408538,2.0812774561472134,0.046070460704606964,-0.514159848961611,0.7733426475603853,0.0841968911917099,0.0
2025-03-06,7.6,7.72,0.07581437156401517,0.014111844192681196,0.060209701267766196,-0.15556382163672905,-0.015666116744399463,7.164,11.5405,12.971,3,6,3,8.429963399277378,11.165177750275806,16.800643086816734,-2.0129694138267116,-1.5178967461405355,20.547864180140827,2.5331358198591722,0.18507476151693233,0.13101229774126313,0.1070104053706553,-119016975.0,-0.8749507450110431,0,0,-1,0,0,-0.006476683937823811,-0.2911311255987095,0.9454251687888399,2.079755751087189,0.0453920220082531,-0.5217117684078036,0.7789107744610295,0.04210526315789466,0.0
2025-03-07,7.56,7.6,-0.009168368086879443,-0.001274697432000584,-0.05178268510588588,0.04691467001582225,-0.005277057100843781,7.2,11.09,12.697333333333331,4,7,3,8.2717882357724,10.932585637354787,16.84125705076552,-1.968116171477277,-1.6079406312078839,19.938067288218477,2.241932711781521,0.05397139815994297,0.13017008406150885,0.10698206095678175,-119296479.0,-0.7979143659317155,0,0,-1,0,0,0.0,-0.23108795635319626,0.9285615306198436,2.06638602340275,0.0573426573426572,-0.5437537718768859,0.6620480063983167,0.09126984126984121,0.0
2025-03-10,7.4,7.56,-0.025317807984289783,-0.032407242954777885,0.01526747213078838,-0.5134671158094941,-0.021391189981317445,7.268000000000001,10.655,12.419,0,10,3,8.11328128381378,10.704676886557705,15.483870967741936,-1.9233096007308266,-1.6710144251124726,19.31951808724584,1.9904819127541593,0.04882011460056938,0.13017292453394144,0.10695202286404316,-119463739.0,-0.7513401131429006,0,0,-1,0,0,-0.01984126984126977,-0.6782346945470195,0.7976151893726855,2.0664311145047254,0.09467455621301779,-0.5403726708074534,1.2415458561308375,0.044594594594594604,0.0
2025-03-11,8.07,7.4,0.018717123952937773,0.06194127770118168,0.025834203554763523,0.48590325262961237,0.08667348207173343,7.394,10.2685,12.167,1,11,3,8.105411959484002,10.534697732586242,17.932654659357866,-1.8128393860351082,-1.6993794172969996,18.651747141268036,1.8852528587319632,0.05499368900371829,0.13274237161814936,0.10871160194863819,-119191834.0,-0.5244984343065562,0,0,-1,0,0,0.0202702702702702,-0.2593191744423322,0.9472653420352827,2.1072198224552507,0.14793741109530578,-0.489240506329114,0.5769128108445207,0.07744733581164796,0.0
2025-03-12,8.13,8.07,0.05539084820078404,0.01779733995936856,0.03947881097378742,-0.3233613053410272,0.007407441277861818,7.468999999999999,9.908,11.907333333333334,2,12,3,8.109882512305091,10.37955594338713,18.562401263823077,-1.7008431849369234,-1.6996721708249845,17.987582063187997,1.8284179368120022,0.04999929539644601,0.1328632908416228,0.10861937270952683,-118995053.0,-0.4401217751350978,0,0,-1,0,0,-0.011152416356877306,-0.5596827351655683,0.7249805450421648,2.1091393556194773,0.05310880829015563,-0.47001303780964787,1.9329160170600148,0.05781057810578113,0.0
2025-03-13,7.96,8.13,0.02597548640326052,0.025226562945675348,0.025479085300984968,0.24716303384994648,-0.02113192370342763,7.537999999999999,9.536,11.646999999999998,3,13,3,8.082631146431439,10.2234555599428,59.64467005076142,-1.6072752987780952,-1.6811927964156066,17.22664065499164,1.8453593450083599,0.05037714373588795,0.13276104241754125,0.10862537174091959,-119247009.0,-0.40984882032606496,0,0,-1,0,0,0.007380073800737849,-0.3463706867759099,0.7383300838198069,2.1075162122070688,0.047368421052631726,-0.48311688311688317,1.887460276974011,0.060301507537688384,0.0
2025-03-14,8.79,7.96,-0.048790164169431945,0.1637536354991553,-0.05560579070449218,0.9574153366226212,0.09918571184079392,7.702,9.182500000000001,11.402333333333333,4,14,3,8.211243665262085,10.130974556075522,74.12587412587412,-1.4494397720294074,-1.6348421915383669,16.27597476280321,2.089025237196794,0.057266385482186245,0.13523697797699955,0.11057039759191035,-118590675.0,-0.11066508675217822,0,0,-1,0,0,-0.02010050251256283,1.2200777928177244,0.9681980409378339,2.1468204707223584,0.16269841269841256,-0.4457755359394704,0.48365357471197173,0.27416382252559734,0.0
2025-03-17,9.35,8.79,0.11378645597189806,-0.013168021836393012,0.11541617064611732,-0.42214068774954544,0.06176163160351013,7.961,8.860499999999998,11.191333333333334,0,17,3,8.41829027157807,10.080589100844843,76.68067226890756,-1.264589262217422,-1.560791605674178,15.239790424160757,2.481209575839239,0.05156236486588457,0.1363916600171687,0.11134976061428979,-118160355.0,0.15346534409096088,0,0,-1,0,0,-0.0056882821387939635,0.26263995273901297,0.855309652114443,2.1651504798522003,0.2635135135135134,-0.4078530715642812,-0.4531125345852211,0.1454545454545456,0.0
2025-03-18,8.38,9.35,0.10833092798699971,0.0,-0.09045115094812736,0.4240981389398023,-0.10952842880660385,8.096,8.4815,10.941,1,18,3,8.41132840401842,9.970873674983887,59.68992248062016,-1.1827310079519915,-1.4851794861297407,13.915468308607167,3.047531691392834,0.06735891620922062,0.13776503844123,0.11262221107566518,-118817975.0,-0.03735759733424583,0,0,-1,0,0,0.041711229946524125,1.08320495247035,1.2717245993776956,2.186952186448488,0.03841387856257761,-0.474937343358396,-0.42150817667680535,0.24939140811455857,0.0
2025-03-19,8.45,8.38,-0.13735211733118777,-0.14349338535327033,0.021796746210049386,-1.0268059461452959,0.008318526875090593,8.169,8.091,10.693000000000001,2,19,3,8.418359603287797,9.872752792726862,61.52343750000001,-1.0995345864283426,-1.408050506189461,12.109488325359706,4.072511674640292,0.061474047158517515,0.1376374999285934,0.11266283442314276,-118582449.0,0.17867415352904614,0,0,-1,0,0,0.013126491646777974,-0.5802208228020789,1.2716176896454479,2.184927575326371,0.03936039360393595,-0.480319803198032,-0.4330664928910471,0.07218934911242608,0.0
2025-03-20,7.97,8.45,-0.02504603192608769,-0.01065729447398798,0.008844024796452774,-0.1913685823597614,-0.058481948566958736,8.206,7.685,10.429,3,20,3,8.336839675417288,9.749994548034806,57.48175182481751,-1.0601124945060718,-1.338462903852783,9.094598673755135,6.2754013262448645,0.06473455737513943,0.13788248738300088,0.11293868037467363,-118776953.0,0.4043704145106313,0,0,-1,0,0,-0.020118343195266265,-0.7265970425471496,1.3502833545954969,2.1888166305985286,0.0012562814070351536,-0.5046612802983219,-0.12271732341123218,0.056461731493099146,0.0
2025-03-21,7.86,7.97,-0.04067103973092775,-0.05129329438755058,-0.0254790853009849,0.27210409775724714,-0.013897886361008438,8.236,7.717999999999999,10.138666666666666,4,21,3,8.250141552614144,9.628059415903529,60.57692307692309,-1.0259201148575006,-1.2759543460537266,9.110590921155174,6.3254090788448245,0.06496494412082988,0.05812914419511576,0.11243811868182665,-119032283.0,0.2039364149842513,0,0,-1,0,0,-0.0025094102885821297,-0.5094147574310642,1.0107451494588553,0.9227715567917409,-0.10580204778156987,0.09166666666666679,-0.008540075532558547,0.029262086513994964,0.0
2025-03-24,7.82,7.86,0.01001259929242977,0.006246116496952769,-0.015552574803432853,-0.40440821176176406,-0.00510205188389551,8.277999999999999,7.773000000000001,9.862666666666666,0,24,3,8.17193399759339,9.511410421329108,57.947686116700204,-0.9906306992940035,-1.2188896167017822,9.084136108394722,6.4618638916052795,0.06442052709874554,0.055656893507467754,0.11242552450715883,-119202683.0,0.0716935483647747,0,0,-1,0,0,0.021628498727735247,-1.0170602154931432,0.7283941951431173,0.8835257938029907,-0.16363636363636358,0.16369047619047628,-1.0232253082407399,0.051099744245524235,0.0
2025-03-25,7.73,7.82,-0.03162818976836997,-0.02906079426312414,-0.017237248019558088,0.12954973808528808,-0.01157569195788915,8.244,7.819,9.593666666666667,1,25,3,8.091582361667319,9.39648071672723,50.11441647597255,-0.9588725452280844,-1.1668862024070425,9.049984201873757,6.588015798126243,0.05749686599040945,0.055833139875375956,0.11242417977183701,-119396652.0,-0.14459974362713526,0,0,-1,0,0,-0.005115089514066501,-0.7708049503694238,0.3889977004543561,0.8863236181567717,-0.07756563245823389,0.13509544787077843,-1.5221264810964727,0.03880983182406207,0.0
2025-03-26,7.72,7.73,-0.0064474755909696485,0.01904819497069463,0.023716526617316065,-0.0739362703204722,-0.0012944985626459193,8.203,7.836,9.339666666666666,2,26,3,8.02402193227326,9.288320670486765,51.40845070422536,-0.9238611989345227,-1.1182812017125385,9.05074103802963,6.621258961970372,0.05739022936829356,0.05291141778704532,0.11241282742728666,-119576797.0,-0.19098720857930085,0,0,-1,0,0,0.0,-0.816574515986411,0.35593158235022615,0.8399427178821688,-0.08639053254437867,0.046070460704606964,-1.9621808170412263,0.034974093264248766,0.0
2025-03-27,8.07,7.72,-0.006489315439749881,0.03339828040184801,-0.0026075634070808302,-0.2972888872303174,0.04433911824517278,8.214,7.8759999999999994,9.095333333333334,3,27,3,8.03238158095085,9.209719336906975,55.57986870897156,-0.8579820962950144,-1.0662213806290337,9.064672855706881,6.687327144293117,0.05898200086363403,0.053515812168228816,0.11288636424683011,-119442980.0,0.32641445300714383,0,0,-1,0,0,-0.005181347150259072,-1.079452610201559,0.3863015561012313,0.8495371812406666,0.012547051442910906,0.11004126547455306,2.006842274531545,0.06939281288723674,0.0
2025-03-28,7.58,8.07,0.0408219945202552,-0.0271286673882527,-0.018445845790751567,0.0034167408618093406,-0.06264028262757715,8.093,7.897499999999999,8.819333333333333,4,28,3,7.95013038441433,9.104576153880718,51.836734693877546,-0.8356781600812102,-1.020112736519469,9.045750385311514,6.749249614688485,0.0498587433606573,0.055399573850689734,0.11293852809601626,-119577255.0,-0.5530152727340264,0,0,-1,0,0,-0.00867410161090462,-0.986002052381957,0.5982387757792472,0.8794409708872919,-0.03562340966921118,0.06013986013986017,-0.13578684260694723,0.06332453825857526,0.0
2025-03-31,7.47,7.58,-0.0915671935254905,-0.049321555332710765,-0.033452276239364184,-0.129671521679934,-0.01461820050955439,7.904999999999999,7.933,8.542,0,31,3,7.862833950884451,8.999119627823898,43.087557603686626,-0.8174550971207513,-0.9795812086397255,8.971867804770701,6.894132195229298,0.04188907339379211,0.05386078664331091,0.11292078539471347,-119695200.0,-0.8913549883321165,0,0,-1,0,0,-0.0369393139841689,-0.9946551003230086,0.600421311774567,0.8550134812590603,-0.04475703324808189,0.1050295857988166,0.11131077477962928,0.04583668005354759,0.0
2025-04-01,7.45,7.47,0.02435844383204044,0.011100342512512976,0.014659776889996826,0.10949541187554854,-0.0026809667532577126,7.812,7.953999999999999,8.258333333333333,1,1,4,7.787773232541824,8.899176426028808,42.09302325581395,-0.7954574825834033,-0.9427564634284611,8.931158070496512,6.976841929503486,0.030434862005063772,0.053302844799253,0.1128400719142851,-119826793.0,-1.0315628867372642,0,0,-1,0,0,0.0013386880856761279,-0.8445890894417262,0.6009427610566421,0.8461564290665762,-0.036222509702457995,0.0597439544807965,-0.12073709971901994,0.04295302013422823,0.0
2025-04-02,7.25,7.45,-0.004018759594917744,-0.012414403148381964,-0.03166128190646473,0.3692452150183574,-0.027212563524884815,7.692,7.930499999999999,7.958,2,2,4,7.689996281170583,8.792777946930174,41.8013856812933,-0.7851122577170102,-0.911227622286171,8.95291149404607,6.908088505953929,0.02994448135645642,0.04885430416314169,0.11266461455171053,-120017161.0,-1.3311665683784573,0,0,-1,0,0,0.0,-0.42337499843180704,0.6135125466909529,0.7755380357446825,-0.060880829015544036,-0.060880829015544036,0.4929382583762567,0.06275862068965518,0.0
2025-04-03,7.02,7.25,-0.05116613892569886,-0.05195097280652143,-0.037041271680349215,-0.2185537998856161,-0.032238250828863745,7.5969999999999995,7.9015,7.655666666666667,3,3,4,7.5681787755032035,8.678405176160487,26.273458445040205,-0.7864074546710658,-0.88626358876315,8.993890425674303,6.8091095743256975,0.026933552647664734,0.04922276838516911,0.11268661796003307,-120170156.0,-1.613891845410262,0,0,-1,0,0,-0.023668965517241344,-0.6216939489756396,0.3465590307247945,0.7813872239357392,-0.13011152416356886,-0.07631578947368423,-0.817535058236351,0.04700854700854702,0.0
2025-04-04,6.22,7.02,-0.051959738930711104,-0.05626261183371141,-0.10552179297452127,0.5020470496815485,-0.12099331128663168,7.433,7.8345,7.623,4,4,4,7.3230553617753475,8.519798390601746,10.57934508816119,-0.8422779656217241,-0.8774664641348648,9.155527909183498,6.513472090816504,0.04198070705744482,0.05515052257208093,0.05426453507252548,-120422919.0,-2.4443086914006136,0,0,-1,0,0,-0.042735042735042715,0.025451679746813158,0.697987020981616,0.8754874044058826,-0.17941952506596315,-0.1772486772486772,-1.8671764041001173,0.1004823151125402,0.0
2025-04-07,6.21,6.22,-0.14895586295015426,-0.04112729142386296,-0.08724600861904963,-0.22080417484474751,-0.0016090108057006626,7.272,7.775,7.606,0,7,4,7.120681659634375,8.370779139595182,13.953488372093005,-0.8772502694648701,-0.877423225200866,9.273680121060785,6.276319878939216,0.042153364067387136,0.055082932351005004,0.0529345323843383,-120625603.0,-2.0885043819654774,0,0,-1,0,0,-0.06913183279742761,-0.30826432503909057,0.7305319437356466,0.8744144429097219,-0.1686746987951807,-0.16081081081081083,-1.759252333353805,0.13977455716586143,0.0
2025-04-08,6.06,6.21,0.12180487388420347,0.014399642518048093,0.04608793612554211,-0.38119665060218133,-0.024451095864164423,7.1049999999999995,7.6745,7.5809999999999995,1,8,4,6.92783044879176,8.22169661446001,11.32686084142395,-0.9066188805161683,-0.8832623562639266,9.349133974147193,5.999866025852807,0.041994681687117986,0.050108912383747206,0.053019547702350504,-120764045.0,-1.9281825460661446,0,0,-1,0,0,0.0531400966183575,-0.6707633712251192,0.6844512128331692,0.7954543238119193,-0.18657718120805378,-0.24907063197026025,-1.8130585262049197,0.11468646864686459,0.0
2025-04-09,6.29,6.06,-0.05500207877260253,-0.03211285111711864,-0.013536585717533375,0.27216964687203676,0.03725127063112625,6.962000000000001,7.5825000000000005,7.544666666666667,2,9,4,6.8118612762841675,8.097071026430331,20.42253521126763,-0.9009490586274005,-0.8867996967366214,9.351292332578662,5.813707667421338,0.04592152114323607,0.05121679634512329,0.0510762672837333,-120582297.0,-1.4614491211816916,0,0,-1,0,0,0.021452145214521583,-0.38982819356058634,0.8858410816818609,0.8130414364718286,-0.13241379310344825,-0.22632226322263227,-0.9076647129488795,0.08982511923688387,0.0
2025-04-10,6.12,6.29,0.011245098415502426,-0.016451604892005055,0.02972418444018159,-0.5455228333780849,-0.027398974188114388,6.767,7.4905,7.506333333333333,3,10,4,6.686068316959773,7.969518056983214,20.000000000000014,-0.8998009183028399,-0.8893999410498652,9.364875404740022,5.616124595259978,0.039914525521574075,0.05129423714166793,0.05121284423643428,-120687627.0,-1.4623538022684308,0,0,-1,0,0,-0.004769475357710691,-0.8132881008942555,0.884789278574389,0.8142707710057556,-0.12820512820512808,-0.23115577889447236,-0.9948837089821871,0.046225490196078384,0.0
2025-04-11,6.05,6.12,0.023679085820571655,0.012559034776493835,-0.014508337202928323,0.295886715746055,-0.01150382448148469,6.614,7.3534999999999995,7.469666666666667,4,11,4,6.570419532057995,7.845678182339136,19.795221843003418,-0.8942312822274392,-0.8903662092853801,9.228490806994893,5.478509193005107,0.03823074000884369,0.043438288089559,0.051180074628388035,-120829224.0,-1.3904068170757171,0,0,-1,0,0,0.047385620915032685,-0.537965007820185,0.41621393543229096,0.6895614459801127,-0.02733118971061088,-0.3117178612059157,1.4658579292440868,0.07438016528925623,0.0
2025-04-14,6.52,6.05,-0.02687908855124234,0.03072438293101622,0.01993421490081733,-0.08147384630888524,0.07481610389581138,6.519,7.212000000000001,7.461666666666667,0,14,4,6.561252344411087,7.7601505576720955,31.722054380664645,-0.8421840598637793,-0.88072977940106,8.866806078637099,5.557193921362901,0.04956654691182637,0.04490265435957322,0.052382446804916036,-120698706.0,-0.836351774305704,0,0,-1,0,0,0.031404958677686015,-0.5507087408377874,0.7256446973930085,0.712807539852726,0.0499194847020934,-0.3026737967914439,0.9437130896456873,0.08128834355828225,0.0
2025-04-15,6.57,6.52,0.03309994842634492,0.010534333684959324,0.03397227285909006,-0.39850186589986797,0.007639456557957626,6.431,7.1215,7.446333333333333,1,15,4,6.562842827245434,7.683366650725509,32.8358208955224,-0.7878201784123204,-0.8621478592033122,8.703733930405319,5.539266069594682,0.04989842804521967,0.04022648535226782,0.0518652916590704,-120611086.0,-0.6971156279763548,0,0,-1,0,0,-0.010736196319018313,-1.6698874501428616,0.6619882917794474,0.6385756581616988,0.08415841584158423,-0.2159904534606205,0.7135780781015916,0.059345509893455085,0.0
2025-04-16,6.38,6.57,-0.01091203345098265,-0.031941879035745156,-0.0016069883570582787,-0.46206444520882745,-0.029345735139820688,6.343999999999999,7.017999999999999,7.401666666666666,2,16,4,6.529598676837173,7.599278479710961,23.510971786833863,-0.7514060812248555,-0.8399995036076209,8.502099585252587,5.533900414747411,0.049974255529863745,0.040130935474827205,0.04857691577309416,-120666285.0,-0.8597805785268966,0,0,-1,0,0,-0.02891933028919336,-2.0259431961189684,0.6977086671603098,0.6370588508806354,0.014308426073131875,-0.24497041420118337,1.6701644615604456,0.029780564263322807,0.0
2025-04-17,6.31,6.38,0.020171358863779413,0.021407545350785706,0.0,-0.6401722993287475,-0.011032420803576725,6.273,6.935,7.358666666666666,3,17,4,6.489671644684959,7.5160992229554155,27.075812274368246,-0.7198975312207176,-0.8159791091302403,8.380086047337684,5.489913952662314,0.04947187894334893,0.038794551975679124,0.04855048133703169,-120695386.0,-0.8650003937847875,0,0,-1,0,0,0.020376175548589327,-2.0993902272125924,0.661697625927009,0.6158444205108987,0.031045751633986818,-0.20828105395232122,1.7192354051096843,0.052297939778129965,0.0
2025-04-21,6.31,6.31,-0.03596947574037049,-0.01832112314759636,-0.03343493532191892,1.088365589606379,0.0,6.282,6.8575,7.316999999999999,0,21,4,6.457004072924057,7.438286369861518,28.195488721804523,-0.6870073848502871,-0.7901847642742498,8.259316490730413,5.455683509269586,0.03316893338886041,0.038862542764732416,0.048559153289841124,-120695386.0,-0.7811293469871031,0,0,-1,0,0,-0.004754358161648076,-1.0252486699554197,0.6466420432270298,0.6169237408265671,0.04297520661157028,-0.19720101781170496,1.596463246986739,0.06600633914421555,0.0
2025-04-22,6.5,6.31,0.02515855963615493,0.015290817798417145,0.05079922323125492,-0.3624296947105187,0.029666500348469668,6.311,6.791499999999999,7.287,1,22,4,6.464821514210592,7.377751765354323,33.21554770318022,-0.638252912510489,-0.7597983939214977,8.125149918555342,5.457850081444656,0.034291791751326406,0.03988922188652121,0.04886704705238033,-120635244.0,-0.4371462044788521,0,0,-1,0,0,0.02060221870047556,-1.35404753910641,0.347910190004874,0.6332217666216592,-0.0030674846625766694,-0.1687979539641944,0.18520927872314383,0.030769230769230795,0.0
2025-04-23,6.69,6.5,0.03808533402387488,0.052468627691891284,0.03233538064293645,0.0708865912176556,0.028811697238545812,6.374,6.7395,7.241,2,23,4,6.505763057081394,7.333380683718561,40.07092198581562,-0.5776247314749146,-0.7233636614321811,7.998061835881079,5.48093816411892,0.03337627315028707,0.04075454675920148,0.046012133653684825,-120570684.0,-0.07866121248678391,0,0,-1,0,0,0.02923076923076929,-1.150787986058656,0.4079894432177294,0.6469583731200029,0.0182648401826484,-0.13454075032341528,-0.10699811701361635,0.05156950672645749,0.0
2025-04-24,6.8,6.69,0.001493652256783372,-0.015234244571848085,-0.003034903695153936,-0.7855464833605212,0.01630873804192391,6.425,6.6935,7.196666666666667,3,24,4,6.5592606830665945,7.2989690267044605,45.92592592592593,-0.5147664730399226,-0.6816442237537295,7.8654399122370755,5.521560087762925,0.032072957817194395,0.0410631476669242,0.046126661380450525,-120541253.0,0.18174993254851352,0,0,-1,0,0,0.0014947683109117766,-1.5658096897096494,0.28746800448179644,0.6518572606572215,0.0658307210031348,-0.11917098445595853,-0.45594884675938413,0.03823529411764703,0.0
2025-04-25,6.96,6.8,0.004467617259716052,0.021692824611259754,0.0180727810596946,0.5119937767910244,0.023256862164267183,6.509,6.638,7.163333333333332,4,25,4,6.632122377054486,7.277100057239657,67.96116504854368,-0.4468887324080626,-0.6346931254845961,7.62619559112318,5.64980440887682,0.029793006126910746,0.03991552460750408,0.0463079313446854,-120492144.0,0.6516928488499246,0,0,-1,0,0,-0.010294117647058735,-1.1188652024484813,0.19643008030532844,0.6336393093728091,0.10301109350237714,-0.137546468401487,-1.3038252716032634,0.04166666666666667,0.0
2025-04-28,7.23,6.96,0.03360433068969172,0.052937149955526404,0.024328512823013945,0.5050257831365368,0.038059561824345195,6.627000000000001,6.6205,7.1113333333333335,0,28,4,6.740827399408215,7.2740613438693575,71.98275862068964,-0.3670769557602176,-0.5811698915397204,7.5490523537656395,5.69194764623436,0.02938408481986932,0.0390058341881764,0.04243872962999306,-120410769.0,1.312796198358104,0,0,-1,0,0,0.0,-0.5410645624078535,0.13169817185488658,0.6191984216552145,0.14580031695721085,-0.04617414248021101,-0.037638371430014306,0.06984785615491008,0.0
2025-04-29,7.52,7.23,0.033901551675681416,0.022804475818619475,0.038576211708865354,-0.5618332985591734,0.039327101791075,6.726999999999999,6.623,7.050333333333333,1,29,4,6.882495144970357,7.289928353942303,79.67479674796746,-0.2772292452154925,-0.5203817622748749,7.5613995333598725,5.684600466640128,0.022565775962038334,0.03995644658883082,0.04131358208393452,-120364372.0,1.911765656550052,0,0,-1,0,0,-0.00414937759336103,-1.02379915150439,0.15975271177265776,0.6342889256872886,0.15692307692307694,0.006693440428380271,-0.240958042837516,0.053856382978723444,0.0
2025-04-30,7.45,7.52,0.03547438819365973,0.0026490081715768625,0.014608955468825355,-0.25892384598647933,-0.009352105570280175,6.815,6.623,7.019333333333334,2,30,4,6.985677845884837,7.3002555569137675,75.21739130434781,-0.2092604777492202,-0.458157505369744,7.5613995333598725,5.684600466640128,0.02375257285223074,0.040016994749255304,0.03701369345733815,-120400185.0,1.762575471534999,0,0,-1,0,0,-0.007978723404255268,-1.0822626501697181,0.3198048323862717,0.6352500979362424,0.11360239162929742,0.0,-1.0069671040715513,0.04295302013422811,0.0
2025-05-01,7.71,7.45,0.0066800515603737875,0.03636764417087479,0.02590465233204276,0.24142130654961783,0.03430415518377001,6.947999999999999,6.645999999999999,6.9946666666666655,3,1,5,7.117372782996684,7.32669068227417,83.26359832635983,-0.13288311887679427,-0.39310262807115404,7.667936242732406,5.624063757267592,0.019451559724860318,0.04015519859046163,0.03761282508573654,-120354593.0,2.082321686047901,0,0,-1,0,0,0.008053691275167732,-0.8441759211631122,0.32668196338548877,0.6374440159006372,0.13382352941176467,0.06344827586206891,-1.7410787866593436,0.05317769130998705,0.0
2025-05-02,7.74,7.71,0.04936066908173945,0.016445658439807196,0.03764062708545629,0.042301860550375436,0.003883500026397612,7.090999999999999,6.6819999999999995,6.986999999999999,4,2,5,7.230577731542741,7.353355799546804,85.95744680851064,-0.06913580786418994,-0.32830926402976124,7.805127213115954,5.558872786884045,0.017335638582800832,0.03927387074996605,0.03618832720913851,-120307031.0,1.8840252246488314,0,0,-1,0,0,0.023346303501945487,-0.7335509385504113,0.36234518737831506,0.6234533701638237,0.11206896551724133,0.10256410256410264,-0.7633313215367427,0.03294573643410851,0.0
2025-05-05,7.62,7.74,-0.033508289561417264,-0.0037712175430792915,-0.025600347853375782,0.3580763415735034,-0.01562531790308087,7.2219999999999995,6.752,6.979,0,5,5,7.301381780353152,7.370558651188946,77.5,-0.027976110542471844,-0.2682426333323034,7.927192705362126,5.576807294637874,0.01990276623459523,0.028063109743737248,0.03621150364087586,-120375072.0,1.4772045402248017,0,0,-1,0,0,-0.014211886304909601,-0.32299829504433875,0.40346475374522256,0.44548805638225386,0.053941908713692976,0.22508038585209,0.3141887801145047,0.055118110236220576,0.0
2025-05-06,7.65,7.62,-0.011865663276500925,-0.0216431108794884,0.0026560440581162104,-0.6838287301703742,0.003929278139889557,7.337000000000001,6.824,6.973333333333334,1,6,5,7.364766911198034,7.388587125305788,77.27272727272727,0.006983494032008153,-0.2131974078594411,8.03526988604589,5.61273011395411,0.02003193655473031,0.02796369368278678,0.036208585044853574,-120340733.0,1.36385789742767,0,0,-1,0,0,-0.010498687664042003,-0.9629741558365071,0.3085777871091138,0.4439098753406504,0.01728723404255339,0.23188405797101463,1.2262506983260655,0.03006535947712412,0.0
2025-05-07,7.14,7.65,0.0,-0.01621832499853049,-0.05900127172745984,0.5848183517110745,-0.06899287148695156,7.382000000000001,6.878,6.953666666666666,2,7,5,7.323900200071118,7.3725492462538025,66.52173913043478,-0.006389847045331187,-0.17183589569661914,8.041200666038842,5.714799333961158,0.03243127117335059,0.032077411809730276,0.03815660632700834,-120402360.0,0.45048117259460146,0,0,-1,0,0,-0.014379084967320302,-0.25694651383376343,0.5951493352128318,0.5092131261069159,-0.041610738255033586,0.17821782178217815,-0.9637559382505899,0.07521008403361344,0.0
2025-05-08,7.29,7.14,-0.043367229115129836,0.003264775998139235,-0.012457692254685189,0.042925999225631416,0.020790769669073908,7.431,6.928,6.939333333333334,3,8,5,7.317736527330914,7.3672234884309775,70.58823529411765,-0.004828905188029253,-0.13843449759490117,8.070565902740315,5.785434097259685,0.03261043398608484,0.03148291932243628,0.03838588919293914,-120338030.0,0.6336614791878249,0,0,-1,0,0,0.011204481792717097,-0.059661775208508516,0.5376224466002884,0.4997758504408591,-0.054474708171206254,0.15898251192368829,-1.4775468763446973,0.08916323731138551,0.0
2025-05-09,6.94,7.29,0.025975486403260736,-0.03448617607116932,-0.017241806434505992,0.015716052311420196,-0.04920177150185357,7.428999999999999,6.968999999999999,6.901666666666667,4,9,5,7.249057158725293,7.339660682725754,61.53846153846155,-0.03147114270509377,-0.1170418266169397,8.046480491946767,5.891519508053233,0.0363306577819591,0.03301939375045544,0.03826831630610517,-120403379.0,-0.053829280839419194,0,0,-1,0,0,0.016460905349794254,0.03805087517677101,0.5741106193490423,0.5241666258349527,-0.10335917312661491,0.13398692810457513,-0.21488786452822545,0.07348703170028816,0.0
2025-05-12,7.19,6.94,-0.00405680069561443,-0.00405680069561443,0.029980832211935857,-0.14120983699843057,0.03538939721424226,7.425000000000002,7.026000000000001,6.8886666666666665,0,12,5,7.238319493502512,7.330005154807964,62.365591397849464,-0.03204302517339119,-0.10004206632823001,8.015830394828251,6.03616960517175,0.03601386060127077,0.03334172813394747,0.03741610399053254,-120346636.0,0.33136990105957687,0,0,-1,0,0,0.063400576368876,-0.13469929211557338,0.7066865068716885,0.5292835255413041,-0.05643044619422566,0.18842975206611579,-0.4214433967001585,0.03755215577190536,0.0
2025-05-13,7.09,7.19,-0.019152432214756123,-0.0008811469035226694,-0.008474626990972345,0.11877141107286734,-0.014005831188919212,7.382,7.0545,6.876,1,13,5,7.211352312865691,7.314520951271966,57.4074074074074,-0.040103126535464995,-0.08805427836967701,8.015387199688837,6.093612800311163,0.03328305098967203,0.029509565175776763,0.037408786272964095,-120410535.0,0.07389004663918057,0,0,-1,0,0,0.006954102920723202,0.42053168044007366,0.6945865312155296,0.46844982451654416,-0.07320261437908504,0.08742331288343563,-0.05076826634510597,0.04562764456981666,0.0
2025-05-14,7.0,7.09,-0.01811896258247553,-0.02702495675635021,-0.011412392051744786,-0.25729256071386547,-0.012775191488722805,7.336999999999999,7.0760000000000005,6.861000000000001,2,14,5,7.172924619617383,7.294229276996355,53.731343283582085,-0.05314049225748363,-0.08107152114723834,8.010111455087591,6.14188854491241,0.03334479209388183,0.029749064187638074,0.03746848353316423,-120459938.0,-0.16272148165204564,0,0,-1,0,0,0.0028208744710861017,-0.3384091497746008,0.5227040808614163,0.47225175346432857,-0.019607843137254832,0.06544901065449005,-0.15662303492447716,0.02955714285714287,0.0
2025-05-15,6.85,7.0,-0.021322769468821307,-0.02495738589719501,-0.02763812282012828,-0.4700643561467592,-0.02166149678117942,7.251,7.099500000000001,6.847666666666667,3,15,5,7.114211052414222,7.265569323641753,47.94007490636704,-0.07471517489145896,-0.07980025189608246,7.982115133387001,6.216884866613,0.03034687634602141,0.029362751094798238,0.0373544157958987,-120490813.0,-0.5653653343616595,0,0,-1,0,0,-0.0057142857142857195,-1.3638134628354894,0.4825448758196872,0.46611922323315413,-0.06035665294924564,0.07366771159874608,0.9382690737571121,0.03211678832116785,0.0
2025-05-16,6.93,6.85,-0.020320002490957494,0.014663393608195055,0.005882369903066613,0.04490369352741889,0.01161116092767806,7.17,7.1305000000000005,6.844666666666667,4,16,5,7.080718133793454,7.243919689858414,43.951612903225794,-0.08438519490507002,-0.08071724049787997,7.936594548457052,6.324405451542949,0.03087634703952549,0.029192265564921424,0.036970015088832485,-120458520.0,-0.4974602554595579,0,0,-1,0,0,-0.004379562043795527,-1.3063481031370314,0.3763122170194987,0.46341284934801935,-0.0014409221902018654,0.0982567353407291,1.0699289347446153,0.04089466089466082,0.0
2025-05-19,6.94,6.93,0.011661939747842957,0.0037376917626960266,0.009485660325247428,0.5081900041878663,0.0014419613169014058,7.101999999999999,7.162000000000001,6.868666666666667,0,19,5,7.05513301855828,7.224311967932065,36.81818181818185,-0.09020204597094672,-0.08261420159249333,7.877206263954357,6.446793736045644,0.031039277741972526,0.029180760748761934,0.030029449180264546,-120404840.0,-0.6207999319596794,0,0,-1,0,0,-0.004329004329004237,0.11444112666840563,0.21127253351140138,0.4632302160533942,-0.03477051460361613,0.09984152139461178,0.6295957148310414,0.03530259365994238,0.0
2025-05-20,6.89,6.94,0.005780362915499549,0.023563113728140902,-0.013894190610013372,0.2709965082922674,-0.007230689493146059,7.026000000000001,7.1815,6.891333333333334,1,20,5,7.025108833365866,7.202743453871932,37.1559633027523,-0.09772006836192126,-0.08563537494637892,7.8397040956865105,6.523295904313489,0.030727211919557903,0.028691589519617228,0.030083419617356756,-120475229.0,-0.8857435008694798,0,0,-1,0,0,0.0,1.1968937094327525,0.20260932425181613,0.4554648635283261,-0.028208744710860434,0.06000000000000005,0.2528079825744214,0.07402031930333815,0.0
2025-05-21,6.8,6.89,-0.005780362915499425,-0.04267874003690091,-0.0029498546464212347,-0.8811362184486522,-0.01314847284350621,6.992,7.187,6.916,2,21,5,6.984179954572071,7.1767600052350335,27.36318407960202,-0.10967612501169555,-0.09044352495944225,7.8295639431622215,6.544436056837779,0.023583899997587678,0.028235787057830163,0.029793419786110935,-120504392.0,-1.2045493810171626,0,0,-1,0,0,0.001451378809869474,-1.3940492682255967,0.20343261902273987,0.44822922376316854,-0.02857142857142858,0.01644245142002987,0.26703948614172335,0.033088235294117724,0.0
2025-05-22,6.66,6.8,-0.032403424054659416,-0.023139137941531666,-0.025431437891803743,0.5191847865385881,-0.020803127629763173,6.929,7.18,6.928333333333333,3,22,5,6.925238144649876,7.14342065005858,24.52830188679249,-0.1289616266602449,-0.09814714529960278,7.843039254215864,6.516960745784136,0.02218937537255501,0.02839722791775886,0.02942642349830025,-120553405.0,-1.5685345828128134,0,0,-1,0,0,-0.01764705882352943,-0.1864479787047949,0.19939058396644302,0.450792017964063,-0.027737226277372184,-0.020588235294117574,0.3407197975836121,0.03528528528528533,0.0
2025-05-23,6.67,6.66,-0.0029985029962565574,-0.01915821171389061,-0.006079046076382226,-0.2584281694319158,0.001500375375234492,6.901999999999999,7.1655,6.946666666666666,4,23,5,6.87883120925899,7.112877382312866,26.368159203980127,-0.14180398120927684,-0.1068785124815376,7.860700841862166,6.470299158137833,0.01748755767197289,0.027831480825051855,0.028901486009894416,-120515554.0,-1.4254873416802911,0,0,-1,0,0,0.0,-0.8892503753559061,0.1512874987373872,0.4418110612904998,-0.037518037518037506,-0.04166666666666663,-0.4235956893749897,0.021784107946027084,0.0
2025-05-27,6.71,6.67,-0.0045146803545266945,0.007384712950139954,-0.0015255533088370686,0.18445045250800793,0.0059790910560580095,6.854000000000001,7.1395,6.968666666666667,1,27,5,6.848134625757354,7.086885293131391,26.732673267326746,-0.14705877202451045,-0.11491456439013217,7.8628685818880335,6.416131418111966,0.011405858650093942,0.026237210807184223,0.028770428418249838,-120470036.0,-1.1874997359685724,0,0,-1,0,0,-0.00599700149925038,-0.2927861942023926,0.17062185389382792,0.4165028093507142,-0.033141210374639796,-0.07192254495159067,-0.12671157401690836,0.030551415797317447,0.0
2025-05-28,6.75,6.71,0.003012050469991621,0.010309369658861287,0.0076045993852192125,0.3361238051088067,0.005943553900848137,6.82,7.100999999999999,6.976333333333333,2,28,5,6.830291966528744,7.065150758090656,37.4193548387097,-0.14630900674271885,-0.12119345286064952,7.821055553412055,6.380944446587943,0.011760298172799156,0.024296382047364194,0.025179697484268494,-120406333.0,-0.9749247772251739,0,0,-1,0,0,-0.008941877794336752,0.9890656827474269,0.1922590053018501,0.38569310793564,-0.020319303338171224,-0.10239361702127658,-0.7241903505397201,0.03333333333333341,0.0
2025-05-29,6.73,6.75,0.019360247284541394,-0.005878047784190945,0.007547205635383124,-0.4810497677238916,-0.0029673612278020007,6.792999999999999,7.065,6.9816666666666665,3,29,5,6.812057063523517,7.043528128536421,30.2816901408451,-0.14564968628840624,-0.12608469954620088,7.783580471997661,6.34641952800234,0.011436315745484845,0.024279983160876782,0.025164190138282153,-120445710.0,-0.9323938321582735,0,0,-1,0,0,0.004444444444444481,-0.8244565103366182,0.17498759441132017,0.3854327836830956,-0.010294117647058787,-0.09664429530201335,-1.6605062013478205,0.02005943536404157,0.0
2025-05-30,6.56,6.73,-0.02388173200338736,-0.009641019814877734,-0.019742478729201266,0.10350237674399655,-0.0255845407006389,6.764,7.0075,6.987666666666667,4,30,5,6.766228506519241,7.012332765405039,34.67741935483869,-0.15703455275538758,-0.13227467018803823,7.692001355194196,6.322998644805804,0.012133024079032604,0.022785403458781127,0.025022074517734846,-120489381.0,-1.3075211512855016,0,0,-1,0,0,-0.016344725111441354,-0.4956144655529509,0.20652311789105832,0.361707066445235,-0.01501501501501512,-0.14915693904020755,-1.8141411516075896,0.03047256097560982,0.0
2025-06-02,6.59,6.56,0.0015094342488543404,0.011849338710106136,0.007639456557957626,-0.04752696563812703,0.004562745558418237,6.7299999999999995,6.95,6.997,0,2,6,6.734186959879378,6.9850854902176165,20.588235294117695,-0.16177158998444252,-0.1381740541473191,7.565108035012037,6.334891964987963,0.01127420267387327,0.02280431486870951,0.024921373165735377,-120447737.0,-1.1705260848785874,0,0,-1,0,0,0.010670731707317117,-0.6183224785943041,0.21178106768189414,0.3620072757709076,-0.01199400299850073,-0.14857881136950912,-1.853503401526539,0.0349013657056145,0.0
2025-06-03,6.59,6.59,-0.0025220313444372683,-0.02381064869371856,-0.0015232295405215258,-0.4101465899382982,0.0,6.695,6.8985,7.006333333333333,1,3,6,6.707971148992218,6.959596103751964,22.82608695652179,-0.1636393930558162,-0.14326712192901853,7.4461946902095475,6.350805309790453,0.011192076019798197,0.022790671522430625,0.024921373165735377,-120447737.0,-1.126540043256467,0,0,-1,0,0,0.0035356600910470223,-1.4805051718952722,0.20091156875397834,0.36179069436307953,-0.01788375558867361,-0.1351706036745407,-1.811687975016187,0.012139605462822469,0.0
2025-06-04,6.62,6.59,0.0040291906350084835,0.008995562908578003,0.0,0.5615216276625671,0.004542021434500986,6.667999999999999,6.8469999999999995,7.0103333333333335,2,4,6,6.691976394629997,6.93768667770345,27.906976744186096,-0.1608447727492761,-0.14678265209307004,7.2785504483524495,6.41544955164755,0.011558477201146736,0.022806599357319313,0.02434873120570899,-120399287.0,-1.0520206889675485,0,0,-1,0,0,0.00758725341426401,-0.02094932070191468,0.19692443447584757,0.36204354090331453,-0.019259259259259198,-0.13464052287581707,-1.8818822801247368,0.02114803625377652,0.0
2025-06-05,6.66,6.62,0.0036529583701219357,0.014815085785140682,-0.004583659667657928,0.5434516460976134,0.006024114603380876,6.654000000000001,6.822999999999999,7.009333333333333,3,5,6,6.686162504697269,6.919771408174196,37.33333333333339,-0.1536313833609695,-0.14815239834664995,7.239051616230407,6.40694838376959,0.011459532143457388,0.018095386969383863,0.02377974119793372,-120315859.0,-0.7835566244248382,0,0,-1,0,0,0.006691842900302082,2.2031083082447007,0.2093759275283442,0.2872553627908108,-0.010401188707280906,-0.0672268907563025,-2.0797190273297486,0.04054054054054047,0.0
2025-06-06,6.92,6.66,0.0038489522816727555,0.01749315744751712,0.004583659667657893,-0.9431439751200364,0.03829628507728033,6.68,6.8045,7.013333333333333,4,6,6,6.72867841293413,6.9197861560339256,49.462365591397855,-0.12548834172214285,-0.14361958702174854,7.161886713739342,6.447113286260658,0.01551779302231075,0.019745045330167087,0.024656101662016865,-120283372.0,0.6463586672907995,0,0,-1,0,0,0.004504504504504542,-1.0273710635409443,0.25281331530412576,0.3134428774159161,0.054878048780487854,-0.050754458161865634,2.1188433018206,0.05202312138728328,0.0
2025-06-09,6.75,6.92,0.028004777805115146,0.004325889947122661,0.024097551579060524,0.713440381520348,-0.02487326474513969,6.688,6.795,7.006333333333333,0,9,6,6.732555065127924,6.90883221048335,41.28440366972475,-0.11557013711369368,-0.13800969704013757,7.1472857691667455,6.442714230833254,0.017969614383019118,0.017459278923861062,0.02469617990365284,-120349678.0,-0.2554744127555165,0,0,-1,0,0,-0.0057803468208092535,1.1723023769498346,0.3601728210631841,0.27715746061828667,0.02427921092564489,-0.02737752161383289,0.47754589161432215,0.03407407407407414,0.0
2025-06-10,6.58,6.75,-0.011696039763191298,-0.02181904739463984,-0.02409755157906053,-0.391179792630741,-0.025507759547212638,6.675,6.7645,6.984666666666667,1,10,6,6.70481778055921,6.887617229161845,37.19008264462811,-0.12004367894908263,-0.1344164934219266,7.076064811200583,6.452935188799417,0.01969398212695513,0.015875875237355314,0.023916138664309222,-120394518.0,-1.18434427359783,0,0,-1,0,0,0.007407407407407381,-0.18612513531927743,0.4214287374166908,0.25202170634118415,-0.0015174506828528056,-0.08484005563282337,0.6505209216329705,0.036474164133738635,0.0
2025-06-11,6.61,6.58,-0.026827242233144075,-0.010258319453258793,-0.006116227017436094,-0.21495349734416536,0.0045489085263692094,6.661,6.7405,6.954333333333334,2,11,6,6.6875781840938995,6.869706440183662,41.73913043478263,-0.1197874091169906,-0.1314906765609394,7.018649902787252,6.462350097212748,0.019637654784398956,0.015824821996348364,0.022555802110311718,-120358351.0,-0.9383429488365838,0,0,-1,0,0,0.0060790273556231055,-0.6764901150494558,0.4214334729338068,0.25121126126521476,-0.0015105740181268201,-0.06770098730606477,0.6502480815681849,0.031860816944024255,0.0
2025-06-12,6.58,6.61,-0.0030257209165370676,-0.016568922779885354,-0.0030721990369701403,-0.3185021189400207,-0.004548908526369129,6.645999999999999,6.719499999999999,6.925333333333333,3,12,6,6.668018514258645,6.851015702107297,46.15384615384615,-0.12061469162327665,-0.12931547957340686,6.977873454721583,6.4611265452784155,0.01965325985185531,0.015676576704996066,0.02253419550301345,-120384653.0,-1.0798322927587178,0,0,-1,0,0,-0.001512859304084822,-1.207813093260049,0.41852545710427724,0.24885794022148777,-0.012012012012012074,-0.05999999999999994,1.0591367348818406,0.018237082066869317,0.0
2025-06-13,6.61,6.58,-0.01526747213078842,0.009022617599637552,-0.017067908512147997,0.3145404010794974,0.0045489085263692094,6.651000000000001,6.7075000000000005,6.888666666666667,4,13,6,6.657469693484345,6.835466301971343,47.16981132075474,-0.11749515863961779,-0.12695141538664906,6.962626387666412,6.452373612333589,0.017931995233484408,0.01513392315156348,0.021385186643679145,-120348629.0,-0.7643270528918039,0,0,-1,0,0,-0.012158054711246211,-0.6090428473428743,0.23704118943314195,0.24024358211879904,-0.044797687861271585,-0.035036496350364876,-0.35608362511036556,0.04387291981845689,0.0
2025-06-16,6.58,6.61,0.03179677408199906,0.02220668603414432,0.0046838493124264375,0.0753167524039891,-0.004548908526369129,6.65,6.6899999999999995,6.85,0,16,6,6.643384294669009,6.818984605069967,43.80952380952383,-0.11610526631749707,-0.12478218557281867,6.92832750575521,6.451672494244789,0.017956291700806655,0.014811916320092622,0.021321062816633356,-120387471.0,-0.9230994941304178,0,0,-1,0,0,0.015128593040847146,-0.4538593474266594,0.19289694028252682,0.23513188213958439,-0.0251851851851852,-0.0505050505050505,-1.492313336153226,0.0623100303951368,0.0
2025-06-17,6.54,6.58,-0.016529301951210582,-0.023704813655166346,0.004662013105811371,-0.1830117697056729,-0.006097579868118557,6.6450000000000005,6.67,6.814000000000001,1,17,6,6.624587150183735,6.80098559829126,40.00000000000002,-0.11688406559426845,-0.12320256157710863,6.8860896500103665,6.453910349989633,0.018058613538436616,0.01480245195426301,0.02123287192803319,-120419817.0,-1.203204318150019,0,0,-1,0,0,0.0030395136778114855,-0.803394749000391,0.08416305048405978,0.23498163998977184,-0.006079027355623157,-0.057636887608069176,0.5424959056123158,0.03363914373088681,0.0
2025-06-18,6.46,6.54,-0.01373019281190202,-0.011747897532510864,-0.012480661223609142,0.1157955855050681,-0.012307847674596814,6.629,6.6485,6.774333333333333,2,18,6,6.594662213786692,6.7789865274337595,37.83783783783784,-0.12254399020604811,-0.12307084730289652,6.857887578175575,6.439112421824426,0.018303287019409187,0.014922327349008424,0.02120705831441732,-120456134.0,-1.8004888507945842,0,0,-1,0,0,-0.004587155963302791,-0.46860874255293866,0.09535785639878387,0.2368846028866442,-0.0226928895612708,-0.062409288824383125,0.5877594798114419,0.0343808049535604,0.0
2025-06-20,6.59,6.46,-0.007710138425967322,-0.0003186138806055678,-0.02705017753302606,1.3814571167091938,0.01992403071990538,6.622,6.638,6.756,4,20,6,6.593814538552747,6.766793848244485,51.40186915887851,-0.11521152099640553,-0.12149898204159833,6.8361599566525655,6.439840043347434,0.019517315975723006,0.015587834443938653,0.0182786372659139,-120311567.0,-0.4844571104156879,0,0,-1,0,0,0.0,3.62516841354244,0.19958194055138004,0.24744920050025088,0.001519756838905817,-0.030882352941176472,1.1322233241881565,0.05918057663125944,0.0
2025-06-23,6.49,6.59,0.018405427542715343,0.004542021434500986,0.03486882565082386,-1.05200738362991,-0.015290817798417207,6.579000000000001,6.6295,6.729333333333333,0,23,6,6.574939167906793,6.748936180615809,45.614035087719316,-0.11613096510854959,-0.12042537865498859,6.838000915054205,6.420999084945795,0.013922743272668871,0.015282047758020584,0.01786253006607505,-120362055.0,-1.338123623713918,0,0,-1,0,0,-0.001517450682852775,0.06391389550027794,0.22143841491936786,0.2425949873492079,-0.018154311649016708,-0.02552552552552556,1.703311259540591,0.03081664098613254,0.0
2025-06-24,6.45,6.49,-0.009160369398664278,-0.006334218266024877,-0.0015588467692910788,-0.7359203855402284,-0.006182399908317539,6.5489999999999995,6.6185,6.712999999999999,1,24,6,6.5522229555601035,6.729649975414789,44.06779661016951,-0.11871878069374997,-0.12008405906274086,6.840763475701859,6.396236524298141,0.012370837007229732,0.01530731210021771,0.015798650364808934,-120386242.0,-1.5162185281941982,0,0,-1,0,0,0.004622496147919778,-0.8891430518059331,0.2221806216995489,0.24299604634815528,-0.019756838905775065,-0.032983508245877036,1.7999246760527499,0.026077519379844913,0.0
2025-06-25,6.455,6.45,-0.010794245130880401,-0.015040641318708565,-0.0015612805669524645,-0.024907627228734762,0.0007748934909247909,6.536500000000001,6.6057500000000005,6.6885,2,25,6,6.534546054549176,6.711930622162222,42.857142857142854,-0.1189944905602891,-0.11986614536225051,6.835057309313842,6.376442690686159,0.01004532945768747,0.015215807037480239,0.014064453769122093,-120362650.0,-1.3148294352333665,0,0,-1,0,0,0.0,-0.8530087328220933,0.22328133543344983,0.24154344850991502,-0.012996941896024405,-0.03800298062593144,1.3010867336501386,0.012393493415956634,0.0
2025-06-26,6.41,6.455,-0.001551590691418833,0.015314234973042356,-0.007843177461026005,0.04484238613629771,-0.006995753366027144,6.516500000000001,6.58875,6.6658333333333335,3,26,6,6.511901317358417,6.692451227184014,39.22413793103449,-0.12144418358324405,-0.12018175300644923,6.823380168113485,6.354119831886515,0.009885736162441776,0.015142084042947052,0.013943817220347272,-120387324.0,-1.523674482588641,0,0,-1,0,0,-0.002323780015491817,-0.7388327065303361,0.2117089912037033,0.2403731322532643,-0.007739938080495334,-0.0503703703703704,1.2756913001986423,0.03588143525741036,0.0
2025-06-27,6.54,6.41,-0.009360442759563808,-0.006005840956994955,0.004713284452098357,-0.013012890390766845,0.020077894536528654,6.5125,6.57925,6.650499999999999,4,27,6,6.517010168747795,6.682615664139885,31.553398058252426,-0.11160910907321497,-0.1184672242198024,6.8050182789697455,6.3534817210302545,0.012287154363181545,0.01597172794631352,0.01446457553289478,-120362969.0,-0.3477016362007144,0,0,-1,0,0,-0.004680187207488338,-0.7137404759111534,0.21271875911329718,0.25354332092355575,-0.007587253414264028,-0.02823179791976227,1.284241283911107,0.02455657492354748,0.0
2025-06-30,6.48,6.54,0.01863407954489301,-9.173891112354138e-05,0.007806440892829492,-0.5051618193456814,-0.009216655104923952,6.4995,6.57525,6.638166666666667,0,30,6,6.510281047157287,6.6695436858082795,35.32608695652176,-0.10741799247335493,-0.1162573778705129,6.8052494279157925,6.345250572084207,0.012420413109859441,0.015082472450689893,0.01406937036730285,-120377665.0,-0.828262929722346,0,0,-1,0,0,-0.006116207951070342,-0.9801534482049695,0.19154164946355925,0.23942682756305012,-0.0015408320493065508,-0.012195121951219412,1.7635133423231841,0.016975308641975356,0.0
2025-07-01,6.51,6.48,-0.0030816665374080007,0.0045766670274118935,-0.012519725344927709,0.937645198090548,0.004618945856294458,6.4925,6.571250000000001,6.6241666666666665,1,1,7,6.510229947674143,6.6592505447883905,45.51282051282049,-0.10051705505211483,-0.1131093133068333,6.802945694255048,6.3395543057449535,0.012543037413679963,0.015083478374882131,0.013895079680360072,-120340132.0,-0.5287107315216482,0,0,-1,0,0,0.0,-0.1782929953443987,0.1857912665877593,0.2394427961145528,0.009302325581395321,-0.012139605462822445,1.0810639604004673,0.03379416282642099,0.0
2025-07-02,6.87,6.51,0.007686432924156291,0.04465027373773872,0.027952130383739494,0.21326355608990313,0.05382465001378008,6.525499999999999,6.585249999999999,6.621833333333333,2,2,7,6.575642684460663,6.672847283834301,61.71171171171171,-0.06524689547647533,-0.10353682974076171,6.852782093499302,6.317717906500697,0.02155839693671752,0.019579117225056772,0.01739264368003991,-120293677.0,2.1287165683599962,0,0,-1,0,0,0.0030721966205837885,0.09988396292364685,0.4202027332700739,0.3108088504060876,0.064291247095275,0.04248861911987856,1.3072289552810423,0.049490538573507985,0.0
2025-07-03,7.59,6.87,0.05075716294591832,0.09966748517328061,0.05075716294591832,0.828448881273047,0.09966748517328061,6.6385000000000005,6.633750000000001,6.645166666666667,3,3,7,6.760071287285996,6.732018426812733,78.05555555555557,0.02056587223066586,-0.0787162893464762,7.157148560020062,6.11035143997994,0.03718469259100368,0.030166657699860683,0.025817434491649992,-120187306.0,3.6540031748018107,0,0,-1,0,0,0.0,1.8814227479293553,0.7263711445303073,0.4788808449590588,0.1840873634945397,0.1465256797583081,0.9866947675685889,0.09486166007905135,0.0
2025-07-07,6.99,7.59,0.08773891430800668,0.011787955752042173,0.017316450011460958,-0.011792377603591548,-0.08235103516181966,6.6785,6.65025,6.6514999999999995,0,7,7,6.8018765077794505,6.748662399276428,58.016877637130804,0.03970048086468658,-0.05503293530424364,7.1974002728246855,6.103099727175314,0.04789535955754419,0.035820531458875954,0.02978671547027993,-120292430.0,1.2418891733198896,0,0,-1,0,0,-0.011857707509881405,1.7189131726676328,1.1005588843692968,0.5686333084221088,0.0688073394495412,0.04954954954954949,-0.09364186007625902,0.09871244635193126,0.0
2025-07-08,7.06,6.99,-0.06187540371808753,-0.05417573410202447,0.005706149576854689,-0.2672561616046899,0.009964495259431728,6.7355,6.65725,6.664833333333333,1,8,7,6.8488080518195495,6.768748696097304,59.95850622406639,0.05982360180741253,-0.032061627881912406,7.22222298491495,6.092277015085051,0.04726212725854175,0.034859501279838376,0.029532775466037903,-120211960.0,1.4257318872003373,0,0,-1,0,0,0.008583690987124408,0.8953539438411074,1.0819476730594817,0.5533774272851409,0.08950617283950613,0.02023121387283222,-0.3613662973983998,0.03470254957507084,0.0
2025-07-09,7.12,7.06,0.008474626990972236,0.012295236857037338,0.009908078224696077,-0.2715338016733261,0.008462673918733728,6.8025,6.675750000000001,6.679833333333334,2,9,7,6.8981156787614495,6.791410070542639,61.93415637860083,0.0796941540923699,-0.009710471487055946,7.276602683582191,6.07489731641781,0.04695053940882108,0.03433491035150103,0.029553380536831167,-120150625.0,1.4787318493826123,0,0,-1,0,0,0.00708215297450435,0.3417715360897268,1.0790236286387789,0.5450498044666142,0.09370199692780345,0.05481481481481487,-0.41878049920547833,0.03721910112359558,0.0
2025-07-10,7.3,7.12,0.0,0.010131798930406955,-0.007067167223092443,-0.4517638809398236,0.024966622730460943,6.8870000000000005,6.711749999999999,6.6995000000000005,3,10,7,6.971185555350276,6.824222324056017,66.600790513834,0.10871302948266504,0.013974228706888251,7.371808011804168,6.051691988195831,0.04700225960940042,0.0339900486083179,0.029838298541602838,-120111585.0,1.7824190888679858,0,0,-1,0,0,-0.001404494382022442,-0.30590191047302634,1.037238544660129,0.5395752940116375,0.06259097525473067,0.10942249240121571,-0.07637507104470986,0.053424657534246654,0.0
2025-07-11,7.37,7.3,0.030473272083410535,-0.006743113884890197,0.012951230569853308,-0.1825469920386356,0.009543358046899916,6.983,6.749750000000001,6.720166666666667,4,11,7,7.043697272559316,6.859433787020146,65.78947368421055,0.13579376627582995,0.0383381362206766,7.469914272195503,6.029585727804498,0.04649529238354658,0.0339994193171524,0.02985706731381206,-120079059.0,1.7225236628556913,0,0,-1,0,0,0.004109589041095925,-0.49085283024040316,0.6650704639242669,0.5397240494027443,-0.02898550724637683,0.11497730711043874,-2.0768489672020713,0.03366350067842605,0.0
2025-07-14,7.87,7.37,-0.004101167744214678,0.06673502451286557,0.019838592253137506,0.748276954239059,0.06564035622806655,7.116,6.814250000000001,6.758166666666667,0,14,7,7.193934132093985,6.924631607212395,74.04181184668991,0.19534940033000847,0.06974038904254298,7.685602699149609,5.942897300850394,0.04943337667977961,0.03657382052457994,0.03205768889751381,-120010320.0,2.423243770359243,0,0,-1,0,0,-0.009497964721845357,0.5117630759213556,0.40215204994302467,0.5805914016212905,0.1258941344778255,0.19604863221884505,1.869179210537014,0.07814485387547652,0.0
2025-07-15,8.395,7.87,0.06496651172831146,0.060773531056528225,0.04888820819127639,0.8723141720965236,0.0645782281001922,7.307499999999999,6.903499999999999,6.819333333333334,1,15,7,7.412309744440533,7.019494084166435,78.9865871833085,0.28166393526898137,0.11212509828783065,8.018394849891825,5.7886051501081734,0.05031247619074389,0.038700063485909826,0.03336401241650855,-119845866.0,2.6755886443366657,0,0,-1,0,0,-0.010165184243964431,2.537027252722354,0.47124139977666873,0.6143444622367729,0.18909348441926355,0.2700453857791225,0.40124928507028346,0.08874329958308508,0.0
2025-07-16,7.75,8.395,0.0694206789801071,-0.005374751666739982,0.011696039763191236,-0.4568851456949597,-0.07994344716424844,7.4315,6.962000000000001,6.8580000000000005,2,16,7,7.473707972724072,7.0666234980911815,66.20775969962455,0.29462644628647805,0.14862536788756014,8.127076911849965,5.796923088150036,0.06005364356865792,0.04347833238027142,0.03684675730481317,-119950007.0,1.3527003959743316,0,0,-1,0,0,-0.005360333531864197,1.0013847070080126,0.9382180455238903,0.6901971293880309,0.08848314606741581,0.1778115501519757,-1.2823137206215844,0.07870967741935476,0.0
2025-07-17,7.88,7.75,-0.06942067898010722,-0.03902719894423191,0.0025806465934914914,-1.3865728685141414,0.016635060504532194,7.532500000000001,7.028999999999999,6.901,3,17,7,7.547579250410604,7.119099401440138,68.01470588235296,0.31179506379264765,0.18125930706857765,8.244905986670267,5.8130940133297315,0.058702110684605985,0.04335831890925089,0.03687873239629475,-119923979.0,1.3997792745974489,0,0,-1,0,0,0.0051612903225806495,-0.8028246343738149,0.9362966920083884,0.6882919745982431,0.07945205479452055,0.2048929663608563,-1.1465855085254788,0.03431472081218279,0.0
2025-07-18,8.02,7.88,0.015286921896905645,0.022118583545804756,0.013185878814251772,0.5389420706872885,0.01761051800863537,7.5755,7.107000000000001,6.947666666666667,4,18,7,7.63347393215413,7.177222020702065,68.09290953545232,0.3328611309123808,0.21157967183733828,8.368508704102302,5.8454912958977,0.04973491875357976,0.04305743242740931,0.03693195043797145,-119879362.0,1.4474731676935924,0,0,-1,0,0,0.0038071065989848034,-0.38451456773523773,0.9341170772891026,0.6835155497753592,0.08819538670284932,0.241486068111455,-1.292870017741214,0.04326683291770579,0.0
2025-07-21,8.55,8.02,0.01505674617910773,0.0522063974794511,0.011003715656861413,0.9831994163808662,0.06399286107024588,7.7315,7.205000000000001,7.010666666666666,0,21,7,7.800115035398833,7.265788341947094,72.69736842105264,0.38785179739180364,0.24683409694823139,8.59534641650716,5.8146535834928414,0.0426102435208904,0.044722146146934684,0.038469286975821956,-119760101.0,1.934769614293566,0,0,-1,0,0,0.0012468827930174299,1.4555379669341035,0.9283271021360782,0.709942060811248,0.08640406607369777,0.29742033383915034,-1.3130121729115356,0.08187134502923978,0.0
2025-07-22,8.55,8.55,0.06973979048096919,-0.00463500250414863,0.04289079646924085,-0.3860137247964727,0.0,7.8805,7.308,7.065,1,22,7,7.936457756235408,7.348640706982766,72.51655629139074,0.4265156893925841,0.28277041543710196,8.778243087670091,5.837756912329909,0.043017365351539674,0.04432724068195012,0.03807890004911946,-119760101.0,1.68951653017898,0,0,-1,0,0,0.007017543859648973,0.47913939146214046,0.8231074430185321,0.7036731309008711,0.01846337105419904,0.317411402157165,-0.9226218332995622,0.03644444444444427,0.0
2025-07-23,8.61,8.55,-0.009334956936051717,0.013268149648851429,0.018103716233601134,-0.5868397721927204,0.006993035490970384,8.0295,7.416000000000001,7.127,2,23,7,8.058919982374425,7.430018725887105,70.56737588652483,0.45673365959954637,0.31756306426959086,8.937317296223593,5.894682703776408,0.043064542633498196,0.044096421338677326,0.03758749610503928,-119715020.0,1.569692269934611,0,0,-1,0,0,-0.0023391812865498655,-0.43231878997273565,0.41213101380963457,0.7000089874203728,0.11096774193548375,0.33488372093023244,1.7920621939654002,0.03193960511033686,0.0
2025-07-24,8.63,8.61,0.003510828650063021,-0.0031338451953760523,0.0035440084347293315,0.2788087218384382,0.0023201866556973477,8.1625,7.52475,7.195333333333334,3,24,7,8.162752712851802,7.507436872604066,64.73087818696885,0.4767992070881979,0.34941029283331226,9.067623174171665,5.981876825828334,0.043364027067200786,0.044070632559015346,0.03706112722268494,-119655443.0,1.4327165946007,0,0,-1,0,0,-0.0058072009291520255,-0.11989904933471908,0.4347811796555829,0.6995996032347641,0.09517766497461944,0.33694810224632077,1.9149197661324753,0.02522595596755491,0.0
2025-07-25,8.49,8.63,0.01045913079013729,0.033610244509381666,-0.01784699362506042,0.49280840002619775,-0.016355504772080667,8.2745,7.628749999999999,7.257999999999999,4,25,7,8.22225221960602,7.570828042113481,74.42996742671009,0.47591837726206343,0.3747119097190625,9.135219819076735,6.122280180923265,0.04465135730141322,0.044366942942971575,0.037354346635851056,-119752965.0,1.1434015990148845,0,0,-1,0,0,0.0023174971031285716,0.764719904624826,0.5009920895502106,0.7043033847557696,0.05860349127182052,0.32449297971918867,1.7878436702253033,0.07832744405182558,0.0
2025-07-28,9.13,8.49,-0.01749315744751723,0.023620982864719184,0.02020270731751947,-0.1336456590852433,0.07267669428362124,8.4005,7.758250000000001,7.343,0,28,7,8.387297270586743,7.6714197813319664,78.43406593406594,0.5208588282272046,0.40394129342069096,9.315093212874476,6.201406787125527,0.045691651029266735,0.04637232986153043,0.039158434641879354,-119667643.0,1.7622198416079058,0,0,-1,0,0,0.001177856301531188,0.3829787359391312,0.5647124458021412,0.7361379151695828,0.06783625730994158,0.3960244648318043,1.8840165127850241,0.0777656078860899,0.0
2025-07-29,9.0,9.13,0.07149953111060642,0.014016401973535562,0.04598511324182344,0.15385595440539243,-0.014341117270657825,8.461,7.88425,7.422666666666666,1,29,7,8.498697766843698,7.75713463414926,75.33692722371967,0.5397624997443131,0.4311055346854154,9.413154922863924,6.355345077136076,0.042766989777995944,0.04654111168276524,0.039426297161574926,-119767156.0,1.4595413793422716,0,0,-1,0,0,0.0,0.6841407577583279,0.594724823327185,0.7388172435184781,0.05263157894736836,0.38888888888888884,1.8414857548164878,0.048888888888888836,0.0
2025-07-30,8.6,9.0,-0.018795467620038017,-0.03708167490453181,-0.051884835369011804,0.11634276768968933,-0.0454623740767574,8.546000000000001,7.9887500000000005,7.49,2,30,7,8.517116354690298,7.811513044849308,66.53944020356232,0.5165130970896916,0.44818704716627067,9.40361051014139,6.573889489858612,0.036397320210393054,0.048511900276587284,0.04062647761101157,-119878947.0,0.864042773996026,0,0,-1,0,0,-0.00444444444444435,0.9322056642612884,0.7155695238849975,0.7701025425540929,-0.0011614401858304202,0.32104454685099837,1.4547290571815235,0.06395348837209311,0.0
2025-07-31,8.66,8.6,-0.05152828440155647,-0.028182305603431487,0.0017735742160163237,-0.5820406657955463,0.0069525193148818835,8.623999999999999,8.07825,7.560666666666667,3,31,7,8.543095199292061,7.866254138729998,66.45408163265304,0.49719788877521953,0.4579892154880605,9.419691781305193,6.736808218694809,0.03635778781497818,0.047600753370122754,0.040520817642896535,-119816483.0,0.8673503511035272,0,0,-1,0,0,-0.010465116279069752,-0.49792437784721244,0.7170530390278804,0.755638533819987,0.0034762456546928444,0.26055312954876264,1.3438403670289611,0.032898383371824526,0.0
2025-08-01,7.855,8.66,0.017472779989061108,-0.010327549158444133,-0.09732046842551785,0.48420652811212084,-0.0975644508667593,8.6075,8.0915,7.607166666666667,4,1,8,8.41798698123896,7.865528065263547,49.8224852071006,0.4121822937849604,0.44882783114744046,9.417785275338083,6.7652147246619165,0.04856266124463193,0.04800271787535765,0.04454178112739807,-119917855.0,-0.35663518912205866,0,0,-1,0,0,0.0,0.6352226775470408,0.9910511230965826,0.762019522520347,-0.07479387514723201,0.03491436100131762,0.33590534878862793,0.1247612985359644,0.0
2025-08-04,7.796,7.855,-0.08428572271805211,-0.05562989914703181,0.011650617219975274,-1.2195347418751035,-0.007539490062270148,8.5321,8.1318,7.647366666666667,0,4,8,8.304898439195512,7.861042383633641,42.032455440276685,0.33617084706854783,0.426296434331662,9.362712472838401,6.900887527161599,0.04245814209888784,0.04408606515460157,0.04455742194062896,-119947797.0,-0.5456114994523822,0,0,-1,0,0,0.013367281985996122,-1.285291802089002,0.629630628660169,0.6998445880947964,-0.14611171960569558,0.11530758226037197,-1.1918800458693615,0.05405336069779377,0.0
2025-08-05,7.73,7.796,-0.01391546806197467,-0.023643281747476083,-0.03403469860351271,0.3812844656121152,-0.008501919045983774,8.4501,8.1653,7.6887,1,5,8,8.200371450250874,7.852588036302439,49.68553459119497,0.26752175523012056,0.3945414985113537,9.30659973921688,7.02400026078312,0.042357047683066966,0.04419990447687381,0.04446122369504518,-119991637.0,-0.7628145088312861,0,0,-1,0,0,0.006926629040533527,-0.8278346657657536,0.6402304857478792,0.7016517313117113,-0.14111111111111108,0.094900849858357,-1.236482047588247,0.06338939197930145,0.0
2025-08-06,7.7,7.73,-0.0160517090105079,-0.018291269972251393,0.013227706097551126,0.0634972629755249,-0.0038885337396924805,8.359100000000002,8.1943,7.730366666666667,2,6,8,8.109394822932533,7.842743646863573,47.07792207792208,0.20829501085266156,0.35729220097961534,9.250032841006014,7.138567158993987,0.04203196948962554,0.044242051012843696,0.044440223749733034,-120038351.0,-0.9364111464581872,0,0,-1,0,0,-0.000646830530401136,-0.7203350630484167,0.6444520104269786,0.7023207868285063,-0.10465116279069764,0.0814606741573034,-2.1043921981164306,0.03181818181818183,0.0
2025-08-07,7.42,7.7,-0.0032414939241709557,-0.01345742834232891,-0.030689533261213427,0.3328018781185594,-0.0370412716803491,8.2381,8.2003,7.762533333333334,3,7,8,7.984050309672071,7.815469863194956,40.68322981366462,0.13718237624522178,0.3132702360327366,9.235802847590534,7.164797152409467,0.04251823163420782,0.044887091643741356,0.045128013780418974,-120103511.0,-1.5070938758220644,0,0,-1,0,0,0.0,-0.2591162382839244,0.5969059786500054,0.7125604893978308,-0.14318706697459582,0.016438356164383494,-1.672459264048218,0.049865229110512145,0.0
2025-08-08,7.48,7.42,-0.03166491464396869,-0.011680859612755681,-0.01777216974579776,0.07810003709667489,0.008053734807096823,8.1371,8.2058,7.7982,4,8,8,7.892404798822604,7.793826646214637,30.54545454545456,0.08469034199443293,0.26755425722507586,9.22375390237874,7.187846097621261,0.043079194670935725,0.044874583350797935,0.04506662136079562,-120033058.0,-1.4259977751526103,0,0,-1,0,0,0.005390835579514829,-0.17090505345248277,0.25932465593768167,0.7123619264031054,-0.047740292807129214,0.014925373134328401,-1.2763420840005264,0.05481283422459895,0.0
2025-08-11,7.3,7.48,0.0026773777707163942,-0.023779191766114063,-0.01669023444037885,-0.17791698081810645,-0.024358443832040527,7.954100000000001,8.177299999999999,7.823533333333334,0,11,8,7.784694835400312,7.761966862587886,28.668941979522202,0.028239997872082867,0.2196914053544773,9.264407238209781,7.090192761790217,0.030321579316682338,0.042381653792960515,0.045313409335098344,-120092028.0,-1.614008202989638,0,0,-1,0,0,0.0,-0.48681680584910325,0.27684986564606007,0.6727878965268652,-0.06362237044638286,-0.07242693773824649,-0.32269399354191736,0.04794520547945213,0.0
2025-08-12,7.2,7.3,-0.016172859245601072,-0.0148150857851407,-0.007037326720576204,-0.3196032808634621,-0.01379332213233576,7.774100000000002,8.11755,7.847533333333333,1,12,8,7.678386683509345,7.725710935969313,26.262626262626313,-0.024286511031434088,0.170895822077295,9.282826651136492,6.952273348863506,0.03033679741865354,0.0391198905993199,0.0453685437265767,-120134866.0,-1.574819162651399,0,0,-1,0,0,0.00821917808219185,-0.9468914132298556,0.274002747872776,0.6210090110511238,-0.06856403622250973,-0.14234663490172716,-0.03651254440383253,0.04027777777777778,0.0
2025-08-13,7.5,7.2,-0.01920497983605004,0.01748531434101955,0.00983844900028794,0.2507981385504784,0.0408219945202552,7.6640999999999995,8.10505,7.880533333333333,2,13,8,7.645952741053099,7.711148940100326,32.61538461538463,-0.04123136545975736,0.12847038456988455,9.292087972167735,6.9180120278322645,0.03500432878048319,0.03688269218243484,0.04587298583929745,-120079817.0,-1.0194282140698077,0,0,-1,0,0,0.0027777777777777185,-0.44758430095400575,0.48746215674023896,0.5854945871836122,-0.025974025974025983,-0.032258064516129004,0.9211779342231939,0.04666666666666662,0.0
2025-08-14,7.28,7.5,0.024625047305389194,0.015873349156290163,0.013889112160667093,0.0786093905721368,-0.029772158333670144,7.5261,8.075050000000001,7.8942,3,14,8,7.579415879043445,7.683332879448693,31.83183183183185,-0.07158723299807601,0.08845886105629244,9.31517655975517,6.834923440244832,0.03458011803007399,0.037153987889479004,0.04531950984930906,-120139368.0,-1.2822078420076137,0,0,-1,0,0,-0.013333333333333286,-0.367116277292912,0.4606700696940172,0.589801273019202,-0.018867924528301883,-0.07614213197969544,1.1318091383054085,0.05082417582417584,0.0
2025-08-15,7.225,7.28,-0.014976454189557361,-0.04016604172533464,-0.022316128322547254,-0.35293246851010934,-0.007583628210098828,7.4631,8.0353,7.882033333333333,4,15,8,7.514976628308273,7.653763016258455,15.300546448087445,-0.0989419755651566,0.05097869373200263,9.332507056474824,6.738092943525174,0.02184078572764982,0.03682856546186324,0.041051564834752294,-120181210.0,-1.249299402058449,0,0,-1,0,0,0.0013736263736263442,-1.0434892258844741,0.44919354485748775,0.5846353521321167,-0.03409090909090917,-0.0991271820448878,1.7467432542216683,0.031833910034602134,0.0
2025-08-18,8.26,7.225,0.06376661835898922,0.1669374322101009,0.08771634705759969,1.4265617350628932,0.1338773535343908,7.5095,8.020800000000001,7.924366666666667,0,18,8,7.650435423161314,7.692875079725652,39.86301369863014,-0.0366821074844923,0.03344653348870365,9.30014302218784,6.741456977812164,0.05263193209282055,0.04720093156657269,0.04618599090727927,-120006965.0,0.3739419308997152,0,0,-1,0,0,0.07543252595155708,3.075498337874461,1.1155599336326236,0.7492915594543784,0.1315068493150684,-0.0339181286549709,1.5545093968165806,0.11015738498789351,0.0
2025-08-19,8.16,8.26,0.06357280401761213,-0.017481596687050252,0.03553673427678737,-0.6913295559866179,-0.01218041855687096,7.5525,8.0013,7.961033333333334,1,19,8,7.743083528041074,7.723012171356255,43.432835820895534,0.004537813176820116,0.02766478942632694,9.258375319101601,6.7442246808984,0.05276295429811721,0.047269043164298655,0.046305860835864784,-120094246.0,0.25249083740410794,0,0,-1,0,0,0.0024213075060532173,0.4584672771727518,1.1119641223271184,0.7503727975482714,0.1333333333333333,-0.04561403508771933,1.5560689789593862,0.058823529411764754,0.0
2025-08-20,8.255,8.16,-0.009708814126960938,0.010532572499893152,0.0,0.27458990281160767,0.011574908396075759,7.608,7.983549999999999,7.998866666666667,2,20,8,7.836159250215424,7.7573339667526255,44.017725258493364,0.04435925741942359,0.03100368302494627,9.214183465462174,6.7529165345378255,0.0526485511963146,0.04732318761309919,0.046315610646744006,-119979385.0,0.4411549134949883,0,0,-1,0,0,0.004901960784313621,1.1542200724724692,1.107751107078453,0.7512323140266767,0.10066666666666668,-0.04123112659698014,1.9971530664818742,0.06904906117504546,0.0
2025-08-21,8.13,8.255,0.0060790460763821925,-0.02355821551704916,-0.015075662405447273,-0.02009415253424659,-0.015258153812372072,7.678999999999999,7.95855,8.026533333333333,3,21,8,7.889584841085346,7.781376936639553,55.08317929759705,0.06508136607195336,0.037819219634347694,9.153691828183304,6.763408171816696,0.05105852001620937,0.047418223889456226,0.04632206287106083,-120091961.0,0.2869115546907374,0,0,-1,0,0,-0.0006056935190794405,0.9880278283402026,1.070953390657256,0.7527409681432986,0.11675824175824179,-0.05793742757821552,2.1095421813013853,0.060270602706027084,0.0
2025-08-22,8.28,8.13,-0.012195273093818243,-0.0011926059851231359,0.004420594505396388,-0.09645228286438698,0.018282044837448854,7.759,7.948049999999999,8.056866666666668,4,22,8,7.960569415433465,7.813546166533776,58.65522174535049,0.09254078036015301,0.04876353177950876,9.12711429894738,6.768985701052619,0.05111431507639956,0.047502655216263394,0.04638311780771983,-119989736.0,0.5630736174377451,0,0,-1,0,0,0.0024600246002459496,0.6819559725477075,1.038061185605768,0.7540812739048686,0.14602076124567476,-0.024734982332155542,1.9644056550191498,0.05374396135265715,0.0
2025-08-25,8.57,8.28,0.015825041144396892,0.03171140644979612,0.04014123355451439,-0.47443701765152374,0.03442476421252025,7.886,7.920049999999999,8.0802,0,25,8,8.071374976263744,7.862349639660629,63.90728476821191,0.1361338738297091,0.06623760018954883,9.003664900521036,6.836435099478962,0.04997311201561889,0.04490859587624586,0.04521998207741322,-119926128.0,1.1995959075267129,0,0,-1,0,0,0.0,-0.3866724249546427,0.3359726092586,0.7129018585058842,0.037530266343825724,-0.06133625410733845,0.11846558646560829,0.04550758459743297,0.0
2025-08-26,7.86,8.57,0.033257221756482554,-0.01045913079013716,-0.05601962368129212,1.1183662095961686,-0.08648112616857319,7.952,7.863049999999999,8.062366666666668,1,26,8,8.032943162397608,7.862198050005105,52.16216216216216,0.11209844707417993,0.07540976956647505,8.820006243843576,6.906093756156422,0.0587415491377828,0.04836157049585617,0.04627823522649878,-120120759.0,-0.006374377135048314,0,0,-1,0,0,-0.0011668611435238958,2.575188714206124,0.7351908235292335,0.7677161312673245,-0.03676470588235292,-0.1266666666666666,-1.4708029175197952,0.09541984732824438,0.0
2025-08-27,7.69,7.86,-0.17998783344773447,-0.0707885414827426,-0.08829260714567819,-0.5242447559442115,-0.02186582292356251,7.971000000000001,7.81755,8.060366666666667,2,27,8,7.970589860143497,7.851088498391873,53.760445682451255,0.07842854352413031,0.07601352435800611,8.711427531938735,6.923672468061264,0.058395881971306185,0.04766267485994855,0.044217844287972576,-120235981.0,-0.28538585084101087,0,0,-1,0,0,-0.09033078880407124,0.7539038420694154,0.7210607796630715,0.7566215069973251,-0.06844336765596615,-0.10581395348837197,-0.8620004233179921,0.10728218465539652,0.0
2025-08-28,7.78,7.69,0.07928933089571953,-0.02475531048060796,0.04110167568555178,-1.291490841700591,0.011635554672747541,8.021,7.77355,8.057033333333333,3,28,8,7.935937158299225,7.846502143656914,54.14364640883977,0.0583347040644151,0.07247776029928792,8.57464122287542,6.972458777124581,0.05722522962486132,0.047734361890409645,0.044163806910514775,-120204311.0,0.01610303499980584,0,0,-1,0,0,0.006501950585175529,-1.0843197579489126,0.7414708183457238,0.7577595033262977,-0.043050430504305126,-0.10161662817551964,-1.3072789956493787,0.04241645244215939,0.0
2025-08-29,7.72,7.78,0.0,0.01657144358926216,0.03300629646817008,0.026147113525948524,-0.007741974153615509,8.0705,7.766800000000001,8.047033333333333,4,29,8,7.896675856790274,7.838340715033888,55.99999999999999,0.03714055971205177,0.06541032018184069,8.567276331876434,6.966323668123568,0.05723002108559485,0.042968105736866234,0.04406513259140265,-120236820.0,-0.11693037791709612,0,0,-1,0,0,-0.005141388174807203,-0.969050778570482,0.7053703531975674,0.6820975325236548,-0.06763285024154586,-0.017186505410566655,-1.0127494164111779,0.0272020725388601,0.0
2025-09-02,7.89,7.72,-0.013004084423206684,-0.0025316469217797305,-0.011757156986043644,-0.17144852582544348,0.021781770821098147,8.0335,7.7715000000000005,8.025033333333333,1,2,9,7.895462064646588,7.841673572128476,59.663865546218474,0.03367346018000639,0.05906294818147383,8.573799983271536,6.969200016728465,0.03321060446908059,0.04320405768910841,0.04248014122107834,-120209433.0,0.2954007290808908,0,0,-1,0,0,-0.010362694300518144,-1.0741513927177913,0.6536316697110247,0.6858431536456128,-0.07934655775962662,0.012057465366854814,-1.3629641715712946,0.03548795944233198,0.0
2025-09-03,8.1,7.89,0.023286951378790693,0.04703837417781711,0.027221382683625197,0.9488437767142716,0.026267926820610105,8.0275,7.790000000000001,8.010033333333332,2,3,9,7.93265078016539,7.858339793281478,58.620689655172406,0.047325465273930334,0.05671545159996513,8.605230028887318,6.974769971112684,0.03440412008500353,0.043491388933465804,0.04279624220520171,-120138700.0,0.7605215436509577,0,0,-1,0,0,-0.00887198986058294,-0.16765950474247854,0.32391068516085464,0.6904043957444231,0.030534351145037997,0.047865459249676556,-0.5692992098489051,0.05555555555555547,0.0
2025-09-04,7.71,8.1,0.022756987122616278,-0.006672757546368485,-0.02853630726493436,-0.0428663874973457,-0.049345874103154976,7.973000000000001,7.7905,7.980033333333334,3,4,9,7.892168820135318,7.848769484037511,55.890410958904106,0.02637104800821355,0.05064657088161482,8.605509848180496,6.975490151819503,0.03720156190623424,0.044972275282063066,0.04362006010647119,-120206465.0,-0.1975436252205185,0,0,-1,0,0,-0.012345679012345635,-0.2588597984792213,0.4830652587012499,0.7139127377344563,0.002600780234070177,0.0012987012987013546,-1.344136770427655,0.07976653696498057,0.0
2025-09-05,7.75,7.71,-0.0317486983145803,-0.049277196932011685,-0.018592833076615856,-0.05625691450490945,0.005174655790017487,7.935,7.8069999999999995,7.950699999999999,4,5,9,7.866319943747078,7.842397259260898,57.22145804676754,0.012844127950934592,0.04308608229547877,8.603580851283281,7.010419148716718,0.037212047682920614,0.044107134518977555,0.04363473532807845,-120142407.0,-0.14311165001813236,0,0,-1,0,0,0.005188067444876788,-0.33976445917330156,0.4760453644372875,0.7001790538853228,-0.003856041131105381,0.04447439353099725,-1.2053242287092412,0.046451612903225845,0.0
2025-09-08,8.02,7.75,0.0038634948250446392,0.033944176513180595,0.02253243108069606,0.10336971269448425,0.03424557851316735,7.909000000000001,7.8340000000000005,7.935033333333334,0,8,9,7.8942617721567,7.853855500598906,45.81881533101045,0.02363820337100453,0.03919650651058393,8.620455071156004,7.047544928843998,0.038650247476570906,0.044669318172002696,0.04408172351652283,-120071373.0,0.47300858452498634,0,0,-1,0,0,0.003870967741935516,-0.18567703719220408,0.5279270281495299,0.7091034427076249,0.03886010362694292,0.0721925133689838,-1.6977114960349364,0.057356608478802994,0.0
2025-09-09,7.99,8.02,0.039072392880100094,0.020795856462486304,0.034774914176610154,0.21892824301813996,-0.0037476621002397615,7.851000000000001,7.8685,7.897033333333335,1,9,9,7.911668722673663,7.862639016689299,46.96428571428571,0.02943255643948106,0.037243716496363356,8.615889139816348,7.121110860183652,0.036344354890815306,0.04421638261620233,0.04165590240078609,-120159792.0,0.3251318316716663,0,0,-1,0,0,0.00872817955112223,0.16820300944942654,0.5167001356495659,0.7019133136641054,0.012674271229404344,0.09452054794520559,-1.0637194047796756,0.04505632040050055,0.0
2025-09-10,8.1,7.99,-0.012437971292216946,-0.019560525854493596,-0.026941975955423234,-0.14185927816989424,0.013673301900209642,7.875,7.913500000000001,7.867033333333334,2,10,9,7.9459107730966325,7.877952628515796,47.246891651864985,0.04241180677587142,0.03827733455226497,8.59706726847177,7.2299327315282325,0.024746973421975894,0.04401726228931781,0.041723307759439006,-120083067.0,0.545666852706249,0,0,-1,0,0,0.0,-0.13292676355821664,0.48681310827921526,0.6987523764686193,0.0,0.125,-1.0248979369162405,0.050617283950617195,0.0
2025-09-11,8.03,8.1,0.0247231380867946,0.011049836186584935,0.01292007636510429,0.3601073001616235,-0.00867953371972277,7.909000000000001,7.94,7.848033333333333,3,11,9,7.961199723442699,7.887762136353487,48.188405797101424,0.04651336408471529,0.039924540458755035,8.596634160741182,7.283365839258819,0.023608560626544456,0.04335221139918446,0.040993130293851376,-120193051.0,0.2741252447128571,0,0,-1,0,0,0.011111111111111094,0.5622358131468177,0.2721776590770878,0.6881950208816494,0.04150453955901412,0.07066666666666666,1.015037360816959,0.04981320049813194,0.0
2025-09-12,7.67,8.03,-0.013522025331973997,-0.013522025331973997,-0.01944325670422782,-0.18391942857989202,-0.04586791257950544,7.898000000000001,7.9595,7.815033333333333,4,12,9,7.90825431918039,7.873712966266166,39.73063973063973,0.020478819365608025,0.03603539624012563,8.553814288641842,7.3651857113581585,0.02806435946730267,0.04411650522610281,0.04170938008147384,-120284558.0,-0.974232003277528,0,0,-1,0,0,0.00622665006226659,0.10566507544538535,0.4687030023355821,0.7003278092492963,-0.010322580645161339,0.0535714285714286,-0.45123324326148073,0.057366362451108266,0.0
2025-09-15,7.7,7.67,-0.04428300993367334,-0.03334690865956405,0.0,-0.42100481168343296,0.0039037134804733704,7.896000000000001,7.983250000000001,7.809866666666667,0,15,9,7.870389897511228,7.8625056781199625,33.94833948339482,0.0022411695786646035,0.029276550907833425,8.484682421851502,7.481817578148498,0.02799906846006249,0.0440396157124487,0.03811712170562674,-120224494.0,-1.129763404424951,0,0,-1,0,0,0.007822685788787549,-0.6508232114367221,0.35414654062639683,0.6991072260599515,-0.03990024937655856,0.06574394463667832,-1.4425051794994188,0.022727272727272818,0.0
2025-09-16,7.73,7.7,0.01285364740338109,0.0019175461292718545,-0.01185003991749573,0.23781956008082,0.0038885337396923746,7.88,7.9567499999999995,7.807666666666667,1,16,9,7.844864461600095,7.853956924692869,46.79802955665025,-0.009679965377814348,0.02148524765070387,8.452588205784343,7.460911794215656,0.0269907345182455,0.02947835294949114,0.038096330745558744,-120148304.0,-0.9146128610291896,0,0,-1,0,0,0.016883116883116868,-0.17940488794033096,0.3638245106479406,0.46795434578484557,-0.03254067584480602,-0.06416464891041151,-1.6098401300628558,0.03622250970245799,0.0
2025-09-17,7.79,7.73,-0.011560822401075971,-0.0051216501200548065,0.005284028146605206,-0.23123169140932312,0.0077319972833261846,7.848999999999999,7.938249999999999,7.809666666666667,2,17,9,7.834889104945532,7.849830671486878,52.60416666666666,-0.014123248145679668,0.014363548491427167,8.429749049631956,7.446750950368042,0.025403712263621585,0.029486087276948958,0.03808135747522994,-120087843.0,-0.6032565072547391,0,0,-1,0,0,0.0012936610608020422,-0.5581439106990188,0.34487877440425646,0.4680771244269159,-0.03827160493827153,-0.04534313725490202,-1.8305930543679243,0.025673940949935838,0.0
2025-09-18,7.72,7.79,-0.0064809040840831155,0.002564103968937634,-0.0026385239581810604,0.18577236967256597,-0.009026495845972078,7.85,7.911499999999999,7.810333333333333,3,18,9,7.814000176773616,7.841454499132887,48.42105263157893,-0.02302754948066532,0.00688532889700867,8.388432081669867,7.434567918330131,0.0202737744744058,0.029348149921837683,0.038115022275126156,-120160647.0,-0.8030493538178699,0,0,-1,0,0,-0.012836970474967862,-0.18013074902179035,0.3449540676024666,0.46588743679813327,-0.038605230386052236,-0.06480920654149014,-1.8136324821408758,0.031088082901554317,0.0
2025-09-19,7.7,7.72,0.0,-0.012886776276356428,-0.003970885429492732,0.1704989268764533,-0.0025940351770465356,7.845000000000001,7.890000000000001,7.8196666666666665,4,19,9,7.793272871905686,7.832328402414637,49.462365591397855,-0.03133687332453494,-0.0007591115473000523,8.364219580496155,7.415780419503846,0.020215227768821672,0.029207007268775113,0.03747386521019881,-120246985.0,-0.8013165538260223,0,0,-1,0,0,-0.0038860103626942176,0.22524716431012057,0.10499861429810103,0.4636468666418087,0.003911342894393766,-0.052890528905289114,-0.8324529801001034,0.022077922077922068,0.0
2025-09-22,7.64,7.7,-0.0013012363579718968,0.004271021829348368,-0.0026560440581162963,-0.3672139987022812,-0.007822725681209156,7.807,7.858,7.825,0,22,9,7.765405077013742,7.819920118387887,42.85714285714284,-0.042276236754068997,-0.00906253658865384,8.307120778503775,7.408879221496225,0.01599926276620178,0.02881267183866568,0.03749550711650142,-120306788.0,-0.9707856346627144,0,0,-1,0,0,-0.0025974025974026572,-0.4507361049646239,0.11548988607887455,0.45738698575454123,-0.007792207792207906,-0.07729468599033817,0.3338221971952009,0.029188481675392768,0.0
2025-09-23,7.55,7.64,-0.010471299867295366,-0.015055293050849607,-0.008010723746078972,0.1971133222756901,-0.01185003991749573,7.763,7.807,7.833333333333333,1,23,9,7.726240517556698,7.8025059172015725,33.128834355828204,-0.05754466979140638,-0.01875896322920435,8.1294968380092,7.484503161990801,0.016145640444789257,0.02737449086702612,0.03727466737033519,-120379621.0,-1.5938140763579813,0,0,-1,0,0,-0.005235602094240842,-0.10225869769004016,0.12239999599031838,0.4345565706069601,-0.023285899094437346,-0.11901983663943994,1.3319866060343015,0.022158940397350994,0.0
2025-09-24,7.65,7.55,0.00393959800408031,0.022389817341809157,0.014637653233688045,-0.10700489502336248,0.0131580845775112,7.718000000000001,7.7965,7.848333333333333,2,24,9,7.712378605273662,7.792666825769213,47.76119402985076,-0.06087412963785077,-0.027181996510933636,8.12534326773777,7.4676567322622285,0.01607699918825439,0.020814271395490823,0.03721356618957581,-120314179.0,-0.8910019718987996,0,0,-1,0,0,0.010596026490066236,-0.20217628462492654,0.1584011114597873,0.33041631500084434,-0.01797175866495504,-0.026717557251908386,1.6694283217468948,0.03006535947712412,0.0
2025-09-25,7.63,7.65,-0.011865663276500925,-0.019418085857101513,-0.009290046907092642,-0.08168290784740775,-0.002617802542078934,7.678,7.7935,7.852666666666667,3,25,9,7.697400677042086,7.782172191848619,45.454545454545446,-0.0643844001199616,-0.03462247723273923,8.127488654077117,7.459511345922882,0.01606246530352286,0.020256199931503627,0.03648457479371094,-120374488.0,-0.9790751751839332,0,0,-1,0,0,-0.014379084967320302,-0.3459650187392407,0.15098899913349828,0.3215572051557732,-0.011658031088082832,-0.007802340702210753,1.3295673737112461,0.019659239842726127,0.0
2025-09-26,7.48,7.63,0.0026490081715768625,-0.01183445764700291,-0.013423020332140661,-0.2490146465982129,-0.019855053309979675,7.659000000000001,7.778499999999999,7.859333333333334,4,26,9,7.657873281216252,7.762677211729353,27.50000000000003,-0.07836669864446488,-0.04337132151508437,8.14078950331211,7.416210496687889,0.009921185942139185,0.020499157195217894,0.0362474214935039,-120421503.0,-1.6478534281068715,0,0,-1,0,0,-0.009174311926605542,-1.105419972213681,0.19517232661091094,0.3254140321498013,-0.02857142857142858,-0.03856041131105392,0.8769785612443648,0.0213903743315507,0.0
2025-09-29,7.49,7.48,-0.005305052229693229,0.01311468355962078,0.001350439097871325,0.04810625797470153,0.0013360055427421298,7.638,7.767,7.868166666666667,0,29,9,7.62735086644966,7.745085133553267,28.813559322033896,-0.0876307023472016,-0.05222319768150782,8.151055916980885,7.382944083019115,0.00976970877806868,0.02046075820474931,0.036207005290078635,-120372171.0,-1.4424982808625073,0,0,-1,0,0,0.005347593582887587,-1.1049723524023567,0.19977291090223986,0.32480446707354643,-0.01963350785340312,-0.029792746113989632,0.1613259933425533,0.03335113484646189,0.0
2025-09-30,7.52,7.49,-0.002663117419483662,-0.015776954418616176,0.005383593083472679,0.3936930697625168,0.003997340432620173,7.617,7.7485,7.843500000000001,1,30,9,7.607832527095176,7.730563512033702,23.636363636363626,-0.0914970220305742,-0.0600779625513211,8.143109733920575,7.353890266079425,0.009777983681950937,0.019764277567967618,0.024474609361753937,-120299039.0,-1.1581062521179062,0,0,-1,0,0,0.0013351134846461665,0.13084145068690753,0.19179004153626383,0.3137481797261688,-0.003973509933774877,-0.04689480354879594,-0.9290791754491781,0.011954787234042566,0.0
2025-10-01,7.5,7.52,0.0,0.0033234279078729998,0.0013413818242013111,-0.18775663594528094,-0.002663117419483662,7.587999999999999,7.718500000000001,7.8214999999999995,2,1,10,7.58822661307787,7.715688446741206,24.76190476190476,-0.09507893036335169,-0.06707815611372722,8.091215497537815,7.345784502462187,0.009067745397656417,0.018564631428378827,0.024411793873113867,-120359652.0,-1.1724760652209396,0,0,-1,0,0,-0.00265957446808505,-0.6730364889204606,0.14667026769717537,0.2947043876463851,-0.019607843137254943,-0.07407407407407407,-1.7187737975273996,0.014000000000000058,0.0
2025-10-02,7.48,7.5,0.0,-0.002647255020507119,-0.008075414005545307,-0.08549919419048392,-0.0026702285558788097,7.564,7.707000000000001,7.7956666666666665,3,2,10,7.568549047063712,7.700482740499838,36.619718309859174,-0.09839718982221335,-0.07334196285542445,8.094711232748802,7.3192887672512,0.00888053679946092,0.015334799993012741,0.024265049850703716,-120415298.0,-1.1709745853408084,0,0,-1,0,0,0.0,-0.9412992181252677,0.14664145184919625,0.24343240311856043,-0.019659239842725995,-0.0298313878080414,-1.7142622789565003,0.019385026737967857,0.0
2025-10-03,7.44,7.48,-0.008032171697264154,-0.001671376090462944,0.005390848634876373,0.14068505612973667,-0.005361943141385399,7.537999999999999,7.6915000000000004,7.772666666666667,4,3,10,7.545176493052128,7.683677402403076,31.94444444444443,-0.10306651344585482,-0.07928687297351053,8.096379449244642,7.286620550755359,0.008905122112453406,0.01527740565844252,0.024161562652948096,-120479350.0,-1.2423451003463284,0,0,-1,0,0,-0.0053475935828877046,-0.3932943027778938,0.05882467580754663,0.24252129630293937,-0.005347593582887722,-0.039999999999999925,0.4726117248184713,0.012419354838709621,0.0
2025-10-06,7.42,7.44,0.005361943141385373,0.0073938712715338984,-0.010810916104215617,-0.11508379983996028,-0.0026917916657115256,7.516,7.661500000000001,7.744,0,6,10,7.522417130679013,7.666665957086749,28.169014084506983,-0.10714570986385574,-0.08485864035157958,8.052572748649697,7.2704272513503065,0.008770227285669079,0.012592815697881066,0.023830583025200584,-120536439.0,-1.2350643241384534,0,0,-1,0,0,0.00537634408602151,-0.7879263258213811,0.05529981413175671,0.19990475185598153,-0.009345794392523366,-0.07481296758104738,1.57117332052882,0.030768194070080856,0.0
2025-10-07,7.29,7.42,-0.004018759594917744,-0.014374795414497283,-0.013680103904080266,0.2356039149069267,-0.01767551115872233,7.49,7.6265,7.701333333333334,1,7,10,7.480159470555556,7.642364927597281,17.948717948717913,-0.11949099811312802,-0.09178511190388927,8.01907717980652,7.23392282019348,0.009568748155852515,0.012960759849122731,0.022821172781014296,-120608695.0,-1.7143125851881795,0,0,-1,0,0,0.004043126684636152,0.24544885730349558,0.1023330598322128,0.20574568417925865,-0.030585106382978622,-0.08760951188986232,-2.068650943681017,0.03017832647462286,0.0
2025-10-08,7.4,7.29,-0.025834203554763527,-0.008053734807096827,-0.00968865710374933,0.14554102900801003,0.014976454189557259,7.464999999999999,7.591500000000001,7.685999999999999,2,8,10,7.465585021363636,7.626728480655522,30.487804878048806,-0.1190265829453141,-0.09723340611217424,7.926998058665012,7.25600194133499,0.009937080517565564,0.013061761029043018,0.01776311817067448,-120525119.0,-1.1415863374113284,0,0,-1,0,0,-0.004115226337448594,0.9609217524274439,0.18496990874555927,0.20734902820441764,-0.013333333333333308,-0.08641975308641969,0.5890212018058847,0.031081081081081017,0.0
2025-10-09,7.46,7.4,0.01910017137341943,0.017368506081644173,0.022009141491789848,-0.5685486708803736,0.008075414005545331,7.448,7.563,7.678333333333333,3,9,10,7.4645695629338835,7.615971804484198,36.04651162790695,-0.11251997182585605,-0.1002907192549106,7.831884635797557,7.294115364202442,0.010574060845949843,0.01331185635407568,0.017448520912827073,-120477786.0,-0.7661278205389772,0,0,-1,0,0,0.0,-1.4682791394375365,0.2000270738026915,0.2113191684089954,-0.002673796791443861,-0.07098381070983806,-0.14212487611979016,0.026809651474530856,0.0
2025-10-10,6.84,7.46,0.008075414005545331,-0.01199214904526387,-0.07191258159028616,0.5369944839491819,-0.08676768258121045,7.383999999999999,7.5215000000000005,7.647,4,10,10,7.351011460582267,7.565909107420702,21.830985915492946,-0.15559861015874965,-0.11135229743567843,7.937054163927461,7.10594583607254,0.027578702021262978,0.020411859104786344,0.022845850072004292,-120558766.0,-3.27995750810941,0,0,-1,0,0,0.0,1.352386056734272,0.6265400561073563,0.32402821792652503,-0.08064516129032262,-0.10821382007822689,-1.7307144891005546,0.09064327485380119,0.0
2025-10-13,7.0,6.84,-0.04946063016839978,-0.03743464156884616,0.0014609206396748698,-0.19678975878397223,0.023122417420854212,7.334999999999999,7.4864999999999995,7.623,0,13,10,7.287191195021855,7.5293988424258185,31.543624161073822,-0.17481294377957646,-0.12404442670445803,7.953484728702827,7.019515271297172,0.029285834706611336,0.021328931522485408,0.023372395932202347,-120492252.0,-2.0835799121370866,0,0,-1,0,0,0.03801169590643272,0.08029357539764373,0.6860437608338159,0.33858629123533585,-0.05660377358490565,-0.09090909090909094,-1.6215632002663187,0.04798571428571436,0.0
2025-10-14,6.77,7.0,-0.015614227801550714,-0.02764021640110441,-0.019160497739075744,-0.2107830270550431,-0.03340906213112974,7.260000000000001,7.4385,7.5856666666666674,1,14,10,7.193156432290609,7.480405368720927,22.839506172839464,-0.2062223169152153,-0.1404800047466095,7.989834266741829,6.887165733258172,0.03014632166243522,0.022132975622320618,0.023494889028393983,-120546125.0,-2.425026124171737,0,0,-1,0,0,-0.0014285714285713982,-0.916820819430211,0.7039047030994391,0.3513500956230924,-0.07133058984910845,-0.1241914618369988,-1.2044459065165778,0.03988183161004438,0.0
2025-10-15,6.77,6.77,-0.01731645001146093,-0.010064786616140709,-0.008968669982760375,0.0010203987861380005,0.0,7.187,7.3875,7.541333333333333,2,15,10,7.116218899146862,7.434572764287319,23.12499999999997,-0.22848068826746637,-0.15808014145078086,7.988407208879822,6.786592791120178,0.030230146123679046,0.021939398911240946,0.022758021169754866,-120546125.0,-2.0552258015047262,0,0,-1,0,0,0.014771048744460936,-0.8680550599481947,0.6722263351799501,0.3482771606003087,-0.08513513513513526,-0.13093709884467275,-1.1444699598522439,0.0384047267355982,0.0
2025-10-16,6.63,6.77,0.004357305368955847,0.021685133991496217,-0.007535830688702848,-0.3639757795624764,-0.020896282726412488,7.101999999999999,7.333000000000001,7.505333333333334,3,16,10,7.0278154629383405,7.382664844010718,23.270440251572282,-0.2544839058423918,-0.17736089432910307,8.00091427120831,6.665085728791691,0.030297096786229705,0.022156725987432107,0.021509789189016693,-120583600.0,-2.105060575298739,0,0,-1,0,0,0.019202363367799232,-1.917300683309312,0.6347988065153749,0.3517271209808843,-0.11126005361930291,-0.14119170984455953,-0.7351442739273474,0.06963800904977369,0.0
2025-10-17,6.76,6.63,-0.03540192705091595,-0.03103506708479436,-0.0027268612564244807,-0.22688637081520607,0.019418085857101516,7.034000000000001,7.286,7.472333333333334,4,17,10,6.9791217424040966,7.342492918590673,28.65497076023391,-0.26158632524334724,-0.19420598051195193,7.97706782361908,6.594932176380919,0.03185358300469496,0.02294897847750101,0.021898000750260358,-120553732.0,-1.5222818427440874,0,0,-1,0,0,0.004524886877828092,-2.178386655557209,0.3901926247108041,0.3643037393666482,-0.011695906432748537,-0.12207792207792212,-0.2427619108785874,0.03899408284023673,0.0
2025-10-20,6.87,6.76,0.014903405502574948,0.00790380124329841,0.01625073378974993,0.011021138076353474,0.016141216179385277,6.978999999999999,7.2475000000000005,7.433999999999999,0,20,10,6.9592814256033515,7.312009504488049,31.843575418994433,-0.2553949293296407,-0.2064437702754897,7.94131857176485,6.553681428235151,0.03282486651150872,0.023487272057164117,0.020997357210639726,-120523533.0,-1.088180730128809,0,0,-1,0,0,0.0,-1.8430106604708045,0.36322221264675303,0.37284888503143615,-0.018571428571428572,-0.10078534031413611,-0.35003148018820807,0.030567685589519646,0.0
2025-10-21,6.93,6.87,0.0029542118974316043,0.0228908421289029,-0.0014787046853896656,0.24862492749604156,0.008695706967553913,6.9430000000000005,7.216499999999999,7.398666666666666,1,21,10,6.953957530039105,7.28736373000495,34.42622950819671,-0.24284731225389233,-0.21372447867117025,7.908811916316031,6.524188083683967,0.032954693144587245,0.023624327553059227,0.02114463215937823,-120484810.0,-0.8276616168172826,0,0,-1,0,0,-0.013100436681222686,-1.1536611280256883,0.25579630291363364,0.3750245735791547,0.02363367799113747,-0.08211920529801331,-1.1744658568533475,0.05481962481962484,0.0
2025-10-22,7.06,6.93,-0.0029246265362659774,0.011251876797434847,0.0014787046853896885,0.6885917177835483,0.018585238303338837,6.909000000000001,7.186999999999999,7.364,2,22,10,6.973237979122903,7.272695102262695,39.17525773195875,-0.2198786970264086,-0.21495532234221792,7.851247892851291,6.522752107148707,0.03321701669711515,0.023867106383111143,0.02131239590051641,-120407716.0,-0.3823873628107446,0,0,-1,0,0,-0.02450216450216443,1.269328386263435,0.26805448026472223,0.3788785680266062,0.042836041358936594,-0.077124183006536,-1.9088320828222516,0.06373937677053827,0.0
2025-10-23,7.02,7.06,0.04339257608911236,-0.0013995803544233545,0.021410932343491864,-0.5893989843036345,-0.005681833467430946,6.865,7.156499999999999,7.330333333333333,3,23,10,6.98174016473692,7.256392192439296,39.17525773195875,-0.2025684862695325,-0.21247795512768083,7.790427606691644,6.522572393308355,0.03293536012577546,0.02386938631834949,0.02129861966651454,-120450477.0,-0.43064854270148956,0,0,-1,0,0,0.0,-0.8239341421887982,0.16715611002029496,0.3789147608764822,0.05882352941176472,-0.07994757536041941,-1.4668358722471408,0.042022792022792015,0.0
2025-10-24,7.14,7.02,-0.017143276986437427,0.006978395381462498,0.013783315778301101,0.4588539112363168,0.016949558313773205,6.894999999999999,7.139500000000001,7.312666666666667,4,24,10,7.0105146802392975,7.248883018733535,43.13725490196077,-0.17712523298400917,-0.20540741069894652,7.754863820498431,6.52413617950157,0.01902257796346868,0.02400482905497101,0.020201959118686098,-120382818.0,0.0016250549133481605,0,0,-1,0,0,-0.01139601139601128,0.6511992059799621,0.16032677246226287,0.38106484766442555,0.056213017751479244,-0.045454545454545525,-1.556263137020016,0.0350140056022409,0.0
2025-10-27,6.99,7.14,0.010035926527785434,0.008310297133628035,0.0,-0.8960126493989218,-0.021232220105774052,6.894,7.1145,7.289,0,27,10,7.006784738377606,7.232180888492662,42.71844660194175,-0.16713835097416574,-0.19775359875399037,7.71022070460427,6.5187792953957295,0.019293963287565184,0.024356825164876826,0.020453608117596837,-120410436.0,-0.41798110771625147,0,0,-1,0,0,-0.018207282913165253,-1.6289296255480397,0.26677487660950117,0.3866526126800633,0.017467248908296984,-0.06675567423230977,-0.8395135215928854,0.044349070100143,0.0
2025-10-28,6.96,6.99,-0.00285714480077978,-0.022316128322547254,-0.0039848743210136196,-0.10139353114158688,-0.004301081899390697,6.912999999999999,7.086499999999999,7.263333333333334,1,28,10,6.99827842230895,7.2146208311705555,38.888888888888886,-0.15980232260777338,-0.19016334352474698,7.653942090715216,6.519057909284783,0.015656313466149575,0.02429900240262911,0.020412853741507028,-120435391.0,-0.44586047482151314,0,0,-1,0,0,0.0,-1.5696789039991896,0.26695651656665303,0.38573470478590566,0.0043290043290042934,-0.07446808510638292,-0.11025183795398429,0.025517241379310343,0.0
2025-10-29,6.83,6.96,-0.0014316394714377388,-0.0016939586207644463,-0.011992226615000833,0.8206470963594374,-0.018854800763629574,6.919,7.052999999999999,7.231333333333334,2,29,10,6.967682345525504,7.189806583998262,34.63414634146342,-0.16260398331663684,-0.18465147148312494,7.596249482281813,6.509750517718185,0.017087140354425216,0.024530243787878703,0.020490141648714065,-120492088.0,-0.8209855960224047,0,0,-1,0,0,0.002873563218390871,0.1803648453417524,0.24088623885390292,0.38940554797508464,-0.03257790368271951,-0.08933333333333338,0.991345568879776,0.03631039531478773,0.0
2025-10-30,6.75,6.83,-0.03498899185006548,-0.013942465148990554,-0.013264748658483058,-0.4843179847295237,-0.01178216869826024,6.931,7.016499999999999,7.199,3,30,10,6.92810373724814,7.161431965675794,47.01986754966888,-0.16932774617040014,-0.18158672642058,7.536551616870842,6.496448383129156,0.016024490946961453,0.02458047922468724,0.02051829696134709,-120527020.0,-1.02489826530502,0,0,-1,0,0,-0.013177159590043903,-0.9356127026583295,0.24336388585367796,0.3902030108118732,-0.038461538461538436,-0.09759358288770059,1.3405023413309007,0.03555555555555559,0.0
2025-10-31,6.87,6.75,0.004441161999967836,0.008559253395669911,0.004441161999967836,0.5157259985295505,0.01762160134981963,6.942,6.9879999999999995,7.171333333333333,4,31,10,6.917539421384841,7.1426299033741305,45.57823129251702,-0.1630933410424884,-0.1778880493449617,7.4715221651692625,6.504477834830737,0.015808928859001207,0.02509317536958701,0.020908585105832038,-120468514.0,-0.4880851737528602,0,0,-1,0,0,0.0029629629629629,0.3460652546011481,0.24776465243805226,0.39834180979715117,-0.037815126050420145,-0.0766129032258065,1.3687843222428784,0.039301310043668186,0.0
2025-11-03,6.79,6.87,-0.0014781968693108945,0.007077170374085079,-0.019389123435841153,-0.028941790977618852,-0.011713164663653203,6.934,6.9565,7.143,0,3,11,6.894350435678506,7.119879587027413,50.75757575757578,-0.1627319884090257,-0.1748568371577745,7.402123159182104,6.510876840817896,0.015415217199914136,0.02515459952300415,0.020947163357884435,-120525351.0,-0.7472681640047334,0,0,-1,0,0,-0.016011644832605577,0.2566063579953027,0.22353182525579982,0.39931688800375775,-0.028612303290414864,-0.08490566037735847,1.5452222238970037,0.06627393225331372,0.0
2025-11-04,6.71,6.79,-0.019418085857101513,-0.03152123430977811,-0.0030165935394255677,0.05690326578670788,-0.011851990587014293,6.912000000000001,6.927499999999999,7.114999999999999,1,4,11,6.86083217464605,7.093435742703064,47.857142857142875,-0.16697614815877415,-0.17328069935797444,7.3569365954050925,6.498063404594906,0.015331390710577231,0.025026071773006177,0.02094718898426036,-120585516.0,-1.012955124585174,0,0,-1,0,0,-0.023564064801178224,0.48225910969502384,0.22683836351576445,0.39727657322536586,-0.03591954022988508,-0.07956104252400553,1.9728285431014745,0.037257824143070044,0.0
2025-11-05,6.8,6.71,0.00900906994236591,-0.002915453960124131,0.0,-0.3535101030061029,0.013323661198470664,6.886,6.897499999999999,7.086666666666668,2,5,11,6.849771779255859,7.0745044044641565,56.2962962962963,-0.1612189952771379,-0.17086835854180715,7.267699092949292,6.527300907050706,0.014557542044944445,0.02496209872734746,0.02095189261923491,-120543267.0,-0.526743592066845,0,0,-1,0,0,-0.0029806259314455403,-0.4364968872149619,0.23870519455278194,0.39626103260881973,-0.004392386530014725,-0.08108108108108114,0.6563296499695912,0.03382352941176464,0.0
2025-11-06,6.56,6.8,0.008928630744301398,-0.014706147389695449,-0.015988159372108523,0.15849298969045494,-0.03593200922606333,6.840000000000001,6.852500000000001,7.051,3,6,11,6.797086001209338,7.041310571918082,43.15068493150684,-0.17401645105047514,-0.17149797704354078,7.145569059580891,6.5594309404191105,0.017691192398762816,0.025736563163347725,0.021728646271228766,-120592772.0,-1.9961165495825224,0,0,-1,0,0,-0.007352941176470562,-0.0013339590487397408,0.3427259681464117,0.40855527439034334,-0.028148148148148255,-0.12064343163538882,-0.3111834145719395,0.03582317073170737,0.0
2025-11-07,6.87,6.56,-0.03620304866396059,0.01762160134981963,-0.009252186278202595,-0.04878208421015501,0.04617350327826039,6.813,6.854000000000001,7.030666666666666,4,7,11,6.810343091898549,7.030258276955625,50.0,-0.15733050955037786,-0.1686644835449082,7.1471067705577385,6.5608932294422635,0.023724514508241666,0.021333682429423875,0.023510991055767337,-120545624.0,0.10917523310398855,0,0,-1,0,0,-0.007621951219512168,-0.046901288474002246,0.49773459849252627,0.33866170954490304,0.0,0.004385964912280826,0.759230796461594,0.0604075691411936,0.0
2025-11-10,7.04,6.87,0.05673162880508937,0.031507129837955096,0.05939362797552796,-0.11215180958930186,0.02444406393569308,6.818,6.856,7.015666666666666,0,10,11,6.85209889337154,7.030886775216553,53.10734463276837,-0.12890328461952727,-0.16071224375983204,7.153809547051815,6.5581904529481845,0.024395859484599894,0.021412339963323195,0.02402750016525025,-120503478.0,1.2356890624999755,0,0,-1,0,0,0.0029112081513827616,-0.3189246478956776,0.5092168025848729,0.3399103591855384,0.036818851251841034,0.005714285714285783,-0.24536595459734656,0.03407670454545461,0.0
2025-11-11,6.795,7.04,0.010108389320761057,1.4104471823054025e-05,-0.015447162614414665,-0.05684582400271303,-0.03542112256684399,6.8015,6.857249999999999,6.9915,1,11,11,6.841717276394896,7.015668273589679,42.970822281167116,-0.12470641853843922,-0.15351107871555347,7.153746649487498,6.560753350512499,0.026906760287094583,0.021575532656064676,0.024739434407044174,-120543295.0,-0.41990356456033645,0,0,-1,0,0,-0.011363636363636374,-0.4358789707034359,0.5851662433692604,0.34250096287020004,0.012667660208643738,0.0036927621861153614,-0.10913699639963403,0.05077262693156729,0.0
2025-11-12,6.8,6.795,-0.041061486797773925,-0.02716392894082239,-0.009683502111164892,-0.6135933669810114,0.0007355645789539107,6.7985,6.858750000000001,6.968166666666667,2,12,11,6.834132317050369,7.001754191422603,44.054054054054056,-0.1195982594317373,-0.14672851485879024,7.153687549142451,6.56381245085755,0.02626826986454017,0.021575433080698824,0.02474915123317572,-120521738.0,-0.3983894229189877,0,0,-1,0,0,-0.01692420897718914,-1.5304169955734497,0.5779174718515874,0.34249938216027154,0.0,0.004431314623338345,0.22594488436263077,0.03235294117647068,0.0
2025-11-13,6.76,6.8,0.017804624633506686,0.012959144642505116,0.002989538848365986,0.07590557219682217,-0.005899722127188271,6.7995,6.865249999999999,6.944166666666666,3,13,11,6.820653713950302,6.986157146814694,39.26553672316385,-0.1174240805369493,-0.14086762799442207,7.144260941116253,6.586239058883744,0.026046389966779878,0.021060597448661934,0.024754805216523065,-120544995.0,-0.7544507005991917,0,0,-1,0,0,0.0,-1.3092340774164763,0.4948062476726845,0.3343266198696053,0.030487804878048808,0.019607843137254832,0.03125713603319273,0.04289940828402367,0.0
2025-11-14,6.73,6.76,-0.008862687257845317,-0.0014316394714377388,-0.0015534447767568194,0.2704645688303266,-0.004447746398236142,6.785500000000001,6.8637500000000005,6.9205,4,14,11,6.8041712205047915,6.969630879278263,42.12121212121213,-0.1167756602571366,-0.13604923444696498,7.145452997759676,6.582047002240325,0.025342365485237394,0.020635394703566724,0.02475247104603292,-120575475.0,-0.949581659149425,0,0,-1,0,0,-0.0029585798816567418,-0.8475180570625191,0.3368555739875249,0.3275767355477818,-0.020378457059679667,-0.004437869822485063,-0.2511214409159049,0.043150074294205046,0.0
2025-11-17,6.7,6.73,0.020558727021036567,-0.010079278994702668,5.979251997361105e-05,0.10522271088759445,-0.004467617259716045,6.7765,6.85525,6.8965000000000005,0,17,11,6.7852309985948285,6.9522353386796665,42.12121212121213,-0.11733002430848405,-0.1323053924192688,7.14626410709059,6.56423589290941,0.0251322147413169,0.02029170835167341,0.024753722593886706,-120609337.0,-1.066958585287218,0,0,-1,0,0,0.022288261515601704,-0.6472146133832994,0.22571641158997377,0.3221208838510814,-0.048295454545454475,-0.024745269286754024,-2.0534111341488397,0.03283582089552235,0.0
2025-11-18,6.94,6.7,-0.025959039170095982,0.02005797904459871,0.002045738635019152,0.23384738571669964,0.035194248121792684,6.7995,6.8557500000000005,6.884833333333333,1,18,11,6.813370817032132,6.951445961990656,53.12500000000001,-0.09728196167853209,-0.12530070627112147,7.147338661247037,6.564161338752964,0.027289365989271175,0.021825575631270924,0.025583628860414584,-120566554.0,0.5778688350890474,0,0,-1,0,0,0.0005522388059701879,-0.07958875419912516,0.2820777354629462,0.34647027204704656,0.021339220014716664,0.0014430014430015792,2.128949331516733,0.04989913544668579,0.0
2025-11-19,6.98,6.94,0.036082046801544455,0.007067167223092353,0.03175615685442199,-0.19418606688247012,0.005747142255568071,6.8175,6.851750000000001,6.870833333333334,2,19,11,6.843667032117199,6.953288157991259,56.68604651162792,-0.07727528056755961,-0.1156956211304091,7.133572545882757,6.569927454117245,0.02709367319855611,0.0214370066650149,0.02543363355091264,-120531322.0,0.9101471963378976,0,0,-1,0,0,0.0014409221902016982,-0.5030248849122709,0.2802653423983446,0.34030193093558125,0.026470588235294246,-0.011331444759206666,1.8891541583045395,0.025787965616045804,0.0
2025-11-20,6.63,6.98,-0.036634133179780384,-0.009908078224696075,-0.04281096543180705,0.2368323552752198,-0.05144411257651009,6.8245000000000005,6.83225,6.843166666666666,3,20,11,6.804818480823162,6.932430857475694,43.84615384615385,-0.08864012835164026,-0.11028452257465533,7.118982499579665,6.545517500420336,0.029703505882812415,0.024152295261670564,0.02684894723059655,-120575969.0,-1.4107225396248324,0,0,-1,0,0,-0.04011461318051579,0.19904592059795853,0.4898860871848019,0.383405801122704,-0.019230769230769162,-0.05555555555555547,-0.5670053366547766,0.06033182503770745,0.0
2025-11-21,6.76,6.63,-0.021116923440922808,0.004258345682577025,-0.012139754550610546,-0.08336310647944072,0.019418085857101516,6.8134999999999994,6.813249999999999,6.8405000000000005,4,21,11,6.796669666128041,6.92130628602565,49.24999999999999,-0.08616369709014648,-0.10546035747775358,7.061957712617035,6.564542287382963,0.026026270272416725,0.024266322132368172,0.02256321756329589,-120534893.0,-0.42821349961104377,0,0,-1,0,0,-0.010558069381598836,0.034016580574239605,0.5160040719110903,0.3852159215785727,0.004457652303120341,-0.053221288515406195,-1.0821602080680226,0.07544378698224849,0.0
2025-11-24,7.19,6.76,0.03593200922606337,0.019080264583135904,0.03598589192344431,-0.6829259565917345,0.061668281678082644,6.8285,6.82325,6.8468333333333335,0,24,11,6.868184272286579,6.938641364346576,60.21276595744681,-0.04893955639136749,-0.09415619726047636,7.114350904913599,6.5321490950864005,0.03245598714995135,0.027956531683512614,0.025065859678050185,-120514144.0,2.519744829435379,0,0,-1,0,0,0.0059171597633136145,-1.5890604191835085,0.670993944127637,0.44379618212683364,0.07313432835820888,0.028612303290414864,-0.8374672656454898,0.05646731571627255,0.0
2025-11-25,7.1,7.19,0.055768559550894325,0.0005557099337229548,0.037576675253572396,-0.3555258072129655,-0.012596387685685726,6.859,6.8302499999999995,6.857833333333333,1,25,11,6.910332586416292,6.949051598904862,56.38297872340424,-0.02639711503031439,-0.08060438081444397,7.141249661532125,6.519250338467874,0.030297370953035502,0.028110639815023052,0.02437869372731647,-120528685.0,1.734728576044675,0,0,-1,0,0,0.0,-1.9149370064870166,0.6639042943487355,0.44624257287277036,0.023054755043227626,0.02011494252873569,0.14723504455223013,0.021126760563380333,0.0
2025-11-26,7.14,7.1,-0.012596387685685726,0.0,0.004246290881451224,-0.439352431389662,0.005617992304223274,6.893000000000001,6.845750000000001,6.870166666666667,2,26,11,6.952090297976965,6.96137085058842,63.488372093023244,-0.005243953108916344,-0.06553229527333845,7.186202871766642,6.50529712823336,0.030263762312602322,0.027721077736053003,0.024385463890012758,-120519314.0,1.728579926338168,0,0,-1,0,0,0.0,-1.9752559685227595,0.6638987767255808,0.440058466585714,0.022922636103151817,0.04538799414348449,0.15034400111722976,0.016806722689075647,0.0
2025-11-28,7.13,7.14,0.0014074597678797698,0.004158010148663677,-0.007798692485818872,0.8165228669587269,-0.0014015419252884445,6.93,6.864750000000001,6.886833333333334,4,28,11,6.984437516526608,6.972250150550457,57.02702702702702,0.010591076352110207,-0.05030762094824873,7.224566839369919,6.504933160630083,0.03011257427118174,0.027536434258058715,0.02401675792683423,-120540517.0,1.474361235924831,0,0,-1,0,0,-0.004201680672268818,-1.0606714139109998,0.46944157953104987,0.43712734224181654,0.07541478129713419,0.05629629629629629,1.4343890241324975,0.028751753155680234,0.0
2025-12-01,7.06,7.13,-0.007057192309998863,-0.0018689653451923886,-0.003565066164496257,0.4069260975991322,-0.009866182921053944,6.962999999999999,6.874250000000001,6.896833333333333,0,1,12,6.998176149885406,6.977911431160106,50.571428571428555,0.017292696854598333,-0.03678755738767932,7.244531187604988,6.503968812395014,0.03036179436930177,0.0274535099645825,0.02390318796274988,-120572368.0,1.003291586058947,0,0,-1,0,0,-0.009817671809256702,-0.25951987210887417,0.49687133359233937,0.43581095989271373,0.044378698224851965,0.027656477438136706,1.954960050206687,0.03066572237960339,0.0
2025-12-02,6.72,7.06,-0.01139613473086947,-0.033321154051199835,-0.040821994520255166,0.12735477909001955,-0.04935689697009249,6.965000000000001,6.870749999999999,6.891833333333334,1,2,12,6.947598668088059,6.961271983988486,47.96747967479675,-0.004776320664586109,-0.03038531004306068,7.245678414219161,6.4958215857808375,0.03473760420379302,0.029525039365574986,0.025398625379138316,-120608545.0,-0.8041535092183206,0,0,-1,0,0,-0.011331444759206683,0.13935014916814684,0.32993952830514656,0.46869546966422204,-0.06536856745479847,-0.010309278350515538,-1.5820610799650068,0.03869047619047629,0.0
