date,close,YesterdayClose,YesterdayOpenLogR,YesterdayHighLogR,YesterdayLowLogR,YesterdayVolumeLogR,YesterdayCloseLogR,MA10,MA20,MA30,DayOfWeek,DayOfMonth,MonthNumber,EMA10,EMA30,RSI,MACD,MACD_Signal,BollingerUpper,BollingerLower,Volatility_10,Volatility_20,Volatility_30,OBV,ZScore,insider_shares,insider_amount,insider_buy_flag,sentiment,num_articles,overnight_gap,abnormal_vol,volatility_5d,volatility_20d,momentum_5d,momentum_20d,skew_5d,intraday_range,sentiment_change
2019-12-09,27.81,30.49,0.13230648604061,-0.015748356968139168,-0.03503727013960865,-0.28795443533011567,-0.09200309275428999,27.387,25.6235,23.284666666666666,0,9,12,27.390192535828838,24.06689415418071,58.75227135069654,2.4020794496216986,2.3884584836499854,31.172217348227974,20.074782651772026,0.05764868214535904,0.0586382030553456,0.054766985002445034,9574400.0,0.7881100668060791,0,0,-1,0,0,0.03214168579862251,1.625388417682932,1.2097618344927916,0.9308526156729139,-0.0255781359495445,0.2786206896551724,0.3829068105015284,0.21503056454512767,0.0
2019-12-10,27.33,27.81,-0.11683020090111153,-0.09030684437236555,0.05711487405546367,-0.9395938423775639,-0.01741066830589689,27.548000000000002,25.890499999999996,23.622,1,10,12,27.379248438405412,24.277417111975502,51.68986083499005,2.2474314509750783,2.3602530771150043,31.212317952146535,20.568682047853457,0.05824049696935363,0.059052110542152876,0.0539870068584014,8830557.0,0.540980549482864,0,0,-1,0,0,0.006832074793239888,-0.30506573747881977,1.1969805044735218,0.9374231933281927,-0.01406926406926412,0.2428376534788541,0.25703440993322135,0.06439809732894261,0.0
2019-12-11,26.46,27.33,-0.025317807984289897,-0.04295247642351646,-0.06379860249486052,0.35632117769949545,-0.03235084125316692,27.618000000000002,26.173000000000002,23.95633333333333,2,11,12,27.212112358695336,24.418228911202892,49.68152866242039,2.0312550252436807,2.2944534667407397,30.92904922288721,21.416950777112795,0.059568045696875634,0.057955833952742716,0.05350490104733321,7768300.0,0.12068840609087428,0,0,-1,0,0,-0.0010976948408341596,0.17114348825266273,1.1565837316583116,0.9200203419858646,0.004555808656036442,0.27150408457472386,0.1338037329335296,0.08390022675736956,0.0
2019-12-12,25.16,26.46,-0.03200868720742851,-0.015351178655761022,-0.011904902506318427,-0.48133358335785187,-0.05037872685456986,27.435000000000002,26.406,24.254666666666665,3,12,12,26.83900102075073,24.466085110480126,44.44444444444444,1.7350341216051923,2.1825695977136306,30.38495728208173,22.42704271791827,0.05958928414477048,0.05933181589489294,0.054599725400660104,7111869.0,-0.6262947358651262,0,0,-1,0,0,-0.0007558578987150254,-0.549442907397851,1.0848228366791945,0.9418633781505356,-0.09691313711414207,0.2273170731707317,1.3905143130780928,0.08346581875993632,0.0
2019-12-13,25.99,25.16,-0.04526009358338278,-0.027634320070903592,0.005970166986503754,0.022112492419118123,0.03245641682115905,27.369999999999997,26.6775,24.57333333333333,4,13,12,26.68463719879605,24.56440220012657,50.964530180460486,1.5493905746336658,2.055933793097638,29.56943342720195,23.785566572798047,0.0607040112985705,0.05947274844058062,0.05468299978540757,7782977.0,-0.47546046083445337,0,0,-1,0,0,0.004372019077901408,-0.5632925486641057,0.7032169667015892,0.9441006129556846,-0.14758937356510327,0.2641050583657587,0.31466391171580144,0.04655636783378226,0.0
2019-12-16,24.91,25.99,0.03690455693545098,0.01092083909716286,-0.03554493741941135,0.44277988368710713,-0.04244251937930978,27.006999999999998,26.735000000000003,24.791,0,16,12,26.36197588992404,24.586698832376467,47.632963179427236,1.30013263242369,1.9047735609628482,29.421092838462908,24.048907161537098,0.0561201032198938,0.050290327834133806,0.052156261781172226,6738042.0,-1.3588510224719894,0,0,-1,0,0,0.008849557522123911,0.12160440057851536,0.5180131711990479,0.7983342048061656,-0.10427903631787128,0.048400673400673444,1.556186997515349,0.09554395824969887,0.0
2019-12-17,25.49,24.91,-0.05245821046457503,-0.035840664170050864,0.011447385840350967,-0.4803610730604915,0.023016889113935027,26.784,26.7635,25.005666666666666,1,17,12,26.203434819028757,24.64497632706186,49.235127478753526,1.1362965508355423,1.7510781589373872,29.379694705453268,24.147305294546733,0.05681453673473331,0.04939686597667491,0.05199388550654905,7384397.0,-0.9735513930560937,0,0,-1,0,0,-0.0012043356081895278,-0.5609733286127635,0.6100159226241529,0.7841509375216171,-0.06732528357116718,0.022873194221508797,0.5310374596932063,0.045508042369556696,0.0
2019-12-18,24.46,25.49,0.023437021120386956,0.00155159069141885,-0.013917539422413024,0.017106521936157647,-0.041247088128997675,26.595999999999997,26.6455,25.16133333333333,2,18,12,25.886446670114438,24.633042370477224,42.75071633237822,0.9128204578438535,1.5834266187186805,29.456594373895506,23.83440562610449,0.05610126801032694,0.04703443813093779,0.052542273206128094,6726890.0,-1.5549104436301189,0,0,-1,0,0,-0.0007846214201647538,-0.49270051683212807,0.6292090264074867,0.7466485581006903,-0.0755857898715041,-0.0879940343027591,0.6093199106732322,0.0629599345870809,0.0
2019-12-19,23.84,24.46,-0.0371968497086003,-0.032198912173764346,-0.057691992955710175,0.385890954178404,-0.0256742880618773,26.194,26.509499999999996,25.292666666666666,3,19,12,25.51436545736636,24.58187834657547,42.09932279909706,0.6778711490002891,1.4023155247750023,29.588436761115265,23.430563238884726,0.05159354190028005,0.04727168078610696,0.052901384683951794,5759747.0,-1.7340401619895787,0,0,-1,0,0,0.003270645952575564,0.05931974143460933,0.5674729247016754,0.7504146684964159,-0.05246422893481717,-0.10240963855421681,0.5139715329507702,0.08735318791946321,0.0
2019-12-20,23.54,23.84,-0.02893959708561633,-0.013804441088488382,0.008695706967553913,0.9120119015448234,-0.012663740365018432,25.499000000000002,26.3365,25.38,4,20,12,25.155389919663385,24.51466038873189,34.491315136476416,0.4621374039063255,1.214279900601267,29.67709733076518,22.995902669234823,0.03496788583055202,0.04704219496755663,0.05235575451728839,3352213.0,-1.6742514724810915,0,0,-1,0,0,0.0,2.133224013274276,0.422681387538379,0.7467716940646142,-0.09426702577914581,-0.12814814814814823,1.2595266826030114,0.06542056074766352,0.0
2019-12-23,25.7,23.54,-0.013088639457877813,0.04987183004017294,0.0012978587155997906,-1.0139772195925958,0.0877898900690434,25.288,26.3375,25.511666666666667,0,23,12,25.25440993427004,24.59113391203951,44.21534936998854,0.46015640813292435,1.0634552021075985,29.677281745153834,22.997718254846163,0.044025712577604265,0.05063589669310302,0.05436251053025825,4225602.0,-0.3817614734406155,0,0,-1,0,0,-0.0004248088360237048,-0.2521777517871482,0.8372215360960711,0.8038199403762509,0.03171417101565632,0.0007788161993769194,1.2893652784862129,0.10778210116731517,0.0
2019-12-24,25.65,25.7,0.08548733763670856,0.003468879947906885,0.094012321088725,-1.1910901754416818,-0.0019474202843955666,25.12,26.333999999999996,25.633666666666667,1,24,12,25.326335400766396,24.659447853198255,47.861128332300055,0.44937179425766516,0.9406385205376119,29.676651956944184,22.991348043055808,0.043895661720559365,0.05064080310087024,0.054380646529777116,3960188.0,-0.4092558895215057,0,0,-1,0,0,-0.0027237354085603224,-1.1624020261386865,0.8260379630197818,0.8038978271849474,0.006276971361318218,-0.0027216174183515296,1.8148428230830094,0.02261208576998044,0.0
2019-12-26,26.27,25.65,-0.002734910866645691,0.03207340992249508,-0.024698417408478772,0.9997989274792783,0.023884032080669935,25.101,26.359500000000004,25.81566666666667,3,26,12,25.49791078244523,24.763354443314498,44.780039395929094,0.48525995382254195,0.849562807194598,29.691478865163223,23.027521134836785,0.043731783359069305,0.05090413050491216,0.05325493639077109,4681513.0,-0.05372182935237216,0,0,-1,0,0,-0.0035087719298245563,-0.4926802829398059,0.7382814378108975,0.8080780201318463,0.0739983646770237,0.01979813664596275,1.4746889695594332,0.07792158355538639,0.0
2019-12-27,27.95,26.27,0.03837769509889895,0.0420620449514681,0.06062913024737883,-0.22419945811801686,0.061989595903659704,25.380000000000003,26.4075,26.064000000000004,4,27,12,25.943745185637006,24.968944479229695,41.106442577030805,0.6418645238084437,0.8080231505173672,29.80474268999677,23.01025731000323,0.044198437830834325,0.05178849448654509,0.05396937187432475,5257964.0,0.9080893776249277,0,0,-1,0,0,0.011039208222306782,-0.7112802033264584,0.7004402949363158,0.8221168631150281,0.1723993288590604,0.03556872915894771,0.4500837418168298,0.059048300536672545,0.0
2019-12-30,28.205,27.95,0.05743029789353239,0.023306139633386482,0.01881980193250847,-0.05118090698082921,0.009082067590831324,25.601499999999998,26.485750000000003,26.31883333333333,0,30,12,26.354882424612097,25.177722254763264,51.66596372838465,0.7775875968878978,0.8019360397914734,29.976352835885855,22.99514716411415,0.043544571581871985,0.051665285849273795,0.053946276519385696,5805654.0,0.985073398969883,0,0,-1,0,0,0.006440071556350616,-0.8083818807665937,0.6240956002102521,0.8201609866334579,0.19817332200509763,0.05874624624624625,0.639670753294966,0.06417301896826799,0.0
2019-12-31,27.45,28.205,0.0003554291844776451,-0.007005282588408576,0.01845751919232249,-0.46742811763435926,-0.027133099236399717,25.8555,26.43125,26.44183333333333,1,31,12,26.55399471104626,25.324320818972087,50.49464138499588,0.8148340205611149,0.8045156359454018,29.819337296147403,23.043162703852595,0.04185370706125982,0.049562326809299596,0.047029792071096574,5462465.0,0.601371754003164,0,0,-1,0,0,-0.0023045559297996004,-1.0348321262872198,0.5347055636018695,0.7867775468106967,0.06809338521400776,-0.03819201121233351,0.6296924201326787,0.040437158469945333,0.0
2020-01-02,25.96,27.45,-0.02664903829221853,-0.02852243260399614,-0.07557210125861125,0.6447449925998461,-0.05580927611965033,25.902499999999996,26.34325,26.4765,3,2,1,26.445995672674215,25.365332379038406,48.03921568627451,0.7158694348855867,0.7867863957334389,29.681456696321856,23.005043303678146,0.04618888156823518,0.05063791651840958,0.04754788653429397,4808518.0,-0.22961430184792198,0,0,-1,0,0,-0.0018214936247723393,-0.5624613747475861,0.7260618147477262,0.8038520041089686,0.01208576998050681,-0.06349206349206338,0.06891539515829587,0.08859784283513086,0.0
2020-01-03,25.91,25.96,-0.07108055491743541,-0.03683657735649031,-0.005537988837363719,-0.48692005073583183,-0.001927897261870687,26.047500000000003,26.321749999999998,26.446166666666667,4,3,1,26.348541914006173,25.400472225552058,53.2608695652174,0.6261864183604793,0.754666400258847,29.66557899808299,22.977921001917007,0.043729678751051625,0.04937969596135234,0.04546014777633286,4406657.0,-0.2462745554488899,0,0,-1,0,0,-0.01694915254237293,-0.8657773702187911,0.7018985756773828,0.783878371978313,-0.013703844689760158,-0.016324981017463935,0.6250718129440336,0.05557699729834032,0.0
2020-01-06,27.97,25.91,0.005860536406459954,0.04941535956335047,0.006720721086413122,-0.09095696627605607,0.07650351263984974,26.460500000000003,26.32725,26.49316666666667,0,6,1,26.64335247509596,25.566248211000314,57.77690494893952,0.7131164034948192,0.7463564009060415,29.6820760210596,22.972423978940398,0.047612515418604485,0.05092927393486855,0.04767818606877349,4773579.0,0.9793354347961967,0,0,-1,0,0,-0.009262832883056675,-0.8335709082708485,0.7962877258634943,0.8084771597084769,0.0007155635062612298,0.003948312993539149,0.9575638746033609,0.0936717912048624,0.0
2020-01-07,29.32,27.97,0.08079158065475031,0.06899287148695142,0.0718257345712556,1.1281481763302044,0.04713736980458235,27.0385,26.26875,26.5705,1,7,1,27.130015661442147,25.80842574577449,66.96153846153847,0.8807895667368832,0.7732430340722098,29.347375590473035,23.190124409526966,0.047284480131833895,0.0474197766420087,0.048340217491104544,5907342.0,1.982215706542717,0,0,-1,0,0,-0.005005362888809459,0.5808486316496914,0.8664368647632199,0.7527656173259074,0.03953199787271777,-0.03837323712692675,0.28705122461132493,0.0931105047748977,0.0
2020-01-08,29.39,29.32,0.05793664728938537,0.022087596464004773,0.04516896836791158,-0.29465457207955276,0.002384603412375361,27.4075,26.34775,26.694166666666664,2,8,1,27.5409219048163,26.039495052498715,65.61248999199361,1.0077039873198466,0.8201352247217373,29.664759552054488,23.030740447945515,0.04089821817130231,0.042770922009445426,0.0473059774967503,6751756.0,1.8343329750833506,0,0,-1,0,0,0.005798090040927632,0.1434655536560515,0.8138215327016597,0.6789673378915896,0.07067395264116572,0.05681409564904727,-0.08522339999139499,0.07281388227288195,0.0
2020-01-09,28.6,29.39,0.012468569283859449,-0.006608025615618542,-0.04553573895702206,0.390297217605271,-0.027247762605019047,27.702499999999997,26.411250000000003,26.790166666666664,3,9,1,27.733481558486062,26.204688920079445,66.89795918367346,1.0326346132772102,0.8626351024328319,29.85368774549063,22.968812254509373,0.04271495391323761,0.04307113170989347,0.04767278730614524,5504202.0,1.271627934516533,0,0,-1,0,0,0.015991833957128235,0.9512623356312342,0.6794697172332097,0.6837330191429178,0.10169491525423724,0.0464690815953166,0.575488203893334,0.1121678321678321,0.0
2020-01-10,29.26,28.6,-0.04661570483643943,-0.030593208658434422,0.021053409197832263,-0.7960975255483818,0.022814677766171264,28.0015,26.55125,26.90683333333333,4,10,1,28.01103036603405,26.401805763945287,72.05044751830758,1.0930488118104513,0.9087178443083559,30.222196923586488,22.88030307641351,0.042680989072746464,0.04247045054422418,0.04778673228469085,6066956.0,1.4757772620441878,0,0,-1,0,0,-0.003496503496503546,-0.46645179239981016,0.6505832354361003,0.6741975012533099,0.1292937089926669,0.10582010582010581,0.10806360788465898,0.05844155844155847,0.0
2020-01-13,31.81,29.26,0.034486176071169404,0.07495363816606523,0.04554187283235636,1.0336916843288342,0.08355931016907449,28.3875,26.88375,27.0675,0,13,1,28.70175211766422,26.75072152111011,78.43878954607979,1.3313442800423516,0.9932431314551551,31.176167886901165,22.591332113098833,0.04631554530300035,0.04408113947608789,0.049502934918988065,7649097.0,2.2953263777196753,0,0,-1,0,0,0.008202323991797622,1.5226941444442779,0.6916914539482074,0.6997663953724838,0.13728995352163031,0.2643084260731319,0.3042622163712781,0.0852813580635021,0.0
2020-01-14,33.34,31.81,0.10877839685519153,0.10652153685920826,0.0959053054064884,0.08419973473725617,0.0469771715615954,28.901,27.25125,27.29083333333333,1,14,1,29.545069914452544,27.175836261683653,77.46225736879944,1.6249222761779762,1.1195789603997195,32.39551187738897,22.10698812261103,0.047487840497175304,0.0445738935743701,0.04992175444607792,9370223.0,2.367200638351025,0,0,-1,0,0,0.03395158755108462,1.5794354705186457,0.6913641021273985,0.7075886241818594,0.13710777626193726,0.28280107733743765,0.30738850525522815,0.10077984403119374,0.0
2020-01-15,31.03,33.34,0.022844395889771094,-0.006512836273329122,-0.08183726985295635,-0.2825147292306683,-0.07180339886235913,29.259000000000004,27.55725,27.373833333333334,2,15,1,29.815057202733897,27.42449198673632,66.63574520717378,1.652142389661126,1.2260916462520008,32.84130892134163,22.273191078658368,0.053456205213327716,0.046753189808237894,0.05043717295418377,8072691.0,1.3144251612993991,0,0,-1,0,0,0.00929814037192547,0.7519942386333229,0.9782934182547431,0.7421838793895824,0.05580129295678815,0.24568446407065436,-0.2541106642995381,0.18208185626812767,0.0
2020-01-16,31.61,31.03,-0.07303414041362645,-0.08474122845509055,0.044996012291917714,-1.0324444517951534,0.01851904776723753,29.824,27.86325,27.5035,3,16,1,30.14141043860046,27.69452476178559,66.55300681959082,1.7009086621660288,1.3210550494348066,33.34824606582401,22.378253934175998,0.047844810323770366,0.046706458080073274,0.05011781497467552,8534788.0,1.366181472160137,0,0,-1,0,0,0.008056719303899451,-0.7675526010573601,0.9143298673772318,0.7414420362032232,0.10524475524475507,0.24009415457041983,-0.977708578218957,0.045238848465675524,0.0
2020-01-17,30.49,31.61,0.018058466341062042,-0.011506891077210852,-0.046689492798250805,0.31420574499510057,-0.03607476522736299,30.282,28.164749999999998,27.641833333333334,4,17,1,30.20479035885492,27.874878002960717,58.156711624919716,1.630387551881654,1.382921549924176,33.52354549997253,22.805954500027468,0.050709056893677724,0.04642590434350642,0.049637230126829655,7902098.0,0.8678256149210846,0,0,-1,0,0,0.007592534008225308,-0.45275209811070993,0.998622145090428,0.7369883837051483,0.042036910457962984,0.24652493867538827,-0.11655745873097996,0.08101016726795668,0.0
2020-01-21,32.37,30.49,-0.04134541771985273,0.028066607116229113,0.01680711831638119,-0.21272683140292065,0.05983330693798963,30.721999999999998,28.591250000000002,27.792166666666667,1,21,1,30.598464839063112,28.164885873737447,62.11107880197731,1.7065275646003784,1.4476427528594167,33.857765751224356,23.32473424877565,0.0485549105783204,0.04680845081294432,0.049784054719905026,8413550.0,1.4350094743840902,0,0,-1,0,0,0.0022958346999016163,-0.6261922610099238,0.8841421014887002,0.743061120643499,0.01760452687834002,0.3578020134228186,-0.48735429936164654,0.08897126969416135,0.0
2020-01-22,32.02,32.37,0.06369965498982237,0.04023788235411463,0.04401688541677447,0.27098768762133085,-0.010871360369584172,30.992,29.015249999999998,27.84316666666667,2,22,1,30.85692577741527,28.413602914141485,63.60929124478858,1.7188135852250142,1.5018769193325363,33.922657371032344,24.107842628967653,0.047749574914185154,0.046752289959647204,0.04698351142324265,7742904.0,1.2245773675674743,0,0,-1,0,0,0.006178560395427954,-0.2407298124042528,0.7967616907416426,0.7421695947360509,-0.039592081583683214,0.36023789294817354,0.25384425033373403,0.08994378513429092,0.0
2020-01-23,32.5,32.02,-0.02047217899798995,-0.01976757094308833,0.0031847160675196984,-0.3256112144115528,0.014879381767123057,31.303000000000004,29.35525,27.9995,3,23,1,31.15566654515795,28.67724143580978,70.72243346007605,1.7471423639454535,1.5509300082551198,34.23772507876244,24.472774921237566,0.04769656869781553,0.043272335436435175,0.04378943124793629,8227168.0,1.2881786181270585,0,0,-1,0,0,-0.0034353529044348213,-0.6357247271640671,0.5759957227912772,0.6869270292826507,0.04737350950692876,0.2645914396887159,0.3376263352993345,0.06492307692307701,0.0
2020-01-24,32.1,32.5,0.03176828445934215,-0.014406011443514964,0.00507454308107675,-0.2722699780912526,-0.012384059199721555,31.653,29.677750000000003,28.1585,4,24,1,31.32736353694741,28.898064568983344,69.18784872907628,1.7175179898495507,1.5842476045740062,34.37842909427647,24.977070905723536,0.046616795403103976,0.04351809175007849,0.043707505524955476,7858329.0,1.0305957719808285,0,0,-1,0,0,0.013538461538461468,-0.9354450915099879,0.5878346968978482,0.6908282898167959,0.015501423600126518,0.2514619883040936,1.0699192888109887,0.045794392523364445,0.0
2020-01-27,31.62,32.1,-0.08123244569183673,-0.030384415033724906,-0.052276144565371004,0.28489377605260185,-0.015066198354644178,31.889,29.945249999999998,28.330499999999997,0,27,1,31.380570166593333,29.07367330646829,62.54295532646049,1.6364445572690087,1.5946869951130067,34.433510095427835,25.45698990457216,0.0472130068086597,0.04382842031186801,0.04330666256215537,7367913.0,0.7462802798376417,0,0,-1,0,0,-0.053894080996884745,-0.6080396464491237,0.5156757996399954,0.6957546030120884,0.037061331584125945,0.2036543585839361,1.5962710730221776,0.06609740670461743,0.0
2020-01-28,31.85,31.62,0.060682727006213216,0.053689921583223665,0.04767843531674148,0.3299237302031164,0.007247550236846439,31.893,30.14025,28.5535,1,28,1,31.465921045394545,29.252791157663886,59.4192107222636,1.5726241236828926,1.5902744208269841,34.60231994094603,25.67818005905397,0.0384187852924255,0.04196355973656653,0.041997075378602595,8050014.0,0.7663483641574234,0,0,-1,0,0,0.02055660974067053,-0.16343506223127913,0.21292460842171512,0.6661508591397489,-0.016064257028112316,0.13953488372093026,0.7365251831549324,0.07519623233908947,0.0
2020-01-29,30.51,31.85,-0.005905223065556892,-0.047789631201472255,-0.03509131981127017,-0.32784602324334317,-0.042982883289594084,31.610000000000003,30.2555,28.704166666666666,2,29,1,31.29211721895917,29.33390140555654,53.80952380952382,1.3978061301475364,1.5517807626910947,34.62522105577261,25.88577894422739,0.03662190706189549,0.043388806026978775,0.04273147991585671,7558578.0,0.1164834078659522,0,0,-1,0,0,0.007221350078492837,-0.6114299370702655,0.3531575994060785,0.6887759425884379,-0.04715802623360399,0.08172309874135797,-0.5996314071120437,0.06227138643067842,0.0
2020-01-30,28.69,30.51,-0.059397974206947035,-0.06066024833589026,-0.08078387540193825,0.8861509243129537,-0.061505868735304815,31.375999999999998,30.317500000000003,28.830166666666667,3,30,1,30.819004997330225,29.292359379391602,50.28607755880483,1.0997258659229914,1.4613697833374741,34.55273503355753,26.082264966442477,0.03492456046141484,0.045232698436772106,0.0435492431086023,6366465.0,-0.7685523882876122,0,0,-1,0,0,-0.009177318911832223,0.9608091887417186,0.4195297508084471,0.7180468271524744,-0.11723076923076914,0.04517304189435345,-0.348187001500423,0.08217845939351683,0.0
2020-01-31,27.8,28.69,-0.05717787268934747,-0.05340911002572655,-0.047588273097243575,-0.5737571813173509,-0.03151260929668201,30.994999999999997,30.4095,28.90716666666667,4,31,1,30.270094997815637,29.196078129108272,45.42606516290726,0.7826575578732964,1.3256273382446386,34.31314188931302,26.50585811068698,0.034353322664872905,0.04395880179137914,0.04391697148513271,5694823.0,-1.336956654320169,0,0,-1,0,0,-0.004879749041477886,-0.2848126844941008,0.4065445615086935,0.6978243448342191,-0.1339563862928349,0.07087827426810467,0.30396236614075123,0.07482014388489215,0.0
2020-02-03,26.65,27.8,-0.019452425926815294,-0.01222722656956033,-0.012427198153212256,-0.1758722845870487,-0.04224687008473792,30.611,30.446500000000004,28.980166666666666,0,3,2,29.611895907303698,29.031815024004516,32.28021978021978,0.43358515062213243,1.1472189007201374,34.18093309302967,26.712066906970335,0.03484638791690992,0.04512383884068041,0.043950603045335386,5131500.0,-2.033240336845872,0,0,-1,0,0,0.007194244604316521,-0.5717779344171678,0.3959006451536197,0.7163187346379849,-0.1571790006325111,0.02856040138942495,1.2842922060767952,0.07729831144465286,0.0
2020-02-04,28.705,26.65,-0.040821994520255166,0.009097333560632637,0.011303812901200022,0.019660846458658024,0.07428217300774652,30.244500000000006,30.483249999999998,29.142333333333333,1,4,2,29.447005742339385,29.010730183746162,34.63705667881999,0.31908585547524027,0.981592291671158,34.12846932774528,26.838030672254718,0.03865097446068834,0.04491099988859699,0.04556034147791066,5706008.0,-0.9756614568923189,0,0,-1,0,0,0.008630393996247671,-0.5824595733883765,0.8718780513082621,0.712940021018863,-0.09874411302982744,0.02627815516624943,2.0368340488767296,0.07037101550252568,0.0
2020-02-05,30.05,28.705,0.07694726238158975,0.05092750126560801,0.07747434900031551,-0.3533697532448707,0.045791337361616544,30.047499999999996,30.51975,29.359333333333332,2,5,2,29.556641061914043,29.077779849310925,46.52974504249291,0.3330355717507487,0.8518809476870762,34.130381195729946,26.90911880427005,0.04280733936440153,0.04483599828158882,0.04596111865143574,6109495.0,-0.2602038117631839,0,0,-1,0,0,0.011322069325901511,-0.9114125468554172,0.9511622396241421,0.7117494074184201,-0.015077023926581501,0.024897680763983576,0.6160691545309667,0.045590682196339466,0.0
2020-02-06,29.9,30.05,0.036195393718291474,0.021935729757994765,0.031065819574890532,-0.3765203421591593,-0.00500418058457595,29.7875,30.54525,29.499333333333333,3,6,2,29.61906995974785,29.130826310645705,43.754565376186996,0.3282037475022115,0.7471455076501033,34.12939267073869,26.96110732926131,0.04220598605024719,0.04486451487974861,0.043283215707589966,5832604.0,-0.36005821155942724,0,0,-1,0,0,0.0016638935108153315,-1.1144177169344123,0.8096749785534284,0.7122020943802303,0.04217497385848712,0.01735284110241575,0.5203303870072276,0.037792642140468194,0.0
2020-02-07,28.95,29.9,-0.009681264064850044,-0.024255531958225995,-0.030026138316794956,0.04876763485100581,-0.03228827637763647,29.472500000000004,30.56275,29.609333333333332,4,7,2,29.497420876157328,29.119160097055662,44.30473372781066,0.24489444078324496,0.6466952942767317,34.110130760949865,27.015369239050138,0.04289493137024175,0.04504215456670071,0.043810286835109694,5541875.0,-0.9092624156692807,0,0,-1,0,0,-0.003010033444816049,-0.9811508784656523,0.8120472251903433,0.715022036988134,0.04136690647482011,0.012237762237762073,0.5188404583252132,0.04386873920552676,0.0
2020-02-10,29.97,28.95,-0.032040914015136306,0.007272759329079657,-0.0024241343167494293,-0.2173097913134539,0.03462667730956767,29.307499999999997,30.598249999999997,29.732666666666667,0,10,2,29.58334435321963,29.174052994019814,40.52132701421801,0.25820031796031273,0.5689962990134478,34.10471211714125,27.091787882858746,0.04506182205743308,0.04542813091157711,0.04402358535792951,5775819.0,-0.358338392951011,0,0,-1,0,0,-0.0027633851468047772,-1.0483850235218122,0.6836752385409519,0.7211492215111139,0.12457786116322711,0.024265208475734656,-0.23746790406466292,0.05204871538204868,0.0
2020-02-11,30.96,29.97,0.04834471884047971,0.03368194038677846,0.049447849002115546,0.12715058195288903,0.03249916739295455,29.2185,30.55575,29.833000000000002,1,11,2,29.83364537990697,29.289275381502407,46.01503759398495,0.3446570557148796,0.5241284503537342,34.02073162066962,27.090768379330378,0.04651856060009218,0.041545856323305194,0.042952758478100046,6041483.0,0.2333345710052442,0,0,-1,0,0,0.011011011011011073,-0.9226697602702552,0.5225618500721406,0.659520023020115,0.07855774255356218,-0.02672115686890908,-0.8477153138909872,0.036821705426356495,0.0
2020-02-12,34.28,30.96,0.03852232259760971,0.10510570612657137,0.037172249102552096,1.7925678080167993,0.10186604500805271,29.595499999999998,30.602749999999997,30.035500000000003,2,12,2,30.642073492651157,29.611257614953864,55.51425030978934,0.6733094051725601,0.5539646413174995,34.24758119961453,26.95791880038546,0.05530980692207864,0.04694319242842603,0.04688768642828378,7636756.0,2.017788917296854,0,0,-1,0,0,0.017118863049095528,2.7504400748443647,0.833099803743529,0.7452000774783932,0.1407653910149751,0.028194361127774403,0.7404074749407228,0.10134189031505261,0.0
2020-02-13,33.08,34.28,0.060082753103567615,-0.0008604618342460183,0.03424113187292982,-0.9892533783499363,-0.035633223574088546,30.0345,30.70525,30.223166666666664,3,13,2,31.085332857623673,29.835047446247163,52.892561983471076,0.8274010247741899,0.6086519180088376,34.512358966684545,26.898141033315458,0.05216929941358601,0.04476236477877498,0.04711925046485507,7043547.0,1.2475345574718721,0,0,-1,0,0,-0.024504084014002434,0.06393480185444485,0.9291233852886669,0.7105805117987721,0.10635451505016724,0.06606509829197549,0.608187454793495,0.07103990326481262,0.0
2020-02-14,33.01,33.08,-0.0102195058334835,-0.023223104611011625,0.007051999177397245,-0.6677299184774325,-0.002118324290388942,30.555500000000002,30.77525,30.458166666666667,4,14,2,31.435272338055732,30.03988309487638,54.2044767090139,0.9331149600771838,0.6735445264225068,34.7020050216431,26.848494978356896,0.05006160574214792,0.04464788600522846,0.04571009092345573,6739307.0,1.138217173051399,0,0,-1,0,0,0.0006045949214027547,-0.8018708863411179,0.8412008699674065,0.7087632176075735,0.1402417962003455,0.04428978171464726,0.6481115030873716,0.03998788245986066,0.0
2020-02-18,35.6,33.01,0.004521484718845837,0.05151353445010817,0.008518457352012518,0.8612815589406055,0.07553509199288327,31.450499999999998,31.03075,30.781166666666664,1,18,2,32.19249554931832,30.398600314561776,59.925886712546315,1.2119151662538634,0.7812186543887782,35.50602508710498,26.555474912895022,0.04847645933225493,0.04669189629223549,0.04737153734202824,7459197.0,2.041997379408386,0,0,-1,0,0,0.007270524083611088,0.46147372803062287,0.9181292552914503,0.7412108749876437,0.18785452118785462,0.1675959330928174,0.025257779794926796,0.07977528089887649,0.0
2020-02-19,34.76,35.6,0.0794641713542468,0.017968693542816338,0.015331729748780859,0.11802100666300806,-0.02387833746079359,32.056,31.15025,31.007499999999997,2,19,2,32.65931454035135,30.67998093942876,61.55519303969546,1.3495288301671735,0.8948806895444574,35.89558618685916,26.404913813140837,0.04815486524210823,0.04548717216745465,0.04600377359467947,6649128.0,1.521388520373396,0,0,-1,0,0,0.011235955056179735,0.6834987854219975,1.0139266394817843,0.7220864723919833,0.12273901808785515,0.07383379672536305,0.5730596174005892,0.08573072497123121,0.0
2020-02-20,33.67,34.76,-0.03505163805891877,-0.03996619643635902,-0.002987752446634671,-0.6329250019517755,-0.031860067224208075,32.418,31.23275,31.1525,3,20,2,32.84307553301474,30.872885394949485,64.09966024915062,1.3550149904392335,0.9869075497234128,36.09762028549952,26.367879714500486,0.049695589013859086,0.04607994393778688,0.045913809192904206,6218952.0,1.0019794391084162,0,0,-1,0,0,0.0,-0.4280097538690905,0.7483370529092007,0.7314964325230949,-0.0177946324387398,0.051530293566520946,1.8648025146468747,0.04900504900504896,0.0
2020-02-21,29.99,33.67,-0.031860067224208075,-0.02892883247921148,-0.12138016183723302,1.070083487482664,-0.11574324041206543,32.427,31.10725,31.172500000000003,4,21,2,32.324334527012056,30.81592504688823,55.354523227383844,1.0503102443225885,0.999588088643248,35.9639669710455,26.2505330289545,0.06295485047320488,0.05239635576146887,0.05048522939401219,4964721.0,-0.4600844589712595,0,0,-1,0,0,0.0,1.7682225542798142,1.0678743035265084,0.8317663617054779,-0.09340991535671106,-0.07723076923076932,0.15779698542275264,0.14904968322774256,0.0
2020-02-24,29.06,29.99,-0.16705408466316635,-0.09707545874210313,-0.05378572936130942,-0.827134391693886,-0.03150133461878085,32.438,30.95525,31.187833333333334,0,24,2,31.730819158464406,30.702639559992214,55.956500247157685,0.7254240729283801,0.9447552855002744,35.87107136950087,26.03942863049913,0.06290975141802604,0.0527423171163673,0.05057197627902266,4416245.0,-0.7710817206494369,0,0,-1,0,0,-0.050016672224074694,-0.19759227916429734,1.0611931865609694,0.8372583279552791,-0.11966070887609814,-0.09470404984423686,0.5858375854111025,0.09869580178940118,0.0
2020-02-25,27.59,29.06,0.051644233152338404,-0.019204451230282416,-0.02893511085945228,0.31861084838170267,-0.0519092699129421,32.2,30.753749999999997,31.132166666666667,1,25,2,30.97794294783451,30.50182410450885,47.16212776787987,0.3453517269878681,0.8248745737977932,35.88068904268109,25.626810957318902,0.06374438931223664,0.053736640494719004,0.051284544421362224,3661972.0,-1.234167199438961,0,0,-1,0,0,0.032346868547832114,0.3376962327707384,0.5566415415640096,0.8530427222466563,-0.2250000000000001,-0.12745098039215685,-1.8266746681733683,0.11163465023559255,0.0
2020-02-26,26.94,27.59,-0.08193338276268622,-0.06258417319067279,-0.020389955703049294,-0.2715669560156225,-0.02384121724697676,31.797999999999995,30.508249999999997,30.96983333333333,2,26,2,30.24377150277369,30.272029000992152,41.794195250659634,-0.008213236093592258,0.6582570118195161,35.87861044561152,25.137889554388472,0.06234905661512586,0.05379518911475566,0.048661610674154476,3087077.0,-1.3288679730671893,0,0,-1,0,0,0.0018122508155128927,-0.14599989838803823,0.5567464977237564,0.8539721527759943,-0.22497123130034513,-0.15416012558869696,-1.825987409415606,0.06644394951744614,0.0
2020-02-27,26.64,26.94,-0.07511036684699986,-0.01129556662153558,-0.04598511324182338,0.05016131691597018,-0.011198325310029563,31.034000000000002,30.314749999999997,30.746500000000005,3,27,2,29.588540320451198,30.03770454931524,41.46596858638744,-0.30906084835293157,0.46479343978502663,35.956850649300875,24.672649350699114,0.04636756208378229,0.053174039264889825,0.047649856461667306,2482609.0,-1.3026176696990819,0,0,-1,0,0,-0.048255382331106184,-0.07981414998723126,0.6131398521550118,0.8441117045980937,-0.20879120879120883,-0.12684365781710916,-1.536230393816484,0.10022522522522528,0.0
2020-02-28,27.53,26.64,0.01586413614690672,-0.0060530717130774115,0.010532572499893152,0.0365738845591038,0.032862473482327674,30.478999999999996,30.25675,30.629833333333334,4,28,2,29.214260262187345,29.87591715903684,46.27100840336135,-0.4702484551275923,0.27778506080250287,35.99225188232073,24.521248117679274,0.04949205099084459,0.052242767866380026,0.04665166082839363,3109594.0,-0.9508322221652513,0,0,-1,0,0,-0.02214714714714714,0.06647893503494497,0.4983283430924349,0.8293282294567081,-0.08202734244748244,-0.04043220634367373,1.1094037807887427,0.08100254268071196,0.0
2020-03-02,27.41,27.53,0.06177559067551107,0.0007140307336569734,0.013509421980344619,0.1843172195799407,-0.004368408839821558,29.919,30.23725,30.48983333333333,0,2,3,28.886212941789644,29.716825729421565,42.94377067254686,-0.6007487344510132,0.10207830175179966,36.01044894448744,24.464051055512556,0.049421744030991734,0.05176832553415641,0.04647264312698772,2355709.0,-0.9794396580424821,0,0,-1,0,0,0.006538321830730102,0.4329498301341868,0.485448171390883,0.8217966909216771,-0.05677907777013069,-0.014028776978417312,0.3879040201156818,0.06929952572053993,0.0
2020-03-03,26.58,27.41,0.010411151300316753,0.03437728907761305,0.007228648407582945,-0.2574867065842476,-0.03074885702959525,29.017000000000003,30.233749999999997,30.359500000000004,1,3,3,28.466901497827887,29.514449875910497,37.81979977753059,-0.7623572298246231,-0.07080880456348489,36.01618335684166,24.451316643158336,0.03620586193924429,0.0513534700965814,0.046360763365201695,1772962.0,-1.2637413263663309,0,0,-1,0,0,0.021524990879241146,-0.08113359588794765,0.39471054276666634,0.8152110650144789,-0.036607466473359995,-0.00262664165103188,1.3591628730484737,0.10120391271632811,0.0
2020-03-04,28.73,26.58,-0.02715098906595086,0.005844953893156112,0.025332061018404847,0.08232701072553476,0.07778281970609893,28.413999999999998,30.235000000000003,30.238166666666668,2,4,3,28.514737589131904,29.46384020649692,33.49196906603214,-0.7087757691649195,-0.1984021974837718,36.016052535745715,24.453947464254288,0.050089130840923646,0.051653737862071426,0.04741409063506126,2405715.0,-0.520666432520447,0,0,-1,0,0,0.025206922498118952,0.05958551619903,0.7000953822451177,0.819977668019773,0.06644394951744603,0.0008709284096848346,0.9937459544980823,0.07605290636964852,0.0
2020-03-05,27.43,28.73,0.027865019799607853,-0.027456112147733563,-0.011366935023183108,-0.37760489295933863,-0.04630456804168639,27.79,30.103999999999996,30.085166666666666,3,5,3,28.317512572926102,29.33262470930357,33.29390892962746,-0.7624224792558678,-0.311206253838191,36.019871248732365,24.188128751267627,0.05069801194612859,0.0514841829372323,0.04802535952141152,1971962.0,-0.9040088560321424,0,0,-1,0,0,-0.024712843717368635,-0.5411368928986597,0.8096617205411711,0.8172860670316295,0.029654654654654555,-0.08718801996672221,0.7209725432048497,0.061975938753189914,0.0
2020-03-06,25.22,27.43,-0.07443746144830063,0.0042194155427082896,-0.10502740439558551,1.275175551231145,-0.08399997441273842,27.313,29.869999999999997,29.842499999999998,4,6,3,27.75432846875772,29.067294082896886,29.55380577427823,-0.9720610985093927,-0.44337722277243136,36.177138812488536,23.56286118751146,0.045575533124321464,0.05431069284093025,0.049853827944120806,419417.0,-1.474519631878943,0,0,-1,0,0,-0.05176813707619388,2.277559324536228,0.9640186723336955,0.862155520732305,-0.08390846349436987,-0.15652173913043477,1.1351929859269863,0.17763679619349726,0.0
2020-03-09,23.16,25.22,-0.15418592330361433,-0.18442903913351943,-0.11032238444817657,-0.9580680663417156,-0.08521067783197893,26.723000000000003,29.5805,29.544500000000003,0,9,3,26.918996019892678,28.68617833561322,16.414686825054005,-1.28956074495008,-0.6126139272079612,36.561021696685295,22.599978303314707,0.05000141710296906,0.05660308874181046,0.05167342832588806,-176191.0,-1.8395473229597672,0,0,-1,0,0,-0.11603885804916722,-0.26159146463863925,1.0573951511508035,0.8985461774937025,-0.15505290040131336,-0.19999999999999996,1.643893973150412,0.09451640759930915,0.0
2020-03-10,24.29,23.16,0.07334192069465725,0.02910808415807055,0.06605984021694883,-0.2113336857460995,0.04763809030928652,26.393,29.2965,29.300166666666666,1,10,3,26.440996743548553,28.40255392686398,22.169059011164293,-1.4334757301107324,-0.7767862877885154,36.661867822308274,21.93113217769173,0.05330341777885406,0.05724553312926033,0.05274258316214007,305956.0,-1.3594704625168301,0,0,-1,0,0,0.035837651122625144,-0.6185422406903892,1.2017229106507032,0.9087446659759919,-0.08615500376222718,-0.1895228561895228,0.5512473485011863,0.058460271716755795,0.0
2020-03-11,22.31,24.29,-0.01893597501947252,-0.025317807984289897,-0.07263620308955329,0.4519526925194036,-0.08502973456964003,25.93,28.863999999999997,28.982166666666668,2,11,3,25.68990642653972,28.009485931582432,21.167512690355323,-1.6878424480558536,-0.9589975198419831,36.81098062490597,20.91701937509402,0.057741387922278065,0.05854492408030946,0.05435650555296804,-451679.0,-1.6494314782798507,0,0,-1,0,0,-0.03087690407575134,0.07872463828585836,0.8942880553347392,0.929371857849934,-0.2234597981204317,-0.2793927648578812,1.860015304940818,0.10847153742716263,0.0
2020-03-12,20.07,22.31,-0.16246895323648852,-0.11055825159948683,-0.06625579577706527,-0.1402159579286664,-0.10580884563619435,25.273000000000003,28.1535,28.634166666666665,3,12,3,24.66810525807795,27.497261032770666,22.83680175246441,-2.04658739860481,-1.1765154955945485,36.58762935013071,19.71937064986929,0.06333429103922869,0.05403426954224728,0.056529373105961046,-1110193.0,-1.9168546424711221,0,0,-1,0,0,-0.10309278350515452,-0.08921115215992585,0.9662507472356099,0.8577674369029094,-0.2683193583667517,-0.4145274212368728,2.1278990594795912,0.06477329347284508,0.0
2020-03-13,21.7,20.07,0.05493483184644958,0.022285044789434955,-0.011060947359424835,-0.25858546477016375,0.07808609773816713,24.69,27.5845,28.401166666666665,4,13,3,24.128449756609232,27.123244191946753,30.59071729957806,-2.174303956458214,-1.3760731877672816,36.153613385323226,19.015386614676768,0.06979944803690993,0.058930208525451395,0.05828519732877727,-601726.0,-1.373420967933203,0,0,-1,0,0,0.053313403089187854,-0.6048333738556961,1.3471021806328853,0.9354880588051365,-0.13957176843774777,-0.3440145102781137,0.6527397414992127,0.09216589861751152,0.0
2020-03-16,19.59,21.7,-0.09625670140835578,0.04532972575277848,-0.09708121126027826,0.3363657484125741,-0.10229302858996439,23.908,26.9135,28.1275,0,16,3,23.30327707358937,26.637228437627613,29.591836734693885,-2.417907482338137,-1.5844400466814528,35.78998881507829,18.03701118492171,0.07337966622490451,0.06127089536980018,0.06041656565264203,-1313504.0,-1.6500893883986505,0,0,-1,0,0,-0.1152073732718894,0.045149721470018375,1.3908960550205793,0.9726453105285011,-0.15414507772020725,-0.40654347167524985,0.6562577368547187,0.2470648289943849,0.0
2020-03-17,23.95,19.59,0.08196393785143033,0.05173198709035277,0.07897078131942334,-0.24253472343563132,0.2009490919004749,23.645,26.331,28.0375,1,17,3,23.420863060209484,26.46385886100648,43.586443586443586,-2.2334041766048784,-1.714232872666138,34.28882541044709,18.37317458955291,0.10860801655678128,0.07966094165786652,0.07347145994984135,-755017.0,-0.5984046839917363,0,0,-1,0,0,0.0638080653394589,-0.49285990582512007,2.275501411327894,1.2645782449916414,-0.013997529847673884,-0.327247191011236,1.1136476789455685,0.19102296450939454,0.0
2020-03-18,20.99,23.95,0.06771246158090696,-0.0214790316771243,-0.17049981782878784,0.6326807862555316,-0.13192219002438263,22.871000000000002,25.642500000000002,27.78033333333333,2,18,3,22.978887958353212,26.11070667642542,39.12206391990758,-2.2995237612685138,-1.8312910503866133,32.87984139904395,18.405158600956057,0.10981628348145693,0.0831738598589541,0.075227419439991,-1806453.0,-1.2856931139422552,0,0,-1,0,0,-0.06889352818371602,1.2384046266608006,2.3927806589690856,1.3203440926087822,-0.059166293142088766,-0.39614499424626004,1.0576242271388754,0.3387327298713673,0.0
2020-03-19,20.25,20.99,-0.08513787829476603,-0.08945252903015735,0.09763846956391607,-0.44848597875022667,-0.035891340279993446,22.153,24.9715,27.453666666666667,3,19,3,22.4827265113799,25.732596568268942,35.902401239349345,-2.38415279470847,-1.9418633992509848,31.531895607455038,18.41110439254496,0.10966466124638338,0.08320211737060049,0.07466489120602487,-2477894.0,-1.43939490314719,0,0,-1,0,0,-0.024297284421152837,-0.16189385274881005,2.2679904486672204,1.3207926666996972,0.008968609865470878,-0.3985743985743986,0.9098781556793728,0.16888888888888898,0.0
2020-03-20,19.5,20.25,0.003898640415657323,-0.030339227737145973,0.009917436657345924,-0.12737158147888106,-0.037740327982847086,21.581,24.447,27.106999999999996,4,20,3,21.94041260021992,25.330493563864497,35.04725897920605,-2.483116820398365,-2.050114083480461,30.995350053338036,17.898649946661962,0.10805571998008817,0.0807417718434103,0.07481307201900479,-3069035.0,-1.510914951004568,0,0,-1,0,0,0.015308641975308578,-0.3757016065810331,2.1864571840945555,1.2817358922742852,-0.10138248847926268,-0.34978326108702895,1.8097837065175417,0.13323589743589756,0.0
2020-03-23,16.47,19.5,-0.04883880348460009,-0.06227440480115377,-0.1304034576375618,0.2386997402305747,-0.16887392138015225,20.912,23.817500000000003,26.691,0,23,3,20.94579212745266,24.758848817808726,32.35602094240839,-2.774064512088188,-2.1949041692020064,30.8976661443485,16.737333855651507,0.1149900505231088,0.08636372705618288,0.07923968717248188,-3819546.0,-2.0755162662008715,0,0,-1,0,0,0.004102564102564015,0.23930654609619237,2.357976489814207,1.370981664523922,-0.15926493108728945,-0.4332415691672402,1.549911773832197,0.2167577413479051,0.0
2020-03-24,18.12,16.47,-0.08413687920619956,-0.06107160627520332,-0.02658384393893824,0.5075034378392969,0.09547575642528434,20.295,23.344,26.296,1,24,3,20.432011740643084,24.330535990853324,31.15452930728243,-2.8387777803683854,-2.323678891435282,30.625660886305926,16.062339113694076,0.11983879023309882,0.09045456317555486,0.08153184885499022,-2572843.0,-1.43483748599839,0,0,-1,0,0,0.09289617486338805,1.9496960865197284,1.576727541069118,1.4359216746809949,-0.2434237995824634,-0.3432403044581369,0.7864366380027049,0.15618101545253874,0.0
2020-03-25,18.97,18.12,0.011049836186584935,0.051521552808013356,0.06937765953761732,-0.6487271194974764,0.04584248333208942,19.961000000000002,22.9455,25.896333333333335,2,25,3,20.166191424162523,23.98469495918537,34.729241877256314,-2.789322047193398,-2.4168075225869057,30.270754010325458,15.62024598967454,0.11971036762305809,0.09155185363826246,0.08184360188480155,-1921178.0,-1.0854231114433042,0,0,-1,0,0,0.004415011037527499,-0.2573356536653759,1.5410788376247677,1.4533406207629584,-0.09623630300142927,-0.29584261321455096,-0.4071310245645424,0.14148128624143372,0.0
2020-03-26,22.6,18.97,0.056608812287230054,0.15475966969980803,0.11251618125323853,-0.051191132162328026,0.17509112233131754,20.214000000000002,22.7435,25.506999999999998,3,26,3,20.60870207431479,23.895359800528247,45.50137362637362,-2.4292148824871447,-2.4192889945669536,29.859617436384873,15.627382563615129,0.13026435629760938,0.10238152502632816,0.08736064306532336,-1302033.0,-0.040330981404629644,0,0,-1,0,0,0.0152872957301003,-0.3809628760205839,2.101575706224335,1.6252563244031997,0.11604938271604937,-0.15165165165165162,-0.35086001873361405,0.17433628318584074,0.0
2020-03-27,21.28,22.6,0.11928185417643432,0.014470763366024582,0.10835069302462529,-0.37705535494851666,-0.06018224180479651,20.172,22.430999999999997,25.113666666666667,4,27,3,20.730756242621194,23.72662691017159,46.687808315715294,-2.2246954242986305,-2.380370280513289,29.20267444114392,15.659325558856073,0.13038181984215155,0.10270393893887615,0.08769347412106686,-1726691.0,-0.3399454625304049,0,0,-1,0,0,-0.03982300884955761,-1.0361426125567748,2.1489536795011444,1.6303744865941754,0.09128205128205136,-0.2270250635670178,-0.23436601245528071,0.10009398496240596,0.0
2020-03-30,22.57,21.28,-0.01392133851860812,-0.016239110422766562,0.00812429797174305,0.003924863966740506,0.05885392635600073,20.47,22.189,24.765666666666664,0,30,3,21.06516419850825,23.65200581919278,46.98668535388928,-1.936200744244399,-2.291536373259511,28.544628752696703,15.833371247303297,0.12605780542906297,0.10384506838775008,0.08865526713705645,-1300363.0,0.11989372407516449,0,0,-1,0,0,0.005639097744360781,-0.9471747830644047,1.4359635834445468,1.648489355006891,0.37037037037037046,-0.17657789128055457,-0.07443028189428831,0.07044749667700487,0.0
2020-03-31,21.19,22.57,0.03850154735457585,0.017544309650909525,-0.030444487062330362,0.2254339963655418,-0.06309221854923654,20.194,21.919500000000003,24.285333333333334,1,31,3,21.08786161696129,23.49316673408357,47.99570508231926,-1.7981926530994095,-2.192867629227491,27.939398495384843,15.899601504615163,0.10603835699260686,0.10447254122578205,0.08756861831482506,-1834495.0,-0.24236289052357718,0,0,-1,0,0,-0.014621178555604866,-0.5567018572547342,1.64991193609252,1.658450177510174,0.16942604856512133,-0.20278404815650852,0.7514473329838564,0.1236432279377065,0.0
2020-04-01,17.53,21.19,-0.09522025579005626,-0.11946923910739626,-0.17781748573104575,-0.22189604283628322,-0.18961567334706458,19.848,21.3595,23.711000000000002,2,1,4,20.440977686604693,23.108446299626568,45.67438692098092,-1.9615402437624603,-2.146602152134485,26.764154816379158,15.954845183620844,0.11294506333709971,0.10864752687959105,0.09226485317251207,-2262334.0,-1.4171117786817584,0,0,-1,0,0,-0.045776309579990675,-0.8753047663182613,2.2017801824313983,1.7247260201136203,-0.07590933052187654,-0.3898364079359554,0.5484311046295609,0.1911009697661153,0.0
2020-04-02,16.5,17.53,-0.1416182636804505,-0.0982542447374743,-0.03762761001435629,0.30903019716810937,-0.06055331802660826,19.473,20.813,23.138666666666666,3,2,4,19.724436289040202,22.682094925457115,40.959666203059804,-2.1493306325296615,-2.1471478482135207,25.829591839507223,15.796408160492776,0.1137225065275757,0.10886152798602859,0.09253144464995285,-2845095.0,-1.7194940860182328,0,0,-1,0,0,0.0011409013120364845,-0.37504900574658384,1.3100730840628518,1.7281231823611787,-0.26991150442477885,-0.39846882974845055,0.12293040575600536,0.12545454545454549,0.0
2020-04-03,17.53,16.5,-0.05746011847340326,-0.038471156303380175,-0.040365616631448525,-0.5419452021064451,0.060553318026608266,19.276,20.4285,22.723333333333333,4,3,4,19.325447872851072,22.349701704459886,46.278901734104046,-2.1898008159509246,-2.1556784417610015,25.195470901835602,15.661529098164397,0.11585584900734361,0.10934137151657566,0.09209162956515093,-2506152.0,-1.2160762294076022,0,0,-1,0,0,0.004242424242424259,-1.362679317534934,1.5643498871452197,1.7357404622614834,-0.17622180451127822,-0.3049167327517842,-0.42275009223656645,0.11533371363377071,0.0
2020-04-06,18.96,17.53,0.11825231465135282,0.0697864836993207,0.0879087351221102,0.2267018243042671,0.07841779789373254,19.525,20.2185,22.386666666666667,0,6,4,19.259002805059968,22.131011271914087,39.919191919191924,-2.0824791554866593,-2.1410385845061333,24.84684413950434,15.590155860495656,0.1053181663993712,0.10999314708250524,0.09364352147628265,-2080963.0,-0.5438230010851236,0,0,-1,0,0,0.06389047347404435,-0.8980625002547139,1.6489135075824954,1.7460870786099516,-0.15994683207797955,-0.18134715025906734,-0.3042649487396474,0.09802215189873414,0.0
2020-04-07,18.69,18.96,0.04610559879876309,0.04664621407377132,0.062437868836319854,0.1327052422278755,-0.014342875359404244,19.582,19.938499999999998,22.09,1,7,4,19.15554774959452,21.909010544693825,44.786944696282866,-1.9962017388210782,-2.1120712153691223,24.19213386443069,15.684866135569305,0.10169615396186536,0.10929294918007436,0.09333447465769916,-2566492.0,-0.5870274874572899,0,0,-1,0,0,0.03006329113924052,-0.6223400565408813,1.6260733473615965,1.7349717814997845,-0.11798017932987259,-0.2305475504322766,-0.7632904637419621,0.08881219903691816,0.0
2020-04-08,19.18,18.69,-0.02593506358052943,-0.01663764115302325,-0.02428920652944887,0.12562790085130984,0.02587944798782054,19.603,19.782,21.831333333333337,2,8,4,19.159993613304604,21.732945348261968,47.54699679046308,-1.86676841535008,-2.063010655365314,23.896291395150637,15.667708604849363,0.10101935654460778,0.10809837681941731,0.09350447421121277,-2015970.0,-0.2926384848236834,0,0,-1,0,0,0.018191546281433914,-0.2789440059018812,0.9051017813898009,1.716008533163565,0.0941243582430118,-0.14029583146571045,-0.44260504686053825,0.09228362877997931,0.0
2020-04-09,21.23,19.18,0.031042326980311383,0.07632064331419691,0.05092143754786785,-0.16500243745059473,0.1015472062598727,19.466,19.84,21.651,3,9,4,19.536358410885583,21.700497261277327,53.742968411942876,-1.5805540631679627,-1.9665193369258436,24.003793816625464,15.676206183374536,0.08621641531227892,0.10810977970673434,0.095783420750051,-1549187.0,0.6676603411292455,0,0,-1,0,0,0.023461939520333645,-0.6165721248275708,0.7549279006516696,1.7161895483879788,0.2866666666666666,0.05779770802192319,-0.5074819384328089,0.11280734809232218,0.0
2020-04-13,19.07,21.23,0.07458089720391724,0.001412097198637167,-0.003462299796159731,-0.20851299012901164,-0.10729885610283707,19.244999999999997,19.7085,21.368999999999996,0,13,4,19.45156597254275,21.53078776054976,55.8453237410072,-1.5106077295418778,-1.8753370154490505,23.790270900505146,15.626729099494856,0.09031614404338573,0.10934949044486644,0.09717242345335587,-1928117.0,-0.31285440342621007,0,0,-1,0,0,-0.0037682524729157722,-0.9687113108634365,1.313176867807474,1.7358693462525019,0.08784940102681116,-0.1211981566820276,-0.6871233515927024,0.13057157839538552,0.0
2020-04-14,21.16,19.07,-0.08071275085726701,-0.0037700327405415183,0.03866730403660253,-0.3317994564132055,0.10399618737777093,19.104000000000003,19.787,21.160666666666668,1,14,4,19.76219034117134,21.506865969546553,56.70194003527337,-1.2718679213785151,-1.7546431966349436,23.919251075064103,15.654748924935893,0.09557083235377291,0.1095334272525208,0.09950538445572589,-1656185.0,0.6645288367327491,0,0,-1,0,0,0.023072889355007932,-1.2959566396372821,1.4079548618435498,1.7387892525525293,0.11603375527426163,0.08014293006636031,-0.5818588043365157,0.07892249527410199,0.0
2020-04-15,20.4,21.16,0.07359528308840306,-0.008534902449837444,-0.03543332747279247,0.5138548776370105,-0.03657770613992805,19.025,19.6095,20.954666666666665,2,15,4,19.878155733685638,21.435455261833873,53.1651173085436,-1.1309536224313952,-1.629905281794234,23.266467250835625,15.952532749164375,0.09416445839445868,0.09767870196307692,0.09956227775438746,-2110780.0,0.43232544662212485,0,0,-1,0,0,-0.00756143667296787,-0.48341181314646997,1.4540039918129208,1.550601322691389,0.09149277688603519,-0.1482254697286013,-0.3824547903337236,0.10633333333333334,0.0
2020-04-16,20.4,20.4,-0.03193304710300915,0.009714565203130916,0.045637367556248344,-0.15269879269629227,0.0,19.312,19.580000000000002,20.677,3,16,4,19.973036509379156,21.36865169655427,44.19831223628692,-1.0076623212912708,-1.5054566896936414,23.199403847393434,15.96059615260657,0.07216604956331725,0.0934960822760935,0.09826949632465339,-2110780.0,0.4531132941081067,0,0,-1,0,0,-0.002941176470588173,-0.6976747787140206,1.4599859692416,1.4842042935682633,0.06360792492179357,-0.02810862315388285,-0.09736658369287927,0.07327941176470577,0.0
2020-04-17,22.99,20.4,0.04282588509475091,0.08862133551773091,0.048519297038975936,0.40224206851926136,0.11952443792491947,19.961000000000002,19.717000000000002,20.529,4,17,4,20.52157532585567,21.47325481290561,54.22639644092931,-0.6929735546283133,-1.342960062680576,23.638042288930205,15.7959577110698,0.0741997583164984,0.09699554303616596,0.1009366502981736,-1527335.0,1.669454067986084,0,0,-1,0,0,0.04068627450980401,0.2609993720625962,1.543502128931197,1.5397565109321483,0.08290155440414493,0.13530864197530867,-0.008737491859186635,0.1078729882557634,0.0
2020-04-20,22.12,22.99,0.05364568314582932,-0.025793779722769083,0.024822276819139455,-0.43034331668104203,-0.03857716212095604,20.42,19.848000000000003,20.425666666666665,0,20,4,20.812197993881913,21.514980308847182,48.86420999495205,-0.5079271014920543,-1.1759534704428716,23.91101210537467,15.784987894625335,0.07698107064409801,0.09701664658093823,0.10007311734906525,-1906741.0,1.1183820973580327,0,0,-1,0,0,-0.02566333188342757,-0.6775004973103936,1.2687653780921795,1.540091519319644,0.15993707393812273,0.13435897435897437,0.48468759924138666,0.06193490054249536,0.0
2020-04-21,21.38,22.12,-0.037757498459929074,-0.03964170521238813,-0.050276416610470664,-0.26753355657322925,-0.034026271057234984,20.662,20.0935,20.366333333333333,1,21,4,20.91543472226702,21.506271901824785,50.49556598852374,-0.41619068263609904,-1.024000912881517,23.881126808716147,16.30587319128385,0.07637051319876288,0.08956714671144551,0.09909141162122954,-2197087.0,0.6793171898770415,0,0,-1,0,0,-0.024864376130198946,-1.0041389339720161,1.119189013519745,1.4218343750407292,0.010396975425330801,0.29811778992106874,1.9887522540417322,0.07167446211412531,0.0
2020-04-22,23.38,21.38,-0.033470010828438715,0.10063097683881791,0.0034644924531442665,1.6195708015537489,0.08942505044702309,21.131,20.3565,20.336000000000002,2,22,4,21.36353750003665,21.627157585578026,66.70474014848656,-0.18003034669327178,-0.855206799643868,24.29462819550234,16.41837180449766,0.07938723797701837,0.08925419774812088,0.10015102323086131,-730572.0,1.5355010552744728,0,0,-1,0,0,-0.024321796071094463,3.854643228780994,1.2029140461299892,1.4168664642606543,0.14607843137254894,0.2902869757174391,0.5595384469503287,0.16082121471343036,0.0
2020-04-23,21.46,23.38,0.11490257279102942,-0.010290263623766132,0.04492424072750922,-0.4544578819329226,-0.08569021884136988,21.359,20.481,20.307666666666666,3,23,4,21.38107613639362,21.61637322521815,63.47826086956522,-0.1461152077444119,-0.7133884812639768,24.391912667746087,16.570087332253916,0.08635379258108875,0.09158054190582268,0.10016883705690435,-1661504.0,0.5006504021805276,0,0,-1,0,0,0.0008554319931565259,1.5473584703950416,1.4476464690474968,1.4537960328920163,0.05196078431372553,0.13125988402741173,0.47718985295785527,0.1204240447343895,0.0
2020-04-24,20.73,21.46,-0.07312226482896261,-0.0712813900700454,-0.04393658632623642,-0.007231768363222603,-0.03460881075486417,21.309,20.3875,20.32966666666667,4,24,4,21.262698657049324,21.55918785584924,58.83977900552486,-0.17611200534579652,-0.6059331860803407,24.172494611690524,16.602505388309474,0.08094752607934111,0.08141025319319814,0.09851407853035953,-2585728.0,0.18097780057183624,0,0,-1,0,0,0.013513513513513473,1.3891444677033253,1.0481982547575373,1.2923477047200256,-0.09830361026533263,-0.08274336283185846,1.6634382854298384,0.08972503617945005,0.0
2020-04-27,21.2,20.73,-0.030340717052672272,-0.019169916107720286,0.016642576974998092,-0.4545448273429462,0.02241925523027843,21.522,20.3835,20.313,0,27,4,21.251298901222174,21.53601444579445,56.534422403733956,-0.16011391793553287,-0.5167693324513791,24.164690427977884,16.60230957202212,0.07261957601834343,0.08042050627711833,0.09754178173382906,-1999089.0,0.4318745725994279,0,0,-1,0,0,0.01784852870236377,0.15068549252012053,1.066734067556387,1.2766359595149839,-0.041591320072332794,-0.00375939849624074,0.7728100311955887,0.05188679245283009,0.0
2020-04-28,21.82,21.2,0.028039220064392908,0.036647394372227186,0.03576066387909826,-0.11200806357323763,0.02882579872695793,21.588,20.345999999999997,20.387333333333334,1,28,4,21.354699100999962,21.55433609445287,58.94797026872499,-0.09629645437551915,-0.43267475683620715,24.04997453668637,16.642025463313622,0.06475647503806437,0.07953701599041578,0.09574305181327603,-1474612.0,0.7959017997562501,0,0,-1,0,0,0.02358490566037736,-0.09107923304980105,1.06042278535379,1.2626109860088472,0.020579981290926197,-0.0332299512627382,-0.07406884726328372,0.053162236480293314,0.0
2020-04-29,24.05,21.82,0.03397835364184934,0.06617534163312926,0.05023887451362958,0.1395802956647425,0.09730801614684537,21.953,20.488999999999997,20.390666666666668,2,29,4,21.844753809909058,21.7153466690043,62.662506500260015,0.13269211626979427,-0.3196013822150069,24.535195874229462,16.442804125770532,0.06962776452461114,0.08115132867781333,0.08870364267393133,-871573.0,1.7601718308697252,0,0,-1,0,0,0.02887259395050408,0.1803626187670337,1.106292643238216,1.2882374054637489,0.028656971770744333,0.13496932515337412,0.0813251678846524,0.06652806652806659,0.0
2020-04-30,23.43,24.05,0.045709806961850036,-0.0004699648860537303,0.02767582745163537,-0.29183025280727465,-0.0261177440320659,22.256,20.784,20.472,3,30,4,22.132980389925592,21.82596946455241,56.17977528089887,0.26112826573527315,-0.2034554526249509,24.781864693216,16.786135306783997,0.07086410561268496,0.06961459351461663,0.08559696887884854,-1321980.0,1.3237066299367317,0,0,-1,0,0,-0.022869022869022898,-0.3757827438738085,0.864270499758176,1.105097412363153,0.09179869524697115,0.33656588705076995,0.8857735955344036,0.04091762697396502,0.0
2020-05-01,22.62,23.43,-0.025863510589919352,-0.04852812110552267,-0.08260954626947285,0.15974737330758348,-0.03518278183172989,22.219,21.09,20.551,4,1,5,22.22152940993912,21.877197241032903,60.79027355623101,0.29416367325682913,-0.10393162744859491,24.616274312403345,17.563725687596655,0.06043996931054566,0.06843172097191863,0.08558535860496272,-1850404.0,0.8677714008909443,0,0,-1,0,0,-0.022620571916346612,-0.08361142535085726,0.8664134126957785,1.0863198928791598,0.09117221418234456,0.3709090909090911,0.8773307450572866,0.07294429708222805,0.0
2020-05-04,21.87,22.62,-0.037370896734837546,-0.008771986072836994,0.005163118721568298,-0.5024971682686608,-0.03371863599929791,22.194,21.307,20.63,0,4,5,22.157614971768368,21.876732902901747,52.34943745863667,0.25686476264543145,-0.03177234942978963,24.420888075600708,18.19311192439929,0.06013145176039521,0.06850946996491955,0.08551903626570677,-2170110.0,0.3616058036327412,0,0,-1,0,0,-0.02475685234305934,-0.8331210950446185,0.9381865359518191,1.0875541198801566,0.03160377358490574,0.24757558471192231,1.3672267611465283,0.061271147690900765,0.0
2020-05-05,23.0,21.87,-0.014152256290663285,0.01790049979893244,0.01809374344269908,0.17791144951907678,0.05037838124047322,22.356,21.509,20.847666666666665,1,5,5,22.3107758859923,21.94920174787583,58.39793281653748,0.31485718581148703,0.0375535576184657,24.503703394503784,18.514296605496217,0.06081881865943279,0.06725584176501435,0.08011533944128568,-1788151.0,0.9957580458461764,0,0,-1,0,0,-0.0054869684499314585,-0.5980805102044437,0.9832229854764433,1.0676533891592364,0.054078826764436316,0.21308016877637126,0.957389990832878,0.05913043478260867,0.0
2020-05-06,21.75,23.0,0.04186972132485813,-0.00531483435584977,-0.01645650766591298,0.276582207829376,-0.055880458394456614,22.193,21.662,20.968666666666664,2,6,5,22.208816633993695,21.936350022206422,54.03466826060969,0.2569896291944431,0.08144077193366119,24.346941242128782,18.977058757871216,0.05573635517161149,0.06865673598151589,0.07936557303150908,-2291808.0,0.06555078272791494,0,0,-1,0,0,-0.013913043478260882,-0.1641477464088489,0.6512475081576525,1.0898918954190668,-0.09563409563409564,0.1637239165329052,1.850394109560151,0.07321839080459776,0.0
2020-05-07,23.0,21.75,-0.027717465034194935,0.0018471239021544217,0.009536064821339183,0.11510368660017284,0.05588045839445663,22.347,21.853,21.102999999999998,3,7,5,22.352668155085752,22.004972601418913,50.03248862897986,0.30843824290822397,0.12684026612857374,24.32995143695884,19.376048563041163,0.0518484078050144,0.06940167679091756,0.07956215858398237,-1726710.0,0.9261384643118126,0,0,-1,0,0,0.014252873563218332,0.05415205041559764,0.8395259104662662,1.1017174641579066,-0.018352539479300045,0.19916579770594378,0.4968682736447177,0.062173913043478246,0.0
2020-05-08,22.02,23.0,0.05210891815835414,0.016792644336977445,0.009216655104924048,-0.010221984352192532,-0.04354308463461583,22.476,21.8925,21.08366666666667,4,8,5,22.29218303597925,22.005942111004792,49.677419354838705,0.267055381938583,0.1548832892905756,24.35275993491912,19.432240065080876,0.05268896862304026,0.06656512902209011,0.07224986389275545,-2286061.0,0.10364758470465654,0,0,-1,0,0,0.010434782608695584,0.016889851264180293,0.8604948192733383,1.0566886642882714,-0.02652519893899208,0.03721149317004224,0.5276513717313063,0.07356948228882838,0.0
2020-05-11,21.45,22.02,-0.0639649621886671,-0.049452210771793875,-0.02320289707966387,-0.1368224980172195,-0.02622648592050792,22.501,22.011499999999998,21.089333333333332,0,11,5,22.139058847619385,21.97007487803674,50.2283105022831,0.18611946087190034,0.16113052360684055,24.098918703112787,19.92408129688721,0.05334617303660977,0.06225075405849994,0.07155796164359715,-2773885.0,-0.537985023476777,0,0,-1,0,0,-0.009990917347865525,-0.2629834381614871,0.8465120578250459,0.9882000849902136,-0.019204389574760006,0.12480335605663351,0.45655004550155637,0.04615384615384608,0.0
2020-05-12,20.49,21.45,-0.013857034661426241,-0.01309569403946163,-0.059480909907132694,0.36933613720656105,-0.04578768312321768,22.368,21.978,21.02,1,12,5,21.839229966234043,21.87458617622792,39.888033589923026,0.04400591062453074,0.1377056010103786,24.14301950884606,19.812980491153944,0.05433554313728957,0.05839980494046275,0.07120520800545097,-3479656.0,-1.374583456564876,0,0,-1,0,0,0.0023310023310023644,0.4626397163995411,0.7239749227861557,0.9270681629228741,-0.10913043478260875,-0.031663516068053066,1.9683211067200475,0.09419228892142507,0.0
2020-05-13,26.13,20.49,0.1528208923972568,0.22277984881883847,0.16455969574199397,2.014374947854948,0.24314711728171282,22.576,22.264499999999998,21.184666666666665,2,13,5,22.619369972373306,22.149129003568056,62.96501943364797,0.3820764235575105,0.18657976551980499,24.993374647561712,19.535625352438284,0.10034380185914904,0.08412280480879782,0.08626293968719458,1810832.0,2.8330359574807726,0,0,-1,0,0,0.2225475841874086,4.118494711336128,2.158048875124858,1.3354081266798448,0.2013793103448276,0.2808823529411766,1.7750369311539649,0.1465748182166092,0.0
2020-05-14,24.55,26.13,0.017804624633506686,-0.05611045352375544,0.00211104152707342,-1.289086999353238,-0.062372225291991504,22.688,22.472,21.41866666666667,3,14,5,22.970393613759978,22.304023906563664,60.127253446447504,0.5165524502308401,0.252574302462012,25.234840643441533,19.70915935655847,0.10238629194282359,0.08578034824903538,0.08026940673059423,353185.0,1.504248900444392,0,0,-1,0,0,-0.024110218140068848,0.5335156152329117,2.2707866396558134,1.3617208130607752,0.06739130434782603,0.20343137254901977,2.195224771465092,0.09287169042769847,0.0
2020-05-15,25.49,24.55,-0.03674534802649175,-0.005788169738997747,-0.016585538595022535,0.08089118666176075,0.03757436414749443,22.975,22.597,21.71833333333333,4,15,5,23.42850386580362,22.509570751301492,61.096740817382305,0.691010277963727,0.340261497562355,25.667594662104907,19.526405337895095,0.10154116089513057,0.08174990713994759,0.07917582777182372,1933643.0,1.884325557979596,0,0,-1,0,0,0.001221995926680146,0.5958166163307046,2.201134983795294,1.2977395439695494,0.15758401453224335,0.10874293170943883,1.8633750724523501,0.09886229894076107,0.0
2020-05-18,27.65,25.49,0.07332305416641971,0.08135168626229579,0.1206073264181453,-0.06456374621124508,0.08133950958031978,23.552999999999997,22.8735,22.05566666666667,0,18,5,24.19604861747569,22.84121134799172,63.967417345471965,0.9921266925354928,0.4706345365569826,26.672720280115623,19.074279719884377,0.10202379426067744,0.08271621827330156,0.07971602230024154,3415285.0,2.5144633097476685,0,0,-1,0,0,0.03766182816790902,0.45603032050701575,2.1429840682608443,1.3130792576573547,0.289044289044289,0.24999999999999978,1.2507023458837463,0.062235081374321904,0.0
2020-05-19,27.39,27.65,0.010530371846519213,0.012409306555199508,0.01211971192540379,-0.6899598613597395,-0.009447744693356986,23.991999999999997,23.174,22.336666666666666,1,19,5,24.776767050661928,23.134681583605158,58.83597883597884,1.195997083524361,0.6157070459504583,27.402327528019825,18.945672471980174,0.10227288300028126,0.08215997359398647,0.07894800539967131,2672099.0,1.9941690761001214,0,0,-1,0,0,-0.03327305605786612,-0.2408261105062508,2.0481534811211697,1.3042491471199311,0.33674963396778934,0.2811038353601498,1.3114766398151116,0.06389193136181087,0.0
2020-05-20,25.51,27.39,-0.026921057066468405,-0.07118494311569877,-0.074021318292516,1.262518960549313,-0.0711074511212667,24.368,23.2805,22.564,2,20,5,24.910082132359754,23.287927933049986,55.15873015873017,1.1921234914669334,0.7309903350537534,27.636057732127362,18.924942267872638,0.10354744517895273,0.08204462776041106,0.080260056588777,45447.0,1.0237494884087137,0,0,-1,0,0,-0.05001825483753198,1.3708639572561927,1.0365555921894247,1.3024180887774832,-0.023727516264829607,0.09110350727117211,0.4159008930814092,0.06664053312426496,0.0
2020-05-21,24.93,25.51,-0.01354247820131007,-0.02102925898349808,-0.01754073118682208,-1.0707394907816454,-0.02299863461825354,24.561,23.454,22.755666666666666,3,21,5,24.9137035628398,23.393868066401602,55.79528349222277,1.129235366732857,0.8106393413895742,27.78057102589394,19.12742897410606,0.10346322809582782,0.07967895445438208,0.08048642598805743,-854851.0,0.6822955135447168,0,0,-1,0,0,0.006272050176401416,-0.14086657368171046,0.9345865617463467,1.2648641892716233,0.01547861507128312,0.16169617893755817,0.29226317026516385,0.06337745687926187,0.0
2020-05-22,25.1,24.93,-0.020465098337300966,-0.028612573086951587,-0.03859539430258054,-0.4497706923946188,0.006795948602271686,24.869,23.6725,22.884666666666664,4,22,5,24.94757564232347,23.503941094375694,58.34625322997416,1.0806565183886931,0.864642776789398,27.858958747211645,19.486041252788354,0.10171021265333142,0.07900503128974411,0.0784537771600168,-280664.0,0.6819606193185471,0,0,-1,0,0,0.00882470918571997,-0.40955206074065975,0.8883618421917002,1.254165990693237,-0.015300117693212933,0.21080559575494462,0.8135244784675976,0.07051792828685256,0.0
2020-05-26,24.06,25.1,0.02706578236865299,0.0293850721597439,0.023352233367250785,0.07959903895345877,-0.04231713559120551,25.13,23.8155,23.051000000000002,1,26,5,24.786198252810113,23.539815862480488,52.751817237798534,0.9473180301602007,0.8811778274635587,27.838551865908407,19.792448134091593,0.10255942995864531,0.0798579275795279,0.07627752732443172,-902424.0,0.1215495142242172,0,0,-1,0,0,0.029482071713147345,-0.36980237494715107,0.4637430218995133,1.2677052995546223,-0.1298372513562387,0.1349056603773584,-0.504508153096703,0.08177888611803813,0.0
2020-05-27,24.01,24.06,-0.05980259135501999,-0.027002227505663508,-0.009336289333858843,0.06596891811565332,-0.002080300313370855,25.482000000000003,23.925,23.146,2,27,5,24.645071297753727,23.57015032296562,56.256921373200456,0.8280663025719512,0.8705555224852373,27.83704617344396,20.012953826556043,0.10063095764386507,0.07974903013179847,0.0739582095334408,-1566584.0,0.04345551981313726,0,0,-1,0,0,0.01163757273482964,-0.33974658292912624,0.483813603272076,1.265976606164012,-0.12340270171595469,0.10036663611365726,-0.5361578849731853,0.06247396917950854,0.0
2020-05-28,24.81,24.01,-0.0012332992313491499,-0.00039674668245091117,0.01631494041929514,0.44292129045259987,0.032776387470547584,25.35,23.963,23.293,3,28,5,24.675058334525776,23.650140624709778,55.13912549687677,0.7890164726658035,0.8542477125213506,27.89487299682448,20.031127003175524,0.047521236916679095,0.07688118730422011,0.07366361301164237,-532321.0,0.43083792415679,0,0,-1,0,0,0.012494793835901588,-0.0347980694380302,0.45307676356190396,1.2204510126380563,-0.027440219521756237,0.0316008316008316,0.11056730882915014,0.04433696090286167,0.0
2020-05-29,24.96,24.81,0.021567468737246125,-0.004374634139046687,0.004966897628336864,-0.10846975567104974,0.006027745797517466,25.391,24.0395,23.445,4,29,5,24.726865910066543,23.734647681180114,58.76042908224077,0.7613960478371595,0.8356773795845124,27.987213395452002,20.091786604548,0.043224964969073056,0.07655920392615029,0.0736465144384249,395626.0,0.46634591105852335,0,0,-1,0,0,0.0012091898428053663,-0.1504135015309908,0.42838588870640915,1.2153396849700409,0.001203369434416457,0.0653008962868118,-0.811738577721808,0.03485576923076927,0.0
2020-06-01,24.0,24.96,0.02229391695921276,0.02129417999764878,-0.017493157447517116,-0.12240400771701747,-0.039220713153281385,25.241999999999997,24.1085,23.478666666666665,0,1,6,24.594708471872625,23.751767185620107,57.425742574257434,0.6544980392353779,0.7994415115146855,27.999581705914803,20.217418294085196,0.04297584053060341,0.07667170779842626,0.0706547232066246,-425413.0,-0.055768553939676654,0,0,-1,0,0,0.017628205128205038,-0.2594435666145134,0.500994065722733,1.217125628575485,-0.043824701195219196,0.06100795755968158,0.18716152596866578,0.07624999999999993,0.0
2020-06-02,24.39,24.0,-0.03689271638036552,-0.032919887205043144,-0.0126851595273158,-0.5911922959833011,0.01611938187988339,24.916,24.2345,23.554333333333332,1,2,6,24.557488749713965,23.792943496225263,61.74698795180724,0.5943984821914157,0.7584329056500315,27.980888998264245,20.488111001735756,0.03077994464160803,0.0761554662946407,0.07024836498682441,29169.0,0.08301326961617991,0,0,-1,0,0,0.020000000000000018,-0.5942562284393889,0.4236557061807373,1.2089305487626854,0.013715710723191998,0.11522633744855959,-0.9055145347745788,0.05330053300533008,0.0
2020-06-03,24.35,24.39,-0.0004085801895451478,0.0036224632085641757,0.0248005465680924,0.12481576937430454,-0.0016413626992300952,24.612000000000002,24.302,23.653333333333332,2,3,6,24.519763522493243,23.828882625501052,41.909090909090914,0.5373472795821357,0.7142157804364524,28.00310993309327,20.60089006690673,0.030951030532579873,0.07547471059669383,0.06987993201633524,-485845.0,0.025938164965494514,0,0,-1,0,0,0.0032800328003279333,-0.5482362462528323,0.4233351693126094,1.1981238870805395,0.014160766347355302,0.05869565217391304,-0.9233155085901582,0.03285010266940455,0.0
2020-06-04,24.62,24.35,0.011377611560119016,0.010192953244427466,-0.011275403791051635,0.285528357044777,0.011027271227708696,24.523000000000003,24.4455,23.694666666666667,3,4,6,24.53798833658538,23.87992245611389,50.36119711042312,0.5080638897363237,0.6729854022964267,27.947171630882295,20.943828369117703,0.024019711772250842,0.07416038491308306,0.06793322612962516,199363.0,0.09966668402658543,0,0,-1,0,0,0.01642710472279255,-0.4052835874638374,0.3456600225239275,1.1772596136770652,-0.007658202337766928,0.1319540229885059,-1.7503369732904586,0.05381803411860273,0.0
2020-06-05,24.9,24.62,0.0024213086890103454,-0.0019904465170311014,0.011686276569455263,0.010548250425262237,0.011308682714354356,24.520000000000003,24.5405,23.80933333333333,4,5,6,24.6038086390244,23.945733910558154,46.733111849390916,0.5016673433928958,0.6387217905157205,27.97958479257576,21.101415207424242,0.023363138920864508,0.07327119883761199,0.06597353371601847,891837.0,0.2090672499707363,0,0,-1,0,0,0.007717303005686341,-0.4056014714939049,0.3547826322457525,1.1631442223273174,-0.0024038461538462563,0.08260869565217388,-1.7956421400163014,0.03995983935742962,0.0
2020-06-08,24.85,24.9,0.014803230912491507,0.010110106930295234,-0.023086020034182586,0.795900954777099,-0.0020100509280241118,24.495,24.682,23.946666666666665,0,8,6,24.648570704656326,24.00407365826408,29.76878612716763,0.4869501934840237,0.6083674711093812,27.910886723575747,21.45311327642425,0.0232487262039105,0.07240347914065696,0.0655467409074732,-642988.0,0.10406063413333715,0,0,-1,0,0,0.01124497991967876,0.3132745513076608,0.1321480942432165,1.1493695991721855,0.03541666666666665,0.1285195277020892,-0.3199878207013268,0.07243460764587528,0.0
2020-06-09,24.83,24.85,-0.01601315241520468,0.021058751063906443,0.035867063942441935,-0.08044337648843725,-0.0008051530225625863,24.572,24.851000000000003,24.067666666666664,1,9,6,24.681557849264266,24.057359228698655,30.838323353293404,0.46827493137896425,0.5803489631632978,27.69897176213077,22.003028237869234,0.018392683373532105,0.07199657368199346,0.06550502847440676,-2059182.0,-0.014747337230824773,0,0,-1,0,0,-0.0028169014084507157,0.16508688234069657,0.11078153117023096,1.1429101752677555,0.018040180401803996,0.15757575757575748,0.591951420875073,0.05958517921868714,0.0
2020-06-10,24.74,24.83,-0.006071664068549907,-0.022637906544066,-0.012781043908259343,-0.724734031516638,-0.0036312325557333824,24.645,25.063499999999998,24.165,2,10,6,24.69218369485258,24.101400568782616,42.12678936605313,0.44112736213563863,0.5525046429577659,27.043284943131976,23.08371505686802,0.018449421569368393,0.0709438490521152,0.06539780234862869,-2745262.0,-0.32680317235692175,0,0,-1,0,0,-0.008054772452678183,-0.5041239777901116,0.11739596502586973,1.1261986898496132,0.01601642710472273,0.20741825280624693,0.5257242801244727,0.048908649959579525,0.0
2020-06-11,21.91,24.74,-0.025911381784500895,-0.04815820269804785,-0.12773907192001827,0.5556985439872625,-0.12147821335696667,24.354999999999997,24.8525,24.093666666666667,3,11,6,24.18633211397029,23.960019886925675,28.851540616246496,0.1890758208522847,0.4798188785366697,27.216019899596564,22.488980100403435,0.03914093403684487,0.04254449460724366,0.06636769966237585,-3941208.0,-2.489930379263793,0,0,-1,0,0,-0.02991107518189161,0.313521555338016,0.8262412277672301,0.6753729143141719,-0.11007311129163289,-0.16150019135093763,-2.16100900961108,0.13281606572341398,0.0
2020-06-12,22.56,21.91,-0.056129531556195246,-0.027322622763544642,0.002354604337210835,-0.37974365308747593,0.02923527302248286,24.115000000000002,24.753,24.064666666666668,4,12,6,23.89063536597569,23.869696023253052,33.3333333333333,0.04129668371174233,0.39211443957168424,27.328210568804757,22.177789431195244,0.04099417492851941,0.04144132259779054,0.06643014070874735,-3123137.0,-1.703161696030045,0,0,-1,0,0,0.03560018256503885,-0.3478912647518227,0.8810312223273378,0.6578606015721299,-0.09397590361445785,-0.08105906313645628,-1.868280833171563,0.09795656028368784,0.0
2020-06-15,22.61,22.56,-0.04277041709868706,-0.02895821313504494,0.014944220825746724,-0.23992454402270685,0.002213859660020298,23.976,24.609,24.064333333333334,0,15,6,23.65779257216193,23.788425312075436,39.06485671191553,-0.0709667050304148,0.2994982106512645,27.328720573882457,21.889279426117547,0.039774095048335095,0.04030156955082656,0.06609531840493016,-2479571.0,-1.4700039549624688,0,0,-1,0,0,-0.03634751773049647,-0.6091981317554449,0.8864259315043141,0.639767582862361,-0.09014084507042264,-0.11298548450372692,-1.8997942235739067,0.05395400265369302,0.0
2020-06-16,23.38,22.61,0.07315469890302444,0.05462108448022516,0.06328774503554142,-0.1792682614267865,0.033488669754043826,23.875,24.395500000000002,24.11466666666667,1,16,6,23.60728483176885,23.76207529194154,45.7142857142857,-0.09668911267705482,0.2202607459856006,26.756868693207966,22.034131306792037,0.04121294336032259,0.035677766657281645,0.0660042236262074,-1941626.0,-0.8600944045043861,0,0,-1,0,0,0.034498009730207925,-0.7364098383299381,0.9590812581874564,0.5663669874561568,-0.058397100281917025,-0.1544303797468355,-1.8315226137137244,0.04662104362703165,0.0
2020-06-17,22.55,23.38,-0.0038552200244328133,-0.012957339068517692,-0.030024330330648975,0.3358865033919988,-0.0361458900952349,23.695,24.1535,24.099666666666668,2,17,6,23.415051225992695,23.683876886009827,34.68834688346884,-0.18195095214177925,0.13981840636012466,26.192790640342626,22.114209359657377,0.04242482592253178,0.03621577476491458,0.0657591631741962,-2694308.0,-1.572605658338718,0,0,-1,0,0,-0.0034217279726261036,-0.3062528508069095,0.971480199938148,0.574907601392956,-0.08852061438965231,-0.17670682730923692,-1.2683313917906476,0.06474501108647454,0.0
2020-06-18,23.07,22.55,-0.041627039512076976,-0.005484088834205018,-0.009457399920733906,0.5047825459788021,0.022798006236974845,23.54,24.0315,24.143666666666668,3,18,6,23.35231463944857,23.644271925622096,37.80645161290321,-0.20519654201138948,0.07081541668582184,26.02041956917095,22.04258043082905,0.043148204474604164,0.03400864723013828,0.06501644225031564,-1447396.0,-0.9668565938046331,0,0,-1,0,0,-0.008869179600886887,1.346938789930175,0.45349783697716395,0.539870537980029,0.0529438612505706,-0.09564876519012155,-1.389867160368519,0.06675335934113563,0.0
2020-06-19,23.88,23.07,0.0441988369004484,0.045481174426444296,0.049436367746038136,-0.2666522551462917,0.034508216338738996,23.438,23.979,24.173000000000002,4,19,6,23.4482574322761,23.659480188485187,49.21052631578947,-0.15645509200026808,0.02536131494860385,25.922982889246658,22.03501711075334,0.04480652312702052,0.03482078899419911,0.06450658450850216,-492337.0,-0.10185274834220903,0,0,-1,0,0,0.012570437798006031,0.3798609030399186,0.4692159092592279,0.5527628888022346,0.0585106382978724,-0.042117930204572884,-1.3144871206397861,0.06365159128978223,0.0
2020-06-22,24.34,23.88,0.014871742117287822,-0.013633337625230961,0.015808917149838227,-0.11296785124586381,0.019079799034979732,23.387,23.941,24.250333333333334,0,22,6,23.610392444589536,23.703384692453884,49.67405475880052,-0.07978922555849977,0.00433120684718313,25.821390776855647,22.06060922314435,0.04537188141133319,0.03508829215400914,0.0639819048251972,360702.0,0.4243798734933177,0,0,-1,0,0,-0.007118927973199253,0.0006703623499503895,0.4628709834376209,0.5570093698169224,0.07651481645289704,-0.030278884462151434,-1.9354861744551308,0.033483976992604816,0.0
2020-06-23,25.08,24.34,0.02540215702065222,0.03925223204886172,0.030476163678382663,0.6402217910630261,0.029949628205338853,23.412,23.992,24.371333333333332,1,23,6,23.877593818300525,23.79219858326331,54.36081242532855,0.040217242172893464,0.011508413912325197,25.94009056311683,22.043909436883173,0.04645437160427222,0.03439317371346616,0.06386539485670178,1978833.0,1.1169911918871602,0,0,-1,0,0,-0.0008216926869350688,2.1094828399847665,0.4541387342854562,0.5459747066644519,0.07271171941830623,0.04239401496259343,-1.9783546390335234,0.04234449760765555,0.0
2020-06-24,25.83,25.08,0.0275767677702344,0.05622555956690099,0.007410794471890321,-0.12321768703611953,0.02946589134302914,23.520999999999997,24.083000000000002,24.549333333333333,2,24,6,24.2325767604277,23.923669642407617,56.83615819209038,0.1936101471798466,0.04792876056582948,26.197552086451257,21.968447913548747,0.04720514082667566,0.03490069745022363,0.0632292014710969,3409376.0,1.6523593920373914,0,0,-1,0,0,-0.0031897926634768064,1.3837986773946789,0.10029808300549785,0.5540313962159867,0.14545454545454528,0.07580174927113692,-0.31433098372108825,0.09094463801780875,0.0
2020-06-25,25.66,25.83,0.03922071315328133,-0.02259983191724103,0.010923391931411699,-0.3502555800749789,-0.006603247920258663,23.896,24.1255,24.533666666666665,3,25,6,24.492108258531758,24.035690955800675,54.34782608695654,0.2980221366048994,0.09794743577364347,26.333671189015824,21.917328810984174,0.02283080478042986,0.03428756271117798,0.03847846294398333,2401547.0,1.3898378962945561,0,0,-1,0,0,0.006581494386372502,0.1928741755965245,0.26665376944452357,0.544298183977851,0.11226701343736445,0.03426037887948419,-1.6475102322555828,0.05767731878409978,0.0
2020-06-26,24.69,25.66,-0.023347363996991177,-0.02351235698516339,-0.029498246949497906,1.020984483648882,-0.03853505583040218,24.109,24.112,24.538333333333334,4,26,6,24.528088575162347,24.077904442523213,49.17184265010352,0.2990512207800293,0.13816819277492065,26.30191564365282,21.922084356347177,0.027819728021638138,0.0354167607618011,0.03745664165253661,-396112.0,0.527874214402056,0,0,-1,0,0,-0.010132501948558128,3.2354659216914907,0.46379261157820506,0.5622236473151773,0.03391959798994981,-0.01081730769230771,-1.105009866208477,0.06439854191980558,0.0
2020-06-29,24.4,24.69,-0.023905520853554366,-0.007045038923208785,-0.015081978381076094,-1.9065744287734843,-0.011815171057932115,24.288,24.131999999999998,24.502000000000002,0,29,6,24.504799743314646,24.098684801070103,47.83484390735146,0.273315589056498,0.16519767203123611,26.324912986969753,21.939087013030242,0.02856149956494826,0.034375144271525555,0.03684255594624772,-811812.0,0.2444237428410988,0,0,-1,0,0,0.004455245038477093,-1.064530413375908,0.46454070467322217,0.5456884981465392,0.0024650780608053147,0.016666666666666607,-0.1607730573064137,0.07254098360655736,0.0
2020-06-30,25.81,24.4,-0.029462032730316334,0.021372486331299644,0.010915305686229981,0.4549766862802679,0.05617888143136626,24.531,24.203,24.440666666666665,1,30,6,24.7421088808938,24.209092233259128,54.75555555555556,0.3625162697396931,0.2046613915729275,26.51955006648375,21.88644993351625,0.031770985233939904,0.03650726937738704,0.034965968509682165,-156612.0,1.387407959146107,0,0,-1,0,0,-0.013114754098360668,-0.6659013781895838,0.5963318007160654,0.5795349349116596,0.029106858054226414,0.058220582205821936,0.43730249360927415,0.07981402557148401,0.0
2020-07-01,26.61,25.81,0.07671491758086182,0.0288007780717008,0.05799313842931733,0.3548570532600503,0.030525071259075442,24.937,24.316,24.414666666666665,2,1,7,25.081725448004015,24.363989508532732,75.48806941431671,0.4920892672010062,0.26214696669854326,26.870957204296975,21.761042795703023,0.027811033814155808,0.036991982192003,0.03543319869503232,777688.0,1.7957247942485364,0,0,-1,0,0,0.007361487795428179,-0.20301277732610207,0.5990960042191485,0.5872295123002196,0.030197444831591147,0.09281314168377808,0.41714718078250795,0.05223600150319431,0.0
2020-07-02,26.31,26.61,0.01904819497069441,0.005959049291246376,0.01136153259680762,-0.29732562529210543,-0.011337989937396499,25.261000000000003,24.4005,24.441333333333333,3,2,7,25.305048093821462,24.48953857249836,71.13866967305525,0.5640670940758135,0.32253099217399733,27.105189689370853,21.69581031062915,0.02907576288502471,0.03713985941974975,0.033090589378169326,83688.0,1.411991924621987,0,0,-1,0,0,-0.004133784291619671,-0.6494317116916286,0.6064473383017279,0.589576990515345,0.025331254871395092,0.06864337936636877,0.4996894117503982,0.047890535917901864,0.0
2020-07-06,26.85,26.31,0.005269112680011817,0.003706453464848742,0.012773543138432927,-0.01890965435729213,0.020316725902672406,25.558,24.497999999999998,24.505333333333336,0,6,7,25.585948440399378,24.641826406530726,72.64957264957266,0.6571087864241605,0.38944655102403003,27.41106747351699,21.584932526483005,0.028230687512031602,0.03729147755145553,0.03293683451334587,764688.0,1.6147926688154577,0,0,-1,0,0,0.012542759407069627,-0.6719705763829261,0.4693911169789205,0.5919838537397953,0.08748481166464162,0.07831325301204828,0.3478016950278409,0.03836126629422723,0.0
2020-07-07,25.94,26.85,-0.0030075210639553284,-0.014533514616167907,-0.020595249030116468,-0.18496822794632942,-0.03447964206657589,25.718,24.552500000000002,24.533333333333335,1,7,7,25.650321451235854,24.72557954159326,63.47368421052632,0.6499236874215875,0.4415419783035415,27.53329378336491,21.571706216635093,0.031551005918718365,0.03825181075027354,0.03360668163428955,198688.0,0.9309600736175061,0,0,-1,0,0,-0.010800744878957269,-0.7996069898837966,0.5709455202339642,0.6072286706587849,0.06311475409836076,0.04386317907444659,-0.16707189971620723,0.04510408635312265,0.0
2020-07-08,25.87,25.94,-0.031360122440252554,-0.013225206930398652,-0.012245857159125764,0.39218533030975156,-0.0027021826903600847,25.797000000000004,24.604499999999998,24.593666666666664,2,8,7,25.690263005556606,24.799413119554984,68.99313501144164,0.6313037530187593,0.4794943332465851,27.641433876201546,21.56756612379845,0.03052298712840059,0.038263724078196275,0.03262359040288021,-639112.0,0.8334063575877589,0,0,-1,0,0,-0.0077101002313031165,-0.24326681611450632,0.409547685176381,0.6074177888766092,0.0023246803564511698,0.041884816753926746,-0.18926976891089856,0.043679938152299924,0.0
2020-07-09,26.11,25.87,-0.007800351563587293,-0.00533944823085799,0.0019853093675886026,-0.265101356135694,0.00923438651309967,25.825,24.673000000000002,24.663666666666664,3,9,7,25.76657882272813,24.88396711184176,67.96690307328603,0.6286664397057926,0.5093287545384266,27.783708837818757,21.562291162181246,0.02921075406293655,0.03825892891915386,0.03262908931132588,3588.0,0.9239051771927519,0,0,-1,0,0,-0.012756088132972626,-0.6068115024424042,0.329670346922554,0.6073416680866699,-0.018789928598271333,0.05537590945836701,-0.5585629276856738,0.03600153198008417,0.0
2020-07-10,26.81,26.11,0.02627662773116064,0.0629837758623612,0.021582160036324422,0.4803359387219868,0.026456569536830465,25.939999999999998,24.918,24.73033333333333,4,10,7,25.956291764050285,25.00822729817455,67.54491017964071,0.6752763345209196,0.5425182705349253,27.880769685703864,21.955230314296134,0.030084913544158775,0.026638469147308944,0.032443897686424576,1042588.0,1.2771833120403469,0,0,-1,0,0,0.004212945231711966,0.15670852162021537,0.38081134207598283,0.42287258802747774,0.01900418091980227,0.22364217252396168,-1.1532308918261653,0.07795598657217456,0.0
2020-07-13,25.31,26.81,0.033748984736641036,-0.0003591309070741944,-0.019996745514784052,-0.2079799869353065,-0.0575753776908353,26.002,25.055500000000002,24.742,0,13,7,25.838784170586596,25.027696504743936,55.16506922257721,0.5844404819171451,0.5509027128113693,27.805079680797064,22.30592031920294,0.03331409664783798,0.030053094934794074,0.03417868702886742,198688.0,0.18511920332944923,0,0,-1,0,0,0.011562849682954207,-0.2158230801338205,0.5297012671749414,0.4770780919516802,-0.05735567970204847,0.12189716312056742,-0.40339974824023805,0.10233109442907941,0.0
2020-07-14,24.77,25.31,-0.07144530735082598,-0.09606477478434519,-0.04412778265475467,-0.5880710992352604,-0.021566331055764408,26.038999999999998,25.1635,24.767666666666667,1,14,7,25.644459775934486,25.011070923792715,48.31338411316649,0.46353557766157394,0.5334292857814102,27.667335163567124,22.659664836432874,0.03391775534860528,0.03067236969586628,0.03363473496656738,-270012.0,-0.31431781590557595,0,0,-1,0,0,-0.0023706045041485073,-0.8993713377700285,0.5027639669926252,0.48690877401777616,-0.045104086353122685,0.09553295002211404,-0.7311478738578798,0.04561970125151389,0.0
2020-07-15,25.86,24.77,-0.013958352250706914,0.027687477339608357,0.018048069871703067,0.3620795573879905,0.043064129842443316,26.044,25.2875,24.816666666666666,2,15,7,25.68364890758276,25.06584054161254,50.157397691500535,0.45047862329995425,0.5168391532851191,27.661720093553036,22.913279906446967,0.03160105081165575,0.03124342055958792,0.03442354900987591,403188.0,0.4822636296900752,0,0,-1,0,0,0.005248284214775898,-0.5336715716868484,0.6312585287828526,0.49597392544603275,-0.00038654812524163695,0.10607356715141147,-0.5978495765783722,0.054137664346481,0.0
2020-07-16,25.42,25.86,0.03937516523483019,0.01375117161282442,0.02489088759845633,-0.40479688222295857,-0.017161107582403308,25.925,25.430999999999997,24.85233333333333,3,16,7,25.635712742567712,25.088689538927863,48.77551020408165,0.40001544112717013,0.4934744108535293,27.42505326434677,23.436946735653226,0.030088678315399853,0.03022285598032323,0.034601958652438064,-45912.0,-0.011032804586189587,0,0,-1,0,0,0.0015467904098994257,-0.9105349451863229,0.6359666208809835,0.4797729650043389,-0.02642665645346598,0.1272727272727272,0.03684284516150728,0.044846577498033065,0.0
2020-07-17,26.36,25.42,-0.012823179402396698,0.02398915637002258,0.009078412459758219,0.5426452948458458,0.03631144387299838,25.93,25.595499999999998,24.91033333333333,4,17,7,25.767401334828126,25.170709568674454,58.54657113613101,0.43090593439776015,0.4809607155623755,27.28974381517611,23.901256184823886,0.03258562921701795,0.030780756355567436,0.03515412265902343,726788.0,0.9024675116438701,0,0,-1,0,0,0.00590086546026745,-0.26885088066962015,0.6708465709198687,0.4886293588998137,-0.0167847817978366,0.1426094495015171,0.017489107580408735,0.05880121396054631,0.0
2020-07-20,26.1,26.36,0.021664290229425735,-0.01718383710026766,0.006267157214902093,-0.3071376136194486,-0.009912395305658621,25.855,25.7065,24.950333333333333,0,20,7,25.82787381940483,25.230663790050297,58.72689938398359,0.42945653813514184,0.4706598800769288,27.207366767115225,24.20563323288477,0.031938913975300784,0.03026820427191816,0.03519128533160669,158429.0,0.5243636658786686,0,0,-1,0,0,-0.008725341426403658,-0.6078423602317362,0.49765175931964317,0.4804928468159899,0.031212959304622867,0.09296482412060314,0.5609898017457353,0.03563218390804596,0.0
2020-07-21,25.83,26.1,0.00952206775664742,0.01198516219103014,0.001950458976056628,0.03786745655167148,-0.010398707220898735,25.844,25.781,24.983,1,21,7,25.82826039769486,25.26933064230512,50.116279069767444,0.4018884181215796,0.456905587685859,27.137216098290562,24.424783901709436,0.030175933627322446,0.03025225449643616,0.03525839652669327,-431865.0,0.07225987077098013,0,0,-1,0,0,0.010727969348658911,-0.5387772708098437,0.46381405924513663,0.48023965197963375,0.042793702058942173,0.06121610517666376,0.5976686162844697,0.04645760743321716,0.0
2020-07-22,25.65,25.83,-0.014509609267686402,-0.03254165307360942,-0.012351887263177779,-0.40856072730063775,-0.006993035490970525,25.821999999999996,25.809499999999996,25.010333333333335,2,22,7,25.79584941629579,25.293889955704792,43.98496240601503,0.3613505643431907,0.4377945830173254,27.127097095193545,24.491902904806448,0.030248274974202755,0.02964527102119944,0.035292691650838634,-824178.0,-0.24210739471396323,0,0,-1,0,0,0.006581494386372502,-0.816529089209107,0.345921148044711,0.4706040880272212,-0.008120649651972234,0.022727272727272707,2.0725849866818047,0.025536062378167686,0.0
2020-07-23,27.18,25.65,-0.015504186535965199,0.06513930217096145,-0.0029635505242097794,1.119127894427798,0.05793783710621908,25.928999999999995,25.877,25.091666666666665,3,23,7,26.047513158787464,25.41557447469158,54.72312703583063,0.44752346449580926,0.4397403593130222,27.330346048551895,24.423653951448102,0.03574171035577005,0.031810179587475874,0.036820927891020115,377156.0,1.7931035781853903,0,0,-1,0,0,-0.0019493177387913123,0.755462275979547,0.5152264179065947,0.5049709460925863,0.06923682140047194,0.05226480836236935,0.8702647433826716,0.09124356144223696,0.0
2020-07-24,26.84,27.18,0.054355008802839486,-0.021560495766348907,0.03155081565834923,-0.8934675861138549,-0.012588096619516636,25.932,25.936,25.255999999999997,4,24,7,26.191601675371558,25.50747289567922,49.94450610432851,0.48281535533337916,0.4483553585170936,27.446920249384227,24.425079750615772,0.03518494115609618,0.0319318075108397,0.029517090839005524,-114471.0,1.196621728206269,0,0,-1,0,0,-0.00551876379690944,-0.5672266389501043,0.49489641081608204,0.5069017295187978,0.018209408194233667,0.04598597038191743,2.2137852695971096,0.040167660208643916,0.0
2020-07-27,26.8,26.84,0.0,0.030529165749109285,0.006497251979180704,0.3617504522498444,-0.0014914245866700204,26.081,26.041500000000003,25.397333333333332,0,27,7,26.30221955257673,25.590861741119273,55.282555282555286,0.5017726446752526,0.45903881574872546,27.478972562666968,24.604027437333038,0.029144739772277196,0.030506340838023983,0.02924650027495368,-820369.0,1.0553244906361787,0,0,-1,0,0,0.007078986587183356,0.11710297227214174,0.48356764026699856,0.4842731476079113,0.026819923371647514,0.08545970028351557,2.1346148429845244,0.06529850746268656,0.0
2020-07-28,26.2,26.8,-0.013783045537793637,-0.02641731331770683,-0.006497251979180597,-0.4094481082850271,-0.02264247674975989,26.224,26.1315,25.517,1,28,7,26.28363417938096,25.63016098362771,51.9031141868512,0.4630437671547796,0.4598398060299363,27.344035837777174,24.918964162222824,0.02925656699000862,0.030895822100559918,0.029702592996941644,-1289097.0,0.11298635119201865,0,0,-1,0,0,-0.005223880597014946,-1.0336195778247137,0.5152136460831084,0.4904559709738486,0.01432442895857533,0.07377049180327866,1.917756883029801,0.04541984732824433,0.0
2020-07-29,25.96,26.2,-0.00904301565638328,-0.019626625183700026,-0.011957712394178468,-0.13585526633578832,-0.009202518931161894,26.234,26.139,25.603,2,29,7,26.224791601311694,25.65144092016786,49.134948096885815,0.40827847830364306,0.4495275404846777,27.34500078554539,24.932999214454608,0.026261300752525963,0.028279200118738412,0.029307673081291775,-1698282.0,-0.2968488945370781,0,0,-1,0,0,0.008396946564885589,-1.2091528605934923,0.5181808918253308,0.4489183847400605,0.01208576998050681,0.005811700891127591,1.9420169156575329,0.03736517719568563,0.0
2020-07-30,26.25,25.96,-0.019106427610105302,-0.00901583868162054,-0.018406628930799054,0.022719766101709272,0.011109097201743438,26.317,26.121000000000002,25.726333333333336,3,30,7,26.22937494652775,25.690057634995743,46.610169491525426,0.38385235765613146,0.43639250391896844,27.30799798252802,24.934002017471986,0.02565567057746655,0.027496816525933134,0.02836726145452688,-1279694.0,0.21735504507810438,0,0,-1,0,0,-0.0015408320493065927,-1.057887850542429,0.19958302996334923,0.43649843024154056,-0.034216335540838805,-0.013528748590755368,0.44230227473531064,0.045714285714285686,0.0
2020-07-31,26.625,26.25,0.014173767257715715,0.0071442304242563094,0.011006400417222017,0.21259376898820148,0.014184634991956381,26.3435,26.13675,25.844833333333334,4,31,7,26.30130677443179,25.750376497254084,59.215136650315365,0.39025522771684606,0.427165048678544,27.342518045250255,24.930981954749743,0.02325764970948076,0.027555001860436627,0.028224461252002325,-761950.0,0.8098572555862754,0,0,-1,0,0,0.0015238095238094913,-0.5510995119042579,0.23874303328616972,0.4374220937918247,-0.00801043219076003,0.011972633979475455,-0.43492241826777156,0.041690140845070535,0.0
2020-08-03,26.77,26.625,0.013600511870063779,0.028077204539106698,0.030416204214498862,0.5997115560688447,0.005431233502671919,26.410499999999995,26.132749999999998,25.941166666666668,0,3,8,26.3865237245351,25.816158658721562,64.83679525222553,0.4023913198986939,0.422210302922574,27.329049007685256,24.93645099231474,0.022947497544350336,0.027195296230527785,0.027653262617720695,181169.0,1.065369102383574,0,0,-1,0,0,0.0009389671361501814,1.2927347006944359,0.24381529242857522,0.43171194394025286,-0.0011194029850746245,-0.0029795158286779477,-0.8226761265926636,0.040343668285394034,0.0
2020-08-04,27.18,26.77,0.006358727241679009,-0.0021881846805527827,-0.011825428668496375,-0.483526467133649,0.015199551190736614,26.545499999999997,26.19475,26.035833333333333,1,4,8,26.53079213825599,25.90414842267501,60.891089108910904,0.4400205508685353,0.4257723525117663,27.474599806155016,24.914900193844982,0.02275201096997946,0.026154611829675357,0.027588349331861543,762701.0,1.539633783998348,0,0,-1,0,0,0.0018677624206201236,-0.3058392939466112,0.15921118579526045,0.41519159123249416,0.037404580152671674,0.04780262143407854,-1.522785300398065,0.04893303899926423,0.0
2020-08-05,27.56,27.18,0.015905643255720563,0.009447744693357012,0.025758999977098053,0.6604623622089116,0.013884037422460166,26.7365,26.27925,26.1185,2,5,8,26.717920840391262,26.010977556695977,67.83333333333331,0.49480105318543366,0.43957809264649983,27.685717299000274,24.87278270099973,0.02245579618552139,0.026240510390960543,0.027207759347396287,1888365.0,1.821229687900123,0,0,-1,0,0,0.00257542310522444,1.8630219152633347,0.06338676987991446,0.4165551886193272,0.06163328197226492,0.0653266331658291,-1.5285654071670765,0.03301886792452831,0.0
2020-08-06,27.28,27.56,0.011311925036204706,-0.00036172906887453344,-0.051214566628101775,0.44263202433137366,-0.01021161317019634,26.746499999999997,26.33775,26.166833333333333,3,6,8,26.820117051229214,26.092849972393015,58.61423220973785,0.509745309380321,0.4536115359932641,27.810350546115703,24.865149453884296,0.01347262616891048,0.026374668470780394,0.02684810262789666,135932.0,1.2797088830170353,0,0,-1,0,0,0.0,2.977931891205575,0.17112829031732898,0.4186848821127669,0.039238095238095294,0.04481041746457293,-1.6083922763604717,0.08192815249266859,0.0
2020-08-07,26.81,27.28,-0.027963558628646724,-0.005077994226943583,0.045777223148585636,-0.8376100919866428,-0.01737888072739352,26.7435,26.33775,26.205166666666667,4,7,8,26.818277587369355,26.139117716109595,56.39639639639637,0.47815183136343364,0.458519595067298,27.810350546115703,24.865149453884296,0.014047406676762889,0.026076961758654822,0.027037461157981557,-622422.0,0.6413823507612552,0,0,-1,0,0,-0.01759530791788858,0.15278288219319802,0.2312622401294422,0.41395893456925315,0.006948356807511713,0.0,-0.4632616406685783,0.03375606117120482,0.0
2020-08-10,29.46,26.81,0.0007459903367213952,0.08132859385413158,-0.0009404684225587614,0.976152140840159,0.09425845878661643,27.009500000000003,26.54525,26.364166666666666,0,10,8,27.298590753302197,26.35336818603801,72.8877679697352,0.659346094098197,0.4986848948734778,28.49901418067365,24.591485819326348,0.03422426856343146,0.03100296925642174,0.03130649931191688,1390419.0,2.9837275438174995,0,0,-1,0,0,0.00037299515106309453,2.791560976046419,0.7347846115856901,0.4921568793424381,0.1004856182293612,0.16396681153694193,1.7096110516861562,0.1106585200271554,0.0
2020-08-11,29.86,29.46,0.10871060254310831,0.0368584006039481,0.04705020660157095,-0.15960360481296432,0.013486381076559964,27.3755,26.79975,26.546166666666668,1,11,8,27.76430152542907,26.579602496616204,75.82822085889572,0.8257023273622082,0.5640883813712239,29.078822930173967,24.520677069826032,0.032275551113991524,0.030234053273644756,0.031142220270575355,3106329.0,2.685521783426566,0,0,-1,0,0,0.014935505770536242,1.8186862506261174,0.7356081481495282,0.4799507165252538,0.0986019131714495,0.20549051271699637,1.7406652194785912,0.10381781647689209,0.0
2020-08-12,29.67,29.86,0.009983443984183205,-0.014646315517239189,0.04966180264849044,-1.00148230971451,-0.00638335780831382,27.746500000000005,26.990249999999996,26.674833333333332,2,12,8,28.110792157169236,26.778982980705482,68.28193832599122,0.9314719992657814,0.6375651049501354,29.557317700499233,24.42318229950076,0.03206775637588929,0.029319402657201454,0.029719743503923708,2476016.0,2.0877906721968045,0,0,-1,0,0,0.011386470194239781,-0.39848465717050763,0.7595407170497707,0.4654310881195284,0.07656023222060959,0.14733178654292356,1.9403303791069104,0.04152342433434443,0.0
2020-08-13,29.22,29.67,-0.019729782267324025,-0.010878630442396214,-0.0074762857238633166,-0.2901065573776473,-0.01528302798017713,28.0435,27.18025,26.761833333333335,3,13,8,28.312466310411192,26.93646794969223,67.19653179190752,0.9678274744122746,0.7036175788425633,29.81946135548982,24.54103864451018,0.03337072213970233,0.029241596567880373,0.029525766011252168,2004426.0,1.5457269049385658,0,0,-1,0,0,-0.002022244691607761,-0.7264674436537666,0.7710396651017564,0.464195954742548,0.07111436950146621,0.14948859166011008,1.9137531062529212,0.03832991101984946,0.0
2020-08-14,29.66,29.22,-0.019437952156904578,-0.016037764395301322,-0.016311310796198977,-0.280328471580643,0.01494593038723265,28.347,27.34525,26.873499999999996,4,14,8,28.557472435790977,27.112179694873376,69.53551912568305,1.0203814509582472,0.7669703532657001,30.174334797151314,24.516165202848686,0.03337941482498247,0.028474552898427315,0.02946166817243611,2360729.0,1.6363949234259696,0,0,-1,0,0,-0.006160164271047219,-0.8993292131795106,0.7190396007419557,0.45201951397795265,0.10630361805296529,0.12518968133535657,1.7872457809502647,0.037424140256237456,0.0
2020-08-17,29.53,29.66,0.022472855852058576,0.044788519603819237,0.026926031244593474,0.9245433522951779,-0.004392640953954734,28.623,27.516750000000002,26.962833333333336,0,17,8,28.734295629283523,27.268168101655743,74.30656934306572,1.0395575698936028,0.8214877965912807,30.442206824425533,24.59129317557447,0.03371496861546479,0.02833701705104867,0.02934269348019965,1462590.0,1.3763662366784974,0,0,-1,0,0,0.0013486176668914074,0.15306972067977334,0.2099028308951942,0.4498362000868301,0.002376103190767198,0.13141762452107275,0.17003522467917723,0.05722993565865226,0.0
2020-08-18,29.285,29.53,-0.0037105793965356015,-0.036403429388005476,-0.037832032040815866,0.3784006380760115,-0.008331256214085684,28.833500000000004,27.6895,27.074333333333335,1,18,8,28.834423696686518,27.398286288645696,74.25237053245806,1.0231906252430285,0.8618283623216303,30.60359081244165,24.77540918755835,0.03415236948998928,0.028276350803641583,0.02857762724343673,151354.0,1.0950242135132147,0,0,-1,0,0,0.0020318320352183785,0.8969117128332552,0.1795925625136312,0.44887315326514204,-0.019256530475552536,0.13375919473480447,1.4895497560483641,0.05702578111661266,0.0
2020-08-19,32.6,29.285,-0.0006761325477323744,0.0921473525220189,0.03680971128386055,0.06428200313703637,0.10723684883091635,29.3375,28.037,27.29866666666667,2,19,8,29.519073933652606,27.733880721636297,82.13562753036437,1.2631516728786991,0.9420930244330441,31.527587946252776,24.546412053747222,0.04778029346929673,0.0367308172647332,0.034747499258695504,1549647.0,2.614459266037678,0,0,-1,0,0,0.009731944681577604,0.9672678729307302,0.8453146007735127,0.5830836476078506,0.09875294910684196,0.27095516569200795,2.003277235672028,0.10736196319018404,0.0
2020-08-20,30.99,32.6,0.044642889854835305,-0.03660458292331611,0.027905660150395657,0.0694993132582247,-0.05064771657300514,29.708499999999997,28.227500000000003,27.461333333333336,3,20,8,29.786515036624856,27.943952933143635,69.63562753036436,1.3083274033866559,1.0153399002237666,31.930554926607563,24.524445073392442,0.051783188344244814,0.03747505998482752,0.03630628105864438,50717.0,1.492011355354524,0,0,-1,0,0,-0.05153374233128833,1.107610629758403,0.962058062520045,0.5948981345224896,0.06057494866529778,0.14017660044150104,1.380991775776913,0.048080025814778916,0.0
2020-08-21,29.38,30.99,-0.02953939751390537,-0.007293515762709984,-0.027223996865649868,-0.37323541146382355,-0.053350401053925564,29.9655,28.3545,27.547000000000004,4,21,8,29.71260321178397,28.036601131005337,60.37360890302066,1.200378731808712,1.0523476665407558,32.031324860206205,24.677675139793795,0.055162745833550124,0.03954832403362381,0.0375999878858606,-981301.0,0.5578182475313685,0,0,-1,0,0,-0.031300419490158084,0.16014580259350006,1.0660690415108633,0.6278101809742047,-0.009440323668240103,0.09463487332339793,1.6481816674727268,0.0704560925799864,0.0
2020-08-24,28.69,29.38,0.0181553096974273,-0.027425496924731972,-0.06437953320896257,0.15540817255279887,-0.023765540752457723,29.8885,28.449,27.659666666666666,0,24,8,29.526675355095975,28.07875589674693,55.870917573872475,1.0470812970190586,1.0512943926364164,32.05405288668395,24.843947113316055,0.0462402800634605,0.04004813696535834,0.03626706695788995,-2186837.0,0.1337012285673733,0,0,-1,0,0,0.040503744043567096,0.45170830646365967,1.0793741843633826,0.6357444652907468,-0.028445648493057862,0.07052238805970146,1.8525776294215,0.10630881840362498,0.0
2020-08-25,29.3,28.69,-0.06068595833928659,-0.03664633915313979,0.0207213228132523,-0.9969041992133724,0.021038886029748283,29.8325,28.603999999999996,27.810666666666666,1,25,8,29.485461654169434,28.15754583889229,56.64629488158901,0.9637048874599934,1.0337764916011318,32.065628153583646,25.142371846416342,0.046585295312592104,0.03971404315682586,0.03604169656352904,-1741970.0,0.4021229139123281,0,0,-1,0,0,0.002788428023701579,-1.0358917132693386,1.092256097935289,0.6304408904990866,0.0005122076148198484,0.11832061068702293,1.3775721753363812,0.04688737201365185,0.0
2020-08-26,28.37,29.3,0.023021116297219025,0.0010174665961707266,-0.015647009641782988,0.72551511381405,-0.0322552672022616,29.702499999999997,28.724499999999995,27.894333333333332,2,26,8,29.282650444320446,28.171252558963758,53.966521106259094,0.8132110635893923,0.989663405998784,31.958928119955146,25.490071880044844,0.04759316749085878,0.04049088851963557,0.035956501598798,-2660974.0,-0.21920412935620276,0,0,-1,0,0,0.00477815699658705,-0.1632967719142299,0.4687535135179033,0.642772928321976,-0.1297546012269939,0.09283513097072427,1.3954069016664508,0.06485724356714839,0.0
2020-08-27,28.73,28.37,-0.04019945283230346,-0.014339610680455635,0.014714064137179078,-0.33147194073882674,0.012609624170438075,29.6535,28.848499999999994,28.004666666666665,3,27,8,29.18216854535309,28.2073007809661,57.0432868672047,0.7147533831940223,0.9346814014378317,31.866397664896567,25.83060233510342,0.04764892284909164,0.04050409737479634,0.03577506330718494,-2001252.0,-0.07853148990329004,0,0,-1,0,0,-0.0031723651744800796,-0.7308946922788596,0.4892021903674698,0.6429826123971316,-0.07292675056469822,0.0944761904761906,0.1296999840517142,0.035154890358510195,0.0
2020-08-28,28.59,28.73,0.015787031962826253,0.007536863357703006,0.008513708750017116,-0.23915963744185523,-0.0048848666569778,29.546499999999998,28.946749999999998,28.079,4,28,8,29.07450153710707,28.23199105316184,46.08812949640288,0.6183007460387451,0.8714052703580145,31.78229185854796,26.111208141452035,0.04733215855966226,0.040506322206734495,0.03528501357208684,-2520644.0,-0.25162739102196463,0,0,-1,0,0,0.0,-1.0226733666321384,0.3601728787648624,0.6430179305092352,-0.026889040163376454,0.07380281690140844,-0.013277590562427399,0.0346274921301155,0.0
2020-08-31,28.55,28.59,-0.005584656748516443,-0.0130541187324577,-0.02286630532497362,0.10905454993155995,-0.0014000702322011969,29.448500000000003,29.035749999999997,28.160666666666664,0,31,8,28.97913762126942,28.252507759409465,43.91263940520446,0.5324953950363103,0.8036232952936737,31.689532355332165,26.381967644667828,0.04732975293854361,0.04052519290229512,0.03520996652280728,-3099882.0,-0.36608126436894317,0,0,-1,0,0,-0.0006995452955578724,-0.8439071105211795,0.32172380871714856,0.6433174935143566,-0.004879749041477921,0.06649234217407551,-0.82262912452972,0.043782837127845885,0.0
2020-09-01,29.65,28.55,-0.014809861656982322,0.034995927270894296,0.017198560786864842,0.025393119613163775,0.03780518934171522,29.484999999999996,29.159250000000004,28.288,1,1,9,29.101112599220432,28.342668549124987,49.914310197086536,0.546949944592388,0.7522886251534167,31.675747722922143,26.642752277077864,0.04896931426345161,0.04119400471557982,0.03567145430839516,-2505747.0,0.3900261824438604,0,0,-1,0,0,-0.014010507880910758,-0.8157602591202886,0.40811611911600315,0.6539345519054774,0.011945392491467421,0.09087564385577629,0.14963882559731628,0.06070826306913999,0.0
2020-09-02,28.87,29.65,0.063650027076456,0.0016680571006970134,0.006020914239819768,-0.16033277094632084,-0.026659131768890624,29.112000000000002,29.22475,28.395333333333333,2,2,9,29.059092126634898,28.37668993305241,48.54166666666668,0.48981946410678034,0.6997947929440894,31.631795524682353,26.817704475317647,0.030094979643818697,0.04172035926026762,0.03607145293667131,-3011867.0,-0.2947596930447037,0,0,-1,0,0,0.011804384485666152,-0.9121479235591519,0.3801414120239781,0.6622901712656327,0.017624250969333843,0.0475326560232221,0.4552171174514339,0.058191894700381004,0.0
2020-09-03,27.3,28.87,-0.050942478737574716,-0.041377704453978176,-0.06378550905379683,0.41155705478285026,-0.05591629148392963,28.743000000000002,29.225749999999998,28.399333333333335,3,3,9,28.73925719451946,28.30722606640387,41.012947448591014,0.3142349627108558,0.6226828268974427,31.629407903235833,26.822092096764163,0.03082327232746056,0.04359114359082473,0.036073959935568306,-3775686.0,-1.6023494835995824,0,0,-1,0,0,-0.012469691721510199,-0.32129907382915296,0.5435991003837517,0.6919879518373762,-0.04977375565610853,0.0007331378299120228,0.19600363033170495,0.08109890109890104,0.0
2020-09-04,26.93,27.3,-0.022345317032257575,-0.027972373680815153,-0.031037501301243685,-0.07215221308233934,-0.013645795367406571,28.498,29.231749999999998,28.40233333333333,4,4,9,28.410301340970463,28.21837277179717,40.27673896783843,0.14357206318173255,0.5268606741543007,31.610487557701493,26.853012442298503,0.027532177702311113,0.043518334124520115,0.03608769792542559,-4486335.0,-1.9352702382385671,0,0,-1,0,0,0.021245421245421184,-0.42922212063305537,0.5422480635495329,0.6908321373917761,-0.058062259531304616,0.0044759418127564565,0.45009031165022223,0.08288154474563682,0.0
2020-09-08,27.78,26.93,-0.051519854823515635,0.0021413284413432996,0.02082368071324044,-0.04575193189630394,0.031075430502690213,28.407,29.147750000000002,28.435000000000002,1,8,9,28.29570109715765,28.190090657487676,44.61538461538462,0.07603193320100843,0.4366949259636423,31.60974421736007,26.685755782639934,0.029590724094689772,0.03778751696360994,0.03651983425540816,-3807467.0,-1.111091155580863,0,0,-1,0,0,-0.0167099888600074,-0.42387159142740544,0.6248383409716565,0.5998582352900788,-0.026970227670753077,-0.05702647657841142,-0.017241189538297022,0.06299496040316774,0.0
2020-09-09,28.5,27.78,0.056885634107889556,0.036062020696613205,0.057264027189574164,-0.2652987378181768,0.025587749948407068,28.326999999999998,29.07975,28.511666666666667,2,9,9,28.332846352219896,28.210084808617506,31.985940246045672,0.0796853136069764,0.36529300349230914,31.534027629814766,26.625472370185236,0.030044925397689635,0.03815883715742063,0.03648043444143163,-3286791.0,-0.4724404386505834,0,0,-1,0,0,0.008999280057595392,-0.7796553547919808,0.5740575130687487,0.6057527606276751,-0.038785834738617186,-0.04554588077695909,-0.13487560672133184,0.04315789473684199,0.0
2020-09-10,26.56,28.5,0.014169560486211454,-0.005863096637063863,-0.05025443137680309,0.6441131690097208,-0.07049776266637175,28.145999999999997,28.92425,28.531666666666663,3,10,9,28.010510651816276,28.103627724190574,31.084543125533727,-0.07311828081691374,0.2776107466304646,31.604731643679724,26.243768356320277,0.03566390836248303,0.04095211774318084,0.03869969230191436,-4278313.0,-1.7640486407169693,0,0,-1,0,0,-0.002456140350877203,0.5546280979503642,0.7191603911807057,0.6500947152593531,-0.08001385521302395,-0.10481968318166512,-0.10630587573531844,0.09130271084337352,0.0
2020-09-11,25.86,26.56,-0.06091045232089289,-0.06539210798418049,-0.049337793796661505,-0.1682504825121034,-0.026708951264521677,27.859,28.75625,28.518666666666665,4,11,9,27.619508715122407,27.958877548436345,33.70370370370368,-0.24784339575509762,0.17251991815335216,31.760329463171935,25.752170536828068,0.03552890717613332,0.041177865948259944,0.03898076498136605,-5116290.0,-1.9282113109897063,0,0,-1,0,0,0.0071536144578313735,0.0503389824382211,0.6482276415559063,0.6536783569167043,-0.05274725274725278,-0.1149897330595483,-0.4902324180665143,0.07231245166279959,0.0
2020-09-14,27.91,25.86,-0.021156814822394943,0.03340906213112983,0.03546056320840176,-0.24322292497307163,0.07628767420451933,27.791000000000004,28.66875,28.5615,0,14,9,27.672325312372877,27.955724158214647,46.792763157894726,-0.21837910237897162,0.09434011404688741,31.66392484772088,25.673575152279117,0.045433759376087415,0.0451596356614669,0.041512942675852336,-4459235.0,-0.5066482182683624,0,0,-1,0,0,0.012761020881670606,-0.5691079635185488,0.9022673395774437,0.7168869915511518,0.03639064240623835,-0.059002022926500364,-0.2675600709522308,0.06735936940164812,0.0
2020-09-15,27.37,27.91,0.049535354545522284,0.022599831917240992,0.0383073499984928,-0.277356424643537,-0.019537524495643034,27.673000000000002,28.560749999999995,28.5815,1,15,9,27.617357073759624,27.91793550284596,42.018196856906535,-0.23588281437911718,0.028295528361686494,31.580834130929713,25.540665869070278,0.04578347334987141,0.045323349213375046,0.041696303441874034,-4957141.0,-0.7885541914578568,0,0,-1,0,0,-0.013973486205661073,-0.9842760996863759,0.8924987693703638,0.7194858636187519,-0.014758819294456438,-0.07314595326786322,0.5621316065446699,0.05480453050785532,0.0
2020-09-16,29.1,27.37,-0.0021826127253178696,0.02533963037187812,0.011721745933101916,0.5217445736008313,0.061290651124859055,27.618000000000002,28.551499999999997,28.645500000000002,2,16,9,27.886928514894237,27.994197728468805,52.83165244375485,-0.10890272760567754,0.0008558771682136875,31.563366181412384,25.53963381858761,0.04884960294128389,0.047631380643384805,0.04313323045789405,-4118187.0,0.36422600936592103,0,0,-1,0,0,0.003288271830471314,0.15303200188238109,0.9982378199909444,0.7561247267103115,0.021052631578947434,-0.0063172272494450565,0.22848625212410148,0.06580756013745702,0.0
2020-09-17,27.39,29.1,0.03647168620395006,-0.024990529303574566,-0.019489493516317454,0.25108157156104355,-0.06056019090246005,27.47,28.290999999999997,28.639833333333332,3,17,9,27.796577875822557,27.955217229857915,45.294943820224724,-0.14458610432043528,-0.02823251912951611,30.661448769414747,25.920551230585247,0.05172573314774726,0.041372065798479254,0.04452586687570106,-5196591.0,-0.7601936069029228,0,0,-1,0,0,-0.021305841924398657,1.0946359591241686,0.9561821954753783,0.656761183966662,0.03125,-0.15981595092024536,0.3604062874394494,0.06279664110989408,0.0
2020-09-18,26.35,27.39,-0.03029994760844993,-0.026530338569242615,-0.04364190931246617,0.6837322060608528,-0.03870970828761545,27.375,28.058999999999997,28.608833333333333,4,18,9,27.533563716582087,27.8516548279316,42.60237780713343,-0.2538584239195174,-0.07335770008751637,30.215838817392115,25.90216118260788,0.0501889189320591,0.040844329713217276,0.045046862336197764,-7333188.0,-1.5847266714778314,0,0,-1,0,0,0.008762322015334006,3.490403678439413,0.985281444555195,0.6483836333297942,0.01894818252126851,-0.14972571797353973,0.41994709068926106,0.08045161290322571,0.0
2020-09-21,25.4,26.35,-0.06930314142428375,-0.07850058239013562,-0.05624612987392644,-0.9071414630512503,-0.03671910096288051,27.221999999999998,27.859999999999996,28.561833333333333,0,21,9,27.145643040839886,27.693483548710212,40.18691588785047,-0.41236114242113686,-0.14115838855424045,30.227765991282208,25.492234008717784,0.05123738440345888,0.04007678102723964,0.04542183611191214,-8195682.0,-2.0779080441710693,0,0,-1,0,0,-0.02163187855787477,0.16533392916365924,0.7522674410309789,0.6361991756764067,-0.08993192404156225,-0.13546630360789658,1.7547628413203238,0.0560433070866142,0.0
2020-09-22,26.71,25.4,-0.008961680861327861,0.03641195114064536,0.0425767117969133,-0.15007875973690252,0.05028885309737868,27.115,27.761000000000003,28.470166666666668,1,22,9,27.06643521523263,27.63003299718052,40.95940959409595,-0.4273434872025099,-0.19839540828389435,30.14814010789812,25.373859892101887,0.053163891839717335,0.04187589758069139,0.04257594869016891,-7453385.0,-0.88055158264289,0,0,-1,0,0,0.005905511811023706,-0.09505628288484305,0.8974715970243232,0.6647592655567246,-0.024113993423456326,-0.06901359358661552,0.5154381339451085,0.04941969299887684,0.0
2020-09-23,26.9,26.71,0.06331468057360645,0.030193751693689746,0.04121515355814832,0.24105764571728702,0.007088259485923732,26.955000000000002,27.641000000000002,28.3715,2,23,9,27.036174267008512,27.58293409413662,43.71410338225908,-0.41905508511153755,-0.24252734364942302,29.942138391043844,25.33986160895616,0.0523674079988494,0.04156746349691609,0.04250860234025867,-6508742.0,-0.6440290622102657,0,0,-1,0,0,0.019093972295020516,0.3984894437674342,0.7013179985957079,0.6598630262675715,-0.0756013745704468,-0.08191126279863492,0.9490213776049667,0.039776951672862465,0.0
2020-09-24,27.43,26.9,-0.019288431817116192,0.004704188157587408,-0.0003774297081982322,-0.4314589391202511,0.019511018341718537,27.042,27.594000000000005,28.296833333333336,3,24,9,27.107778945734236,27.573067378385872,50.44429254955571,-0.3655065639848587,-0.26712318771651017,29.87071416045583,25.31728583954418,0.047681996863291894,0.04131541614002633,0.04269533469000996,-5895139.0,-0.14406727278155135,0,0,-1,0,0,-0.007434944237918189,-0.4817957915499259,0.606381914357021,0.6558618985179229,0.0014603870025555743,-0.03313359182234754,0.21149897609571494,0.044112285818446985,0.0
2020-09-25,28.62,27.43,0.01928843181711617,0.04586341679318121,0.026449670017973367,0.12710723143076785,0.04246846917879298,27.318,27.5885,28.276833333333336,4,25,9,27.38272822832801,27.64061141849001,55.469255663430424,-0.2244585025439001,-0.25859025068198815,29.85416383904982,25.322836160950178,0.04780999629178691,0.042401588563512886,0.043393217581753,-5198369.0,0.910549907909193,0,0,-1,0,0,-0.007655851257747023,-0.25589366923669404,0.5505426534549313,0.6731043511988134,0.08614800759013286,-0.0038287504350852375,-0.9255378697686159,0.06289308176100632,0.0
2020-09-28,28.23,28.62,0.06127272398001784,0.008583743691391435,0.025051228337445972,-0.4895308520707124,-0.013720531862906964,27.35,27.5705,28.229166666666668,0,28,9,27.53677764135928,27.67863648826485,51.501000667111406,-0.14250394155689605,-0.23537298885696972,29.808210060706813,25.332789939293185,0.04175830926632064,0.04250675536243181,0.04337067674218448,-5625429.0,0.5894418687930357,0,0,-1,0,0,0.011180992313067795,-0.9833988999836973,0.4220485645482657,0.6747738223755346,0.11141732283464578,-0.012591815320041944,-0.21600754475297151,0.048175699610343584,0.0
2020-09-29,29.16,28.23,-0.025902743259270007,0.018293193047325483,0.009279152946301763,0.32354202693885686,0.03241266487505953,27.529000000000003,27.601000000000006,28.216833333333334,1,29,9,27.831908979293953,27.774208327731635,52.171052631578945,-0.0024825169481950127,-0.18879489447521478,29.910403203837255,25.291596796162757,0.042071752138731454,0.04312697121284727,0.043796217192527534,-5035226.0,1.3501323609576676,0,0,-1,0,0,-0.001062699256110561,-0.5358295480261908,0.3540089985417875,0.6846194437718132,0.09172594533882439,0.02136602451838887,-0.4753047668510803,0.056241426611797,0.0
2020-09-30,29.43,29.16,0.035531428378485407,0.010020123916763003,0.0259481598924445,-0.12471266500103274,0.009216655104924048,27.562,27.589999999999996,28.221666666666668,2,30,9,28.122470983058687,27.881033596910243,60.6060606060606,0.12878763073039678,-0.12527838943409247,29.860070715336988,25.319929284663004,0.03726980274251637,0.04230883259343364,0.04379200800573791,-4514224.0,1.6210948738897375,0,0,-1,0,0,0.0020576131687242358,-0.7119220745547644,0.3501959112874371,0.671631895822136,0.09405204460966554,-0.00741989881956151,-0.5646009261579676,0.040774719673802216,0.0
2020-10-01,28.91,29.43,0.01494593038723265,0.0,-0.025592983188302294,0.3968407257167185,-0.017827006217126722,27.714,27.591999999999995,28.098666666666663,3,1,10,28.265658077048016,27.94741852614184,61.423220973782776,0.18868546574091383,-0.06248561839909121,29.866884381098835,25.317115618901155,0.03170565503355336,0.04206442701128524,0.03842784410519542,-5289016.0,1.1587402075910083,0,0,-1,0,0,0.007815154604145445,-0.0542072640515943,0.4319440439004044,0.6677520774857322,0.05395552314983587,0.0013855213023898916,0.15061970821314202,0.06675890695261154,0.0
2020-10-02,28.85,28.91,-0.05438569559363375,-0.02319821629731794,-0.009275842462521748,-0.1642304537964388,-0.0020775630741460987,27.964,27.6695,28.02733333333333,4,2,10,28.371902063039286,28.0056495889714,54.137323943661976,0.22867738245011537,-0.004253018229249894,30.007240474542627,25.33175952545737,0.028007688096196737,0.04002243717765965,0.03742840013207478,-5946463.0,1.0099495755455603,0,0,-1,0,0,-0.028363887928052587,-0.36478468763369604,0.32315573974575157,0.6353364938087595,0.00803633822501748,0.0567765567765568,0.9720485288844335,0.05199306759098787,0.0
2020-10-05,29.8,28.85,0.0366981596509064,0.016194685919980606,0.03174869831458027,-0.6841030592154518,0.03239840055725014,28.404000000000003,27.813000000000006,28.041333333333334,0,5,10,28.631556233395777,28.12141413161841,60.32285471537808,0.3331875464536189,0.06323509470732387,30.306748816118763,25.31925118388125,0.023720651790943983,0.04032709915526946,0.03670034142220202,-5614753.0,1.59358471643711,0,0,-1,0,0,0.010051993067590958,-1.1703263036247589,0.3512433564029376,0.6401728527689156,0.05561459440311722,0.1065725956182697,-0.198011968522104,0.03624161073825498,0.0
2020-10-06,28.7,29.8,0.02975202543825699,0.007335811490213578,-0.00836824967051669,0.2346617791702379,-0.03761127074578335,28.603,27.858999999999998,28.041666666666668,1,6,10,28.644000554596545,28.158742252159158,48.20466786355475,0.32352243225176025,0.11529256221621115,30.38393168224389,25.334068317756106,0.025555528608052616,0.04093115091838476,0.03709059857162057,-6034194.0,0.6661566377531529,0,0,-1,0,0,0.0073825503355704316,-0.8831867077506617,0.42054208492580963,0.6497618772341945,-0.01577503429355287,0.03311735061195087,0.11587420576124739,0.05365853658536595,0.0
2020-10-07,27.4,28.7,-0.0394072728595911,-0.037919234862293726,-0.06323218522351572,0.9794475922554549,-0.04635410937155096,28.653,27.803999999999995,27.978333333333335,2,7,10,28.41781863557899,28.10979113911663,50.04659832246038,0.20855948030156668,0.13394594583328226,30.318039735062403,25.289960264937587,0.030533893032256395,0.041866558663758394,0.037800534220285134,-7151159.0,-0.3213950792945345,0,0,-1,0,0,0.005574912891986068,0.8550914224950648,0.4932757420010916,0.6646110148464082,-0.0689772341148488,-0.038596491228070184,0.834023008986845,0.07919708029197087,0.0
2020-10-08,28.09,27.4,-0.04500316511653011,-0.014949000790517131,0.019210047692108594,-0.5132951758183012,0.024870627722127853,28.719,27.8805,27.969,3,8,10,28.358215247291902,28.10851429143169,58.381502890173394,0.1711547802801725,0.14138771272266032,30.327371041705263,25.43362895829474,0.030928267322850984,0.03912284932823954,0.03766089451928351,-6482633.0,0.17123910204437634,0,0,-1,0,0,0.006934306569343113,-0.2661941259608653,0.5612525271989435,0.6210559794166333,-0.028363887928052556,0.05760542168674698,-0.11623241628807049,0.043431826272695,0.0
2020-10-09,28.89,28.09,0.018671996689245685,0.01873753640509104,0.02814038497846397,-0.5933251699516262,0.0280818733619915,28.746000000000002,28.032,27.974333333333334,4,9,10,28.45490338414792,28.15893272424255,67.05767350928642,0.20371628561634125,0.1538534273013965,30.322333002678175,25.741666997321826,0.02905860420214525,0.038839014933200064,0.03794848681163091,-6113281.0,0.7492360272473118,0,0,-1,0,0,0.0007119971520113768,-0.9599930936439661,0.6117367561455159,0.6165502480798277,0.001386481802426287,0.11716937354988399,-0.6121839983553891,0.03392177223952926,0.0
2020-10-12,29.51,28.89,0.028062171109814224,0.031469353698205665,0.013778702356164255,0.2638239689607154,0.021233674476704215,28.874000000000002,28.112000000000002,28.005,0,12,10,28.64673913248466,28.24609835493658,64.67505241090146,0.2763645728669992,0.17835565641451706,30.49431731502598,25.729682684974023,0.029171238936900202,0.03508991606142306,0.038115019081274557,-5632422.0,1.1736471805686008,0,0,-1,0,0,0.000692281066112827,-0.647650261130916,0.5783898064886724,0.557035148547939,-0.009731543624161065,0.057327122895019844,-0.617550878567977,0.05150796340223651,0.0
2020-10-13,29.26,29.51,0.015104990245850793,-0.003670953563459232,0.005249355886143745,0.16508675772212977,-0.00850779336286978,28.883999999999997,28.2065,28.028666666666666,1,13,10,28.75824110839654,28.311511364295512,62.29166666666668,0.3101902728740207,0.20472257970641777,30.614690191824323,25.798309808175674,0.027635920514843794,0.03480231146218122,0.03815706996210719,-6199593.0,0.874930895056859,0,0,-1,0,0,-0.005421890884445955,-0.44146569014490655,0.49809838840831444,0.5524695670748652,0.019512195121951237,0.06905370843989767,-1.2872788802350763,0.04306220095693785,0.0
2020-10-14,28.75,29.26,-0.002046385434463413,-0.0053637406502179,-0.004197277935339813,-0.3760665929724459,-0.017583628348618874,28.815999999999995,28.189,27.998666666666665,2,14,10,28.756742725051712,28.339800953695804,56.889352818371606,0.29247319712026965,0.22227270318918818,30.574834511400226,25.803165488599774,0.0280025632616573,0.03214150489599102,0.037650025770240965,-6588988.0,0.4702757021238271,0,0,-1,0,0,0.001025290498974627,-0.8195115868200163,0.33645401008355363,0.5102305723089432,0.0492700729927007,-0.012027491408934776,-0.6470673774405051,0.04243478260869561,0.0
2020-10-15,28.35,28.75,-0.03332484699721693,-0.040821994520255166,-0.04884274178715222,0.8260483909687081,-0.014010737069598333,28.76,28.237000000000002,27.981333333333332,3,15,10,28.682789502315035,28.34045895668317,48.46416382252559,0.2433504375169555,0.22648825005474166,30.593599691348118,25.880400308651886,0.027793154276459946,0.02927043832876326,0.037422615079913034,-7478473.0,0.09590088670117476,0,0,-1,0,0,-0.014608695652173972,0.453238160002049,0.3386431605258031,0.46465380350256386,0.009255962976148169,0.035049288061336226,0.5702733377108148,0.049029982363315586,0.0
2020-10-16,27.81,28.35,0.0017633578894715467,-0.0005253480551610191,0.00952388151125532,-0.619052699449857,-0.019231361927887644,28.656,28.310000000000002,27.998333333333335,4,16,10,28.524100501894118,28.306235798187483,47.65100671140939,0.1590137975141701,0.21299335954662735,30.505421072188522,26.114578927811483,0.02833796652752657,0.02819197877936354,0.036185339535798215,-7957420.0,-0.45549348718018384,0,0,-1,0,0,0.0010582010582009728,-0.6961254072216061,0.264769408121998,0.4475337889020372,-0.03738317757009357,0.05540796963946848,1.9254156616582947,0.0400934915498023,0.0
2020-10-19,27.57,27.81,-0.019210836265677697,0.004718226315196986,-0.005116970229264753,-0.08778325382502322,-0.008667443210168076,28.433,28.4185,28.01966666666667,0,19,10,28.35062768336791,28.258736714433454,40.36363636363637,0.0719806602183759,0.18479081968097708,30.17998591580455,26.657014084195453,0.025320965258667377,0.02682228944587087,0.03612701743423912,-8396116.0,-0.9633911828496838,0,0,-1,0,0,0.0010787486515642264,-0.7992092907018892,0.07752216700267733,0.4257906448030007,-0.06574042697390714,0.08543307086614171,0.03826501348631805,0.050417120058034115,0.0
2020-10-20,27.1,27.57,-0.005402498283348421,-0.025425098365810056,-0.00809423109403728,0.16017572734595734,-0.01719449715005013,28.273000000000003,28.438,27.997,1,20,10,28.123240831846473,28.183979507050655,36.213017751479306,-0.03452086512982078,0.1409284827188175,30.12699347167692,26.74900652832308,0.023464554271420555,0.02478848970987936,0.03581685313832138,-8911021.0,-1.5843755733070546,0,0,-1,0,0,0.004352557127312332,-0.38362931294296504,0.06545731729586989,0.3935050748953466,-0.07382091592617912,0.014601272931486386,1.2727196636886446,0.03284132841328415,0.0
2020-10-21,27.24,27.1,-0.016752030497202287,-0.011510918466140331,-0.021281370634033275,-0.13316495665677142,0.005152753395656332,28.256999999999998,28.455000000000002,27.955,2,21,10,27.96265158969257,28.123077603369968,39.65303593556381,-0.10640073980285081,0.09146263821448385,30.084614097037086,26.825385902962918,0.018937782239321625,0.02476709670466654,0.03549381076482326,-8460314.0,-1.4911505763347037,0,0,-1,0,0,0.004797047970479668,-0.6186008261046327,0.15397326033654415,0.39316547146581,-0.052521739130434786,0.01263940520446094,1.4273705652218764,0.0418502202643172,0.0
2020-10-22,27.4,27.24,0.0,-0.0047144239629858965,0.0037664827954768648,-0.1884163235526142,0.0058565321127129685,28.188,28.4535,27.983,3,22,10,27.860351300657555,28.076427435410615,41.12607099143205,-0.14874080412157653,0.043421949747271774,30.087136885505174,26.819863114494822,0.016912853732051772,0.024405505666847096,0.03315913549496121,-8087007.0,-1.2897603002814455,0,0,-1,0,0,-0.00036710719530095486,-0.9358853838894782,0.18819064243629882,0.38742539169153,-0.0335097001763669,-0.001093693036821053,0.18094190559752427,0.033211678832116794,0.0
2020-10-23,27.95,27.4,0.013496466037436204,0.019795499737831672,0.024509210480733148,-0.0897389055720635,0.01987418620708363,28.094,28.420000000000005,28.052666666666667,4,23,10,27.87665106417436,28.06827082667445,38.095238095238095,-0.13634352341263778,0.007468855115289861,30.06668726459133,26.77331273540868,0.015346164139948094,0.02273558354388053,0.03289350246621065,-7745741.0,-0.57084306183257,0,0,-1,0,0,0.007299270072992805,-0.994019890788876,0.2277452180716183,0.36091619981424267,0.005034160373966312,-0.023410202655485768,0.019762596846286885,0.028622540250447127,0.0
2020-10-26,26.69,27.95,-0.006178467773592548,-0.0062561648327977195,-0.03088286257528447,0.06388430854681626,-0.04612823618467538,27.812,28.343,28.012,0,26,10,27.660896325233566,27.979350128179327,37.32660781841111,-0.2255896023624686,-0.039142836380261836,30.16209289135197,26.52390710864803,0.0177107721248631,0.024665488211773,0.030729140505319427,-8109520.0,-1.8173893239409766,0,0,-1,0,0,-0.018604651162790684,-0.855497958762,0.4043011344271586,0.3915524866460798,-0.03191875226695684,-0.054551895147006646,-0.9751777113635796,0.05447733233420759,0.0
2020-10-27,26.62,26.69,-0.01951101834171847,-0.02855887199957037,0.0001513259943112614,0.14939672225650702,-0.0026261504494672415,27.548000000000002,28.215999999999998,27.987000000000002,1,27,10,27.47164244791837,27.891650119909695,44.17910447761196,-0.298524967894533,-0.09101926268311608,30.146196608474717,26.285803391525278,0.017857351086361578,0.023214242200099742,0.030536514915332488,-8531916.0,-1.653717546691981,0,0,-1,0,0,0.00786811539902575,-0.5214080989837391,0.3927292942210993,0.368514670417709,-0.0177121771217712,-0.0871056241426611,-1.613955774009098,0.024977460555973063,0.0
2020-10-28,24.6,26.62,-0.02827709609686155,-0.02806176285457533,-0.07519977861940282,0.28440133425454434,-0.0789163700286484,27.133000000000003,27.9745,27.837,2,28,10,26.949525639205937,27.679285596044554,28.268991282689925,-0.5134056677513428,-0.17549654369676143,30.408128220535833,25.540871779464165,0.027687653975580876,0.027927389525608956,0.03108816416208549,-9093266.0,-2.773225566275694,0,0,-1,0,0,-0.017655897821187167,0.15137778351326123,0.6314018382457723,0.44333356471194846,-0.09691629955947123,-0.164118246687054,-0.7438613122570162,0.07439024390243909,0.0
2020-10-29,24.6,24.6,-0.06069632610796742,-0.03947881097378758,-0.03190658058736046,0.09672621522334476,0.0,26.758,27.759000000000004,27.744000000000003,3,29,10,26.52233915935031,27.48062200920297,20.33195020746888,-0.6759087155850096,-0.2755789780744111,30.576814756153958,24.94118524384605,0.02810102708063022,0.027903053158434013,0.029396410298174448,-9093266.0,-2.242163004577159,0,0,-1,0,0,0.0004065040650405695,0.4864590764401257,0.6177440452371995,0.44294723685979054,-0.10218978102189769,-0.14908336215842266,-0.7065375801367548,0.06422764227642269,0.0
2020-10-30,24.37,24.6,-0.005704986948384178,-0.023972382480258955,-0.008032171697264267,0.0018063758003909647,-0.009393575301202309,26.413999999999998,27.535000000000004,27.678,4,30,10,26.131004766741164,27.27993671828665,12.426900584795291,-0.8138708332257991,-0.38323734910468876,30.68082095385024,24.389179046149767,0.02806404994564685,0.02787379026961683,0.028683276398832794,-9712744.0,-2.012193348846692,0,0,-1,0,0,-0.005284552845528559,0.5048534794903278,0.5235200630622759,0.442482702901069,-0.12808586762075125,-0.15528596187175048,-1.0273769951083302,0.04800984817398447,0.0
2020-11-02,24.72,24.37,0.04534367293951662,0.034774468860771825,0.02680227437925479,-0.7365332175731676,0.014259764952375126,26.129,27.281,27.655333333333335,0,2,11,25.874458445515494,27.114779510655254,17.2910662824207,-0.8847657022238451,-0.4835430197285201,30.476739927498727,24.08526007250127,0.029351393310478386,0.02672342878305055,0.028102404673492856,-9416156.0,-1.6027587088442874,0,0,-1,0,0,0.05068116536725479,-1.1270341608531915,0.5600410453373794,0.42422128043338325,-0.07381041588609971,-0.17046979865771816,-1.8922544742383562,0.05684061488673143,0.0
2020-11-03,25.26,24.72,-0.01833134723199543,0.01952683231694069,0.028884579979512433,0.1032182169092216,0.021609484332855127,25.945,27.109,27.607000000000003,1,3,11,25.76273872814904,26.99511631641943,24.96413199426111,-0.8871503921542399,-0.5642644942136641,30.35309682508482,23.864903174915185,0.030915228017296834,0.026717797966367637,0.02669079093695065,-9087319.0,-1.139916654584844,0,0,-1,0,0,0.01699029126213599,-0.9246970485695434,0.6172898590201702,0.4241318939896562,-0.05108940646130722,-0.1198606271777003,-1.7131248575507383,0.04753760886777517,0.0
2020-11-04,27.1,25.26,0.013826015225922722,0.04273513839821569,0.018921235257204516,0.49122516739113775,0.07031161096331025,25.931,27.094,27.613666666666667,2,4,11,26.00587714121285,27.001883005682696,42.568370986920335,-0.7321281362062066,-0.5978372226121726,30.33520445448734,23.852795545512663,0.039876503184436245,0.030384351267988764,0.029924839338086928,-8549895.0,0.003702327381226094,0,0,-1,0,0,0.009105304829770264,0.3635791150864654,0.5075434562879039,0.48233662321876997,0.10162601626016254,-0.010948905109488982,1.4640223152762368,0.06881918819188186,0.0
2020-11-05,27.35,27.1,0.08133950958031978,0.014572206859090725,0.03768926123494883,0.27056328090104775,0.009182800982334982,25.926000000000005,27.057,27.610999999999997,3,5,11,26.250263115537784,27.024342166606395,47.16748768472908,-0.5823855922445702,-0.5947468965386522,30.267076896930913,23.846923103069084,0.039943456319168735,0.029890752597018018,0.029755855382415205,-7845492.0,0.18255014406672546,0,0,-1,0,0,0.020295202952029415,1.4936983540906055,0.4885817843823955,0.47450098723360645,0.11178861788617889,-0.026343894624421438,1.4367200952653227,0.04716636197440582,0.0
2020-11-06,27.01,27.35,0.01543185118926652,0.01543185118926652,-0.023801507466325953,0.9033519607368097,-0.012509361063465995,25.832,26.963,27.557333333333336,4,6,11,26.388397094530912,27.023416865535015,46.59367396593675,-0.48555156957099044,-0.5729078311451199,30.05500735343293,23.87099264656707,0.039497480746575685,0.02916485733016404,0.02869735834800036,-9583861.0,0.030400962628900866,0,0,-1,0,0,0.026691042047531876,3.7809662161020854,0.5012791491371161,0.4629777571097595,0.10832991382847768,-0.06507442021460708,1.2971759386532526,0.0866345797852647,0.0
2020-11-09,28.57,27.01,0.028437935320533625,0.07476912920259951,0.10255939337811465,-0.20525116232558,0.05615004843815747,26.02,26.915999999999997,27.56866666666667,0,9,11,26.785052168252562,27.123196422597275,57.89473684210526,-0.279706662125065,-0.5142675973411089,29.870514119818964,23.96148588018103,0.040611568426208014,0.031776288678767396,0.03055861654811333,-8168059.0,1.1196426437124967,0,0,-1,0,0,0.0696038504257682,2.220366410504468,0.5558520171595489,0.5044329445956945,0.15574433656957942,-0.03185360894611999,0.15879424862383953,0.06090304515225768,0.0
2020-11-10,29.01,28.57,-0.0006925208033001659,-0.02188344237647043,-0.010574649121427228,-0.33688283028239097,0.015283381890630951,26.259000000000004,26.9035,27.563666666666666,1,10,11,27.18958813766119,27.244925685655517,59.209157127991695,-0.08014490658054285,-0.4274430591889958,29.81810406266518,23.98889593733482,0.040508547935815306,0.03193429062410147,0.030087544169785475,-7157187.0,1.4454793548004379,0,0,-1,0,0,0.010500525026251338,1.023482688960234,0.5635263507148355,0.5069411477198048,0.14845605700712583,-0.008544087491455965,0.3107088435146075,0.04774215787659433,0.0
2020-11-11,29.75,29.01,0.014443167164798215,0.008241573854871603,0.018954586428178048,-0.15449202758032432,0.025188533858326007,26.774,26.953500000000002,27.574333333333335,2,11,11,27.655117567177335,27.40654338335516,61.530912659470076,0.1361515674965723,-0.31472413385188214,30.0312248945146,23.875775105485403,0.027348586501773072,0.03213958934270348,0.030399656246465324,-6291021.0,1.8172514411435376,0,0,-1,0,0,0.009651844191657965,0.5776656978871085,0.4078863700029082,0.5102001638432117,0.0977859778597785,0.034782608695652195,0.6319796396626658,0.036638655462184866,0.0
2020-11-12,29.73,29.75,0.0061266359099612045,0.022852459951875227,0.023708377244749786,0.16226784910457306,-0.0006724949816324287,27.287,27.0225,27.60166666666667,3,12,11,28.032368918599637,27.556443810235475,59.213250517598354,0.30246759057697403,-0.1912857889661109,30.288186838371814,23.756813161628187,0.027402662534218945,0.031925820376009974,0.030201158557056202,-7309784.0,1.6581504191932188,0,0,-1,0,0,-0.009411764705882392,0.9518905824729085,0.4285007290476741,0.5068066866998461,0.08702010968921381,0.04867724867724865,0.7693660676657796,0.03666330306088126,0.0
2020-11-13,30.7,29.73,0.00979241321528792,0.027452071063375803,0.010471299867295437,0.01658492877993991,0.032106017583145054,27.919999999999998,27.166999999999994,27.663333333333334,4,13,11,28.51739275158152,27.75925388699448,71.39807897545357,0.5067041603342446,-0.05168779910603981,30.81301065333188,23.52098934666811,0.025660779020925662,0.03214937429275708,0.030724498215189393,-6273984.0,1.938008599492924,0,0,-1,0,0,0.0010090817356206234,0.90764336946862,0.34381259399233666,0.5103554951098097,0.13661606812291738,0.10391945343401665,0.4696921286880251,0.053094462540716585,0.0
2020-11-16,29.68,30.7,0.018972111735598523,-0.02255250222221731,-0.03871009085486754,0.28771489678272266,-0.033789236293971715,28.416000000000004,27.2725,27.659333333333333,0,16,11,28.728775887657605,27.883172991059354,64.82558139534883,0.579576639086131,0.07456508853239435,31.085877422760582,23.45912257723942,0.03135451073770024,0.03317038683457194,0.030841346106926147,-7655096.0,1.2626602264074673,0,0,-1,0,0,-0.01205211726384368,1.5728025082390693,0.4156626818256568,0.5265635667365302,0.038851942597129874,0.07653246282190795,-1.1467993267723526,0.06940700808625344,0.0
2020-11-17,30.0,29.68,-0.013610168594213169,0.007466355087576327,0.021082515771554112,-0.6198472690225542,0.010723963362975642,28.890000000000004,27.4175,27.70266666666667,1,17,11,28.959907544447127,28.019742475507137,81.32250580046403,0.6555926650132662,0.19077060382856872,31.41915163269777,23.41584836730223,0.03143365440193662,0.032813132192847067,0.030075313777892063,-6912021.0,1.2907170523781804,0,0,-1,0,0,0.008086253369272304,0.004094329368773866,0.41170560576110843,0.5208923251161651,0.03412616339193386,0.10701107011070099,-1.0114010510582299,0.05600000000000011,0.0
2020-11-18,28.9,30.0,0.0043355078749401366,-0.027875226718783546,-0.014815085785140587,-0.5989760391350931,-0.03735578654376897,29.07,27.5005,27.752666666666666,2,18,11,28.949015263638557,28.076533283538936,72.119341563786,0.6199289512523265,0.2766022733133203,31.555160606213295,23.445839393786702,0.029109574884999885,0.03414900751290166,0.029646398413433712,-7320247.0,0.6903167174364375,0,0,-1,0,0,0.0016666666666666904,-0.8023847290392123,0.4683696474210819,0.5420986883928848,-0.02857142857142858,0.06093979441997055,0.12242986940240398,0.043598615916955075,0.0
2020-11-19,29.31,28.9,-0.0424872738393163,-0.023894793254122866,-0.01609551892267594,0.11004667150560116,0.014087159604414692,29.266,27.596000000000004,27.793333333333337,3,19,11,29.014648852067907,28.156111781375134,74.94949494949495,0.6176291304851809,0.34480764474769243,31.72989277481689,23.462107225183118,0.029197082928402368,0.03422968513341852,0.029419617282731455,-6864532.0,0.8292426017633797,0,0,-1,0,0,-0.003460207612456674,-0.7031475564898448,0.48929302384830026,0.5433794059144211,-0.014127144298688221,0.06970802919708019,-0.27066789869404223,0.03445922893210502,0.0
2020-11-20,30.49,29.31,0.02163917510348103,0.04755675819009416,0.03330172454903994,0.8423984245745091,0.039470006277362246,29.613999999999997,27.722999999999995,27.846666666666668,4,20,11,29.282894515328284,28.306685214834808,76.88723205964585,0.7029198221293242,0.4164300802240188,32.054048736494856,23.39195126350513,0.029979211391972342,0.03501912742353694,0.029862732301424808,-5806394.0,1.277750571903907,0,0,-1,0,0,0.004094165813715489,0.6913838288293684,0.5254378885603583,0.5559114137589649,-0.006840390879478853,0.09087656529516996,-0.04992212166681349,0.04854050508363399,0.0
2020-11-23,32.22,30.49,0.040291782627009255,0.04725788146533917,0.036513853689374945,-0.11757372758887223,0.055188616748665,29.978999999999996,27.9995,27.937,0,23,11,29.816913694359503,28.55915713645837,79.19463087248322,0.8997382292906408,0.5130917100373432,32.73963757295348,23.259362427046522,0.029810323988094484,0.034764325200982306,0.03130590432842227,-4865630.0,1.7807500035786068,0,0,-1,0,0,0.004919645785503514,0.33794540756156655,0.5638764032730995,0.5518665538726484,0.08557951482479775,0.20719370550768068,-0.7474469413026756,0.058348851644941115,0.0
2020-11-24,34.46,32.22,0.05954893980721932,0.07401945699544313,0.06710512590363801,0.5318156914805177,0.06721185335095538,30.524,28.3915,28.110333333333337,1,24,11,30.661111204475954,28.939856676041703,79.87012987012986,1.222376716618843,0.6549487113536432,33.88770069732375,22.89529930267625,0.03487873061426988,0.03704973089108373,0.03345054511340284,-3264431.0,2.208252694613178,0,0,-1,0,0,0.009310986964618382,1.7511855345531602,0.6673747118098999,0.5881462444780503,0.14866666666666672,0.2945154019534184,-1.0824678964896146,0.0652930934416715,0.0
2020-11-25,34.71,34.46,0.06632428733119121,0.023035285563172605,0.048631958572139616,-0.6236370389431666,0.007228598773911267,31.02,28.897000000000002,28.309000000000005,2,25,11,31.397272803662144,29.31212398726482,79.87012987012986,1.4811689592079595,0.8201927609245065,34.77159149755596,23.022408502444044,0.03491429134197899,0.030574822197983947,0.03315649984464791,-2406202.0,1.9790312236751835,0,0,-1,0,0,0.008415554265815414,-0.057223655220456214,0.424582381274347,0.48536025549529666,0.2010380622837371,0.4109756097560975,-0.025133302475852885,0.041483722270239165,0.0
2020-11-27,35.98,34.71,0.03533936644530886,0.08562816983899223,0.034269682847805814,0.03794922044642705,0.03593539864869212,31.645,29.465999999999998,28.563333333333333,4,27,11,32.23049593026902,29.74230953647354,83.84905660377358,1.7683575371999147,1.0098257161795883,35.776490513923186,23.15550948607681,0.034916006372255795,0.030548445115245404,0.03334857922195345,-1514778.0,2.064498785198328,0,0,-1,0,0,0.037165082108902306,-0.010027876852325288,0.3734932116395602,0.4849415322878713,0.22756738314568392,0.46260162601626,-0.5932787908394032,0.09533073929961089,0.0
2020-11-30,35.49,35.98,0.00027773920467390965,-0.05408155829061309,-0.02059569367208061,0.11811004938589814,-0.013712261863981782,32.124,30.022,28.81933333333333,0,30,11,32.82313303385647,30.113128276055896,78.40722495894912,1.934122291612983,1.1946850312662671,36.40111922644983,23.642880773550168,0.036072760168040084,0.030775648158160435,0.03320830662528396,-2517958.0,1.714343252067765,0,0,-1,0,0,0.0008337965536409432,0.2191526199654279,0.545996842325596,0.48854826877989316,0.163988192850115,0.4562987279441937,-0.3281571631798577,0.05945336714567482,0.0
2020-12-01,35.83,35.49,-0.015391377014722006,-0.01537224890396929,-0.01749315744751723,0.19667376687670823,0.00953456465845714,32.739,30.577499999999997,29.09466666666667,1,1,12,33.36983611860984,30.481958709858745,78.22847682119207,2.0690761898954406,1.3695632629921017,36.94753800699218,24.207461993007815,0.0320001877104483,0.030835480644094283,0.03304678479497576,-1296740.0,1.6491267380930863,0,0,-1,0,0,-0.0008453085376162619,0.682186227370119,0.5089415583601327,0.4894980800485156,0.11204220980757285,0.4494336569579287,0.7810867973874236,0.06000558191459667,0.0
2020-12-02,36.46,35.83,0.015113637810048106,0.023240964039450886,0.0349696085507998,-0.29307427551737675,0.017430237933654624,33.385,31.1375,29.40666666666667,2,2,12,33.93168409704441,30.867638793093665,78.02840434419385,2.2014864955025395,1.5359479094941892,37.50846332466363,24.76653667533637,0.03186717826548318,0.03083078742567095,0.03269770619498742,-385752.0,1.6708619179756508,0,0,-1,0,0,0.004744627407200718,-0.22469761207382055,0.2882773216542438,0.48942357751573573,0.05803830528148568,0.4433887569279493,0.012083346097670072,0.049094898518924825,0.0
2020-12-03,36.88,36.46,0.0317139754895277,0.030345687528048473,0.039264406079403465,0.29790447864305686,0.011453629437876145,34.18300000000001,31.626500000000004,29.728,3,3,12,34.46774153394542,31.255533064506977,78.90056588520616,2.313642871741699,1.6914869019436913,38.1910147333378,25.06198526666221,0.025286126453050048,0.028120505537446137,0.03268284596919699,841379.0,1.6005752788763419,0,0,-1,0,0,0.019199122325836416,0.5981999526222923,0.28592187213678366,0.4463991863609832,0.06251800633823112,0.36088560885608856,-0.2192441165522219,0.04121475054229943,0.0
2020-12-04,37.58,36.88,-0.004315001301413236,-0.002625362495083499,-0.001913353050577166,-0.1762887660177283,0.018802595296926065,35.010000000000005,32.138,30.067333333333334,4,4,12,35.03360670959171,31.6635631893775,78.42975206611573,2.4309888317952613,1.8393872879140054,38.890997307239004,25.385002692760988,0.02510394985485779,0.02808328632979798,0.0327041716266134,1870176.0,1.6117287635125634,0,0,-1,0,0,0.003253796095444616,-0.03619328419882809,0.20870369277939815,0.44580834975639183,0.04446914952751535,0.3740402193784276,-1.747904637311459,0.039648749334752584,0.0
2020-12-07,37.47,37.58,0.028771297278940046,0.01007005174747005,0.011155060577696106,-0.3631233081881631,-0.0029313811797232686,35.708,32.661,30.384666666666664,0,7,12,35.47658730784776,32.03817201586927,84.80786416443256,2.4864480445802997,1.9687994392472643,39.36178361481923,25.96021638518077,0.025971200930704364,0.02764704663013669,0.03275618749675939,1154647.0,1.435354512676569,0,0,-1,0,0,0.013304949441192124,-0.933305427209025,0.1382222063387479,0.43888325921248816,0.05579036348267108,0.38726397630507203,-1.1755814305963397,0.03909794502268472,0.0
2020-12-08,37.46,37.47,-0.019088596562522625,-0.004826201241458951,0.007010004440621204,-0.2593345999697687,-0.00026691578965346463,36.232000000000006,33.1055,30.74366666666667,1,8,12,35.83720779732998,32.387967369684155,84.28308823529416,2.5007656837186545,2.0751926881415423,39.842981881627686,26.36801811837231,0.02341517682611697,0.026132443450726867,0.031122969116287688,602570.0,1.292619431563654,0,0,-1,0,0,-0.0029356818788363872,-1.3542593813593506,0.1602763588506667,0.41483967912649133,0.04549260396315935,0.3111655582779138,-0.3331362647600713,0.02722904431393495,0.0
2020-12-09,36.84,37.46,0.003740319615723177,0.00594463866703484,-0.02530402998912575,0.4998449784322576,-0.01668948562883633,36.47,33.497,31.084333333333337,2,9,12,36.01953365236089,32.675195281317436,88.173076923077,2.4340257635710074,2.1469593032274354,40.14178933173626,26.852210668263734,0.01594772949604023,0.027001800167849845,0.0314481897786871,-307510.0,1.0062019525685961,0,0,-1,0,0,0.0010678056593699718,-0.10760448457041302,0.2177177429915554,0.4286402891711569,0.01042238069116852,0.26990692864529486,-0.17725752085500593,0.05912052117263855,0.0
2020-12-10,37.36,36.84,-0.023473356185642013,-0.009874946359722709,0.00027552004582612807,-0.22538625196415385,0.014016401973535562,36.735,33.8775,31.509666666666664,3,10,12,36.26325480647709,32.9774407470389,88.29686013320655,2.395479948485857,2.19666343227912,40.49032605404457,27.264673945955423,0.01611545704029413,0.02682944246203051,0.02678518366636982,418923.0,1.0532561938083986,0,0,-1,0,0,-0.005700325732899045,-0.7062854203635984,0.22539856496999292,0.4259041954142953,0.013015184381778733,0.2557983193277311,-0.21306732558229594,0.04791220556745199,0.0
2020-12-11,40.06,37.36,0.009239196157817434,0.054163940418669905,0.016664775771102047,0.7186864400563051,0.06977771687703031,37.143,34.394,32.025,4,11,12,36.95357211439035,33.43438005368155,89.77556109725693,2.5533659344050577,2.268003932704308,41.25197392206966,27.536026077930337,0.02485289815768971,0.02983546959879652,0.028634651945311358,1909372.0,1.6523830695145212,0,0,-1,0,0,-0.010438972162740914,1.6671476123768683,0.5508567882284853,0.4736233968434618,0.0659925492283131,0.3474604776320216,1.7080721741327265,0.08237643534697964,0.0
2020-12-14,40.57,40.06,0.0948920630452791,0.07195622903465912,0.0751356205880421,0.5737528040415273,0.012650546980683582,37.650999999999996,34.8875,32.565000000000005,0,14,12,37.611104457228464,33.89474263086339,88.62164662349684,2.6886513543200508,2.3521334170274564,42.04038053863603,27.73461946136398,0.023292533047534824,0.02956261093108012,0.02822079154571157,4554793.0,1.588870377271417,0,0,-1,0,0,0.014727908137793217,3.2482783381799045,0.5326632610936459,0.46929189977638575,0.08273285294902588,0.32149837133550485,1.4681716189883773,0.08429627803795904,0.0
2020-12-15,41.36,40.57,0.009304670460275213,-0.022941080997989638,0.009751221756839129,-1.2307425101183505,0.01928535298181776,38.204,35.4715,33.11966666666667,1,15,12,38.29272182864147,34.37637213854963,86.85897435897444,2.8270242462270048,2.4471115828673664,42.740491894196374,28.202508105803624,0.02330802112897398,0.02735656987005668,0.02821655342596881,5327456.0,1.620169642698716,0,0,-1,0,0,0.011338427409415845,-0.47915447724387955,0.5116314390566239,0.43427208359959524,0.10411105178857438,0.3935309973045822,1.099068255491484,0.04956479690522237,0.0
2020-12-16,40.32,41.36,-0.0007314397497868938,-0.00927804918918461,-0.011766314243628243,0.8141601262683561,-0.025466606437060522,38.59,35.9875,33.62166666666666,2,16,12,38.66131785979756,34.75983200057868,77.63546798029563,2.820256292635854,2.521740524821064,43.084232754547784,28.89076724545221,0.026427035232895534,0.0289262621104241,0.029262297983054283,3583340.0,1.2209844022162493,0,0,-1,0,0,-0.008704061895551243,1.3364732423684944,0.5527294057765195,0.4591901754171154,0.0944625407166122,0.3440000000000001,0.684043412583364,0.052827380952381015,0.0
2020-12-17,39.91,40.32,-0.006852694462040507,-0.02529329487590394,-0.018041399013513638,-0.719119770008955,-0.010220704702470787,38.892999999999994,36.538,34.04866666666667,3,17,12,38.888350976198005,35.09210090376716,71.15177610333696,2.7501075393363976,2.5674139277241306,42.99953835357606,30.076461646423933,0.027205253453681986,0.02696180605481893,0.02759014371667912,2733640.0,1.043714303153151,0,0,-1,0,0,0.009920634920634885,-0.4674841315976849,0.5909523136087167,0.4280054023092384,0.06825481798715205,0.38096885813148784,1.0233461540931166,0.044976196441994534,0.0
2020-12-18,40.0,39.91,-0.022350073606217078,-0.0055306476624076995,0.015742106948607865,0.0354555199780174,0.0022525350532939356,39.135,37.0725,34.470333333333336,4,18,12,39.09046898052564,35.40873955513702,75.36557930258718,2.6709869202062038,2.5881285262205456,42.73581082262679,31.40918917737321,0.026985568742766163,0.027149514076283663,0.027655326568493434,3614007.0,1.0338475466695833,0,0,-1,0,0,-0.002255073916311609,-0.46686393824101263,0.28417916170952545,0.4309851747725644,-0.0014977533699451762,0.36472193790515184,-0.49633759049930354,0.023780000000000003,0.0
2020-12-21,40.0,40.0,-0.02286104131824589,-0.01339970421387361,-0.02786659444018805,-0.2113596754563504,0.0,39.388,37.548,34.903333333333336,0,21,12,39.25583825679371,35.7049499064185,74.38596491228071,2.5785592337628174,2.586214667729,42.42687217338269,32.66912782661731,0.0268867007718293,0.026746424815501404,0.02735079791383697,3614007.0,1.0051503351029358,0,0,-1,0,0,-0.026999999999999958,-0.7717739720317698,0.2612096577990677,0.4245863311314201,-0.014049790485580527,0.3119055428009183,-0.05856760714835497,0.0375,0.0
2020-12-22,41.25,40.0,0.032856127026701536,0.034617424946745266,0.0262246118703618,-0.09809300319918665,0.030771658666753687,39.766999999999996,37.9995,35.326,1,22,12,39.61841311919485,36.06269507374634,76.11777535441658,2.576474189013581,2.584266571985917,42.45527791660474,33.54372208339525,0.02778907788442612,0.025162903759963287,0.026279996828459957,4260063.0,1.4590044929693653,0,0,-1,0,0,0.005499999999999972,-0.8632737487555405,0.3288619451897538,0.3994487136786899,-0.0026595744680850686,0.28026070763500943,0.7236966395730372,0.04572606060606049,0.0
2020-12-23,41.74,41.25,0.03613674446024983,0.011754963231443684,0.029794069178443655,-0.41809608764634204,0.011808788868364643,40.257,38.3635,35.75033333333333,2,23,12,40.00415618843215,36.428972810924,76.2987012987013,2.5845673968138883,2.5843267369515113,42.79115602714733,33.93584397285267,0.026175784018229023,0.02132285737779399,0.026275133351733444,4685361.0,1.5251862291459117,0,0,-1,0,0,0.010909090909090978,-1.1854267717345772,0.24823851474415515,0.3384898671776504,0.035218253968253954,0.21125943122460833,0.9523253334210591,0.02827024436990895,0.0
2020-12-24,42.16,41.74,0.007168489478612497,0.013502514747699932,0.02256555775823968,-0.1333829363179302,0.010012002584052007,40.737,38.736,36.164,3,24,12,40.39612779053539,36.79871650054181,75.55803571428572,2.594958743132487,2.5864531381877067,43.12281949288491,34.349180507115086,0.02618566573702051,0.02131418136346575,0.026163119046847448,5057552.0,1.5610398401636851,0,0,-1,0,0,0.006229036895064638,-1.1965785125102102,0.19589875785423003,0.3383521397199478,0.05637684790779263,0.21463555171420334,1.3615047292476814,0.019449715370018984,0.0
2020-12-28,41.89,42.16,0.02742291212553808,0.03967309949892901,0.0021569810639726324,0.6200906380754835,-0.00642476927416333,40.92,39.03150000000001,36.56933333333333,0,28,12,40.66774091952895,37.12718640373266,74.2324561403509,2.5519894703834396,2.5795604046268537,43.432831257938034,34.63016874206198,0.0160933919583339,0.020646931867475293,0.026279627992967205,4365613.0,1.2989251808050308,0,0,-1,0,0,0.023901802656546657,-0.5499676128789478,0.22758314370330793,0.3277598823470042,0.047250000000000014,0.16425792106725967,0.8165227548262403,0.0584865122941035,0.0
2020-12-29,42.34,41.89,-0.03243545394908233,-0.034182319108503695,-0.03310109941870182,-0.17354295052647137,0.010685130747775606,41.097,39.374,36.95733333333333,1,29,12,40.971788025069145,37.46349695833056,75.52301255230128,2.52513902056144,2.568676127813771,43.68001733196174,35.06798266803826,0.015993646454607054,0.020024122572121054,0.02598430373071938,4947313.0,1.3776070885663376,0,0,-1,0,0,-0.002387204583432834,-0.7122381142725819,0.21200139454078926,0.31787309128864405,0.058499999999999996,0.19301211608903923,0.34085431389260124,0.05488899385923488,0.0
2020-12-30,43.1,42.34,0.017317477013923298,0.028740128805818638,0.04144540817539236,-0.18231536805601367,0.01779073140298295,41.271,39.7375,37.40466666666667,2,30,12,41.35873565687475,37.82714231585762,82.26804123711341,2.535952610922422,2.5621314244355013,44.01113951882222,35.463860481177775,0.015840669315617156,0.020123027292329725,0.024618440187455792,5432066.0,1.5736001996381193,0,0,-1,0,0,0.004251299008030224,-0.8172777590294744,0.14412683421446112,0.31944315504761944,0.044848484848484915,0.20290259559028767,-1.5341007313881347,0.04315545243619488,0.0
2020-12-31,42.39,43.1,0.011225562219815167,-0.022534869433052596,-0.022569985666131307,0.6145508988694357,-0.01661051174515638,41.477999999999994,40.034,37.817666666666675,3,31,12,41.546238264715704,38.12152023096358,75.42972699696664,2.4588868756106805,2.5414825146705375,44.17085565820697,35.89714434179303,0.014206199371147471,0.020828687693052284,0.025191684191000853,4535842.0,1.1390293472415518,0,0,-1,0,0,-0.002320185614849221,-0.04043094110507979,0.22461392757669635,0.3306451666298879,0.01557259223766172,0.16264399341744373,-0.6589553780739108,0.04293465439962256,0.0
2021-01-04,42.94,42.39,-0.02353049741019416,0.0055658770774451765,0.003151899809029943,0.1207421978421245,0.012891307086089081,41.781,40.337,38.285666666666664,0,4,1,41.79964948931284,38.43238989348207,68.60465116279069,2.414360879276863,2.5160581875918027,44.388001695487056,36.28599830451295,0.01329676563742753,0.020845031433577632,0.023463269276928718,5547082.0,1.2851142486066212,0,0,-1,0,0,-0.009200283085633417,0.1983237085885851,0.23109783799906752,0.3309046154674237,0.018500948766603464,0.16431670281995658,-0.7222568838326249,0.04494643688868188,0.0
2021-01-05,42.61,42.94,0.018634812145357185,0.005994945323630738,0.014658438604113495,-0.520064803725857,-0.007714824938814299,42.042,40.5885,38.729000000000006,1,5,1,41.946985945801416,38.70191312616065,63.492063492063494,2.3256369689950773,2.4779739438724575,44.5422019295042,36.634798070495805,0.014074859230676898,0.020947320046515745,0.02378031854637108,4945918.0,1.0225859389726408,0,0,-1,0,0,-0.0034932463903120303,-0.5368376049879602,0.23479585360408803,0.33252839685815166,0.017187873000716225,0.13384779137839287,-0.6598633774022419,0.03708049753578968,0.0
2021-01-06,43.4,42.61,-0.0032771564910373365,0.01686841911944101,0.005708864220319979,0.11204957367308341,0.0183704735945386,42.382000000000005,40.885000000000005,39.15933333333333,2,6,1,42.211170319292066,39.005015505118024,63.492063492063494,2.2926408914923044,2.440907333396427,44.7422447215729,37.02775527842711,0.014352199206244006,0.020988589711028426,0.023240515673958146,5618361.0,1.3040396353044625,0,0,-1,0,0,0.0009387467730579476,-0.39758208528429034,0.2555540866291243,0.3331835324721014,0.025035427491733486,0.15825994128636234,-0.6962950631279845,0.04792626728110612,0.0
2021-01-07,45.26,43.4,0.026606543444712385,0.023898401464967443,0.023673905334279443,-0.24049240342161143,0.04196419909903221,42.783,41.275,39.594,3,7,1,42.765502988511685,39.40856289188461,79.47494033412889,2.389038370468853,2.430533540810912,45.24965920419227,37.30034079580773,0.01669421996401269,0.02231360478399198,0.022445465448927098,6147063.0,2.005203362238867,0,0,-1,0,0,0.009216589861751119,-0.6653535231318513,0.3701662039067012,0.35421749467094343,0.050116009280742446,0.208222103577149,0.3863930342607201,0.04728236853733983,0.0
2021-01-08,44.29,45.26,0.02702867238791942,0.0008824178820988019,0.0013888891121541234,0.8120572902429953,-0.021664722270284435,43.038,41.647499999999994,39.92166666666667,4,8,1,43.04268426332774,39.723494318214634,74.49664429530205,2.3599590349608093,2.4164186396408915,45.25118159700994,38.04381840299005,0.01927783920616865,0.02264049591966767,0.020406162009478767,4956142.0,1.4665557590840135,0,0,-1,0,0,-0.005744586831639373,0.5500893019426178,0.3934822818078345,0.3594067305756795,0.044821891955649784,0.20222584147665557,0.17887270767383656,0.047866335515917915,0.0
2021-01-11,44.91,44.29,-0.03298243396391843,-0.005749684128152802,0.002772004547010492,-0.7881908794546566,0.013901569164539827,43.313,42.025,40.26166666666666,0,11,1,43.382196215449966,40.05810758800724,75.92397043294616,2.359740649192844,2.405083041551282,45.304829905730294,38.7451700942697,0.01940718900919243,0.02263925872169029,0.02042799078818104,5497614.0,1.759237572021354,0,0,-1,0,0,-0.01693384511176338,-0.6393521571016176,0.39419200728585113,0.3593870906666553,0.04587796925943177,0.2020877944325481,0.13832603447002484,0.038744154976619954,0.0
2021-01-12,45.02,44.91,0.0329824339639183,0.00905183352391179,0.029099575414627616,-0.2626306110273121,0.0024463483789396415,43.626,42.273,40.562999999999995,1,12,1,43.67997872173179,40.37822967910355,76.20041753653449,2.341452846677285,2.3923570025764826,45.67503716059977,38.870962839400235,0.018949291090969645,0.01717070611480053,0.019768124052478384,5914020.0,1.6149147527334555,0,0,-1,0,0,0.0020040080160321403,-0.7857336315022845,0.3727346442653435,0.2725765092908297,0.05655949307674257,0.12381427858212679,-0.12299695516293979,0.019324744557974175,0.0
2021-01-13,44.8,45.02,0.00022219753452146847,-0.002861232281032235,-0.0020186168119570415,0.0032224216165992036,-0.004898696057646814,43.872,42.484500000000004,40.87333333333333,2,13,1,43.8836189541442,40.663505183677515,70.76023391812865,2.2828917153995363,2.3704639451410934,45.96577910551894,39.00322089448107,0.01928385180751095,0.01725851290122616,0.019506187991317692,5496270.0,1.3302581779950864,0,0,-1,0,0,-0.00022212350066648412,-0.9400807076708292,0.3810105702220056,0.2739703988126656,0.032258064516129004,0.10426423465614976,0.7374915222040134,0.018526785714285676,0.0
2021-01-14,44.95,44.8,-0.00022219753452154854,0.006809471671882198,0.005820477591717876,0.11122765091971434,0.0033426214966899284,44.057,42.664,41.17733333333333,3,14,1,44.07750641702707,40.94005323634348,69.54933008526189,2.2229604391517412,2.3409632439432233,46.26915654087404,39.05884345912596,0.01881113165592321,0.016925766807581642,0.019521689270218613,5963168.0,1.2681834888899317,0,0,-1,0,0,0.004464285714285778,-0.7303778685353948,0.20817147756200585,0.26868821833159595,-0.006849315068493067,0.08679883945841405,-0.8244918062648215,0.019577308120133537,0.0
2021-01-15,47.89,44.95,-0.017937700686667207,0.060315518728094694,-0.037525721891502474,1.1497863850364982,0.06335595343688866,44.607,43.042500000000004,41.55833333333333,4,15,1,44.77068706847669,41.38843689851487,76.70083876980429,2.3852027675712577,2.3498111486688305,47.16402181909297,38.920978180907035,0.025397716322690684,0.020389745306616074,0.022129220592687803,7437407.0,2.352286467364519,0,0,-1,0,0,-0.01668520578420467,2.729918616824911,0.4507411255073921,0.3236771722635154,0.08128245653646426,0.18774801587301582,1.9358067890642972,0.11213196909584473,0.0
2021-01-19,48.92,47.89,0.09489874182279552,0.036028993029844046,0.10589339798453559,-0.34943672876798265,0.021279596464453727,45.205,43.493,41.95966666666667,1,19,1,45.525107601480926,41.87434419538488,80.59181897302,2.5672991471868656,2.3933087483724376,48.112442208295896,38.87355779170411,0.025556153339230604,0.020063709882390066,0.022237669808442082,8476871.0,2.3496343304193053,0,0,-1,0,0,0.014825642096471097,1.1433898297730092,0.45172570129028833,0.31850152035691864,0.08928969049209545,0.22575795539964938,1.6620679989081606,0.04762878168438263,0.0
2021-01-20,48.58,48.92,0.028399474521697957,-0.001990050408009925,-0.003535531772325325,-0.2468456090406414,-0.006974387244945291,45.802,43.922000000000004,42.32633333333333,2,20,1,46.08054258302984,42.30696715052134,77.41652021089627,2.6535877734134914,2.4453645533806485,48.76385958186753,39.08014041813248,0.025489709857277602,0.020364131535949553,0.022367873202538174,7664778.0,1.924054145413025,0,0,-1,0,0,0.022076860179885492,0.38557162305076353,0.47582642604868114,0.32327056625958184,0.07907596623722779,0.2144999999999999,1.5616733921746788,0.0493886372993002,0.0
2021-01-21,47.28,48.58,-0.02163230012711384,-0.025624321396651363,-0.012646391150137493,0.03251836466055281,-0.027124550476183642,46.190000000000005,44.286,42.65333333333333,3,21,1,46.29862574975168,42.62780797951996,67.53355704697985,2.5872488022416036,2.4737414031528395,48.97868815342114,39.593311846578864,0.02835551494009479,0.021875766336665662,0.023207345071731514,6825843.0,1.2760276848216583,0,0,-1,0,0,0.007204610951008675,0.45309539109682945,0.5542747120660975,0.3472670247946549,0.05535714285714288,0.18199999999999994,0.9552735359464344,0.036590524534686905,0.0
2021-01-22,50.24,47.28,-0.040243103590973585,0.030592041498585895,-0.011935350549272791,-0.10530422894521702,0.06072414906210041,46.688,44.7355,43.07933333333334,4,22,1,47.01523924979682,43.11891714213158,77.69936485532814,2.741914864118428,2.527376095345957,49.902054282874666,39.56894571712534,0.03149322681491561,0.02454394575221739,0.025186185550069354,7580927.0,2.130820542521157,0,0,-1,0,0,-0.0059221658206430015,0.14994645193733153,0.6517276780861831,0.3896230599157641,0.11768631813125685,0.21793939393939388,-0.09012383898584933,0.07583598726114654,0.0
2021-01-25,48.0,50.24,0.06187540371808745,-0.008959741371471982,-0.018174450922097702,0.49589409856950273,-0.045610511252052295,47.059000000000005,45.048500000000004,43.45133333333333,0,25,1,47.19428665892467,43.433825713606964,65.95208070617906,2.6531556263966394,2.5525320015560937,50.209439428967315,39.887560571032694,0.03481296280152083,0.0274182498154831,0.02668581531173567,6341105.0,1.143784010885237,0,0,-1,0,0,-0.004777070063694307,1.5810335180368678,0.6701036269049855,0.4352512223784653,0.002296930465650382,0.14997604216578808,0.6775461676935454,0.08750000000000006,0.0
2021-01-26,44.96,48.0,-0.03666398437159136,-0.03541994523126044,-0.02722310416167471,-0.5891014271086895,-0.06542780532245532,47.064,45.188500000000005,43.70466666666667,1,26,1,46.78805272093837,43.53228857079361,56.3274098007539,2.310872398820919,2.504200081009059,50.16824962380491,40.2087503761951,0.0414417536638407,0.031626792197809554,0.029762531203838673,5653220.0,-0.09177168221779493,0,0,-1,0,0,0.004166666666666726,-0.2686922575985396,0.7709339315476482,0.502059761532732,-0.08094848732624693,0.0664136622390894,1.2741602806944816,0.08207295373665476,0.0
2021-01-27,44.3,44.96,-0.10259808296191632,-0.03457342658927462,-0.07910828535882103,0.4675055451751371,-0.014788528534345816,46.992000000000004,45.309000000000005,43.846000000000004,2,27,1,46.335679498949574,43.58181834041984,52.44034707158351,1.9637174780841562,2.396103560424079,50.06425150145615,40.55374849854386,0.0417227285273713,0.03181940250534266,0.027278569212808124,4555350.0,-0.42437292735874604,0,0,-1,0,0,-0.032473309608540946,1.0184820697100325,0.7672852109511283,0.5051173553748136,-0.08810209962947713,0.05753163046073051,1.4498548606200572,0.12279909706546271,0.0
2021-01-28,46.52,44.3,0.0013783599701213596,0.020803127629763326,0.05503809513294524,-0.39887995367001583,0.04889765059937394,47.164,45.518,44.044333333333334,3,28,1,46.36919231732238,43.771378447489525,53.35106382978724,1.846445474907668,2.2861719433207965,50.08762327135408,40.94837672864592,0.04465125216975743,0.033479895545291766,0.028529595202666586,5292099.0,0.4385481867975023,0,0,-1,0,0,-0.016704288939051803,-0.19525706477554977,0.8918652076318153,0.5314768651995674,-0.016074450084602288,0.09872461029759094,0.2356270350901561,0.08791917454858132,0.0
2021-01-29,46.77,46.52,0.06251340033860972,0.018731036706063128,0.05837948166470747,-0.40329305112242714,0.005359644087331242,47.346000000000004,45.701499999999996,44.224666666666664,4,29,1,46.442066441445576,43.9648379024902,56.85840707964602,1.7534666066080504,2.1796308759782477,50.155575720765334,41.24742427923466,0.04464919888971341,0.033346616310699996,0.028398172711352115,5784333.0,0.4797852874474295,0,0,-1,0,0,-0.0032244196044713173,-1.010409572131052,0.7034165901188808,0.5293611229416143,-0.06906847133757954,0.08515081206496533,0.5196912355229182,0.050765447936711526,0.0
2021-02-01,48.28,46.77,0.019434674694473335,0.007775874938529849,0.014085482758736882,0.31263954479808265,0.03177542449153589,47.385000000000005,45.996,44.49,0,1,2,46.77623617936456,44.24323545716826,58.88244596731682,1.781093229944723,2.099923346771543,50.30467619186116,41.68732380813884,0.040714799185657936,0.03350536772747202,0.02826672851352047,6457231.0,1.0601864230662514,0,0,-1,0,0,0.010904425914047423,-0.3717989042059733,0.7005542184449407,0.531881223555962,0.005833333333333357,0.13894786506251466,-0.6942223103278943,0.04346727423363707,0.0
2021-02-02,48.67,48.28,0.03838247308271413,0.015457287454439028,0.0068172398663390405,0.04766305834752233,0.008045427616032191,47.36,46.2825,44.782000000000004,1,2,2,47.120556874025546,44.52883316960902,59.48051948051947,1.813551772673513,2.042649031951937,50.496556053382285,42.06844394661771,0.040201894428206084,0.033477730796202185,0.02809352340966498,7162978.0,1.1331125973437144,0,0,-1,0,0,0.01760563380281693,-0.2149158279599796,0.40046196743175594,0.5314425008731162,0.082517793594306,0.1334420121099209,0.3024637066736437,0.05218820628724058,0.0
2021-02-03,47.52,48.67,-0.005715467691765174,-0.001411148303923943,0.0021208915691376296,0.04682158481112908,-0.023912148790973427,47.254000000000005,46.528,45.032666666666664,2,3,2,47.19318289692999,44.72181167479554,56.73934588701686,1.726577106461896,1.979434646853929,50.39936641184118,42.65663358815882,0.0408725369395926,0.03402644191044591,0.02863698770722224,6423401.0,0.5124805531017772,0,0,-1,0,0,0.0036983768235052334,-0.12518453176044703,0.44638858720440433,0.5401530197725525,0.07268623024830712,0.11523116639286557,-0.0962204163512876,0.04987373737373731,0.0
2021-02-04,49.43,47.52,-0.028235215927761216,0.007436472819144557,-0.00010593781460196883,-0.15301576506672027,0.03940685226447847,47.469,46.8295,45.347,3,4,2,47.599876915669995,45.0255657602926,60.20966271649953,1.7911231416925517,1.9417723458216538,50.61339092420895,43.045609075791056,0.0417410195725568,0.034782037151869546,0.029272355328260186,7058044.0,1.374511079778892,0,0,-1,0,0,-0.0006313131313131552,-0.4745512088828404,0.3995525910088333,0.5521477223763369,0.0625537403267411,0.13894009216589875,-0.47875891635711443,0.0555330770786971,0.0
2021-02-05,49.92,49.43,0.04608921016561664,0.005989237308316243,0.034671111052686755,-0.08554462725863128,0.009864196742304326,47.437,47.0625,45.635999999999996,4,5,2,48.02171747645727,45.34133571124146,55.207798871216006,1.8603700565690744,1.925491887971138,51.00983154368676,43.11516845631324,0.0367187563283189,0.03376463144393176,0.028932470607745342,7640654.0,1.4478135258591096,0,0,-1,0,0,0.006069188751770122,-0.6650943242071232,0.3957622818512914,0.5359969074623709,0.06735086593970485,0.10296067167476819,-0.6656863174141202,0.02764423076923082,0.0
2021-02-08,50.65,49.92,0.010203149433296194,0.00891713032431465,0.011800747319840899,0.011604027752864426,0.014517506633520083,47.702,47.3805,45.933,0,8,2,48.49958702619231,45.68383018148395,54.50755601875976,1.9516561573233986,1.93072474184159,51.41124225892572,43.34975774107428,0.033354935221632236,0.03321177831291993,0.028953474615831643,8230064.0,1.622281847845758,0,0,-1,0,0,0.006410256410256416,-0.5665388320905763,0.36090285508283987,0.5272206360851667,0.04908864954432479,0.14359900654775348,-0.3330919132293106,0.024679170779861797,0.0
2021-02-09,50.44,50.65,0.012461836674730269,0.008055844725400907,0.007455953935756784,0.18630348396054122,-0.004154719597973637,48.25,47.657000000000004,46.208999999999996,1,9,2,48.85238938506643,45.99067984719467,54.87932843651626,1.9841833740702484,1.9414164682873218,51.73262252267837,43.58137747732164,0.023501881166207092,0.03326561166019141,0.029015655783997018,7519950.0,1.3656809405259127,0,0,-1,0,0,0.004343534057255654,-0.1655461521878867,0.3748194582640975,0.5280752139799018,0.0363673720978015,0.12313515920730356,0.13632678946557905,0.025574940523394117,0.0
2021-02-10,48.82,50.44,0.003532185776000842,0.015146934711668907,-0.029542741338600142,-0.07498578957032599,-0.03264444613190479,48.702,47.846999999999994,46.440000000000005,2,10,2,48.84650040596344,46.173216631246625,53.97316821465428,1.8578251151218268,1.924698197654223,51.755899966405266,43.93810003359472,0.026180226228589967,0.03435874601150665,0.029776717635505368,6861137.0,0.4978382707986273,0,0,-1,0,0,0.012093576526566207,-0.4127540497422178,0.42106992386569214,0.545428183838874,0.027356902356902246,0.08440693025322066,-0.29374419778592714,0.07209954936501434,0.0
2021-02-11,49.89,48.82,-0.03691192111241196,-0.012410954892794066,-0.0027332604915274823,-0.02849510562252276,0.02168051690813204,49.039,48.1015,46.69166666666667,3,11,2,49.03622760487917,46.41300910665007,48.99942824471126,1.8230108083659715,1.9043607197965728,51.833914344911335,44.36908565508867,0.022671567801287734,0.03449099523241986,0.029913587910387777,7501442.0,0.9583609078334994,0,0,-1,0,0,0.0077836952068824775,-0.5481911438879734,0.3386543270582262,0.5475275751365843,0.009306089419381047,0.11361607142857144,-1.2765037029218322,0.0603728202044498,0.0
2021-02-12,50.4,49.89,0.017328662505365813,-0.003127445864195069,0.02178145546222201,-0.20150120016819534,0.010170593204376872,49.402,48.374,46.934999999999995,4,12,2,49.284186222173865,46.670234325575876,57.61421319796954,1.815643350840837,1.8866172460054256,51.92921499830953,44.81878500169047,0.022678850928557138,0.034497868386226344,0.02983956398163854,8024893.0,1.1397341657049371,0,0,-1,0,0,0.0034074964922830566,-1.0358864017737996,0.3391145264676187,0.5476366830707523,0.009615384615384581,0.12124582869855383,-1.283242304685119,0.035515873015873,0.0
2021-02-16,49.36,50.4,0.024273515397548868,0.004102770236838632,-0.012042190628742254,-0.11389149421751125,-0.020850795480190597,49.510000000000005,48.4475,47.16733333333333,1,16,2,49.29797054541498,46.84376759489357,65.98837209302326,1.7062170710038629,1.850537211005113,52.021316329624284,44.87368367037571,0.022486883697547203,0.032014884742778665,0.02995544399228554,7557789.0,0.510658587816085,0,0,-1,0,0,0.01765873015873017,-1.3308963249926573,0.3493097184930266,0.5082205396907304,-0.025468904244817403,0.03069534349551062,-0.03960065592245635,0.05247163695299831,0.0
2021-02-17,49.39,49.36,-0.0456755032905505,-0.026473296306614446,-0.004115232145106655,0.13041293531780904,0.0006075949554010742,49.582,48.471000000000004,47.382333333333335,2,17,2,49.31470317352134,47.00804065328754,69.38309215536941,1.6034333238836922,1.801116433580829,52.0640277512214,44.877972248778605,0.022402781350871263,0.03168400695868579,0.029934389391786158,8089960.0,0.5115462855457188,0,0,-1,0,0,-0.007293354943273895,-0.9180995403328576,0.35162316665521615,0.5029680177043353,-0.020816812053925382,0.009607522485690856,-0.24704117630178613,0.029358169669973736,0.0
2021-02-18,49.03,49.39,0.002038736689848309,-0.005420067469339256,-0.013806208813306898,-0.2557570679087968,-0.007315618889391598,49.733000000000004,48.4935,47.59633333333333,3,18,2,49.26293896015382,47.138489643398024,61.1357586512866,1.4759140539304667,1.7360759576507567,52.09502759987009,44.8919724001299,0.02089575069150557,0.03168854612678926,0.02992863778584036,7677884.0,0.2979291343036522,0,0,-1,0,0,-0.005871633933994719,-1.3806944530640688,0.2583584349158713,0.5030400747641006,0.004301515772224596,0.009263071222725516,-0.0626087851374557,0.0376300224352437,0.0
2021-02-19,50.68,49.03,0.03362187916974957,0.03500802465483533,0.033406672963139566,0.19623826921831697,0.03309899978979639,49.858,48.6635,47.839000000000006,4,19,2,49.52058642194403,47.36697418253364,65.43014996053671,1.4908101922414048,1.6870228045688864,52.34395921047828,44.983040789521716,0.01968064931566695,0.03178854525516974,0.030287352680735832,8179305.0,1.09578717474114,0,0,-1,0,0,0.03566999796043237,-0.8422945153041241,0.32353150709128864,0.5046275117142085,0.015834836640609362,0.07191201353637888,0.6555076503984184,0.039265982636148423,0.0
2021-02-22,51.25,50.68,-0.0112667039236104,-0.0019455259054914423,0.009257461967902189,0.19181886103497867,0.011184262565579209,49.991,48.714,48.03866666666667,0,22,2,49.83502525431784,47.617491977208886,62.65984654731458,1.5309617514053429,1.6558105939361778,52.511397446727884,44.916602553272114,0.019739596144696787,0.02872873677445039,0.029486626118112303,8786752.0,1.3356516064365116,0,0,-1,0,0,-0.009273875295974721,-0.2731321369153712,0.3249887045689924,0.45605455791738986,0.016865079365079305,0.020103503184713434,0.6049190518892555,0.027902439024390237,0.0
2021-02-23,51.28,51.25,-0.004191204618468103,0.006405923099779139,-0.01615340439373865,0.21159330304034782,0.000585194593897041,50.054,48.878,48.27166666666666,1,23,2,50.09774793535095,47.85378281738896,61.47757255936676,1.5473658305063722,1.6341216412502166,52.825890042727636,44.930109957272364,0.019300272306499177,0.02662234992416456,0.029088451009796325,9537341.0,1.2168525333803046,0,0,-1,0,0,-0.024390243902439025,0.7731447952105593,0.25246203982076854,0.42261670329287215,0.03889789303079416,0.06833333333333336,1.373158081707328,0.04992004680187205,0.0
2021-02-24,53.34,51.28,0.03440142671733232,0.03423689275939598,0.05022187589821389,0.36398678388953465,0.039385706141453605,50.344,49.297,48.552666666666674,2,24,2,50.68724831074168,48.20773231304129,73.69706840390882,1.706914714924487,1.6486802559850708,53.27272158296545,45.32127841703454,0.022676894460442302,0.022685260689378543,0.029743342069921956,10617480.0,2.0338446320400387,0,0,-1,0,0,0.009165366614664563,2.3925133347808565,0.3270623589642424,0.3601173492645918,0.07997570358372141,0.18638790035587194,0.23274415847202923,0.03430821147356577,0.0
2021-02-25,43.31,53.34,-0.06486063420204088,-0.057928651881571376,-0.18027138490589564,0.939140081546972,-0.2083029635273329,49.793,49.2475,48.49566666666667,3,25,2,49.34593043606137,47.891749583167666,35.0,1.0123514224893952,1.5214144892859358,53.500186457435746,44.99481354256426,0.06527222768074775,0.049459128915202474,0.046294225090756855,7854721.0,-2.792352579682142,0,0,-1,0,0,-0.09073865766779159,4.0682564536350085,1.5088165665972375,0.7851393310290573,-0.11666326738731392,-0.022347629796839574,-2.077789159199401,0.16947587162318162,0.0
2021-02-26,42.09,43.31,-0.10995294623203643,-0.13718946643390986,-0.05995825450751325,-0.6785226300647718,-0.028573372444056,49.013,49.025999999999996,48.40533333333334,4,26,2,48.02667035677749,47.51744315844718,31.471840984382396,0.3593191971058971,1.2889954308499283,54.231557354252786,43.82044264574721,0.0644887329345518,0.048383444758321084,0.04657029504724171,6452991.0,-2.664844330005692,0,0,-1,0,0,0.0032325098129762308,1.2115272571367997,1.430912393301642,0.7680633744188953,-0.16949486977111283,-0.09522785898538266,-1.8352293481978716,0.08030411023996203,0.0
2021-03-01,43.64,42.09,0.021178065793046867,0.012198027910960344,0.039817058426459974,-0.29121012721444256,0.036163978182390824,48.337,48.8695,48.36166666666667,0,1,3,47.22909392827249,47.267285535321555,34.03189066059227,-0.03276381932967354,1.024643580814008,54.52903866447886,43.20996133552114,0.06616109057146106,0.04920010976505359,0.04707518468764445,7500586.0,-1.8480304880049938,0,0,-1,0,0,0.05440722261819907,0.4762071085565869,1.4908312377982247,0.7810275294924738,-0.1484878048780488,-0.06692324139405603,-1.7684421309563212,0.05201649862511448,0.0
2021-03-02,43.96,43.64,-0.015440815402903442,0.002242656243834021,0.01479421135527274,-0.03084322394972272,0.007305968570550494,47.797000000000004,48.653499999999994,48.23066666666667,1,2,3,46.63471321404113,47.05391227497823,35.312783318223026,-0.3140509254335555,0.7569046795644954,54.72269495224988,42.58430504775011,0.06635126001231882,0.04859261030204905,0.045466497738307785,8516363.0,-1.5466631198788847,0,0,-1,0,0,0.001374885426214534,0.38075445210866726,1.499646924878766,0.7713837744881821,-0.14274570982839319,-0.08947804473902232,-1.798787027926623,0.03958143767060969,0.0
2021-03-03,42.78,43.96,0.01115041704110397,-0.005841400568607595,-0.01455766493193429,-0.09859423881360628,-0.02720942588116102,47.136,48.359,48.025999999999996,2,3,3,45.93385626603365,46.778175999173186,36.03145235892692,-0.6249846874758163,0.48052680615643306,54.97206489975833,41.745935100241674,0.06646321340168322,0.048784248206670086,0.045469887288476764,7595957.0,-1.6872660663602088,0,0,-1,0,0,0.005232029117379365,0.17638392509567188,1.3832469499299946,0.7744259319125867,-0.1979752530933634,-0.12101910828025475,-1.7011209440243147,0.04908835904628334,0.0
2021-03-04,40.66,42.78,-0.05059083396135793,-0.02579168412655958,-0.06776035657873755,0.1157976418425973,-0.05082589545405909,46.299,48.016000000000005,47.76199999999999,3,4,3,44.974973308572984,46.38345496696847,29.642699602999556,-1.0305882367969517,0.17830379756575612,55.470390158260685,40.561609841739326,0.06746307464351478,0.04963735955470091,0.046243989531041724,6562554.0,-1.9736020905340899,0,0,-1,0,0,-0.017999064983637285,0.36483713903627896,0.5412408022864622,0.7879686547178065,-0.0611867928884785,-0.14436026936026947,0.6759520392831736,0.0919822921790458,0.0
2021-03-05,43.53,40.66,-0.013902429091980247,0.014005509611853857,-0.023042494147154355,0.1900086728709505,0.0682055473640058,45.584,47.721,47.63700000000001,4,5,3,44.712250888832436,46.1993610981318,36.27646823811427,-1.1076783311448892,-0.07889262817637296,55.40326912750153,40.03873087249846,0.07139656646840727,0.051568880434675,0.04803078667969169,7812207.0,-1.09108387910982,0,0,-1,0,0,0.01893753074274479,0.7143280624000582,0.7643882921550225,0.818630598121047,0.034212401995723285,-0.1193607121181468,0.16920380305545113,0.1206064782908339,0.0
2021-03-08,42.17,43.53,0.048755682005327955,0.020312140453982306,0.08724876571478023,-0.6202482744660203,-0.03174128780573763,44.676,47.3335,47.368,0,8,3,44.25002345449927,45.93940231760717,35.818540433925065,-1.263943466817551,-0.3159027959046086,55.324374466342036,39.342625533657966,0.07108427246012174,0.05176510896598509,0.04674681863682702,7140130.0,-1.2923491719833473,0,0,-1,0,0,-0.0006891798759476485,-0.39518777026080426,0.7534869751822418,0.8217456294849387,-0.033684692942254735,-0.15524839743589747,1.3337382200213919,0.062366611335072215,0.0
2021-03-09,43.87,42.17,-0.009237940984936249,0.009782203394461099,0.022762921118776962,-0.5207951490326029,0.03952164741965404,43.935,46.9945,47.230333333333334,1,9,3,44.18092828095395,45.80589249066477,39.785344189489265,-1.2363569666543341,-0.4999936300545538,54.968208045821285,39.02079195417872,0.07324339153341836,0.05264155687926637,0.046817722635586645,7539376.0,-0.783700627623916,0,0,-1,0,0,0.022053592601375377,-0.8862991087256674,0.823247845868442,0.8356588087788013,-0.0020473157415833443,-0.1338598223099704,0.6710678014835098,0.047868702986095316,0.0
2021-03-10,46.03,43.87,0.06685601927793357,0.059270243321127895,0.05660399361390692,0.42205657449105044,0.048062642651027485,43.204,46.774,47.266,2,10,3,44.51712313896232,45.82035103965414,44.795281054823036,-1.0283463814363714,-0.6056641803309173,54.58885064005135,38.959149359948654,0.07402460501802846,0.054060256065485215,0.04622781629427443,8148264.0,-0.19040671006224413,0,0,-1,0,0,0.05037611123774791,-0.4796031112991842,0.8401764976480325,0.85817996017047,0.0759700794763909,-0.08743061062648683,-0.4749146144941339,0.05105366065609388,0.0
2021-03-11,47.32,46.03,0.021893984634736338,-0.00543593226501791,0.02886888417388648,-0.09771136676859316,0.027639681281035965,43.605000000000004,46.699,47.36666666666667,3,11,3,45.02673711369644,45.91710258548291,44.096978215038654,-0.7507500952235944,-0.6346813633094528,54.45977831148366,38.938221688516336,0.04115216576572174,0.05403155693845928,0.046357069043762904,8700471.0,0.16003549517220603,0,0,-1,0,0,0.023245709320008696,-0.5731480453264218,0.6080465105644791,0.8577243756527383,0.16379734382685696,-0.030725112658746445,-1.3272875796517796,0.015936179205409996,0.0
2021-03-12,48.59,47.32,-0.004681855753614888,0.02130599783970857,-0.015799650015320386,-0.019127564957621683,0.026484709307625753,44.255,46.634,47.43566666666666,4,12,3,45.67460309302436,46.089547579967885,45.43895747599452,-0.42339402944180904,-0.5924238965359241,54.30348677346902,38.96451322653098,0.0391634769466614,0.05414795592266228,0.04573759871208639,9242216.0,0.5100732442140391,0,0,-1,0,0,-0.00929839391377848,-0.5807038888120659,0.5000904263868727,0.8595721522431083,0.1162416724098323,-0.026057326117458368,-1.7566379478034742,0.051804898127186715,0.0
2021-03-15,47.82,48.59,0.03706066336325691,0.010062649228905492,0.028585564109224276,-0.3405733350814559,-0.01597378638763305,44.673,46.504999999999995,47.47066666666667,0,15,3,46.06467525792902,46.20118967158287,44.214046822742475,-0.22351797756785174,-0.5186427127423097,53.99240556569886,39.01759443430113,0.0394654423189499,0.05420757226054794,0.045856288561985606,8856839.0,0.3512565169500776,0,0,-1,0,0,0.0012348219798311414,-0.8502457400503187,0.3968902291393265,0.8605185322678395,0.13398150343846327,-0.05119047619047612,-1.4834920043661137,0.03492262651610208,0.0
2021-03-16,48.02,47.82,-0.00680625500545456,-0.013088121388883392,-0.00865989148341418,0.07934364718352639,0.00417362876292856,45.07899999999999,46.438,47.462,1,16,3,46.42018884739647,46.31853227341624,40.513552068473615,-0.04841830185386442,-0.42459783056462064,53.84134661167683,39.03465338832317,0.03950063215679735,0.054020826528720096,0.04549850028293639,9274039.0,0.4273742897583134,0,0,-1,0,0,0.010455876202425763,-0.7842339895448913,0.39604339616959805,0.8575540356789241,0.0945976749487123,-0.027147487844408347,-0.3455143049401098,0.02998750520616405,0.0
2021-03-17,48.73,48.02,-0.010610730988547428,0.009220432089115558,-0.0130246316514279,0.31658150107435085,0.014677266062307487,45.674,46.405,47.464000000000006,2,17,3,46.8401545115062,46.474110836421644,64.4764957264957,0.14595800592038444,-0.31048666326761964,53.75866002678047,39.051339973219534,0.037373186774341864,0.05412034472846435,0.045551433661199944,9846616.0,0.6323381803164246,0,0,-1,0,0,-0.004373177842565615,-0.5038965905472066,0.2884294520528424,0.859133838123613,0.05865739734955455,-0.013363028953229494,-0.9079448104792633,0.05130309870716192,0.0
2021-03-18,46.03,48.73,0.009989677247438494,-0.0020416503621097115,-0.01624995133213646,0.135460057927946,-0.05700149902626468,46.211,46.255,47.41433333333334,3,18,3,46.692853691232344,46.445458524394446,59.75247524752476,0.08119918145952454,-0.23214949432219084,53.50486388256944,39.00513611743057,0.03850291163928148,0.05555136180118153,0.046506418125054065,9190979.0,-0.06207013087265271,0,0,-1,0,0,-0.00902934537246045,-0.378832324153747,0.5111979850911154,0.8818505299013968,-0.027261200338123404,-0.06118702834998979,-1.0911139629590196,0.06843363024114704,0.0
2021-03-19,47.13,46.03,-0.05403270816392014,-0.028188394856842092,-0.016962627219579363,0.27432989055750484,0.023616383106489443,46.571000000000005,46.0775,47.337666666666664,4,19,3,46.772334838281004,46.489622490562546,58.835443037974684,0.11728615168011203,-0.16226236512173028,53.03931124345303,39.11568875654697,0.033234344088870445,0.055267950786048924,0.04611507724719308,10053567.0,0.3023638427398576,0,0,-1,0,0,-0.006082989354768653,-0.026931342300433852,0.49992750854114454,0.8773515195122533,-0.03004733484256017,-0.07004735595895817,-1.18245747308129,0.054317844260555956,0.0
2021-03-22,48.56,47.13,0.029505747621800856,0.029209741079831476,0.04219851834943079,-0.5532302061604847,0.029890405815603382,47.21,45.943,47.29233333333334,0,22,3,47.097364867684455,46.6231952331069,61.025886864813046,0.25829689869988215,-0.07815051235740779,52.58043165293351,39.30556834706648,0.030662475827764393,0.05567324947949069,0.04642359596056496,10549632.0,0.7885580257066392,0,0,-1,0,0,-0.00021217907914290507,-0.7037113421464262,0.5461392526658799,0.8837854368095313,0.015474696779590236,-0.052487804878048716,-1.8009219388430546,0.04180395387149905,0.0
2021-03-23,49.13,48.56,0.030514384230695215,0.025598495415163607,0.02751778243105954,0.6754566208153617,0.011669699429314154,47.736000000000004,45.8355,47.24166666666667,1,23,3,47.46693489174183,46.784924572906455,65.67901234567901,0.41130193526864645,0.019739977167803055,52.17179303881059,39.499206961189415,0.029305206460410387,0.05574681491397868,0.04639567156177117,11524365.0,1.0398824611869346,0,0,-1,0,0,0.00041186161449744687,0.1731013521478341,0.5493067659808579,0.8849532518780051,0.02311536859641805,-0.04192667706708264,-1.9829757758387505,0.040506818644412745,0.0
2021-03-24,47.25,49.13,0.01754788957540895,-0.0013940060009088654,-0.024540323829868222,-0.3380359377257439,-0.03901719224080515,47.858000000000004,45.531,47.13533333333333,2,24,3,47.427492184152406,46.814929439170555,66.46676661669166,0.37651896465707324,0.09109577466565709,50.85294622097431,40.20905377902569,0.02993499829127741,0.05549034399736917,0.04691877952213592,10829215.0,0.6460042731079295,0,0,-1,0,0,0.006309790352126911,-0.31576904201362305,0.6153454016795159,0.8808819022947878,-0.030371434434639744,-0.11417322834645671,-0.5880796669028816,0.06539682539682531,0.0
2021-03-25,44.39,47.25,-0.06302941230314431,-0.07187237626342455,-0.07185623344816505,0.42207388025496884,-0.0624384350938079,47.565000000000005,45.584999999999994,46.98766666666667,3,25,3,46.87522087794287,46.65848237857891,52.15,0.11682838694535747,0.09624229712159717,50.83346844828345,40.33653155171654,0.03447309616697482,0.037790839386679285,0.047845508383592,9769027.0,-0.4553709379317409,0,0,-1,0,0,-0.01756613756613753,0.9515499351762904,0.6419922331476345,0.5999109771212285,-0.03562893764935915,0.024936504271530824,-0.6574445388839382,0.06476683937823834,0.0
2021-03-26,43.89,44.39,-0.03730957199944734,-0.0242751408573135,-0.030347475969542428,-0.3545597682847718,-0.011327715145801288,47.095,45.675000000000004,46.78766666666666,4,26,3,46.33245344558962,46.47987061221898,54.49320794148381,-0.12785030940364805,0.05142377581654813,50.72926344261593,40.62073655738408,0.03251140748543701,0.037268050258113514,0.04765724779390556,9025324.0,-0.7063343730560053,0,0,-1,0,0,0.007434106780806449,-0.005854284416560985,0.5826767895983179,0.5916119569873494,-0.06874602164226606,0.04276550249465427,-0.14578835431744083,0.06983367509683294,0.0
2021-03-29,43.14,43.89,-0.016003948023843743,-0.0141407570603551,-0.007673728701508576,-0.1533614736530683,-0.017235862739132305,46.626999999999995,45.65,46.54566666666667,0,29,3,45.75200736457332,46.264395088850016,47.993402968664114,-0.3779222189716407,-0.034445423141089636,50.751372364373665,40.54862763562633,0.03254010917424155,0.03661829735849083,0.047655161699958606,8387361.0,-0.984048926727649,0,0,-1,0,0,0.0027341079972658337,-0.34935967983792865,0.43625056966760095,0.5812974494710809,-0.11161449752883035,-0.0114573785517873,-0.2395320792882381,0.06374594343996291,0.0
2021-03-30,43.34,43.14,-0.0144183754242716,-0.009389740349838919,0.004257338502220516,-0.06903844167044422,0.004625355147202788,46.159000000000006,45.619,46.345,1,30,3,45.31346057101454,46.07572443795647,41.71287738755392,-0.5535862823770827,-0.13827359498828826,50.770898576967895,40.467101423032105,0.03256201989215511,0.0365950728324483,0.04757414109125217,8982766.0,-0.884722385719512,0,0,-1,0,0,0.005563282336578627,-0.4511228576835053,0.4021170372690525,0.5809287715497256,-0.1178506004477915,-0.0141037306642402,-0.5614337915625565,0.04960775265343806,0.0
2021-03-31,44.51,43.34,-0.00023054755145356218,0.008053734807096823,0.011498425406963072,0.26546593210775304,0.02663788691954973,45.737,45.705499999999994,46.18233333333333,2,31,3,45.16737683083007,45.97470995808831,41.27870887647423,-0.5915728131662235,-0.2289334386238753,50.712759887297906,40.69824011270208,0.03378869311008235,0.03650233314628524,0.04788894214645704,9759197.0,-0.4775066710767942,0,0,-1,0,0,0.0006922011998152753,0.3395725174727965,0.5130086468704163,0.5794565746722038,-0.057989417989418035,0.040439457690509606,-0.7087959560987298,0.04538305998651995,0.0
2021-04-01,45.65,44.51,0.042213693400644875,0.03287607061294474,0.04872349972488878,-0.3972796827648698,0.02528972401321459,45.699,45.955,46.06966666666667,3,1,4,45.25512649795188,45.95376092853423,40.801001251564436,-0.523652598677188,-0.2878772706345379,50.365420674528806,41.54457932547119,0.03087811462035825,0.03467137368386477,0.04814612271704467,10281072.0,-0.1383088020430545,0,0,-1,0,0,0.01640080880700975,-0.664403866977646,0.32321120132822706,0.5503909942829733,0.028384771344897475,0.12272503689129377,0.022022230437918903,0.030230010952902574,0.0
2021-04-05,46.11,45.65,0.02423964076394448,-0.0006470398155214429,0.0037706598961931375,0.03324434574320463,0.010026239177636799,45.597,46.084,45.91733333333333,0,5,4,45.410558043778806,45.9638408686288,44.54371410338225,-0.42777604773932154,-0.31585702605549465,50.344137877679245,41.82386212232076,0.02996594351549629,0.031244294180452763,0.04774881149235106,10820588.0,0.012206177709046365,0,0,-1,0,0,0.015334063526834673,-0.5337649208824705,0.285645914142569,0.49598779374732394,0.05058099794941895,0.05926946933149546,-0.822211480351853,0.025590978095857725,0.0
2021-04-06,45.86,46.11,-0.009320540000553145,-0.000647458747124349,0.0017695204794222394,0.2337411910132705,-0.005436568788855747,45.327,46.2685,45.73766666666667,1,6,4,45.49227476309174,45.95714145774953,43.129770992366396,-0.36772717110435593,-0.3262310550652669,50.114390629859024,42.42260937014098,0.02776001516759945,0.0302574631306727,0.04768676219560864,10139008.0,-0.2124345382203332,0,0,-1,0,0,-0.004120581218824501,0.25403220182117425,0.22037756301274775,0.4803223364847949,0.06305053314789055,0.08750296419255399,-0.10566514681199857,0.02333187963366769,0.0
2021-04-07,44.87,45.86,-0.005021296436130984,-0.009762524655659214,-0.020089961390346647,-0.7498403479230437,-0.021823857441866497,44.900999999999996,46.3185,45.524,2,7,4,45.37913389707506,45.88700329918504,37.9375,-0.39546406637776954,-0.3400776573277674,50.057614868521064,42.579385131478936,0.027479475657208218,0.02957492269707982,0.047808701635000304,9817001.0,-0.7747822952403329,0,0,-1,0,0,-0.0037069341474051834,-1.6679068879458736,0.32986587699530934,0.46948734300259715,0.03530226119058599,0.02279462046956926,-0.5344076457384305,0.033875640739915225,0.0
2021-04-08,45.76,44.87,-0.007910390622422207,-0.0006542362025963749,0.009425563497285787,0.45499238961662025,0.019640927083650485,44.751999999999995,46.30499999999999,45.27133333333333,3,8,4,45.44838227942505,45.8788095379473,49.04862579281183,-0.3416913881289858,-0.34040040348801115,50.05044495283699,42.559555047162995,0.02665983696947534,0.027754417080695846,0.04731332164241354,10324536.0,-0.2910201628178692,0,0,-1,0,0,0.01025183864497439,-0.6355935446917236,0.3057390086643738,0.44058771227450705,0.028083576724331705,-0.005865739734955522,-0.6359497283214627,0.02338286713286714,0.0
2021-04-09,47.5,45.76,0.014672331536337182,0.04124075499538637,0.00867346702858695,0.005403719108889117,0.03731936396905317,45.063,46.314,45.410999999999994,4,9,4,45.82140368316594,45.98340247098296,51.24747134187457,-0.15686445915197567,-0.30369321462080406,50.07056281865772,42.55743718134228,0.020477376692389433,0.028367643857974342,0.03273723033337524,10834821.0,0.6314282801871408,0,0,-1,0,0,0.005244755244755288,-0.6062293096309993,0.3638381035768144,0.450322385574294,0.040525739320920184,0.0038038884192730382,-0.026131488113958334,0.05494736842105277,0.0
2021-04-12,47.73,47.5,0.029980832211935857,0.012275198344721426,0.03887146637281085,0.3520102110736598,0.004830419977209531,45.447,46.271,45.599000000000004,0,12,4,46.168421195317585,46.096086182532446,46.95524578136462,0.008078171347413843,-0.24133893742716048,49.93645121800499,42.60554878199501,0.019492560943708534,0.027714807930456567,0.032182600514302905,11560407.0,0.7960820718787759,0,0,-1,0,0,-0.0021052631578947667,0.48359660941664856,0.3640216449591253,0.43995893650745266,0.03513337670787253,-0.017699115044247926,0.20085373510191676,0.02954116907605273,0.0
2021-04-13,48.03,47.73,0.009239880941345681,0.0014464306685457726,0.0014898374576514755,-0.22931933002578295,0.006265684658927954,45.936,46.28150000000001,45.74533333333333,1,13,4,46.506890068896205,46.220854815917455,45.883233532934135,0.1611462930053733,-0.16084189134065371,49.96678382110532,42.5962161788947,0.017355219783936962,0.02751181925375875,0.03160934729106889,12137302.0,0.9489092753108895,0,0,-1,0,0,0.0023046302116070927,-0.36951667371116764,0.3476948852322224,0.4367365911624256,0.04731792411687752,0.004391468005018773,-0.22800293836964253,0.02935665209244215,0.0
2021-04-14,49.85,48.03,0.0037554811507308906,0.03557280903739198,0.02062796779596733,0.05394450601490486,0.03719268073111444,46.587,46.373,45.94166666666667,2,14,4,47.1147282381878,46.45499321489053,59.77443609022557,0.42442021974018473,-0.04378946912448603,50.32150058149933,42.424499418500666,0.01911261682504868,0.02874869719361754,0.03221755757915353,12746172.0,1.761174870426238,0,0,-1,0,0,-0.00020820320632933603,-0.25653569805430887,0.25761912188359726,0.4563714197484751,0.11098729663472273,0.03810912119950016,0.11312793765797355,0.04380742226680036,0.0
2021-04-15,50.32,49.85,0.05608189402004643,0.02014491807487125,0.03520625573461948,0.10539861830373126,0.009384115984337764,47.168,46.4525,46.193,3,15,4,47.697504922153655,46.70434849134921,77.17690192483958,0.6633451455895027,0.09763745381831171,50.656572586883435,42.248427413116566,0.018612285162805584,0.028650739256949543,0.031668816956438514,13422720.0,1.8398825995852082,0,0,-1,0,0,0.018856569709127337,0.10539481966256319,0.2717472030167329,0.45481638571226396,0.0996503496503498,0.032628770777755056,0.5667008621760923,0.029511128775834648,0.0
2021-04-16,52.97,50.32,0.06866466904874324,0.07149600170507002,0.06161792890092058,1.9074212204592018,0.051323103164250136,47.9,46.7995,46.60333333333334,4,16,4,48.65614039085299,47.10858407255248,84.7626339969372,1.0543735616185756,0.2889846753783645,51.90560975617451,41.69339024382549,0.022325317774516965,0.02741795705609823,0.030986737652702063,17979742.0,2.4169084859714913,0,0,-1,0,0,0.08108108108108104,4.1682361662997485,0.34524300461993157,0.43524657496730723,0.11515789473684213,0.1507712361503366,0.836980989643952,0.04002265433264107,0.0
2021-04-19,49.35,52.97,-0.01743044315112394,-0.028212436271830756,-0.07600083662197477,0.47150304592081754,-0.07078794967694463,48.224000000000004,46.9105,46.797333333333334,0,19,4,48.78229668342517,47.25319155174265,69.49152542372882,1.0599442743294603,0.44317659516858365,52.141844699827786,41.67915530017221,0.034679863727540054,0.031890652465826216,0.031883067943452824,10677566.0,0.9326473937304528,0,0,-1,0,0,0.00925051916178973,3.6170881413571134,0.7412041745645512,0.5062484134329897,0.033940917661847925,0.0471037555697007,-1.302761093360355,0.09037487335359677,0.0
2021-04-20,48.47,49.35,-0.09428190207875897,-0.05988779777034803,-0.027931887250860106,-1.9922878428158561,-0.01799271602220598,48.485,46.906,47.007333333333335,1,20,4,48.72551546825696,47.331695322597966,65.4425045153522,0.9820302256063158,0.5509473212561301,52.131521983495546,41.68047801650445,0.03540267016803062,0.03151754395124662,0.03145301854664842,9681673.0,0.5986004862058897,0,0,-1,0,0,-0.014184397163120624,-0.12126973798135589,0.7633150891331958,0.5003254993832796,0.009160941078492524,-0.0018533772652389313,-0.7506703145613133,0.05574169589436777,0.0
2021-04-21,50.42,48.47,-0.009707811445288789,0.003729994276188096,0.010851525516129355,-0.25243881830230397,0.03944287190248911,49.04,46.9705,47.22566666666667,2,21,4,49.03360356493751,47.53094078565616,66.99252443933295,1.0653507831524962,0.6538280136354033,52.341429450094275,41.59957054990573,0.03542395678616706,0.032680250257783185,0.031449861546516224,10455386.0,1.2845076562826394,0,0,-1,0,0,-0.0059830823189601645,-0.24672290305906172,0.7702433954709836,0.5187828897926927,0.011434302908726268,0.02625686952981887,-0.745060156203541,0.04700515668385556,0.0
2021-04-22,51.05,50.42,0.04564223890190859,0.03575278795364795,0.03977536978916327,-0.1712116581140956,0.012417622850900778,49.569,47.1605,47.393,3,22,4,49.40022109858523,47.75797686400093,65.99526066350711,1.1687460828464893,0.7568116274776207,52.83342544970317,41.48757455029683,0.03532645746355438,0.0313480201300891,0.030370018562610464,11107350.0,1.3712501722382087,0,0,-1,0,0,0.0001983339944466087,-0.3173993762629769,0.7721036156326565,0.49763439215077454,0.01450715421303661,0.08042328042328029,-0.8007271002707191,0.04417238001958869,0.0
2021-04-23,53.19,51.05,0.01944096574910963,0.020030904050925884,0.011403762831039123,-0.2835085586779734,0.04106486414355166,50.138,47.6005,47.58866666666667,4,23,4,50.089271807933365,48.108429969549256,69.07327586206895,1.407147003315039,0.8868787026451044,53.71643423598901,41.48456576401098,0.03567037703719327,0.028422675688897003,0.030852604368605163,11598368.0,1.8278483006271606,0,0,-1,0,0,0.007247796278158757,-0.39416616678418637,0.7320357049425372,0.4511959888071775,0.004153294317538192,0.198242847488173,-0.966189731879346,0.05151344237638658,0.0
2021-04-26,55.9,53.19,0.04096200805512542,0.06937945094943217,0.04849901737773831,1.0262852118244727,0.049693971406827214,50.955,48.201,47.83233333333333,0,26,4,51.14576784285457,48.6111119069977,73.88201712654615,1.7940748241571782,1.0683179269475191,55.09224509412948,41.30975490587052,0.037577241964430255,0.029420922751889695,0.03175877844559289,12968642.0,2.234429306993777,0,0,-1,0,0,0.007144200037601101,0.10572874281466453,0.44766710281728944,0.46704266966125324,0.13272543059777098,0.27363864205969457,-1.1139567774319998,0.07262969588550988,0.0
2021-04-27,57.56,55.9,0.05201172208817976,0.012144493467862776,0.040679207696981794,-0.6490760553756684,0.02926350185811363,51.908,48.922,48.157000000000004,1,27,4,52.311991871426464,49.188459525901074,79.25311203319502,2.2091997570203077,1.2964942929620769,56.56060444680388,41.283395553196115,0.037594602388166615,0.028790949835332952,0.031807718639626524,13684649.0,2.261669670201156,0,0,-1,0,0,0.009481216457960665,-0.2829194138077996,0.2333363941622636,0.4570421596417621,0.18753868372188998,0.3342605470560964,-0.9402729660146445,0.044301598332175195,0.0
2021-04-28,58.6,57.56,0.013028353294831138,0.014576806381948837,0.024763000427382283,-0.405079711291296,0.017906814563799934,52.782999999999994,49.685,48.50966666666667,2,28,4,53.45526607662165,49.795655685520366,79.3956043956044,2.5922269863914806,1.5556408316479575,57.99499271644467,41.375007283555334,0.03700037748056244,0.028694933851782727,0.031870891685963486,14162171.0,2.145609582149952,0,0,-1,0,0,-0.006775538568450323,-0.41969656326227384,0.2544736800091534,0.4555179531555951,0.16223720745735815,0.35209967697277333,0.1916398867579019,0.034325938566552985,0.0
2021-04-29,58.48,58.6,0.040954922539928426,0.012136819545510229,-0.0005280295819245153,0.353592854047978,-0.002049881141443987,53.599000000000004,50.383500000000005,48.834666666666664,3,29,4,54.36885406269044,50.3559359638739,77.15133531157268,2.8532058471650004,1.8151538347513663,59.19532524852379,41.57167475147622,0.03743425574316372,0.02882205311996893,0.03188011543406558,13482096.0,1.8376442500051553,0,0,-1,0,0,0.016382252559726976,-0.29715290742918393,0.32960362066716686,0.4575359089783865,0.14554358472086193,0.31386205347113005,-0.5519016026730964,0.04719562243502061,0.0
2021-04-30,56.91,58.48,-0.03433007264791666,-0.018812519897730817,-0.006181035131434494,0.26370767043769977,-0.02721374282649049,53.99300000000001,50.9465,49.19733333333333,4,30,4,54.830880596746724,50.778778804914296,71.28942486085342,2.899919132988529,2.0321068943987988,59.92224573943258,41.97075426056742,0.03717294985234444,0.03008248190327918,0.0303546809028826,12596810.0,1.3288032377746448,0,0,-1,0,0,-0.01590287277701778,-0.18754022704458845,0.47319315830156117,0.47754459561406626,0.06993795826283145,0.24665936473165395,-0.2755864837999502,0.035143208574942894,0.0
2021-05-03,55.53,56.91,-0.0017391308731268757,-0.01621284219241471,-0.024931790881209746,-0.32695354261882265,-0.024547657361516623,54.611000000000004,51.4175,49.47733333333334,0,3,5,54.95799321552005,51.08530920459725,66.56360424028269,2.7933848796253287,2.1843624914441047,60.31290360316228,42.52209639683771,0.0288081938216762,0.031129892898427602,0.030730836634476864,11958415.0,0.9246348301808414,0,0,-1,0,0,0.00948866631523469,-0.3368106697100386,0.3980881143213007,0.49417172969589074,-0.00661896243291582,0.20429407937540667,0.17422190804425441,0.04412029533585442,0.0
2021-05-04,54.15,55.53,-0.04777240549913469,-0.044625660493191846,-0.032862473482327584,0.2820643835051066,-0.025165441806516232,55.178999999999995,51.83200000000001,49.663666666666664,1,4,5,54.81108535815276,51.283031191397434,59.68468468468468,2.567998955997453,2.2610897843547746,60.40372242102792,43.260277578972094,0.02969421693251477,0.031923005610146965,0.030871532354202706,11111990.0,0.5408481250660983,0,0,-1,0,0,-0.013686295696020133,-0.2188551582189977,0.31135452112073525,0.5067620036770117,-0.0592425295343989,0.18076755342346273,1.1524852366374616,0.03176361957525391,0.0
2021-05-05,53.41,54.15,-0.011569314609474855,-0.0014556043327005389,-0.017036187152567852,-0.1305813055678589,-0.013759979095320701,55.477999999999994,52.259,49.806333333333335,2,5,5,54.55634256576135,51.420254985500826,56.87583444592789,2.3031182584998575,2.2694954791837914,60.197945707546,44.320054292454,0.028784641433197703,0.03157297875111658,0.03100298955201715,10369180.0,0.28996293523105127,0,0,-1,0,0,-0.0001846722068328349,-0.29433161728709967,0.1659176506184077,0.5012054995498869,-0.088566552901024,0.19032761310452417,1.2109746858325994,0.0475566373338326,0.0
2021-05-06,52.1,53.41,0.0029509427537345928,-0.010432967332551892,-0.036551502798251756,0.14712329338823646,-0.02483304559235766,55.58299999999999,52.576,49.967999999999996,3,6,5,54.109734826532005,51.46410950256529,47.94131566493138,1.9648428600786758,2.2085649553627684,59.90519296196237,45.24680703803763,0.030222377515709938,0.03233739486255187,0.030465326104537727,9508637.0,-0.12989151806218824,0,0,-1,0,0,0.01666354615240593,-0.23556397637286783,0.0829046055404492,0.5133402291240599,-0.10909712722298215,0.13854895104895104,2.0130534930926784,0.07389635316698659,0.0
2021-05-07,51.71,52.1,-0.0432805083584624,0.025612152885049866,0.002570949700503665,0.6597284872129874,-0.007513762351191132,55.435,52.786500000000004,50.211999999999996,4,7,5,53.67341940352618,51.4799734056256,56.592178770949715,1.646309794534119,2.0961139231970387,59.73373049703563,45.83926950296438,0.02690881777795744,0.03163343216592276,0.028051973263165653,7844117.0,-0.3099076676552892,0,0,-1,0,0,-0.0019193857965451328,0.2117159591493198,0.12634091831879407,0.5021651677587776,-0.09137234229485147,0.0886315789473684,0.9347543237246219,0.09920711661187383,0.0
2021-05-10,50.95,51.71,0.009378956682781107,-0.05549299409609254,-0.0023788889374320105,-0.5229797465442887,-0.01480642673939622,54.94,52.947500000000005,50.44733333333333,0,10,5,53.17825223924869,51.445781573004595,56.97412823397077,1.317358705636991,1.9403628796850292,59.54159903665828,46.35340096334173,0.01937429520229369,0.0319301668278953,0.028129546846354436,6857470.0,-0.6058447071830103,0,0,-1,0,0,0.015084122993618278,-0.20379805900513354,0.1191215482485281,0.5068756844844905,-0.0824779398523321,0.06746281164885826,0.030365111373204166,0.04397055937193322,0.0
2021-05-11,48.76,50.95,-0.06696732719424725,-0.05835232392525195,-0.06544370740132903,-0.29629388093607845,-0.04393445505566316,54.06,52.984,50.63466666666667,1,11,5,52.37493365029438,51.272505342488174,45.394006659267475,0.8699200040151709,1.7262743045510576,59.47069699421295,46.49730300578705,0.01666239154328049,0.03358242204043748,0.02921858070051715,6123830.0,-1.3023577342269599,0,0,-1,0,0,-0.03650637880274778,-0.36157967847896955,0.2204389698982371,0.5331044228532712,-0.0995383194829178,0.015198834062044586,-1.2937095819253541,0.05024610336341255,0.0
2021-05-12,47.86,48.76,-0.024748633715443228,-0.020916591575509163,0.0023223909942027086,0.31261468889932215,-0.01863022213284349,52.986000000000004,52.8845,50.785333333333334,2,12,5,51.55403662296813,51.05234370748894,41.279387643521055,0.4376541266303917,1.4685502689669243,59.62951445513607,46.13948554486394,0.011482857663384067,0.03270226379646178,0.029517661910962056,5120948.0,-1.4898411362703732,0,0,-1,0,0,-0.017842493847415864,-0.21188958769628935,0.2133552255935768,0.5191323438856131,-0.10391312488298066,-0.03991975927783353,-1.1267531883123978,0.027371500208942648,0.0
2021-05-13,48.09,47.86,0.007074519726362326,0.022723639552432583,-0.006558787925309716,-0.10533148862512592,0.004794172809344161,51.947,52.773,50.90466666666667,3,13,5,50.924211782428465,50.86122475861868,34.432234432234466,0.11234434660948267,1.1973090844954362,59.76569122200532,45.780308777994684,0.012800993987797014,0.032637032702196034,0.02919087167132279,6023568.0,-1.339398480877592,0,0,-1,0,0,0.007730881738403624,-0.28016918508730854,0.2796042279907346,0.5180968323665585,-0.07696737044145874,-0.04431637519872811,-0.8323431548772646,0.05697650239134959,0.0
2021-05-14,50.46,48.09,0.005376357036380496,0.016907414189290218,0.025774082563387337,-0.06665519694696131,0.04810668792334026,51.302,52.6475,51.065000000000005,4,14,5,50.83980964016874,50.83533929032071,33.04239401496261,0.04525156344085701,0.9668975802845203,59.71499974400944,45.58000025599056,0.02481309043258495,0.03234784125403009,0.030128150590450972,6867985.0,-0.6190307970945939,0,0,-1,0,0,0.008317737575379467,-0.22758046615178854,0.5475493382389147,0.5135060604477562,-0.024173274028234437,-0.0473853124410043,0.9576771795273483,0.04676971858898136,0.0
2021-05-17,52.5,50.46,0.03724372967100758,0.04124793929585663,0.0204757358258736,0.24655031183391216,0.03963222638466642,50.999,52.80500000000001,51.278000000000006,0,17,5,51.14166243286533,50.94273675546132,34.5919610231425,0.15490534798463784,0.8044991338245439,59.70141401858851,45.908585981411505,0.029212906468684317,0.02962297854198966,0.030847778377722575,7948504.0,-0.08845176614336497,0,0,-1,0,0,-0.0025762980578676684,0.7646045249080967,0.6176671057272418,0.47025020589064426,0.0304219823356231,0.06382978723404253,-0.1516784865036561,0.06657142857142852,0.0
2021-05-18,55.96,52.5,0.04809924593057323,0.065295308611019,0.04323497069488743,0.22540896750180828,0.06382398019970237,51.18,53.1795,51.61466666666666,1,18,5,52.017723808708,51.26643115833478,42.99363057324841,0.5150625256416177,0.7466118121879586,59.895847613335114,46.46315238666488,0.03579159693176394,0.03224876303270137,0.032724765797722905,9302216.0,0.8279797771274972,0,0,-1,0,0,0.005904761904761948,1.570264094083322,0.5464443198405312,0.5119332424438857,0.14766201804758006,0.15452857437590262,-0.5343892700225307,0.08720514653323795,0.0
2021-05-19,55.42,55.96,0.038083918790615276,-0.0035541809653814862,0.047200984315967295,-0.5240346708176836,-0.009696610362448099,51.38100000000001,53.4295,51.96633333333333,2,19,5,52.636319479852,51.534403341668025,42.056074766355145,0.7482903710920539,0.7469475239687777,60.08531336719576,46.773686632804235,0.03559508588568004,0.03152096454485525,0.032434282813697264,8500647.0,0.598123742414564,0,0,-1,0,0,-0.019656897784131547,-0.285227072360597,0.5005162181486428,0.5003797996234275,0.15796071876305895,0.099166997223324,-0.3399874369235253,0.039512811259473084,0.0
2021-05-20,56.61,55.42,0.034399665535367906,0.023391573336570465,0.026671267955077592,0.1253746175579563,0.02124510861373606,51.83200000000001,53.7075,52.328,3,20,5,53.35880684715163,51.86186119059268,49.20550847457628,1.017419989366985,0.8010420170484192,60.40914433867537,47.00585566132464,0.03441393609687886,0.03169369661015851,0.032457001487791876,9409284.0,0.8662053231472138,0,0,-1,0,0,0.024539877300613487,0.03163362588047325,0.45965681414463705,0.5031218361528614,0.17716781035558316,0.10891283055827627,-0.7494113018974013,0.0363893305069776,0.0
2021-05-21,57.42,56.61,0.01364373097434191,0.0083950469243067,0.018844222348038966,0.03532259821019089,0.014207026644349495,52.403,53.919000000000004,52.65866666666667,4,21,5,54.09720560221497,52.2204507911996,55.1611141452758,1.2812973827235083,0.8970930901834371,60.816022698618404,47.021977301381604,0.03395060726140595,0.03061377082949741,0.031976311758635564,10350590.0,1.0152206692610455,0,0,-1,0,0,0.016781487369722715,0.07020152651356773,0.4509199736490797,0.48597854585264216,0.13793103448275867,0.07952622673434862,0.26864741746086657,0.025945663531870472,0.0
2021-05-24,58.95,57.42,0.003641727774007154,0.031306904625044124,0.01883601128666348,0.055834198745180245,0.026296952290462118,53.202999999999996,54.0715,53.032666666666664,0,24,5,54.9795318563577,52.654615256283506,63.001083423618645,1.5954885327011468,1.036772178686979,61.28076093007383,46.86223906992617,0.03297117146678261,0.029108833644475012,0.032176622122895626,11345948.0,1.3533980937349817,0,0,-1,0,0,0.006095437129919913,0.35941962780719106,0.4343993590516641,0.462088408670585,0.122857142857143,0.05456171735241511,0.7512362001577884,0.03833757421543677,0.0
2021-05-25,59.35,58.95,0.02123731127590309,0.0243421400601624,0.021299328031391247,-0.16310807229787835,0.006762494072297171,54.262,54.161,53.41,1,25,5,55.77416242792903,53.086575562329735,66.39072847682121,1.8553763164989903,1.2004930062493813,61.59359648617561,46.72840351382439,0.026297692510859946,0.028448669580352012,0.03217606780425799,12191504.0,1.3962819075813875,0,0,-1,0,0,0.0010178117048345236,-0.25302283243642415,0.22525849064374964,0.4516086290415581,0.06057898498927816,0.031097984711605298,-0.8857725039920866,0.042038753159224895,0.0
2021-05-26,61.0,59.35,0.006923948965384183,-0.0010603157471521115,0.00016993797304897833,0.13018569206549616,0.027421743117634106,55.576,54.281000000000006,53.78166666666666,2,26,5,56.724314713760116,53.5971190744375,74.10617551462622,2.1694721435030146,1.394288833700108,62.08364165793224,46.47835834206777,0.02255332936863024,0.028820408421520005,0.03189977111659985,13154626.0,1.722237235685276,0,0,-1,0,0,0.0011794439764111252,0.12595947167928062,0.14029592386608736,0.45750980019992116,0.10068567304222298,0.04095563139931735,-0.699901692029834,0.039672131147541013,0.0
2021-05-27,60.99,61.0,0.025915071525647086,-0.0009797518745847677,0.008123246564266088,0.29670113763203365,-0.00016394786494631225,56.866,54.40650000000001,54.13733333333333,3,27,5,57.499893856712816,54.07407913415122,75.6637168141593,2.3900375675830574,1.593438580476698,62.566090482499696,46.24690951750032,0.02309067979148401,0.02880818742027565,0.03192516120781136,11858829.0,1.6136839254665982,0,0,-1,0,0,-0.0003278688524590676,1.395221828004209,0.19399537685053062,0.4573157978195325,0.07737148913619496,0.04292065663474709,-0.11401852884250435,0.030824725364813944,0.0
2021-05-28,64.04,60.99,0.034320617676182816,0.06697591749293041,0.049728781102158566,-0.13902737491185452,0.04879797182014907,58.224000000000004,54.763,54.50633333333334,4,28,5,58.689004064583216,54.717041770657595,82.13058419243987,2.778913183969607,1.83053350117528,63.94243720325027,45.583562796749725,0.023178944078422765,0.029797460764291444,0.03179742548469633,12986437.0,2.021256814462479,0,0,-1,0,0,0.034746679783571065,0.6303789772704529,0.3137161713563317,0.47302002530111875,0.11529083942877061,0.12528553856967162,0.36968697715594917,0.048329169269206836,0.0
2021-06-01,64.34,64.04,0.016045713924480006,-0.010598363546474466,0.011559900722127208,-0.06888848402085225,0.004673633682366274,59.407999999999994,55.203500000000005,55.006,1,1,6,59.71645787102263,55.33787778545388,92.15367965367967,3.0758509098112654,2.079596982902477,65.3341689652858,45.07283103471422,0.023180753373305933,0.028923991594543924,0.028464702247956077,14038981.0,1.803730835803153,0,0,-1,0,0,0.0014053716427231292,0.243561420406407,0.3323641563628733,0.45915413209491474,0.0914334181509755,0.15865298037097064,1.1304966322387136,0.026111283804787173,0.0
2021-06-02,63.11,64.34,-0.009400037882329544,0.01364947193937088,-0.015335763814351375,-0.20620913050889295,-0.019302286214732175,60.123000000000005,55.6515,55.494,2,2,6,60.33346553083669,55.839305025102014,90.53694843168527,3.1753223370682804,2.298742053735638,66.361883107797,44.94111689220299,0.020190051894117322,0.02861019983966089,0.028507834397346082,13182565.0,1.3927606370252656,0,0,-1,0,0,-0.012589368977308085,-0.627616027649006,0.4246239641671519,0.45417284241361644,0.0633529907329402,0.16546629732225293,0.45746994116343614,0.05593408334653792,0.0
2021-06-03,61.99,63.11,-0.003626906128311469,-0.03180274984535754,-0.007919233306334457,-0.017719969599990722,-0.017906153882320096,60.779999999999994,56.08050000000001,55.879666666666665,3,3,6,60.63465361613911,56.236124055740596,85.27918781725889,3.127725052587955,2.464538653506102,67.0958471407656,45.06515285923441,0.021299038723184918,0.028787378529235044,0.02829781917295055,12341191.0,1.0729575608434738,0,0,-1,0,0,0.003010616384091233,-0.7318450757357934,0.44482612367316976,0.45698546691501757,0.01622950819672142,0.16064407414341897,1.4975399227744395,0.03169866107436677,0.0
2021-06-04,63.23,61.99,-0.016405560265769826,-0.0037021033972773464,-0.0036574999118044065,-0.2431146672277774,0.01980579035669373,61.44199999999999,56.637,56.285666666666664,4,4,6,61.10653477684109,56.68734185859604,84.3834141087776,3.1537075214129047,2.6023724270874626,67.92679063718954,45.34720936281045,0.02122730748607389,0.02785723900098393,0.02837850826580161,13000981.0,1.1679578854690333,0,0,-1,0,0,0.00451685755767061,-1.4366657328707093,0.4571374170755001,0.4422199596569573,0.03672733234956538,0.21362763915547012,0.7525675050863001,0.030918867626126813,0.0
2021-06-07,64.95,63.23,0.022704793693757098,0.027575555648287856,0.03590805994106796,0.10631354657939168,0.026838871046086836,62.19500000000001,57.299,56.67766666666667,0,7,6,61.80534663559725,57.2204165773963,84.1095890410959,3.2753324468864378,2.736964431047258,68.92019461202332,45.677805387976676,0.021812471687342478,0.027785035799654446,0.027886683845044925,13734780.0,1.3167321012048545,0,0,-1,0,0,0.007433180452317033,-1.201990739135981,0.33649622958992137,0.44107376936947407,0.014209868831980055,0.2560433185070585,-0.029755346745185485,0.022809853733641323,0.0
2021-06-08,64.92,64.95,0.012325610444168245,0.0062523401162104825,0.008136486759008382,-0.016571571458529173,-0.0004620004702180744,62.791999999999994,57.9975,56.97833333333334,1,8,6,62.37164724730684,57.717163894983635,80.22941970310391,3.330903742378389,2.8557522933134845,69.69103915180219,46.303960848197825,0.021557311496458266,0.027246953373890482,0.026648222615758284,13013041.0,1.1839871419822665,0,0,-1,0,0,-0.007082371054657551,-1.1521528138017858,0.3368614374564071,0.4325319756689191,0.009014609884985925,0.27419038272816487,0.21108107441598667,0.021102895871842338,0.0
2021-06-09,62.92,64.92,0.008953440484606681,-0.003974932614817093,-0.02142151529613457,0.03208433293220115,-0.03129166445631341,63.149,58.70550000000001,57.157000000000004,2,9,6,62.4713477477965,58.052830740468565,73.03439803439804,3.1769393301013906,2.919989700671066,69.74021932249794,47.67078067750207,0.025140655571365106,0.026050876259254386,0.02702799992713138,12267770.0,0.7638617488724591,0,0,-1,0,0,0.002310536044362161,-1.0307014049982608,0.38914242327977977,0.41354484010382225,-0.0030106163840912803,0.2904019688269075,-0.1155236331795836,0.03925619834710742,0.0
2021-06-10,64.0,62.92,-0.029317552721528743,-0.010935804017476047,-0.002391010942243803,0.06517768157216265,0.017019005169594776,63.449,59.5125,57.337,3,10,6,62.749284520924405,58.43651907979317,72.85095856524427,3.1062613509088592,2.9572440307186243,69.52055754327317,49.504442456726835,0.02433447736212705,0.024971763757191272,0.02701150064479656,13063234.0,0.8967774177150353,0,0,-1,0,0,0.00429116338207241,-0.6928130451314722,0.3693062905868692,0.3964144602011042,0.03242458461042097,0.33723359799414965,-1.3400950997106336,0.029843749999999947,0.0
2021-06-11,63.98,64.0,0.012737022574308088,-0.005154970734830288,0.004776318585102098,-0.10935862144498432,-0.00031254883829995967,63.748000000000005,60.307,57.52033333333333,4,11,6,62.973050971665415,58.7941630101291,71.3263979193758,3.0138924344371176,2.968573711462323,68.92309534228595,51.69090465771405,0.024338077359668427,0.025106811415401258,0.027001529389418955,12350173.0,0.8525903797683615,0,0,-1,0,0,0.0,-1.0542767768268089,0.3506153171802985,0.39855827531369586,0.011861458168590966,0.33042212518195035,-0.738833758447284,0.01997499218505781,0.0
2021-06-14,64.47,63.98,0.0015612805669524105,0.0071662656033097405,0.0033299008014611416,0.17839507241673253,0.007629464801156942,63.791,61.00750000000001,57.77233333333333,0,14,6,63.2452235222717,59.160346041733675,69.24686192468617,2.9462655917947274,2.964112087528804,68.45103304624354,53.56396695375648,0.018673479309494638,0.023776726612209666,0.02639911576096735,13202493.0,0.9303377787104431,0,0,-1,0,0,0.0018755861206626672,-0.3254044210807438,0.2854694591127662,0.3774438336424684,-0.007390300230946889,0.2776456599286563,-1.3236923142251855,0.02373196835737554,0.0
2021-06-15,63.82,64.47,0.00591073427174863,-0.001789854311588302,-0.007308580355679554,-0.17340935194014215,-0.010133378472431271,63.739,61.5735,58.04866666666667,1,15,6,63.34972833640411,59.46096887775086,65.318711446196,2.8078540701598698,2.932860484055017,67.93630069085714,55.21069930914287,0.018916798263290166,0.023342835130481236,0.025990689511192225,12485868.0,0.7061355868738901,0,0,-1,0,0,0.0001551109042966514,-0.9395529554765463,0.29168275589966697,0.3705560199026119,-0.016943930991990208,0.2156190476190476,-0.7596691290670866,0.02936853650893134,0.0
2021-06-16,63.88,63.82,-0.011385914159837439,0.03088336922982143,-0.020948236213621702,0.879432034220874,0.0009397024967143727,63.81600000000001,61.969500000000004,58.373000000000005,2,16,6,63.446141366148815,59.74606765983145,61.07692307692308,2.6721999826093707,2.880728383765888,67.82705643322487,56.11194356677513,0.01776971458512156,0.019340471089302078,0.025389810373113584,14212598.0,0.6523197929987933,0,0,-1,0,0,-0.0010968348480100327,3.2771369960644097,0.16045684926298817,0.30702046044676673,0.015257469802924417,0.14152966404574707,0.2294222923694855,0.08140262993112089,0.0
2021-06-17,62.88,63.88,-0.005663063742460543,-0.021241885019977272,0.011656275734294631,-0.3250390012236142,-0.015778175225860534,63.90500000000001,62.342499999999994,58.68866666666667,3,17,6,63.34320657230357,59.94825684306814,56.754824874910646,2.4556937888577295,2.7957214647842563,67.32937909998705,57.35562090001294,0.017530491156631342,0.019653610549702126,0.02544500369937042,12965037.0,0.21556568315498315,0,0,-1,0,0,-0.007670632435817188,1.2085527067671087,0.1475227004361757,0.31199139527416364,-0.01749999999999996,0.1346084446048359,-0.3019936579477392,0.04898218829516525,0.0
2021-06-18,64.47,62.88,-0.019272715665467295,0.0032151907051271604,-0.00902336644395073,0.07798630949094336,0.024971851201577657,64.029,62.7355,59.101000000000006,4,18,6,63.54807810461202,60.239982208031485,51.71588188347962,2.384918921515478,2.7135609561305007,67.00789104754595,58.46310895245405,0.018214161496461326,0.0198241241178952,0.02502188590101086,14313785.0,0.8119575107696608,0,0,-1,0,0,-0.011132315521628543,1.4288287190519786,0.2550272806027388,0.31469821425377037,0.007658643326039494,0.13884472708002127,0.6720764943663572,0.059688227082363925,0.0
2021-06-21,63.8,64.47,0.040809128564217846,-0.006594610203980416,-0.0006807368792528122,0.07803975910122925,-0.010446808971784575,63.914,63.0545,59.504000000000005,0,21,6,63.593882085591645,60.469660775255264,47.906976744186025,2.2488426702186572,2.6206172989481322,66.5351743145838,59.5738256854162,0.016227220666185583,0.02009324454281354,0.02508716110077055,12855565.0,0.42836527214074793,0,0,-1,0,0,0.0046533271288971174,1.606713982711842,0.26028612335968293,0.31897036855614214,-0.010392430587870316,0.11111111111111094,1.5703531935528703,0.05423197492163,0.0
2021-06-22,61.23,63.8,-0.028819535655983466,-0.03078127557712879,-0.020690393257446166,0.10115884944933948,-0.04111592486088109,63.545,63.168499999999995,59.84666666666667,1,22,6,63.1640853427568,60.51871491878719,43.398876404494374,1.9115881409095437,2.4788114673404147,66.204031861833,60.13296813816699,0.02027885655584363,0.021875471232252662,0.026268782955682562,11242114.0,-1.2772061623688122,0,0,-1,0,0,-0.013636363636363598,1.8307549097235278,0.3801893266878312,0.3472623401573293,-0.04058288937637111,0.038676844783714914,0.11014740410352923,0.044912624530458925,0.0
2021-06-23,59.74,61.23,-0.03789313458194449,-0.03932227337223088,-0.037702039478965735,0.219864328400678,-0.0246354527018993,63.227,63.188,60.21266666666667,2,23,6,62.54152437134647,60.46847524660737,42.299794661190965,1.5067125052296433,2.2843916749182607,66.1236150615274,60.2523849384726,0.01947391920442102,0.022620663828679506,0.0252592761648583,9231903.0,-2.3490818296905744,0,0,-1,0,0,-0.010452392617997608,2.389282801955859,0.38497230482733924,0.359091905891281,-0.06480901690670005,0.006571187868576356,1.0193042995257942,0.04268496819551396,0.0
2021-06-24,59.37,59.74,-0.01061898148337447,-0.00016505735780656555,0.010796094921781407,-0.41209580163029597,-0.006212764505379763,62.763999999999996,63.106500000000004,60.596333333333334,3,24,6,61.9648835765562,60.39760587585851,35.95342066957788,1.1428160669592984,2.056076553326468,66.37006779259065,59.84293220740936,0.01785327469669182,0.021726287841125604,0.02492849806077575,7900619.0,-2.2898252694386003,0,0,-1,0,0,0.003515232674924688,0.6047782495043618,0.3868340835327886,0.34489412724134844,-0.05582061068702293,-0.026721311475409903,0.625316750834397,0.032171130200437874,0.0
2021-06-25,59.55,59.37,-0.0050167329295982025,-0.0043010818993905854,0.004930724943312539,1.4216368717157404,0.00302724751872501,62.321000000000005,63.0345,60.97833333333333,4,25,6,61.52581383536416,60.34292162580313,27.86885245901638,0.8590474493177567,1.816670732524726,66.54859477750047,59.520405222499534,0.018029923031171135,0.021745510372864412,0.024937226349032615,13417324.0,-1.9831565285660775,0,0,-1,0,0,0.004716186626242229,3.950945449038506,0.26895921622796787,0.34519927547264806,-0.07631456491391353,-0.023610427939006473,-0.6976829205096057,0.022837951301427364,0.0
2021-06-28,61.93,59.55,0.00334728346005719,0.026825291848967214,0.00490653213415945,-1.6311021679270643,0.0391884191486604,62.06699999999999,62.928999999999995,61.36066666666667,0,28,6,61.599302228934306,60.44531377897712,39.72508591065291,0.8167894446206247,1.6166944749439058,66.4426839267121,59.41531607328788,0.023123907305412774,0.020591827548658678,0.02445156705827477,14497019.0,-0.5686339584532856,0,0,-1,0,0,0.005037783375314933,-0.2074826697982583,0.48312929289951717,0.3268851284044779,-0.02931034482758621,-0.032948157401624045,0.6879204454720355,0.0437590828354594,0.0
2021-06-29,61.19,61.93,0.03416328294598727,0.008677541193687877,0.012578782206860185,0.41602419897736304,-0.012020937475520448,61.803999999999995,62.77149999999999,61.650333333333336,1,29,6,61.52488364185534,60.49335805130118,43.491346877351376,0.715341840432032,1.4364239480415313,66.30123698140352,59.24176301859646,0.023187960408346295,0.02066584108434766,0.023855147022715538,12860285.0,-0.8961007623696314,0,0,-1,0,0,0.0,0.2870421770941254,0.3872010363744984,0.32806005685899187,-0.0006532745386248484,-0.04895865713397585,1.3428759736889078,0.040856349076646516,0.0
2021-06-30,59.0,61.19,-0.009572556263864032,-0.01629199677697743,-0.021564177915840525,-0.1879298548134964,-0.03644633356872972,61.315999999999995,62.565999999999995,61.75166666666667,2,30,6,61.06581388879073,60.39701237057207,32.638888888888886,0.4530072007921717,1.2397405985916594,66.47133993398693,58.66066006601307,0.02515177880942123,0.021690651388987937,0.022122019221904377,11503968.0,-1.8262174664828725,0,0,-1,0,0,0.0024513809445988835,0.0010001828018841134,0.437965799334362,0.3443284161015589,-0.01238701037830603,-0.06512438599271109,0.7163784606780602,0.04694915254237293,0.0
2021-07-01,60.43,59.0,-0.03365423283547029,-0.008574630953150218,0.0003405414642139483,-0.28488894147347327,0.02394822646774771,61.07099999999999,62.488,61.91866666666667,3,1,7,60.95021136355605,60.399140604728714,38.77292852624922,0.35638596231886055,1.0630696713370997,66.50256611013252,58.47343388986747,0.026844406143830903,0.022227330713021343,0.022370378586312942,12524051.0,-1.025266463942756,0,0,-1,0,0,0.005254237288135632,-0.3252281927270847,0.4723595933518983,0.35284793625265476,0.01785413508505984,-0.02516534924987901,-0.17668715372498003,0.036819460532847945,0.0
2021-07-02,59.84,60.43,0.02940655449979649,0.005011615061858264,-0.0032398357267477153,-0.23006690106154315,-0.009811336707245266,60.608000000000004,62.31849999999999,62.02633333333333,4,2,7,60.7483547520004,60.36306701732686,35.449402891263375,0.22955865625209526,0.8963674683200988,66.48455973123328,58.1524402687667,0.024862688163755624,0.021735369824436277,0.022213597144961846,11713615.0,-1.18985331939361,0,0,-1,0,0,0.010756246897236449,-0.532885969763367,0.48246597506767974,0.34503829925685614,0.004869857262804533,-0.05361379092203056,0.21858466367004833,0.045476270053475924,0.0
2021-07-06,61.53,59.84,-0.014179957296843852,0.011177471474581476,0.006129765489869613,0.13941703363358288,0.0278505270861772,60.38099999999999,62.147499999999994,62.163333333333334,1,6,7,60.89047206981851,60.438353016209,43.2448377581121,0.2623912950174301,0.7695722336595652,66.13572939212422,58.15927060787576,0.02719469060955955,0.02181132652802339,0.02261984366319266,12645295.0,-0.3096612252140775,0,0,-1,0,0,0.006350267379679068,-0.4293682934521024,0.42736388264775993,0.34624407454545464,-0.006458905215565913,-0.05265588914549657,-0.06352710300403658,0.04956931578091994,0.0
2021-07-07,60.92,61.53,0.029129861991503858,0.0029008884162333697,0.01916669299239663,-0.266126053784599,-0.00996333272543782,60.35,61.947500000000005,62.229000000000006,2,7,7,60.89584078439696,60.46942701516326,41.54285714285714,0.2364636895484793,0.6629505248373481,65.74703944577408,58.14796055422593,0.024126521047429985,0.021867743950100466,0.022259063294556417,11931309.0,-0.5408550244913555,0,0,-1,0,0,0.007638550300666323,-0.6365837298481452,0.4243138459480002,0.3471396733560185,-0.004412485700277746,-0.06161429451632783,-0.12787961041404358,0.03430728824688121,0.0
2021-07-08,60.05,60.92,-0.04385077018241575,-0.023940562010694815,-0.041828607007411436,0.32091192183433376,-0.014383979500968586,60.38099999999999,61.803999999999995,62.25233333333334,3,8,7,60.74205155087023,60.442367207733376,41.85377086931489,0.144053586237483,0.5591711371173751,65.6651773497612,57.94282265023879,0.023203052728884538,0.02105681037510152,0.022412948186096134,10947162.0,-0.9085311764342936,0,0,-1,0,0,-0.025935653315824002,-0.3925858361981507,0.3286066712057014,0.33426650194057994,0.017796610169491522,-0.04561347743165933,0.5940055261561453,0.05129059117402162,0.0
2021-07-09,58.84,60.05,0.012892602188394829,-0.004958705599123674,0.018238633580903378,-0.5850110576421506,-0.020355652792755682,60.327999999999996,61.54600000000001,62.18033333333334,4,9,7,60.396223996166555,60.33898867820219,33.431430253090056,-0.026513344689789164,0.4420342407559423,65.47826545123046,57.61373454876956,0.024071170363648958,0.020910680450050106,0.022116472215510104,10398894.0,-1.3763058641696064,0,0,-1,0,0,0.000999167360532927,-0.7923202086462309,0.30404665234463485,0.3319467612958366,-0.026311434717855353,-0.08062499999999995,1.9565253446014657,0.029230115567641105,0.0
2021-07-12,59.47,58.84,-0.022034362146489468,-0.014346270698322195,-0.016758569492727048,0.12141213405292177,0.010650087985265452,60.32000000000001,61.3205,62.12966666666667,0,12,7,60.22781963322718,60.28292489251173,37.22713864306784,-0.10958984789844806,0.33170942302506423,65.18167775869018,57.45932224130981,0.0243222029595432,0.021156323904396177,0.02221888089128704,11017938.0,-0.9585158289255976,0,0,-1,0,0,-0.000679809653297183,-0.7182006588411427,0.31894293862174306,0.33584623024418,-0.006183155080213942,-0.07049077836824003,0.8692163040953605,0.03085084916764752,0.0
2021-07-13,56.97,59.47,0.005427421735365015,0.003355144902140299,-0.04133303124797754,0.7334216004497818,-0.04294717022619811,59.824,60.945499999999996,61.894,1,13,7,59.63548879082224,60.06918780267226,37.38151658767772,-0.37285958861293267,0.19079562069746486,64.97202507883902,56.91897492116097,0.02319708548295622,0.022650389009504807,0.021326341974312536,9728969.0,-1.9746555266191237,0,0,-1,0,0,-0.0058853203295779625,-0.10406412340806008,0.30169074342434016,0.35956377850812204,-0.07411019015114584,-0.11633317822242906,-0.13333876534518985,0.0767070387923468,0.0
2021-07-14,56.04,56.97,-0.027784328836641527,-0.03078212597995157,0.0009030976862325317,-0.38867548454709067,-0.016459092023497907,59.309000000000005,60.55650000000001,61.617333333333335,2,14,7,58.98176355612728,59.809240202499865,38.664215686274495,-0.6490639770517745,0.022823701147616976,64.90418068841475,56.208819311585266,0.023319323891300828,0.022753522412021634,0.021387340025356718,8855107.0,-2.0776594803915196,0,0,-1,0,0,0.009303142004563825,-0.5103111465742505,0.2981125831300206,0.3612009705176627,-0.08010505581089955,-0.12190535882168596,0.19476426781289216,0.04478943611705921,0.0
2021-07-15,55.17,56.04,-0.03522176310123487,-0.03122512934468935,-0.016381873450005524,-0.04107177910738429,-0.015646394184466846,58.926,60.120999999999995,61.35266666666667,3,15,7,58.288715636831405,59.50993438298375,37.51486325802616,-0.9274683956058425,-0.16723471820307492,64.79931683632545,55.442683163674545,0.021494036877067357,0.02277818201776487,0.021311855199368648,8016409.0,-2.1165731921178392,0,0,-1,0,0,-0.009457530335474681,-0.4992871097211439,0.29768158135520184,0.36159242962301574,-0.08126561199000826,-0.13634940513462745,0.2613629592174421,0.029545042595613476,0.0
2021-07-16,53.64,55.17,0.0005402971765835512,-0.0008913450986789341,-0.021518173982496162,-0.01580812637521053,-0.028124268870861713,58.247,59.659000000000006,61.074333333333335,4,16,7,57.44349461195297,59.13122893892029,33.73692900385251,-1.2570733572011221,-0.3852024460026844,64.9720223334542,54.34597766654581,0.019424727500457605,0.023174800192105167,0.021605840241073086,7190865.0,-2.2657536980789694,0,0,-1,0,0,0.006706543411274197,-0.4885940498180502,0.3079620795597371,0.36788854795153303,-0.08837525492862008,-0.14694656488549618,0.5529759333836579,0.05108128262490682,0.0
2021-07-19,56.02,53.64,-0.049456572702510374,0.001781896408760229,-0.02410212504609142,0.4574980450369015,0.04341371141848477,57.864999999999995,59.2365,60.833999999999996,0,19,7,57.1846774097797,58.930504491248016,33.73692900385251,-1.3111276905626568,-0.5703874949146789,64.27551525467386,54.197484745326136,0.02633232678308362,0.024929158078913858,0.02297657087089535,8495320.0,-1.2766383261160326,0,0,-1,0,0,-0.014541387024608523,-0.03192391453324709,0.523916777097853,0.3957381160261366,-0.0580124432486967,-0.13106871413060328,1.632020592626562,0.07336665476615493,0.0
2021-07-20,56.23,56.02,0.06393533130964223,0.010449045747500548,0.059833366278752326,-0.34057353248276273,0.0037416524721477096,57.335,58.858000000000004,60.54333333333333,1,20,7,57.011099698910655,58.756278395038464,35.94104308390021,-1.321784188887925,-0.7206668337093282,63.58103916428419,54.134960835715816,0.02378163415999551,0.02501946604618927,0.022274577558124238,9423260.0,-1.112842772879398,0,0,-1,0,0,0.005890753302391972,-0.36292478235550935,0.4513113978367064,0.3971717105630476,-0.012989292610145697,-0.11865203761755483,1.4556649255067737,0.02649831051040361,0.0
2021-07-21,56.82,56.23,-0.0030214188096877098,0.005797117684325915,0.005233252040971493,-0.4259946844827834,0.010437954121931678,56.925,58.6375,60.27333333333333,2,21,7,56.97635429910872,58.63135720826179,43.20448877805486,-1.268004702517267,-0.8301344074709159,63.30572123229803,53.96927876770197,0.024530937174786317,0.023909043729859747,0.022433206160621395,10029316.0,-0.7786691802116237,0,0,-1,0,0,-0.0008892050506846374,-0.6146509480820823,0.43876485158694944,0.37954430276746237,0.013918629550321304,-0.07202351788339045,0.6944404641731233,0.02692713833157341,0.0
2021-07-22,56.11,56.82,0.013437260173793927,0.007811415155067704,-0.0018014776985110666,-0.07227458604093785,-0.012574326663161295,56.531000000000006,58.456,60.04633333333334,3,22,7,56.818835335634404,58.468689001277156,35.90078328981721,-1.2680577578961802,-0.9177190775559689,63.22491866812089,53.687081331879114,0.02447584878560703,0.023508222845340956,0.021927405712562104,9465517.0,-0.9838708366667974,0,0,-1,0,0,0.002111932418162574,-0.588895758862086,0.431137950477595,0.37318146848315636,0.017038245423237175,-0.06076330766655513,0.6756858507573957,0.03702905008019961,0.0
2021-07-23,56.6,56.11,-0.012725516371505633,-0.011355962550018825,-0.003612720692361546,-0.0065521145217408,0.008694935446256742,56.306999999999995,58.317499999999995,59.79966666666666,4,23,7,56.77904709279178,58.3481284205496,39.35611038107752,-1.2145602057526332,-0.9770873031953019,63.13529541196728,53.499704588032714,0.024389425203415468,0.023633690698453395,0.02170526383987309,10025634.0,-0.7129817076639526,0,0,-1,0,0,0.0019604348600962295,-0.5516071831654016,0.3295219013747432,0.37517320890436856,0.055182699478001584,-0.046656560552467474,1.1157838135443894,0.028763250883392228,0.0
2021-07-26,54.51,56.6,0.010087688410955304,-0.0017241686918756396,-0.017340947448516466,0.19666546842290378,-0.037624814132947854,55.811,58.0655,59.484,0,26,7,56.366493075920545,58.10050723212705,27.52880921895006,-1.3255286739506857,-1.0467755773463787,63.132646918605275,52.998353081394725,0.025888685133004935,0.02483356348353078,0.022513224130021114,9343783.0,-1.4033538230143314,0,0,-1,0,0,0.0033568904593639175,-0.7497099972578951,0.31551686529972306,0.39422059886974387,-0.026954659050339225,-0.08463476070528964,-1.3060427703059767,0.04549623922216101,0.0
2021-07-27,53.36,54.51,-0.044467770638900415,-0.04024437479250992,-0.03368379622561785,0.23143843915816645,-0.021322769468821196,55.45,57.637,59.11366666666667,1,27,7,55.81985797120772,57.7946680558608,26.608910891089096,-1.4891019333770714,-1.1352408485525174,62.77705979895529,52.49694020104471,0.023609306085595656,0.02279847027619422,0.022564234829780684,8484370.0,-1.6641829734624074,0,0,-1,0,0,-0.0034855989726655244,-0.12724565212982952,0.3199514371229572,0.3619144957410478,-0.05104036990930105,-0.13838204424350076,-0.22712635080929208,0.03820839580209899,0.0
2021-07-28,54.44,53.36,-0.01783108164307246,0.008217306135639734,0.0035908797261805397,-0.200303974890647,0.020037776175896936,55.29,57.2995,58.801,2,28,7,55.568974703715405,57.57823785870849,32.86499694563224,-1.5141339522054196,-1.211019469283098,62.34278412216052,52.25621587783948,0.02468690951557379,0.0235667788442865,0.023050752981359713,9187784.0,-1.1339833056143613,0,0,-1,0,0,0.0,-0.5978716298652741,0.364201983066193,0.3741110161490416,-0.041886659626891976,-0.11031214250694554,0.09036991542617799,0.04224834680382067,0.0
2021-07-29,55.51,54.44,0.020588689788214737,0.026553407952515585,0.03303463584826633,-0.3784642717776967,0.019464006918804663,55.324,57.125,58.522000000000006,3,29,7,55.5582520303126,57.444803158146655,39.741219963031405,-1.4311347196383863,-1.2550425193541557,62.162052187225825,52.087947812774175,0.025145810098710485,0.023080003532376225,0.02346731332324974,9669561.0,-0.6412480712809409,0,0,-1,0,0,0.0005510653930933347,-1.4192016663401035,0.40960891198521837,0.3663836976309587,-0.010693281055070392,-0.05915254237288137,-0.682568753676909,0.03620969194739683,0.0
2021-07-30,55.69,55.51,0.009864895491783683,-0.0015947553658958646,0.009683093836887842,0.028856643804843856,0.0032374128995072173,55.528999999999996,56.888,58.28233333333333,4,30,7,55.5822062066194,57.33159005116946,38.02281368821293,-1.3354386289418443,-1.2711217412716933,61.71182944622944,52.06417055377056,0.02304731059357609,0.022248453626276934,0.023408473889355835,10165443.0,-0.4967008114005446,0,0,-1,0,0,-0.009007386056566384,-1.2204705925880885,0.4024396531399676,0.35318325210529167,-0.016077738515901108,-0.07843786198907832,-0.5300931782825568,0.024959597773388412,0.0
2021-08-02,56.07,55.69,0.013362423452861422,0.00865194767589471,0.011209663573347918,0.1384734640916842,0.006800312534003885,55.53399999999999,56.6995,58.00233333333334,0,2,8,55.67089598723405,57.2501971446424,46.70571010248902,-1.2149309951603158,-1.2598835920494178,61.32832263079531,52.07067736920469,0.018310893583631124,0.02232507905003942,0.022854237560054537,10734973.0,-0.27199141129840215,0,0,-1,0,0,0.0010773927096427056,-0.8372410030706741,0.2669911958044167,0.35439964299757454,0.02861860209135947,-0.06300133689839582,-1.2008352642749027,0.02247191011235964,0.0
2021-08-03,55.72,56.07,0.012123521640820659,-0.00794285351393677,-0.020342147136620404,-0.34928019250460063,-0.006261761223976222,55.483000000000004,56.409000000000006,57.733,1,3,8,55.679823989555125,57.15147474821386,48.776758409785934,-1.1345910428225352,-1.2348250822040412,60.453785597075615,52.3642144029244,0.018370745438485186,0.021081267481100632,0.022829197850548866,10333343.0,-0.3406855485730349,0,0,-1,0,0,0.0064205457463884326,-1.3721485073753938,0.1792022271146505,0.33465474646215193,0.04422788605697159,-0.09442548350398183,-0.20875445999752454,0.03463747307968413,0.0
2021-08-04,55.37,55.72,-0.009973368509991365,-0.0001772264071984868,0.011357279595479726,-0.09980424077637282,-0.00630121807672914,55.338,56.1315,57.53766666666666,2,4,8,55.62349235509055,57.03654089349038,50.79617834394903,-1.0866370511866918,-1.2051874760005714,59.59261192963595,52.670388070364055,0.017991269158017194,0.02104993153534791,0.02179954326889856,9969862.0,-0.4400319986647199,0,0,-1,0,0,0.002692031586503923,-1.3771206113577577,0.1707253337049642,0.3341573037447996,0.01708302718589283,-0.09110308601444528,0.8294333602953953,0.02343326711215459,0.0
2021-08-05,55.36,55.37,-0.010435503121215729,-0.007114935741887767,-0.031372773582863174,0.7766122016594373,-0.00018061952546169184,55.263,55.897000000000006,57.391666666666666,3,5,8,55.575584654164984,56.928376964878105,57.78985507246376,-1.0374806525980773,-1.1716461113200727,58.83647435329497,52.957525646705044,0.01764422767659827,0.020942859930396684,0.02143187853653713,9179620.0,-0.36537144772027924,0,0,-1,0,0,-0.0014448257178977478,0.2933003733443486,0.09192719688602854,0.3324575947097347,-0.002702215816969944,-0.07810158201498751,0.15829550477393325,0.04696531791907517,0.0
2021-08-06,48.26,55.36,-0.12445199538502756,-0.1287994022138646,-0.14067025442873052,1.3303753425731517,-0.13725425111252854,54.428999999999995,55.367999999999995,57.02133333333334,4,6,8,54.24547835340771,56.36912683811178,25.38071065989847,-1.5535264297426323,-1.2480221750045846,59.60090667831965,51.13509332168034,0.04342028391715673,0.03476190696020125,0.03144192025024198,6190559.0,-3.358448716295188,0,0,-1,0,0,-0.118135838150289,3.8012590253130853,0.9041211401189339,0.5518281654903466,-0.13341713054408333,-0.17980965329707688,-2.1852949095375998,0.05884790716949862,0.0
2021-08-09,48.22,48.26,-0.03671668166559751,-0.01081974421645631,-0.02398719457403753,-0.6467329501673614,-0.0008291874438606701,53.8,54.805499999999995,56.64366666666667,0,9,8,53.14993683460631,55.843376719523924,24.31045542014114,-1.9433226775938621,-1.3870822755224401,59.683970316766704,49.927029683233286,0.042883020235551864,0.034508045624169446,0.03140994720537952,4625026.0,-2.6998216950778344,0,0,-1,0,0,-0.024865312888520428,1.1618866343968972,0.8876605920725771,0.5477982417145382,-0.14000356696985916,-0.18917101059357655,-2.2211692138212524,0.0707175445873081,0.0
2021-08-10,45.89,48.22,0.03199436511859512,-0.0026718749838298313,0.006379957841293504,-0.4934967568472092,-0.0495266443462828,53.053,54.2515,56.109,1,10,8,51.82994831922334,55.20122338278045,18.465089440276984,-2.4124414167639827,-1.5921541037707487,60.43654571739861,48.06645428260139,0.04441147846663358,0.03484360140817595,0.03103896573653843,3669287.0,-2.703779529544624,0,0,-1,0,0,0.007673164661966084,0.15179040592761506,0.8717391298172708,0.5531250246473612,-0.17641780330222534,-0.19448832718974896,-1.6185937978054723,0.06515580736543913,0.0
2021-08-11,45.92,45.89,-0.05804254971533786,-0.04246119142352587,-0.018816271799476106,-0.21608525750889032,0.000653523604568795,52.201,53.74549999999999,55.6,2,11,8,50.755412261182734,54.602434777439775,19.399399399399414,-2.7500992162076514,-1.8237431262581292,60.89509984158078,46.595900158419205,0.04314684436718617,0.03489191553558774,0.031089267402381205,4439294.0,-2.189073563107207,0,0,-1,0,0,-0.0008716495968620428,-0.16008187624502204,0.8882551074848433,0.5538919876430174,-0.170670037926675,-0.18058529621698782,-1.5966873730341513,0.03963414634146342,0.0
2021-08-12,46.96,45.92,0.013431744394413015,0.016187786923870826,0.027223811633796578,0.2751481186862614,0.022395423508529955,51.346000000000004,53.335,55.19866666666667,3,12,8,50.06533730460405,54.10937446921786,21.976744186046517,-2.9003428002024663,-2.039063061046997,61.059851216417364,45.61014878358264,0.04343093262761673,0.03557072081208856,0.03118557861663041,5453182.0,-1.6505172258726304,0,0,-1,0,0,0.011977351916376245,0.24553925798567477,0.9573540806414842,0.5646676873445751,-0.15173410404624277,-0.14881276055827442,-1.3663488833476687,0.02864139693356045,0.0
2021-08-13,46.13,46.96,0.010489232422954086,-0.005835714334217552,-0.008846232537122713,-0.2751766902632586,-0.01783267795011177,50.39,52.959500000000006,54.722,4,13,8,49.34982143103968,53.5945761163651,23.713927227101635,-3.0512134964923874,-2.241493148136075,61.32543713881009,44.59356286118992,0.04291935086029357,0.035338286758415195,0.030668498681976013,4683197.0,-1.6326921626789537,0,0,-1,0,0,0.0,-0.17006547740236844,0.4186819572701718,0.5609779111311208,-0.04413593037712382,-0.14000745712155105,-0.6987894666781963,0.03196618252763933,0.0
2021-08-16,45.88,46.13,-0.019134196572015455,-0.009493519199289372,-0.007266353671603046,0.26848001024934565,-0.005434205308559257,49.370999999999995,52.4525,54.25666666666667,0,16,8,48.71894480721428,53.096861528212514,25.132978723404264,-3.1545883896369986,-2.42411219643626,61.2551189284778,43.6498810715222,0.042310303182940316,0.03322829814938411,0.030672496173806442,3676076.0,-1.493305584031809,0,0,-1,0,0,-0.001300672013873884,0.26781682527502415,0.4144892677930398,0.5274828803590688,-0.04852758191621731,-0.18100678329168152,-0.5549074951148968,0.029642545771578016,0.0
2021-08-17,43.43,45.88,-0.02327729164298429,-0.03160337110318838,-0.05894095710273074,-0.3948132975664364,-0.05487884571443946,48.142,51.8125,53.65333333333333,1,17,8,47.75731847862986,52.47319304252139,16.453382084095068,-3.395071985238772,-2.6183041541967627,61.293816530835294,42.331183469164706,0.043346985841708055,0.03447430252990546,0.030935783535070573,2997472.0,-1.7682143556199812,0,0,-1,0,0,-0.018962510897994868,-0.28383134153442235,0.4448274841147258,0.5472625866992082,-0.05360645020701682,-0.2276364929752801,-0.7589494796946459,0.057563895924476166,0.0
2021-08-18,44.51,43.43,-0.031827536949852644,-0.007780410483409477,0.005610112890766783,0.17002658832696463,0.024563436481032486,47.056,51.197,53.106333333333325,2,18,8,47.1668969370608,51.95943865268131,16.504263093788055,-3.458640933528038,-2.786371510063018,60.90513679343241,41.48886320656759,0.045788610265524346,0.0351168711529581,0.031624269634559776,3801846.0,-1.37760728804806,0,0,-1,0,0,0.003914344922864419,-0.08215703547921606,0.5117358302064029,0.5574630473605512,-0.030705574912892053,-0.21664906722984867,-0.717841347522729,0.04291170523477879,0.0
2021-08-19,45.62,44.51,0.005697043737179236,0.023815899608690502,0.01595594031632998,0.4393245557630382,0.02463233382847894,46.082,50.6725,52.62533333333333,3,19,8,46.88564294850429,51.55044261057284,20.979827089337178,-3.3804839450534914,-2.905193997061113,60.39649067959438,40.94850932040562,0.04768249237875107,0.036047000339801856,0.03224151310964153,5049960.0,-1.0391824028796293,0,0,-1,0,0,-0.014848348685688566,0.6326291594891451,0.5199476333942231,0.5722283904538591,-0.028534923339011975,-0.18695419711281414,-0.6829278079573685,0.050416483998246324,0.0
2021-08-20,46.44,45.62,0.0358586265313201,0.03448248263385332,0.03892066990950423,-0.35812710152035626,0.017814939973448865,45.9,50.1645,52.212,4,20,8,46.80461695786715,51.22073663569718,22.934232715008434,-3.2153126982993214,-2.9672177373087547,59.64310188446623,40.68589811553376,0.028840911693305542,0.03635286867316939,0.032520395654470104,5922372.0,-0.7858753949997203,0,0,-1,0,0,-0.00372643577378331,-0.05050277421454738,0.5281875908102047,0.5770838997179808,0.0067201387383479805,-0.179505300353357,-1.5788357405078886,0.046942291128337636,0.0
2021-08-23,48.3,46.44,0.023484445233069327,0.019183240469317027,0.022688582311745344,-0.20158824157186042,0.03927040382883625,45.908,49.854,51.839666666666666,0,23,8,47.07650478370948,51.0323020140393,30.77720207253884,-2.900887217813299,-2.953951633409664,59.13809256399561,40.569907436004385,0.03198104837456804,0.03732261922384957,0.033507689014797906,6635509.0,-0.33476615819763095,0,0,-1,0,0,0.0019379844961241045,-0.3339664492308459,0.5846986038794701,0.592478212463187,0.052746294681778494,-0.11392405063291144,-1.959645808305665,0.04265010351966879,0.0
2021-08-24,50.25,48.3,0.04146653208688034,0.03958206875693454,0.04285616233367621,0.5365792488019642,0.039578986280658146,46.344,49.698499999999996,51.61566666666667,1,24,8,47.65350391394412,50.98183091635935,37.75119617224881,-2.4659283687964617,-2.8563469804870234,58.83840043709429,40.5585995629057,0.02906211301796904,0.03846926111926154,0.033856733509326796,7855078.0,0.120679651555446,0,0,-1,0,0,0.004140786749482461,0.5227557312562577,0.15964697303405315,0.6106805882518339,0.15703430808197094,-0.05828335832083953,0.23092189244280711,0.03950248756218904,0.0
2021-08-25,51.55,50.25,0.04751296205053615,0.04493066395434728,0.03392910519840096,-0.022129481263540994,0.025541663523783772,46.907,49.554,51.466,2,25,8,48.361957747772465,51.018486986271654,41.41505182514645,-1.9933431922870142,-2.6837462228470215,58.46683025519343,40.641169744806575,0.02930215789396455,0.038662685614251666,0.03418459995860111,9047955.0,0.44789364160434747,0,0,-1,0,0,0.012139303482587053,0.4327503938371834,0.1579069065347524,0.6137511069191066,0.15816670411143563,-0.053085966201322554,0.16113953538439862,0.05101842870999022,0.0
2021-08-26,51.82,51.55,0.013475450468995355,-0.008385793376273959,0.012309069449310157,-0.564207885935275,0.005223964670995096,47.393,49.3695,51.35433333333333,3,26,8,48.990692702722924,51.07019750328639,61.58854166666668,-1.5788295275883115,-2.4627628837952797,57.9081193263312,40.8308806736688,0.029117352217292954,0.038371485902732726,0.0341154215040774,9726476.0,0.5739803840284112,0,0,-1,0,0,0.0,-0.4886937001655034,0.23804814124650187,0.6091284548079094,0.1359053046909251,-0.06647450909745989,-0.42723558003126444,0.030297182554998074,0.0
2021-08-27,55.22,51.82,0.00483793880246845,0.061963438120457764,0.017408752609929246,0.2286272129527474,0.06354903136804449,48.302,49.346,51.407000000000004,4,27,8,50.12329402950057,51.33792669662275,68.69658119658119,-0.9648506788632503,-2.1631804428088737,57.81366829273479,40.878331707265204,0.032000950865827986,0.041301980719816306,0.03585265274210444,10579291.0,1.3873949231194749,0,0,-1,0,0,-0.0003859513701274243,-0.21584916245411706,0.35136916547470887,0.6556486178341107,0.1890611541774332,-0.008439576225534151,-0.0259943682398669,0.07279971024990951,0.0
2021-08-30,55.09,55.22,0.05976120125428598,0.009488926268881918,0.05764307434475879,-0.3766402390681424,-0.0023569950173830943,49.223,49.297000000000004,51.376,0,30,8,51.02633147868228,51.57999594200193,77.8450363196126,-0.48318804035940843,-1.8271819623189807,57.61078082336455,40.98321917663546,0.031758967631534255,0.041278097706055464,0.034934352313476455,9994121.0,1.3935897813711187,0,0,-1,0,0,-0.004165157551611678,-0.6993494901836044,0.4351922434304586,0.6552694867442911,0.14057971014492776,-0.017478152309612915,0.5020629885138009,0.027046650934833813,0.0
2021-08-31,55.87,55.09,0.006344623839056596,0.0021359922681493055,0.003471908467013495,0.14371506331771186,0.014059351986432165,50.467,49.304500000000004,51.364000000000004,1,31,8,51.90699848255822,51.85677039735664,78.80718008106544,-0.038088388650024285,-1.4693632475851894,57.64291200330368,40.96608799669633,0.019476858251640736,0.04136863837209119,0.035023878603960244,10669732.0,1.574760277472196,0,0,-1,0,0,0.004538028680341259,-0.5731458354952758,0.42389108214853144,0.6567067752595033,0.11184079601990038,0.0026920315865039957,1.4420426852255293,0.025416144621442666,0.0
2021-09-01,56.29,55.87,0.012212795473182669,0.007087201883054831,0.007089005421313594,-0.24804127707026724,0.007489336004877824,51.645,49.3505,51.34633333333333,2,1,9,52.70390784936581,52.14278521043041,78.01801801801803,0.3445747389131526,-1.106575650285521,57.838608027984414,40.86239197201558,0.020311468432426757,0.04135616031872023,0.03499852803676439,11196930.0,1.635111140697358,0,0,-1,0,0,0.0026848040093074223,-0.875128586774628,0.4324662391920507,0.6565086923031086,0.09194956353055295,0.01661549575582444,1.9763976232624298,0.025404157043879903,0.0
2021-09-02,56.48,56.29,0.012594401506513251,0.0022925677971706512,0.004159062335871556,0.05763187460354263,0.0033696937090513155,52.730999999999995,49.4065,51.358666666666664,3,2,9,53.39047005857202,52.4226055194349,82.32354778263586,0.6556119500932738,-0.7541381302097622,58.0744185263213,40.7385814736787,0.021313331745031906,0.041355412846846004,0.034918236733895554,11755404.0,1.632110403096282,0,0,-1,0,0,0.007816663705809163,-0.7845572168304538,0.43612439432390904,0.6564968265549614,0.08992666923967563,0.02023121387283222,1.973682164431758,0.02354638810198304,0.0
2021-09-03,57.74,56.48,-0.003708613522149027,0.019018282365354064,-0.0025284417869066516,0.03524603983100959,0.022063581049802553,53.861000000000004,49.8805,51.39666666666667,4,3,9,54.181293684286196,52.76566322785846,84.84136310223268,0.9923435320709473,-0.4048417977536203,59.28956723941252,40.471432760587476,0.021271338952749835,0.027959982628488974,0.035111579530012184,12333913.0,1.6706225601360951,0,0,-1,0,0,0.0007082152974505357,-1.0347366911578189,0.15194979945913792,0.4438509641800073,0.04563563926113723,0.19643597181931205,0.4030237596427858,0.04433494977485277,0.0
2021-09-07,58.83,57.74,0.021875051976847453,0.02929364773714706,0.04178897536533801,0.6202151489003358,0.01870175464157551,54.914,50.411,51.54066666666667,1,7,9,55.026513014415976,53.156910761545014,99.16985951468713,1.3318073808332684,-0.05751196203624259,60.5907299105933,40.2312700894067,0.020331658626173563,0.02792851955958904,0.034490091313218015,13409551.0,1.6540713897014026,0,0,-1,0,0,0.0005195704883962787,1.0423610052940504,0.12421960853782861,0.44335150344525465,0.06788890905790512,0.2200331812525922,-0.1974942175093207,0.03263640999490059,0.0
2021-09-08,57.17,58.83,0.011873149889925706,-0.012839714262738519,-0.02209453370624287,-0.1323381290720936,-0.028622643600484658,55.605999999999995,50.975,51.66766666666667,2,8,9,55.41623792088579,53.41581974467115,88.97783251231532,1.4501701411931123,0.24402445860962838,61.34814853486211,40.60185146513789,0.023974876798434908,0.026000458636667976,0.03468659654782658,12467244.0,1.194430018847185,0,0,-1,0,0,-0.006289308176100586,0.45898426352277066,0.3179130897940454,0.41274448515746975,0.02326830141399694,0.2458051863151014,-1.4361923749461938,0.04232814413153749,0.0
2021-09-09,58.22,57.17,-0.01882124106932026,-0.0005084606082340977,0.017052360109766546,-0.2120198052682794,0.01819965304159718,56.273,51.589999999999996,51.79366666666667,3,9,9,55.9260128443611,53.725766857918174,88.93695920889992,1.6101390259058803,0.5172473720688788,62.15790573287552,41.02209426712447,0.023650808499181407,0.025917762106035958,0.03465598845451082,13229522.0,1.2547424565635263,0,0,-1,0,0,0.003498338289312502,-0.33295587237520746,0.3327955732735564,0.41143171843142884,0.034286729436844965,0.2678571428571428,-1.6591417768497758,0.024390243902439053,0.0
2021-09-10,58.32,58.22,0.020871822785807705,0.008974744855567719,0.01040411673786192,0.08762328051550661,0.001716149382925475,56.923,52.158,51.88733333333333,4,10,9,56.361283236295435,54.02216899611701,88.42173350582152,1.7250988184767948,0.758817661350462,62.89785709990182,41.41814290009818,0.023796457755204264,0.025898605866041192,0.034510422133476146,14061607.0,1.147501301494287,0,0,-1,0,0,0.006183442116111292,0.014993593611117226,0.3341203960354925,0.4111276225489415,0.03257790368271962,0.24190800681431002,-1.5650587787691268,0.02314814814814817,0.0
2021-09-13,57.76,58.32,-0.004962789342129014,-0.009825591499257293,-0.02427006947822044,-0.2788149597508701,-0.00964859311583195,57.177,52.7395,51.95633333333333,0,13,9,56.615595375150804,54.2633193834643,83.40395480225992,1.7508354215625346,0.9572212133928766,63.36389392698638,42.11510607301362,0.015433232147610365,0.025484361790674308,0.03457727468825922,13431985.0,0.9450892040528975,0,0,-1,0,0,-0.0005144032921810894,-0.8454576908616269,0.31597581083934206,0.40455170171592547,0.0003463803255974174,0.2521135920225448,-0.6081444566999211,0.037396121883656576,0.0
2021-09-14,58.22,57.76,-0.00636780397999744,0.018553407895747834,0.01351727770195873,0.7512904888196592,0.00793244373290644,57.49000000000001,53.356500000000004,52.028,1,14,9,56.907305306941566,54.51858910066016,81.45224940805053,1.7877420431076274,1.1233253793358267,63.73399239561505,42.97900760438496,0.015259474262417756,0.025187574402237976,0.03458359198499102,14766616.0,0.9373169961666349,0,0,-1,0,0,0.002770083102493139,1.9722840757176676,0.2831937827008591,0.3998403479835483,-0.010368859425463173,0.2689625108979947,-0.6711840685655786,0.042768807969769874,0.0
2021-09-15,60.62,58.22,0.005166190240016151,0.01919953050708936,0.0029598698374115147,-0.08114405513769019,0.04039593331217987,57.964999999999996,54.215999999999994,52.191333333333326,2,15,9,57.582340705679464,54.9122285135208,82.93391430646335,1.9877373500947257,1.2962077734876065,63.95995229441239,44.4720477055876,0.01890218574694151,0.020685164829975247,0.03527899028044807,15997227.0,1.3144563533366913,0,0,-1,0,0,0.0,1.385701519132887,0.3056780302267363,0.32836681181096505,0.060346335490641945,0.395809348376698,0.8330589948251488,0.05740679643681948,0.0
2021-09-16,61.07,60.62,0.038414426719318544,0.017711081203490266,0.05051065162400437,-0.262415866182711,0.007395875605386368,58.443,55.044,52.38133333333334,3,16,9,58.2164605773741,55.309504093293654,83.1541218637993,2.1576739883313962,1.4685010164563645,64.10573075138085,45.982269248619154,0.01890267171570976,0.020704306447515607,0.03523747166356909,16943802.0,1.3299887549807745,0,0,-1,0,0,-0.0019795447047178728,0.279931910983862,0.30100681481669955,0.32867067556918483,0.04895225008588122,0.37205122444394534,1.430887574310359,0.0260356967414443,0.0
2021-09-17,61.56,61.07,0.024168387322806417,0.012802223178610432,0.009868501140753784,2.0349451134952963,0.007991561735635063,58.951,55.84100000000001,52.587999999999994,4,17,9,58.82437683603335,55.712761893726324,78.71376811594206,2.3053146708435293,1.6358637473337976,64.18856037477545,47.493439625224575,0.01882391128073425,0.0206714743997813,0.03523657046222055,24186835.0,1.3702206976020455,0,0,-1,0,0,0.014900933355166146,4.185811238298491,0.29365115661021474,0.32814948296915697,0.05555555555555558,0.34940815431828165,1.233291558548275,0.029077322936972044,0.0
2021-09-20,58.71,61.56,-0.03396831626376863,-0.04321660149978238,-0.0569081322718796,-1.7908843902429503,-0.047402238894583906,59.048,56.454499999999996,52.93633333333333,0,20,9,58.803581047663656,55.90613209413108,63.154069767441854,2.1673657506368684,1.7421641479944119,63.61158107217451,49.29741892782548,0.02488344773696346,0.02481369120505075,0.026777694721410897,22978606.0,0.6302848821341416,0,0,-1,0,0,-0.02680311890838216,0.013036949744965491,0.49937463812248717,0.39390513622868956,0.016447368421052655,0.26421188630490966,-0.9576130728623444,0.04275251234883321,0.0
2021-09-21,60.9,58.71,-0.011584113422388267,0.016303366461636756,0.009655247421333998,-0.23751640746116848,0.0366231046397567,59.254999999999995,57.084500000000006,53.359,1,21,9,59.18474812990662,56.22831712031618,66.57877389584706,2.209287642205588,1.8355888468366472,63.38640773120537,50.782592268794644,0.026878362506701933,0.02465768861822433,0.027297977418412542,23931396.0,1.2109031622620114,0,0,-1,0,0,0.008686765457332619,-0.17195306515236203,0.5555516022780184,0.39142867193693676,0.04603229130882869,0.26086956521739135,-1.1745135511643714,0.04827586206896548,0.0
2021-09-22,62.03,60.9,0.02912261724627961,0.01901121044255136,0.04035517315332734,-0.48017069450676736,0.018384964269174832,59.74100000000001,57.673500000000004,53.897000000000006,2,22,9,59.70206665174178,56.602619241586105,68.07304785894206,2.307097812041995,1.929890639877717,63.46734164890841,51.8796583510916,0.024668423265268934,0.023801534456162007,0.025173460431118084,24520866.0,1.5038381315860736,0,0,-1,0,0,0.0011494252873563266,-0.3997433226222767,0.49399324532594374,0.37783764595643793,0.02325965028043564,0.23442786069651733,-1.3655101790525994,0.027647912300499813,0.0
2021-09-23,63.48,62.03,0.023023066202970274,0.02258147689027966,0.023292852090880195,-0.07280256640257055,0.023106756673182047,60.266999999999996,58.27,54.48233333333333,3,23,9,60.38896362415236,57.046321225999904,70.42007001166861,2.47310751419824,2.038534014741822,63.862340626625354,52.67765937337465,0.02494113167061744,0.02372510087267837,0.025211825105364523,25068946.0,1.8632627544878013,0,0,-1,0,0,0.005803643398355625,-0.40420683779336497,0.5115887292406255,0.3766243004341708,0.03946291141313241,0.2314258001939864,-1.6493817933271333,0.02693761814744803,0.0
2021-09-24,63.43,63.48,0.011157272260023181,0.00827031319203804,-0.001611344209425093,0.1456450427497987,-0.000787960012402543,60.778,58.8505,55.03133333333333,4,24,9,60.941879328851925,57.45817146948379,67.85938480853736,2.5709999302557165,2.145027197844601,64.01793436288555,53.68306563711443,0.025034466025169913,0.023836486453164787,0.025206667245786043,24434935.0,1.7724463160641866,0,0,-1,0,0,-0.006143667296786287,-0.3435784901610494,0.5155802260310863,0.37839249170780453,0.030376868096166243,0.22404477035893477,-1.348549251745866,0.036891061012139306,0.0
2021-09-27,60.95,63.43,0.009966024168129993,-0.009808631491287436,-0.025376526457758734,0.21688976037181174,-0.039883079718525165,61.097,59.136999999999986,55.525333333333336,0,27,9,60.943355814515215,57.68345072951709,56.1200923787529,2.420562365283594,2.2001342313323997,64.08774731200876,54.18625268799122,0.028875754456559096,0.022541889014937377,0.026308242468774768,23647362.0,0.7324146783263685,0,0,-1,0,0,0.004601923380104025,-0.23598571038281518,0.46969564088726795,0.35784139449085833,0.038153636518480694,0.10376675117710987,-1.1873145750813427,0.053579983593109025,0.0
2021-09-28,55.83,60.95,-0.04957356121673199,-0.04957356121673199,-0.08211853830245072,0.5521563432810445,-0.08774249660501154,60.85799999999999,59.174,55.85699999999999,1,28,9,60.01365475733063,57.56387326309664,46.77574590952838,1.866680371470288,2.1334434593599774,64.00705896377873,54.34094103622126,0.04043187270354623,0.030105136541964134,0.03130048000247526,22279352.0,-1.3838026910333767,0,0,-1,0,0,-0.0050861361771944585,0.13524149086917228,0.7158119797667016,0.47790422685408074,-0.08325123152709357,0.013432564893810062,-0.9607818856023325,0.0886620096722193,0.0
2021-09-29,55.35,55.83,-0.07514870024958677,-0.06629908497260417,-0.02380415839725252,-0.4086991094251172,-0.008634700167623171,60.331,59.148,56.254333333333335,2,29,9,59.165717528725054,57.42104272999363,42.899554675903026,1.3731639333376933,1.9813875541555206,64.06083431967996,54.23516568032005,0.03726393492829334,0.03001587809043851,0.029323421783370874,21370290.0,-1.5461543186123254,0,0,-1,0,0,0.007522837184309542,-0.18863588600858425,0.6557319897662479,0.4764872928631957,-0.10768982750282119,-0.009307320565598687,-0.8372482095049593,0.0428184281842818,0.0
2021-09-30,56.0,55.35,0.011137744410456021,0.01252041045920991,0.02640447369343084,0.16318285517018816,0.01167503158050323,59.824,59.13349999999999,56.63733333333334,3,30,9,58.59013252350231,57.32936255386501,44.412331406551054,1.0227090153325378,1.7896518463909241,64.08342301907113,54.18357698092884,0.03749223997723167,0.030086586666881087,0.029168902461648473,22440485.0,-1.2660802957650807,0,0,-1,0,0,0.027642276422764248,-0.09686740428069848,0.6087352762385906,0.4776097567161544,-0.11783238815374919,-0.0051518919879196545,-1.1455465371613216,0.029107142857142904,0.0
2021-10-01,57.21,56.0,-0.015592094759836275,0.008231925520482294,-0.007207788981092376,-0.5754217684613341,0.021377017545288233,59.38900000000001,59.17,57.02366666666667,4,1,10,58.339199337410975,57.321661743938236,48.715553479682406,0.8330054868061794,1.5983225744739753,64.04777775113496,54.29222224886504,0.03837215413235599,0.030462267748373108,0.029108877692593238,23042435.0,-0.8036446513144011,0,0,-1,0,0,0.0,-0.42296404234397017,0.679525076818799,0.4835735089995525,-0.09806085448525936,0.012924929178470324,-0.9079392136083544,0.043803530851249786,0.0
2021-10-04,57.64,57.21,0.006053071713077463,0.0024133781753363005,0.011586118809671477,0.44162483489839094,0.007488062850884012,59.282000000000004,59.165000000000006,57.397,0,4,10,58.212072185154426,57.34219969594223,48.64359214218897,0.7091864204472813,1.4204953436686365,64.04915052140935,54.280849478590675,0.03588227692320892,0.030097464277855677,0.029047739627247673,23978607.0,-0.6244688788010421,0,0,-1,0,0,-0.015207131620346048,-0.2045813629712254,0.6761336840593621,0.47778243343713805,-0.05430680885972117,-0.001731901627987531,-1.890052531391522,0.03469812630117974,0.0
2021-10-05,57.71,57.64,0.02696713931505647,0.012660562609308378,0.02029899369467629,-0.24142816609302709,0.0012136975915537907,58.963,59.108999999999995,57.71066666666666,1,5,10,58.12078633330816,57.36592874781693,42.36220472440945,0.6096793294772311,1.2583321408303554,64.0348283834449,54.183171616555086,0.03329704845489111,0.029782832253705607,0.028411975083046888,24713975.0,-0.5680262855692889,0,0,-1,0,0,0.004163775156141603,-0.33158916369216473,0.17967516349239981,0.47278780489475036,0.03367365215833784,-0.01903790583035858,-0.08573341945854507,0.027551550857737018,0.0
2021-10-06,57.7,57.71,-0.019011647873941957,-0.017839238087759803,-0.035934140125057586,-0.26151552606528505,-0.0001732952088211702,58.529999999999994,59.1355,57.958999999999996,2,6,10,58.04427972725213,57.38748173182874,40.945728103170346,0.5239723000337264,1.1114601726710296,64.02295967812081,54.248040321879195,0.03234765688913906,0.02906207745467552,0.02769285203185542,24147827.0,-0.5874217260251391,0,0,-1,0,0,-0.015941777854791228,-0.43413102621272803,0.14009202234059062,0.4613461771678107,0.042457091237579014,0.009270596466678382,0.8223413038474665,0.044540727902946275,0.0
2021-10-07,59.03,57.7,0.023493641241388682,0.0462816222634598,0.051709798834776645,-0.004551558013759464,0.022788615738544103,58.085,59.176,58.208333333333336,3,7,10,58.22350159502447,57.49345065235592,43.496143958868885,0.5569485897855841,1.0005578560939405,64.04490628591742,54.307093714082576,0.03231415137948095,0.029228856991553174,0.027624242284522975,24711404.0,-0.05997240095677492,0,0,-1,0,0,0.007625649913344848,-0.4279177540081588,0.17566621842325417,0.46399372023792745,0.05410714285714291,0.013912744761250373,0.33636279997825974,0.04026766051160431,0.0
2021-10-08,59.02,59.03,0.006401892705943504,-0.01694800474996497,-0.002755771637220448,-0.4014647946489227,-0.0001694197378046509,57.644000000000005,59.21099999999999,58.44833333333334,4,8,10,58.3683194868382,57.59193770704263,50.93317278747743,0.5756400009611298,0.9155742850673785,64.0640355123576,54.35796448764238,0.03232742097105876,0.02922983074018364,0.02763960723575699,24334180.0,-0.07871362140814019,0,0,-1,0,0,-0.008751482297137115,-0.5372352542847179,0.15708325867991518,0.4640091780182216,0.031637825554972965,0.01200274348422492,1.738367395778749,0.025753981701118315,0.0
2021-10-11,57.63,59.02,0.004715984577490083,0.004525877203038623,-0.006749181974928338,-0.3837008356917485,-0.02383310406621841,57.312,59.204499999999996,58.52866666666667,0,11,10,58.234079580140346,57.59439333884634,39.658444022770404,0.4728410780820127,0.8270276436703055,64.06605909581472,54.34294090418528,0.03093978520275879,0.029659725269408306,0.025583633512813623,24077164.0,-0.6477345925324527,0,0,-1,0,0,-0.003896984073195594,-0.6028870354854987,0.2617472559417891,0.4708335421041156,-0.00017349063150584598,-0.002250692520775588,-0.09817789456489562,0.037825785181329105,0.0
2021-10-12,58.36,57.63,-0.006313475454568602,-0.009074019465748958,0.00312066827459325,0.2843645248596445,0.012587458206009965,57.565,59.21149999999999,58.63766666666667,1,12,10,58.256974201933005,57.64378731698529,38.09214795587279,0.4451457273581241,0.7506512604078692,64.06749044046508,54.3555095595349,0.014054982114526767,0.02974208089688314,0.02564747251326025,24418717.0,-0.3507008551353055,0,0,-1,0,0,0.013708138122505624,-0.5081397409169687,0.27706975865774897,0.47214089716030616,0.011263212614798013,0.0024046719340433675,-0.5872717916447047,0.02501713502398893,0.0
2021-10-13,58.35,58.36,0.006483557944986157,0.004380060910940552,-0.00017311520860344913,0.09130091096298157,-0.00017136492201991451,57.864999999999995,59.098,58.72033333333333,2,13,10,58.27388798339973,57.68934942556689,31.63922691481747,0.41757648417151216,0.6840363051605979,63.92137990253765,54.274620097462346,0.013418650749789245,0.02816109028598232,0.025551291117942906,24044512.0,-0.3101559550001291,0,0,-1,0,0,0.0075394105551747385,-0.4546106727587627,0.2770686452689967,0.4470434492708762,0.011265164644713943,-0.03744638733091388,-0.5873865269217584,0.02964867180805491,0.0
2021-10-14,58.29,58.35,0.01133012881392119,0.013689696263081096,0.0,0.4908298644206085,-0.0010288066751066353,58.09400000000001,58.959,58.787000000000006,3,14,10,58.27681744096341,57.72810107553032,31.616595135908426,0.3864316186074035,0.624515367849959,63.70266902191408,54.21533097808592,0.013352617750680376,0.02808315297652654,0.025532658854331362,23433184.0,-0.28206015087033237,0,0,-1,0,0,0.019194515852613496,-0.283356113120148,0.2079204898882074,0.44580623283883536,-0.012535998644756963,-0.045521532667430864,-1.0965233678905941,0.04374678332475561,0.0
2021-10-15,55.99,58.29,-0.0037062037032616906,-0.017732147447654858,-0.034881112385227814,0.185610065583178,-0.04025744869665642,57.972,58.680499999999995,58.77066666666666,4,15,10,57.861032451697334,57.6159655222703,32.02898550724636,0.17415080805309913,0.534442455890587,63.43521832139225,53.92578167860774,0.017707673069683058,0.02918191296910199,0.026598780915779323,22697174.0,-1.1317179349594677,0,0,-1,0,0,0.016469377251672686,0.0939111128452862,0.33126201930119215,0.46324850698424624,-0.05133852931209759,-0.09048083170890187,-0.6016850775879162,0.06197535274156097,0.0
2021-10-18,56.95,55.99,-0.05838030673363378,-0.035386722088015805,-0.0026927581121409735,-0.5604272473631449,0.017000586532389318,57.903,58.59250000000001,58.74433333333333,0,18,10,57.695390187752366,57.573000004704475,55.80912863070542,0.08243050567519106,0.4440400658475079,63.40965738409611,53.77534261590391,0.01852622870290942,0.027793423630501662,0.026466234068013277,23117410.0,-0.6819374452753973,0,0,-1,0,0,-0.0017860332202179214,-0.90216021546992,0.3539807066678096,0.4412069220562401,-0.01179941002949847,-0.029977857264520513,-1.5546075951182232,0.027392449517120193,0.0
2021-10-19,57.86,56.95,0.030484256374775635,0.021792629990852578,0.028879675582766984,-0.25060249691024217,0.015852609654797813,57.918000000000006,58.4405,58.712,1,19,10,57.725319244524655,57.591516133433224,62.462760675273096,0.08222308351956542,0.3716766693819194,63.14153448861542,53.73946551138458,0.019298736367699642,0.026625492983357847,0.02639971845577508,23444493.0,-0.24696691819888084,0,0,-1,0,0,0.011764705882352846,-1.1200372909253926,0.363381645247852,0.4226665978107605,-0.008567511994516774,-0.049917898193760246,-1.487590191616056,0.020566885585897077,0.0
2021-10-20,59.04,57.86,0.0046749284345308124,0.021327822640823543,0.004182648133335783,0.38510638170192024,0.020188880744227963,58.052,58.291,58.77433333333333,2,20,10,57.964352109156536,57.6849667054698,64.33962264150945,0.17525461221791971,0.3323922579491195,62.691994624423465,53.89000537557653,0.0202975306495563,0.02670403709477373,0.026111641445006675,23925230.0,0.3403776027552505,0,0,-1,0,0,0.0005184929139301959,-0.5423895697929754,0.39600753480635753,0.42391344692529037,0.011825192802056517,-0.04820248266967597,-1.701236497580611,0.03743224932249324,0.0
2021-10-21,61.27,59.04,0.020517047266669957,0.028073177782406724,0.02727675755427852,-0.1649751621503591,0.03707514644534613,58.275999999999996,58.18050000000001,58.876,3,21,10,58.5653789984008,57.91625917608465,67.4698795180723,0.4240370963865132,0.35072122563659824,62.11967156665876,54.24132843334126,0.022381506442860726,0.0276060854609253,0.026777971009315445,24332854.0,1.5686039298971408,0,0,-1,0,0,0.0008468834688347606,-0.7680394805969649,0.46359866408227346,0.4382330208096255,0.05112369188540056,-0.03481411468178941,-1.69978788394055,0.03786518687775409,0.0
2021-10-22,63.21,61.27,0.047265902717568226,0.032206580768893545,0.036230253498772104,0.4300206489169888,0.03117218974664415,58.69500000000001,58.16949999999999,59.039,4,22,10,59.409855544146104,58.257790842143706,71.21096725057123,0.7688776512606381,0.43435251076140624,62.04770617784672,54.291293822153264,0.023938817206824205,0.02858026860436898,0.02731754342904221,24959490.0,2.5993976435768635,0,0,-1,0,0,0.011098416843479675,0.006178384644884104,0.15286970796060415,0.45369769878352434,0.12895159849973203,-0.003468390351568651,0.7084262250362219,0.03401202341401681,0.0
2021-10-25,62.35,63.21,0.028013928053245356,0.010743094894462776,0.01200370350543121,-0.18202605408138064,-0.013698844358161915,59.166999999999994,58.23950000000001,59.192,0,25,10,59.944427263392264,58.521804336198954,66.66666666666669,0.9616857480849674,0.5398191582261185,62.371268959759966,54.10773104024005,0.022696312646779425,0.02727276687564432,0.02739118730940977,24437139.0,1.9897046713080502,0,0,-1,0,0,0.00791014080050625,-0.31709287134733355,0.3160307543382777,0.4329417523055694,0.09482001755926239,0.022969647251845693,-1.234708845200247,0.033600641539695365,0.0
2021-10-26,62.44,62.35,-0.021257145590365574,-0.016911560479645316,0.00048367594655140267,-0.51862725261085,0.001442423521185788,59.575,58.57000000000001,59.33266666666667,1,26,10,60.3981677609573,58.77459115321838,66.92857142857142,1.1089663282398163,0.6536485922288581,62.94080264819489,54.199197351805125,0.022724827573500434,0.0184340372673074,0.02737567016237317,24748114.0,1.7708417933709637,0,0,-1,0,0,0.00032076984763425856,-1.0976063542526076,0.3391635648801531,0.2926312696091525,0.07915658486000687,0.1183951280673472,-0.522473390218944,0.015855221012171718,0.0
2021-10-27,60.4,62.44,-0.002890175422233386,-0.010366092345361542,-0.03426845683481479,0.7255422251370933,-0.03321699070646199,59.78000000000001,58.822500000000005,59.32533333333334,2,27,10,60.398500895328695,58.87945624010752,54.65669612508497,1.0489842605179476,0.732715725886676,62.98875478665937,54.65624521334064,0.025960208768658108,0.020129702382708604,0.02711360031097625,24105686.0,0.7572748575297205,0,0,-1,0,0,-0.0040038436899423446,0.4587770484615597,0.47376646250933135,0.3195491188223478,0.023035230352303593,0.0912375790424571,-0.07748392166628662,0.04023178807947019,0.0
2021-10-28,59.92,60.4,-0.02490971285536284,-0.01893413631667878,-0.015634511958729874,-0.19896353141463244,-0.007978765731805199,59.943,59.0185,59.287,3,28,10,60.31150073254166,58.94658809558446,52.964426877470345,0.9517449281373658,0.776521566336814,62.989941604889374,55.04705839511063,0.026193252240585174,0.020241514649489083,0.027118443861715767,23579165.0,0.45399131584366403,0,0,-1,0,0,0.004304635761589371,0.048163657150830805,0.3749150078790668,0.3213240835309132,-0.022033621674555248,0.07000000000000006,0.7116139884143986,0.036548731642189546,0.0
2021-10-29,61.43,59.92,-0.0122741630514709,0.010886450841886885,0.009779204556510698,0.10944714735413434,0.024887975966872027,60.48700000000001,59.22950000000001,59.282666666666664,4,29,10,60.514864235715905,59.10680821844998,62.41830065359478,0.9851700104245182,0.8182512551543549,63.24454787937552,55.2144521206245,0.022205222492797307,0.020425016351024946,0.027478527267635663,24166584.0,1.096126405517362,0,0,-1,0,0,0.0,0.40813882970548115,0.336813324132024,0.3242370827354397,-0.028160101249802283,0.07376332808949493,0.3816703932210845,0.03711541592056001,0.0
2021-11-01,62.0,61.43,0.02765153133050995,0.021502766851163396,0.03121898589407427,-0.032501370753281945,0.009236069869255572,60.992000000000004,59.44749999999999,59.39233333333333,0,1,11,60.784888920131195,59.29346575274353,62.02113606340821,1.0456008297614616,0.8637211700757763,63.57115639999947,55.323843600000515,0.022044484573941887,0.020445853971768443,0.026065704719143334,24735218.0,1.2379789935942929,0,0,-1,0,0,0.0027673775028487987,0.4927831269081624,0.34133858139964945,0.3245678697098492,-0.005613472333600655,0.07564191533657172,-0.5597582155364048,0.027983870967741926,0.0
2021-11-02,61.69,62.0,0.010014620930016913,-0.002137514173310755,0.000812809928517408,-0.110863635844336,-0.005012541823544286,61.375,59.6465,59.418666666666674,1,2,11,60.94945457101643,59.448080865469755,60.8160621761658,1.056301889586571,0.9022373139779353,63.80112849057895,55.49187150942106,0.02227717290678086,0.020535067757520963,0.025229585572162382,24226256.0,0.9837221328616244,0,0,-1,0,0,0.003548387096774175,0.16294664182140461,0.3415701238665733,0.32598409465356776,-0.012011531069826997,0.06896551724137923,-0.26207901804266365,0.025125628140703588,0.0
2021-11-03,61.35,61.69,-0.00823049913651548,0.0036389566300931825,-0.03488822051532649,0.6967989311609358,-0.005526672064626789,61.60600000000001,59.82900000000001,59.395999999999994,2,3,11,61.022281012649806,59.57078532576204,59.732824427480935,1.02552577532321,0.9268950062469903,63.94409109702757,55.71390890297245,0.022006270317867234,0.020620398201169208,0.02502554297381471,23204608.0,0.7392302936373158,0,0,-1,0,0,0.0003242016534284832,2.9052159738200736,0.22285869320711013,0.32733867345250417,0.01572847682119205,0.06325823223570182,1.2447427801545845,0.06340668296658518,0.0
2021-11-04,60.28,61.35,0.0019426912375018303,-0.013194691071821075,0.0010090818212451498,0.23060938723944,-0.017594797398625735,61.50699999999999,59.89150000000001,59.28933333333334,3,4,11,60.88732082853166,59.61654111119675,64.80331262939958,0.9043704063097664,0.9223900862595455,63.993444468303544,55.78955553169647,0.019378517306120897,0.020564204372388796,0.024816284135569928,21917978.0,0.18942235956727485,0,0,-1,0,0,0.007823960880195548,2.9928454282654693,0.25990017713655467,0.3264466240754871,0.006008010680907949,0.021175673386413685,0.6641192502133056,0.0497677504976775,0.0
2021-11-05,62.87,60.28,-0.03656533833864222,0.08919600553932407,0.002015114032020891,0.8346512901247402,0.042068728636674844,61.473,60.08399999999999,59.27066666666667,4,5,11,61.2478079506168,59.826441684667934,68.36228287841192,1.0057515798028263,0.9390623849682018,64.37092209546952,55.797077904530454,0.021714016746342185,0.02257162127705528,0.026106766581096053,24882387.0,1.299767030030373,0,0,-1,0,0,-0.011114797611148005,3.870018366374368,0.3700601423540514,0.3583133795197345,0.023441315318248446,0.06523212470349016,1.3900867931263687,0.13853984412279297,0.0
2021-11-08,66.66,62.87,0.047343211510520754,-0.014299646623941462,0.03818136971813436,-1.2422139931486598,0.05853597048462385,61.903999999999996,60.5355,59.461,0,8,11,62.23184286868647,60.267316414689354,73.15789473684211,1.3760559000061932,1.0264610879758,65.57092597372211,55.500074026277886,0.028274570972024682,0.024959915517710624,0.027249458795901453,25738343.0,2.4325648046307613,0,0,-1,0,0,-0.005885159853666255,0.2566298738263903,0.5444852741756054,0.3962263752302658,0.07516129032258068,0.15668922436231125,0.6517668236785984,0.08130813081308123,0.0
2021-11-09,64.93,66.66,0.08566380275251943,0.01151474192920386,0.03443964897665461,-0.42846951527682803,-0.026295306359198044,62.153,60.86400000000001,59.76433333333333,1,9,11,62.722416892561654,60.56813471051585,65.06393861892587,1.512493120678279,1.1236674945162959,66.15270255703942,55.5752974429606,0.0301446514402205,0.026018533170237487,0.022475125664648602,25180683.0,1.5376171967122763,0,0,-1,0,0,0.021452145214521556,-0.27500522852566645,0.6095471328525505,0.41303140948280026,0.05252066785540621,0.1125771076079507,0.5646379812235526,0.06206684121361467,0.0
2021-11-10,62.21,64.93,-0.05261594870631927,-0.04487884493748932,-0.047441619885990244,0.009595887666202355,-0.04279400799346702,62.33399999999999,61.056999999999995,59.993,2,10,11,62.62925018482317,60.6740615033858,52.34530938123752,1.385171933219901,1.175968382257017,66.24008625800187,55.87391374199812,0.031511777343250266,0.028100371302896478,0.02395753825285646,24617646.0,0.4449086673871017,0,0,-1,0,0,-0.0050823964269214915,-0.2841655386551283,0.7164752092810183,0.44607956529624093,0.014017929910350446,0.0661525278491859,0.5167942195528854,0.06445909017842787,0.0
2021-11-11,60.9,62.21,-0.03496969960889889,-0.029919674839785096,-0.0085807963308766,-0.17115749186597687,-0.02128258381107715,62.432,61.1875,60.156333333333336,3,11,11,62.31484106030986,60.68863818058672,44.049459041731055,1.1651320064850452,1.1738011071026229,66.2060671052071,56.1689328947929,0.03229916706101257,0.028625297494282807,0.024345722834493617,24143181.0,-0.1145745365053308,0,0,-1,0,0,0.0027326796334994647,-0.4247405827409062,0.7235892946858807,0.4544125102506761,0.010285335102853344,0.04477611940298498,0.5560965605332819,0.04289326765188837,0.0
2021-11-12,60.72,60.9,-0.01811760977502809,-0.023525149500215697,-0.006561905368661149,-0.10559355379106268,-0.0029600416284768275,62.361000000000004,61.424,60.273333333333326,4,12,11,62.02486995843533,60.69066152377467,45.64869193806726,0.9650992205077671,1.1320607297836518,65.81824216566626,57.029757834333736,0.0312713584513402,0.026916658884621508,0.024113254517659978,23716262.0,-0.3204193002837197,0,0,-1,0,0,0.005911330049261075,-0.4773432780128891,0.6307619706842484,0.4272887132007943,-0.0341975505010339,0.08447937131630634,1.5914869192439256,0.02534090909090907,0.0
2021-11-15,62.46,60.72,-0.010502229774972135,0.014150421029235007,0.001472061392043326,0.2620007715179461,0.028253218767557976,62.407,61.6995,60.434,0,15,11,62.10398451144709,60.80481239320857,50.04906771344457,0.936183513881609,1.0928852866032432,65.57270335259064,57.82629664740937,0.03253515741351824,0.027323400079080018,0.024576403822788737,24271055.0,0.39269820392535415,0,0,-1,0,0,-0.0016469038208168877,-0.26990032863173935,0.4276461053357767,0.4337455294918098,-0.06300630063006296,0.09675153643546963,0.9239242493024025,0.03730387447966707,0.0
2021-11-16,64.37,62.46,0.041362923744281986,0.03990827687209416,0.026995504342011735,-0.01441504347048321,0.030121334209591934,62.675,62.025,60.656,1,16,11,62.51598732754761,61.03482449687254,59.80246913580249,1.0552246723496381,1.0853531637525222,65.62409052839351,58.42590947160649,0.03370505217839466,0.027823216177402837,0.025083582614901748,24817908.0,1.3031069830003525,0,0,-1,0,0,0.011527377521613815,-0.3056308604924244,0.49912833583475047,0.4416798640763825,-0.008624672724472537,0.11251296232284824,-0.19993650197165846,0.050178654652788625,0.0
2021-11-17,62.45,64.37,0.016638274264567033,0.0030637278866489375,0.005312738890646138,-0.2867261481620279,-0.030281449492937807,62.785000000000004,62.1955,60.81433333333334,2,17,11,62.503989631629864,61.126126142235606,55.83218072844629,0.9833027916924024,1.0649430893404983,65.5111056841284,58.87989431587162,0.035365254745719284,0.028681273693515502,0.02582500322788641,24407376.0,0.1535164457090159,0,0,-1,0,0,-0.002019574335870897,-0.5360819210410103,0.44137907691355277,0.455301104865726,0.003857900659058,0.057757452574525914,0.12039341424244561,0.04963971176941544,0.0
2021-11-18,59.3,62.45,-0.0507690823317743,-0.0677045351185148,-0.11345714570926091,1.7046280633870656,-0.051756930567906985,62.687,62.096999999999994,60.82333333333334,3,18,11,61.92144606224261,61.00831155241396,45.435062151735956,0.6644659587935138,0.9848476632311014,65.63777660229522,58.55622339770477,0.03878949909532251,0.029843975697199838,0.027297298355697924,22149721.0,-1.579879396055038,0,0,-1,0,0,-0.022257806244996004,2.1811394940300577,0.5659350258063546,0.4737584269694775,-0.026272577996716007,-0.032152766443610314,-0.26709429219139486,0.0927487352445194,0.0
2021-11-19,59.35,59.3,-0.004102738174713398,-0.0034429085570668954,0.058167097593285165,-1.4489445929439408,0.0008428150519973713,62.335,61.90400000000001,60.83433333333333,4,19,11,61.45391041456213,60.901323710322735,44.191144234984655,0.41108136368705317,0.8700944033222918,65.60644528016616,58.20155471983387,0.03564890246925407,0.028835814501712347,0.02729705328207273,22679859.0,-1.37962876247311,0,0,-1,0,0,0.025463743676222686,-0.4145906888707234,0.5673547567521837,0.4577543641411247,-0.02256258234519104,-0.061066286979908235,-0.36982405693724607,0.033024431339511384,0.0
2021-11-22,55.99,59.35,-0.0404383592978371,-0.033907214815156045,-0.06502509234781365,0.7557234390900927,-0.058279017694875146,61.26800000000001,61.586,60.779666666666664,0,22,11,60.46047215736901,60.584464116108364,38.979118329466374,-0.06015820642412706,0.6840438813730081,66.12512766949698,57.04687233050303,0.030608544285033068,0.031194883202836435,0.028922470878649763,21551115.0,-2.465672000197408,0,0,-1,0,0,-0.016006739679865253,0.4396518103366675,0.5805873245157105,0.49520341879446766,-0.10358629522894647,-0.10200481154771446,0.6621566798729197,0.06501160921593142,0.0
2021-11-23,54.71,55.99,-0.05201453495253366,-0.042515295053442016,-0.0425438672552534,-0.198966516103345,-0.02312659528506738,60.245999999999995,61.1995,60.658,1,23,11,59.414931765120095,60.205466431198154,37.61194029850747,-0.5307856963240596,0.44107796583359454,66.65612118318975,55.74287881681025,0.030522063879433077,0.031407325780161414,0.029089232244383523,20626022.0,-2.378578164814607,0,0,-1,0,0,-0.009823182711198504,0.08895403848632615,0.3648141756836978,0.4985758401593687,-0.15006990834239553,-0.12379884689301723,0.46770004635773305,0.06379089745933092,0.0
2021-11-24,53.29,54.71,-0.031888353366828694,-0.03169723312933718,-0.015040740466740355,-0.3550981224966582,-0.026297811767043728,59.354000000000006,60.84400000000001,60.489333333333335,2,24,11,58.30130780782552,59.759307306604725,37.127071823204425,-1.0067384511308646,0.1515146824407027,67.3461984945979,54.341801505402124,0.02944951120816839,0.031143264550854585,0.029420269825165993,19977435.0,-2.323521807670428,0,0,-1,0,0,-0.018460976055565674,-0.3344213881704043,0.3671482027880692,0.4943839980975295,-0.1466773418734989,-0.11771523178807941,0.29772642815454864,0.04728842184274716,0.0
2021-11-26,51.07,53.29,-0.024315588700744288,-0.02014669379957571,-0.024860476285445587,-0.3959138506533129,-0.04255145564913836,58.370999999999995,60.4015,60.24866666666666,4,26,11,56.986524570039066,59.19870683521088,27.968633308439152,-1.5452571228327088,-0.1878396786139796,68.23643465528748,52.566565344712515,0.030620503898875606,0.032162227916570175,0.03026838297627735,19540894.0,-2.3820236952972014,0,0,-1,0,0,-0.01651341715143559,-0.6491153313944876,0.34231586599297986,0.5105595400621423,-0.13878583473861716,-0.14769692923898536,0.21377537058805957,0.05306442138241631,0.0
2021-11-29,51.1,51.07,-0.010356824450766074,-0.02955880224154439,-0.01966104439915712,0.34631406107532225,0.0005872565501062268,57.409000000000006,59.88499999999999,60.08566666666666,0,29,11,55.916247375486506,58.67620962003598,16.20330147697659,-1.94717053088592,-0.5397058490683677,68.73116003520252,51.03883996479746,0.030821207513870765,0.03130592445833954,0.02952251246862455,20158096.0,-1.986172523454435,0,0,-1,0,0,0.01566477383982763,-0.3765844050503925,0.3409014149071085,0.49696614407844525,-0.1390058972198821,-0.16815888002604584,0.19937371276810656,0.04187866927592956,0.0
2021-11-30,50.77,51.1,-0.014956091153649992,-0.002117625201779104,-0.02395080997608534,0.32391951229020904,-0.0064788682503557375,56.239999999999995,59.32349999999999,59.87966666666667,1,30,11,54.98056603448896,58.166131580033664,17.25254394079559,-2.2661947619146616,-0.8850036316376265,68.99182544146599,49.655174558533986,0.026824782353170453,0.031026819893979325,0.02929119708705318,19304792.0,-1.7693860331418523,0,0,-1,0,0,0.0,-0.038560880912608377,0.2653125927739003,0.49253549647596434,-0.0932309340953742,-0.18112903225806443,-0.14614371526899955,0.0632263147528068,0.0
2021-12-01,47.88,50.77,0.02129799767893434,0.027372931232862645,-0.01657038742955395,-0.1775146814686237,-0.05860774826953062,54.590999999999994,58.633,59.547,2,1,12,53.68955402821824,57.50251018777343,17.11794401101426,-2.720858250476617,-1.2521745554054247,69.48929596617819,47.776704033821815,0.02232067876504343,0.032755913438225176,0.030621335855280474,18590279.0,-1.9809703113290213,0,0,-1,0,0,0.02816623990545597,-0.2689620159324525,0.3798461386576909,0.519984005545815,-0.12484006580149876,-0.22386124169233257,-0.20050029292994032,0.11382623224728479,0.0
2021-12-02,49.04,47.88,-0.07084187047289865,-0.05432768813254963,0.0,0.35301513743146073,0.023938410938183396,53.25,58.0175,59.21366666666667,3,2,12,52.84418056854219,56.95654178856225,22.597042513863244,-2.9535335392305555,-1.5924463521704508,69.59695344587804,46.438046554121954,0.02792188369803478,0.03373034809611342,0.030742321121032992,19607283.0,-1.5505913196957903,0,0,-1,0,0,0.015664160401002505,0.19839666893158114,0.5215394183826253,0.5354526761877426,-0.07975229874272849,-0.20065199674001633,-0.16819409906884014,0.05362969004893955,0.0
2021-12-03,47.74,49.04,0.01368345663294995,-0.015965216373379932,-0.047037315342017674,-0.28150521165400183,-0.026866670717271897,52.09400000000001,57.390499999999996,58.76266666666667,4,3,12,51.91614773789816,56.36192618930017,21.485061511423567,-3.2058741952146264,-1.915131920779286,69.78356508113536,44.99743491886463,0.026339433570748996,0.033887797951767044,0.02983402950073137,18839804.0,-1.5574032633282804,0,0,-1,0,0,0.005301794453507301,-0.14824303577371303,0.484435159090439,0.5379521151598776,-0.06520462110828273,-0.208029197080292,-0.4787843236490661,0.08441558441558443,0.0
2021-12-06,49.17,47.74,-0.026723070140753393,-0.0012077296153996536,0.017791747245555888,0.01484601161777274,0.029514060513164006,51.076,56.70550000000001,58.294666666666664,0,6,12,51.416848149189406,55.897930951280806,20.40089086859689,-3.252968735427622,-2.182699283708953,69.33554350536302,44.075456494637,0.03034251898739796,0.03290691403332161,0.029757500123506843,19618762.0,-1.1932658817525466,0,0,-1,0,0,0.0054461667364892755,0.06294608867388746,0.5731263095600002,0.5223810656805026,-0.03776908023483361,-0.2179099729600763,-0.4313472392360815,0.06406345332519826,0.0
2021-12-07,51.23,49.17,0.04759897879927895,0.041812440422628445,0.0733703730053998,-0.144617231970831,0.041041616527262896,50.6,55.934000000000005,57.924,1,7,12,51.38287575842769,55.596774115714304,20.929203539822993,-3.0884648141081428,-2.363852389788791,67.8697515142751,43.99824848572491,0.03241337229616279,0.03099107035137884,0.03108668528989686,20292836.0,-0.7882201626557068,0,0,-1,0,0,0.0237949969493594,-0.17195446434210976,0.6711767140737995,0.4919679900807332,0.009060468780775821,-0.23147314731473145,-0.7870830555121757,0.03376927581495225,0.0
2021-12-08,50.85,51.23,0.0245278655493888,0.0007723499128868886,-0.010850016024065705,-0.09298347085372145,-0.007445175456541888,50.214,55.23,57.537666666666674,2,8,12,51.28598925689538,55.2905306243779,22.459639126305774,-2.9546971855631554,-2.4820213489436638,66.57809977137347,43.88190022862652,0.03201163901455399,0.030848134082375293,0.031055026517718444,19678614.0,-0.7719354056172313,0,0,-1,0,0,0.007027132539527748,-0.32663556686093853,0.4507244959331684,0.48969894715404433,0.06203007518796988,-0.21684891421530883,-0.623545151266932,0.04542772861356936,0.0
2021-12-09,49.04,50.85,-0.02611832314111253,-0.009444186045779113,-0.012195273093818355,-0.22543076241414947,-0.03624383086661305,49.789,54.5715,57.159,3,9,12,50.87762757382348,54.88727058409546,23.985801217038528,-2.960609189574207,-2.577738917069772,65.74124536768593,43.401754632314066,0.03278744002352124,0.030554439142599896,0.031144915027339248,19188359.0,-0.9904433481541354,0,0,-1,0,0,-0.011602753195673617,-0.6195008389391657,0.5427668418914374,0.48503668452226156,0.0,-0.21170229866580936,0.3100688160200845,0.04940864600326268,0.0
2021-12-10,46.8,49.04,-0.027432135634619718,-0.02631600935543881,-0.04871347999317413,0.28818627470007013,-0.04675308870435495,49.362,53.866499999999995,56.72166666666667,4,10,12,50.13624074221921,54.36551119157317,21.360109539023256,-3.1101914241746016,-2.6842294184907383,65.1338824074531,42.5991175925469,0.03326970470737386,0.03144786452097396,0.031958550424121955,18534356.0,-1.2543285999285299,0,0,-1,0,0,-0.002854812398042426,-0.24323372314180652,0.6150298209365205,0.49921937271929084,-0.019689987431922962,-0.23152709359605916,0.14660807602809978,0.07297008547008546,0.0
2021-12-13,47.42,46.8,-0.04517706737011441,-0.04083241332494753,-0.009817221086793943,-0.02324973863893811,0.01316087771365854,48.994,53.201499999999996,56.25466666666667,0,13,12,49.64237878908844,53.917413695342645,27.647365675534687,-3.142483016249855,-2.7758801380425617,64.33488701006048,42.06811298993951,0.03387626002715113,0.03191486014588498,0.03160670174491154,19173329.0,-1.0385878070663748,0,0,-1,0,0,-0.0012820512820511788,-0.3114486552198489,0.5676147641582632,0.5066326984405095,-0.03559080740288789,-0.21903820816864294,0.3600091289484824,0.03943272880641082,0.0
2021-12-14,47.2,47.42,0.0010691757674130312,-0.008998500277950362,-0.0047815783343587645,0.16190290782752056,-0.004650188045749684,48.637,52.4385,55.76133333333333,1,14,12,49.19830991834509,53.48403216661087,29.265599116510217,-3.1495207819355855,-2.8506082668211667,62.97593457243818,41.90106542756182,0.03388392928279267,0.030532068142682178,0.03144442711752322,18422059.0,-0.9942647736483926,0,0,-1,0,0,-0.013285533530156105,-0.05442225803845279,0.3825428872085322,0.48468155590808876,-0.07866484481748959,-0.24431636247198207,-0.19145069576844678,0.035169491525423806,0.0
2021-12-15,49.31,47.2,0.0019216403906322681,0.037350880448190335,0.0006533812712026048,0.12710463292555954,0.04373300764452505,48.78,51.685500000000005,55.34866666666667,2,15,12,49.21861720591871,53.21473976876501,39.41489361702128,-2.9508236378781305,-2.8706513410325596,60.6710427156478,42.69995728435221,0.03236782042393422,0.0317436409624227,0.03291416129338548,19275153.0,-0.5287382354464152,0,0,-1,0,0,-0.006779661016949158,0.16594721450849986,0.5828590148861768,0.5039146781657611,-0.030285152409046168,-0.23395991921702664,0.3577556361454436,0.06976272561346578,0.0
2021-12-16,47.28,49.31,0.05700434433059218,0.006158836167109088,0.0205792965338864,0.03543685811306166,-0.04203952713819198,48.604,50.92700000000001,54.87966666666667,3,16,12,48.86614135029713,52.83185333207049,39.8173025255239,-2.923458939395765,-2.8812128607052006,58.54335940107282,43.31064059892719,0.03424820639919718,0.03216315279869777,0.033500316378599994,18391286.0,-0.9576753952777762,0,0,-1,0,0,0.006489555871020083,0.18882663471079048,0.6019625794136921,0.5105742221107523,-0.03588907014681886,-0.24291433146517216,0.3340939024269724,0.05901015228426394,0.0
2021-12-17,49.85,47.28,-0.05402244648742595,0.005320496413746568,-0.014285190025353837,0.38545364931172316,0.052931123310004526,48.815000000000005,50.454499999999996,54.532000000000004,4,17,12,49.04502474115219,52.639475697743364,47.04491725768322,-2.6636893444093417,-2.837708157446029,56.97782002974871,43.93117997025128,0.0375043331488383,0.034265708264932505,0.035325154871026804,19690819.0,-0.1853350739326767,0,0,-1,0,0,-0.0054991539763112945,2.4992401955876407,0.6127874936714269,0.5439512553990118,0.06517094017094016,-0.1593591905564924,-0.4867223838446948,0.0746238716148445,0.0
2021-12-20,48.52,49.85,0.037362166787132625,-0.0010017029786810782,0.028158857085813293,-0.7743884724564909,-0.02704241233199794,48.75,49.913000000000004,54.053666666666665,0,20,12,48.94956569730633,52.373703072082506,44.92099322799097,-2.5359075894267136,-2.777348043842166,54.95760149174549,44.868398508254515,0.03758770286459561,0.034440591991114516,0.03428924473783629,19091753.0,-0.5522735551180301,0,0,-1,0,0,-0.020862587763289853,-0.7975967689078671,0.675367413663252,0.5467274484859912,0.0231969633066218,-0.1824768323504633,0.24292687533113744,0.048433635614179744,0.0
2021-12-21,50.16,48.52,0.002659848115469467,0.009575177884613035,0.019992336011389583,-0.04812443248393072,0.03324181224881568,48.643,49.621500000000005,53.50366666666667,1,21,12,49.16964466143245,52.23088351904492,55.45454545454544,-2.2760682362132343,-2.6770920823163795,53.7842332872822,45.45876671271781,0.036643810553725564,0.03385424285067294,0.03277744413151775,19662672.0,0.25872423854066967,0,0,-1,0,0,0.008656224237427753,-0.8551185604742857,0.6945373653951948,0.5374194444436019,0.06271186440677945,-0.1041257367387034,-0.546626961122041,0.037280701754385914,0.0
2021-12-22,51.03,50.16,0.02701232570752121,0.01595307097408369,0.025647650487486445,-0.18401043693729974,0.017195798751214877,48.661,49.4375,53.040333333333336,2,22,12,49.50789108662655,52.15340716297751,54.82775351770985,-1.9771505864167693,-2.5371037831364576,52.92351944615086,45.95148055384914,0.037034577769695896,0.033927605946414086,0.03295409442721791,20137635.0,0.9136495218111202,0,0,-1,0,0,0.0023923444976077465,-1.2073700051191154,0.6409580483560159,0.5385840474840472,0.03488136280673282,-0.06726375434107112,-0.21384735094101595,0.02782676856750934,0.0
2021-12-23,51.47,51.03,0.0185226970493324,0.0157025616639816,0.008703971712565896,-0.4159161295931621,0.008585418588783022,48.904,49.346500000000006,52.68233333333333,3,23,12,49.86463816178536,52.109316378269284,59.443037974683534,-1.6853245008335875,-2.3667479266758837,52.48697448644224,46.20602551355777,0.03475332983974672,0.033571578405940904,0.03242093430234032,20450985.0,1.3523434176379208,0,0,-1,0,0,0.0037233000195962714,-1.7620944876969669,0.4798500234667501,0.5329322854921551,0.08862098138747876,-0.03415274910865074,-0.48897223431430753,0.03487468428210611,0.0
2021-12-27,52.12,51.47,0.004091579015445598,0.022066712392332516,0.010637512768974147,0.6605669522802436,0.012549638591981212,49.436,49.399,52.38966666666666,0,27,12,50.274703950551654,52.110005644187396,57.77543489720611,-1.3856280007233082,-2.170523941485369,52.69218211173437,46.10581788826563,0.0297669113210304,0.03229864822386221,0.032457149217152904,21057596.0,1.6525050286799778,0,0,-1,0,0,-0.0007771517388769992,-0.481430889460671,0.352379040715095,0.5127251453033848,0.045536609829488484,0.020560015664773834,-1.1575756190148065,0.04639677666922484,0.0
2021-12-28,52.41,52.12,0.010252532015574082,-0.010211889045241096,0.017937262653183555,0.09950042509637275,0.005548660557430486,49.935,49.4645,52.11266666666667,1,28,12,50.6629395959059,52.129360118755955,53.43023255813954,-1.1118985148736797,-1.9587988561630314,52.94681305464068,45.982186945359324,0.029807940849205763,0.032310293794041135,0.032509845752380535,21727670.0,1.6916916737710848,0,0,-1,0,0,-0.003069838833461178,-0.19523460357125974,0.17615274047764237,0.5129100129987987,0.08017312448474834,0.02563600782778863,1.4239012586203288,0.01831711505437895,0.0
2021-12-29,52.16,52.41,0.00824154161772949,-0.0038088029286410434,-0.017184566606344556,-0.15731079188629776,-0.004781495195677377,50.431,49.534,51.769333333333336,2,29,12,50.935132396650275,52.13133688528783,53.83714118336261,-0.904709903283532,-1.7479810655871315,53.17775977023081,45.89024022976919,0.02981532104461706,0.03228988656302449,0.03190573812045847,21155133.0,1.441368347855522,0,0,-1,0,0,-0.0003816065636328186,-0.5925907454727499,0.13235621878118464,0.5125860582494938,0.03987240829346095,0.027378373054953498,-0.7761867150290161,0.03144171779141092,0.0
2021-12-30,51.29,52.16,-0.002293140695297881,0.010439498814677865,0.004421959743178484,-0.14317084492585022,-0.01682011621722035,50.629,49.7045,51.333333333333336,3,30,12,50.9996537790775,52.077057086237005,56.97458152510849,-0.8014742685244869,-1.5586797061746027,53.34150556415285,46.06749443584716,0.028255399355777342,0.02957442747666644,0.031222568171682258,20658969.0,0.871871088472916,0,0,-1,0,0,0.0021088957055215977,-0.8840272589230628,0.18782778615088497,0.46947948162224934,0.0050950421320792305,0.07121971595655796,-0.9383635305410928,0.038311561707935336,0.0
2021-12-31,50.35,51.29,-0.021269169907830076,-0.019640253772525193,-0.017906201332955875,0.37912581757010694,-0.0184971822366057,50.936,49.769999999999996,50.92999999999999,4,31,12,50.881534910154315,51.96563404841527,61.96898179366151,-0.7864437937870647,-1.4042325236970952,53.4038003884573,46.13619961154269,0.024894637293942923,0.029562806677134103,0.031003348350500688,19934070.0,0.3192250195373223,0,0,-1,0,0,-0.002339637356209738,0.2647033943943372,0.21505608995187184,0.4692950071486595,-0.021760248688556416,0.026712887438825605,0.19957980008169626,0.03654419066534253,0.0
2022-01-03,51.35,50.35,-0.012784125334710007,-0.005406462290580076,-0.01813103656227711,0.03157249445363023,0.019666317209995943,51.086,49.9505,50.665,0,3,1,50.96671038103535,51.92591572271106,62.919132149901394,-0.685933378607757,-1.2605726946792275,53.51775738672616,46.383242613273836,0.019301256486283173,0.02904511855124241,0.030229385361865774,20682221.0,0.7846364017396504,0,0,-1,0,0,0.003376365441906687,0.3860859481367721,0.25362797033712703,0.46107696292185646,-0.014773599386032177,0.07561793045664023,0.6142676467994966,0.04790652385589096,0.0
2022-01-04,48.07,51.35,0.011023733682048072,0.002127454626997623,-0.034013719815840754,-0.18447182908253065,-0.06600665446869795,51.041,49.8955,50.289,1,4,1,50.44003576630165,51.67714696640712,52.38095238095237,-0.8610214193805703,-1.1806624396194962,53.54636565077305,46.24463434922695,0.02751980487071459,0.032062144299955214,0.03209802959171786,20060101.0,-1.000036799279897,0,0,-1,0,0,-0.0052580331061344325,-0.20487311650038165,0.4832721344105706,0.5089707619028916,-0.08280862430833802,-0.022371364653243853,-0.7941683840317946,0.08768462658622835,0.0
2022-01-05,46.06,48.07,-0.0718215692322907,-0.06897907162632975,-0.035865322382326995,0.6732165472574198,-0.042713387513330175,50.63099999999999,49.637,49.958,2,5,1,49.64366562697407,51.314750387929244,41.056686846450184,-1.1487283297366915,-1.1742756176429354,53.608096096863044,45.66590390313696,0.027410582032751252,0.03167871322977539,0.031407593638535077,18840414.0,-1.8015177234444875,0,0,-1,0,0,-0.01102558768462661,2.254493986189274,0.49674790069622,0.5028839823631046,-0.11694785276073605,-0.1009174311926605,0.24285890116466577,0.05297438124185855,0.0
2022-01-06,46.05,46.06,-0.04407894035013508,-0.03282432283161933,-0.029648189275469573,-0.6368837499796624,-0.00021713169122337215,50.132999999999996,49.397000000000006,49.669333333333334,3,6,1,48.99027187661515,50.975089072578974,46.191950464396264,-1.361846526400484,-1.211789799394445,53.630918677586486,45.163081322413525,0.026128681791805705,0.031688621181434735,0.031260333339662494,18195275.0,-1.581041231480593,0,0,-1,0,0,-0.012375162831089888,-0.19875009674504068,0.5253079203944482,0.5030412662196606,-0.10216416455449406,-0.09439528023598831,-0.14103522377005825,0.04820846905537457,0.0
2022-01-07,43.78,46.05,0.0035110854590647486,0.0014962063280686722,-0.020876637478936023,0.5665208538250833,-0.05055067060659883,49.364,49.134,49.352333333333334,4,7,1,48.04294971723057,50.51088977757389,30.851735015772846,-1.694382475052734,-1.308308334526103,54.05845412416923,44.20954587583077,0.027923874997455172,0.0325337033405694,0.03207317834150075,17058459.0,-2.174454209542763,0,0,-1,0,0,-0.008686210640608004,1.6556432803221546,0.5606607948969585,0.5164565296025877,-0.13048659384309835,-0.10725938009787928,0.5547808813836429,0.07332115121059847,0.0
2022-01-10,46.06,43.78,-0.05678479638122563,-0.014413501113903576,-0.06257332048934143,0.031042447523250728,0.05076780229782236,48.757999999999996,49.096999999999994,49.18533333333334,0,10,1,47.68241340500683,50.22373559837557,42.67857142857142,-1.7537267940816648,-1.3973920264372155,54.10569181365805,44.08830818634194,0.03440425155464456,0.03345490489639024,0.03303411959383952,18231118.0,-1.2126919015933404,0,0,-1,0,0,-0.014846962083142954,1.5776276409734438,0.7464305245480629,0.531080150946994,-0.1030185004868549,-0.015811965811965756,1.117416336871946,0.1125749023013461,0.0
2022-01-11,47.71,46.06,0.06028359723889907,0.04698282588603067,0.1020277212562588,-0.41732977838017266,0.03519612513547647,48.288,49.1115,49.07233333333333,1,11,1,47.687429149551036,50.061559108157795,42.71267102914932,-1.6486122087729242,-1.4476360629043574,54.10139410287327,44.12160589712673,0.03730438243579464,0.034304778477908644,0.03378055749469149,19003670.0,-0.5617353679682262,0,0,-1,0,0,-0.005427702996092054,0.059545654763834624,0.7174983952506788,0.5445714758022429,-0.007489078427293516,0.006115563053563866,0.05016433005892376,0.06298469922448115,0.0
2022-01-12,45.31,47.71,0.04461309651821876,-0.002898552754011304,-0.003201415771768514,0.32990022761281523,-0.05161326084896873,47.603,49.017,48.89033333333334,2,12,1,47.255169304178125,49.75500690763149,34.40567066521264,-1.7389228646276393,-1.505893423249014,54.226089626492985,43.80791037350702,0.03948375620503025,0.03615996504997326,0.03492135848175588,17929182.0,-1.4232813277569718,0,0,-1,0,0,0.003982393628170147,1.0931539098156433,0.7499558331881475,0.5740216496340992,-0.016283108988276118,-0.040042372881355925,0.01591273961604641,0.06643125137938641,0.0
2022-01-13,43.81,45.31,-0.054705327855723844,-0.04799222426274388,-0.03762976355131205,-0.10645745318930845,-0.033665656853239787,46.855000000000004,48.742000000000004,48.75466666666667,3,13,1,46.628774885236645,49.371458074881076,30.25773195876289,-1.9095204113556576,-1.5866188208703427,54.4434110903396,43.04058890966041,0.039979682997247114,0.03510706517549529,0.03391389028907518,16963203.0,-1.7300980132292938,0,0,-1,0,0,0.0008828073273007978,0.6724887162433258,0.7797266615851667,0.5573073822941802,-0.04864277958740493,-0.11153924153315753,0.5867380124141628,0.05523853001597812,0.0
2022-01-14,43.19,43.81,-0.04602662133461032,-0.03949049067548805,-0.03196352824788323,-0.08864317788042614,-0.014253114853197482,46.138999999999996,48.5375,48.559666666666665,4,14,1,46.00354308792089,48.97265432811456,26.94889003613835,-2.070877231027403,-1.6834705029017547,54.73180595916801,42.343194040831996,0.039961915524734756,0.03416167175163083,0.033597258396900635,16079166.0,-1.7265856853858925,0,0,-1,0,0,-0.011412919424788861,0.37856039628469873,0.7011572028885907,0.5422997269502128,-0.013476473275468304,-0.08650592216582076,0.31949050201729434,0.0465385505904144,0.0
2022-01-18,40.18,43.19,-0.027148870778670914,-0.03500242194273986,-0.05181750153626033,0.18506992382269416,-0.0722396275858214,45.022000000000006,48.054,48.30766666666667,1,18,1,44.94471707193527,48.40538630694588,22.317790855590772,-2.413810611328323,-1.8295385245870686,55.24616649886273,40.861833501137276,0.04141405058781517,0.03427792879944405,0.03548138322613025,15015402.0,-2.1896044818331433,0,0,-1,0,0,-0.024079648066682086,1.1426589367104605,0.6405216544215017,0.5441452503702467,-0.12765957446808518,-0.1939819458375126,0.9223896295308975,0.06520657043305138,0.0
2022-01-19,38.38,40.18,-0.03993271033537099,-0.048374267540107714,-0.047554972276943414,-0.2834382671508558,-0.04583286880723443,44.053,47.547,47.948,2,19,1,43.75113214976522,47.75858719036873,20.854483925549914,-2.798572540494817,-2.0233453277686184,55.93160519109404,39.16239480890595,0.03975126031054214,0.034969962166909584,0.03555821953395387,14214186.0,-2.1866265115826784,0,0,-1,0,0,0.00796416127426581,0.09496856037308693,0.32701298382954613,0.555130939505881,-0.1955564871096206,-0.2089859851607585,0.12201225695545852,0.06422615945805116,0.0
2022-01-20,38.24,38.38,-0.04133653016319948,0.0018430920005202023,-0.0023594191047694173,0.14267132081012485,-0.003654402396353307,43.271,46.951,47.515,3,20,1,42.749108122535176,47.144484790990106,21.518987341772146,-3.079299721004233,-2.2345362064157417,56.20326322241413,37.69873677758587,0.039420063092729496,0.03340897062037087,0.03432253346763279,13290103.0,-1.882998741085772,0,0,-1,0,0,0.012506513809275583,0.5097932594085062,0.4126067741183329,0.5303509669209877,-0.15603619510041933,-0.23763955342902698,-0.4369852683260293,0.06877615062761494,0.0
2022-01-21,36.88,38.24,-0.02924490400888975,-0.044942921716267584,-0.03417310632772348,-0.09032599243754082,-0.03621268949480741,42.354,46.2435,47.04933333333334,4,21,1,41.681997554801505,46.482259965764946,21.13159022717531,-3.37264096247452,-2.462157157627497,56.31060594487106,36.17639405512894,0.03925959268687321,0.032976889460666604,0.03465726634320557,12445830.0,-1.860216839134481,0,0,-1,0,0,-0.01307531380753138,0.12898742980261174,0.41298590580204914,0.5234918911523445,-0.15818306322757358,-0.2772878698804624,-0.34159004298415196,0.057483731019522706,0.0
2022-01-24,38.16,36.88,-0.08544590259411244,-0.013964540350372447,-0.0665321783452641,0.32908262233570823,0.03411844789169253,41.792,45.577999999999996,46.68666666666666,0,24,1,41.04163436301941,45.94533996797366,22.06692079627274,-3.4619238045099507,-2.662110487003988,55.945614758924485,35.21038524107551,0.04151784105538595,0.03446677971513988,0.035243379161587665,13619110.0,-1.4309945291156871,0,0,-1,0,0,-0.06048806941431675,1.4080542583134177,0.6406414926249566,0.5471431657170347,-0.11646214401481825,-0.2585972411113271,0.6396621614262631,0.10351153039832275,0.0
2022-01-25,37.89,38.16,0.07879959340152899,0.018576385572935457,0.0494119902854371,-0.3497913149095009,-0.007100621549576204,40.975,44.866499999999995,46.38966666666667,1,25,1,40.46860993337952,45.42564061520117,25.29126213592231,-3.5139610875347387,-2.832480607110138,55.29670164310282,34.43629835689717,0.03492761307233539,0.033934668932807,0.0345068536664862,12792141.0,-1.3377497844662174,0,0,-1,0,0,-0.017557651991614114,-0.18352959450075546,0.4959345862375744,0.5386961689171017,-0.0569935291189646,-0.2730237912509593,0.6251216721318807,0.07719714964370539,0.0
2022-01-26,37.14,37.89,0.02476417382893177,0.025739498201575676,0.00893906798166294,0.13363779965812791,-0.019992669105949688,39.918,44.103,46.047,2,26,1,39.86340812731051,44.891083156155936,26.938986556359865,-3.574514957852898,-2.9808874772586904,54.44335548610118,33.76264451389882,0.029230061706424153,0.03358745501038841,0.03438403186448105,11846933.0,-1.3467622093571547,0,0,-1,0,0,0.014251781472684064,0.3023258769348651,0.4145453253387784,0.5331843187743485,-0.03230849400729552,-0.29135661133371493,0.9651620323008581,0.09746903607969837,0.0
2022-01-27,36.81,37.14,-0.02770260254933571,-0.048229783095647266,0.006822239586412965,-0.19586427766443035,-0.008925008533629882,39.068,43.3355,45.70066666666667,3,27,1,39.30824301325405,44.369722952532975,26.50050864699898,-3.607547021972799,-3.1062193862015124,53.43370718845916,33.23729281154085,0.02805344576162977,0.033524152641222646,0.03438043197786308,11069855.0,-1.2924076280505985,0,0,-1,0,0,0.00646203554119553,-0.5623808921239611,0.414121453325883,0.5321794248170657,-0.037395397489539794,-0.2942868098159508,1.1681920501663663,0.040206465634338405,0.0
2022-01-28,38.1,36.81,-0.018631563660226242,-0.0036668453867759617,-0.01576130756807599,0.22413395222453042,0.03444473474172551,38.497,42.676,45.327,4,28,1,39.08856246538968,43.96522469753085,34.79657387580298,-3.48940921440893,-3.182857351842996,52.298485508870186,33.05351449112982,0.03249627964945182,0.03546768675053072,0.033915066187362536,12042165.0,-0.9511056152346001,0,0,-1,0,0,-0.003259983700081623,0.3192038584334474,0.41413798589092804,0.5630320723238692,0.03308026030368749,-0.2571651394033925,0.4442950794046417,0.050262467191601025,0.0
2022-01-31,40.5,38.1,0.037447542123322165,0.06279861951189986,0.05103079274540809,-0.38774550294240495,0.06108769197983807,38.228,42.1835,45.101,0,31,1,39.345187471682465,43.741661813819185,35.21276595744679,-3.16563276444397,-3.179412434363191,51.137260221563835,33.22973977843617,0.04047214719592658,0.03940629315627641,0.03568778596681472,12701960.0,-0.37604312787951055,0,0,-1,0,0,-0.00026246719160099766,-1.3640322995114746,0.5579362248612993,0.6255555106944836,0.061320754716981174,-0.19563058589870908,0.8624929880619604,0.06148148148148135,0.0
2022-02-01,40.66,40.5,0.07556960456984466,0.01346244784466416,0.02052819910172557,-0.19055640239388283,0.003942834087707021,38.275999999999996,41.649,44.79466666666667,1,1,2,39.58424429501292,43.54284492260505,29.63604852686305,-2.863122636813941,-3.1161544748533414,49.50814392016653,33.78985607983347,0.03365439429978736,0.03892761283764296,0.033964803291776265,13247280.0,-0.25168135614929626,0,0,-1,0,0,0.014320987654320945,-1.7892824768937992,0.538780848119129,0.6179566962108519,0.0731063605172868,-0.2081791626095424,0.7052075165172058,0.055336940482046244,0.0
2022-02-02,39.1,40.66,-0.0009741841978433747,-0.002190581379818698,-0.003865486065577688,0.3468329711110491,-0.03912234120888035,38.348,41.2005,44.48066666666667,2,2,2,39.496199877737844,43.256209766307954,31.14754098360652,-2.7179295438067825,-3.03650948864403,48.5221951589093,33.8788048410907,0.03271557178127095,0.037491312609437444,0.034273320015198075,12475881.0,-0.5737742297134656,0,0,-1,0,0,0.009345794392523428,-0.7210141936673393,0.6231393924032875,0.5951561369397093,0.052773290253096405,-0.1866028708133971,0.18529865697520068,0.05907928388746809,0.0
2022-02-03,37.12,39.1,-0.06492846070188044,-0.04957629180025351,-0.045696580882436284,0.0268403733692482,-0.05196655907332041,38.236000000000004,40.7535,44.046,3,3,2,39.06416353633096,42.860325265255824,30.265486725663678,-2.7311494334016686,-2.975437477595558,47.91588500412848,33.59111499587153,0.03679152276140164,0.03793960838075701,0.0343084656982186,11683497.0,-1.014606167611939,0,0,-1,0,0,-0.0163682864450128,-0.5358809574814588,0.7619111607281214,0.60227261168799,0.008421624558543783,-0.19409465914025192,0.13138972207719973,0.05536099137931034,0.0
2022-02-04,38.02,37.12,-0.037890345235112304,-0.01587232496016893,-0.011963166058275174,-0.38448489842320943,0.023956429142283457,38.35,40.352,43.61233333333334,4,4,2,38.87431562063442,42.54804621588448,34.997098084735924,-2.638587814897356,-2.9080675450559177,47.15554273038735,33.54845726961264,0.03563782461980479,0.0386606735656277,0.034516566801725185,12222953.0,-0.685525201329109,0,0,-1,0,0,-0.002424568965517142,-1.83924959755739,0.7363652919392846,0.6137191666373979,-0.0020997375328083434,-0.1743756786102062,0.27829538025601375,0.049447659126775255,0.0
2022-02-07,39.14,38.02,0.01819691634474432,0.03802933697303817,0.02990927511800032,0.7499252521609459,0.029032624907646933,38.44799999999999,40.12,43.20133333333333,0,7,2,38.922621871428156,42.328172266472585,46.610169491525426,-2.446653922167229,-2.8157848204781804,46.74547237640626,33.49452762359373,0.035164555983311,0.038330884138828715,0.03509201666191057,13364896.0,-0.29582796344901846,0,0,-1,0,0,-0.00815360336664919,1.3901351444254637,0.5784416417405067,0.6084839217874259,-0.03358024691358019,-0.105984467793513,-0.3902769315232715,0.05774144098109346,0.0
2022-02-08,39.0,39.14,0.030811836897390085,-0.010776617538463915,0.005427242125583386,0.016367025798320053,-0.003583315838283796,38.559,39.767,42.764,1,8,2,38.93669062207758,42.11345147508726,52.26608187134502,-2.279564360373911,-2.7085407284573266,45.784322712932656,33.74967728706735,0.03506942263953852,0.035922226401803904,0.034879832425833264,12204109.0,-0.2549306515841466,0,0,-1,0,0,-0.006387327542156361,1.5019311527716963,0.5725000457214917,0.5702476655935904,-0.04082636497786518,-0.15327833260963963,-0.20298862759360453,0.04171794871794878,0.0
2022-02-09,40.83,39.0,0.02538851774965935,0.03355551776934584,0.043021553912937674,-0.623550131537121,0.045855459201837895,38.928000000000004,39.423,42.378,2,9,2,39.280928690790745,42.03064815411389,58.42550422901756,-1.976692887625596,-2.5621711602909807,44.18382301597844,34.66217698402156,0.03647560798623007,0.03670674375237159,0.036266301722629395,12826335.0,0.5910742723591174,0,0,-1,0,0,0.022820512820512836,-1.3041613409706214,0.6046794064985667,0.5827014924464946,0.044245524296675054,-0.1442045692726892,-1.1488312051346996,0.032084251775655215,0.0
2022-02-10,40.8,40.83,-0.005782542825665477,0.010955678660975063,-0.01321285499275734,0.09211624033014801,-0.0007350239213684315,39.327,39.1975,41.99933333333333,3,10,2,39.55712347428333,41.95125149900977,63.96011396011395,-1.7192671709410092,-2.3935903624209867,43.141400687336755,35.25359931266324,0.03609293408368835,0.03528290915859599,0.03628482980703827,12144069.0,0.8126472378705553,0,0,-1,0,0,-0.02865540044085236,-0.8989911019515563,0.3381885063614091,0.5600988189871692,0.09913793103448265,-0.09953652615316722,0.10485829901089705,0.055857843137254816,0.0
2022-02-11,40.86,40.8,0.027112716595221843,0.01692615884982345,0.011765171286537887,0.18995165392178764,0.001469507979359978,39.602999999999994,39.05,41.651666666666664,4,11,2,39.79401011532272,41.88084817649301,60.53042121684869,-1.49320124281558,-2.2135125384999053,42.45082962014558,35.64917037985441,0.03514969329449475,0.03465603696349739,0.036278074929068496,12969059.0,1.0644461511850267,0,0,-1,0,0,-0.0012254901960783617,-0.11916037571776411,0.355268542243144,0.5501475313948567,0.07469752761704362,-0.06733622460625432,0.9117034297538538,0.06172785119921696,0.0
2022-02-14,40.73,40.86,-0.003687773079184736,-0.014266261259334674,0.01376403896823093,-0.41547761134454597,-0.0031866677291548864,39.626,38.927,41.331,0,14,2,39.964190094354954,41.80659990704185,61.198738170346985,-1.3094378946510332,-2.032697609730131,41.84038182945644,36.01361817054356,0.029299017913555395,0.034555355874930936,0.036219054147685774,12424545.0,1.2377368333737346,0,0,-1,0,0,-0.006363191385217768,-1.4202947572476083,0.3453230636202847,0.5485492686624122,0.0406234031681143,-0.056957629080805816,2.1878720332923822,0.03388165971028715,0.0
2022-02-15,41.28,40.73,0.01782056191595406,0.007697897045985353,0.022234117499829367,-0.24738810089170357,0.013413199512986172,39.688,38.982,40.99533333333333,1,15,2,40.20342825901769,41.77262571949077,66.58653846153845,-1.1066667484292267,-1.8474914374699503,42.033250649539006,35.93074935046099,0.029562103288793086,0.030829806056208765,0.03607839764071953,12849722.0,1.5062676023336137,0,0,-1,0,0,0.014731156395777104,-1.7548997601708454,0.3296197294890204,0.4894079987584884,0.058461538461538565,0.027376804380288666,1.766487282478517,0.01937984496124024,0.0
2022-02-16,40.79,41.28,-0.010947682628191865,-0.016916788149366396,-0.03568920888792923,-0.383055757237152,-0.011941167843840287,39.857,39.1025,40.75266666666666,2,16,2,40.31007766646901,41.70923051178169,65.74367088607593,-0.9742771979884495,-1.67284858957365,42.24270364743512,35.96229635256488,0.02658885712061421,0.029037371665345584,0.034444777846702954,12559847.0,1.074771059117984,0,0,-1,0,0,-0.00968992248062012,-2.0024248317706412,0.14547922787369547,0.46095398492074724,-0.0009796718099436275,0.0627931214174049,0.500298978817466,0.03763177249325824,0.0
2022-02-17,38.71,40.79,-0.009585915851379303,-0.013248476410024941,-0.021627306582951457,0.7571729570711123,-0.052338988739910317,40.016,39.126,40.507666666666665,3,17,2,40.01915445438374,41.5157317690861,52.27103499627698,-1.0253762431076296,-1.543354120280446,42.245995951413796,36.0060040485862,0.026670509489491845,0.031473954418387955,0.034822820315648866,11941764.0,-0.26666701270012205,0,0,-1,0,0,-0.007354743809757224,-0.580059717895256,0.3899904695119561,0.4996335370010226,-0.05122549019607836,0.012290794979079367,-1.476194317965047,0.04753293722552321,0.0
2022-02-18,37.14,38.71,-0.05065656274841497,-0.03403782278726841,-0.04362886238920654,-0.29225771530088857,-0.04140340866499704,39.928,39.138999999999996,40.210666666666675,4,18,2,39.49567182631396,41.2334264936612,36.666666666666686,-1.1789680734077521,-1.4704769109059073,42.22153415911351,36.05646584088648,0.029107838491040698,0.03179806666007769,0.03539830786224342,11480318.0,-1.29698481626875,0,0,-1,0,0,-0.005683285972616865,-1.114318198982225,0.42336954729642756,0.5047786593313187,-0.09104258443465485,0.007049891540130027,-0.1614534044994438,0.05748519116855137,0.0
2022-02-22,36.17,37.14,-0.04653238750867515,-0.04614896375940897,-0.03744931004161584,0.11947338956794167,-0.026464509960553113,39.631,39.039500000000004,39.957,1,22,2,38.8910042215296,40.906753816650806,33.258762117822556,-1.3632469367664513,-1.4490309160780162,42.37331699999717,35.705683000002836,0.027715752667268435,0.03129222710051827,0.0346785022034167,10960313.0,-1.7214502175748942,0,0,-1,0,0,-0.010770059235325756,-0.8053426672883821,0.4014220493711402,0.4967487052639628,-0.11195678860790559,-0.05214884696016764,0.6243625582160168,0.047829693115841766,0.0
2022-02-23,34.62,36.17,-0.0029985029962565574,-0.0056353295517547275,-0.03164009120070759,0.1190666008934614,-0.043798496215943526,39.193,38.876000000000005,39.57566666666666,2,23,2,38.114457999433306,40.50115679622172,33.283582089552255,-1.6157361096341987,-1.4823719547892527,42.727700376388356,35.024299623611654,0.02980045706194399,0.03258110920813678,0.03353083005680567,10374556.0,-2.2099330602609126,0,0,-1,0,0,0.012717721868952193,-0.4692393614034975,0.2460377425813499,0.517209074420199,-0.16133720930232565,-0.08630245447347595,0.7637035247781611,0.07596764875794326,0.0
2022-02-24,36.67,34.62,-0.09350999930017713,-0.011366834158658015,-0.04957239879277898,0.8328912343659698,0.05752743233517154,38.777,38.8525,39.20766666666666,3,24,2,37.851829272263615,40.253985390013874,48.32962138084634,-1.6316095515148064,-1.5122194741343635,42.754207453491105,34.95079254650889,0.03259739132584374,0.03524603890762016,0.03485319232059861,11721773.0,-1.1187409748248427,0,0,-1,0,0,-0.03639514731369145,2.3607303756106797,0.7195132400913344,0.5595135218980177,-0.10100514832066676,-0.012654819601507827,2.0265645912389765,0.10580856285792208,0.0
2022-02-25,38.68,36.67,0.10274919545799444,0.05609936416231427,0.11324173256576309,-0.6020828164115093,0.053363688501858894,38.565000000000005,38.946,38.986666666666665,4,25,2,38.00240576821568,40.15243794549685,52.26337448559669,-1.4651102874438848,-1.5027976367962679,42.72945094492158,35.162549055078415,0.038576337794739055,0.037227781360975244,0.03574140723240012,12459603.0,-0.14061236890465953,0,0,-1,0,0,0.008181074447777397,0.09591754810236247,0.8198933817169186,0.5909727080629571,-0.0007749935417205034,0.05080141265960325,0.5452049698012266,0.05325749741468465,0.0
2022-02-28,39.36,38.68,0.030632305837460738,0.018611117168745285,0.03156186020925453,0.6781462967436079,0.01742740159895912,38.415,39.009,38.83833333333334,0,28,2,38.24924108308555,40.10131291675512,50.77793493635077,-1.2637207183006325,-1.454982253097141,42.77505838901498,35.24294161098502,0.039192120834906516,0.03664011646335486,0.035547009989523905,13913292.0,0.18640178337320132,0,0,-1,0,0,-0.014477766287487133,2.309530210463449,0.7340873624999108,0.5816438170228825,0.05977382875605808,0.03307086614173227,-0.21094781753691746,0.04090447154471561,0.0
2022-03-01,43.11,39.36,0.0217963999883331,0.09716842601747888,0.004728141195945896,0.05592511888462148,0.09100491657499053,38.653,39.1395,38.83566666666666,1,1,3,39.13301543161545,40.29542176083544,61.577464788732385,-0.7923901929798518,-1.322463841073683,43.28487649867728,34.99412350132272,0.05002417515061706,0.04001213522563675,0.039726751183566965,15450595.0,1.9156281709354626,0,0,-1,0,0,-0.010162601626016224,2.1168812307180596,0.8309575383063011,0.6351729553903327,0.1918717168924522,0.06444444444444453,-0.8587758315730977,0.12688471352354455,0.0
2022-03-02,44.53,43.11,0.09843205173385576,0.02958327962166486,0.10086931321432181,-0.17845018923326694,0.03240813057456789,38.978,39.333,38.980666666666664,2,2,3,40.114285353139906,40.56862035691058,60.66897347174163,-0.3008076994324611,-1.1181326127454387,44.0929517909983,34.5730482090017,0.05068675247751818,0.04053654534048714,0.03783020432475704,16736650.0,2.183635561111446,0,0,-1,0,0,-0.0027835768963117014,1.2665476417082668,0.4682761513345733,0.6434977078837384,0.28625072212593894,0.09517953762911957,0.5536367306193747,0.061306984055692716,0.0
2022-03-03,43.58,44.53,0.04191002765915797,-0.0024507085898349762,0.017146632656227498,-0.30780694628222444,-0.02156478981713722,39.257,39.557,39.153999999999996,3,3,3,40.74441528893264,40.762902914529256,57.61226725082146,0.011979812029821346,-0.8921101277903868,44.67869009934031,34.435309900659696,0.05120013474990623,0.03974138261808015,0.03701787321498946,15791326.0,1.5709658030727693,0,0,-1,0,0,0.006737031214911232,0.32198628426632964,0.6875295278819205,0.6308748909918306,0.18843741478047438,0.11457800511508953,0.12024447473480612,0.04336851766865536,0.0
2022-03-04,43.7,43.58,-0.03011662007270972,-0.008062753644742997,-0.003499362021909448,-0.31106209947719937,0.002749772585070798,39.756,39.886,39.336,4,4,3,41.281794327308525,40.95239304907576,57.75109170305677,0.2664773801324216,-0.6603926262058252,45.19064106628351,34.581358933716494,0.04699107243993894,0.037451106643628385,0.036985353629504496,16483935.0,1.437986077603599,0,0,-1,0,0,-0.001835704451583256,-0.34439648970012476,0.6963704263072731,0.5945178870191976,0.12978283350568787,0.17726293103448287,1.1176836544060005,0.03844393592677345,0.0
2022-03-07,43.46,43.7,0.007785704545121804,-0.004620507459592662,0.007218566680976696,0.13994102230588967,-0.0055071272732609144,40.388,40.158,39.55533333333333,0,7,3,41.67783172234334,41.11417414268378,57.40640260444927,0.4436879832882141,-0.43957650430701734,45.61545496883284,34.70054503116716,0.04373146987699202,0.03739789126896296,0.03624501703531496,15687292.0,1.2100878592155138,0,0,-1,0,0,0.003203661327231134,-0.10108450970675324,0.7311756415173646,0.5936731191354585,0.10416666666666674,0.14308258811152008,1.3444060036921541,0.026806258628624003,0.0
2022-03-08,42.68,43.46,-0.01216308741322483,0.0014673516939497444,-0.0327820889008482,-0.08057696664991378,-0.01811054839473099,41.039,40.335,39.706,1,8,3,41.86004413646273,41.21519516573644,53.75133976420149,0.5152497038998689,-0.24861126266564013,45.8823217814874,34.7876782185126,0.042911774775670125,0.03742593461259135,0.03608717048353168,14952322.0,0.8454530284598836,0,0,-1,0,0,-0.003451449608835678,-0.21788096040725122,0.3444694601838143,0.5941182934144872,-0.009974483878450457,0.09044455799693396,1.2394579188987493,0.06138706654170566,0.0
2022-03-09,45.67,42.68,0.0036874897741653264,0.04088515516938712,0.03486807876375584,-0.22831698503580605,0.0677112007633551,42.144,40.6685,39.965333333333334,2,9,3,42.5527633843786,41.502601929237315,61.53119092627599,0.8039633060440394,-0.038096348923704226,46.66193948347702,34.67506051652298,0.0400260398019782,0.040067274033883944,0.03794434983148124,15537264.0,1.6689915744668342,0,0,-1,0,0,0.01850984067478911,-0.5648100707554482,0.5921459221202695,0.6360482568355961,0.02560071861666291,0.171025641025641,1.876010123852474,0.0654696737464419,0.0
2022-03-10,44.66,45.67,0.027007201411311018,-0.017475324574653596,-0.0039206184008620595,-0.253955292215396,-0.022363380784895907,42.943,40.86,40.216,3,10,3,42.93589731449158,41.70630503057685,64.80836236933796,0.9404316461166005,0.15760925008435672,47.11424150813679,34.605758491863206,0.041395530950774515,0.039569246093337736,0.03800303794004061,15083509.0,1.215175331830784,0,0,-1,0,0,-0.022115174074885155,-0.8968870035027856,0.5944068899393674,0.6281423083757145,0.024782010096374485,0.0938035758021063,1.8616515674117993,0.052821316614420105,0.0
2022-03-11,43.48,44.66,0.00736199644106926,-0.007276297985442284,0.006695186654787698,-0.017998831482755922,-0.02677718415900307,43.422999999999995,40.994,40.438333333333325,4,11,3,43.0348250754931,41.82073696408802,66.09137055837562,0.9425030618872299,0.3145880124449314,47.35672831251998,34.63127168748002,0.04191457547643843,0.04018480826519465,0.038386386349756406,14637848.0,0.7814257902881947,0,0,-1,0,0,0.007389162561576476,-0.8693769907890436,0.6372883190312938,0.6379140549151078,-0.005034324942791879,0.06568627450980391,2.0353226286508774,0.04004139834406623,0.0
2022-03-14,40.15,43.48,-0.02909214075153642,-0.018165824152173975,-0.08930194359271007,0.22439170341082873,-0.07967862186023804,43.502,40.9585,40.50666666666667,0,14,3,42.510311425403444,41.71294748253396,59.02085222121485,0.667744164705951,0.3852192428971354,47.332289338087016,34.584710661912986,0.050377387081003276,0.04404231438222304,0.04083322109149875,14080076.0,-0.25369523751554035,0,0,-1,0,0,0.005059797608095814,-0.5234131284195923,0.840618448294623,0.6991500661145129,-0.07616198803497476,-0.017376407244248715,1.0284538067941011,0.11531755915317565,0.0
2022-03-15,41.96,40.15,-0.08025249321626775,-0.051959738930711104,0.01640099361368302,0.17988420108776673,0.04409434313532579,43.387,41.019999999999996,40.55533333333334,1,15,3,42.41025480260282,41.72888635462854,66.4426523297491,0.5892550667467731,0.42602640766706296,47.4082260118865,34.631773988113494,0.041974246026315346,0.04516477770236764,0.04004222230965517,14747773.0,0.2942914036701136,0,0,-1,0,0,0.004483188044831873,-0.24395765681233478,0.9382416463673657,0.7169686189198798,-0.016869728209934376,0.030198870611343187,0.08218774593017873,0.041348903717826485,0.0
2022-03-16,45.62,41.96,0.06433703791036817,0.08541287784813022,0.059301623754146326,-0.05021420334585209,0.08362943332814551,43.495999999999995,41.237,40.720666666666666,2,16,3,42.99384483849322,41.979925944652514,68.70037609694941,0.8130114137389057,0.5034234088814316,47.94905388598877,34.524946114011236,0.04976861983279981,0.0489633895198156,0.042965491135524794,15382770.0,1.306008585285464,0,0,-1,0,0,0.025023832221162945,-0.3689431846558244,1.0251998133718816,0.7772697120973102,-0.0010948105977667266,0.10513565891472854,0.3169033496596689,0.06619903551074081,0.0
2022-03-17,48.63,45.62,0.04522984297467487,0.0646478167276029,0.04630721571920975,0.15077195906316956,0.06389440755945254,44.001,41.629000000000005,41.038333333333334,3,17,3,44.01860032240354,42.40896298048139,69.95587645407139,1.2191679657841448,0.6465723202619742,49.10357134838521,34.1544286516148,0.05250719229638927,0.0505264098901448,0.04357603951919327,16121101.0,1.8732846804686618,0,0,-1,0,0,-0.013590530469092447,-0.15129682421560767,1.086623971602709,0.802081891261425,0.08889386475593386,0.19220397156165725,-0.6900902341351086,0.0832819247378161,0.0
2022-03-18,48.9,48.63,0.09207262133089099,0.03858999726986895,0.07913124815748387,0.00703302034580972,0.005536772065131893,44.521,42.1385,41.431000000000004,4,18,3,44.90612753651199,42.82773956238582,69.45350734094615,1.5450265981183477,0.826263175833249,50.14552132670517,34.13147867329483,0.05245836927324608,0.04847267711887575,0.042143674821645646,16864643.0,1.688892716558382,0,0,-1,0,0,0.01460004112687643,-0.15539743915642548,1.024236995752431,0.7694798942284566,0.12465501379944799,0.26323947300439166,-1.1795300269686997,0.046728016359918134,0.0
2022-03-21,48.9,48.9,-0.01346684298188428,-0.018506149474879066,-0.016340062778137158,-0.3418537043436209,0.0,45.065,42.7265,41.79366666666667,0,21,3,45.63228616623708,43.219498300296415,63.93837265286469,1.7827218046694355,1.0175549016004863,50.91316251642819,34.539837483571816,0.05227712738338498,0.04694492403978715,0.042095029906395784,16864643.0,1.5081848036636734,0,0,-1,0,0,-0.004498977505112451,-0.8071526203178978,0.6000251463490719,0.7452275659565669,0.2179327521793275,0.3166397415185782,0.03820004425067271,0.043762781186094085,0.0
2022-03-22,50.03,48.9,0.0047136064319393935,0.018111749943046103,0.026099244451054663,0.030937142516237526,0.022845429019287346,45.8,43.4195,42.156666666666666,1,22,3,46.431870499648525,43.65888550672891,63.427734374999986,2.038776774991007,1.2217992762785905,51.615780221763984,35.223219778236015,0.051169859201332456,0.045962481793707016,0.04200588004777689,17409492.0,1.6130488029061802,0,0,-1,0,0,0.0002044989775050718,-0.7638484831424304,0.6102636701986152,0.7296317787928963,0.19232602478551009,0.3831904893558198,0.5700060612117067,0.03577853288027196,0.0
2022-03-23,48.58,50.03,0.010170958306392875,-0.011906898516294548,-0.006975818193612263,-0.27584150411797814,-0.029410901926087325,46.091,44.11749999999999,42.476,2,23,3,46.82243949971243,43.9763767643593,61.91611058150618,2.100486204445339,1.3975366619119403,51.49535841127608,36.739641588723906,0.04935245838828823,0.045103011289485684,0.04252227709341702,16995988.0,1.2097006343140613,0,0,-1,0,0,-0.012392564461323297,-1.1038959770256709,0.555379023762881,0.7159881075127067,0.06488382288469974,0.40323512420566154,0.6928055597936497,0.03149238369699461,0.0
2022-03-24,49.5,48.58,-0.009353463881139173,-0.006807563649919075,-0.018074658463357856,0.290110174885857,0.018760746000618164,46.575,44.759,42.765,3,24,3,47.30926868158289,44.33273955375548,63.314967860422385,2.1982871967021964,1.5576867688699916,51.62357542674481,37.89442457325519,0.048332122397487645,0.0440545781897476,0.041946777446150205,17548667.0,1.381294458948989,0,0,-1,0,0,0.007616303005352091,-0.6230915739086451,0.3266975755835781,0.6993447480235334,0.017890191239975373,0.3498772838832833,-1.157924271100595,0.041616161616161516,0.0
2022-03-25,49.88,49.5,0.015205564126063591,0.009002761615690242,0.02831645220751645,-0.14170401286837847,0.0076474512371911335,47.215,45.319,43.06766666666667,4,25,3,47.77667437584055,44.690627324480936,64.6441605839416,2.2801735901034164,1.7021841331166767,51.917720450128364,38.72027954987164,0.0465376430150799,0.04312101572266519,0.041919483425798716,18028325.0,1.3823892175675596,0,0,-1,0,0,0.004040404040404098,-0.7962038912779646,0.32779329262323964,0.6845249032960695,0.020040899795501055,0.28955532574974163,-1.2466271908264146,0.02285485164394548,0.0
2022-03-28,50.55,49.88,0.0016083638368628694,0.014728680234042711,-0.003674973511257835,-0.39893493321298523,0.0133428246546446,48.254999999999995,45.8785,43.39066666666667,0,28,3,48.28091539841499,45.06865136806281,68.04218248509856,2.37179200555903,1.8361057076051475,52.24324921984941,39.513750780150595,0.033881923130968016,0.04311116434173705,0.04191648158750939,18350192.0,1.467929006670438,0,0,-1,0,0,-0.0020048115477145434,-1.234592104355755,0.3309401809828133,0.684368517472031,0.033742331288343586,0.28429878048780477,-1.8200922346968291,0.04085064292779422,0.0
2022-03-29,51.8,50.55,0.03299716534061264,0.03802550629971622,0.04636194888390466,0.6548291657931257,0.02442720379895688,49.239,46.313,43.75966666666667,1,29,3,48.92074896233953,45.502931924961985,65.2715495764823,2.5162589463797076,1.9721363553600595,53.05714240968412,39.568857590315886,0.03306301602994028,0.0387277730910445,0.04197045315252519,18969726.0,1.6271898387320671,0,0,-1,0,0,0.01780415430267074,-0.08281246169883057,0.3361169813976433,0.6147843385814578,0.035378772736358144,0.20157736024124318,-1.7514903350858666,0.03320270270270276,0.0
2022-03-30,50.9,51.8,0.0038797332855888492,0.002831812883633638,-0.009417373895860358,-0.3023713614343408,-0.01752722570896028,49.767,46.6315,44.080333333333336,2,30,3,49.280612787368696,45.85112986528702,65.6312625250501,2.5289751086024097,2.0835041060085295,53.61839080764035,39.64460919235965,0.025801137362530077,0.038788544093568106,0.0422311251945249,18511851.0,1.2218596561813382,0,0,-1,0,0,-0.0028957528957528683,-0.9113012903317582,0.25866058082465565,0.615749048339067,0.04775627830382878,0.14304962946328303,-1.4370054803682275,0.04616895874263264,0.0
2022-03-31,51.4,50.9,-0.016987619289115158,-0.014612652081486944,-0.014294466147786301,0.017400553992205782,0.009775248904642465,50.044,47.0225,44.434,3,31,3,49.66595591693802,46.20912148688141,70.53941908713693,2.5500037244908214,2.176804029704988,54.16390447634296,39.881095523657045,0.017284804012640792,0.038194311106238825,0.04206710296417052,18977763.0,1.2259493253746276,0,0,-1,0,0,-0.0023575638506875725,-0.8182710921244458,0.24541929321275327,0.6063158921072413,0.03838383838383841,0.17944011014226713,-1.184787044972823,0.04474708171206234,0.0
2022-04-01,51.94,51.4,0.010772800295679265,0.014989370865373448,0.021757187349375942,0.5946224352205973,0.010451033773482925,50.348,47.4345,44.875,4,1,4,50.07941847749474,46.578855584501966,85.74893875075803,2.5804961873721624,2.257542461238423,54.71817019976479,40.15082980023521,0.0173512664033989,0.03816721221688198,0.04053449062479063,19822157.0,1.2371510176683982,0,0,-1,0,0,-0.0013618677042801612,1.883008451814756,0.24625395770436034,0.6058857105749758,0.041299117882918956,0.18855835240274588,-1.3526742578831132,0.038313438582980405,0.0
2022-04-04,49.49,51.94,0.01527337568443247,-0.00547636152905137,-0.03910332618701264,-0.08455303406227853,-0.048318577270807565,50.407,47.736000000000004,45.28666666666666,0,4,4,49.9722514815866,46.76667135324378,71.97898423817864,2.3795373342179786,2.281941435834334,54.82352321076638,40.64847678923363,0.02425702361724821,0.04010913800745752,0.04083923593280183,19046224.0,0.4949542873695471,0,0,-1,0,0,0.0034655371582595247,1.4203021155900277,0.45383153536255355,0.6367128268134081,-0.020969337289811985,0.13874827427519554,-0.9709280227337066,0.07395433420893117,0.0
2022-04-05,48.07,49.49,-0.0493563259436868,-0.06190360638243533,-0.026596764112948316,-0.34162199988224085,-0.02911234705792542,50.211,48.0055,45.68333333333333,1,5,4,49.62638757584358,46.85075707238934,58.22699798522499,2.0816973514422727,2.241892618955922,54.68149777679589,41.32950222320411,0.024650238298725726,0.040534487743532535,0.040921285746921866,18494833.0,0.01932295430780054,0,0,-1,0,0,0.00242473226914523,-0.13212887771098866,0.3963771920465243,0.6434650445446968,-0.07200772200772199,0.12628865979381443,-0.19043694245682488,0.03702933222384026,0.0
2022-04-06,47.46,48.07,-0.044305175305340026,-0.03965594080839087,-0.02839775482976351,0.2658482428145268,-0.0127710308982518,50.099,48.095,46.11133333333333,2,6,4,49.232498925690194,46.89006306771906,45.316253002401915,1.775962922185606,2.148706679601859,54.68662626687067,41.50337373312933,0.023295556442530046,0.037866647281929185,0.039928171990880335,17775523.0,-0.19266869033260892,0,0,-1,0,0,-0.012689827335136248,1.0368454652393417,0.3956922945471607,0.6011143901507073,-0.06758349705304512,0.03919421940004386,-0.3787117619583146,0.025073746312684317,0.0
2022-04-07,46.83,47.46,-0.000843170370358081,0.0012568078738549244,-0.01647198057892133,0.08328223099098034,-0.013363227812167141,49.832,48.203500000000005,46.45,3,7,4,48.79568093920106,46.88618803109203,41.945525291828794,1.4659320967316845,2.0121517630278243,54.626335166726726,41.780664833273285,0.022270558462778766,0.03761369265350359,0.03911552260808727,16993742.0,-0.42769274451113976,0,0,-1,0,0,-0.0008428150021070195,1.3299543506697649,0.33935586263203815,0.5970988599119261,-0.08891050583657589,0.048589341692790056,-0.05011957534858663,0.04292120435618205,0.0
2022-04-08,44.84,46.83,-0.017872816181064514,-0.011792092843675203,-0.022095463627817998,-0.4966569209830319,-0.043423424991491114,49.327999999999996,48.2715,46.65533333333334,4,8,4,48.07646622298269,46.75417590005384,36.32075471698115,1.047578235230958,1.819237057468451,54.50992178084999,42.03307821915001,0.0245554748767443,0.0384389753657133,0.03921247006299649,16517980.0,-1.100117985139651,0,0,-1,0,0,-0.00533845825325646,-0.8366096333246082,0.2541847719108358,0.6101998168188928,-0.13669618790912585,0.03127874885004611,-0.06556109888216352,0.054638715432649476,0.0
2022-04-11,43.55,44.84,-0.04928406026802943,-0.056647685418022044,-0.035474388193659764,-0.012766054308794917,-0.029190894905447465,48.628,48.441500000000005,46.794999999999995,0,11,4,47.253472364258556,46.54745487424392,28.39999999999999,0.6049639194086751,1.5763824298564961,53.882394953473266,43.00060504652674,0.023628589797070713,0.03457040793916,0.039637771066789285,16048253.0,-1.7980497847610375,0,0,-1,0,0,-0.011150758251561105,-0.8332184866743279,0.19807346886358174,0.5487882127744218,-0.12002424732269157,0.0846824408468243,-0.35100583189503554,0.032376578645235285,0.0
2022-04-12,42.65,43.55,-0.004974009802863797,0.017990084181000923,-0.021526334248027818,0.007364343949711873,-0.020882429360823608,47.713,48.476,46.77966666666667,1,12,4,46.416477388938816,46.296006172679796,29.48096885813149,0.17949727402758242,1.2970053986907135,53.7500412947702,43.2019587052298,0.019189747175713184,0.03363476264191686,0.035922130755643975,15575054.0,-2.209311484070907,0,0,-1,0,0,0.01308840413318026,-0.736181618111602,0.19731126003941224,0.5339353041431871,-0.11275223632203035,0.016444232602478515,-0.975979398311722,0.07361781946072687,0.0
2022-04-13,43.45,42.65,-0.03365148134209728,-0.029941968476515302,0.005189914928334334,-0.2145641064324237,0.018583577773713115,46.967999999999996,48.3675,46.74366666666666,2,13,4,45.877117863677206,46.112392871216585,28.890439637124913,-0.09207342846789146,1.0191896332589925,53.9681047605776,42.7668952394224,0.022638289393087957,0.02732611403568018,0.03556882867295473,15956875.0,-1.7560603578435134,0,0,-1,0,0,0.00023446658851109052,-1.2307998636257036,0.36320604634450965,0.4337886122172081,-0.08449220396123047,-0.047566856641823696,1.0206153677349457,0.03636363636363632,0.0
2022-04-14,41.95,43.45,0.016736792355524045,-0.0013620887463433626,-0.016129381929883644,0.22135210369760586,-0.0351324187981859,46.023,48.0335,46.68933333333334,3,14,4,45.16309643391771,45.84385139565423,24.336569579288025,-0.423451347192632,0.7306614371686676,54.322612647642025,41.74438735235797,0.021445794016441408,0.023059233134963355,0.035918658032155035,15480453.0,-1.9346131452362751,0,0,-1,0,0,-0.0016110471806674402,-0.5302513565673834,0.3793738056510803,0.3660539777938401,-0.104206705103566,-0.13736376722187948,1.6382156741421336,0.05244338498212164,0.0
2022-04-18,41.56,41.95,-0.016736792355523975,-0.03138236305511122,-0.02518292885417843,-0.03319885763426669,-0.009340266682188533,44.985,47.6665,46.618,0,18,4,44.50798799138721,45.56747388625718,20.369149637442334,-0.7093633764249176,0.44265647444995054,54.56940640542804,40.76359359457196,0.019113516679669523,0.022868494620109005,0.035946621090036456,15019588.0,-1.7692547577345688,0,0,-1,0,0,0.016924910607866356,-0.5621503054650068,0.33438789058794655,0.3630260977393616,-0.0731489741302409,-0.1501022494887525,1.2431172374505373,0.04523580365736274,0.0
2022-04-19,43.21,41.56,-0.02252080483435053,0.02431519583201875,0.014122465053864441,0.047486898972668466,0.0389337837128151,44.357,47.382000000000005,46.60966666666666,1,19,4,44.271990174771354,45.41537879682124,22.414900449582547,-0.7936606827872481,0.19539304300251084,54.53533003057388,40.22866996942613,0.025135856619465796,0.02519081730801122,0.03669346653298764,15502866.0,-1.1664497463890404,0,0,-1,0,0,0.003609239653512959,-0.3848597101242794,0.4779586541530623,0.3998918275167556,-0.007807118254879342,-0.11635991820040892,0.4812435898729937,0.05438555889840318,0.0
2022-04-20,44.18,43.21,0.04063976741682603,0.021501337536788484,0.02577708354560867,-0.017211992371249752,0.0222002480481293,43.968,47.0895,46.659666666666666,2,20,4,44.25526468844929,45.335676938961804,28.516624040920718,-0.7732820973698509,0.0016580149280384926,54.26530576806863,39.91369423193137,0.026781007888143776,0.02515127574537592,0.036736153964754235,15977897.0,-0.8109193849551739,0,0,-1,0,0,0.005322841934737257,-0.41663892756483617,0.46520123142493525,0.39926412466965233,0.03587338804220397,-0.11692984209474322,-0.6612437593276018,0.05024898143956539,0.0
2022-04-21,42.38,44.18,0.024557850781664184,0.005804883458230817,-0.0063822459873138,0.2606101287000122,-0.041595645151818,43.46,46.7795,46.55,3,21,4,43.9143074723676,45.14498810419008,23.376623376623385,-0.8920933811896177,-0.17709226429549274,54.21517071267702,39.343829287322976,0.028716743435169334,0.025847235994783717,0.03517357640264139,15361439.0,-1.1833498738719879,0,0,-1,0,0,0.0076957899502037895,0.5176385048320088,0.5566202096510515,0.4103121511235694,-0.024626006904487907,-0.12762453684643882,0.298598355598315,0.06488909863142991,0.0
2022-04-22,40.47,42.38,-0.06017548639455738,-0.05632067359513243,-0.04535759880583129,-0.45030527160102035,-0.04611559395237887,42.824,46.328,46.410333333333334,4,22,4,43.28806975011894,44.84337596843588,18.678317859093397,-1.1273775108923942,-0.3671493136148731,54.15447759716604,38.50152240283396,0.0307020194443692,0.02648848606494488,0.0358713107820146,14968488.0,-1.4969697229111547,0,0,-1,0,0,-0.010854176498348297,-0.996619413866401,0.5961112443693688,0.42049168040666435,-0.03528009535160914,-0.1824242424242425,0.21155333232042986,0.05337286879169765,0.0
2022-04-25,41.64,40.47,-0.05353062862064408,-0.013515321316166552,-0.020050797045561078,0.49409920402239055,0.028500284858994064,42.504000000000005,45.916000000000004,46.349000000000004,0,25,4,42.98842070464277,44.63670655111744,26.952436876101004,-1.2055359884556296,-0.5348266485830244,53.82230767505454,38.00969232494547,0.03164446719293386,0.027622219460108847,0.03602956404243771,15612543.0,-1.0816679987021907,0,0,-1,0,0,-0.018161601186063737,0.6874856513339277,0.6449016245485636,0.438489140106581,0.0019249278152069227,-0.16519647153167605,-0.5090710720160472,0.05739673390970222,0.0
2022-04-26,40.18,41.64,0.03328897366821464,-0.010318027951309991,0.0158235123717493,-0.06534799281798152,-0.0356918843599798,42.167,45.397499999999994,46.35,1,26,4,42.47779875834408,44.349177096206645,26.889279437609844,-1.3695001975042587,-0.7017613583672713,53.38396190025378,37.41103809974621,0.032185142586188806,0.027712632492642116,0.03374335690477419,15009230.0,-1.3065860865959178,0,0,-1,0,0,-0.013448607108549527,0.330821544318584,0.5775011582338904,0.43992440250275433,-0.07012265679240914,-0.20514342235410477,0.5835785112398476,0.033101045296167204,0.0
2022-04-27,39.44,40.18,-0.017186772175665947,0.008406438360840079,-0.0214087007925602,-0.03606878373288319,-0.01858882965235371,41.846000000000004,44.7795,46.26599999999999,2,27,4,41.925471711372424,44.032455993225575,26.686046511627907,-1.5413866838243564,-0.8696864234586883,52.5908722091236,36.968127790876395,0.03209106954324144,0.026430813028339318,0.032834245211928,14427290.0,-1.367109352122158,0,0,-1,0,0,0.004977600796416198,0.18795143490579627,0.48010382338900925,0.4195761493333909,-0.10728836577636947,-0.2386100386100386,1.6830969226213235,0.0641480730223124,0.0
2022-04-28,40.0,39.44,-0.011958288988873734,-0.03286867469198247,-0.03814186558342359,-0.2683919487603545,0.014098924379501675,41.501,44.234500000000004,46.07866666666666,3,28,4,41.575385945668344,43.772297542049735,30.064214827787524,-1.6138175584760077,-1.0185126504621522,51.763753754872276,36.70524624512773,0.03170944470965219,0.027103006517367124,0.02843865394894533,14872246.0,-1.1248126674598546,0,0,-1,0,0,0.011663286004056818,-0.8189351406024339,0.5034024611210003,0.4302468901626973,-0.056158565361019375,-0.21414538310412568,0.34949519001426954,0.06620249999999998,0.0
2022-04-29,38.45,40.0,-0.006789916693474024,0.0020222703473627007,0.013137340809716172,0.15075195885759252,-0.03952075816228327,41.150999999999996,43.587,45.73933333333333,4,29,4,41.00713395554683,43.42892350707879,30.856800479328953,-1.7758210351007975,-1.1699743273898813,50.739575097565286,36.43442490243472,0.032130900562693826,0.027255674518878687,0.025866025623463886,14354892.0,-1.4364057503565733,0,0,-1,0,0,-0.009249999999999935,-0.3066092158050064,0.4778842882712897,0.4326704195536383,-0.0499135161848282,-0.2519455252918287,0.4744624051191301,0.05799739921976584,0.0
2022-05-02,39.41,38.45,0.0018907171448305838,-0.02081201667667976,-0.012872895482246186,0.19292547049590952,0.02466089525525923,40.936,42.9605,45.423,0,2,5,40.716745963629215,43.169638119525324,37.34718826405868,-1.805928362540719,-1.297165134420049,49.164598730083775,36.75640126991623,0.03378619480351877,0.028119684838805906,0.026439687572053026,14982335.0,-1.1445659247115387,0,0,-1,0,0,0.03263979193758115,0.6784957113585408,0.4581635765742088,0.44638615817396293,-0.053554274735831076,-0.24123989218328845,0.3977300494531128,0.0478304998731286,0.0
2022-05-03,39.0,39.41,-0.01637819889864126,-0.0016384148853870058,0.007376218902343867,-0.15645393767617738,-0.010457945077265825,40.515,42.436,45.092999999999996,1,3,5,40.40461033387845,42.90062920858821,38.50031505986138,-1.8416428970017265,-1.4060606869363845,48.06264114070832,36.80935885929168,0.029954374065707324,0.02696935411864105,0.02641528694391994,14445764.0,-1.2213325549201288,0,0,-1,0,0,-0.008880994671403054,0.008503882156145308,0.40570199153719166,0.42812522410775866,-0.029367844698855117,-0.21196201252778346,-0.04217397046010097,0.03948717948717947,0.0
2022-05-04,40.14,39.0,0.004087895319667352,0.018619719432472422,-0.005527057102145883,-0.1562205804993679,0.028811697238545597,40.111000000000004,42.039500000000004,44.76333333333333,2,4,5,40.35649936408237,42.722524098356715,39.79025293028993,-1.7576968154882593,-1.4763879126467594,47.08176546828183,36.99723453171818,0.030829468893225385,0.028111099075687065,0.026679627121643807,14904731.0,-0.7534311757081155,0,0,-1,0,0,0.005641025641025612,-0.680677717906301,0.4500604962297791,0.44624986340979395,0.01774847870182561,-0.16496775535677133,-0.9748543219391615,0.06215744892874931,0.0
2022-05-05,36.82,40.14,0.006860654530357843,-0.019376817260434286,-0.047840496481724885,0.1056363144467135,-0.08633216756326029,39.555,41.5075,44.37133333333334,3,5,5,39.713499479703756,42.341716092011126,35.77371048252911,-1.9367396654080338,-1.5684582631990143,46.38423262057984,36.63076737942016,0.037703658087828176,0.032642683407097896,0.029826089843464538,14394627.0,-1.9223936863869566,0,0,-1,0,0,-0.016193323368211224,-0.10906914247520932,0.7412836140868501,0.5181865345259737,-0.07950000000000002,-0.22418879056047203,-0.6522902002741578,0.094785442694188,0.0
2022-05-06,37.27,36.82,-0.0635092544413443,-0.04571486745014763,-0.04472865583025206,0.35595698948770266,0.012147537686235329,39.235,41.0295,43.96366666666667,4,6,5,39.26922684703034,42.01450860220396,38.14262023217247,-2.019046859329144,-1.6585759824250403,45.572272049611655,36.48672795038834,0.03668059755278479,0.03308912531792716,0.029635623258624722,15122824.0,-1.6551567892654349,0,0,-1,0,0,0.006518196632265127,2.361177720235331,0.7289289557857231,0.525273580151318,-0.030689206762028576,-0.20414264360452694,-1.673002477382387,0.08854306412664352,0.0
2022-05-09,32.98,37.27,-0.0013500744591492372,-0.02217859778561303,-0.05107998705658762,0.03959844531631126,-0.12228739635971442,38.369,40.436499999999995,43.400333333333336,0,9,5,38.12573105666118,41.43163707948113,25.325615050651223,-2.402745693776403,-1.807409924695313,45.889963505931114,34.98303649406888,0.04745173268904882,0.04000731885001354,0.03520960000607739,14365213.0,-2.734592426222491,0,0,-1,0,0,-0.006976120203917496,2.1858368261835324,0.9926382650105845,0.6350964977976146,-0.16315655924892158,-0.2644959857270296,-0.5363883317368762,0.1270466949666464,0.0
2022-05-10,33.86,32.98,-0.09487795763540473,-0.059561285710504785,-0.02342893848053786,-0.07648312639348123,0.026333059573536537,37.737,39.952,42.844,1,10,5,37.35014359181369,40.9431443646759,25.000000000000014,-2.6057832912062793,-1.9670845979975065,45.9366807943718,33.96731920562819,0.04953232055357182,0.0408750927741432,0.03563415232890858,15067040.0,-2.0358646381705507,0,0,-1,0,0,0.02061855670103092,1.4549607675283562,1.0779115134253363,0.648871981782457,-0.13179487179487182,-0.22250287026406423,-0.6958756170394322,0.08298877731836962,0.0
2022-05-11,33.06,33.86,-0.007754288780005147,-0.006906502273229001,0.022209426134276598,0.21479478242134173,-0.02391028431211106,37.099000000000004,39.472500000000004,42.21933333333333,2,11,5,36.570117484211195,40.43455440566456,26.272912423625257,-2.798980459663234,-2.133463770330652,46.05397279949731,32.8910272005027,0.049590166768532,0.04091468792851077,0.03497335438971449,14197050.0,-1.9486519796875224,0,0,-1,0,0,-0.013585351447135288,2.368137529998276,0.9671048325442054,0.6495005353719357,-0.17638266068759334,-0.22485345838218052,-0.39437472897534404,0.05595886267392623,0.0
2022-05-12,33.44,33.06,-0.027315810646962865,-0.0011557354652532356,-0.020184030100299784,-0.169470090243315,0.01142869582362263,36.443,38.971999999999994,41.63733333333333,3,12,5,36.00100521435461,39.98329283110555,30.59083379348425,-2.888135159056432,-2.284398048075808,45.79781045891617,32.14618954108382,0.049412229027356216,0.0406603583615248,0.035280129427312776,14931419.0,-1.6209064207969202,0,0,-1,0,0,-0.016938898971566915,1.203247204461637,0.9133185963097032,0.6454631786601619,-0.09179793590439989,-0.23037974683544316,-1.721004207032249,0.073714114832536,0.0
2022-05-13,36.94,33.44,0.054488185284069776,0.06978276855242205,0.05936954293442791,-0.08838281948035091,0.09954218655459311,36.292,38.721500000000006,41.15533333333334,4,13,5,36.17173153901741,39.786951358131,38.50293542074363,-2.6458702066259576,-2.3566924797858384,45.45423315893854,31.988766841061466,0.06158274737564342,0.04790365268763,0.04117839373429334,15603668.0,-0.529205586481575,0,0,-1,0,0,0.02631578947368429,0.6435350328245647,1.2700375104891748,0.7604469114184793,-0.008854306412664492,-0.11942789034564971,-0.353375032196373,0.08121277747698971,0.0
2022-05-16,36.23,36.94,0.06021318383490564,0.03418909907805429,0.05354215716950776,-0.04957477949986067,-0.0194074698641081,35.974,38.455,40.63166666666667,0,16,5,36.1823258046506,39.55747062534835,39.96952767902488,-2.482547292822872,-2.381863442393245,45.136413339296055,31.773586660703945,0.06099463540529237,0.047999256740209814,0.04102225055161647,14963933.0,-0.6660267482372001,0,0,-1,0,0,-0.013264753654574848,0.3243898578277638,0.8220599626875698,0.7619645787032161,0.09854457246816262,-0.12824831568816186,1.3899176057490403,0.06665746618824177,0.0
2022-05-17,37.79,36.23,0.0179450166178389,-0.014830641271561116,0.002083189420817588,-0.42837076518223344,0.04215701245441179,35.853,38.184,40.24166666666667,1,17,5,36.474630203805035,39.443440262422655,45.97757191613847,-2.2018521632868513,-2.3458611865719665,44.48202776146688,31.885972238533114,0.06294356245528199,0.04817202453824128,0.04159122412330116,15380765.0,-0.12511853390377287,0,0,-1,0,0,0.02428926304167824,-1.4126187707274247,0.8385035801367795,0.764707182472125,0.11606615475487292,-0.12543392733163627,1.0330463699836703,0.04697009790949983,0.0
2022-05-18,35.18,37.79,-0.007302263685399996,-0.007565236161063283,-0.0341503483622274,-0.23274248337470854,-0.07156677805198547,35.357,37.733999999999995,39.812000000000005,2,18,5,36.2392428940223,39.16837960033088,39.317375886524815,-2.1650471226157677,-2.309698373780727,43.49103651835571,31.976963481644272,0.06527274726335593,0.049693715632098186,0.04291251880288884,15050485.0,-0.8872620459699455,0,0,-1,0,0,-0.025138925641704044,-1.8751536416234234,1.037146611484405,0.7888632797117683,0.06412583182093146,-0.20371208691715703,0.22478038257504496,0.07674815235929514,0.0
2022-05-19,35.18,35.18,-0.05237966059977141,-0.03414965985211837,-0.0010053860810963163,0.9679004954969773,0.0,35.193,37.374,39.40266666666666,3,19,5,36.04665327692733,38.9110647874063,42.217991432651104,-2.1115383628578996,-2.2700663715961618,42.7986431849669,31.949356815033106,0.0602456760600404,0.0492057592339656,0.04294203127037709,15050485.0,-0.8089011296006159,0,0,-1,0,0,-0.0062535531552017866,1.7640469300680817,1.0422238755916793,0.7811172120311585,0.052033492822966654,-0.1698914582350166,0.392499258215132,0.041927231381466784,0.0
2022-05-20,35.18,35.18,0.0315341444070881,0.007142887512379983,-0.023701582053027498,-0.5015158721414498,0.0,34.984,37.1095,39.01433333333333,4,20,5,35.88907995384963,38.670350930154285,39.45137157107233,-2.0455524301375405,-2.225163583304438,42.413049853883614,31.80595014611638,0.060028636865588035,0.048449823239631,0.042965158327177955,15050485.0,-0.7276258555718438,0,0,-1,0,0,0.02558271745309831,-0.5668313499462884,0.644063859724823,0.7691171001426084,-0.04764482945316728,-0.13071410921670368,-0.46379563114112055,0.07248436611711212,0.0
2022-05-23,34.68,35.18,-0.012831417332907378,-0.017953803616595706,0.0,0.8660347591260721,-0.014314587397070956,35.153999999999996,36.7615,38.675666666666665,0,23,5,35.66924723496788,38.41290893466046,39.27507447864945,-2.0104289508821296,-2.1822166568199766,41.715206852342476,31.807793147657517,0.04618238796137073,0.04777650048335698,0.04250330014112113,13798657.0,-0.8403807742542174,0,0,-1,0,0,0.012507106310403573,3.0014615211207354,0.640048547559866,0.7584284327515187,-0.042782224675683045,-0.16714697406340062,-0.5909941299811505,0.05478662053056533,0.0
2022-05-24,32.62,34.68,-0.0403892788720022,-0.04766203820108212,-0.05691608610781564,-0.6235865541302432,-0.06123755471947339,35.029999999999994,36.383500000000005,38.31133333333333,1,24,5,35.114838646791895,38.039172874359785,32.14624881291549,-2.1243301685494558,-2.1706393591658726,41.39232284731524,31.37467715268477,0.04977708190915274,0.04880096056994907,0.04338702624555463,13127654.0,-1.502748296245802,0,0,-1,0,0,-0.013552479815455562,0.14031542924845294,0.5282323616702103,0.7746912324549249,-0.1368086795448532,-0.18815331010452963,-0.526642306416545,0.06468424279583077,0.0
2022-05-25,32.08,32.62,-0.05435957619122965,-0.03752673804099706,-0.01664872756606991,0.3928136881235741,-0.016692814194553988,34.931999999999995,36.015499999999996,37.958999999999996,2,25,5,34.56304980192064,37.65471010827206,37.03501094091903,-2.232437046567462,-2.1829988966461906,41.15848490025085,30.872515099749144,0.04949506639416745,0.048784257031610566,0.04335428959911241,12133803.0,-1.5304342036112297,0,0,-1,0,0,-0.006744328632740616,1.5177684110642475,0.3870913312984942,0.7744260720041738,-0.08811824900511656,-0.18661257606490866,-1.6954934615124757,0.04301745635910233,0.0
2022-05-26,33.78,32.08,0.005540180375615351,0.05663559973904338,0.024097551579060524,0.3557376440536105,0.05163612838134043,34.965999999999994,35.704499999999996,37.63666666666667,3,26,5,34.42067711066234,37.40472881096419,41.06502816180235,-2.1560827538856415,-2.177615668094081,40.578182170057325,30.830817829942667,0.052399515901799046,0.05050150105652149,0.044531823562188697,13552260.0,-0.7897519505164438,0,0,-1,0,0,0.015586034912718205,2.623712277630556,0.6417036154742001,0.8016864757861293,-0.03979533826037518,-0.15549999999999997,0.5025124481974026,0.07489638839550011,0.0
2022-05-27,34.14,33.78,0.042661921442262316,0.004577976521835748,0.04000533461369899,-0.0022048219984845204,0.010600805986640548,34.68599999999999,35.489,37.376333333333335,4,27,5,34.36964490872373,37.194101145740696,53.71794871794873,-2.0429723222530356,-2.1506869989258717,40.230902349767945,30.74709765023205,0.03859332600233158,0.05008296039185819,0.04434604107182929,14967593.0,-0.5689699620516275,0,0,-1,0,0,0.006512729425695644,2.1427421627348218,0.6538282692719923,0.7950423487125287,-0.02956225127913581,-0.1120936280884266,0.24889823889748997,0.040128881077914604,0.0
2022-05-31,31.61,34.14,-0.005899722127188383,-0.011195753515161003,-0.07045816656007305,0.21097985562718483,-0.07699619113876828,34.224000000000004,35.099000000000004,37.04466666666667,1,31,5,33.867891288955775,36.83383655569291,43.47826086956522,-2.1328946641676296,-2.1471285319742233,39.76550280414046,30.43249719585955,0.04401837320632748,0.05186055232321524,0.04606356990443219,13219816.0,-1.495338220692513,0,0,-1,0,0,-0.009958992384300041,2.4812804090820086,0.8219032730498154,0.8232607458100831,-0.08852364475201846,-0.19791930981984263,0.3322312166606466,0.10344827586206895,0.0
2022-06-01,29.57,31.61,-0.0534756802888146,-0.06685374732046673,-0.07717783224599145,-0.3744660175384852,-0.06671319236314044,33.402,34.6275,36.59,2,1,6,33.086456509145634,36.365201939196595,40.56246619794483,-2.341775192286832,-2.186057864036745,39.53384336987905,29.721156630120944,0.04198791174734973,0.05329366414974785,0.046269080480208315,12017946.0,-2.0616168167311417,0,0,-1,0,0,0.013603290098070223,0.9354776105393716,0.8391139999447276,0.8460106907737881,-0.09350091968117713,-0.2417948717948718,0.32248932597538177,0.11362529590801498,0.0
2022-06-02,31.54,29.57,-0.0819171224678867,-0.024998215780901258,0.00034429334132488504,-0.05755003721684082,0.06449624767050643,33.038,34.1975,36.16866666666667,3,2,6,32.805282598391884,36.05389858828068,45.268924302788854,-2.3215901337786775,-2.213164317985132,38.54527559581648,29.84972440418352,0.04719982297644666,0.05544258890410781,0.04805556652516876,13152601.0,-1.2224641964305154,0,0,-1,0,0,-0.0016909029421711434,0.6812295982860963,1.034981254852351,0.8801238136911502,-0.016832917705735584,-0.21425012456402592,-0.21742936246859076,0.08084971464806598,0.0
2022-06-03,30.88,31.54,0.05342516667358057,-0.014663954187014237,0.0431188384025695,-0.6137844769124761,-0.02114785637831696,32.608,33.9005,35.785333333333334,4,3,6,32.45523121686608,35.720098679359346,32.42459396751741,-2.3319683342776543,-2.2369251212436367,38.30514097348032,29.495859026519682,0.04717827717795944,0.052869307066282935,0.047754280816469104,12538414.0,-1.371507924566828,0,0,-1,0,0,-0.012682308180088732,-0.7319913230930494,0.9151044618793569,0.8392742309141671,-0.0858496151568976,-0.16132536664856056,0.6319913743859147,0.026230569948186604,0.0
2022-06-06,29.66,30.88,0.014980359821673969,0.026304796665897794,-0.027747058354715592,0.001834889762653585,-0.0403093884467893,32.056,33.519999999999996,35.425,0,6,6,31.947007359254066,35.32912457101359,31.49295774647888,-2.410846202654035,-2.2717093375257167,38.01296057592771,29.02703942407228,0.04771783806974941,0.05312266961785686,0.04762159802513518,11923099.0,-1.7182434320394526,0,0,-1,0,0,0.02363989637305701,-0.7072396319376788,0.8904265254485005,0.8432962367321754,-0.13122437024018752,-0.2041856721223505,1.5162878399192965,0.08327714093054615,0.0
2022-06-07,30.38,29.66,-0.08204830289904108,-0.037283273092221215,-0.01674966521246145,0.12979706955381717,0.023985160457840823,31.625999999999998,33.39,35.04966666666667,1,7,6,31.66209693029878,35.00982621159336,28.089887640449433,-2.3877351741437423,-2.294914504849322,38.094237731192756,28.685762268807245,0.04939160937906576,0.04744846154976615,0.047501064454398376,12623695.0,-1.2796972313033244,0,0,-1,0,0,-0.01820633850303436,-0.4694966226060538,0.8309222409145894,0.7532209761197496,-0.03891173679215443,-0.07883565797452996,0.569496701441872,0.05892034233048055,0.0
2022-06-08,30.17,30.38,0.0317701609963431,0.003241493924171023,0.03222256051570598,-0.006953936713724364,-0.006936443996656987,31.381,33.2055,34.716,2,8,6,31.39080657933536,34.6975793592325,32.73604410751207,-2.3591697224716484,-2.307765548373787,38.117000896124345,28.293999103875656,0.046505046027334254,0.04693287060383883,0.04725304488855918,11927954.0,-1.2360783655339675,0,0,-1,0,0,-0.01053324555628704,-0.4814608043170805,0.6623363418991816,0.7450362235927882,0.02029083530605358,-0.1089781453041937,0.8026841577960007,0.031156778256546162,0.0
2022-06-09,28.9,30.17,-0.012385095549159876,-0.029592136130445663,-0.03857499377104954,-0.04757069820093374,-0.0430064580525834,31.063000000000006,32.997499999999995,34.36466666666667,3,9,6,30.93793265581984,34.3235419812175,30.10139416983523,-2.4112147991106454,-2.3284553985211587,38.27375016365528,27.72124983634471,0.04778404431785475,0.04750275675457161,0.047622201839537796,11264535.0,-1.553186400533112,0,0,-1,0,0,-0.01590984421610873,-0.5358925177677423,0.4316253044551242,0.7540828857755411,-0.08370323398858592,-0.12583182093163958,0.9197649582521467,0.04057785467128024,0.0
2022-06-10,28.33,28.9,-0.05007087615062724,-0.0418308702097976,-0.03949480600308215,-0.37501703241362794,-0.019920281275961262,30.518,32.742000000000004,33.97566666666667,4,10,6,30.46376308203441,33.93686185339702,29.051987767584095,-2.4699827104476313,-2.356760860906453,38.40849469295278,27.07550530704723,0.04248077156398135,0.04742297702017969,0.04744981809268034,10808582.0,-1.5572237296849707,0,0,-1,0,0,-0.02283737024221454,-1.021382575175498,0.4310260297586244,0.7528164217543583,-0.08257772020725396,-0.152811004784689,0.880135632618731,0.03741616660783617,0.0
2022-06-13,26.4,28.33,-0.04083674911446711,-0.03214120921179686,-0.0529851652584773,0.8837546164679935,-0.07055730369015473,29.744,32.214999999999996,33.574,0,13,6,29.724897067119063,33.45061270156496,26.715410573678284,-2.641838108669507,-2.413776310459064,38.189713382246794,26.2402866177532,0.04413214782044227,0.04131732479275848,0.04835100558387965,9705190.0,-1.9465368890426211,0,0,-1,0,0,-0.04306388986939636,0.5914836276927803,0.5558486794548767,0.6558921974407336,-0.10991233985165216,-0.28532755820249056,0.037699198606238375,0.05984848484848479,0.0
2022-06-14,26.86,26.4,-0.030714024768784307,-0.03135510234733051,-0.021539294246991237,-0.14678761237655855,0.017274180942821175,29.269,31.746499999999997,33.15566666666667,1,14,6,29.20400669127923,33.025411882109154,32.20024721878863,-2.7096810775479696,-2.4729572638768453,37.86339042087985,25.629609579120142,0.0421485667744602,0.04196689124488135,0.04817512698075619,10657944.0,-1.5977072217347725,0,0,-1,0,0,-0.004166666666666646,0.1655335523965842,0.52052138307461,0.6662037451946996,-0.11586570111915728,-0.25862544852332314,-0.20276879915368803,0.04765450483991069,0.0
2022-06-15,27.29,26.86,0.03659855811570736,0.03350641188984272,0.033642316418234806,-0.2716152815645316,0.01588214362515562,29.041000000000004,31.2215,32.76533333333333,2,15,6,28.856005474683002,32.65538530906986,35.09645301804606,-2.697652850002058,-2.517896381101888,36.94406208722147,25.498937912778533,0.03930494713960451,0.04043911547993487,0.04843769205106271,11384083.0,-1.3740348955860435,0,0,-1,0,0,0.015264333581533885,-0.48005608947354084,0.5885953023870943,0.6419510567959804,-0.09545906529665238,-0.2778512834083091,-0.2832992907927289,0.048369366068156845,0.0
2022-06-16,26.06,27.29,-0.024875981069843716,-0.029809550008516504,-0.035588220904604284,0.3523851706062969,-0.046118763023548004,28.492999999999995,30.765500000000003,32.296,3,16,6,28.347640842922456,32.22987657945245,25.25641025641025,-2.7556062005002495,-2.5654383449815605,36.61203374591344,24.918966254086563,0.030947191755590197,0.03909552900253731,0.048225578105075544,10351182.0,-1.6096717147280695,0,0,-1,0,0,-0.025283986808354628,0.2692933513543458,0.5961875603815625,0.6206222826913609,-0.09826989619377158,-0.25923820352473004,-0.23481025144276396,0.054873369148119716,0.0
2022-06-17,26.79,26.06,-0.0037664827954768934,0.030167652071430098,0.016612319445598732,0.17048214506503379,0.027627111859818365,28.083999999999996,30.345999999999997,31.961666666666666,4,17,6,28.064433416936552,31.878916800132938,26.988102692548523,-2.7113747092894265,-2.5946256178431337,36.06138054173486,24.630619458265127,0.03421204142456577,0.04011790883515849,0.04693895922653691,11576075.0,-1.2443615867861686,0,0,-1,0,0,0.016884113584036888,0.7603096327981183,0.6865368157447334,0.6368520593867418,-0.05435933639251678,-0.2384877771461058,-0.7134913841937273,0.06830907054871214,0.0
2022-06-21,26.7,26.79,0.02717457369349172,-0.0028684135837923333,0.017847445443074386,-0.8890330044873007,-0.0033651181503135588,27.788,29.922000000000004,31.609333333333332,1,21,6,27.81635461385718,31.544793135608234,31.855136733185503,-2.6530010371522934,-2.6063007017049657,35.379813713046225,24.464186286953783,0.03305735347620712,0.04006867831786069,0.04677659870011665,11072579.0,-1.180692551780658,0,0,-1,0,0,0.01642403882045544,-1.2808175344955193,0.4596365271038117,0.6360705491526316,0.011363636363636465,-0.24104604889141557,-1.4847455302350308,0.047940074906367085,0.0
2022-06-22,27.14,26.7,-0.03855989591861712,0.0017507107763497435,-0.019381188075023138,0.3836409591158893,0.01634508900051919,27.464,29.544999999999998,31.41466666666667,2,22,6,27.693381047701326,31.26061293331093,39.815590947191964,-2.541933333487563,-2.5934272280614854,34.64917991763404,24.44082008236596,0.032242262125606144,0.04060105076103204,0.04255916159198005,11811519.0,-0.9423649004578178,0,0,-1,0,0,-0.018726591760299626,-0.5482942604634705,0.4577622197191809,0.6445216996896032,0.01042442293373047,-0.21741637831603222,-1.480436733189506,0.06775239498894631,0.0
2022-06-23,29.7,27.14,0.04295711810093903,0.06357295986036347,0.03950109181387512,0.0912865156569925,0.0901383914019309,27.417,29.398999999999994,31.276,3,23,6,28.058220857210173,31.159928227936035,42.6517571884984,-2.2217300518871355,-2.5190877928266158,34.295662235914506,24.502337764085482,0.046373535529458686,0.04531203550724082,0.045982740035452045,12621089.0,0.12294088728126863,0,0,-1,0,0,0.00773765659543113,-0.37030507730154666,0.8079788618550697,0.7193062641017262,0.08831073653352872,-0.08951563458001222,0.5770129606019814,0.08821548821548825,0.0
2022-06-24,30.94,29.7,0.09945646653059048,0.04183056747513996,0.07973054023574071,1.0944202235101375,0.04090279933626625,27.621,29.342000000000002,31.205333333333332,4,24,6,28.582180701353778,31.14573931000468,50.22900763358779,-1.8466222950561715,-2.3845946932725273,34.1326514225762,24.551348577423806,0.04561358087632165,0.0463065921254962,0.04653442109379605,15039639.0,0.6671326544316457,0,0,-1,0,0,0.017171717171717223,2.944713710443754,0.5847460786413382,0.7350943609617889,0.18726016884113594,-0.03553615960099743,1.156914465717817,0.05300581771170008,0.0
2022-06-27,30.66,30.94,0.03256556088410753,0.008991711191964086,0.028208720634509157,-1.1470464970949499,-0.009090971701252075,27.853999999999996,29.185999999999996,31.112666666666666,0,27,6,28.95996602838036,31.114401290004377,54.11184210526316,-1.5540265050027848,-2.218481055618579,33.55258797304206,24.819412026957934,0.045019724201326924,0.04455913427854847,0.04649279630869127,14271572.0,0.6751266705720874,0,0,-1,0,0,0.008726567550096948,-0.4413696480254458,0.6677211324741855,0.7073543276242366,0.14445688689809644,-0.09236234458259329,1.1787093529674062,0.03522504892367912,0.0
2022-06-28,29.73,30.66,-0.01354859434627915,-0.01028286695558392,-0.0160217045312656,-0.41769807114086244,-0.03080223643366178,28.187,28.9655,30.872333333333334,1,28,6,29.099972205038476,31.02508507774603,47.37267582861762,-1.3812631195763068,-2.0510374684101245,32.6746663129121,25.256333687087896,0.03902844020023014,0.04479671037938641,0.04215868394853747,13765753.0,0.4122220119053034,0,0,-1,0,0,0.004240052185257632,-0.902497660382661,0.767593030795291,0.7111257313058541,0.11348314606741572,-0.12917398945518455,0.7179543366150457,0.04170871173898426,0.0
2022-06-29,29.68,29.73,-0.04009150465375535,-0.030166221825592386,-0.02521428295702201,-0.048656034273668845,-0.0016832187108266727,28.469,28.869,30.653999999999996,2,29,6,29.20543180412239,30.938305395310802,47.99344799344799,-1.2341549045603912,-1.887660955640178,32.383810169314366,25.354189830685634,0.039234173518821934,0.04182525343926185,0.04209565718196291,13283956.0,0.46147584702032524,0,0,-1,0,0,-0.005045408678102998,-0.8779884188226643,0.7873421774720022,0.663955314735215,0.09358879882092852,-0.06105662764947806,0.9839533084488933,0.03571428571428567,0.0
2022-06-30,29.05,29.68,-0.019802627296179643,-0.012393392593203522,-0.020568966407656496,0.07522074405861172,-0.021454935001259376,28.645,28.843,30.362666666666666,3,30,6,29.177171476100135,30.816479240774623,50.64822817631808,-1.1550911474446721,-1.7411469940010769,32.343641144283794,25.342358855716206,0.04042408257245339,0.0394905397750012,0.04115003358453035,12764520.0,0.11826405019435465,0,0,-1,0,0,-0.022911051212937995,-0.715971959673755,0.4429325482262079,0.6268928843061468,-0.02188552188552184,-0.017585390598579664,1.4056777936748075,0.04406196213425133,0.0
2022-07-01,29.43,29.05,-0.0010350182052150316,0.015384918839479237,0.01884214850316395,0.16753955264998788,0.012996078947461194,28.982,28.7375,30.171,4,1,7,29.22314029862738,30.72702896717626,54.833040421792624,-1.0496697862007913,-1.6028515524410198,32.01604187743656,25.45895812256345,0.03604952288391009,0.03642095199251453,0.039645971112629,13378697.0,0.4224438948093932,0,0,-1,0,0,-0.002753872633390769,-0.4439120794618019,0.26824495081303795,0.578164688906495,-0.048804137039431206,-0.06689917564996828,0.21674692845917073,0.040774719673802216,0.0
2022-07-05,29.75,29.43,0.0,-0.011684325886346911,-0.023785661395593807,0.8290470288592782,0.01081456974625745,29.278000000000002,28.681,29.99,1,5,7,29.31893297160422,30.663994840261662,67.14431934493348,-0.9295855882324986,-1.4681983595993158,31.84087941142329,25.52112058857671,0.03565113954857327,0.03628336016108167,0.039744473193412795,14785859.0,0.6766080984834127,0,0,-1,0,0,-0.01563030920829089,1.2388886133877408,0.30651117597534455,0.5759804862960634,-0.029680365296803624,-0.03659326424870468,-0.3903505798767929,0.05142857142857147,0.0
2022-07-06,29.03,29.75,0.037932078860694905,0.010355863386090831,0.010913679878933607,-0.1069977720621005,-0.024499353955100247,29.511000000000003,28.6495,29.785000000000004,2,6,7,29.266399704039813,30.5585758183093,60.81754735792623,-0.882344856625064,-1.3510276590044654,31.780717856227486,25.518282143772513,0.03716650655986696,0.03558854684156961,0.03988881829663189,13521485.0,0.24303642702039924,0,0,-1,0,0,0.011428571428571423,0.840675812308357,0.27737385076704973,0.5649506667897984,-0.02354524049781359,-0.021240728253540064,-0.2153222523728543,0.052704099207716196,0.0
2022-07-07,31.63,29.03,-0.03139498350149639,0.0546442704666161,0.020790769669073908,-0.3748937842298427,0.08577625928101887,29.959999999999997,28.712,29.683333333333334,3,7,7,29.696145212396207,30.62769995906354,67.78688524590163,-0.6278702679682411,-1.2063961807972206,32.03281537229068,25.391184627709325,0.04513208696704997,0.04061742630217219,0.04345777785544584,14390568.0,1.7573997183632544,0,0,-1,0,0,0.00447812607647258,-0.04100305293830818,0.7283205328940727,0.6447816533462487,0.065700808625337,0.041145490454246314,1.4738101470547125,0.08283275371482773,0.0
2022-07-08,31.43,31.63,0.07496494366901872,0.024861442065329094,0.05763459979003296,-0.6546462292195198,-0.006343186508081164,30.133,28.775,29.643666666666665,4,8,7,30.011391537415076,30.679461252027185,74.03760071620412,-0.43729478947109257,-1.052575902531995,32.25621273484731,25.293787265152687,0.0361247097819191,0.04061023251705139,0.04210641933170629,13938970.0,1.5253305110734365,0,0,-1,0,0,-0.006323110970597512,-0.9124392284703271,0.690082739928786,0.6446674555477595,0.08192771084337336,0.0417633410672853,1.563481102675689,0.053770283168946796,0.0
2022-07-11,29.7,31.43,-0.013775646324329996,-0.041519239790123376,-0.04434876307838308,0.03588527213783323,-0.05661580500082237,30.008999999999997,28.815000000000005,29.564333333333334,0,11,7,29.954774894248693,30.616270203509302,61.955628594905505,-0.4210057987457354,-0.9262618817747431,32.320559494349084,25.309440505650926,0.03844712981181445,0.041458244822885765,0.04318841164942173,13470872.0,0.5049122694546216,0,0,-1,0,0,-0.013681196309258662,-0.8437499353103786,0.8604104454703836,0.6581292335675207,0.00917431192660545,0.02768166089965396,1.134529284424614,0.05740740740740735,0.0
2022-07-12,29.73,29.7,-0.040150177229283275,-0.028724084326118213,-0.012257558986083767,0.07122438493773038,0.0010095912013524963,29.916000000000004,28.884999999999998,29.429333333333332,1,12,7,29.91390673165802,30.559091480702254,62.5103220478943,-0.40105281970170026,-0.8212200693601346,32.405660823138014,25.364339176861986,0.038415466550159066,0.04114001592140767,0.041944482152554065,13973526.0,0.4800235197021009,0,0,-1,0,0,0.0026936026936027558,-0.7787398665409708,0.8575498746206679,0.6530775063676948,-0.0006722689075630006,0.049417578538651696,1.3272807094466548,0.03969054826774301,0.0
2022-07-13,29.71,29.73,-0.027576215474604003,-0.012257897395502058,-0.022169248764004234,0.5579871003809015,-0.0006729475354900407,29.913999999999998,29.0505,29.281666666666663,2,13,7,29.87683278044747,30.50431138517308,60.99230111206159,-0.38244518290422036,-0.7334650920689517,32.38561129775617,25.715388702243825,0.037145632564159876,0.03759682706910863,0.041864434977722964,13095313.0,0.39548905036165094,0,0,-1,0,0,-0.02556340396905488,0.04575756938850225,0.8298052793772334,0.596831127059777,0.023424044092318352,0.12537878787878798,1.059960912526747,0.048805116122517644,0.0
2022-07-14,28.94,29.71,0.008592594541294489,-0.017146158834970514,-0.007206288325752286,-0.18179039170057282,-0.0262589682711785,29.839999999999996,29.154500000000002,29.192666666666664,3,14,7,29.706499547638835,30.403388070000624,46.16161616161617,-0.4249327018474567,-0.6717586140246528,32.3277996275668,25.981200372433207,0.038085266235661705,0.038183288095606324,0.03995399778464126,12363080.0,-0.13519051156507023,0,0,-1,0,0,-0.016492763379333624,-0.2436743411240118,0.3749010579026196,0.6061409072382444,-0.08504584255453673,0.0774385703648548,-1.320702467451281,0.03956461644782307,0.0
2022-07-15,30.61,28.94,0.012920955007461328,0.03858143955503557,0.02731792319507616,0.36073139519572534,0.056102031753983254,29.996,29.320500000000003,29.227333333333334,4,15,7,29.870772357159044,30.416717871936072,48.40271055179089,-0.3201587329072879,-0.6014386378011798,32.42983044070157,26.211169559298437,0.041644561579745776,0.03994743795941998,0.03960677629723569,13413379.0,0.8294390220609962,0,0,-1,0,0,0.02280580511402903,0.4025828475599672,0.6606445593151519,0.6341459181288409,-0.026089723194400283,0.12165628435324294,0.5996034067663719,0.04965697484482194,0.0
2022-07-18,31.52,30.61,0.05424501485239577,0.04606759238152101,0.06832895964836881,-0.10414900244570044,0.029295512032357193,30.204999999999995,29.5935,29.22666666666667,0,18,7,30.17063192858467,30.48789736406923,53.92335766423358,-0.16182974034268227,-0.5135168583094804,32.44561112945068,26.74138887054932,0.0422865627436576,0.038334371377092356,0.03807085219170643,14359794.0,1.3509291276255746,0,0,-1,0,0,0.020908199934661895,0.1901619852526586,0.509576370715273,0.6085392799786742,0.06127946127946138,0.20951650038372982,0.48608729622846536,0.028711928934010075,0.0
2022-07-19,32.69,31.52,0.02652507893935501,0.022947029820486076,0.01653455793054411,-0.45124666889376025,0.036446955746440905,30.499000000000002,29.8885,29.287,1,19,7,30.62869885066018,30.629968501871218,63.21428571428571,0.05739473805229167,-0.399334539037126,32.740175592385995,27.03682440761401,0.043309449714827884,0.038609736495396896,0.0384090005480139,14962503.0,1.9648097472798347,0,0,-1,0,0,0.01808375634517779,-0.4854890362189428,0.523158010997769,0.6129105657153283,0.09956273124789772,0.22023142963792464,-0.47487979106056755,0.0345671459161824,0.0
2022-07-20,33.6,32.69,0.02553592068710343,0.02822162679542637,0.035624024058866,-0.0695714985424047,0.027456846233039504,30.956,30.2335,29.418333333333333,2,20,7,31.168935423267417,30.821583437234366,66.25207296849089,0.30109032952354653,-0.25924956532499155,33.1301570568955,27.3368429431045,0.04180388887588636,0.03864236370111192,0.03782648824708048,15524706.0,2.3244035685798856,0,0,-1,0,0,0.007035790761700948,-0.5821753819057102,0.4917942093926908,0.6134285065491096,0.130932346011444,0.258426966292135,-1.3804258326272023,0.02738095238095243,0.0
2022-07-21,33.42,33.6,0.011176675778064377,-0.006385053988939225,-0.0018275972190240914,-0.10779577509479027,-0.005371543801910877,31.135,30.547499999999996,29.519666666666662,3,21,7,31.57821989176425,30.989223215477313,68.81998277347115,0.4742297207956305,-0.11255370810086712,33.39327526205153,27.701724737948464,0.032959604975550595,0.03882467374792861,0.03768835622127533,15019954.0,2.0187820438984403,0,0,-1,0,0,-0.009226190476190544,-0.673871636563074,0.3612456375673128,0.6163225888214228,0.1548030407740153,0.23139277818717763,-0.6681127040742038,0.022890484739676857,0.0
2022-07-22,31.82,33.42,0.011647137787192445,0.0034203319834112044,-0.0420295322436485,-0.05185527063954885,-0.049059500257606914,31.174,30.6535,29.574666666666666,4,22,7,31.622179911443475,31.042821717704584,59.314107560405304,0.4768405860851992,0.0053251507363461376,33.52418137886226,27.78281862113774,0.03705222106362432,0.03568663956416118,0.03881726109029193,14540709.0,0.8126990397397005,0,0,-1,0,0,0.007779772591262657,-0.6841796347910503,0.5620146366833534,0.5665078404862136,0.03952956550147024,0.07138047138047132,-1.2999345742016557,0.07008170961659335,0.0
2022-07-25,31.49,31.82,-0.05649494808012451,-0.04524834406340925,-0.007660426863761463,0.14257446072022648,-0.010424987796707546,31.353,30.681,29.661,0,25,7,31.59814720027193,31.07167192946558,56.77570093457944,0.44712726873559916,0.09368557433619674,33.573690606920756,27.788309393079246,0.03174283312241172,0.03467738350213517,0.037983806444710534,13988025.0,0.5593408420966051,0,0,-1,0,0,0.0003142677561281587,-0.5560259361348058,0.5372006800317474,0.5504863971903825,-0.0009517766497462166,0.017776341305753007,-0.45163780207375454,0.031120990790727117,0.0
2022-07-26,30.94,31.49,-0.014876045811794315,-0.017075687083448015,-0.014198366948737646,-0.2865488540871421,-0.017620189968013095,31.474,30.695,29.747999999999998,1,26,7,31.478484072949758,31.063176966274256,57.53749013417522,0.37487749282083627,0.14992395803312464,33.58997204786055,27.800027952139455,0.03261208284535412,0.03486198943122861,0.037938316258974515,13573042.0,0.16925897449066007,0,0,-1,0,0,-0.004128294696729089,-0.9613146511573647,0.43048587091964113,0.553416925463958,-0.05353319057815831,0.009132420091324311,0.10917278130226875,0.02828054298642534,0.0
2022-07-27,30.89,30.94,0.0,-0.00475135515337625,-0.016383066300323185,0.3349267456254646,-0.001617338214429719,31.592000000000002,30.753000000000004,29.89766666666667,2,27,7,31.371486968777074,31.05200425877269,46.34387351778656,0.31001083086116665,0.18194133259873305,33.6128351075026,27.89316489249741,0.03262998062289609,0.03408533444702091,0.035463239084851335,12992963.0,0.09580971968669531,0,0,-1,0,0,0.013574660633484103,-0.40087737837966225,0.2936367701148573,0.5410879098076837,-0.08065476190476195,0.039017827110662706,-1.7001544639561357,0.039656846876011696,0.0
2022-07-28,30.93,30.89,-0.008968669982760488,0.0023784994960080377,-0.003640579893871884,-0.06027063787214746,0.001294079766487952,31.791000000000004,30.815500000000004,30.033333333333335,3,28,7,31.291216610817607,31.04413301627123,47.489959839357425,0.2588473682903647,0.19732253973705938,33.63088984867089,28.000110151329114,0.030912153961624986,0.03407280153214315,0.03540385518748977,13539113.0,0.08133864662050272,0,0,-1,0,0,0.006150857882809897,-0.5355572380496655,0.31276719607578407,0.540888955951868,-0.07450628366247758,0.042115902964959595,-1.5123661048547814,0.04558680892337537,0.0
2022-07-29,30.53,30.93,-0.005808341595746902,-0.015321078499237828,0.002797806624347536,-0.1827610930902457,-0.01301677995019168,31.783000000000005,30.889499999999998,30.141333333333332,4,29,7,31.15281359066895,31.01096314425373,54.8088064889919,0.18390337489967123,0.19463870676958178,33.58473927265116,28.194260727348837,0.02569361618261995,0.03381696884552598,0.03549638664780351,13084188.0,-0.26676666791544346,0,0,-1,0,0,-0.0009699321047527041,-0.8398719184328716,0.12460858789157851,0.5368277379556846,-0.04054054054054046,0.05094664371772817,0.20934128215529585,0.027694071405175276,0.0
2022-08-01,30.96,30.53,-0.028892357698383875,-0.002576490958304783,-0.03070346677474325,0.4059815433976659,0.01398624197473987,31.727000000000004,30.966,30.304666666666666,0,1,8,31.117756574183684,31.007675199463165,56.81063122923588,0.15739280030696534,0.1871895254770585,33.57219827980974,28.359801720190262,0.024112435390084595,0.03383342155536698,0.03427892474834635,13766928.0,-0.004604407919752175,0,0,-1,0,0,-0.01670488044546353,-0.05204485554085153,0.19757573855889135,0.5370889166274789,-0.016830739917434,0.051987767584097844,0.3608040763052324,0.05426356589147297,0.0
2022-08-02,30.77,30.96,0.027272924146081078,0.004985937148456312,0.03583172542281639,0.1967719661042399,-0.006155859387575955,31.535000000000004,31.017000000000003,30.437333333333335,1,2,8,31.054528106150283,30.992341315626835,55.760869565217384,0.11967206180491274,0.17368603274262934,33.56221305074511,28.471786949254895,0.019925386028483875,0.033840793684235496,0.03410009576057365,12935715.0,-0.1940898424418298,0,0,-1,0,0,-0.0035529715762273716,0.6971414336233501,0.15912974240028968,0.5372059455451943,-0.005494505494505586,0.03428571428571425,0.6963765842828908,0.024861878453038694,0.0
2022-08-03,32.55,30.77,0.017033996953489554,0.04899641825227516,0.026456140101531432,-0.007542694166552362,0.056237179320627724,31.43,31.192999999999994,30.632333333333335,2,3,8,31.32643208685023,31.09283542429607,67.67874632713026,0.2307492944679197,0.18509868508768743,33.644784312656476,28.741215687343516,0.02667921424702125,0.03540618046494113,0.0353788848571784,13760682.0,1.10694892123664,0,0,-1,0,0,0.019824504387390297,0.9337443356356357,0.44652146410070753,0.5620556903094449,0.05373907413402379,0.1212538753014123,1.5875754724994176,0.04654377880184323,0.0
2022-08-04,29.77,32.55,0.03322148194232556,-0.00889985926587689,-0.05143662306997303,0.6783633031345444,-0.08927619362689314,31.064999999999998,31.1,30.720000000000002,3,4,8,31.04344443469564,31.007491203373746,46.28975265017668,0.09337961299912578,0.1667548706699751,33.62208768994824,28.57791231005176,0.03737821649626338,0.03537289214770911,0.039148531922221085,12134961.0,-1.0546818061090473,0,0,-1,0,0,-0.0033794162826420717,3.271518307777392,0.8260958352396057,0.5615272546556865,-0.03750404138376984,-0.05880493202655701,-0.6389671060398626,0.09371850856567011,0.0
2022-08-05,41.15,29.77,0.1096668895845133,0.2757430206437896,0.16617160952283982,0.7581815702052657,0.3237227520953938,31.998,31.586000000000002,31.10166666666667,4,5,8,32.8809999920237,31.6618466096077,72.09729233593391,0.8924959068569223,0.31190307790736455,36.74421429729716,26.427785702702838,0.12790904893187738,0.09296111337605958,0.07806062297800567,15604886.0,3.708260048447932,0,0,-1,0,0,0.21598925092374885,3.86643995657495,2.8695032865239547,1.4757119255564022,0.3478545692761217,0.3092586700604518,1.7696276156953012,0.18784933171324433,0.0
2022-08-08,44.58,41.15,0.1426403324651391,0.07760642460942521,0.14616194441390837,-0.4452807430355041,0.08006140083464407,33.307,32.33,31.556333333333335,0,8,8,35.008090902564845,32.495275860600756,74.71933471933473,1.7820315113682241,0.6059287645995365,40.01594616303361,24.644053836966386,0.1278804582201018,0.09246540545136077,0.07894583020600834,17827874.0,3.187636171306455,0,0,-1,0,0,0.01458080194410696,1.7519944902354505,2.8223689792012343,1.4678428062063402,0.43992248062015493,0.5010101010101009,1.4840801705594444,0.1271646478241363,0.0
2022-08-09,40.85,44.58,0.05951093391453374,-0.019103570993681856,-0.004204284664524887,-0.5649198944143413,-0.0873785066517108,34.298,32.886,31.896,1,9,8,36.0702561930076,33.03429032120716,63.490882024562715,2.1611032070808562,0.9169636530958005,41.34952023314415,24.422479766855858,0.13288956117450984,0.09546014474326692,0.08087528230067534,16564315.0,1.8819592275119834,0,0,-1,0,0,-0.006056527590847825,0.409199994391189,3.0286288456459696,1.5153828186534843,0.32759181020474504,0.374032963336697,1.3610121390466028,0.1215422276621786,0.0
2022-08-10,44.87,40.85,-0.027733792890678698,-0.007197860653663963,0.02834296734898943,-0.25921220242886267,0.09386259868187992,35.696000000000005,33.644,32.400666666666666,2,10,8,37.67020961246076,33.7978844940325,68.64213611201563,2.75415250478072,1.2844014234327843,43.50926154053484,23.778738459465163,0.13359744864846465,0.09690775599429574,0.08194271643834462,17539352.0,2.275864649684978,0,0,-1,0,0,0.055030599755201894,0.012047163464777383,3.0313231440227644,1.5383629348454124,0.37849462365591413,0.5102659037361157,1.1462006544821006,0.0775573880098062,0.0
2022-08-11,44.32,44.87,0.04474024438183735,0.015437024056976991,0.05939099031724116,-0.11105889817517593,-0.012333377548863557,37.035000000000004,34.413,32.88866666666667,3,11,8,38.87926241019517,34.476730655707826,71.0721510451787,3.1435312707304064,1.6562273928923088,45.09804335877702,23.727956641222978,0.13415663413630416,0.09658023501151256,0.0820468029969191,16666805.0,1.8543677676070622,0,0,-1,0,0,0.00445732114998892,-0.13656348228075124,2.8184008901752438,1.5331637004278138,0.4887470607994626,0.5314443676572218,1.2871539130250058,0.03700135379061382,0.0
2022-08-12,45.01,44.32,-0.008914701338529516,-0.008128830750252435,0.00036996560649788586,-0.30609639774834824,0.015448644865812954,38.483000000000004,35.132999999999996,33.42066666666667,4,12,8,39.99394197197786,35.156296419855714,72.51832111925384,3.4678191213094394,2.018545738575735,46.64751093643409,23.618489063565903,0.1331219862995158,0.0962959360133092,0.08174160812064074,17309275.0,1.7155743834064727,0,0,-1,0,0,0.007897111913357433,-0.4192526430435483,1.1764511392167112,1.5286505937444286,0.09380315917375448,0.47043449852989205,-0.4401900397790789,0.02785381026438574,0.0
2022-08-15,46.08,45.01,0.0013422820807292273,0.02570387643350503,0.008444646782742843,-0.03939816908941458,0.023494329082794505,39.995,35.861000000000004,33.97566666666667,0,15,8,41.10049797707279,35.86105148954245,74.7871643745907,3.767727618243903,2.3683821145093686,48.22356812018897,23.498431879811037,0.1328956928539647,0.09628395947707481,0.08174506008537012,17926925.0,1.6532163706846035,0,0,-1,0,0,-0.006220839813374831,-0.42838401511977403,1.0437675903064003,1.5284604721257637,0.03364737550471064,0.4619289340101522,-0.07947613446125618,0.04470486111111116,0.0
2022-08-16,45.4,46.08,0.02167267489889635,-0.01298719552681119,-0.003719781102532012,-0.10695924565640294,-0.014866911340333473,41.458,36.496500000000005,34.49733333333334,1,16,8,41.882225617605,36.4764675224752,73.27558549887713,3.9055165817310993,2.6758090079537147,49.46461681333135,23.528383186668663,0.13330866293149002,0.09657969626649147,0.08195404390773074,17371928.0,1.373136921599459,0,0,-1,0,0,-0.008029513888888834,-0.5085772862387811,0.727780038788312,1.5331551481157386,0.11138310893512848,0.38880391557051097,1.523196352769872,0.03579295154185022,0.0
2022-08-17,43.64,45.4,-0.024359043203479612,-0.02470350589589065,-0.025042758582235924,0.3475155981453647,-0.03953794408243222,42.567,36.9985,34.98433333333333,2,17,8,42.20182095985864,36.93863090812196,69.32198236546064,3.8285647259819626,2.9063601515593644,50.26830787549797,23.728692124502032,0.13587222219066306,0.09745154360159088,0.08224905769910143,16586304.0,1.000994145855449,0,0,-1,0,0,-0.017400881057268704,-0.215262486415596,0.3999114159076041,1.5469952954950632,-0.027412525072431415,0.29880952380952386,-0.13281228819095983,0.03666361136571956,0.0
2022-08-18,45.01,43.64,-0.011044854754871745,0.006677078000966738,-0.0013904984859196496,-0.34735164673587104,0.030910526339971277,44.091,37.578,35.43033333333333,3,18,8,42.71239896715706,37.459364397920545,71.38216184288247,3.833932192549085,3.0918745597573087,51.19748387614699,23.958516123853016,0.1290434378733279,0.09735424206126088,0.08114549871307908,17141392.0,1.0913776274615397,0,0,-1,0,0,0.010999083409715785,-0.5308825860442408,0.46650628662600313,1.545450681427683,0.015568592057761732,0.34679832435667257,-0.8077977935895495,0.04354587869362366,0.0
2022-08-19,43.43,45.01,0.0018115946983508241,-0.012163292287742796,-0.015424470325631639,0.26572688541441236,-0.0357342407581108,44.319,38.1585,35.83033333333333,4,19,8,42.84287188221941,37.8445666948289,67.8091973721794,3.6684060516253183,3.207180858130911,51.73425900756841,24.582740992431585,0.055844309405811615,0.09693458703560917,0.08156992713717265,16417347.0,0.7766048288071659,0,0,-1,0,0,-0.017996000888691296,-0.3216146017492594,0.5192438405146625,1.538788864421806,-0.0351033103754721,0.3648648648648649,0.3222151827117923,0.04777803361731512,0.0
2022-08-22,43.04,43.43,-0.03875023560990524,0.0025789104386752066,0.001412097198637167,-0.3406419852896518,-0.009020530693201526,44.165,38.736000000000004,36.275,0,22,8,42.87871335817952,38.17975594032381,67.42402726498156,3.4658040203987213,3.2589054905844734,52.09832630235177,25.373673697648236,0.04899232089242763,0.09691254411048043,0.0806617213114638,15902324.0,0.6441992064274753,0,0,-1,0,0,-0.020953258116509246,-0.6031635993143761,0.444924013078392,1.5384389438334516,-0.06597222222222221,0.36678310574785655,1.1720206385682614,0.04948884758364302,0.0
2022-08-23,43.14,43.04,0.018639868659042703,-0.026323280712960986,-0.007554332431781044,-0.02987349789504474,0.002320725107481284,44.39399999999999,39.346000000000004,36.722,1,23,8,42.92622002032869,38.49977168610937,65.79182821354013,3.2755511011140754,3.2622346126903943,52.318006134669,26.37399386533101,0.03984274505035325,0.096615349270395,0.0806541460257007,16402189.0,0.5849519281154437,0,0,-1,0,0,0.006505576208178465,-0.6322205240485251,0.4576048313375504,1.5337211220066655,-0.04977973568281935,0.39431157078215895,0.5469376215347694,0.029902642559109856,0.0
2022-08-24,43.64,43.14,-0.0025424721889480933,0.02070844282863199,0.020174270894250786,-0.09824507365467641,0.011523520003859821,44.271,39.9835,37.18633333333333,2,24,8,43.05599819845075,38.8313993192636,72.19200000000001,3.129050368328514,3.2355977638180184,52.449055532620164,27.517944467379838,0.0236946599643719,0.09650105790649083,0.08060208740045746,16855280.0,0.5866565658356077,0,0,-1,0,0,0.001622624014835426,-0.6837254849718136,0.39189842738421926,1.5319068028513085,0.0,0.4127549368727743,-0.3672391370392373,0.030705774518790016,0.0
2022-08-25,43.85,43.64,0.015158765234280802,-0.004062294008878793,0.005558143072227012,-0.16153363723637046,0.004800557853321903,44.224,40.6295,37.68333333333333,3,25,8,43.2003621623688,39.15518000834337,56.72310756972113,2.9953640350255384,3.187551018059523,52.44154109105775,28.81745890894225,0.02352962449196117,0.09646608346611572,0.08025091649480455,17240787.0,0.5452910255176923,0,0,-1,0,0,0.00527039413382211,-0.7589620534019587,0.29132721769846787,1.5313516008224515,-0.025772050655409884,0.41771742644681553,-1.4258122322670703,0.02098061573546184,0.0
2022-08-26,41.67,43.85,0.004321626196074523,-0.0036248340551030436,-0.04463023745096827,-0.2048447608355908,-0.0509932733838299,43.89,41.1865,38.05200000000001,4,26,8,42.92211449648356,39.317426459417995,42.27296866702071,2.6825856937195027,3.086557953191519,52.001871663078475,30.37112833692153,0.027242571633451243,0.0974995807185506,0.08074915856295163,16926686.0,0.08940977990623701,0,0,-1,0,0,0.004789053591790213,-0.8395104445682431,0.38848733844928807,1.5477578610861187,-0.04052498273083116,0.3648869963969865,-1.76012365795147,0.06359491240700757,0.0
2022-08-29,41.03,41.67,-0.06978755847887859,-0.047644656192906414,-0.011170587258397355,0.1814185733040165,-0.015477938980267338,43.385000000000005,41.69,38.36900000000001,0,29,8,42.578093678941094,39.42791507493942,50.571791613723,2.355906529519963,2.9404276684572084,51.37983406516956,32.000165934830434,0.024994155263839392,0.09780794870208283,0.08084722638243022,16550105.0,-0.13622524298375524,0,0,-1,0,0,-0.013918886489080831,-0.7268774877815009,0.39212972587715955,1.5526530510664434,-0.04670074349442377,0.3252583979328165,-1.4640280627129099,0.025834755057275047,0.0
2022-08-30,40.36,41.03,0.005339818513354851,-0.01161202968193209,-0.026226144381763194,0.08975182672077807,-0.01646431096868655,42.881,42.1695,38.62466666666667,1,30,8,42.174803919133616,39.48804958623365,31.799838579499593,2.0196660842978744,2.7562753516253418,50.42738675656216,33.91161324343784,0.02502355853404218,0.09796708265173025,0.08085279636842041,16138162.0,-0.43824771478298014,0,0,-1,0,0,0.006824274920789694,-0.6450087602821736,0.3795454655263181,1.5551792242019307,-0.0644413537320353,0.311667208319792,-0.8846871631665184,0.040510406342913724,0.0
2022-08-31,40.21,40.36,-0.009974538359917167,-0.009801034352448874,0.002753788196621087,-0.17305123488647228,-0.003723474576225549,42.538,42.552499999999995,38.845,2,31,8,41.817566842927505,39.5346270322831,32.86071726438699,1.7212478883626474,2.549269858972803,49.5455247201648,35.55947527983519,0.023151206882546262,0.09760073272243001,0.08081459764388242,15791679.0,-0.6699533016793879,0,0,-1,0,0,0.013379583746283428,-0.6903099931931553,0.3292979459883711,1.5493635993674035,-0.07859761686526123,0.23533026113671296,-1.2667635876900263,0.027853767719472705,0.0
2022-09-01,39.0,40.21,-0.037364246744867935,-0.027615167032973266,-0.048140375327934984,0.696311156550583,-0.03055407477953621,41.937,43.013999999999996,39.031,3,1,9,41.305281962395235,39.50013496568419,25.979216626698644,1.3713048814235052,2.3136768634629434,47.04688273544972,38.98111726455027,0.019417220247958406,0.09537995330724773,0.08108863453578646,15096517.0,-1.9906356139325625,0,0,-1,0,0,-0.02014424272569018,-0.18416801778853603,0.2793542154598395,1.5141098190715807,-0.11060433295324978,0.3100436681222707,-0.8679439536652812,0.04820512820512827,0.0
2022-09-02,37.56,39.0,0.0,-0.012578782206860073,-0.01987083528860886,-0.3315388161763784,-0.037621991789584176,41.35,42.8345,39.22233333333334,4,2,9,40.624321605596094,39.374964967898116,16.92546583850931,0.9666338089620865,2.0442682525627722,47.48846028300449,38.180539716995504,0.01964358912615194,0.042147664701368014,0.0808533035483636,14597517.0,-2.266671685730372,0,0,-1,0,0,0.01025641025641022,-0.4325011228148438,0.20807603132523295,0.6690734348517312,-0.09863210943124545,-0.08724179829890633,-0.07568767132945757,0.05670926517571891,0.0
2022-09-06,38.14,37.56,-0.050492119287945614,-0.022012662562758918,-0.013741291255715292,0.35427025137450213,0.01532394583221081,40.86,42.5125,39.444,1,6,9,40.17262676821499,39.29528980867889,21.596244131455393,0.6848358597804918,1.7723817740063161,47.534551897695984,37.49044810230402,0.021772791522190138,0.03720960715740381,0.08078577106678643,15308662.0,-1.7413201173831032,0,0,-1,0,0,-0.002662406815761486,0.4290567401141338,0.3331662736107678,0.590684201525397,-0.07043626614672194,-0.14445939883355763,0.5451659152912632,0.046670162558993214,0.0
2022-09-07,39.45,38.14,0.025044145341870792,0.024035930830102404,0.04014895201718367,-0.006417273128405726,0.0337704471196102,40.491,42.4425,39.72766666666667,2,7,9,40.041240083084986,39.30527111134477,33.00892133008922,0.5607510180025415,1.5300556228055613,47.59934062805434,37.28565937194566,0.0260209658001788,0.033614925417594206,0.08075213580459022,16015258.0,-1.160594331234573,0,0,-1,0,0,0.007079181961195491,0.6871913442864178,0.4771021280509191,0.5336203979696298,-0.022547076313181313,-0.03427172582619331,0.18927746374649432,0.030671736375158448,0.0
2022-09-08,41.85,39.45,0.021123917863647704,0.07493777286878481,0.02216585596260021,-0.1422360730929207,0.05905774964360094,40.312,42.2915,40.092999999999996,3,8,9,40.37010552252408,39.46944716867738,38.173652694610794,0.6485962158346084,1.3537637414113708,47.32442433565368,37.25857566434632,0.033771329218463285,0.028399450142855876,0.08122397929236454,16628171.0,-0.17544471983112184,0,0,-1,0,0,-0.005576679340938047,0.31318128188339467,0.6644447801002199,0.45082729469384647,0.0407858741606566,-0.06730554936483168,0.028934718165199314,0.08195937873357227,0.0
2022-09-09,43.08,41.85,0.07392587917654495,0.01811896258247556,0.07392587917654495,-0.405346827516281,0.028967055352703476,40.235,42.2295,40.498000000000005,4,9,9,40.862813609337884,39.702386061020775,48.65488086087624,0.8081490492832586,1.2446408029857485,47.18719672752371,37.27180327247629,0.035316288528457876,0.02920773144908578,0.08124745034933341,17036828.0,0.3431028748806939,0,0,-1,0,0,0.009318996415770622,-0.9321892434935871,0.5735040349301851,0.4636583626478471,0.10461538461538455,-0.02797833935018057,-1.0811306402869787,0.02785515320334252,0.0
2022-09-12,43.86,43.08,0.022009785688655227,0.019604001425409988,0.022009785688655227,0.09884612252364279,0.01794389070155427,40.454,42.172,40.94233333333333,0,12,9,41.407756589458266,39.970619218374274,53.059701492537314,0.9861673769221397,1.192946117773027,47.01936108348432,37.324638916515674,0.03124423748581153,0.029288942259335947,0.08109220651350861,17487943.0,0.6964614234129448,0,0,-1,0,0,0.0023212627669452514,-0.5682491936636483,0.28732117112210337,0.46494754429399904,0.16773162939297115,-0.02554987780493223,1.2809829891813,0.02553579571363423,0.0
2022-09-13,41.58,43.86,-0.022957204044695045,-0.04265776429373345,-0.051805358382353534,-0.0089735627764093,-0.0533834605598753,40.509,41.946999999999996,41.29633333333334,1,13,9,41.43907357319313,40.074450236543676,44.993581514762504,0.9325217090959441,1.1408612360376105,46.43501491694613,37.45898508305386,0.03578656080470159,0.03079209743299011,0.08200645986818397,17040858.0,-0.16354669348992357,0,0,-1,0,0,-0.037847697218422176,-0.5376566331518605,0.6701956448700184,0.4888093929225732,0.09019402202412152,-0.09765625,-1.446789762737481,0.034872534872534944,0.0
2022-09-14,42.05,41.58,-0.01000246491354644,-0.007566836766431144,0.00438063489533559,-0.2128103953755446,0.011240103989090262,40.678000000000004,41.7795,41.67233333333333,2,14,9,41.55015110533983,40.20190505999247,44.88745980707394,0.9173574769347184,1.096160484217032,45.96473960201923,37.59426039798077,0.03528522841272517,0.030894200253027658,0.08193028253347813,17402241.0,0.1292638060050334,0,0,-1,0,0,0.004810004810004879,-1.0465034118401415,0.654878367177321,0.4904302249424396,0.06590621039290223,-0.07378854625550668,-1.0163747356270507,0.022592152199762256,0.0
2022-09-15,42.32,42.05,0.002151823902632179,0.04342955792733589,0.016378015418210323,0.48354355471848054,0.006400401131086878,40.888999999999996,41.713499999999996,41.998000000000005,3,15,9,41.690123631641676,40.33855634644458,45.09929532351056,0.9165609135384969,1.060240570081325,45.81601925169409,37.610980748305906,0.035162890223103614,0.02980245577444939,0.08150199886004175,17988336.0,0.29567198240425396,0,0,-1,0,0,-0.004280618311533882,0.6321421015594879,0.5037423680209222,0.4730993186291637,0.011230585424133688,-0.030247479376718567,-1.8193668894167925,0.0505671077504726,0.0
2022-09-16,40.73,42.32,0.010453884700924315,-0.03633397470402764,-0.052475877840881875,0.7819581243096362,-0.03829486588972284,41.062,41.4995,42.36333333333333,4,16,9,41.51555569861591,40.36381077570622,46.87083888149133,0.7786540799541299,1.0039232720558862,45.314431743887525,37.68456825611247,0.0360760617570003,0.029833243469691205,0.07999382176439666,16707280.0,-0.40341481927320527,0,0,-1,0,0,-0.00023629489603019873,3.4000183586323742,0.5040891515707793,0.47358805813946786,-0.05454967502321262,-0.09508998000444346,-0.6460332058989905,0.06653572305425978,0.0
2022-09-19,41.24,40.73,-0.05464513449430391,-0.028204546433543476,0.004020105916665852,-1.0793448410910862,0.012443737488438099,41.42999999999999,41.39,42.36633333333334,0,19,9,41.46545466250393,40.42033911275744,50.70517125587643,0.7024176253800078,0.9436221427207105,45.09577927027427,37.68422072972573,0.03295473602156655,0.029160088802296664,0.03928672448445991,17142606.0,-0.0809546327830243,0,0,-1,0,0,-0.016449791308617595,-0.41701864124607907,0.4851570778061297,0.46290205907661774,-0.059735522115823,-0.05042597282984107,-0.7085129819494876,0.03322017458777879,0.0
2022-09-20,40.87,41.24,0.0217292499954711,0.0024213086890103454,0.014438886645961864,0.0697521671542665,-0.009012361572573385,41.702999999999996,41.2815,42.242666666666665,1,20,9,41.3571901784123,40.44934949257954,51.74777244688142,0.6051677806238658,0.8759312703013417,44.91013625245438,37.652863747545624,0.03339835678936378,0.029159989477640324,0.036083464314126366,16675831.0,-0.22680697174960382,0,0,-1,0,0,-0.007274490785645108,-0.2589185142948306,0.3334340115043893,0.4629004823465793,-0.017075517075517133,-0.05041821561338289,-1.4682880923680737,0.021776364081233193,0.0
2022-09-21,39.97,40.87,0.007785927409962294,0.004945429535289405,-0.015944533103549242,-0.20241299875649435,-0.022267124852953745,41.755,41.123,42.21333333333334,2,21,9,41.10497378233733,40.41842371886474,49.21773142112125,0.4502835115912873,0.7908017185593308,44.68616890303751,37.55983109696248,0.03310802323745792,0.029468651914143298,0.032902878762690484,16294589.0,-0.6471767302510381,0,0,-1,0,0,0.009542451676046015,-0.6222277509904847,0.3255775824332954,0.46780034662290415,-0.04946492271105818,-0.07348168752897544,-0.3489612683054517,0.04340755566675005,0.0
2022-09-22,37.08,39.97,-0.04131694652506641,-0.0459185842100157,-0.08541455205010091,0.47084231145287475,-0.07505143202557776,41.278,40.795,41.95366666666666,3,22,9,40.37316036736691,40.20304154345411,44.35957696827262,0.09326269099206996,0.6512939130458786,44.583228304129165,37.00677169587084,0.033498912218632604,0.032984478196253664,0.029882383481412266,15684090.0,-1.9613390227567111,0,0,-1,0,0,-0.009507130347760706,0.3949642031798405,0.5061898751185321,0.5236123585951172,-0.12381852551984884,-0.15032080659945013,-0.5487741975080374,0.0844120819848974,0.0
2022-09-23,36.29,37.08,-0.08153831066968302,-0.07153361940076304,-0.03083149360781274,-0.19840136035866016,-0.021535519472675416,40.599000000000004,40.416999999999994,41.686,4,23,9,39.6307675733002,39.95058725032805,46.12095296273671,-0.25053724185337956,0.470927682066027,44.424099489129816,36.40990051087017,0.030305069228136597,0.03298461748680589,0.02999420021054681,15183456.0,-2.0598440399073863,0,0,-1,0,0,-0.01591154261057164,-0.13711522206127916,0.49514707777112665,0.5236145697640843,-0.10901055732875031,-0.17240592930444698,-1.0858688011607123,0.041333700744006614,0.0
2022-09-26,35.83,36.29,-0.012686325688354413,0.011302596103181666,-0.0004514417998910628,0.15026176364108035,-0.01275668990811651,39.796,40.125,41.38,0,26,9,38.93971892360925,39.68474291159721,42.89230769230769,-0.5537361950302611,0.2659949066467694,44.57437133347544,35.67562866652456,0.027854640287875317,0.03158216806757103,0.02972938176938714,14601650.0,-1.930609822419628,0,0,-1,0,0,-0.007164508128961092,0.1823492535268074,0.4077350283462605,0.5013513754262299,-0.1311833171677983,-0.1401487880969523,-1.973866046706946,0.05403293329612057,0.0
2022-09-27,37.64,35.83,0.015423054271113687,0.019083536993120324,0.024145930092559394,0.057296575590913536,0.049281783400316456,39.402,39.9555,41.09866666666667,1,27,9,38.70340639204393,39.552824014074815,44.59701492537314,-0.6405873840431369,0.08467844850878817,44.5165916283386,35.3944083716614,0.033018403550441715,0.03401109891596462,0.031059609670075646,15217765.0,-1.0153271140678364,0,0,-1,0,0,0.021211275467485493,0.29337874343646525,0.6950905359252089,0.5399094572859653,-0.0790310741375091,-0.08262247136241774,0.5226372424799484,0.04755579171094597,0.0
2022-09-28,39.07,37.64,0.044629984980991244,0.033560196492301686,0.03784235318316014,-0.17164921889216253,0.03728759434980028,39.104,39.891000000000005,40.88766666666666,2,28,9,38.77005977530867,39.521674077682896,41.191381495564016,-0.5872589721980432,-0.049709035632578114,44.46447455155044,35.31752544844957,0.03583680850675823,0.03510507743745404,0.032039160300125186,15736703.0,-0.3590268146224543,0,0,-1,0,0,0.016471838469713004,-0.20581549639184477,0.784726538314504,0.557275827931008,-0.02251688766574933,-0.03196233894945488,-0.3500208410436195,0.04325569490657788,0.0
2022-09-29,38.65,39.07,0.0033920450005995163,-0.016897483456153727,-0.00478597031594113,0.08410105069809597,-0.010808134033548297,38.737,39.813,40.721333333333334,3,29,9,38.74823072525254,39.46543704041303,35.20374081496328,-0.5722893165108758,-0.15422509180823765,44.416678620635956,35.20932137936405,0.0355463416011505,0.035168531704303084,0.031407827587970234,15172234.0,-0.5052481269160995,0,0,-1,0,0,-0.017404658305605315,-0.03711234260441475,0.5230233671037012,0.558283133189259,0.0423408845738944,-0.03879631932355143,0.622011317832201,0.03130659767140993,0.0
2022-09-30,37.06,38.65,0.00208170775149729,0.02292144558412304,-0.015308476743813096,0.14921378387424394,-0.0420085541762171,38.37,39.715999999999994,40.45633333333333,4,30,9,38.441279684297534,39.31024755393477,28.453738910012703,-0.6808767450578443,-0.259555422458159,44.47106776751704,34.960932232482946,0.03588727100678506,0.03572541731101726,0.03141607217080196,14516930.0,-1.1171239317108095,0,0,-1,0,0,-0.004657179818887444,0.4352329920938059,0.6070414495874256,0.5671234181337212,0.021217966381923414,-0.04974358974358972,0.19572566667388586,0.07226119805720445,0.0
2022-10-03,37.87,37.06,-0.02713906515481246,-0.028358352180858932,-0.010884461198423442,0.1031378564456078,0.021621021056489616,38.033,39.7315,40.271,0,3,10,38.33741065078889,39.21732835690673,37.037037037037045,-0.693577701952961,-0.3463598783571194,44.45891734320521,35.004082656794786,0.03661787678909836,0.03510834336668118,0.03131620399573152,15243429.0,-0.7875336002122009,0,0,-1,0,0,0.010253642741500146,0.7313506432612464,0.5938106775246922,0.5573276729502153,0.05693552888640796,0.008253461128860273,-0.6451830619953741,0.052020068655928335,0.0
2022-10-04,40.25,37.87,0.031289525068798854,0.04393241693464753,0.0548301240803575,-0.1743618426046107,0.06095076195086904,37.971000000000004,39.837,40.178000000000004,1,4,10,38.685154168827275,39.283952333880485,44.45129469790383,-0.5057670248542223,-0.37824130765654,44.508720521561,35.165279478439004,0.04288630886990476,0.03764329468245418,0.03359162293714389,15853683.0,0.17680852186851168,0,0,-1,0,0,0.02006865592817547,0.17362580061667762,0.6485265481645366,0.5975687775533632,0.06934112646121138,0.05532249606712103,-0.33721702288644684,0.040745341614906845,0.0
2022-10-05,40.15,40.25,0.030591220515362717,-0.0004970179028755842,0.0028449521322313448,-0.29147237075095517,-0.0024875634718017465,37.989,39.872,40.07833333333333,2,5,10,38.95148977449504,39.339826376855946,43.2398753894081,-0.36083538866741804,-0.37476012385871565,44.54200101431246,35.20199898568754,0.042247268880792305,0.036942528050358525,0.03358330744467546,15397724.0,0.11905778998676594,0,0,-1,0,0,-0.010434782608695695,-0.5499947500988616,0.617756850872831,0.5864444521396589,0.027642692603020214,0.017743979721165815,0.5404179046291578,0.03760896637608962,0.0
2022-10-06,39.96,40.15,0.00825107818992076,0.017982994769555647,0.0243650040040964,0.1794300594326071,-0.00474348661241784,38.277,39.777499999999996,39.955666666666666,3,6,10,39.13485527004139,39.37983757834911,47.37201365187714,-0.2583295724108936,-0.35147401356915126,44.354535928931746,35.20046407106825,0.033717349844381274,0.034210760499957596,0.03349022473135404,14852153.0,0.07974593288482171,0,0,-1,0,0,0.00024906600249061046,-0.07506313638607123,0.6088499766173765,0.5430789866716771,0.03389391979301437,-0.04516129032258065,0.43333974263908215,0.03215715715715725,0.0
2022-10-07,37.51,39.96,-0.02751656631649446,-0.047241071664273125,-0.06535380823521586,-0.21025613785015232,-0.06327138968655689,38.399,39.498999999999995,39.74433333333333,4,7,10,38.83942703912477,39.25920289587498,38.75828812537672,-0.3705164163989565,-0.3552824941351123,43.904565379810506,35.093434620189484,0.03946580193261975,0.03583863965469621,0.03513542671771771,14410035.0,-0.9029488061237422,0,0,-1,0,0,-0.022272272272272287,-0.6169122640122487,0.7171129792630816,0.5689207671191036,0.01214247166756599,-0.12929433611884866,-0.23195127980665228,0.05078645694481475,0.0
2022-10-10,37.16,37.51,-0.04074734497318327,-0.03994787790861654,-0.020798683534561806,-0.3522952873487434,-0.00937465014815821,38.532,39.164,39.594,0,10,10,38.53407666837481,39.12377045097982,38.80506940253469,-0.4821099105047253,-0.3806479774090349,43.17453559882834,35.15346440117166,0.03932257051702377,0.035378045716519375,0.03410560866894789,14099194.0,-0.9993677655350899,0,0,-1,0,0,0.0,-1.2153289987276663,0.7000697214619713,0.561609065024305,-0.01874834961711125,-0.15275877792977666,0.42276931200365836,0.03067814854682456,0.0
2022-10-11,38.33,37.16,-0.008836581800498,0.030949231250013507,0.0,0.7827186193942806,0.030999965446826067,38.601,39.0015,39.504,1,11,10,38.496971819579386,39.07255945414241,45.13064133016627,-0.470713247362454,-0.3986610313997187,42.86035870774139,35.14264129225861,0.03724547548929763,0.03479209472860908,0.034600737889567974,14779131.0,-0.34803036382383307,0,0,-1,0,0,0.0005382131324005148,0.5641976239797004,0.5286440171824006,0.5523073814574054,-0.047701863354037255,-0.07816257816257821,-0.821129869607645,0.060527002348030275,0.0
2022-10-12,38.47,38.33,0.03929312332590782,0.0054088992139882065,0.034826032636348966,0.013577787400805853,0.0036458373717400956,38.541000000000004,38.822500000000005,39.441,2,12,10,38.49206785238313,39.033684650649356,54.93257629524486,-0.4452518930787761,-0.4079792037355302,42.408424970594446,35.236575029405564,0.03512659378356795,0.03466278094926854,0.03450131125847798,15468363.0,-0.19660199412458543,0,0,-1,0,0,0.008870336551004524,0.5404181230902207,0.5353627356702108,0.5502545888500318,-0.041843088418430874,-0.08513674197384058,-0.952607962973923,0.032232908760072836,0.0
2022-10-13,38.91,38.47,-0.039562121310044926,0.0140290529429165,-0.03840385398423292,-0.31042760094658906,0.011372570232258466,38.56699999999999,38.652,39.397666666666666,3,13,10,38.568055515586195,39.025704995768756,59.534206695778735,-0.38512972783568244,-0.4034093085555607,41.83991533929657,35.464084660703435,0.035142383240685485,0.0347591481342109,0.03457133110387443,15973662.0,0.1618612620101292,0,0,-1,0,0,-0.0337925656355601,-0.37271318692646266,0.5536649485536166,0.5517843704854609,-0.026276276276276378,-0.08057655954631393,-1.2542091979543255,0.08249807247494202,0.0
2022-10-14,37.02,38.91,0.05826383199472732,0.003792192637062912,0.019656652549551592,0.20682788221900927,-0.04979297985111064,38.563,38.466499999999996,39.33166666666667,4,14,10,38.28659087638871,38.896304673461096,53.922214897824674,-0.4844057553194574,-0.41960859790834004,41.57609313635728,35.35690686364271,0.03620105309598613,0.03540592061646646,0.035274093843606746,15352260.0,-0.9303467923745726,0,0,-1,0,0,0.012593163711128296,0.689420611738032,0.4733348880588993,0.5620515653427898,-0.013063183151159508,-0.09108765038055477,-0.9183371195330443,0.0713128038897893,0.0
2022-10-17,38.75,37.02,-0.04066337765895026,-0.005059459312807941,0.020867530880002916,-0.4541892543925188,0.04567244865400439,38.650999999999996,38.342,39.37133333333334,0,17,10,38.37084708068167,38.88686566227006,53.6779324055666,-0.41866012721905577,-0.4194189037704832,41.17074418854139,35.513255811458606,0.03860741022400079,0.037042985926280046,0.03565158104809579,15746827.0,0.2884672298419329,0,0,-1,0,0,0.021880064829821584,-1.3328987958493326,0.5766680242206963,0.5880391714812157,0.0427879440258343,-0.060378273520853565,-1.0869049681533103,0.04283870967741927,0.0
2022-10-18,39.39,38.75,0.055026734078294295,0.030471888104283813,0.02458282786519124,0.22231039266948388,0.016381221183458628,38.565,38.267999999999994,39.413,1,18,10,38.55614761146682,38.919325942123606,51.11888111888113,-0.31132483309801273,-0.3978000896359891,40.888024909483114,35.64797509051687,0.032996002154353096,0.037244835418568094,0.03566643851105186,16239625.0,0.8564804066854133,0,0,-1,0,0,0.031483870967741905,-0.47091718160945595,0.5489339006911492,0.5912434328343686,0.027654578659013884,-0.036212380719353954,-0.9368716476906479,0.04925107895404919,0.0
2022-10-19,38.0,39.39,-0.015887359762319066,-0.030218306259384972,-0.024980047334167862,0.10215325450472205,-0.0359258172564287,38.35,38.1695,39.36466666666666,2,19,10,38.45502986392739,38.86001459101886,47.87164374590701,-0.3345655589792713,-0.38515318350464556,40.66528571111098,35.673714288889016,0.03467488315336667,0.037750289128062574,0.035733932233215665,15693825.0,-0.13582896900595476,0,0,-1,0,0,-0.0012693577050011972,-0.07286636274739529,0.6237308007365693,0.5992672617218335,-0.01221731219131783,-0.049286965223917956,-0.11306568451115832,0.044342105263157766,0.0
2022-10-20,38.29,38.0,-0.03808257104720972,0.0007603599403211582,-0.0013252056007786622,-0.4333456016526039,0.007602605762817386,38.18300000000001,38.230000000000004,39.245999999999995,3,20,10,38.42502443412241,38.82323945611442,54.40229062276306,-0.3258274888408934,-0.3732880445718952,40.67268187385062,35.78731812614939,0.034902841547798304,0.03393655129002009,0.03384881212465285,16047687.0,0.04912633171131027,0,0,-1,0,0,-0.0034210526315790147,-1.6610041750985096,0.6191972637841853,0.5387260504114882,-0.015934207144692847,0.032632146709816734,-0.028438943791971715,0.04609558631496476,0.0
2022-10-21,38.58,38.29,0.016758705913114118,-0.00890704450813919,-0.006425586008063278,0.38003681587642685,0.007545241988379777,38.290000000000006,38.3445,39.096000000000004,4,21,10,38.45320180973652,38.80754658797801,52.63940520446097,-0.29213438558329585,-0.35705731277417535,40.612747410620294,36.0762525893797,0.028476254155293465,0.03349740724322471,0.03337324678843654,16565153.0,0.20764930571273085,0,0,-1,0,0,0.005745625489683961,-0.2135070640679002,0.46585871689876107,0.5317548547861578,0.04213938411669349,0.06310278313585016,-0.47710118567161386,0.042936754795230535,0.0
2022-10-24,38.22,38.58,0.0018160596507654655,-0.010535880577059807,-0.021408143563312325,0.29228240563393204,-0.009375068665456045,38.396,38.464,38.908,0,24,10,38.410801480693515,38.769640356495565,41.11986001749781,-0.29112543704148663,-0.34387093762763765,40.40229442117394,36.525705578826056,0.028476274401042025,0.03342015274537392,0.033146449369404384,15872017.0,-0.25176773696972143,0,0,-1,0,0,0.0,1.2499960996407777,0.3260501726116796,0.5305284776523115,-0.013677419354838793,0.06670387943064471,-1.2611754998514673,0.05337519623233907,0.0
2022-10-25,40.0,38.22,-0.00571875746234552,0.042731820377547546,0.045056267932002715,-0.21922847414952004,0.045520515301809436,38.563,38.582,38.855333333333334,1,25,10,38.699746666021966,38.84901839801198,49.4279176201373,-0.1450229794997142,-0.304101346002053,40.59498521447136,36.569014785528644,0.030472068506920923,0.03314024491954327,0.0331151391183607,16428701.0,1.4088528716515107,0,0,-1,0,0,0.003663003663003678,0.10944943951289894,0.4734518251468315,0.5260850786692994,0.015486164001015545,0.06269925611052063,0.31893810573366344,0.050999999999999976,0.0
2022-10-26,41.13,40.0,0.04186420409869889,0.05712403481115289,0.03496546240754223,0.3378703597945384,0.027858328128396517,38.82899999999999,38.684999999999995,38.824666666666666,2,26,10,39.14161090856342,38.996178501366046,54.16370106761566,0.06123989156007781,-0.23103309848962686,40.99240227597051,36.37759772402948,0.031358688102972446,0.032676013377574906,0.03347060596277155,17209149.0,2.119266350269692,0,0,-1,0,0,0.0,1.7579030202051917,0.3429909666740767,0.5187156314044975,0.08236842105263165,0.05272587663168671,0.5037380009591012,0.07415511791879399,0.0
2022-10-27,41.35,41.13,0.03295110013968598,-0.019475386865041914,0.014742895714205551,-0.6600758386528374,0.005334639227367625,39.073,38.82,38.79233333333333,3,27,10,39.54313619791552,39.14803795289082,66.24365482233505,0.23969382311336318,-0.13688771416902887,41.41659696323277,36.22340303676723,0.031325326088541126,0.0325152719608312,0.03346387297179053,17612494.0,1.948704428006528,0,0,-1,0,0,0.005105762217359612,-1.107018577033536,0.3469184354436085,0.5161639405199452,0.07991642726560455,0.06985769728331181,0.5657218476290129,0.0395405078597341,0.0
2022-10-28,44.01,41.35,0.002657327327681752,0.05664841757107495,0.02171464821849551,0.6842605463847999,0.06234445935329955,39.772,39.167500000000004,38.90166666666667,4,28,10,40.35529325283997,39.46171292367205,74.23920736022649,0.5889703356053815,0.008283895785853201,42.52197462354328,35.81302537645673,0.029548686251027047,0.03337007194006022,0.034691841662426205,18412047.0,2.88718833406165,0,0,-1,0,0,0.002418379685610675,1.721695203111914,0.4740352493779901,0.5297334695144041,0.14074650077760498,0.18753372908796528,0.016410456261646625,0.07259713701431494,0.0
2022-10-31,44.47,44.01,0.05354648384352521,0.011978872597778389,0.05075309996512288,-0.3224291520003155,0.010397923699605061,40.344,39.4975,39.00933333333333,0,31,10,41.10342175232361,39.78482821891902,72.87630402384504,0.8926032689184424,0.18514777041237107,43.54210329197677,35.45289670802323,0.027780661246143822,0.033238861452721515,0.034674656143236775,18991233.0,2.4588319996000014,0,0,-1,0,0,-0.006362190411270192,0.22336816704424176,0.3921575519640454,0.5276505676009934,0.163526949241235,0.17428043306047014,0.4226972084252961,0.0356420058466382,0.0
2022-11-01,43.89,44.47,0.038578455198658684,0.023100796252966793,0.00838555255461945,-0.13641594611985577,-0.013128300822462404,40.794,39.679500000000004,39.11,1,1,11,41.61007234281023,40.04967801124682,69.55266955266958,1.0740523959424308,0.362928695518383,44.16971614765116,35.18928385234885,0.029050964212537028,0.030973385451359223,0.034731438727278165,18485905.0,1.8754108317046265,0,0,-1,0,0,0.022037328536091836,-0.2831926752395798,0.4646100461017417,0.4916872509962555,0.09725000000000006,0.09043478260869575,0.9501193572457844,0.05172020961494637,0.0
2022-11-02,40.24,43.89,-0.039722489186838315,-0.05131618789838578,-0.08370991325024772,0.45889012226437637,-0.08682497790865887,41.018,39.684000000000005,39.119,2,2,11,41.360968280481096,40.061956849230896,53.895723491505585,0.9128053883863743,0.4729040340919813,44.17638138700527,35.19161861299474,0.03960121291559416,0.036696212291637095,0.03789765986206319,17686316.0,0.24753018593136003,0,0,-1,0,0,-0.004784688995215331,1.6468627228940387,0.8441330186540397,0.5825343106902203,-0.02163870654023825,0.0022415940224160824,-0.555923706312337,0.08648111332007945,0.0
2022-11-03,38.92,40.24,-0.10236338354711377,-0.1000834585569824,-0.04424825546434177,0.3130757446600313,-0.03335326847367948,41.080999999999996,39.632,39.18033333333334,3,3,11,40.917155865848166,39.988282213796644,55.75757575757575,0.6707707769007314,0.5124773826537313,44.13499362412861,35.129006375871384,0.04148789238525059,0.03744650578563483,0.03589917659264844,16592778.0,-0.31623406979075036,0,0,-1,0,0,-0.02012922465208753,2.6950726620748204,0.8629912031979973,0.5944448506627869,-0.05876662636033858,-0.026026026026025995,0.1184821650718097,0.027235354573484128,0.0
2022-11-04,39.19,38.92,0.05477442072331593,0.07575135789745183,-0.017574222799236133,0.47219890098914097,0.00691335489373561,41.141999999999996,39.716,39.277,4,4,11,40.60312752660304,39.93678013548719,51.4627659574468,0.49503687015955933,0.508989280154897,44.11377168455449,35.31822831544551,0.04147959253394782,0.03463077066811607,0.03562968260091135,18346284.0,-0.23921205452633174,0,0,-1,0,0,0.07014388489208624,3.460774266095019,0.6059290543173994,0.5497464413900716,-0.10952056350829353,0.0447880565182619,-1.2383034869698506,0.12350089308497075,0.0
2022-11-07,40.36,39.19,-0.04618850939325229,-0.028070349195814928,0.029977482582655913,-0.10183186232261193,0.029417583273868182,41.356,39.876000000000005,39.428000000000004,0,7,11,40.55892252176612,39.964084642875115,53.114964675658314,0.44504549741179744,0.4962005236062771,44.1120975089413,35.63990249105871,0.04209923546849747,0.03501649038171691,0.03582249932203684,19930018.0,0.2285122091634563,0,0,-1,0,0,0.014799693799438771,2.3487667435103385,0.6828253714297975,0.5558695520178489,-0.09242185743197662,0.08611410118406893,-0.7584819177817429,0.0621902874132806,0.0
2022-11-08,41.04,40.36,0.017448099668174802,0.02126800217432908,0.01604925545327945,-0.5962295521644733,0.016708005377105907,41.46,40.0115,39.541333333333334,1,8,11,40.64639115417228,40.03349853688317,60.228802153432035,0.45505173816598443,0.4879707665182186,44.212603990243224,35.81039600975677,0.03993131001515323,0.034578045352522215,0.03484858883773522,20802473.0,0.48963320231473545,0,0,-1,0,0,0.0027254707631317997,0.39265972758842294,0.7291238906414514,0.5489094529529192,-0.06493506493506496,0.07070180015653538,-1.090013556807695,0.06751949317738794,0.0
2022-11-09,37.66,41.04,-0.002474024022924746,-0.04766894889078377,-0.0666129482519814,0.4293354333618228,-0.08594867763350775,41.113,39.971,39.49433333333334,2,9,11,40.10341094432277,39.880369599019744,48.24512534818941,0.18807598105697565,0.42799180942597004,44.249577727284674,35.69242227271532,0.04695426914986701,0.03960623508325909,0.03756028081052317,19462176.0,-1.080265521536586,0,0,-1,0,0,-0.01632553606237821,1.471476331098659,0.7242197651164491,0.6287294903871907,-0.06411530815109356,-0.021055367819079907,-1.0776385561351736,0.08895379713223565,0.0
2022-11-10,37.66,37.66,-0.0087076057092619,0.004941942353506592,0.01021239727513477,0.029267627453405158,0.0,40.744,39.9085,39.46133333333333,3,10,11,39.65915440899135,39.737119947470084,47.39524348810872,-0.02323637543648971,0.3377461724534781,44.28767211594247,35.52932788405752,0.04681861877900469,0.039510236000817794,0.03751069151873191,19462176.0,-1.0269064291007355,0,0,-1,0,0,0.06266595857673943,1.3964599800445783,0.7028522156158358,0.6272055521978104,-0.03237410071942459,-0.0321254176304292,-1.8763129977633648,0.08417419012214557,0.0
2022-11-11,38.0,37.66,-0.056012584971909786,-0.026981401919797803,0.005599268061758774,-0.2990098758660795,0.008987636497379587,40.143,39.957499999999996,39.492666666666665,4,11,11,39.357489970992916,39.625047692794595,49.3764172335601,-0.16140718037654267,0.23791550188747396,44.22098942830384,35.694010571696154,0.040066528710538445,0.037917648034071536,0.036731672464332725,20485595.0,-0.9182619227362576,0,0,-1,0,0,0.004779607010090463,0.48364608427013145,0.7053809756395679,0.6019240019917828,-0.030364889002296502,0.026472177201512626,-1.8976379698827928,0.049473684210526385,0.0
2022-11-14,36.83,38.0,0.00026423569978017487,-0.024091375289219702,-0.027768329519525424,-0.3548846546581171,-0.0312734292694119,39.379,39.8615,39.458,0,14,11,38.89794633990329,39.44472203519494,40.69289489136817,-0.36115459529679583,0.11810148245062001,44.32140925090537,35.40159074909463,0.0394071290631195,0.0370573235468833,0.03698222429852239,19767918.0,-1.3594447014295648,0,0,-1,0,0,-0.003947368421052594,-0.30328594164765704,0.6435076948820724,0.5882667741522672,-0.08746283448959369,-0.04954838709677423,-1.323138035887932,0.05348900352973117,0.0
2022-11-15,37.41,36.83,-0.0033079752295451367,-0.007028533424584846,0.01600034134644112,-0.029501089921392932,0.015625317903080815,38.731,39.7625,39.36333333333333,1,15,11,38.627410641739054,39.31344964582753,38.713592233009685,-0.46726832954717423,0.0010275200510611593,44.35248394676654,35.172516053233466,0.04083137554987418,0.03703765691878009,0.0351661140602563,20464732.0,-1.0250580513063672,0,0,-1,0,0,0.024300841705131773,-0.3870409564054782,0.6398494986889607,0.5879545761097376,-0.08845029239766089,-0.05026656511805039,-1.3425934773577795,0.02967121090617481,0.0
2022-11-16,34.36,37.41,-0.015628448729352925,-0.024594655005927245,-0.09002420213666835,0.19749237585197857,-0.0850449512440001,38.142999999999994,39.5805,39.17033333333334,2,16,11,37.8515177977865,38.993872249322536,31.900569653029507,-0.78838571872285,-0.1568551277037211,44.72045484313523,34.44054515686477,0.04053086683846378,0.04051129795472084,0.03805926229427182,19615773.0,-2.031340803303883,0,0,-1,0,0,-0.0072173215717721475,-0.04114716939684693,0.6345707755342469,0.6430969180597856,-0.08762612851832174,-0.09578947368421054,-1.330069292215798,0.09837019790454024,0.0
2022-11-17,33.42,34.36,-0.10225399544642255,-0.09338432461111058,-0.0393266946301736,-0.13148341739552266,-0.027738573948806945,37.593,39.337,38.95233333333333,3,17,11,37.045787289098044,38.63426758807592,19.89766913018761,-1.1059747191457063,-0.3466790459921182,45.15152663593484,33.52247336406516,0.04029961014701122,0.04072737306547228,0.03828828285531863,18871411.0,-2.0352473625047507,0,0,-1,0,0,-0.024155995343422536,-0.3775364423653659,0.6164807983214429,0.6465270041051399,-0.11258629845990431,-0.12718725515800466,-0.7853221842455095,0.04069419509275902,0.0
2022-11-18,33.92,33.42,0.02706843698153047,0.02773067949958443,0.03150697436808188,-0.13581360769707904,0.014850287756454613,37.066,39.104,38.83266666666667,4,18,11,36.47746232744385,38.33012129207103,20.079410096426543,-1.302308269686165,-0.5378048907309276,45.399804450918595,32.808195549081404,0.04084696351708143,0.040889859101421115,0.03694371487101918,19521243.0,-1.6468109962480248,0,0,-1,0,0,0.030819868342310028,-0.6603087652292653,0.6369853756084103,0.6491063899609878,-0.10736842105263156,-0.12078797304302735,-0.7190627544818958,0.03747641509433963,0.0
2022-11-21,34.03,33.92,-0.02856075183839314,-0.022161267477786867,-0.020847516045299302,-0.058065122367402494,0.0032376775891120326,36.433,38.8945,38.72833333333333,0,21,11,36.03246917699951,38.05269411193741,21.27039627039626,-1.4325148033610375,-0.7167468732569497,45.580899314240035,32.208100685759966,0.03850396340347652,0.0409261567338089,0.03693690823168477,20134417.0,-1.455043221735222,0,0,-1,0,0,-0.012971698113207688,-0.7441793191526969,0.65234019302835,0.6496825970118589,-0.07602497963616606,-0.10962846677132387,-1.4085091317633256,0.035263003232442046,0.0
2022-11-22,33.91,34.03,0.015412278994886999,0.017869206347089536,0.010996570855311924,-0.1498612216532258,-0.0035325323752672206,35.72,38.589999999999996,38.581,1,22,11,35.646565690272325,37.78542352407049,26.779163609684502,-1.5277761638942167,-0.8789527313844031,45.61074220098043,31.569257799019557,0.037072111412605344,0.03909749569828653,0.03638306402436011,19606580.0,-1.3331923793887328,0,0,-1,0,0,-0.0008815750808110824,-0.9683702269383282,0.6079717062493705,0.6206535030185026,-0.09355787222667733,-0.1522500000000001,-1.4387220092849284,0.042813329401356494,0.0
2022-11-23,34.32,33.91,-0.0005884083723755559,-0.005666846922272256,0.014427259984575586,-0.4810530696873319,0.012018318482214446,35.386,38.2495,38.44266666666667,2,23,11,35.40537192840463,37.561847812840135,31.918238993710688,-1.5522940256920776,-1.013620990245938,45.4107097625439,31.088290237456093,0.030348291478779973,0.0384824283131802,0.03647214866511541,19932853.0,-1.097440273444554,0,0,-1,0,0,0.0020642878207018664,-1.3770888369020216,0.26814900936715247,0.610889610975274,-0.0011641443538998875,-0.16557257476294684,-1.2937262892019243,0.022435897435897526,0.0
2022-11-25,34.38,34.32,0.009664740626572592,0.0017311025673275135,-0.0022174597008513906,-0.1625299272052939,0.0017467253349418002,35.058,37.900999999999996,38.291666666666664,4,25,11,35.21894066869469,37.356567308785934,30.77537969624305,-1.5490268914802385,-1.1207021704927982,45.105162247215624,30.696837752784365,0.03040967497671743,0.03842365865621001,0.036381393856358066,20210182.0,-0.9774904781915041,0,0,-1,0,0,-0.0002913752913752334,-1.453894796284794,0.12125796128912888,0.6099566715933956,0.02872531418312385,-0.16856106408706162,0.1786010568895754,0.026323443862710908,0.0
2022-11-28,36.92,34.38,0.027879374268232122,0.06392576497732053,0.04329931413445276,1.2663339678277818,0.07127840967994817,34.95,37.546499999999995,38.28833333333333,0,28,11,35.52822418347748,37.32840167596104,37.60806916426514,-1.3261933602147664,-1.161800408437192,44.15835307252272,30.934646927477267,0.0399990951009501,0.03942241758911559,0.037979936290121516,21194096.0,-0.18950814336863492,0,0,-1,0,0,0.026178010471204147,0.2957092721494837,0.5083232180088907,0.6258114781304301,0.08844339622641506,-0.1610997500568052,2.0699601796495566,0.04604550379198255,0.0
2022-11-29,36.6,36.92,0.04027762869298537,0.00552822819628495,0.023807314020958373,-0.06519394219449129,-0.0087051692273309,34.927,37.153,38.21666666666667,1,29,11,35.723092513754295,37.281408019447426,33.579881656804744,-1.1620224356026227,-1.1618448138702782,42.91161862090636,31.394381379093637,0.038834124883236405,0.0391827863855032,0.036994554894412814,20272281.0,-0.19205994923586706,0,0,-1,0,0,-0.0051462621885158405,0.09863006783555352,0.5356476004188178,0.6220074507036534,0.07552159858947993,-0.17697324038677753,1.960079242393318,0.028825136612021848,0.0
2022-11-30,36.63,36.6,0.0027188706253981326,-0.0017495462372638592,-0.046454118210799346,0.15193815310561,0.0008193363834024275,34.849000000000004,36.79,38.12466666666667,2,30,11,35.887984783980784,37.23938169561211,44.93608652900692,-1.0177629085064694,-1.1330284327975164,41.59720949802396,31.982790501976037,0.038449034449460906,0.03922906479118083,0.036845642428386005,21345355.0,-0.06656668492012496,0,0,-1,0,0,0.006284153005464395,0.41966908471936754,0.5269419883729718,0.6227420976186268,0.0802123267472723,-0.16541353383458646,1.968344639489878,0.07179907179907168,0.0
2022-12-01,36.76,36.63,0.0013566682314192435,0.0032275444908665646,0.040067868545483484,-0.21744168611046763,0.0035427206967630865,35.089000000000006,36.616,38.083333333333336,3,1,12,36.04653300507518,37.2084538442823,45.63106796116506,-0.8827702544168119,-1.0829767971213755,41.14106190710746,32.090938092892536,0.026226999985639276,0.03508723530446801,0.036304998458202876,22208723.0,0.06364553809697901,0,0,-1,0,0,0.006825006825006825,-0.13315269460464035,0.5343452557032309,0.5569925928505681,0.07109557109557096,-0.08648111332007957,2.121377496745878,0.036452665941240574,0.0
2022-12-02,34.69,36.76,-0.026375155254394208,-0.024326809472267646,-0.05967312477262933,0.14788079207936874,-0.05795883650582799,35.216,36.4045,37.96333333333334,4,2,12,35.799890640516054,37.0459729511028,36.24272651704072,-0.9320749242392594,-1.0527964225449522,40.87117885570446,31.93782114429554,0.03151549214104703,0.036472280431860495,0.03766529038363199,21207756.0,-0.7676844722384234,0,0,-1,0,0,-0.022850924918389453,0.2377457257484382,0.7395886046216968,0.5789795026206619,0.009016870273414579,-0.10868448098663941,0.6380899977659324,0.07277601614298068,0.0
2022-12-05,34.07,34.69,-0.04498338796466938,-0.051807505826686674,-0.041610291093681,0.3150427586064133,-0.018034229308783085,35.231,36.1485,37.812999999999995,0,5,12,35.48536506951313,36.85397469619294,37.979094076655066,-1.0095406920575343,-1.0441452764474686,40.52904202365986,31.76795797634013,0.03197434813172435,0.03646353785109909,0.03771504526715577,19836113.0,-0.948969323327458,0,0,-1,0,0,-0.010089362928797762,1.3881601554691476,0.3845164630213034,0.5788407184535925,-0.07719393282773568,-0.13064557285021683,-1.6132761211428572,0.060698561784561136,0.0
2022-12-06,31.98,34.07,-0.012306044545627207,-0.016360283105206798,-0.022821791077666787,-0.05176986303787398,-0.06330652426706698,35.026,35.729499999999994,37.605,1,6,12,34.848025965965284,36.5395247157934,29.09930715935336,-1.2254521546837296,-1.0804066520947209,40.01600010590136,31.442999894098627,0.03749420641018796,0.037390694906289726,0.03916310511523611,18533673.0,-1.749445891690488,0,0,-1,0,0,-0.004402700322864649,1.3237211267322386,0.49096985524251213,0.5935588804195929,-0.1262295081967213,-0.20763131813676905,-0.3339504345284576,0.07004377736085059,0.0
2022-12-07,32.26,31.98,-0.13117567893206364,-0.0495120741682983,-0.08075251487239048,0.9373824146554438,0.008717365291254508,34.861000000000004,35.290499999999994,37.346999999999994,2,7,12,34.37747579033523,36.263426347032535,39.72602739726027,-1.3583121079699723,-1.1359877432697711,39.053435444289825,31.527564555710164,0.037768498638271204,0.037117479189323885,0.03803250434508148,21859179.0,-1.6107105980777385,0,0,-1,0,0,-0.06973108192620389,3.6634211274290682,0.5208402602716656,0.589221715371398,-0.11930111930111942,-0.21393762183235876,-0.2501162651176261,0.09485430874147559,0.0
2022-12-08,32.58,32.26,0.0856378851618172,0.023552090319083566,0.06933469340106417,-1.0402141306560775,0.009870530476836266,34.687,35.036500000000004,37.062000000000005,3,8,12,34.05066201027428,36.025785937546566,45.62499999999998,-1.4213982581746336,-1.1930698462507436,38.81177844912388,31.26122155087613,0.037669680118175314,0.033364796190403716,0.03760091948761112,23034343.0,-1.3013609634913592,0,0,-1,0,0,0.004649721016738952,0.29141200558212454,0.5440130361795736,0.529649719584981,-0.11371055495103377,-0.13489113117365903,-0.21000866123210274,0.05310006138735411,0.0
2022-12-09,31.4,32.58,-0.006500564603093205,-0.014309880354262753,-0.020625932626198704,-0.0459473720378595,-0.03689071025969141,34.388999999999996,34.7235,36.730333333333334,4,9,12,33.56872346295168,35.72734813512421,37.743190661478586,-1.5487575125153228,-1.2642073795036595,38.61904279712196,30.827957202878036,0.038858640360068725,0.03396057987127449,0.0378933214893324,21911953.0,-1.706309068125454,0,0,-1,0,0,-0.011663597298956276,0.23033020574626642,0.48259982033641136,0.5391074923136293,-0.09484001153070043,-0.16622411046202867,-0.4679472640965067,0.06050955414012735,0.0
2022-12-12,31.21,31.4,-0.02388548498935685,-0.02208194790590086,0.011709102614723015,-0.26507698108799127,-0.006069336631519564,33.818,34.384,36.303666666666665,0,12,12,33.13986465150592,35.43590631995491,36.38996138996139,-1.6460474409871964,-1.3405753918003669,38.260690938361925,30.50730906163808,0.026235446841435524,0.03371762219224249,0.03532522965631362,21050915.0,-1.6374789997271015,0,0,-1,0,0,0.0012738853503185574,-0.17433891579512603,0.49208720754741214,0.5352506587266366,-0.08394481948928678,-0.17868421052631578,-0.7908120692268518,0.026469080422941372,0.0
2022-12-13,31.77,31.21,0.043261763952495334,0.035484524402368274,0.019861502668675736,-0.07398201405686611,0.017783891998736697,33.335,34.131,35.88033333333333,1,13,12,32.890798351232114,35.19939623479653,40.092592592592595,-1.6588410038527783,-1.4042285142108493,37.99599485939588,30.266005140604126,0.028363599079284714,0.03383957223962606,0.03550644256558882,21850551.0,-1.2217351307779183,0,0,-1,0,0,0.05190644024351161,-0.2796250704325157,0.34037878143164724,0.5371865557131335,-0.0065666041275798115,-0.13738799891392883,-1.43983501459116,0.0426502990242366,0.0
2022-12-14,31.23,31.77,-0.0375528997321753,-0.037298205321512935,-0.03450554950659197,0.07240360285649357,-0.01714327698643754,32.795,33.822,35.458333333333336,2,14,12,32.58883501464445,34.94330615513224,35.86459286367794,-1.6930372026351819,-1.461990251895716,37.569580833719534,30.074419166280467,0.02790743328969726,0.0334809077939578,0.035523453840657,20990871.0,-1.3832923771399483,0,0,-1,0,0,-0.004721435316336122,-0.1973944752453393,0.3423523664922834,0.5314929341489791,-0.031928084314940985,-0.16519647153167594,-0.3986458596177934,0.03906500160102462,0.0
2022-12-15,30.57,31.23,-0.02497728308619721,-0.018703984793771763,-0.00425462922937437,0.02023292740806821,-0.021360035392244032,32.176,33.6325,35.135999999999996,3,15,12,32.22177410289092,34.66115737093016,33.4778837814397,-1.7531847976625912,-1.520229161049091,37.63982421553585,29.62517578446415,0.027119508608385186,0.02896112810412399,0.03286326153355256,20113620.0,-1.5284513232680825,0,0,-1,0,0,-0.01248799231508167,-0.17149052435459716,0.3200293910784305,0.4597436559083737,-0.06169429097605883,-0.11030267753201395,0.7303795086302772,0.02486097481190715,0.0
2022-12-16,31.83,30.57,-0.017994923655982854,0.027770796945356765,-0.009225765601582676,0.7093749924149693,0.04039010539125828,31.889999999999997,33.553,34.89966666666667,4,16,12,32.15054244781984,34.478502056676604,25.17073170731703,-1.679816847354573,-1.5521466983101875,37.640362294477306,29.46563770552269,0.029237488419053017,0.030258519852797486,0.03374923314014091,21896826.0,-0.8430865070747718,0,0,-1,0,0,-0.00915930650965002,1.1615626941264834,0.41608592964274244,0.4803391114284774,0.013694267515923508,-0.047576301615799066,0.842145620610885,0.06032045240339308,0.0
2022-12-19,31.31,31.83,0.034715570443061144,-0.011267724846342381,0.016252512382781893,-0.7335625464818794,-0.01647170595568715,31.613999999999997,33.4225,34.63699999999999,0,19,12,31.99771654821623,34.27408256914909,24.688995215310953,-1.6446731045508045,-1.570651979558311,37.625550896920515,29.219449103079484,0.029184893850073484,0.03014428797881041,0.03370619708541308,21040539.0,-1.005222183508548,0,0,-1,0,0,-0.014765944077913883,-0.2972375943893768,0.4361012066493385,0.47852573664627734,0.003204101249599356,-0.07694575471698117,0.9763944415436339,0.034014691791759866,0.0
2022-12-20,31.47,31.31,-0.0006379585543322953,0.012511892969510368,0.010206649967030303,0.003178455424670629,0.005097175738001281,31.563,33.2945,34.34066666666667,1,20,12,31.901768084904187,34.093174016300765,25.61436672967858,-1.5856325869176473,-1.5736481010301784,37.57486631486989,29.01413368513011,0.022493808796859326,0.03016936343268252,0.03307267199323293,21899552.0,-0.8524971302861305,0,0,-1,0,0,0.0009581603321622849,-0.31539724744274505,0.413508242343236,0.4789237971360234,-0.009442870632672351,-0.07522774022920964,1.5257810221146744,0.03654273911661907,0.0
2022-12-21,31.5,31.47,0.015199785981765966,-0.0003108969401695165,0.00914567144888101,0.09526541283780897,0.0009528347552718458,31.487000000000002,33.174,34.022666666666666,2,21,12,31.828719342194333,33.92587246686201,24.90458015267174,-1.5189127216846288,-1.5627010251610685,37.516647264418,28.831352735582,0.02223706696512461,0.030185557629035763,0.03279161644648426,22844424.0,-0.7709583109437044,0,0,-1,0,0,0.01112170320940583,-0.2165534050375216,0.3904711980370138,0.47918087203342274,0.008645533141210304,-0.07107048068416388,1.1779546650737829,0.027142857142857045,0.0
2022-12-22,30.98,31.5,-0.015518917945540483,-0.0242340734569033,-0.031307559303413605,-0.6469018911399769,-0.01664571084286477,31.326999999999998,33.007,33.8,3,22,12,31.674406734522634,33.73581617867737,29.227323628219466,-1.4908112577934034,-1.5483230716875354,37.420396352971295,28.593603647028697,0.022212422830299047,0.030097981025699504,0.029720006881466497,22349627.0,-0.9185669438618755,0,0,-1,0,0,-0.005396825396825451,-0.9706414657201552,0.37427995187225105,0.4777906365548498,0.013411841674844549,-0.09731934731934733,1.3325541027179442,0.033889606197546836,0.0
2022-12-23,30.8,30.98,-0.01446737980752489,-0.014439525708942101,-0.0024783405502095558,-0.46110272383605483,-0.005827145009193825,31.267000000000003,32.828,33.571333333333335,4,23,12,31.515423691882155,33.54640868327883,30.74204946996464,-1.4661641136302634,-1.531891280076081,37.29697421410275,28.35902578589726,0.019327832709392104,0.030060483499278225,0.029698105664713984,22037614.0,-0.9075908263691667,0,0,-1,0,0,-0.0032278889606198007,-1.277704459650987,0.15629405441167768,0.4771953817767052,-0.0323594093622368,-0.10413030831879,0.02027599710375843,0.021915584415584437,0.0
2022-12-27,30.77,30.8,-0.00421873090404856,0.007662872745569097,-0.0067965450188222,0.3113123296615528,-0.0009745006455783114,31.222999999999995,32.520500000000006,33.330333333333336,1,27,12,31.37989211153994,33.36728554242213,40.59097978227059,-1.4325384124924234,-1.5120207065593496,36.636335785174865,28.40466421482515,0.019269225449637845,0.023702910183451772,0.029576572349482442,21611649.0,-0.850617027193002,0,0,-1,0,0,-0.0016233766233766465,-1.0151521101105923,0.13159487947354473,0.3762720341634826,-0.017246885978920434,-0.16657638136511377,-1.1083723244869117,0.03633409164770888,0.0
2022-12-28,30.42,30.77,0.0022738356394427436,-0.003791900169948291,-0.000998502329589438,0.044947801944958246,-0.011439902502803587,31.088,32.2115,33.11666666666667,2,28,12,31.205366273078134,33.17713808807232,35.846153846153854,-1.4177884937947702,-1.4931742640064338,35.94824936133981,28.47475063866019,0.018226054943906674,0.02370985538848908,0.029239130761920657,21166101.0,-0.9588547835371317,0,0,-1,0,0,0.0016249593760156228,-0.9244482989596046,0.11507398156433274,0.376382285875481,-0.03336510962821726,-0.16885245901639345,-0.4178338808474047,0.03385930309007224,0.0
2022-12-29,31.32,30.42,0.0032393938272514723,0.015177222395073683,0.01356065099824627,0.10307060015654254,0.029156584291455487,31.096999999999998,31.946000000000005,32.91366666666667,3,29,12,31.22620876888211,33.05732272755153,41.10169491525424,-1.3182802840596324,-1.4581954680170734,35.064281578049034,28.827718421950976,0.020409847737745252,0.025160757789961845,0.02969853634102253,21660022.0,-0.4015031897098049,0,0,-1,0,0,0.01643655489809336,-0.7897784327620792,0.28692479066113935,0.399414647461021,-0.005714285714285672,-0.144963144963145,1.673697252837793,0.03496168582375475,0.0
2022-12-30,31.15,31.32,0.004195584660266615,-0.003732977608451929,0.0050790639210187795,-0.2662889792625033,-0.005442625889140211,31.155,31.6655,32.806666666666665,4,30,12,31.212352629085363,32.93426964835466,47.94069192751235,-1.2388561278960957,-1.4143275999928782,33.82117280985729,29.509827190142712,0.019126396420471387,0.025033121023644373,0.025997853210589544,21281571.0,-0.47827295278092813,0,0,-1,0,0,-0.0086206896551724,-0.9094294159939074,0.2586223143923404,0.39738847661007404,0.0054874112330536295,-0.1526115342763874,1.9501393866163652,0.026404494382022522,0.0
2023-01-03,30.59,31.15,0.01438873745209967,0.018370840292563913,-0.02465175707589269,0.5770233195401366,-0.018141087070650038,31.031,31.460500000000003,32.71233333333333,1,3,1,31.099197605615295,32.783026445235,45.1863354037267,-1.2071835710398062,-1.3728987942022637,33.13013563626769,29.79086436373232,0.014174536273561937,0.02247136304653886,0.02574926015219361,20607652.0,-1.042742477569449,0,0,-1,0,0,0.011235955056179822,-0.4391499991104498,0.29170847016077,0.3567218294507315,-0.006818181818181834,-0.1181896800230613,1.5755002048657647,0.07028440666884599,0.0
2023-01-04,31.13,30.59,-0.02247285585205863,-0.02115979783562624,0.01759965732901573,-0.31361343458186963,0.017498826290704688,31.012999999999998,31.313500000000005,32.61933333333334,2,4,1,31.104798040957967,32.67637957780049,45.01557632398754,-1.1255348889325703,-1.323426013148325,32.44757091581859,30.17942908418142,0.01491064285370009,0.022885989786092416,0.025817253179945942,21100153.0,-0.3236129195105114,0,0,-1,0,0,0.006864988558352431,-0.6433906522423765,0.3212319442876445,0.36330382488938906,0.011699707507312196,-0.086292926328148,0.5850647617301131,0.030517185994217773,0.0
2023-01-05,28.75,31.13,-0.024652028998312193,-0.03640310956551961,-0.06633957150471838,0.5951819109018293,-0.07953421721015737,30.740999999999996,31.152000000000005,32.443333333333335,3,5,1,30.67665294260197,32.42306476632949,34.987893462469714,-1.2385960651855044,-1.306460023555761,32.72243205587052,29.58156794412949,0.02804144258645603,0.02501974107731689,0.029094477510420134,20207071.0,-3.059030782033467,0,0,-1,0,0,-0.034693221972373865,-0.015984604745087595,0.6560112882409307,0.39717607654684656,-0.054898093359631916,-0.10100062539086929,-1.1805780977765281,0.06191304347826091,0.0
2023-01-06,28.16,28.75,-0.0328120083158981,-0.03400428612434457,-0.014169560486211435,0.5009243689489621,-0.02073523595351777,30.407,30.947000000000003,32.25166666666667,4,6,1,30.2190796803107,32.148028329792105,35.28693528693526,-1.360127231022581,-1.317193465049125,32.925761973398764,28.968238026601238,0.028048000939791682,0.0250286637920854,0.02922609155302658,18733266.0,-2.816912834860063,0,0,-1,0,0,0.011478260869565158,1.760807842934797,0.5510515062549376,0.3973177202526288,-0.10089399744572158,-0.12709237445753252,-1.1509601766609803,0.041548295454545386,0.0
2023-01-09,29.78,28.16,0.03114672899683672,0.04650444888857609,0.04567640753813871,-0.45697251501132,0.055934495966021354,30.287,30.807,32.10033333333333,0,9,1,30.139247011163295,31.995252308515198,38.01169590643276,-1.3106131617379866,-1.3158774043868975,32.693339814226874,28.920660185773126,0.03522221059162632,0.02866881150749718,0.03128764459626768,19666476.0,-1.088881220927757,0,0,-1,0,0,0.06534090909090909,0.3647967919921486,0.789518110453221,0.4551032737957457,-0.04398073836276073,-0.08594229588704716,-0.09083725693608909,0.04197447951645399,0.0
2023-01-10,30.48,29.78,0.0016652793190612488,0.0,0.008484693697282551,-0.3988518614054198,0.023233703562582655,30.255000000000003,30.761000000000003,31.970333333333333,1,10,1,30.201202100042696,31.897494095062605,45.2462772050401,-1.2010438691447796,-1.292910697338474,32.631253571324834,28.890746428675172,0.036203544333260965,0.028253560942078915,0.03168102921847526,20292744.0,-0.30049401247869334,0,0,-1,0,0,0.009066487575554049,-0.4092317546605043,0.8109747004765693,0.4485113754284916,-0.0035959463877084374,-0.029299363057324834,-0.8043037245001766,0.03280839895013123,0.0
2023-01-11,32.65,30.48,0.016502024636387728,0.0812741265994864,0.029306126585499272,0.6177382309780295,0.06877412490399457,30.443,30.833,31.828,2,11,1,30.646438081853113,31.946042863123083,55.493482309124765,-0.9284064590601346,-1.2200098496828062,32.878679400719214,28.787320599280783,0.04269717564422188,0.03250194558130452,0.03145776463192692,21454301.0,1.7764269409577893,0,0,-1,0,0,0.002296587926509196,1.0023075275948574,0.9586141538945607,0.5159523908033186,0.04882749759074856,0.04613905799423246,-0.7220524746712041,0.08300153139356818,0.0
2023-01-12,33.06,32.65,0.06770453511851472,-0.003018414606807862,0.036607546940500044,-0.46587718761120717,0.012479236670438135,30.707,30.8975,31.71,3,12,1,31.085267521516183,32.01791106550224,57.01438848920865,-0.6715149672951206,-1.110310873205269,33.139499812197876,28.655500187802122,0.04223528380918429,0.032391646440884714,0.03157850296845646,22183276.0,1.9290813391104251,0,0,-1,0,0,0.001225114854517585,-0.15265989786520254,0.5804006732264612,0.5142014462310684,0.14991304347826095,0.04060434372049104,-0.2161850856604318,0.04458257713248629,0.0
2023-01-13,33.28,33.06,0.009438340730360996,0.02478108598205662,0.03065535291135276,-0.4176700174360406,0.006632523560129721,30.903000000000002,31.0,31.598333333333336,4,13,1,31.48430979033142,32.099336158050484,60.62846580406654,-0.4450442547465201,-0.9772575495135193,33.480738429963,28.519261570037006,0.041621379432340865,0.03207294686327806,0.0316201490112391,22663364.0,1.8381623571929848,0,0,-1,0,0,-0.0018148820326679453,-0.7596243779381732,0.45279013167790194,0.5091422472793372,0.18181818181818188,0.06564201088696775,0.5423394007593483,0.039663461538461335,0.0
2023-01-17,33.74,33.28,0.0024213086890103454,0.00029485478615513014,-0.010177420152407586,0.2829101192128095,0.013727461164814433,31.162,31.158500000000004,31.497666666666667,1,17,1,31.89443528299843,32.205185438176265,63.243243243243256,-0.22584304970420988,-0.8269746495516574,33.913478460131756,28.40352153986825,0.04143407604362237,0.03159898013990729,0.03174560569148585,23300434.0,1.874061839217823,0,0,-1,0,0,-0.00600961538461547,-0.31169575988419906,0.4163059053802505,0.5016182588007821,0.1329751511081263,0.10369643441282306,1.9535166525338195,0.04919976289270906,0.0
2023-01-18,33.53,33.74,0.02743165446067098,0.02934124789503822,0.036223713877174754,-0.06697282095122851,-0.006243516639685047,31.456,31.2435,31.459,2,18,1,32.191810686089624,32.2906573453907,62.2340425531915,-0.06828264062884415,-0.6752362477670948,34.184343237469285,28.302656762530717,0.040751284100785226,0.030533016694200294,0.030084177049978362,22704633.0,1.554996179917177,0,0,-1,0,0,0.007705986959098933,-0.34261644071327485,0.47487155070126086,0.48469661369662476,0.10006561679790038,0.0534087338988376,1.8273745651371902,0.04413957649865782,0.0
2023-01-19,33.29,33.53,-0.020202707317519466,-0.03584822146042452,-0.013847301333747434,-0.18600169436444466,-0.0071835088912036195,31.672000000000004,31.342499999999994,31.433,3,19,1,32.391481470436965,32.35513106504291,62.84691136974037,0.03679497492169759,-0.5328300032293363,34.42277254433252,28.26222745566747,0.04098625966646119,0.03029435900409785,0.029936442779300045,22209956.0,1.2644984961368189,0,0,-1,0,0,-0.006263048016701487,-0.6268764693186751,0.15988265836495222,0.48090804031771966,0.01960183767228174,0.06323858192270837,-0.3182081914442996,0.02132772604385704,0.0
2023-01-20,33.02,33.29,0.00985523879209471,-0.0007421150618885232,-0.014964395904798354,-0.0171266039455268,-0.008143613094951499,32.099000000000004,31.420000000000005,31.46766666666667,4,20,1,32.50575756672115,32.398025835040144,58.06451612903227,0.0971629645989438,-0.40683140966368025,34.59045572018985,28.24954427981016,0.029530706978206027,0.030401581394399108,0.027688918400477037,21723679.0,1.0093186224371495,0,0,-1,0,0,0.01081405827575847,-0.5923751368588571,0.15692523021175891,0.48261014299600985,-0.001209921355111887,0.049253257070225764,0.8766009198394721,0.03558449424591148,0.0
2023-01-23,33.53,33.02,-0.014970339458865244,0.011661509376447514,0.011016023273430129,0.4129832293681564,0.015327121986155245,32.636,31.521500000000003,31.51,0,23,1,32.69198346368094,32.47105642632788,60.937500000000014,0.18403631304009593,-0.288657865122925,34.82972436074896,28.21327563925104,0.026886951591390325,0.03052654695244906,0.027776684477120284,22458599.0,1.2142465449624376,0,0,-1,0,0,0.00393700787401561,0.305773127427864,0.19004184635404572,0.4845939097303013,0.0075120192307691624,0.06444444444444453,0.6048990998158037,0.03608708619147035,0.0
2023-01-24,32.78,33.53,0.009009069942366131,-0.005887564843194929,-0.009478743954543883,-0.3451389226411862,-0.022621987162453575,32.936,31.6115,31.516666666666666,1,24,1,32.7079864702844,32.4909882697906,59.89159891598917,0.1901731380234466,-0.19289166449365072,34.95544204810024,28.26755795189976,0.025652317252287834,0.030756664464293603,0.028069609843855467,21938186.0,0.6988757479597171,0,0,-1,0,0,-0.002385923053981458,-0.45566245228511515,0.21491513504270413,0.48824691198227105,-0.02845287492590398,0.0581020012911555,0.8008024452389017,0.04026845637583893,0.0
2023-01-25,33.25,32.78,-0.0199281957176807,-0.016672014624091867,-0.012050814895910589,-0.32229001033664173,0.014236193786179595,33.213,31.733999999999998,31.578333333333333,2,25,1,32.806534384778146,32.53995676851379,59.63636363636363,0.23030685403007567,-0.10825196078890545,35.13184080045891,28.336159199541083,0.025274345719699755,0.030773309065877885,0.027290719909035685,22315219.0,0.8923313886838075,0,0,-1,0,0,0.00030506406345326447,-0.9865574171283833,0.2570912196736387,0.48851113684105363,-0.008350730688935326,0.07954545454545459,-0.04872189134662352,0.03458345864661661,0.0
2023-01-26,33.45,33.25,0.02410481276764464,0.029870622414173147,0.03227502735853696,0.43823585138901405,0.005997019472374487,33.293,31.868000000000002,31.653000000000002,3,26,1,32.9235281330003,32.59866923506129,76.64399092970524,0.2750804850434747,-0.03158547162242942,35.31676850636954,28.419231493630466,0.012767400406636487,0.030750123389415546,0.02725275538360911,22899609.0,0.9174289298212983,0,0,-1,0,0,0.010225563909774539,-0.27727180591535694,0.25606260658773256,0.4881430756376647,0.0048062481225594755,0.08709782255443632,-0.8143825840947775,0.033034379671150874,0.0
2023-01-27,33.84,33.45,-0.012281118861903095,-0.0043802084925610735,-0.013183007801520914,0.031710088934603066,0.011591748163785151,33.371,32.039,31.721999999999998,4,27,1,33.0901593815457,32.67875509086379,82.94663573085849,0.3381358314494918,0.04235878899195482,35.52442166897009,28.553578331029907,0.012691693977757929,0.03054967476094561,0.0271553088990217,23502827.0,1.033447410988398,0,0,-1,0,0,-0.00807174887892386,-0.24119315403616637,0.24982598186852642,0.4849610523082121,0.024833434282253153,0.11242603550295871,-1.9564626741387923,0.04107565011820332,0.0
2023-01-30,33.75,33.84,0.0049605513219712185,-0.004693467108096485,0.0006099420744144107,-0.05648792222010193,-0.0026631174194837732,33.418,32.1605,31.805999999999997,0,30,1,33.21013040308284,32.74786766564677,77.99717912552889,0.3765052814091945,0.10918808747540276,35.70923127810636,28.61176872189364,0.012687140393643605,0.03007470581929418,0.026926226868160378,22932739.0,0.8958131092124703,0,0,-1,0,0,-0.014627659574468217,-0.38060613018843104,0.2348328858505512,0.4774211541076767,0.006561288398449161,0.07758620689655182,-1.3053841018556835,0.03585185185185188,0.0
2023-01-31,34.39,33.75,0.01650717830213503,0.03182854296578244,0.032248763809767086,0.1827897958990713,0.018785407125636113,33.483,32.322500000000005,31.933333333333337,1,31,1,33.42465214797687,32.853811687217956,77.80938833570411,0.4533302888544455,0.1780165277512113,35.97140106023283,28.673598939767185,0.013330819399510035,0.030159281190327573,0.026684126891428513,23617165.0,1.1332179008811365,0,0,-1,0,0,0.004444444444444402,-0.012178847650659269,0.13221742559984362,0.47876374650044895,0.04911531421598525,0.10401284109149289,-0.7249719571158595,0.035908694387903554,0.0
2023-02-01,35.21,34.39,0.01609398307326306,0.0070980957845562555,-0.00785363746285075,0.3663194720818612,0.023564308722786267,33.650999999999996,32.5535,32.046,2,1,2,33.74926084834471,33.005823836429705,72.53521126760563,0.5737677700283044,0.2571667762066299,36.32353853114466,28.783461468855332,0.014602576407089651,0.029902350845561095,0.026035439791779687,24604392.0,1.4092694162430375,0,0,-1,0,0,0.00174469322477471,1.0599662438398918,0.1662388864657109,0.4746851037213398,0.05894736842105264,0.15102974828375282,-0.2873432232986294,0.049701789264413515,0.0
2023-02-02,37.08,35.21,0.032274684778021485,0.04884403041954607,0.05442450722229571,0.3998461142785681,0.051747607530693164,34.03,32.851,32.23833333333333,3,2,2,34.35484978500931,33.26867391149876,78.15126050420166,0.8107627450787334,0.3678859699810506,37.061397655928964,28.640602344071038,0.0203388746332283,0.031543039682711424,0.027251657992824106,26076935.0,2.0088363834446095,0,0,-1,0,0,0.010508378301618786,2.3001946699581275,0.3263273216666888,0.500730231572977,0.10852017937219727,0.19113395438483782,0.9183898945443618,0.04423139158576062,0.0
2023-02-03,35.58,37.08,0.015339862921859833,-0.015744081993201313,-0.013900087469896311,-0.6322509167679587,-0.04129405845996534,34.286,33.192499999999995,32.37533333333333,4,3,2,34.57760436955307,33.41779172366013,63.65795724465556,0.8675449876956876,0.467817773523978,37.09936777220229,29.2856322277977,0.025608503202031712,0.027110188232528525,0.028542743098916117,25294434.0,1.2222067083955448,0,0,-1,0,0,-0.025620280474649294,0.11485377608694677,0.5518911470181807,0.4303608963565211,0.05141843971631199,0.23756521739130432,-0.5463819635563301,0.04356379988757721,0.0
2023-02-06,33.43,35.58,-0.02664580585013681,-0.02689750395809841,-0.05581477910639645,0.28586540966379437,-0.06232998180568178,34.275999999999996,33.456,32.43966666666667,0,6,2,34.36894902963433,33.41857935439174,48.46686449060335,0.7306359756412135,0.5203814139474251,36.56266109479194,30.349338905208064,0.03320205433993859,0.03077716588695956,0.030907286197384237,24252993.0,-0.0167382274452725,0,0,-1,0,0,-0.011242270938729584,1.1685158200982777,0.7543219481500548,0.4885723619776539,-0.009481481481481535,0.18714488636363624,-0.34859750530659156,0.07418486389470526,0.0
2023-02-07,32.01,33.43,-0.07923764997372035,-0.06712759220730358,-0.065546077897871,0.9011386996287285,-0.04340534645023559,34.199,33.5675,32.474000000000004,1,7,2,33.94004920606445,33.32770326701163,43.28621908127207,0.5017683909758404,0.5166588093531082,36.249729041595444,30.885270958404565,0.03526570909882866,0.03061184478964223,0.03180704801485919,21688543.0,-1.161347503025749,0,0,-1,0,0,-0.0278193239605145,3.5727033369480514,0.7776690932134164,0.4859479709178101,-0.06920616458272766,0.07488247145735372,0.6877281130927593,0.07091533895657617,0.0
2023-02-08,32.55,32.01,-0.005553855682797124,-0.013313358516884248,0.020434938414306974,-0.9010580454077326,0.01672901467280654,34.129000000000005,33.671,32.532333333333334,2,8,2,33.68731298678,33.2775288626883,46.81583476764199,0.3598149455431354,0.48529003659111364,35.98623921692293,31.355760783077066,0.03540332501670025,0.030425394840487563,0.031894701018760976,22730068.0,-0.968366458036994,0,0,-1,0,0,0.009684473601999448,0.4344871017495729,0.7580214104422391,0.4829881697332668,-0.07554671968190863,0.06791338582677153,0.7977902010508916,0.03655913978494617,0.0
2023-02-09,31.33,32.55,0.006783868137997171,0.002433831441747234,-0.020112409787095525,-0.12720948129432244,-0.03820126369047785,33.917,33.605000000000004,32.551,3,9,2,33.25871062554727,33.151881839289054,43.277645186953045,0.1471754661238549,0.4176671224976619,36.11024922596726,31.09975077403275,0.037005522112139574,0.02728478831565087,0.032711395236175445,21812954.0,-1.8161865705170686,0,0,-1,0,0,-0.00030721966205831064,0.20923982528646162,0.46312121511078325,0.4331325867495187,-0.15507011866235165,-0.04042879019908119,1.676886528033211,0.060644749441429786,0.0
2023-02-10,31.66,31.33,-0.04687129341140393,-0.03399585719419579,-0.009721398659626606,-0.48973705052859157,0.01047794948876569,33.699,33.535,32.592333333333336,4,10,2,32.96803596635686,33.055631398044596,42.453591606133976,0.0052251564235774595,0.33517872928284503,36.178773220626965,30.891226779373024,0.036947799470843264,0.0272328030689717,0.03266732432834434,22374950.0,-1.418427257959243,0,0,-1,0,0,-0.008937120970315914,-0.4997183557088458,0.5443290386254787,0.4323073465421741,-0.11017425519955026,-0.042347247428917156,0.33625453481924855,0.03474415666456089,0.0
2023-02-13,32.28,31.66,0.01945524607337836,0.029427553223815815,0.023810648693718392,0.3373216530383758,0.019393788948881937,33.552,33.485,32.62433333333333,0,13,2,32.84293851792834,33.005590662686885,47.96084828711256,-0.05659033016693371,0.25682491739288926,36.18627844976355,30.78372155023645,0.037831366981797857,0.027595212026827607,0.03242463242870798,23162413.0,-0.8921701501046474,0,0,-1,0,0,0.0,-0.07183002156409556,0.487394689175591,0.438060410394507,-0.03440023930601255,-0.030048076923076872,-0.572741630231542,0.040582403965303555,0.0
2023-02-14,33.14,32.28,0.0103692995085604,0.023828604432822042,0.009336249475963707,0.540697672597592,0.02629316859666869,33.427,33.455,32.690666666666665,1,14,2,32.89694969648682,33.01426223283612,49.56521739130435,-0.035772374302901255,0.19830545905373118,36.15768093021085,30.752319069789145,0.03841797959195536,0.028105675591601605,0.03271508977065486,24514648.0,-0.2331018778272302,0,0,-1,0,0,-0.008983890954151261,0.9967249929707502,0.40722904848982033,0.44616376826901605,0.03530146829115899,-0.01778304682869003,-1.955839957362849,0.054465902232951,0.0
2023-02-15,33.99,33.14,0.026528390969193013,0.024001741155877856,0.03162563986904697,-0.3684649812792791,0.025325351709607924,33.30499999999999,33.478,32.804,2,15,2,33.0956861153074,33.07721305652411,52.03007518796992,0.04875192016952212,0.16839475127688938,36.19117720142177,30.76482279857823,0.03856218772470541,0.028663183600471678,0.03273906700293182,25450118.0,0.3774172949202876,0,0,-1,0,0,-0.008750754375377161,0.12291105004792245,0.4247159599503221,0.4550139335413981,0.04423963133640574,0.0137190575603936,-1.936316752747072,0.04707266843189177,0.0
2023-02-16,33.36,33.99,0.026435904142939226,0.005368945640110288,0.011078343820344413,-0.2528505119859622,-0.018708786217478745,32.933,33.4815,32.87833333333333,3,16,2,33.14374318525151,33.09545737545804,48.22747415066468,0.06416267030979839,0.14754833508347118,36.19383653400224,30.769163465997757,0.033308793622046945,0.028946683826516825,0.0328865825779616,24723647.0,-0.08959065254392735,0,0,-1,0,0,-0.007649308620182557,-0.32975402761296274,0.2958912011735296,0.45951436010987445,0.06479412703479093,0.0021027335536196734,-1.646271328884541,0.042565947242206074,0.0
2023-02-17,33.61,33.36,-0.014332881971695617,-0.024613020967709467,-0.009705869338794186,0.11005962490041232,0.00746606424646835,32.736000000000004,33.510999999999996,33.04033333333333,4,17,2,33.22851715156941,33.12865367381559,49.48905109489051,0.09544844127088226,0.13712835632095338,36.215023512821915,30.806976487178076,0.031859000264955056,0.028912463750731098,0.029281298541732594,25534639.0,0.0732242153447011,0,0,-1,0,0,-0.0032973621103117336,-0.1925657169752615,0.2981196615030953,0.45897113324762556,0.061591914087176125,0.017867958812840534,-1.456287211352793,0.026777744718833638,0.0
2023-02-21,31.61,33.61,-0.007547205635382966,-0.010436951755423371,-0.04026972400793691,0.3871259860814456,-0.06135011550948789,32.553999999999995,33.415,33.15533333333333,1,21,2,32.93424130582952,33.0306760174404,40.77025232403719,-0.040671805882354306,0.10156832388029186,36.24937173953838,30.580628260461616,0.03168247646957819,0.03170354191985392,0.03127895566742684,24340257.0,-1.2736508587218471,0,0,-1,0,0,-0.0181493603094317,0.5604417145675115,0.5746521162372752,0.5032781255990683,-0.02075588599752176,-0.057262153295556284,-1.082261973863457,0.05836760518823154,0.0
2023-02-22,32.03,31.61,-0.03327478888487221,-0.02627134614423381,0.000792958569818826,-0.3666560861796579,0.013199437393540459,32.556,33.3775,33.230333333333334,2,22,2,32.76983379567869,32.96611627437973,39.15416098226466,-0.11335095330004918,0.05858446844422365,36.26656377113475,30.488436228865247,0.029186471376536727,0.03152715898488185,0.029686901460931735,25168021.0,-0.9328281455488493,0,0,-1,0,0,0.00980702309395768,-0.24098570322583024,0.5368790730803622,0.5004781333103576,-0.033494266747133405,-0.022879804758999422,-1.1783220398018586,0.029815797689665885,0.0
2023-02-23,31.69,32.03,0.005000010416705619,-0.007878313707884485,-0.010838486719455594,0.06332450089605063,-0.010671789918237364,32.47,33.2995,33.27066666666666,3,23,2,32.57350037828257,32.883786192161686,29.474485910129488,-0.19612406363243196,0.007642762028892525,36.2856608868419,30.313339113158097,0.028759797442678304,0.0313951265694225,0.02952176323188674,24286144.0,-1.077972728858673,0,0,-1,0,0,0.0015610365282546724,-0.18704756947678458,0.4565469503980881,0.49838218369253,-0.06766696087084434,-0.04691729323308269,-1.1956379257870453,0.03281792363521624,0.0
2023-02-24,30.57,31.69,-0.03424557851316746,-0.028631812674327267,-0.025646593126163415,0.2127763135346994,-0.03598203780008629,32.394,33.1555,33.20133333333334,4,24,2,32.20922758223119,32.73450966363512,30.35294117647061,-0.3480844883813674,-0.06350268805315946,36.379400710237974,29.93159928976203,0.02847565182771952,0.032196404505891923,0.02719244728887633,23195167.0,-1.6039575857838086,0,0,-1,0,0,-0.021773430104133837,0.2239095285295961,0.4828834745930863,0.5111020765981767,-0.08363309352517978,-0.0860986547085203,-0.6060074378486349,0.030094864245992742,0.0
2023-02-27,31.09,30.57,-0.008097210232619362,0.01394634331732437,-0.008586578516078854,0.4921733469124378,0.016867088167919316,32.337,33.018,33.135666666666665,0,27,2,32.005731658189156,32.62841226598125,39.478417266187066,-0.4216935449410002,-0.13514085943072762,36.351685174413525,29.684314825586473,0.0288654505159455,0.03235515995572175,0.027285676149815113,24979861.0,-1.1566779099584177,0,0,-1,0,0,0.0058881256133464085,1.571746519435256,0.5167528618876571,0.5136222412353323,-0.07497768521273429,-0.08126477541371169,-0.49083765754141623,0.052106786748150564,0.0
2023-02-28,37.56,31.09,0.12945806723688677,0.17193308569479426,0.13680133076033885,1.2538364457837032,0.18905343026939972,32.864999999999995,33.2085,33.278333333333336,1,28,2,33.01559862942749,32.9465792165631,67.16141001855289,0.04156652236915903,-0.0997993830707503,37.10605807491917,29.31094192508083,0.07257922934306646,0.057372485077700174,0.047043260397692445,31232999.0,2.2329365804717334,0,0,-1,0,0,0.12576391122547442,3.956363742529139,1.5417188246798945,0.9107599656801534,0.18823157228725096,0.11288888888888904,1.970912443473939,0.08413205537806168,0.0
2023-03-01,38.23,37.56,0.06578774053800315,0.021889595409743463,0.050207950045995216,-1.2602564261980478,0.017680893368259065,33.374,33.4005,33.428000000000004,2,1,3,33.963671605895215,33.287445073559034,67.42331288343559,0.4574931674427134,0.01165912703194244,37.878264832451116,28.922735167548886,0.07250828474491189,0.05736049744250174,0.04707483438842012,33006272.0,2.1571030104126048,0,0,-1,0,0,-0.004792332268370599,0.3103568542222952,1.5373642194431045,0.9105696678708964,0.19356852950359027,0.11166036638557708,1.9440144120261198,0.05793879152498029,0.0
2023-03-02,36.23,38.23,0.009054655737839866,-0.015285424001822739,-0.023943237321123266,-0.10566677597641273,-0.05373304280133561,33.598,33.451499999999996,33.518,3,2,3,34.375731313914265,33.47728732687781,64.34426229508196,0.6186038646662269,0.13304807455879933,38.037957295812845,28.86504270418715,0.07554765114964547,0.058679206176602786,0.04819816304945465,31410815.0,1.211610539811022,0,0,-1,0,0,-0.013340308658121842,0.14235525806255547,1.6473957744110526,0.9315035200438575,0.14326285894603963,0.028969042885543805,1.7418607995586461,0.06872757383383922,0.0
2023-03-03,36.21,36.23,-0.03562168312256183,-0.03210548620796463,0.00785858661252131,-0.7461336518487397,-0.0005521811294358887,33.882999999999996,33.408,33.61533333333333,4,3,3,34.7092347113844,33.65359137030505,63.565891472868216,0.7361851361129652,0.2536754868696325,37.8642084426348,28.951791557365205,0.07503853591939995,0.057479443052874425,0.04816224971933649,30654255.0,1.2575713349455784,0,0,-1,0,0,0.004692243996687875,-0.5048670837009305,1.576019702233161,0.91245787089843,0.18449460255152106,-0.02346278317152095,1.7494708869827338,0.027892847279756917,0.0
2023-03-06,35.5,36.21,-0.0002747630186265209,-0.010660207552106634,-0.010397733131197675,-0.2095347511234416,-0.019802627296179754,34.071999999999996,33.403999999999996,33.698,0,6,3,34.853010218405416,33.77271450770473,59.54922894424673,0.7632794640428813,0.3555962823042823,37.85213574196499,28.955864258035,0.07564773848517323,0.05688819444909325,0.04830624650109234,30040714.0,0.9424172829195544,0,0,-1,0,0,0.004971002485501235,-0.6107582555403587,1.6273729705602482,0.9030720902867151,0.14184625281440977,-0.0022484541877458852,1.8765596077710776,0.02788732394366203,0.0
2023-03-07,34.93,35.5,-0.02673509274668783,-0.01383530646455253,-0.017381830975878074,-0.02550584728518311,-0.016186637662629465,34.404,33.479,33.74466666666667,1,7,3,34.867008360513516,33.84737808785281,55.40132770066385,0.7303387869048663,0.43054478322439915,37.979259173822996,28.978740826177003,0.07253414611105394,0.055193889274666424,0.04837924649683072,29442624.0,0.6448517491793113,0,0,-1,0,0,-0.001971830985915501,-0.6004914531115471,0.41228887765781164,0.8761758294672153,-0.07002129925452616,0.04486987735566861,-0.49008081152246585,0.031491554537646765,0.0
2023-03-08,34.37,34.93,-0.013354368090045912,-0.019554678099420974,-0.014184634991956525,0.19685234352174766,-0.0161619679569981,34.638,33.596999999999994,33.797666666666665,2,8,3,34.77664320405651,33.881095630571984,51.167076167076154,0.6515352502650487,0.47474287663252906,38.058673511846735,29.135326488153254,0.07307475270353701,0.054344042725665294,0.048281041640665615,28714411.0,0.3465067526557089,0,0,-1,0,0,0.0008588605782994886,-0.4331016372456576,0.30221711818944014,0.8626849337398745,-0.10096782631441281,0.07372696032489845,-1.3461331040855662,0.026040151294733874,0.0
2023-03-09,32.41,34.37,-0.016729550832631487,-0.023429027105391676,-0.05853133322498458,0.12272585185918902,-0.05871707370828652,34.709999999999994,33.59,33.769666666666666,3,9,3,34.346344439682596,33.78618623505121,47.302668938103345,0.42601640816531017,0.46499758293908533,38.05902320659131,29.120976793408694,0.07589554500227398,0.055971414695106365,0.04942869351030691,27891112.0,-0.5280796028356436,0,0,-1,0,0,0.0002909514111144928,-0.34617969631060946,0.3333108129512297,0.8885186628703053,-0.10543748274910292,-0.004301075268817178,-1.5051173583532031,0.06263498920086397,0.0
2023-03-10,30.54,32.41,-0.06364692725764047,-0.047144050299596583,-0.0654663084315861,0.3622264987817347,-0.05942971736296956,34.707,33.5505,33.672666666666665,4,10,3,33.65428181428576,33.57675486504791,42.01768070722829,0.09529917964653123,0.3910579022805746,38.11654158867095,28.98445841132905,0.07751487279132599,0.0568810727832165,0.05052899424295606,26708423.0,-1.3186476476559095,0,0,-1,0,0,-0.004628201172477587,-0.06593475930811758,0.3497096134960585,0.9029590373457328,-0.15658657829328915,-0.025215448451962996,-0.5896344083438103,0.08175507531106735,0.0
2023-03-13,31.37,30.54,-0.06830671955485292,-0.028038468633140436,-0.0265879720061914,-0.37435613953960417,0.026814722412100405,34.735,33.536,33.590333333333334,0,13,3,33.23895784805198,33.43438358343192,49.335548172757484,-0.0986849644026151,0.2931093289439367,38.12908129576135,28.942918704238654,0.07779446459479086,0.05716216012530966,0.05075124852893444,27521796.0,-0.9431577019979417,0,0,-1,0,0,-0.01342501637197119,-0.3777969162289365,0.5596758340382947,0.9074211605689326,-0.11633802816901406,-0.009159823120656996,0.5673349747229088,0.07602805227924773,0.0
2023-03-14,33.09,31.37,0.07602638117360414,0.03844853097645057,0.08414051425460933,0.14750101556539463,0.05337909973093416,34.288,33.5765,33.568333333333335,1,14,3,33.21187460295162,33.41216528772663,52.73760330578512,-0.11233425145647402,0.21202061286385457,38.13711987938149,29.01588012061852,0.03779180793317562,0.058298084559569224,0.051775350319184454,28464442.0,-0.2133481907577789,0,0,-1,0,0,0.036340452661778676,-0.27930245786409713,0.7979884579912264,0.9254534019362078,-0.05267678213569982,0.025092936802973975,0.33961596677068157,0.03158053792686617,0.0
2023-03-15,33.86,33.09,-0.009891889005097142,0.023558566797721822,0.0023340864871936626,0.0919691194342515,0.02300325477146836,33.851,33.6125,33.550666666666665,2,15,3,33.32971558423314,33.441057849808786,55.48256695300657,-0.060323473490619506,0.15755179559295976,38.16997794982674,29.05502205017326,0.03830300408171466,0.058230149265348384,0.0518340747408196,29497894.0,0.1086127032208292,0,0,-1,0,0,-0.027198549410698266,-0.19184776504651418,0.8267565165162567,0.9243749625736938,-0.014838521966831442,0.021726010863005296,-0.34949284078419,0.051978735971647906,0.0
2023-03-16,34.08,33.86,0.049396498159717625,0.016514807201933223,0.043194062373266374,-0.19427013227171594,0.006476325256125749,33.636,33.617,33.513,3,16,3,33.466130932554385,33.48227992401467,59.290629962943356,-0.0013369839334274047,0.12577403968768233,38.176224772515035,29.05777522748496,0.0357531762154788,0.0579875945751537,0.05166351064075295,30348875.0,0.2031047044625496,0,0,-1,0,0,-0.0011813349084465194,-0.3370737908053767,0.6675241375799676,0.9205245262361691,0.051527306386917715,0.0026478375992937675,-1.2895032189027336,0.02655516431924865,0.0
2023-03-17,32.6,34.08,0.007658358490680576,-0.006544050111554328,-0.03175830183330973,0.24655093835169997,-0.04439841358845292,33.275,33.579,33.36366666666667,4,17,3,33.30865258118086,33.42535863859437,53.803526448362724,-0.07316993959166496,0.08598524383181287,38.15986133017742,28.99813866982258,0.0376136284184216,0.05870545232596399,0.051254374224004015,29259956.0,-0.4274305330094252,0,0,-1,0,0,0.0,-0.15845524088619367,0.5767632065197902,0.9319201647483544,0.0674525212835626,-0.0227817745803357,-0.9853767659441526,0.053067484662576804,0.0
2023-03-20,32.12,32.6,-0.03980773987985405,-0.032323051124219175,-0.023318326868180386,-0.05536552782675912,-0.014833399294101175,32.937,33.5045,33.24833333333333,0,20,3,33.092533930057066,33.34114195223344,30.37518037518035,-0.16690607363054966,0.03540698033934036,38.13147115889674,28.877528841103263,0.03750378309762501,0.058773656244722715,0.05082108965549629,28229687.0,-0.5984476463994753,0,0,-1,0,0,0.004601226993864987,-0.2161374144962657,0.5914621329480707,0.9330028683932081,0.023908192540643913,-0.04433204403451363,0.030339272075715257,0.0432752179327522,0.0
2023-03-21,33.5,32.12,0.0009156112344227426,0.01525377265616309,0.026999312619607595,-0.19354429481402294,0.04206654975245999,32.794,33.599000000000004,33.25066666666667,1,21,3,33.16661867004669,33.35139085854097,33.76801647220316,-0.12835853108402517,0.0026538780546672552,38.13944699862992,29.058553001370083,0.04082288988664953,0.057840515924846514,0.050241109730400066,29078663.0,-0.043608041247867005,0,0,-1,0,0,0.02054794520547957,-0.34985148423711593,0.531843465395392,0.91818972504489,0.012390450287095733,0.05979120531477378,-0.3580118669616683,0.030746268656716452,0.0
2023-03-22,33.02,33.5,0.025897261789063653,0.026508105532313014,0.009446969541320677,-0.052935255897364385,-0.014432000339038747,32.659,33.6485,33.28433333333333,2,22,3,33.1399607300382,33.33001080315123,37.701149425287376,-0.13498528799391352,-0.0248739551550489,38.13822757349592,29.15877242650408,0.04076791038243311,0.057946195649103284,0.04965650769115199,28273459.0,-0.27997244363341856,0,0,-1,0,0,0.004179104477611957,-0.38465549680422056,0.507622156706752,0.9198673386589218,-0.024808033077377334,0.030908523259444376,0.6183349852002199,0.049212598425196846,0.0
2023-03-23,33.05,33.02,-0.006860578736082263,-0.018231380778281892,-0.015281470968885082,0.0006319382276540409,0.0009081278057131867,32.723,33.7165,33.301,3,23,3,33.12360423366761,33.3119455900447,37.90199081163857,-0.13624573528235118,-0.047148311180509356,38.12173265411047,29.311267345889544,0.036128702824926126,0.05786093734531954,0.049578803698923535,29079172.0,-0.3025946878778829,0,0,-1,0,0,0.011811023622047044,-0.3806799391302726,0.501435221357017,0.9185139050448319,-0.030223004694835742,0.042915746292205625,0.8026585172331471,0.04538577912254161,0.0
2023-03-24,33.1,33.05,-0.025156653194766006,-0.017820489409209904,-0.00990102501605676,-0.35545423345919175,0.0015117160853221608,32.979,33.842999999999996,33.36,4,24,3,33.119312554818954,33.29827168100956,40.322580645161295,-0.13169200326865393,-0.06405704959813828,38.006460605136695,29.679539394863294,0.029379788067449432,0.05713865080399065,0.04902648241827898,29643860.0,-0.3569146296632725,0,0,-1,0,0,-0.014220877458396336,-0.5519742022335685,0.3737892231349208,0.9070479616627206,0.015337423312883347,0.08276087667648024,1.636321719538261,0.03685498489425968,0.0
2023-03-27,33.69,33.1,0.03883106365578133,0.016936967042797665,0.035442091106890644,-0.24321388437492822,0.017667775035444217,33.211,33.973,33.42766666666667,0,27,3,33.22307390848823,33.32354447578314,45.00805152979065,-0.07955797387594288,-0.0671572344536992,37.93186267559376,30.01413732440623,0.028862326300350204,0.057147639440784485,0.04908357987672826,30086634.0,-0.14297035446300532,0,0,-1,0,0,0.02326283987915396,-0.5937884034843937,0.34544383698915876,0.9071906518482123,0.048879202988792114,0.08362817626246377,0.8817748298734424,0.018699910952804853,0.0
2023-03-28,33.2,33.69,-0.004735137583710882,-0.00029468100994146793,-0.003609026473705165,-0.12717175063164943,-0.014651181496018535,33.221999999999994,33.754999999999995,33.458333333333336,1,28,3,33.21887865239946,33.31557386444229,45.263157894736864,-0.07689389986312278,-0.06910456753558392,37.34520011170745,30.16479988829254,0.0241901018196234,0.031544994601120445,0.04908532418315031,29696735.0,-0.30917496670459477,0,0,-1,0,0,0.0005936479667558067,-1.4418487772952446,0.21339169926085733,0.5007612649406391,-0.008955223880596885,-0.11608093716719914,0.5859727440667798,0.02228915662650608,0.0
2023-03-29,32.92,33.2,0.001185888072569449,-0.005319161477599933,-0.02224006364543799,0.48780025780968744,-0.008469500113573834,33.128,33.4895,33.451,2,29,3,33.16453707923592,33.29005296996215,52.389878163074066,-0.09626656096575203,-0.07453696622161754,36.4090203283018,30.569979671698196,0.022933059920824044,0.03105759302904895,0.04889607847342849,29061695.0,-0.39013258067037265,0,0,-1,0,0,0.01656626506024088,-0.6985301095880331,0.194747731154988,0.49302400485070047,-0.0030284675953967666,-0.13889615485221019,0.6721737972856131,0.039185905224787335,0.0
2023-03-30,31.29,32.92,-0.01042451733588409,-0.010274827941098214,-0.04023169845681467,0.4874720849265501,-0.050781818128078325,32.849000000000004,33.2425,33.361,3,30,3,32.82371215573848,33.16101729448072,53.59539789069991,-0.24037600700381745,-0.10770477437805753,36.01812226309121,30.466877736908796,0.02695790484217505,0.030848051208098453,0.04950368316980859,28027726.0,-1.406891727281006,0,0,-1,0,0,0.01458080194410683,1.0903374271511932,0.3960071265297591,0.4896976315656847,-0.05325264750378211,-0.13635109025669334,-0.9126722073017335,0.0711089805049537,0.0
2023-03-31,32.12,31.29,-0.05192381143239872,-0.02163636864132148,-0.0019261643194395416,0.45109389642313796,0.026180331397770113,32.801,33.038,33.31966666666667,4,31,3,32.69576449105875,33.093854888385195,53.59539789069989,-0.2843321142187847,-0.14303024234620298,35.47507849256985,30.600921507430144,0.025847449845768783,0.031720797339735096,0.04965711745963552,29651087.0,-0.7533610450371543,0,0,-1,0,0,0.013422818791946364,2.7609989834539848,0.4760544864152498,0.5035520468977098,-0.02960725075528714,-0.11295222314277831,-0.6042119755326855,0.048879202988791934,0.0
2023-04-03,31.67,32.12,0.0131580845775112,-0.015724079171882024,-0.007418192379700547,-0.7619215698129755,-0.014109028528012327,32.756,32.846500000000006,33.255,0,3,4,32.5092618563208,33.001993282682925,42.248908296943206,-0.3514278436411189,-0.18470976260518618,35.06073409592984,30.632265904070174,0.025806838406331977,0.03161422583585423,0.04969817010570442,28893353.0,-1.0626699337370225,0,0,-1,0,0,0.00031133250311348435,-0.3313132764697826,0.4285225109998171,0.5018602767210203,-0.059958444642327025,-0.10788732394366196,0.09252270421596165,0.04073255446795071,0.0
2023-04-04,31.64,31.67,-0.01789967715009376,-0.006234434158428942,0.007418192379700587,-0.07999805799698068,-0.0009477176510953014,32.57,32.682,33.256,1,4,4,32.35121424608065,32.91412274831629,36.81710213776721,-0.4023840095003166,-0.22824461198421225,34.72686108137071,30.6371389186293,0.02070610860412698,0.031521895009782364,0.04844989737758747,28193875.0,-1.0191401357216237,0,0,-1,0,0,-0.0034733185980424055,-0.5668003212101563,0.4342605470894285,0.5003945702962324,-0.046987951807229034,-0.094188376753507,-0.38240575448138564,0.027180783817951942,0.0
2023-04-05,31.07,31.64,0.002215541339883952,-0.011004670088250713,-0.020124015696824916,-0.09777605414744506,-0.018179419494497046,32.375,32.517,33.224000000000004,2,5,4,32.11826620133871,32.795147087134595,32.83922462941845,-0.483191444182026,-0.279233978423775,34.52050324760337,30.513496752396637,0.020912549954248606,0.03156330786832824,0.04851509134286308,27559552.0,-1.4444698322610012,0,0,-1,0,0,-0.0003160556257901885,-0.7783953981311545,0.43839773435944546,0.5010519790449885,-0.05619684082624543,-0.09601396566773346,-0.03725516183852905,0.03636948825233341,0.0
2023-04-06,31.2,31.07,-0.016255338007366588,-0.01112712164044706,0.0013106161771203756,-0.4200693672789215,0.004175371410480592,32.190000000000005,32.4565,33.20766666666667,3,6,4,31.95130871018622,32.69223437183559,40.56603773584904,-0.5306252868052184,-0.3295122401000637,34.54488668530705,30.368113314692945,0.021055669706216758,0.029077702502997137,0.048478213348770345,27976303.0,-1.2033212132984439,0,0,-1,0,0,0.0016092693916961928,-1.4056512531773195,0.27970651247949607,0.46159421712030485,-0.0028763183125599667,-0.03733415612465285,0.9008129679668828,0.023717948717948783,0.0
2023-04-10,31.04,31.2,-0.00580085416527082,0.0022353514018194783,0.006039355661612124,0.12814861799854094,-0.005141399500418652,31.983999999999998,32.4815,33.22333333333333,0,10,4,31.785616217425087,32.58563860591072,42.394366197183096,-0.5745050747657743,-0.37851080703320583,34.483470345224234,30.47952965477576,0.02091268947408423,0.02593636958838849,0.048018812993166626,27502573.0,-1.4400812713722184,0,0,-1,0,0,-0.008333333333333269,-1.098852237872444,0.14537575026037045,0.4117271030564078,-0.033623910336239016,0.016371971185330736,-0.1474877777469788,0.020135309278350517,0.0
2023-04-11,32.65,31.04,0.015713005664556114,0.05129329438755048,0.02093474199984943,0.947442921069005,0.050568160407422,31.879999999999995,32.5455,33.275333333333336,1,11,4,31.942776905165978,32.58979095391648,44.20190995907228,-0.4739037112047839,-0.39758938786752146,34.47850937999721,30.61249062000278,0.027111555947923763,0.0277646151777682,0.04882103698398775,28724373.0,0.10812156534920904,0,0,-1,0,0,0.01256443298969074,1.3240908123839426,0.4241258846607308,0.44074960204670427,0.030944111146194997,0.04080331526936565,1.6947855505104061,0.04977029096477795,0.0
2023-04-12,32.26,32.65,0.04965338859322201,0.003629768050578731,0.00872675113823714,-0.12694089945195555,-0.012016783025377302,31.786,32.504,33.09866666666667,2,12,4,32.000453831499435,32.568514118179934,44.751381215469564,-0.42079547808771167,-0.40223060591155957,34.42337928562976,30.58462071437024,0.026998679016899004,0.02500105723114016,0.029672025637881242,27648229.0,-0.2542488624596591,0,0,-1,0,0,0.011638591117917384,0.816753330907137,0.44288720042770946,0.39687947968373966,0.019595448798988446,-0.02508310667875502,1.7728889371549335,0.04556726596404213,0.0
2023-04-13,32.91,32.26,-0.020802218455788724,0.0012070007500352875,0.016296192660749807,-0.5740731234306491,0.019948490258185653,31.784999999999997,32.4565,32.92133333333333,3,13,4,32.1658258621359,32.590545465394136,49.109414758269715,-0.3225392216217742,-0.38629232905360256,34.279167507282835,30.633832492717165,0.027806453788094924,0.024851061928332266,0.0297352910692695,28254342.0,0.4976223015859426,0,0,-1,0,0,0.0027898326100435035,-0.6244876171023712,0.40344158006186087,0.3944983780693946,0.05922111361441895,-0.028056704075605565,1.168443055429394,0.030082041932543147,0.0
2023-04-14,32.39,32.91,0.022314849208580984,-0.002415460111603662,-0.004049219050776561,-0.07296299231819028,-0.01592682977201056,31.895,32.372,32.79333333333334,4,14,4,32.206584796293,32.577607048271936,45.738295318127236,-0.2833636449419359,-0.3657065922312692,34.02671702144264,30.717282978557357,0.022661268189817237,0.024990695258355736,0.02843159427611384,27690878.0,0.0217559857869929,0,0,-1,0,0,0.00516560316013375,-0.7059878829455138,0.4495959478345469,0.39671498846526204,0.03814102564102573,-0.04958920187793425,1.177225295685688,0.032108675517134894,0.0
2023-04-17,32.59,32.39,-0.020770447357206887,-0.010942358420944244,0.005447060390447485,-0.31195451577589467,0.006155759666232406,31.942,32.3715,32.672666666666665,0,17,4,32.27629665151245,32.57840659354472,43.07304785894209,-0.23348689802819678,-0.33926265339065476,34.025932960579546,30.71706703942045,0.0212524329489104,0.02307648851475943,0.028480789698551275,28103342.0,0.26413883814725886,0,0,-1,0,0,0.00030873726458777433,-1.0708567871872254,0.43603046383306754,0.3663278984561504,0.049935567010309434,-0.0003067484662575559,0.9215333158879069,0.015495550782448462,0.0
2023-04-18,32.56,32.59,0.013793322132335988,0.008451350333290397,-0.004168228008305409,0.5522027998828107,-0.0009209517151306953,32.031,32.3935,32.574666666666666,1,18,4,32.327879078510186,32.57721907138055,45.72192513368983,-0.19414201770514694,-0.3102385262535532,34.04555167499128,30.741448325008726,0.020572782306626205,0.022810398281794868,0.028311412117674288,27386861.0,0.20156754479351072,0,0,-1,0,0,0.007977907333537834,-0.06419712694661153,0.229521475146917,0.36210384695978554,-0.0027565084226645054,0.013698630136986356,0.543313197690303,0.028154176904176865,0.0
2023-04-19,34.06,32.56,-0.013484727777163663,0.03227283989327831,0.006803275646310445,0.09200055492929583,0.0450391341002026,32.273,32.421499999999995,32.54566666666666,2,19,4,32.642810155144694,32.67288235709793,56.55172413793104,-0.041445692463952355,-0.256479959495633,34.16875378507904,30.67424621492095,0.024565155222204167,0.023120025175518814,0.029530615643333077,28172386.0,1.875514609259676,0,0,-1,0,0,-0.004606879606879781,0.1689719313369745,0.3720437942158066,0.3670190215198515,0.05579665220086816,0.016716417910447756,0.7105551967417508,0.05226071638285382,0.0
2023-04-20,34.24,34.06,0.03456984626423474,0.012683310194323907,0.0370750453852716,0.34134606268132706,0.00527087603899908,32.59,32.4825,32.541333333333334,3,20,4,32.93320830875475,32.773986721156135,70.34482758620693,0.09301947053086934,-0.18658007349033257,34.39509399493804,30.569906005061966,0.022908015119235268,0.02284633528225224,0.0293981210868798,29277494.0,1.8378181722325655,0,0,-1,0,0,-0.014973576042278482,1.114473857310761,0.3642373302594006,0.3626743291562405,0.040413248252810785,0.03694730466384,1.3774032090506672,0.02905957943925226,0.0
2023-04-21,34.64,34.24,0.02994939051584249,0.016522177439684843,0.01539402809129092,-0.3125114834424731,0.011614532420693083,32.934,32.562,32.61566666666667,4,21,4,33.24353407079934,32.89437467462994,68.47507331378304,0.22921845042105815,-0.10342036870805443,34.69356330078712,30.430436699212876,0.022819275869528713,0.0229445064609507,0.027386206623895765,30085999.0,1.94974270689748,0,0,-1,0,0,0.009637850467289669,0.18778289258403608,0.2962421478331598,0.3642327483047417,0.0694658845322631,0.048108925869894126,1.9191683261036967,0.030311778290993196,0.0
2023-04-24,34.52,34.64,0.0011564037137196041,-0.001140576114524838,0.00615026100306092,-0.016995703424932916,-0.003470217479007106,33.282,32.633,32.748333333333335,0,24,4,33.47561878519946,32.99925372787962,71.95685670261945,0.32374222725329815,-0.017987849515783916,34.92832339196104,30.33767660803897,0.022696415592210206,0.022983884194809123,0.024951564585886193,29291119.0,1.64421275590959,0,0,-1,0,0,-0.0008660508083141205,0.11027119808522275,0.3186385429935975,0.3648578504506378,0.059220619822031306,0.04290030211480378,1.7872834620796554,0.023174971031286126,0.0
2023-04-25,32.4,34.52,-0.011917013578693333,-0.02133875661024057,-0.05583683152499633,0.24277250308320286,-0.06338044341694363,33.257,32.5685,32.782666666666664,1,25,4,33.280051733345005,32.960592197048676,54.42890442890442,0.22499313813607102,0.030608348014587075,34.81064441527452,30.326355584725487,0.02770061444043088,0.026704658176838664,0.027294179672082437,28277823.0,-0.15030253970449226,0,0,-1,0,0,-0.009269988412514491,0.7184306653141956,0.6183777529071902,0.4239233062974158,-0.004914004914005066,-0.03829029385574356,-0.8842828447844489,0.05925925925925932,0.0
2023-04-26,32.57,32.4,-0.06336961393258937,-0.032284752685209674,-0.009305278061472338,-0.5079556271027217,0.005233196489858379,33.288,32.537,32.76533333333333,2,26,4,33.15095141819137,32.93539270046489,59.168704156479215,0.1586228473674609,0.056211247885161846,34.75940363002227,30.314596369977725,0.027438008657847703,0.026566468972882777,0.02538399598035645,28887548.0,0.02969757568265897,0,0,-1,0,0,-0.009259259259259172,-0.6281109014420841,0.4769973785614738,0.4217296206921683,-0.043746330005872025,-0.01897590361445789,-2.06153481625582,0.034694504144918495,0.0
2023-04-27,33.51,32.57,0.020962543179713404,0.01627265884165648,0.015844517427154165,0.14689044764880022,0.028452282461076884,33.348,32.5665,32.75366666666666,3,27,4,33.21623297852021,32.97246413914458,62.847608453837594,0.1798014190174939,0.08092928211162825,34.825668687348085,30.307331312651915,0.02822985675319202,0.027288247589706965,0.025582118939258828,29593748.0,0.8352629932274107,0,0,-1,0,0,0.006447651212772516,-0.32213841540418303,0.5445979163080041,0.4331875010227342,-0.021320093457944056,0.017922235722964697,-1.5654680126662242,0.03469113697403765,0.0
2023-04-28,33.24,33.51,0.01363450905081915,-0.0074316632168842,0.007118229142549733,-0.4289676898987787,-0.008089931761971429,33.43300000000001,32.664,32.72566666666667,4,28,4,33.2205542551529,32.989724517264285,62.08791208791211,0.17280683647530282,0.09930479298436318,34.85860007146712,30.46939992853288,0.02778478811475325,0.02467952438554879,0.025592095738977395,29133884.0,0.5249247983619506,0,0,-1,0,0,-0.008355714712026296,-1.032425867664507,0.526948183494085,0.3917753039970975,-0.04041570438799069,0.06232023010546506,-1.1732200108446607,0.020445246690734074,0.0
2023-05-01,33.59,33.24,0.0006016847353602288,0.008171800916277621,0.004697283549020794,0.13186157119139352,0.01047443363695401,33.533,32.7375,32.75866666666666,0,1,5,33.28772620876146,33.02845196776337,55.9948979591837,0.1932776696804197,0.11809936832357448,34.953745046302956,30.521254953697035,0.027874990260282007,0.02414111102875511,0.02433747322701607,29658566.0,0.769319260451012,0,0,-1,0,0,0.00030084235860403156,-0.8308150803369663,0.5432567440719489,0.38322825692930806,-0.026940903823870155,0.045765877957659074,-1.4179162417458646,0.023816612086930547,0.0
2023-05-02,33.22,33.59,0.004501132880791442,-0.0031122663135752975,-0.006996226255621537,0.28606263889947803,-0.011076299439052695,33.599000000000004,32.815,32.79533333333333,1,2,5,33.275412352623015,33.04080990532702,56.138107416879805,0.17759780772225042,0.12999905620330968,34.981923601499616,30.648076398500383,0.028228644831139005,0.024042287744033473,0.02426265644881517,28960122.0,0.37380182644161664,0,0,-1,0,0,-0.005656445370646169,-0.07647433719516156,0.2543508690346166,0.3816594859186122,0.025308641975308577,0.048942216608777844,0.7163878045826598,0.02784467188440711,0.0
2023-05-03,34.1,33.22,-0.004501132880791538,0.02968705254019042,0.014846508116994638,-0.21157097049671902,0.026145280104322422,33.602999999999994,32.938,32.815333333333335,2,3,5,33.42533737941883,33.10914475014464,57.391304347826114,0.2334885391485102,0.1506969527923498,35.10336954424807,30.772630455751937,0.02539828707052216,0.02460148621243655,0.023462956424769484,29525381.0,1.0732579139543676,0,0,-1,0,0,0.0009030704394943148,-0.6103551967631998,0.2963055485421803,0.39053648640414873,0.046975744550199705,0.07774968394437431,-0.08361390359263983,0.04252199413489744,0.0
2023-05-04,33.46,34.1,0.018179609603126087,-0.020526231974390744,-0.005579445975237465,-0.3048383042323981,-0.01894668873079322,33.525,33.0575,32.83,3,4,5,33.43163967406995,33.131780572715954,56.54834761321909,0.22356260463462974,0.1652700831608058,35.04532478312858,31.069675216871417,0.02601721277015119,0.024637571595193232,0.02357579098126528,29108648.0,0.40496526999378724,0,0,-1,0,0,-0.007038123167155483,-1.15090629511876,0.29173734533783563,0.3911093240965813,-0.0014920919128617038,0.07692307692307687,0.8022701488479225,0.027794381350866697,0.0
2023-05-05,34.58,33.46,0.004126147911172208,0.022541491041347176,0.020208755991196738,0.3197184023488972,0.0329247846964664,33.519,33.2265,32.881,4,5,5,33.64043246060268,33.225214084153635,60.946094609460914,0.3025828826692276,0.19273264306249016,35.12197133424551,31.3310286657545,0.0281174028471094,0.025504212376353606,0.024323012833294713,29682381.0,1.4281408276097827,0,0,-1,0,0,0.016138673042438708,-0.5584151341032444,0.3615734679203527,0.4048668199944439,0.04031287605294809,0.10833333333333339,-0.14361004987386322,0.02978600347021403,0.0
2023-05-08,34.85,34.58,0.01546798678573961,0.017533055507977933,0.015002487590412002,0.5723646820950931,0.007777656951388513,33.55200000000001,33.417,32.93933333333334,0,8,5,33.86035383140219,33.330038981950175,62.2722400857449,0.3825835804721791,0.23070283054442797,35.14570623969398,31.688293760306024,0.02818059030031126,0.025385158173374365,0.024347622347938563,30699296.0,1.657887230457011,0,0,-1,0,0,-0.0014459224985539955,1.175131291988433,0.3609569152191782,0.40297689311272344,0.03751116403691568,0.12274484536082486,-0.025113650967496327,0.03256814921090381,0.0
2023-05-09,37.8,34.85,0.04778294105336625,0.08775670699979378,0.042863704431782314,0.948654349036424,0.08125596541900897,34.092,33.6745,33.07633333333333,1,9,5,34.57665313478361,33.61842356375984,67.34693877551018,0.6762298983466053,0.3198082441048634,36.24932937605356,31.09967062394644,0.02985776009112344,0.0292577239652843,0.028540373964245018,33325207.0,3.2044841793153287,0,0,-1,0,0,0.03931133428981341,3.8092429297650665,0.6059517957012092,0.464451969239501,0.1378687537627934,0.15773353751914243,0.7014599839199535,0.07620634920634924,0.0
2023-05-10,37.54,37.8,0.06234464755407115,0.006692439640114267,0.04110167568555178,-0.7683835735703485,-0.006902071467179183,34.589,33.938500000000005,33.221,2,10,5,35.115443473913864,33.871428495130175,65.19337016574585,0.8778476129394264,0.43141611787177603,36.948611206198706,30.928388793801304,0.03057696463441348,0.029099714176663544,0.02840042123168119,32107409.0,2.3929348474458023,0,0,-1,0,0,0.019841269841269844,0.8411487570562235,0.6513869893235845,0.4619436416070746,0.10087976539589438,0.1636701797892126,1.1578981644742292,0.04368673415023976,0.0
2023-05-11,36.48,37.54,-0.03296277335956863,-0.03776515175753656,-0.03330002006556667,-0.25558803576810785,-0.02864286595223217,34.886,34.117,33.339666666666666,3,11,5,35.36354466047498,34.03972343092823,57.9861111111111,0.9412478438832181,0.5333824630740645,37.289341655456745,30.944658344543246,0.03288463911161005,0.03003330128031766,0.028936222477754247,31164272.0,1.4897512668191957,0,0,-1,0,0,-0.006393180607352211,0.2391135248958355,0.6893048034588172,0.4767638774279898,0.0902570233114166,0.10847766636280776,0.9199925393126628,0.038889802631578985,0.0
2023-05-12,36.61,36.48,-0.01812574985904673,-0.020195241349594693,-0.005008357714372519,-0.13086649623755303,0.003557261926014299,35.223,34.327999999999996,33.517,4,12,5,35.59017290402498,34.20554772570705,59.06331309627058,0.9905642887094501,0.6248188282011415,37.57712684627062,31.07887315372937,0.032416919282532645,0.029616807860560517,0.02712836465439389,31991719.0,1.4046850787738865,0,0,-1,0,0,0.004111842105263314,-0.028580975144273033,0.6800960383057078,0.47015224935975636,0.05870445344129549,0.1302871256560667,1.626167443419552,0.02321770008194486,0.0
2023-05-15,35.99,36.61,-0.002460025840862423,0.006788892333686128,0.0019506763883694826,-0.22796452503217612,-0.0170803050412054,35.463,34.498000000000005,33.646,0,15,5,35.6628687396568,34.32067367888724,67.89631106679961,0.968455357576623,0.6935461340762379,37.719915742633596,31.276084257366417,0.03352672678943237,0.030079579897223,0.027132720640804773,31332945.0,0.9261570563483694,0,0,-1,0,0,-0.0019120458891013462,-0.41471368591132346,0.7120537851785051,0.47749852769609913,0.0327116212338594,0.10432648051549553,1.8577416972100236,0.028619060850236206,0.0
2023-05-16,35.95,35.99,-0.024938948347252066,-0.015958873787706735,-0.01826149918603824,0.5057765736857829,-0.0011120379238836206,35.736000000000004,34.667500000000004,33.78866666666667,1,16,5,35.71507442335556,34.42579150605581,67.07070707070709,0.9369061339531584,0.7422181340516221,37.815979165030335,31.519020834969673,0.03306490885904762,0.03008172068623977,0.026936519660856865,30240518.0,0.8146790452003164,0,0,-1,0,0,-0.009724923589886119,0.4674312081847252,0.20288344541887962,0.4775325116681861,-0.04894179894179884,0.10411547911547903,-0.6642835372567241,0.0304589707927677,0.0
2023-05-17,35.49,35.95,0.009772519488330755,-0.0033053328536630498,-0.011979607041427812,-0.18821111215263828,-0.0128781175086506,35.875,34.739000000000004,33.917,2,17,5,35.67415180092728,34.49445011856834,60.509554140127406,0.8648159315820365,0.7667376935577049,37.89433232881446,31.58366767118555,0.03301123655974484,0.02874190556247563,0.027106674708224088,29335508.0,0.4760195895322188,0,0,-1,0,0,0.0011126564673156925,0.056973325000281745,0.20164049669689896,0.4562636059464873,-0.05460841768779956,0.041984732824427384,-0.21966862646278912,0.03930684699915458,0.0
2023-05-18,35.63,35.49,-0.01624685596712713,0.002617622215184098,0.005437128861657726,0.0306928350684009,0.003937012959339599,36.092,34.8085,34.069,3,18,5,35.66612420075868,34.56771140124135,62.863293864370284,0.8096476427547188,0.7753196833971078,37.978751691817564,31.638248308182437,0.03200006365904507,0.02873650002130869,0.026781055058895088,30268726.0,0.5182553815019141,0,0,-1,0,0,-0.0022541561003100986,0.13596823364194974,0.1529093197723378,0.4561777956407106,-0.023300438596491113,0.04059579439252348,-0.5327215734050493,0.03648610721302285,0.0
2023-05-19,37.13,35.63,0.015690991583720344,0.023389698311075794,0.014449890181059223,0.009521423520001859,0.041237288571243993,36.347,34.933,34.266666666666666,4,19,5,35.93228343698437,34.73302034309675,66.95402298850573,0.8768559903372619,0.7956269447851386,38.2667451675411,31.599254832458897,0.032904064441993286,0.03003056714396992,0.0276265747986839,31210872.0,1.318037156163595,0,0,-1,0,0,0.009542520348021225,0.14075746323777757,0.3717365958275588,0.4767204743590298,0.014203769461895721,0.07188221709006926,1.54371767378017,0.04443845946673863,0.0
2023-05-22,38.71,37.13,0.050681486476145156,0.05618721358431142,0.054200456897679654,0.18207103345363534,0.04167269640056808,36.733,35.1425,34.522333333333336,0,22,5,36.437322812078115,34.989599675800186,73.56223175965667,1.045559328296946,0.8456134214875002,38.87029531288068,31.41470468711932,0.034712009071359545,0.031177652600057903,0.028316487435682013,32341164.0,1.913999938608856,0,0,-1,0,0,0.019122003770535977,0.503835937280795,0.4084349728883008,0.49492989145511723,0.07557654904140043,0.12137891077636143,0.34990037832062343,0.04701627486437614,0.0
2023-05-23,38.16,38.71,0.01884872555866733,0.0022845548710222377,0.009810498941451237,-0.1931120128308809,-0.014310118009471063,36.769,35.4305,34.706,1,23,5,36.75053684624572,35.19414163220017,67.9328621908127,1.1219444582847586,0.9008796288469519,39.156180298174924,31.704819701825084,0.023793678729755217,0.027340267910103536,0.027320396389443325,31409363.0,1.4652357591375094,0,0,-1,0,0,-0.0038749677086023916,0.09109280520809279,0.449387189855614,0.4340132980080815,0.06147426981919324,0.1777777777777778,0.348161477417324,0.04035639412997902,0.0
2023-05-24,38.24,38.16,-0.01752824471183548,-0.02620237239402396,-0.019987340924612493,-0.5305210450759601,0.0020942416031149067,36.839,35.714000000000006,34.90533333333334,2,24,5,37.0213483287465,35.39064862367113,72.21189591078067,1.1753864323973247,0.9557809895570265,39.3857034623983,32.042296537601715,0.023623787813215176,0.027369425114734953,0.02712964353245673,31957540.0,1.375928108502563,0,0,-1,0,0,-0.007075471698113104,-0.7151357641177688,0.40743338757513486,0.43447615428236486,0.07748661594815442,0.17408658274485722,0.24773680654226105,0.03321129707112979,0.0
2023-05-25,37.39,38.24,0.011023733682048292,-0.00026031498259727816,-0.020669759539699704,0.2622237890217295,-0.02247879919417817,36.93,35.908,35.05466666666666,3,25,5,37.08837590533804,35.51963903504719,63.39370829361297,1.1360559399510777,0.9918359796358368,39.4984938818758,32.3175061181242,0.022829616830883883,0.027741151373758478,0.027470548932884947,31245010.0,0.8255131738176095,0,0,-1,0,0,0.0018305439330544007,-0.3678803942089213,0.4878157364355865,0.44037712570537657,0.04939657591916924,0.11578633243807834,0.2686298453851567,0.05402514041187473,0.0
2023-05-26,37.39,37.39,-0.01790935410721175,0.002259876213538274,0.019727188945441846,-0.5890025104752268,0.0,37.008,36.115500000000004,35.22133333333333,4,26,5,37.14321664982203,35.64030748439899,62.42661448140899,1.0922949451290833,1.0119277727344862,39.53224806920544,32.69875193079457,0.022842411483653048,0.027586652236701,0.027215755527210162,31245010.0,0.7460310061996361,0,0,-1,0,0,0.006418828563787162,-1.025712331151484,0.3966750214982434,0.43792452793880754,0.007002423915970946,0.1248495788206978,1.358781191407114,0.03695907996790571,0.0
2023-05-30,37.23,37.39,-0.0023945734469832457,-0.000699001807147889,0.002018707367468317,0.22050709555208728,-0.004288401104396896,37.132000000000005,36.2975,35.376,1,30,5,37.158995440763476,35.742868291857114,46.164199192463,1.0327979270192031,1.0161018035914295,39.530675886924094,33.064324113075905,0.021990411869650034,0.027664411194238302,0.02726905204969661,30752100.0,0.5768322124207959,0,0,-1,0,0,0.004011767852366905,-0.814944529049656,0.1627388098667128,0.4391589131219156,-0.03823301472487739,0.10836558499553428,-0.7252324465779554,0.03438087563792644,0.0
2023-05-31,37.25,37.23,-0.009098269879261798,-0.010189506841039178,-0.005392302092615946,0.5423877467855902,0.0005370569409431395,37.262,36.499,35.532333333333334,2,31,5,37.17554172426102,35.84010259560827,47.98331015299027,0.9760091187904507,1.0080832666312338,39.41097093681238,33.58702906318762,0.02195726120570071,0.027420721734177797,0.027259801953964023,31599959.0,0.5158018512520512,0,0,-1,0,0,-0.0008058017727637398,-0.08636956329096897,0.1593572329327426,0.43529046287122936,-0.023846960167714815,0.12131246237206517,-1.949578393466365,0.029261744966442856,0.0
2023-06-01,37.86,37.25,-0.0016142053545412246,-0.0009195402946784348,-0.008415958456098598,-0.19231853328322251,0.016243200955608328,37.498999999999995,36.687,35.659,3,1,6,37.29998868348629,35.97041855718194,60.2373887240356,0.969054820391392,1.0002775773832655,39.42727351688954,33.94672648311045,0.021443383603734382,0.02711623832274982,0.026231243359473227,32299480.0,0.8561189186190874,0,0,-1,0,0,-0.0029530201342281726,-0.416294098716105,0.21916655249379818,0.43045693856133144,-0.009937238493723966,0.11026392961876819,-0.3554410400803516,0.036053882725832063,0.0
2023-06-02,39.02,37.86,0.03518416083964403,0.02709701017637734,0.03738403041971599,-0.011924642470554522,0.03017918941378845,37.838,36.965,35.818333333333335,4,2,6,37.61271801376151,36.16716574704117,65.5083655083655,1.0450985487637325,1.009241771659359,39.44234577830001,34.4876542217,0.022689163211181158,0.027031457174560503,0.026683281656820997,32990709.0,1.6590336464134416,0,0,-1,0,0,0.016111991547807698,-0.47392229978560696,0.23154725776006907,0.42911107955747874,0.043594543995720825,0.16616855947399878,1.0391257774804519,0.025955920041004756,0.0
2023-06-05,40.14,39.02,0.004409292580113474,0.041834528549660514,0.014672331536337182,0.13663300114633642,0.028299008173226853,38.138999999999996,37.243,36.00166666666667,0,5,6,38.072223829441235,36.42347763432883,75.09068923821033,1.1821117428017303,1.043815765887833,39.83848677109805,34.64751322890196,0.020863297209840505,0.02681557382495688,0.027015637746658487,33783139.0,2.2323365561014965,0,0,-1,0,0,-0.009738595592004165,-0.2813265776447795,0.25266015098899575,0.4256840376259739,0.073549077293394,0.16078658183921357,-0.20159388329408098,0.05281514698555051,0.0
2023-06-06,41.38,40.14,0.03908135004247106,0.018714849288138078,0.037088324968206174,0.05725193332526425,0.03042432894920495,38.406,37.5695,36.230333333333334,1,6,6,38.67363767863374,36.74325327082375,78.66948257655748,1.3749042823722348,1.1100334691847136,40.51657330289374,34.622426697106256,0.018957417856828074,0.02730753845692069,0.02735851773300376,34622261.0,2.585955358666147,0,0,-1,0,0,0.0009965122072745178,-0.1590770445152672,0.208387292624251,0.4334937340460679,0.11146924523233959,0.18737446197991403,-1.3326503723953085,0.03455775737071048,0.0
2023-06-07,40.38,41.38,0.03473080788042921,0.014344018348262957,0.002988050031982389,0.03191325411010008,-0.02446305943270552,38.628,37.6985,36.49633333333334,2,7,6,38.983885373427604,36.97788209206092,74.42557442557438,1.4305120637180977,1.1741291880913904,40.902702996394375,34.49429700360563,0.020393772337143748,0.02169994637937369,0.024909627035320802,33755928.0,1.673739150120914,0,0,-1,0,0,0.005316578057032355,0.2061388549904259,0.37311186635173094,0.34447596949955556,0.08402684563758389,0.06825396825396846,-1.911046261606094,0.04730064388311054,0.0
2023-06-08,40.94,40.38,-0.024578436416411206,-0.021351416842165974,-0.0007461758833963307,-0.2680209047921059,0.013772967348451985,38.897999999999996,37.8685,36.775333333333336,3,8,6,39.33954257825895,37.233502602250546,75.45541706615526,1.5024496466675004,1.2397932798066125,41.383042869128886,34.35395713087111,0.02049209515878513,0.021672153107988822,0.024930557606919784,34418579.0,1.7478802304444803,0,0,-1,0,0,0.005200594353640437,-0.7028997869840545,0.3735840773364823,0.34403476499432384,0.08135235076597991,0.09057005860415557,-1.7978102401361562,0.025647288715193072,0.0
2023-06-09,40.32,40.94,0.010050335853501286,0.007368517968185422,-0.0004977600899188382,-0.020761812046137085,-0.015259956470030209,39.190999999999995,38.060500000000005,37.00233333333334,4,9,6,39.51780756403004,37.43263146662148,66.70157068062824,1.492230378076087,1.2902806994605074,41.67382897973417,34.44717102026584,0.019464824812913634,0.020809768620474383,0.02495215257007419,33769544.0,1.2506472633257046,0,0,-1,0,0,0.0014655593551539394,-0.6995125184218044,0.4008571905037247,0.33034483566342526,0.03331624807790878,0.10526315789473695,-0.40499175330260023,0.034102182539682536,0.0
2023-06-12,39.5,40.32,-0.03222087901116299,-0.04002498401918248,-0.04923836018799026,0.9237762616278984,-0.02054695185603703,39.402,38.205,37.211000000000006,0,12,6,39.51456982511549,37.56601008167816,54.49374288964732,1.4018052488027593,1.3125856093289578,41.80521344396446,34.604786556035535,0.02133616408271209,0.021581868507299398,0.025297194932586396,32134765.0,0.7194017911193514,0,0,-1,0,0,-0.015376984126984064,3.0298938252796415,0.3830715652193044,0.3426015413904659,-0.015944195316392684,0.07894018027861249,0.8031974511380432,0.04240506329113917,0.0
2023-06-13,40.04,39.5,0.00025185745001535264,0.0033764804166060906,0.020320378218295118,-0.5584746946884107,0.013578282539943635,39.683,38.407500000000006,37.426,1,13,6,39.6101025841854,37.72562233447312,60.70615034168565,1.358061284286002,1.3216807443203666,41.93806354529494,34.876936454705074,0.021156817223847327,0.021097050688835283,0.025322776876660884,33069991.0,0.9247815421283507,0,0,-1,0,0,0.005316455696202553,0.375279714368325,0.2969835924161017,0.33490529711749245,-0.03238279362010643,0.11253125868296743,0.4784776955680686,0.025599400599400565,0.0
2023-06-14,39.4,40.04,0.008275909303859661,0.0029768382254810387,-0.010691156125350732,-0.18613710410292622,-0.016113138143131717,39.897999999999996,38.58,37.632,2,14,6,39.571902114333504,37.833646699990986,56.20985010706636,1.2572583344875667,1.3087962623538067,41.9379066160485,35.222093383951496,0.022371484402822536,0.021600522425515373,0.025454995835475936,32293604.0,0.4883995261100828,0,0,-1,0,0,0.0,-0.16503875610165186,0.27070188091714437,0.3428976631619243,-0.024269440316988744,0.09596662030598035,0.5461479812110485,0.03957868020304578,0.0
2023-06-15,40.01,39.4,-0.016113138143131717,-0.0027271815021769003,0.0018113603089485906,-0.014683774299913308,0.015363606565255426,40.113,38.806,37.82899999999999,3,15,6,39.651556275363774,37.97405659031415,64.39560439560438,1.2126149027709872,1.289559990437243,41.885100347076296,35.7268996529237,0.02232651576691418,0.021310884599596642,0.0252279208310764,33058674.0,0.7820466138060335,0,0,-1,0,0,0.0,-0.1820343893736002,0.27785645050259106,0.3382998052159741,-0.02271617000488524,0.12735981966751186,0.5553756497572964,0.034491377155711135,0.0
2023-06-16,38.94,40.01,0.02308180745922509,0.011664110402545053,-0.0033665705757551963,0.28258197281366704,-0.027107422925090042,40.105,38.9715,38.01166666666666,4,16,6,39.522182407115814,38.03637551997131,57.62045231071778,1.0784627565227183,1.2473405436543383,41.6632908341351,36.2797091658649,0.022594863481152458,0.02255238532777432,0.02553417468273948,32043770.0,-0.023404493098456124,0,0,-1,0,0,0.007748062984253993,0.7573666747000611,0.3155888500698884,0.3580080182915565,-0.03422619047619058,0.09289924221161927,0.4438635463995682,0.05084745762711875,0.0
2023-06-20,38.61,38.94,-0.04333631348696821,-0.03132695715395201,-0.007812539736793625,-0.4866409538156894,-0.00851068966790862,39.952,39.0455,38.146,1,20,6,39.35633106036749,38.0733835509409,56.67311411992265,0.9347428384476046,1.1848210026129915,41.60211350844742,36.48888649155258,0.020293048412375326,0.02091296425876657,0.025087200519468462,31419921.0,-0.3406850496260332,0,0,-1,0,0,-0.008474576271186397,-0.6697095892386365,0.2939866007153853,0.3319830156352715,-0.022531645569620284,0.039859951521680426,0.06720311482816721,0.02667702667702671,0.0
2023-06-21,38.25,38.61,-0.0033726844786393416,-0.009978335318609225,-0.010776816088867188,-0.1069363898733995,-0.00936775000360016,39.638999999999996,39.022499999999994,38.25933333333334,2,21,6,39.155179958482485,38.084778160557626,54.6816479400749,0.7827714742753926,1.104411096945472,41.600013081287344,36.444986918712644,0.016262028210725664,0.018744369285518654,0.025191799267588445,30859341.0,-0.5994149985955965,0,0,-1,0,0,-0.003367003367003433,-0.8228754484322942,0.24635708352822494,0.29755763767343896,-0.04470529470529472,-0.01188323430638083,0.9779879132115694,0.02745098039215679,0.0
2023-06-22,37.48,38.25,-0.009137251928033234,-0.01973577429818352,-0.012766130823035802,0.2196897361793776,-0.020336102902323492,39.349000000000004,38.9885,38.24866666666666,3,22,6,38.85060178421294,38.0457602147152,48.24723247232471,0.5933606165988721,1.002201000876152,41.631036859275284,36.34596314072472,0.015853360244371235,0.01901825629215825,0.02033528630059869,30161032.0,-1.1417059290622067,0,0,-1,0,0,-0.0031372549019607174,-0.24357150416051762,0.25534863206350705,0.30190545911484057,-0.04873096446700509,-0.017819706498951815,1.032591547884688,0.020544290288153768,0.0
2023-06-23,36.59,37.48,-0.030083461225247955,-0.01746076106387651,-0.024461643548429533,0.2838645188913444,-0.024032478339105823,38.914,38.906,38.217,4,23,6,38.439583277992405,37.95184020086261,38.505203405865636,0.3672027011360868,0.875201340928139,41.74281363133785,36.069186368662145,0.014689286792187102,0.019682588755016127,0.02075838105227235,29233501.0,-1.6328178731344833,0,0,-1,0,0,-0.012806830309498318,0.5881854618339067,0.1326990064464113,0.31245141002237453,-0.08547863034241432,-0.04314853556485354,0.274062871491189,0.027679693905438604,0.0
2023-06-26,37.19,36.59,-0.011963166058275174,-0.0010680908892584152,-0.0007463587917398849,-0.6833743941600654,0.01626492890586317,38.601,38.896,38.24066666666667,0,26,6,38.21238631835742,37.9026892201618,35.323383084577074,0.23369205282607908,0.7468994833077269,41.75662488572672,36.03537511427328,0.016933103047876243,0.019489397480809075,0.020307434338152946,29701821.0,-1.192746388044237,0,0,-1,0,0,-0.0008198961464881426,-1.1437655552610744,0.24933055004639001,0.3093845936202573,-0.04494093477144323,-0.00534902380315605,1.2863650846895924,0.026888948642108095,0.0
2023-06-27,37.45,37.19,0.018428705822917005,0.004797450565907485,0.015254994823890157,0.038344037955392374,0.006966802026249936,38.396,38.899,38.26866666666667,1,27,6,38.073770624110615,37.87348346402233,28.335170893054,0.1471672764826124,0.6269530419427041,41.75309327476338,36.04490672523662,0.016911459346036904,0.01955365114404948,0.020332908542189446,30188447.0,-1.015383773762705,0,0,-1,0,0,0.0013444474321055195,-1.1172826477166997,0.27450461446324936,0.31040458890281125,-0.03004403004403,0.0016047071409468483,0.39056433976576954,0.01655540720961275,0.0
2023-06-28,37.95,37.45,0.0061571603967296995,0.01097386566311147,-0.002978207155969527,0.011053991274519582,0.013262793878410386,38.187,38.934999999999995,38.333999999999996,2,28,6,38.05126687427232,37.878420014730565,35.822637106184345,0.11758612947297564,0.5250796594487585,41.717724904609454,36.152275095390536,0.016872100827592787,0.019734743930437768,0.020165204006855744,30680482.0,-0.7079391846232324,0,0,-1,0,0,0.0005340453938583717,-1.0956904146947188,0.30275736916889806,0.3132793477648782,-0.007843137254901933,0.01933924254633368,-0.49084691232651934,0.030171277997364847,0.0
2023-06-29,38.99,37.95,0.01272889103604311,0.03221703044456182,0.027545530839850126,0.710888010470502,0.027035699152866945,38.146,39.022,38.43533333333333,3,29,6,38.221945624404626,37.95013485248989,39.22651933701659,0.17603296723496697,0.4552703210060002,41.689319569194396,36.3546804308056,0.019212481066594234,0.020587364313591528,0.020680712210541925,31682166.0,-0.023994125315596384,0,0,-1,0,0,0.0,0.8559364932384673,0.30581488522199,0.3268142767442949,0.04028815368196392,0.04671140939597329,-1.4160722548960756,0.034880738650936306,0.0
2023-06-30,39.34,38.99,0.03749631246224913,0.01566479732739689,0.029371832016648374,-0.45498013969609175,0.008936609966407195,38.079,39.096,38.56366666666667,4,30,6,38.42522823814924,38.03980357168409,44.41913439635536,0.2477388034617718,0.4137640174971545,41.709152159848934,36.48284784015106,0.018700221210431647,0.02039016767479315,0.020491538499600823,32317695.0,0.18674764045436407,0,0,-1,0,0,0.010515516799179189,-0.5379797212200504,0.12755560794747087,0.32368387715046487,0.07515714676141028,0.039091389329107384,1.17746827097716,0.021606507371631962,0.0
2023-07-03,38.55,39.34,-0.0058546686261480956,-0.016301618338538354,-0.020398757815527472,-0.6156054562772306,-0.020285712951574685,38.040000000000006,39.072500000000005,38.66100000000001,0,3,7,38.447914013031195,38.072719470285115,44.571428571428555,0.2380754124319182,0.3786262964841073,41.69695884146107,36.44804115853894,0.017799137770556913,0.01980161386255137,0.02094375685927095,31974310.0,-0.3981773245939923,0,0,-1,0,0,-0.0043213014743264284,-1.4926518902577532,0.27420274907848735,0.3143408750282404,0.03656897015326699,-0.012045105074320994,-0.9926846392730664,0.02576653696498049,0.0
2023-07-05,37.84,38.55,-0.022722382188536908,-0.01605377057840868,-0.013997545964107485,0.23036004905923926,-0.018589355825660788,37.963,38.957499999999996,38.684666666666665,2,5,7,38.337384192480066,38.057705310911885,37.6681614349776,0.17115309282240787,0.3371316557517674,41.586567275069044,36.32843272493095,0.01853410067616524,0.01893859473035249,0.01992145642132961,31541970.0,-0.8501113764543305,0,0,-1,0,0,-0.006744487678339768,-1.0727540469883325,0.32985675644002793,0.3006408710253063,0.010413885180240445,-0.05729945191828589,-0.10953073269681338,0.023784355179703977,0.0
2023-07-06,37.01,37.84,-0.024588152128561275,-0.02862966385343882,-0.027958810376992622,-0.07452795778072654,-0.02217859778561303,37.839000000000006,38.739,38.628,3,6,7,38.09604161202914,37.99011141988532,36.882546652030726,0.05055978722724319,0.27981728204686257,41.243790357862125,36.23420964213787,0.019502252595519666,0.017634825616339445,0.018705406467212356,31140680.0,-1.3805546596528144,0,0,-1,0,0,-0.01268498942917558,-1.0723413719486197,0.3495523384939823,0.2799441779689531,-0.024769433465085755,-0.10560657322377975,0.973757047169552,0.0229667657389895,0.0
2023-07-07,37.31,37.01,-0.00941246696257728,0.0002664180114331719,0.008956499009800502,0.26489901815980393,0.008073240835001915,37.822,38.5855,38.599666666666664,4,7,7,37.953124955296566,37.94623326376369,34.65909090909095,-0.020566703335660463,0.21974048497035797,41.042682597160116,36.12831740283989,0.018796877842226712,0.01730229303692533,0.018618988885214963,31663681.0,-1.0381808836463031,0,0,-1,0,0,0.0,-0.6013698647508197,0.2502460412953663,0.2746653869212136,-0.04308797127468578,-0.07602773650321937,0.5819140272087676,0.014205306888233748,0.0
2023-07-10,38.25,37.31,0.002967761519935146,0.019781734330840316,0.002967761519935146,0.10196432182681908,0.024882173039478348,37.98800000000001,38.451,38.6,0,10,7,38.00710223615173,37.96583111771442,46.020761245674755,-0.0010724528839674008,0.1755778973994929,40.646036506109866,36.255963493890135,0.018379232366208725,0.01807904416142723,0.019202061607394738,32242823.0,-0.18314046207479373,0,0,-1,0,0,-0.005092468507102783,-0.39675410113147735,0.3345726884760131,0.2869959287573444,-0.027707168276563388,-0.06570591108939905,0.9502711538716853,0.03058823529411769,0.0
2023-07-11,38.29,38.25,0.028679607694529843,0.0015657623240621366,0.008316613998337895,-0.17852108600241676,0.0010452052166583835,38.098,38.3495,38.63,1,11,7,38.05853819321505,37.9867452391522,48.09069212410501,0.01740392513811173,0.14394310294721666,40.36068425442829,36.338315745571705,0.017919579410659116,0.017879194753066697,0.01872958260458904,32727279.0,-0.05916911876074077,0,0,-1,0,0,-0.0013071895424835859,-0.678376405659313,0.30890793834696373,0.2838234177522322,-0.0067444876783397945,-0.05034722222222221,0.2936101550853859,0.02402716113867855,0.0
2023-07-12,38.63,38.29,0.017644463979708837,0.01372545177897307,0.020624739542470953,0.45737457406760523,0.008840411188986912,38.215999999999994,38.306,38.67133333333334,2,12,7,38.16244033990322,38.02824554630367,52.27272727272729,0.05880389167805333,0.126915260693384,40.24888337001243,36.363116629987566,0.01797543307472633,0.017529018514446916,0.018783932690705333,33492681.0,0.33352490942153923,0,0,-1,0,0,0.01540872290415261,0.581260324398944,0.27159546022951886,0.27826454229764047,0.020877378435517846,-0.022025316455696164,-0.7213796698354584,0.017344033134869315,0.0
2023-07-13,39.19,38.63,-0.004123717183862152,0.009471464636179061,0.008080325471116334,-0.2516280381684599,0.01439243553335003,38.339999999999996,38.2635,38.73666666666667,3,13,7,38.34926936901172,38.10319744654215,60.490797546012274,0.1352419977514856,0.12858060810500432,40.07973410269344,36.44726589730656,0.018050422963748376,0.017566237337710146,0.01890546185398558,34087807.0,1.0202429286246886,0,0,-1,0,0,0.0023297954957286126,-0.17295309009680587,0.14291049563556277,0.2788553728003103,0.058902999189408334,-0.021228771228771315,0.7722206539859249,0.018627200816534753,0.0
2023-07-14,38.8,39.19,0.015377032870589512,0.009634962973926377,0.00025957170814140267,-0.23779518325660362,-0.010001365582312396,38.321,38.2335,38.788333333333334,4,14,7,38.43122039282777,38.14815244999104,64.4444444444444,0.1624770723360598,0.13535990095121542,39.98951552564691,36.47748447435309,0.016304034341042294,0.017344454588575524,0.019027822213700536,33618631.0,0.6452106962907415,0,0,-1,0,0,0.0033171727481501037,-0.7423695816671945,0.21137831730543885,0.2753346808045437,0.03993567408201537,-0.015228426395939132,-0.10948294756317782,0.028350515463917564,0.0
2023-07-17,40.07,38.8,-0.014860637300115886,0.011665231056648375,0.004402441397669963,0.2720822932174714,0.032207678018825535,38.394,38.2365,38.861999999999995,0,17,7,38.729180321404534,38.27214261450775,67.30769230769229,0.28327404447684046,0.16494272965634044,40.005451815712625,36.467548184287374,0.019276573202674934,0.01857290044754923,0.019690515933406465,34234516.0,2.072979019229386,0,0,-1,0,0,-0.0015463917525771953,0.05213807690749538,0.2528600346826263,0.294835654256253,0.047581699346405326,0.0014996250937266975,0.5031843406248819,0.03481407536810571,0.0
2023-07-18,40.5,40.07,0.03525152629997545,0.012516428348695069,0.030787319024906265,-0.26181074289564166,0.010674049464440262,38.589,38.3145,38.91133333333333,1,18,7,39.05114753569462,38.41587534905564,67.96230859835097,0.4089893469292889,0.21375205311093015,40.3339055925855,36.2950944074145,0.017756244032764625,0.017570841706197663,0.019018843175707168,34708536.0,2.1644983137853386,0,0,-1,0,0,0.001497379585725038,-0.6288215165562775,0.24170538515050177,0.2789284648840851,0.05771741969182553,0.04006163328197232,0.005795679481306616,0.017037037037037156,0.0
2023-07-19,40.22,40.5,0.015331655408046332,0.01576182670500787,-0.005023873917482325,-0.07168096706742269,-0.006937589767987463,38.827,38.394999999999996,38.913999999999994,2,19,7,39.263666165568324,38.532270487826246,63.72430471584034,0.48048721241847403,0.26709908497243895,40.58514539291399,36.204854607086006,0.016383740298456823,0.017524746058997575,0.018356900241694292,34267305.0,1.666556024914708,0,0,-1,0,0,0.006172839506172839,-0.7597951102056838,0.27561435002433654,0.2781967191700011,0.041159720424540414,0.041699041699041706,0.4401327687573924,0.038165091994032736,0.0
2023-07-20,40.33,40.22,-0.013091455342365808,-0.017240752288841036,0.007276408970776157,0.07161767659578215,0.002731224540770725,39.159,38.499,38.879,3,20,7,39.4575450445559,38.648253036998746,59.12806539509533,0.5398033496260268,0.32163993790315654,40.85166388768522,36.146336112314785,0.01322262391978699,0.017313916758093496,0.017431580849198682,34741295.0,1.5565334339377424,0,0,-1,0,0,0.0,-0.536256865228958,0.27135253922276176,0.2748499077743343,0.02908905332993106,0.054379084967320246,1.1202981360277537,0.013389536325316122,0.0
2023-07-21,39.94,40.33,0.01358213248665617,0.006638008393860394,-0.0017515330388063767,0.03187336353243074,-0.009717280897607676,39.422,38.622,38.86433333333333,4,21,7,39.54526412736392,38.73159155074077,54.06504065040645,0.5490133904624201,0.3671146284150093,41.00734649364277,36.23665350635723,0.014450101989438921,0.01673323174093025,0.0169532943022117,34251954.0,1.1050805436548732,0,0,-1,0,0,0.010909992561368828,-0.38993658774371487,0.27032487671615874,0.26563181890148296,0.02938144329896919,0.06563500533617939,1.1341063496494632,0.022033049574361606,0.0
2023-07-24,39.22,39.94,-0.021319597770519685,-0.020687900191201307,-0.023109968812553495,-0.12248815553759816,-0.01819150721946893,39.51899999999999,38.753499999999995,38.807,0,24,7,39.48612519511593,38.763101773273625,54.582763337893304,0.4925367741323967,0.39219905755848683,40.949652377034624,36.557347622965366,0.014838116991826926,0.016289412587381164,0.01703880887326367,33819026.0,0.42483390941196825,0,0,-1,0,0,-0.0007511266900350811,-0.6688988307615429,0.17739446069249087,0.2585864082572146,-0.02121287746443723,0.07187756217545771,0.26229286958882475,0.02439061703212651,0.0
2023-07-25,39.38,39.22,-0.018971101398332843,-0.005179195021893869,0.0024880728744676108,-0.26068571799477436,0.004071252442779458,39.628,38.863,38.775666666666666,1,25,7,39.46682970509485,38.802901658868876,61.390532544378665,0.45543929097772917,0.40484710424233533,40.9464091494969,36.7795908505031,0.014833690860082746,0.016010632441817198,0.016860346808177155,34152607.0,0.4963019386996998,0,0,-1,0,0,-0.0015298317185110219,-1.2536246792706787,0.145466385067182,0.25416091064346674,-0.0276543209876543,0.05888679752621684,-0.2945299525833215,0.016579481970543306,0.0
2023-07-26,40.07,39.38,0.005602255548669973,0.022922307808979345,0.00649807981860216,0.18008772152792338,0.01736985143707364,39.772000000000006,38.994,38.794666666666664,2,26,7,39.57649703144124,38.884649938941855,73.1117824773414,0.4762268549907134,0.419123054392011,41.03231096227837,36.955689037721626,0.015458741216938921,0.016319437151602997,0.016752365272371568,34552011.0,1.0557761008136595,0,0,-1,0,0,0.0,-0.77827538730877,0.21698723747656024,0.2590630334381389,-0.0037294878170064383,0.06995994659546056,0.03486189064118996,0.032942350885949594,0.0
2023-07-27,39.41,40.07,0.024085459315086228,-0.00246309482682725,-0.0012708096766802454,0.17611856074011917,-0.016608333441141016,39.794,39.067,38.77366666666667,3,27,7,39.546224843906465,38.91854349126819,65.04297994269336,0.4344367486761982,0.4221857932488485,41.05175346473719,37.08224653526281,0.016157931108400376,0.01673046381825147,0.016845854104638344,34075690.0,0.3456348670946042,0,0,-1,0,0,0.006738208135762494,-0.2729147267219452,0.2396444843744389,0.26558787949114515,-0.02281180262831639,0.0384716732542818,0.8500535966435492,0.03222278609489977,0.0
2023-07-28,40.61,39.41,-0.010716613465423335,0.004672497959537846,0.00961789241417891,0.08392764612394743,0.029994750491294127,39.975,39.148,38.814,4,28,7,39.73963850865074,39.027669717637984,66.29834254143644,0.4924708619776439,0.43624280699460755,41.24838192015716,37.04761807984285,0.01813509761388827,0.016985487586284157,0.017484820927144352,34593713.0,1.3921277706395458,0,0,-1,0,0,0.012687135244861711,0.22924300818709495,0.3353860150944353,0.26963625630289584,0.016775162744116168,0.04154911515773274,0.19138800094271116,0.026594434868259006,0.0
2023-07-31,41.76,40.61,0.021564846085666757,0.025182928854178457,0.02475404708585994,0.31618854421997983,0.027924601876176913,40.144,39.269,38.87233333333334,0,31,7,40.10697696162333,39.2039490906936,70.77844311377243,0.6240648725474003,0.47380722010516607,41.67285567479827,36.865144325201726,0.017416980237283095,0.01791818288588096,0.01799702273600354,35304383.0,2.072503791400907,0,0,-1,0,0,0.004186161044077856,1.9244919017694964,0.30817033236081615,0.284442335173288,0.06476287608363074,0.061514997458057774,-0.928905410710155,0.026939655172413795,0.0
2023-08-01,41.41,41.76,0.02062929606057492,0.004056800695614469,0.006246575520073728,-0.27755440411635285,-0.008416546016907436,40.235,39.41199999999999,38.95466666666667,1,1,8,40.34389024132818,39.346274955810145,66.62679425837315,0.6921335147596324,0.5174724790360593,41.971026130550186,36.8529738694498,0.017676536060992537,0.017300444499355444,0.01729910977250328,34765955.0,1.5615315343188227,0,0,-1,0,0,-0.003113026819923263,0.293788688275078,0.34125349891314277,0.2746360422970191,0.0515490096495681,0.07418936446173796,-0.47098839910630863,0.02511470659261046,0.0
2023-08-02,40.9,41.41,-0.018180115311435086,-0.02093687354919238,-0.019228872511021174,-0.20245194735312536,-0.012392334508719724,40.303,39.565,39.03099999999999,2,2,8,40.44500110654124,39.44651528124175,60.28880866425992,0.6968923254414676,0.553356448317141,42.09401894854542,37.03598105145458,0.018069759794272684,0.01693942806304402,0.017394766971476308,34326207.0,1.055745351981513,0,0,-1,0,0,-0.012798840859695583,-0.6545256869109028,0.36623253593492133,0.26890508403889823,0.02071375093586214,0.08086680761099352,0.5436290943447565,0.023224938875305613,0.0
2023-08-03,40.43,40.9,-0.0053961376952486005,-0.0031664866306633527,0.0012414465564486987,0.31174729980094507,-0.011557979396076496,40.313,39.736000000000004,39.10366666666666,3,3,8,40.44227363262465,39.509965908258415,59.71394517282479,0.6551860679934265,0.5737223722523981,41.98455883670001,37.4874411633,0.01854385774039633,0.01624358134044496,0.01744813435554438,33725595.0,0.6172842699713499,0,0,-1,0,0,-0.005867970660146748,0.8007077234542113,0.34975827967208245,0.25785885976719947,0.02588175589951791,0.0924074574439342,0.5940417151071838,0.019045263418253848,0.0
2023-08-04,42.9,40.43,0.03242481008316781,0.09222262640138304,0.03829269211531811,1.141973264195376,0.05929974228129184,40.608999999999995,40.015499999999996,39.28433333333334,4,4,8,40.889132972147436,39.72867778514497,64.75495307612096,0.812080754403155,0.6213940486825495,42.38100183837693,37.64999816162306,0.02619631903751531,0.020592517111953996,0.02001006516389122,35607279.0,2.4388059676835177,0,0,-1,0,0,0.038832550086569384,4.024626945647393,0.5164335094899112,0.32689607488243383,0.0563900517114011,0.14982578397212531,1.136531887073333,0.07365967365967376,0.0
2023-08-07,41.0,42.9,-0.013181736702064278,-0.07672969971074521,-0.04402765360109701,-0.41782297069524904,-0.04529975922966342,40.787,40.153,39.431333333333335,0,7,8,40.90929061357517,39.810698573200135,52.260397830018086,0.7741825086625909,0.6519517406785578,42.40329682252583,37.902703177474166,0.030067605159363412,0.02310535060999069,0.02132547630928162,34368230.0,0.7527895800424159,0,0,-1,0,0,-0.0337995337995337,1.754233287604242,0.6148450997942304,0.3667860700139395,-0.018199233716475027,0.07189542483660127,1.3819615659313982,0.040000000000000015,0.0
2023-08-08,39.77,41.0,-0.03560842746736777,-0.03594958582341042,-0.03149866705937105,-0.018867008519261118,-0.03045920748470846,40.826,40.227,39.51733333333333,1,8,8,40.702146865652416,39.808072858800124,48.12656119900085,0.6375479000776778,0.6490709725583819,42.31050009157069,38.143499908429305,0.03203196873186746,0.024306715145701298,0.022066328606795357,33152339.0,-0.4386848859271949,0,0,-1,0,0,-0.024390243902439025,1.4904912117914082,0.6450107812734428,0.38585714078647654,-0.03960396039603942,0.03865238965787432,1.6112790593878903,0.03545385969323602,0.0
2023-08-09,39.04,39.77,-0.009293046911592641,-0.006745809466158437,-0.02086125195771694,-0.277128725923808,-0.018526097674707614,40.723,40.2475,39.57033333333334,2,9,8,40.39993834462471,39.758519771135596,44.89311163895487,0.4649988716982918,0.6122565523863639,42.272074029270385,38.22292597072962,0.03204023836745354,0.024671572198131587,0.022370480165362427,32230746.0,-1.1928435142825213,0,0,-1,0,0,-0.0035202413879809043,0.6796911114260152,0.6493210945203136,0.3916490669353881,-0.04547677261613692,0.010613512813875126,1.7198329565287382,0.049692622950819616,0.0
2023-08-10,37.79,39.04,-0.001262467027924084,0.008735859874168521,-0.007405482137689227,0.047976903694380506,-0.032542244183494155,40.561,40.177499999999995,39.565000000000005,3,10,8,39.92540410014749,39.63151849557846,42.03113417346184,0.22479665434467222,0.5347645727780256,42.43897483316723,37.91602516683276,0.03316997092146009,0.025492686442779106,0.023073101652684905,31263860.0,-2.1114539635678895,0,0,-1,0,0,0.013831967213114733,0.7391954463301481,0.6710518721911665,0.404683851471248,-0.06529804600544153,-0.0357233988262311,1.97496961879213,0.06800740936755756,0.0
2023-08-11,38.7,37.79,-0.05238428583435739,-0.018307721368184454,-0.0047897909561290366,-0.2598591464265167,0.023795082674338563,40.37,40.1725,39.55533333333334,4,11,8,39.702603354666124,39.57142052812179,48.09941520467838,0.10663484126882139,0.4491386264761848,42.44720183124048,37.89779816875952,0.03249575788699604,0.026029793864990197,0.02294515942095334,32009484.0,-1.294675178765728,0,0,-1,0,0,-0.0060862662079914495,0.13042929096406702,0.41850653831659357,0.4132101674702331,-0.0979020979020978,-0.002577319587628746,1.5818312178184268,0.05219638242894046,0.0
2023-08-14,38.62,38.7,0.026275815402282646,-0.018262432077386714,0.009820915033356076,0.23397170332036657,-0.002069323035367869,40.056,40.1,39.53133333333333,0,14,8,39.50576638109047,39.51003855856555,47.20588235294116,0.0064609439442264716,0.3606030899697932,42.47851789323042,37.721482106769585,0.03045998739442635,0.024877640717448433,0.02288475311406565,31067307.0,-1.2444724542222585,0,0,-1,0,0,-0.003617571059431539,0.5965019715599494,0.36932144642438214,0.39492030326629823,-0.05804878048780493,-0.036186673321687124,1.0491983537667546,0.02421025375453139,0.0
2023-08-15,38.82,38.62,-0.001557228448606431,0.0019313725182190135,0.013511060126184346,-0.42971240196845717,0.005165300740495896,39.797,40.016,39.540333333333336,1,15,8,39.38108158452856,39.465519941883905,45.23264683447751,-0.05614209178239804,0.27725405361935496,42.452981739774884,37.57901826022511,0.030710980678511857,0.024764099989350873,0.022597169608156848,31680378.0,-0.9815420283867018,0,0,-1,0,0,-0.0031071983428274845,-0.2769710363345576,0.34282916417683573,0.3931179000849581,-0.023887352275584695,-0.04148148148148145,0.06335660974391258,0.012751159196290506,0.0
2023-08-16,38.37,38.82,0.0038885337396923746,-0.001544799483316788,-0.005356339150222757,0.022089321197608175,-0.011659673482003216,39.544,39.923500000000004,39.558,2,16,8,39.197248569159726,39.394841235955916,45.96899224806202,-0.14044769422595493,0.19371370405029298,42.46603313387228,37.38096686612773,0.03069533678364976,0.02483666304871353,0.022434131567225093,31053614.0,-1.2220096401528708,0,0,-1,0,0,-0.004379185986604887,-0.2688499513176407,0.32885534374791064,0.3942698029416198,-0.017161885245901676,-0.045997016409746405,-0.15004257953816214,0.01667969768047956,0.0
2023-08-17,38.11,38.37,-0.007531525018193463,-0.007007229799206971,-0.022654476173787727,-0.015971751480584186,-0.006799189373092066,39.312,39.8125,39.59466666666666,3,17,8,38.99956701113068,39.31194825299102,39.54849498327761,-0.22563928936861544,0.10984310536651132,42.471481799584694,37.153518200415306,0.03063684827998258,0.024831051989014485,0.022074457077698846,30436781.0,-1.2805653654838212,0,0,-1,0,0,-0.000260620276257441,-0.3171948996442139,0.22106030364481988,0.39418073013028854,0.008467848637205622,-0.05504587155963303,1.2483532763393406,0.03211755444765163,0.0
2023-08-18,37.39,38.11,-0.018151228311287664,-0.004264509674246891,0.00026795284190357774,0.09742535537089188,-0.01907342589674642,38.761,39.684999999999995,39.59733333333334,4,18,8,38.70691846365237,39.18795159150773,31.04943625325241,-0.3472493506414338,0.01842461416492229,42.55445804529019,36.8155419547098,0.01987891328138653,0.025055117652441162,0.022332496562348755,29756828.0,-1.599605196365851,0,0,-1,0,0,-0.011545526108632844,-0.1758423930113726,0.14529291289309032,0.3977376622669426,-0.03385012919896646,-0.06384576865297942,-0.01280265734274332,0.028082374966568523,0.0
2023-08-21,37.56,37.39,-0.008531110125123413,-0.014303767262423342,-0.01852280361932468,0.010544938887976233,0.004536365351039898,38.417,39.602,39.574333333333335,0,21,8,38.4983878338974,39.08292245657175,33.03964757709255,-0.42500937755727364,-0.07026218417951689,42.62026440193639,36.583735598063605,0.017298510807911026,0.02485005985163149,0.021852176764299035,30443989.0,-1.3530955066030224,0,0,-1,0,0,-0.001069804760631162,-0.19440422677312466,0.16517758410677535,0.39448247059492536,-0.02744691869497662,-0.04232534421213663,-0.143994373290596,0.03168264110756117,0.0
2023-08-22,36.84,37.56,0.008531110125123406,0.002837630174779133,-0.010287450990553854,-0.09994047003928355,-0.01935544295295598,38.124,39.475,39.525999999999996,1,22,8,38.196862773188776,38.93821778195422,32.439446366782036,-0.5385249612941081,-0.16391473960243513,42.73654306393327,36.213456936066734,0.01610707825771028,0.025099661398368656,0.02211684952785887,29822183.0,-1.6157996067188576,0,0,-1,0,0,0.0029286474973375777,-0.4287621961495192,0.15614016840301426,0.39844477231206704,-0.051004636785162205,-0.06449974606399189,0.9068513725869353,0.04539902280130291,0.0
2023-08-23,37.12,36.84,-0.016325800846735974,-0.009468074834397775,0.011378558572888319,0.016300803343475143,0.0075716965308935125,37.932,39.3275,39.47566666666667,2,23,8,38.001069541699906,38.82091340892492,35.44415127528583,-0.5989884532669052,-0.25092948233532913,42.73911406467853,35.91588593532147,0.01625522374528613,0.02476792514398113,0.022098268727711725,30454208.0,-1.2941088635170774,0,0,-1,0,0,0.005971769815417993,-0.444563299291247,0.20001415525953828,0.3931786225322263,-0.03257753453218659,-0.07362116296481169,0.05987404156492052,0.024245689655172376,0.0
2023-08-24,36.25,37.12,-0.002431447908673286,-0.012316086067319489,-0.022609179211277326,-0.05079169122421813,-0.02371652661731593,37.778,39.1695,39.37766666666666,3,24,8,37.68269326139083,38.65504802770396,15.967246673490294,-0.7089357651741679,-0.34253073890309693,42.84733388766537,35.49166611233463,0.014829191749487831,0.025007359751929678,0.022260118282553386,29853483.0,-1.5876192830738478,0,0,-1,0,0,-0.004040948275862031,-0.5624338568303389,0.23344430920065828,0.39697952909959094,-0.04880608764103911,-0.08018269474752593,0.562563008673916,0.034758620689655115,0.0
2023-08-25,37.38,36.25,-0.014165314493873277,0.01576940335226598,0.01631899027768046,0.16972152717991384,0.03069642072673308,37.646,39.007999999999996,39.330333333333336,4,25,8,37.627658122956134,38.572786864626295,29.888888888888914,-0.6968553313103527,-0.4133956573845481,42.70312680503116,35.31287319496883,0.01640952227808344,0.025060079114894322,0.023029340875086648,30565327.0,-0.8811605587030787,0,0,-1,0,0,0.005517241379310423,-0.2652729871377555,0.35200948862535414,0.39781642304168413,-0.00026745119015769703,-0.07953705983747839,0.38459659674898683,0.03370786516853927,0.0
2023-08-28,36.9,37.38,0.032391495791235285,0.0002651464949910422,0.006017523628567432,-0.469681138671857,-0.012924250980935402,37.474000000000004,38.765,39.224666666666664,0,28,8,37.495356646055015,38.4648651314246,32.60606060606061,-0.7177398309177931,-0.47426449209119714,42.33521302622524,35.19478697377476,0.016668052931950103,0.023945472999261485,0.02221713093779009,30120281.0,-1.044755585339317,0,0,-1,0,0,0.007223113964686892,-1.004167597712127,0.3598603869807614,0.38012259949114696,-0.01757188498402562,-0.11637931034482762,1.0531769282187697,0.02845528455284545,0.0
2023-08-29,37.78,36.9,-0.02392265675841633,0.0026476054650548374,-0.0076484825489260685,0.4322217316621698,0.023568311026881988,37.37,38.5835,39.134,1,29,8,37.54710998313592,38.42068028423592,42.50000000000002,-0.6557235291182906,-0.5105562994966159,41.950862078603656,35.216137921396346,0.01877515730853957,0.024837417595467225,0.02261219772425297,30805953.0,-0.47722815737901675,0,0,-1,0,0,-0.0037940379403794194,-0.32172692614781506,0.3700539050475026,0.3942817809999969,0.025515743756786113,-0.08765998551074605,-0.19029894269158099,0.037834833245103255,0.0
2023-08-30,37.95,37.78,0.02710483923687922,0.011828236207299588,0.034022454711594007,-0.31449212511872343,0.004489641768275388,37.328,38.43599999999999,39.05833333333333,2,30,8,37.62036271347484,38.390313814285214,51.092896174863405,-0.5861013721059365,-0.52566531401848,41.630102460208924,35.24189753979106,0.01860327905174719,0.024835915610566174,0.02262389753313134,31306603.0,-0.3043108391508516,0,0,-1,0,0,-0.0002646903123345159,-0.8900440042192942,0.36947719250474564,0.39425793772886997,0.022359913793103647,-0.07212713936430304,-0.05836524470920021,0.016337285902503412,0.0
2023-08-31,37.34,37.95,0.007123100952823928,0.0005224660515922399,-0.011889793396677995,0.11812342402637609,-0.01620436572806232,37.251,38.2815,38.95866666666667,3,31,8,37.56938767466123,38.32255163271843,40.31339031339033,-0.5735358488386382,-0.5352394209825116,41.36656265397389,35.196437346026116,0.019151364002258458,0.024934986577774994,0.022757292392028425,30743180.0,-0.6103603755257587,0,0,-1,0,0,0.002371541501976187,-0.6931522027102762,0.33643341234790847,0.39583064057715694,0.030068965517241475,-0.07642839475636898,0.15478921710953214,0.029057311194429586,0.0
2023-09-01,37.37,37.34,-0.01030528343128702,-0.008392391245492238,0.00016125564429689363,-0.10962275527984928,0.0008031053838157682,37.249,38.005,38.873000000000005,4,1,9,37.53313537017737,38.26109668867208,41.03299856527976,-0.5547618821894602,-0.5391439132239014,40.21406743839241,35.79593256160759,0.01819566292716979,0.01981061390526398,0.02272089045031139,31248104.0,-0.5749032274561159,0,0,-1,0,0,0.008302088912694032,-1.0011293830302173,0.2526093232919426,0.31448374627707953,-0.00026752273943297933,-0.12890442890442888,0.7487505387768686,0.02031040941932032,0.0
2023-09-05,37.1,37.37,-0.014715984632513003,-0.014190278561062369,-0.013282850741231783,0.36398333577574765,-0.007251273884003,37.203,37.81,38.80233333333333,1,5,9,37.454383484690574,38.18618722488679,37.78409090909091,-0.5552693227670034,-0.5423689951325219,39.54316868313728,36.07683131686272,0.018256341026669277,0.017732804735280033,0.022542494829867588,30521493.0,-0.8193085957620723,0,0,-1,0,0,-0.007225046829007119,0.14145132181401165,0.23723611743375475,0.2814995482633172,0.005420054200542035,-0.09512195121951217,0.7465197654688859,0.01927223719676559,0.0
2023-09-06,37.57,37.1,0.0018850146957714257,0.016820474711757454,0.012180418556871232,0.23180303776550143,0.012588889972488148,37.276,37.7,38.742,2,6,9,37.47540466929228,38.146433210377964,44.33427762039661,-0.5118461571480779,-0.5362644275356332,39.168432748490524,36.23156725150948,0.01751260204289423,0.01710145985497932,0.022671376993011333,31437656.0,-0.17705952163439043,0,0,-1,0,0,0.0018867924528301963,1.5389105061269261,0.17502950051892713,0.27147725899458,-0.0055584965590259605,-0.05531807895398544,-0.2626574142037632,0.023955283470854367,0.0
2023-09-07,37.21,37.57,0.005901304679861641,-0.018023281405383586,-0.019560525854493596,-0.407534018789558,-0.009628317227346332,37.285000000000004,37.6085,38.64666666666667,3,7,9,37.427149274875504,38.08601816454713,43.71508379888269,-0.5007101025218788,-0.5291535625328823,38.94774212660802,36.26925787339198,0.017754394233419384,0.01678846949827394,0.022433417548499153,30828143.0,-0.595112701553531,0,0,-1,0,0,-0.004791056694170874,-0.4310580140827006,0.1753716213989692,0.266508691114957,-0.019499341238471746,-0.046875,0.8039009486735996,0.02526202633700612,0.0
2023-09-08,36.31,37.21,-0.00509452770992137,-0.002946299171631935,-0.004123717183862264,0.18308335038310278,-0.024484356932286625,37.291000000000004,37.5345,38.54333333333333,4,8,9,37.22403122489814,37.971436347479575,42.643051771117165,-0.5580740471592165,-0.5349376594581491,38.990022695043564,36.07897730495644,0.017867356409114594,0.01613662961928545,0.022645618514417834,30096170.0,-1.682557069250438,0,0,-1,0,0,-0.0002687449610319272,0.6031349638171676,0.2157227224795459,0.2561610538283291,-0.027584359935725833,-0.03916379994707586,-0.05664314992372488,0.026989809969705424,0.0
2023-09-11,37.07,36.31,-0.022289588189124725,-0.0008050449918219152,-0.005247905981438668,0.09374991416189855,0.0207148317363965,37.26,37.452999999999996,38.425333333333334,0,11,9,37.196025547643934,37.913279163771215,46.910466582597714,-0.5360307097991921,-0.5351562695263578,38.813156337762436,36.092843662237556,0.01610862542304955,0.015883406523296718,0.02223122673254355,30900085.0,-0.5631705552761074,0,0,-1,0,0,0.001927843569264673,1.14013927411108,0.288012532342422,0.25214126179910495,-0.008027829810007936,-0.04211886304909562,0.11543210489347824,0.030752630159158363,0.0
2023-09-12,36.62,37.07,0.016358052869002417,0.01465715779997344,0.01293180767335315,-0.3967954105605453,-0.012213477916276335,37.232,37.353,38.254000000000005,1,12,9,37.09129362989049,37.82984179836662,48.56396866840728,-0.5485491126105799,-0.5378348381432022,38.64423523071907,36.061764769280934,0.01605134949112857,0.01604352097514678,0.021493414898717107,30359475.0,-1.1353469647692442,0,0,-1,0,0,-0.0024278392230915407,-0.9201535934168922,0.29618607496944804,0.25468299992452115,-0.012938005390835672,-0.05178663904712588,0.30427962607908005,0.03331512834516655,0.0
2023-09-13,35.3,36.62,-0.00978268671261408,-0.027218949241314305,-0.047874782275159865,0.40968597749808405,-0.03671157530711355,36.984,37.177,38.050333333333334,2,13,9,36.765603879001304,37.666626198472,39.540229885057464,-0.6574048514216599,-0.5617488407988938,38.580965811548694,35.773034188451305,0.017040174754830276,0.017575608209832387,0.022261095248945838,29545130.0,-2.6738542841431636,0,0,-1,0,0,0.0,1.4151918446933958,0.33831950448057163,0.27900413078352976,-0.0604205483098218,-0.09067490984028859,0.9094195044765668,0.05424929178470253,0.0
2023-09-14,34.95,35.3,-0.03049862112239523,-0.02379590995022873,-0.0002868205956849069,0.04569173457942873,-0.009964495259431605,36.684,37.006,37.852000000000004,3,14,9,36.43549408281925,37.49135999211897,42.05378973105136,-0.7631191214141424,-0.6020228969219436,38.61611800809682,35.39588199190318,0.016597536787361786,0.017544441467090305,0.022238449314067335,28692713.0,-2.553850077647687,0,0,-1,0,0,0.006232294617563909,1.5375118861190982,0.3381651490988263,0.27850937408070087,-0.06073636119322756,-0.08913213448006241,0.9260327565613669,0.030329041487839832,0.0
2023-09-15,34.21,34.95,-0.014747856634555766,-0.023378053838875028,-0.022922808418999595,0.7480215014619574,-0.021400469690305998,36.371,36.811,37.644666666666666,4,15,9,36.03085879503393,37.279659347466136,29.65340179717583,-0.8962785167482679,-0.6608740208872084,38.76589022440429,34.85610977559571,0.016945231909783174,0.01793332714957528,0.022405683893190528,26891713.0,-2.6610189846262116,0,0,-1,0,0,0.0014306151645206624,3.822850248872886,0.3320969605057096,0.28468274290643414,-0.057835307077940046,-0.1023353450537916,0.8785025103243145,0.02981584332066656,0.0
2023-09-18,34.87,34.21,-0.023707383801968886,-0.004283884889213446,-0.0032338702297285754,-0.7760424630461046,0.019108861698046292,36.120999999999995,36.685,37.376999999999995,0,18,9,35.81979355957321,37.12419745408123,37.264742785445385,-0.9377421054943866,-0.7162476378086441,38.80096935606055,34.569030643939456,0.018971192665662225,0.01842810748750678,0.019204811743079694,27720576.0,-1.7155257894463276,0,0,-1,0,0,-0.0008769365682549295,0.3528642693239097,0.32201622011903,0.2925371372730616,-0.05934718100890213,-0.06739769991976474,0.7965474792948153,0.02810438772583874,0.0
2023-09-19,34.74,34.87,0.017976709092983753,-0.004014917925481851,0.0052863559231480246,-0.29612146594718375,-0.003735099874600739,35.885,36.544000000000004,37.16833333333333,1,19,9,35.62346745783263,36.97037826349534,28.94736842105256,-0.9699116738226081,-0.7669804450114369,38.786511749660704,34.301488250339304,0.018993424086526906,0.01833481661740351,0.01784744040098216,27104153.0,-1.6089101876705452,0,0,-1,0,0,-0.0020074562661313534,-0.38346664314885776,0.32727421146743585,0.2910561906217451,-0.05133806663025653,-0.07507987220447288,0.3765321249312368,0.018998272884283147,0.0
2023-09-20,34.55,34.74,0.007158226700170449,0.012564414287550167,0.011358794035606386,-0.25086632070534826,-0.005484210599280117,35.583,36.429500000000004,36.99433333333333,2,20,9,35.42829155640851,36.814224827140805,26.519337016574482,-0.9992193222413306,-0.8134282204574157,38.836214073498745,34.022785926501264,0.01779998319904812,0.01798032578690437,0.017230581011648916,26624498.0,-1.5618805912143114,0,0,-1,0,0,0.00892343120322381,-0.8267217974300036,0.2347178509268736,0.28542882314442425,-0.021246458923512734,-0.06216069489685139,1.016186250770332,0.02054992764109988,0.0
2023-09-21,33.25,34.55,-0.026013027463799986,-0.027619707338399718,-0.03777374430003786,0.4098717532793053,-0.03835278311181568,35.187,36.236000000000004,36.80133333333333,3,21,9,35.03223854615241,36.58427483829302,24.211853720050343,-1.11449774396835,-0.8736421251596026,39.00412229726753,33.46787770273248,0.02010204643690444,0.019361360278238544,0.018100812432737687,25901838.0,-2.1574191306125123,0,0,-1,0,0,-0.011577424023154807,-0.000561234053236729,0.3372776615459819,0.3073520660408611,-0.048640915593705425,-0.10425646551724133,0.0690951777952969,0.03097744360902259,0.0
2023-09-22,33.09,33.25,-0.023405008526253077,-0.021525230311888403,-0.009367042352368925,0.11218493315646025,-0.004823645168342204,34.864999999999995,36.078,36.644666666666666,4,22,9,34.67910426503379,36.35883775195153,23.44913151364763,-1.2048782995212193,-0.939889360031926,39.18299495719537,32.97300504280464,0.01961835700358644,0.018885711085218113,0.017376748200626384,25093384.0,-1.9246408069525216,0,0,-1,0,0,0.003308270676691712,0.2621389380606974,0.3219939128960071,0.29980136918461736,-0.032738965214849425,-0.08717241379310336,-0.6553714168589517,0.018434572378362026,0.0
2023-09-25,33.25,33.09,-0.011153092250055884,-0.0011123919510039543,-0.0014947413417558803,-0.3881115403055016,0.004823645168342186,34.483000000000004,35.871500000000005,36.462999999999994,0,25,9,34.419267125936734,36.15826757440628,25.786163522012515,-1.2491949364982915,-1.0017504753251991,39.156049316196146,32.58695068380386,0.017420816307934774,0.01711107733461523,0.016633330661291676,25641788.0,-1.5962616162122243,0,0,-1,0,0,-0.0030220610456331643,-0.6090810125473081,0.259397548763784,0.2716299317507151,-0.04645827358761101,-0.11048689138576784,-1.8519455609349667,0.01870375939849635,0.0
2023-09-26,34.21,33.25,0.008752130712517743,0.024386384002642758,0.0036175624573632627,0.8818241211591744,0.02846323188765017,34.242000000000004,35.737,36.316,1,26,9,34.3812185575846,36.03257289218652,30.094786729857788,-1.1930989120615507,-1.0400201626724694,39.06424700489418,32.409752995105826,0.021409402000195817,0.018666010686921645,0.01773829498588681,26966349.0,-0.9178759483464132,0,0,-1,0,0,0.0009022556390977785,1.7851018661650573,0.37945417539205756,0.2963137334836116,-0.015256188831318407,-0.07289972899728991,-0.298276792359645,0.03887752119263389,0.0
2023-09-27,34.6,34.21,0.035712810995741744,0.020750024023758844,0.030138041102614213,-0.2858936456054989,0.01133568307416525,34.172000000000004,35.577999999999996,36.175333333333334,2,27,9,34.420997001660126,35.94014883462611,34.592680047225485,-1.104441355456565,-1.0529044012292887,38.79631992783395,32.35968007216604,0.019307203303393725,0.017893764182082727,0.017883642666934308,27961548.0,-0.6077705274367953,0,0,-1,0,0,0.008184741303712398,0.6699222293115199,0.3908193717007263,0.2840547002677559,0.0014471780028944004,-0.08417151932239275,-0.8824345051440946,0.030057803468208067,0.0
2023-09-28,34.39,34.6,-0.001160429489081891,0.0014251106872522877,0.0074676384806622595,-0.19053709329718008,-0.0060878576195038,34.116,35.4,36.04266666666667,3,28,9,34.415361183176465,35.84013923239217,37.660668380462695,-1.0391462173135508,-1.0501527644461413,38.455617777144006,32.34438222285599,0.019166107503763515,0.01777795822906566,0.017827662405701616,27139001.0,-0.661077447287281,0,0,-1,0,0,-0.004335260115606895,0.07145167184979966,0.22626775832128884,0.282216337755612,0.03428571428571425,-0.09380764163372868,1.012302959912995,0.024280314044780482,0.0
2023-09-29,34.02,34.39,0.00636576223726447,-0.003709520589884937,-0.00834986174035339,-0.20597155082477708,-0.010817237476459067,34.097,35.234,35.906333333333336,4,29,9,34.34347733168983,35.72271089481848,29.364005412719877,-1.005662605180838,-1.0412547325930805,38.20542460959805,32.262575390401956,0.01823556279654458,0.017639155874750734,0.017867764176885258,26469566.0,-0.8171164740836022,0,0,-1,0,0,0.008141901715615038,-0.448863306990235,0.24842395285366614,0.2800129186901666,0.02810516772438798,-0.08891269416175684,0.7249024194430344,0.029100529100528946,0.0
2023-10-02,33.92,34.02,-0.020985905692226914,-0.022550825521896373,-0.014222461958805773,-0.1550720299953864,-0.002943776044013399,34.002,35.0615,35.79066666666667,0,2,10,34.26648145320077,35.60640696612052,30.823863636363626,-0.975945671399586,-1.0281929203543816,37.9087869820047,32.214213017995306,0.01687127973849571,0.0175997784035265,0.01763348907496355,25896293.0,-0.8018159091194261,0,0,-1,0,0,-0.002057613168724288,-0.784686242477666,0.25605628080577886,0.279387820713459,0.020150375939849585,-0.09232004281509221,1.0828713678837056,0.020341981132075613,0.0
2023-10-03,33.26,33.92,-0.007094324758735862,-0.010582109330536972,-0.012008550190064098,-0.3880372305304156,-0.019649337158920793,33.854,34.8695,35.647333333333336,1,3,10,34.083484825346076,35.4550258715321,34.012539184952956,-0.9941908580792287,-1.021392507899351,37.65521903219161,32.083780967808394,0.01769806021840029,0.017902691962525287,0.017818620209023094,25507392.0,-1.1555364926618326,0,0,-1,0,0,-0.006191037735849081,-1.2816880638198993,0.18011533479222466,0.28419642438862075,-0.027769657994738517,-0.10350404312668471,0.593182125102707,0.021948286229705474,0.0
2023-10-04,33.21,33.26,-0.011636711947327415,-0.01024736077779183,-0.011848839824608605,-0.10697290754637115,-0.001504438376126315,33.72,34.651500000000006,35.52633333333333,2,4,10,33.92466940255588,35.310185492723576,35.69078947368418,-1.001144313647849,-1.0173428690490507,37.22144183837504,32.08155816162497,0.01771095299046316,0.01742844684398807,0.017586691955614075,25157945.0,-1.1218152710502256,0,0,-1,0,0,0.0018039687312087274,-1.262889039567066,0.11511058053155836,0.2766680165238058,-0.0401734104046243,-0.11605003992547247,-1.1169956916663526,0.023336344474555813,0.0
2023-10-05,33.33,33.21,-0.014206072368022356,-0.004038596469684775,-0.0049019706002066685,0.46666206729884957,0.003606856930993063,33.728,34.457499999999996,35.4,3,5,10,33.81654769300026,35.182431589967216,41.94139194139189,-0.9856104761173086,-1.0109963904627024,36.7889587708126,32.12604122918739,0.013183474183473178,0.01753529339216616,0.017516385940668282,25715195.0,-0.9672056088789603,0,0,-1,0,0,-0.010840108401083993,-0.6191752871081485,0.14320936112110438,0.27836415289335525,-0.030822913637685412,-0.10427304488040856,-0.7562988538917058,0.024002400240023918,0.0
2023-10-06,33.59,33.33,0.005767203722157786,0.018708786217478623,0.013574524006394483,-0.20136362278457023,0.007770511304553253,33.778000000000006,34.3215,35.31133333333334,4,6,10,33.775357203363846,35.079694068033845,37.35177865612653,-0.9414673216290765,-0.9970905766959772,36.510970255563905,32.132029744436096,0.013241355431426469,0.01718139850396203,0.017212164476327205,26170811.0,-0.6681981617618238,0,0,-1,0,0,-0.008700870087008676,-0.8669894826500436,0.16501553494779503,0.27274624570668443,-0.012639623750734907,-0.07491049297714125,-1.3196608242676977,0.029324203632033325,0.0
2023-10-09,33.77,33.59,0.01740217932769225,-0.0032414939241709557,-0.001667804192217878,-0.18091083719839823,0.005344430773274974,33.83,34.1565,35.191,0,9,10,33.7743831663886,34.9951976765478,40.50880626223093,-0.8817942823960934,-0.9740313178360005,35.93211583090108,32.38088416909892,0.013256682391096439,0.01633638989560974,0.01608459023551711,26551027.0,-0.4353419171802029,0,0,-1,0,0,0.000893122953259721,-0.9998452174142892,0.17389161908407674,0.25933214990623077,-0.004422169811320709,-0.08902077151335308,-1.7387829315631804,0.027539236008291373,0.0
2023-10-10,34.95,33.77,0.0005947071242779351,0.0373685767020375,0.020724574156231013,0.34462523458998257,0.034345634282343024,33.904,34.073,35.126,1,10,10,33.98813168159067,34.992281697415685,53.278688524590216,-0.7308619094084676,-0.925397436150494,35.47954260698437,32.666457393015634,0.014702690258464348,0.01843818091364054,0.017413480869698957,27087687.0,1.2470294118999976,0,0,-1,0,0,-0.0038495706248149997,-0.5473400458515252,0.2275100265142456,0.2926970479554634,0.05081178592904401,-0.0456034953577279,1.9135526138656702,0.04377682403433479,0.0
2023-10-11,33.8,34.95,0.03848871568258742,-0.0017074563055502277,-0.008058542341464718,-0.3578655518620105,-0.03345766619084636,33.824,33.998000000000005,34.99333333333333,2,11,10,33.95392592130146,34.91536029758242,54.62184873949577,-0.6960190313194943,-0.8795217551842941,35.283851755390714,32.712148244609295,0.017951537312529745,0.018145432769505334,0.01762802009582529,26712472.0,-0.30796707189600503,0,0,-1,0,0,0.00028612303290409183,-0.9286941318340531,0.38358361630593246,0.28804981523851875,0.017765733212887547,-0.04249291784702547,-0.5585289324900556,0.05147928994082847,0.0
2023-10-12,32.47,33.8,-0.030199739863632405,-0.03448117925663851,-0.028265063516070423,0.11486994595028496,-0.04014421637421846,33.632,33.874,34.81066666666667,3,12,10,33.68412120833756,34.75759511709323,45.646067415730315,-0.7668855053942849,-0.8569945052262924,35.24855677066785,32.49944322933216,0.021486941780619332,0.01992638767820871,0.018721262268545584,26291583.0,-2.0428403249112175,0,0,-1,0,0,0.0035502958579883004,-0.731430894906412,0.49088603353973786,0.316321597946412,-0.025802580258025842,-0.07095851216022897,0.03847535518057678,0.0455805358792733,0.0
2023-10-13,33.11,32.47,-0.04030620774980341,-0.016347518160419773,-0.0013881393452914305,0.01980313975010278,0.019518765444400444,33.541000000000004,33.819,34.669666666666664,4,13,10,33.57973553409437,34.65129865792593,49.078947368421055,-0.7626141046791659,-0.8381184251168672,35.224626288583586,32.41337371141642,0.022782729679672535,0.020112377039638578,0.01912791097270513,26720890.0,-1.0088029880466256,0,0,-1,0,0,0.0033877425315675834,-0.7498278566164973,0.5167904976749815,0.3192740875274948,-0.014289967252158475,-0.032154340836012874,-0.17952583869982142,0.029447296889157183,0.0
2023-10-16,32.33,33.11,0.023359169187733758,0.0001498239571311312,-0.0035562465001725677,0.6020721852843863,-0.023839759821813203,33.382,33.69199999999999,34.501666666666665,0,16,10,33.35251089153175,34.50153745418877,37.331536388140165,-0.8127990288518845,-0.8330545458638706,35.155587517387346,32.22841248261264,0.023742424597086944,0.020069918298995633,0.01943935239945299,25937019.0,-1.8611801259842677,0,0,-1,0,0,0.007248565388100332,0.7029360182543797,0.5298775866590911,0.3186000759151615,-0.042641397690257765,-0.07284198451390878,0.5998722660056454,0.033869471079492695,0.0
2023-10-17,32.9,32.33,-0.03726759923386559,0.00014980151327545214,-0.008087135833179354,0.2062885815375741,0.0174770660339845,33.346,33.6,34.361666666666665,1,17,10,33.27023618398052,34.39821245714434,38.815789473684205,-0.7973849491712244,-0.8259206265253414,35.016786579032214,32.18321342096779,0.024047126347462946,0.020622397825185948,0.019850449233407313,26900481.0,-0.9881516529866667,0,0,-1,0,0,-0.006186204763377536,1.3005233080674141,0.4491115505144276,0.32737041649968773,-0.05865522174535065,-0.05296488198042615,0.43843040694768864,0.04133738601823707,0.0
2023-10-18,31.96,32.9,0.015748356968139112,-0.022418388137782873,-0.006265684658927862,-0.737046071398075,-0.028987536873252187,33.221000000000004,33.4705,34.17466666666667,2,18,10,33.03201142325679,34.240908427651156,35.41416566626651,-0.8512071380348587,-0.830977928827245,34.991323530369606,31.949676469630397,0.02560484052436093,0.02142790237619026,0.02009670276442571,26439440.0,-1.986423762963351,0,0,-1,0,0,-0.00790273556230997,-0.6494139638919931,0.43711349195160626,0.34015740483101664,-0.05443786982248511,-0.07496382054992756,0.4126037391539003,0.025657071339173977,0.0
2023-10-19,31.97,31.96,-0.02324604907393998,-0.0036832454162962934,-0.017116107232530493,0.5267385607403459,0.0003128421736761185,33.084999999999994,33.4065,34.0,3,19,10,32.8389184372101,34.09439820651237,37.139272271016296,-0.8828774325800453,-0.8413578295778051,35.06765083760107,31.745349162398927,0.02552363654067297,0.019887488323794427,0.02010316262224085,27220167.0,-1.7295238547686644,0,0,-1,0,0,-0.002190237797246567,0.5771709500773964,0.3575144655361477,0.3157040898387651,-0.015398829688943683,-0.038496240601503806,-0.20126034090228476,0.03878636221457623,0.0
2023-10-20,31.67,31.97,0.004692641178192225,-0.014870162479451506,0.000479424699554416,-0.015144970545006178,-0.009428102521201617,32.893,33.3355,33.84533333333333,4,20,10,32.626387812262806,33.93798541899545,36.23011015911873,-0.9215606840603954,-0.8573984004743231,35.16632926278594,31.504670737214063,0.02522789481381338,0.019950440426874515,0.01979142413258741,26451175.0,-1.8193941224924914,0,0,-1,0,0,0.0021895527056615665,0.5421505661331487,0.2959896311110915,0.3167034234943156,-0.04349139232860155,-0.04291326684799035,0.5089722761288736,0.023523839595831937,0.0
2023-10-23,31.74,31.67,-0.006575880906157085,-0.003439115473467776,-0.0065721163060024285,-0.19271778101724732,0.002207854547714434,32.69,33.26,33.66766666666667,0,23,10,32.46522639185139,33.796179908092526,39.973614775725586,-0.9357819131796461,-0.8730751030153878,35.22527753497397,31.29472246502603,0.025095494120954475,0.019911696373670015,0.019254459591634004,27085374.0,-1.5468553147839585,0,0,-1,0,0,0.005052099778970527,0.0025621433708931675,0.2699633597014191,0.316088380716945,-0.01824930405196412,-0.04541353383458646,-0.5148498618571463,0.02646502835538752,0.0
2023-10-24,31.77,31.74,0.0,0.010437044661112517,0.01627089652220404,-0.20022771500043451,0.0009447331831618877,32.372,33.138000000000005,33.506,1,24,10,32.33882159333295,33.66545862369946,40.47619047619047,-0.9338665580659011,-0.8852333940254905,35.157167102909874,31.11883289709014,0.020900597829704413,0.018556092494993764,0.019234900403353357,27604494.0,-1.3550141521507073,0,0,-1,0,0,0.002835538752362945,-0.37109124441914226,0.20581685475730543,0.2945688362811934,-0.03434650455927046,-0.07132417421806492,-1.641180734180151,0.02093169656909031,0.0
2023-10-25,31.33,31.77,-0.012964608466526235,-0.020035104340118747,-0.02175389687364522,0.042337258318198505,-0.013946343317324453,32.12499999999999,32.9745,33.373666666666665,2,25,10,32.15539948545423,33.514783873783365,37.309644670050766,-0.9568232848791638,-0.8995513721962252,35.024542104830715,30.92445789516928,0.01931776639854148,0.018344687775756867,0.018389738798228514,27062924.0,-1.6043572921013685,0,0,-1,0,0,-0.01101668240478432,-0.16474833603144923,0.11436569741939549,0.2912128904026758,-0.01971214017521905,-0.09450867052023126,-0.7802236893730967,0.022502393871688425,0.0
2023-10-26,30.05,31.33,-0.002868527863374795,-0.0030084734907148626,-0.03120634239064945,-0.03175620340419257,-0.04171344398288374,31.883,32.75750000000001,33.21033333333334,3,26,10,31.77259957900801,33.29124943031347,30.112359550561777,-1.0660136174550416,-0.9328438212479885,35.07766219941169,30.437337800588324,0.019598486762007136,0.020042755082881537,0.019573729561786973,26538282.0,-2.333888553728304,0,0,-1,0,0,0.0,-0.18704066925880986,0.2763527896054629,0.3181688732272819,-0.06005630278385976,-0.12619947659203257,-1.4450136394356583,0.05191347753743768,0.0
2023-10-27,30.49,30.05,-0.0373966516243975,-0.03288497482839112,-0.012591453185883478,0.19989202610834123,0.014536100018946682,31.621,32.580999999999996,33.08633333333333,4,27,10,31.539399655552003,33.110523660615826,32.096069868995585,-1.104313580385373,-0.9671377730754654,35.03025681531528,30.131743184684705,0.01886734919410691,0.020558854039684146,0.019635075166978867,27179012.0,-1.7074567166047263,0,0,-1,0,0,0.004326123128119767,0.5237928556941981,0.33756390533280906,0.3263616901768793,-0.037259235869908536,-0.10376249265138171,-1.1108996572969367,0.030009839291571097,0.0
2023-10-30,31.01,30.49,0.01936073599424759,0.02172236490105219,0.022056031931596342,-0.15846469717265232,0.01691097211219426,31.488999999999997,32.435500000000005,32.95766666666667,0,30,10,31.443145172724364,32.975006005092226,26.82352941176468,-1.0802544222209818,-0.9897611029045688,34.89555113340097,29.975448866599034,0.019517572530024205,0.021155126292564688,0.01954900226341831,27725845.0,-1.1589190002154781,0,0,-1,0,0,0.009183338799606465,-0.036969941794533896,0.37814796945992785,0.3358272187457401,-0.022999369880277176,-0.08579009433962259,-0.9948516708194554,0.02982908739116416,0.0
2023-10-31,30.86,31.01,0.006155859387575911,0.009893171483302883,0.01101169808852741,0.5740213120752121,-0.004848886177342865,31.285000000000004,32.3155,32.82833333333333,1,31,10,31.33711877768357,32.838554004763694,30.39999999999999,-1.0610598746879596,-1.004020857261247,34.83951914247476,29.79148085752524,0.017985690062028124,0.020852796192228813,0.019550072817401433,26755002.0,-1.1533193037299287,0,0,-1,0,0,-0.0016123831022251114,2.1048608664664834,0.3752033174228821,0.3310278771897125,-0.028643374252439457,-0.07215874924834631,-0.7784258042206945,0.029163966299416675,0.0
2023-11-01,30.43,30.86,-0.0029112102074584415,-0.015682830627786953,-0.019475776500656714,-0.3245291273373648,-0.01403188302613506,31.131999999999998,32.1765,32.691,2,1,11,31.17218809083201,32.6831634238112,34.54545454545455,-1.068231555399258,-1.0168629968888492,34.79743816067937,29.55556183932062,0.016499978875754523,0.020974123238390666,0.019636575289848676,26053211.0,-1.3327288878477668,0,0,-1,0,0,0.00032404406999356975,0.5736631193683334,0.3753210569450675,0.33295388433841444,-0.02872646026172998,-0.08370972598614879,-0.7746783579884307,0.03286230693394676,0.0
2023-11-02,30.81,30.43,0.00420236597107831,0.0019303936551957192,-0.005347606326595242,0.2938121554719265,0.012410348699696877,31.016000000000002,32.0505,32.60966666666666,3,2,11,31.10633571068073,32.56231417066209,31.86119873817033,-1.0313634242710847,-1.0197630823652963,34.68022862318132,29.42077137681868,0.017344224659266872,0.021239221482563988,0.01879402425562077,26994686.0,-0.9434433569037278,0,0,-1,0,0,0.018731514952349666,1.668885071777083,0.21731031914003024,0.33716218850090934,0.025291181364392568,-0.07560756075607555,-0.7889881024652805,0.039594287568971084,0.0
2023-11-03,31.9,30.81,0.01186481771744056,0.04224082465794157,0.04135804384962832,0.09645038924287773,0.03476669718222235,31.038999999999998,31.966,32.57,4,3,11,31.25063830873878,32.519584224167765,46.76691729323308,-0.9037731400621603,-0.9965650939046692,34.494085608144125,29.437914391855877,0.021051728376175274,0.022859059947467605,0.020006896677725775,28031490.0,-0.0522134217190954,0,0,-1,0,0,0.018175916910094198,1.8482411364036913,0.30638361792784846,0.36287632695429894,0.04624467038373248,-0.050312593033641106,0.18427219156403485,0.0407523510971786,0.0
2023-11-06,30.83,31.9,0.016753987588212133,-0.004950505159856091,-0.011317824932661572,0.11392660137919988,-0.03411776789273988,30.947999999999997,31.819,32.489333333333335,0,6,11,31.174158616240817,32.41057879035049,35.524475524475505,-0.8788659585302412,-0.9730252668297836,34.24526765564773,29.392732344352265,0.02368084467539244,0.023805952627727302,0.02082925158647138,26869575.0,-0.815243938728574,0,0,-1,0,0,0.0,2.0668530980157014,0.41594817193879163,0.3779077822557063,-0.005804579168010471,-0.0870595202842761,0.3011599438655518,0.04832954914044768,0.0
2023-11-07,32.0,30.83,-0.027973852042406065,0.003096936510533191,0.008742163495865894,0.5303439436279704,0.03724766090166763,30.970999999999997,31.671499999999998,32.41566666666667,1,7,11,31.324311595106124,32.384089836134336,50.27100271002709,-0.7560028851530376,-0.9296207904944345,33.604953686514115,29.73804631348588,0.026968336354371535,0.024074713089965023,0.021357047938317462,28844269.0,0.3398064326974024,0,0,-1,0,0,0.006162828413882624,3.3282961838447496,0.49396350871273986,0.38217422232767295,0.036941023979261134,-0.084406294706724,-0.42745003874949006,0.04125000000000012,0.0
2023-11-08,29.51,32.0,0.031103745051333856,0.038072392223152327,-0.051598746713908565,0.041573342566793854,-0.08100671384487845,30.789000000000005,31.457,32.246,2,8,11,30.994436759632283,32.19866468541599,37.525354969574046,-0.8497597036164457,-0.9136485731188367,33.34758721036623,29.56641278963377,0.036717725827654105,0.02857417343693165,0.025277635014478595,26785750.0,-2.059677532276166,0,0,-1,0,0,0.0,2.670668475781919,0.7896344866862905,0.45360094100009346,-0.03023332237923093,-0.1269230769230768,-0.865542447038723,0.14012199254489996,0.0
2023-11-09,29.6,29.51,-0.07189887554386358,-0.10092196731445584,-0.0006791171738086595,-0.6988690776544336,0.003045172375166584,30.744,31.313499999999998,32.086333333333336,3,9,11,30.7409028033355,32.03100889926012,39.27461139896372,-0.9063525419724918,-0.9121893668895678,33.312892276089066,29.31410772391093,0.03456170133446792,0.027553094320043575,0.025318834037145528,27809137.0,-1.7140208257198093,0,0,-1,0,0,0.009149440867502526,0.337103486938934,0.779158453614482,0.4373918125268497,-0.0392729633235962,-0.08838928241453647,-0.7258049770359072,0.03141891891891891,0.0
2023-11-10,30.18,29.6,-0.0060626659258481985,0.0023022539358276196,0.0033909832425582822,-0.3003822385817215,0.019405092009688117,30.713,31.167,31.958333333333332,4,10,11,30.638920475456317,31.9115889702756,42.3228346456693,-0.8940950501776896,-0.9085705035471922,33.03735712885913,29.29664287114088,0.03484437225745724,0.02754780134300376,0.025671251242844983,28566991.0,-1.055413412519832,0,0,-1,0,0,0.0,-0.30346334613589737,0.7316927812102031,0.43730778912119456,-0.05391849529780557,-0.08849290244639085,-0.7770536166746905,0.029821073558648183,0.0
2023-11-13,30.47,30.18,0.018742181809740664,0.006548811878905462,0.007419932861657403,0.00662047656600446,0.009563139657914794,30.659000000000002,31.073999999999995,31.84333333333333,0,13,11,30.608207661736984,31.81858323025782,43.7619961612284,-0.8511685816754593,-0.8970901191728456,32.88489567835787,29.263104321642118,0.034506408758816096,0.027321972848700554,0.025785382591770486,29329879.0,-0.6670732137896581,0,0,-1,0,0,-0.0006626905235254995,-0.2892579367254527,0.7085525059672936,0.43372287291192385,-0.011676938047356478,-0.057531704299412345,-1.7414070270909583,0.02888086642599275,0.0
2023-11-14,31.84,30.47,0.04251816793656006,0.054100544887086675,0.05586950111142431,0.06859640444358717,0.04398076797856468,30.756999999999998,31.020999999999997,31.796,1,14,11,30.83216990505753,31.819964957337962,52.2466960352423,-0.6985490569893749,-0.8573819067361516,32.66084466530104,29.38115533469895,0.037396555079904234,0.029017811334376878,0.027040263019291175,30146935.0,0.998875097538154,0,0,-1,0,0,0.032819166393173616,-0.14777929783507068,0.7344384075076664,0.4606434742929154,-0.0050000000000000044,-0.03221884498480243,-1.5514592484078191,0.02742776381909549,0.0
2023-11-15,32.62,31.84,0.009802450032254585,0.018584371189038884,0.009802450032254585,-0.09676683199036107,0.024202236216685557,30.976,31.054000000000002,31.776333333333334,2,15,11,31.157229922319793,31.871580121380678,61.84331797235021,-0.5087924600758988,-0.787664017404101,32.79674314923658,29.311256850763424,0.03734924606280243,0.028811648558886523,0.027440448386835313,30888632.0,1.797166726130576,0,0,-1,0,0,-0.0018844221105527236,-0.3617702942508487,0.25574720467824946,0.45737074169163744,0.10538800406641813,0.020650813516895905,0.855554569625979,0.03586756591048442,0.0
2023-11-16,31.4,32.62,0.02547512726409211,-0.010678972575854255,-0.012347790254707754,-0.021200724566291913,-0.038117704278660056,31.034999999999997,31.0255,31.712,3,16,11,31.201369936443463,31.841155597420638,53.912295786758385,-0.45164649428812,-0.7204605127809048,32.72323192354124,29.32776807645876,0.039872986841958766,0.030093794156519086,0.02825213354975291,30162494.0,0.4411768369400055,0,0,-1,0,0,-0.0006131207847944826,-0.3911145304309585,0.48580725388769896,0.47772417206710976,0.060810810810810745,-0.01782921488895839,-1.238693211871005,0.038535031847133784,0.0
2023-11-17,32.2,31.4,-0.03083876214513565,-0.011724910623833684,-0.01379332213233576,0.12574575013023692,0.02515855963615515,31.064999999999998,31.052,31.665666666666667,4,17,11,31.382939038908287,31.864306849199956,54.99580184718724,-0.33790938155652483,-0.6439502865360288,32.80764772872263,29.29635227127737,0.03908458713096812,0.030555879264031423,0.028636578602500184,30985930.0,1.3077794380029342,0,0,-1,0,0,0.006687898089172002,-0.1691065892826005,0.4931485591628048,0.48505954574125487,0.06693174287607695,0.01673508051784034,-1.347036555356548,0.03913043478260863,0.0
2023-11-20,33.09,32.2,0.023758541710626566,0.02996249817361456,0.0405118689169011,0.10359610289548593,0.02726466938315822,31.291000000000004,31.119500000000006,31.642999999999997,0,20,11,31.69331375910678,31.94338382667093,58.814229249011866,-0.17395113788866823,-0.5499504568065567,33.07854890995081,29.160451090049204,0.03773075078837696,0.031120428446060767,0.029092647033163402,31899246.0,2.011690458559794,0,0,-1,0,0,0.005279503105589894,0.009707047235447207,0.5009010846694947,0.4940214861723423,0.08598621595011502,0.04253308128544431,-1.8211938351465442,0.029011786038077993,0.0
2023-11-21,32.86,33.09,0.011670894143108035,-0.004377035136901534,0.001549667131756278,-0.10869264485280597,-0.006975009324398838,31.377000000000002,31.173999999999996,31.57333333333333,1,21,11,31.905438530178273,32.00252035398248,59.7590361445783,-0.06185905367153666,-0.45233217617955274,33.26542006654265,29.082579933457335,0.03638613234603346,0.031191899262582912,0.02834021280280461,31079996.0,1.6123016384624642,0,0,-1,0,0,-0.010275007555152716,-0.25547495773468587,0.4517266900788833,0.49515605021144027,0.03203517587939708,0.034309096632042735,-1.2009251210228533,0.023280584297017667,0.0
2023-11-22,33.77,32.86,0.013345663650622262,0.03229687658075308,0.022961363882593434,-0.03177823008831,0.02731672178835448,31.802999999999997,31.296000000000003,31.572333333333336,2,22,11,32.2444497065095,32.11655129888684,61.40215716486904,0.09925991890509778,-0.34201375716262267,33.68870294195111,28.9032970580489,0.023154621509724437,0.03145194121191293,0.028195657162384355,31873621.0,2.0679541589752066,0,0,-1,0,0,0.010042604990870308,-0.35592242891772297,0.4601708169936609,0.49928408818167036,0.03525444512568998,0.07788062559846809,-1.1841546725330274,0.03257328990228017,0.0
2023-11-24,34.48,33.77,0.014061563030776568,0.017422043446664415,0.013826490178243523,-0.7158196582767311,0.02080661139801575,32.291000000000004,31.517499999999995,31.639333333333333,4,24,11,32.65091339623504,32.26903186024898,60.23809523809523,0.28099974164855723,-0.21741105740038671,34.22413803891184,28.81086196108815,0.022922396166853203,0.02978212875016257,0.027407248161231947,32261538.0,2.1890625620491337,0,0,-1,0,0,-0.003257328990228206,-1.3194887789042593,0.23407709603693547,0.47277663712222234,0.09808917197452227,0.1474209650582361,-2.0578072849481988,0.035962877030162474,0.0
2023-11-27,34.18,34.48,0.018543577712169104,-0.010998663696904318,0.005655618587440713,0.6344766883975022,-0.008738768108047416,32.691,31.701999999999998,31.675,0,27,11,32.92892914237412,32.39232012732969,64.15891800507185,0.39625459147150366,-0.09467792762600864,34.60935256674671,28.794647433253285,0.024093027488593703,0.029937444863684735,0.027278047766317478,31529913.0,1.7046436186257585,0,0,-1,0,0,-0.005510440835266756,-0.4974233805826598,0.29269773005380706,0.47524220398810674,0.06149068322981366,0.12102328632338466,-0.5202806894873432,0.019602106495026382,0.0
2023-11-28,33.88,34.18,-0.003213088787384159,0.0,0.003555559301333184,-0.021703849157898577,-0.008815807903591131,33.032,31.845499999999998,31.72666666666667,1,28,11,33.10185111648792,32.48829947395358,58.576642335766444,0.4581066294641687,0.01587898379202682,34.889157598835254,28.80184240116474,0.02504508124242206,0.02999993336373475,0.026942664451130638,30813996.0,1.3368783668560913,0,0,-1,0,0,0.0,-0.5660322045112719,0.285300519927446,0.47623417817370944,0.02387428226050159,0.09255079006772005,0.678928971583613,0.01623376623376615,0.0
2023-11-29,33.99,33.88,-0.0029299757263299415,0.0055144530976241335,-0.000591715993596153,-0.3627192115118354,0.003241493924171023,33.247,32.002,31.762999999999998,2,29,11,33.26333273167194,32.5851833788598,76.10722610722613,0.5101205437950114,0.11472729579262374,35.15230892386599,28.85169107613402,0.022044174079732394,0.02991659899288884,0.026780907819951762,31312118.0,1.262098446878901,0,0,-1,0,0,0.005903187721369414,-1.0194420566131215,0.2673288911774723,0.47491128604817556,0.03438831405964704,0.10142579390797146,0.35931806233634456,0.022359517505148512,0.0
2023-11-30,34.36,33.99,0.0040995665029324125,0.0031787340737810385,0.00883918542361321,0.5223473191330045,0.010826733408029966,33.421,32.1985,31.843000000000004,3,30,11,33.46272678045886,32.69968767699788,76.86230248306998,0.5745745160622562,0.20669673984655024,35.425290975566924,28.971709024433085,0.021233605193335347,0.02959086598477729,0.02621925614954881,32151942.0,1.3397211138662246,0,0,-1,0,0,0.006766696087084344,-0.21057672355850343,0.2041121940801445,0.46974043484856665,0.017471128220313714,0.12914886625041078,0.4012598106405069,0.016589057043073143,0.0
2023-12-01,34.59,34.36,-0.0026335055454316855,0.008904266787824541,0.001172676768803836,-0.1393084382774715,0.006671525833022805,33.74,32.3875,31.930333333333333,4,1,12,33.667685547648155,32.82164331073996,75.91069330199767,0.6368723630971331,0.2927318644966668,35.7131507079937,29.061849292006304,0.01502569362368489,0.02955766514707877,0.026224652170538144,32882555.0,1.3245528129012247,0,0,-1,0,0,-0.00669383003492424,-0.44841538263899033,0.1429456632487012,0.46921338788935085,0.003190255220417715,0.1226874391431354,-0.2076535777917482,0.024284475281873264,0.0
2023-12-04,35.19,34.59,0.012230787295063168,0.00655553152876698,0.012230787295063168,-0.4660762995119086,0.01719732838441629,34.039,32.552,32.04766666666667,0,4,12,33.944469993530305,32.974440516498674,76.75736961451248,0.7262866607672294,0.37944282375077937,36.094521254996955,29.00947874500304,0.014286209652085668,0.02888908519021397,0.026244642588309962,33340985.0,1.4893347478318872,0,0,-1,0,0,-0.0011564035848512938,-1.01032529152807,0.15451200744923124,0.4586000101047916,0.029549444119367996,0.10313479623824451,-0.6924819185858819,0.018471156578573622,0.0
2023-12-05,35.35,35.19,0.014368063266920193,0.0045351551653911425,0.006634958712458183,0.5949437194976233,0.0045364410090881525,34.265,32.778000000000006,32.168,1,5,12,34.20002090379752,33.12770241866005,73.06176084099872,0.8008273593889044,0.46371973087840435,36.432900675445005,29.12309932455501,0.012720902422127998,0.027409615505050854,0.026243052155156762,34172086.0,1.4074253876608267,0,0,-1,0,0,-0.003978402955385069,-0.0934539567364359,0.09064504471155482,0.43511415694958777,0.04338842975206614,0.1466104443723646,1.0653352091150352,0.016407355021216357,0.0
2023-12-06,36.45,35.35,0.016412366137145824,0.04100297361766348,0.024145470691607707,0.3845799567979262,0.03064306611208536,34.624,33.0005,32.324,2,6,12,34.60910801219797,33.342044198101334,74.14880201765452,0.9378512416778051,0.5585460330382845,36.98309621749164,29.017903782508363,0.013829427574721626,0.02704673263591514,0.0266987035578598,35392971.0,1.7322870869257239,0,0,-1,0,0,0.007920792079207952,1.1379073009521379,0.16960033030523475,0.4293535699889156,0.07237422771403357,0.1390625000000001,1.2390515751689264,0.03319615912208507,0.0
2023-12-07,36.31,36.45,0.023850270830611617,-0.005170783054445711,0.005597551699117538,-0.3860116135075189,-0.0038482730284227725,34.878,33.340500000000006,32.49,3,7,12,34.91836110088925,33.53352521757867,85.83941605839418,1.0233502806029762,0.6515068825512229,37.228329728781816,29.452670271218196,0.013048509875909229,0.01859039924386976,0.02651772002923051,34563059.0,1.5275874753550196,0,0,-1,0,0,0.001097393689986259,0.3216550037500632,0.213757235710948,0.2951134390360956,0.05675203725261935,0.230430362588953,0.7516331017626982,0.022583310382814657,0.0
2023-12-08,36.26,36.31,-0.004119187480331076,0.00842281844082296,0.006398686458308899,-0.33978795803725664,-0.0013779800995395713,35.056,33.673500000000004,32.696999999999996,4,8,12,35.162295446182114,33.70942681644456,83.27868852459011,1.0746859916628395,0.7361427043735462,37.347352273338615,29.999647726661394,0.012344795043757994,0.01871081013287929,0.025090722958286477,33972227.0,1.4080587936376197,0,0,-1,0,0,0.0008262186725420307,-0.897757197273582,0.23136501593572573,0.29702490264087605,0.04827984966753385,0.22499999999999987,0.8954312982883805,0.024820739106453354,0.0
2023-12-11,35.96,36.26,-0.0022038576413202825,-0.014718172474021534,-0.010874218404371049,-0.12434316707873955,-0.008307995723285375,35.233999999999995,33.9625,32.879333333333335,0,11,12,35.307332637785365,33.85462508635136,76.04355716878402,1.0787275203660016,0.8046596675720373,37.37963253135453,30.545367468645466,0.012292313973256598,0.01902234209333885,0.02518579768620025,33450477.0,1.1691088839379626,0,0,-1,0,0,0.0,-1.1742664090984694,0.24793479542361951,0.3019703191978225,0.021881216254617808,0.19151756129887354,1.7697650065210155,0.02085650723025584,0.0
2023-12-12,35.53,35.96,-0.006918527665921178,-0.004954593124683341,-0.009860623635040906,0.7185206650009807,-0.012029799570483805,35.399,34.215500000000006,33.03,1,12,12,35.34781761273348,33.96271379045773,73.38003502626974,1.0352987748158782,0.8507874890208056,37.27436442637568,31.156635573624328,0.012726401606276045,0.019587172235266712,0.025296573601167438,32380161.0,0.8594692779879053,0,0,-1,0,0,0.0013904338153503102,1.5988741175589107,0.27380129879371623,0.31093671972902914,0.005091937765205001,0.16606498194945862,1.9278980716782212,0.025893611032929965,0.0
2023-12-13,36.12,35.53,-0.015391377014722006,-0.0016570012076295693,-0.025230696176229327,-0.06272661821775273,0.016469318515848905,35.612,34.429500000000004,33.205333333333336,2,13,12,35.4882144104183,34.10189354591207,71.7996289424861,1.0365406548000706,0.8879381221766586,37.38575278457627,31.47324721542374,0.013231834147126063,0.01769782350099359,0.025316062164271805,33385402.0,1.143677569671906,0,0,-1,0,0,-0.001970166056853371,1.178823245556044,0.1753747295982664,0.2809442383844611,-0.009053497942386968,0.13442211055276365,1.502358203451308,0.048172757475083115,0.0
2023-12-14,35.88,36.12,0.03546077914091782,0.04115361448681604,0.03649207644876838,0.032032824877919294,-0.006666691358189122,35.764,34.5925,33.387,3,14,12,35.55944815397861,34.2166100913371,64.22764227642287,1.0065559094338425,0.9116616796280954,37.48752567936963,31.697474320630374,0.01369160098071386,0.017396092100813745,0.025156846378663354,32347439.0,0.8894567044257415,0,0,-1,0,0,0.01716500553709869,1.213410953462891,0.1785622365793541,0.27615440089877,-0.011842467639768706,0.09993868792152072,1.641505953501483,0.05518394648829442,0.0
2023-12-15,34.5,35.88,-0.017850261132282313,-0.04225980928988273,-0.035911524908514646,0.6137016183562646,-0.039220713153281385,35.755,34.7475,33.510000000000005,4,15,12,35.36682121689159,34.23489331125084,52.66666666666667,0.8615073948656118,0.9016308226755987,37.22461950713537,32.27038049286463,0.019197913705015588,0.017533035912735064,0.026381007056314527,30430055.0,-0.19982887324335877,0,0,-1,0,0,0.0058528428093645715,3.247843509143577,0.3110423817302088,0.2783283165183681,-0.048538334252619886,0.09872611464968162,-0.2966494076370682,0.048695652173913036,0.0
2023-12-18,35.11,34.5,-0.04071809301878515,-0.02295090942832315,-0.007866027448573766,-0.9256868021145455,0.01752666614302686,35.747,34.893,33.617,0,18,12,35.32012645018403,34.29135180729918,59.74643423137875,0.7867086168435975,0.8786463815091985,37.06288090868915,32.72311909131085,0.019232000422380567,0.01713271035022424,0.02585045841003173,31189836.0,0.20001097676009394,0,0,-1,0,0,0.00434782608695648,-0.22186613298295313,0.3681244337379586,0.27197334522717403,-0.023637374860956628,0.09037267080745326,-0.6322678646239991,0.03218456280262041,0.0
2023-12-19,36.98,35.11,0.02676697388618927,0.04646853690846514,0.038162714472759464,-0.06434155394907966,0.051891235778637905,35.91,35.0875,33.822,1,19,12,35.62192164105966,34.464812981021815,68.52540272614621,0.8683140344406723,0.8765799120954934,37.27420504352262,32.90079495647738,0.025633066266300134,0.019718727327446724,0.026409841130837792,31902271.0,1.7309147437199128,0,0,-1,0,0,0.013671318712617602,-0.3333407271426408,0.5376457502153202,0.3130250920747041,0.04081058260624815,0.11755817467512819,-0.17046166565813073,0.04002163331530549,0.0
2023-12-20,36.37,36.98,0.038042073426439185,0.016086137751624444,0.02089503517084173,0.057296350634003866,-0.016632966960081114,35.902,35.263,33.967666666666666,2,20,12,35.75793588813971,34.587728272568796,62.09386281588447,0.873693617635638,0.8760026532035223,37.251388397937234,33.27461160206276,0.024605163279000794,0.020153154474909646,0.02603670218057032,31147824.0,1.113464553654012,0,0,-1,0,0,-0.0002704164413195785,-0.19749062199265982,0.5571626666251243,0.31992140924447654,0.0069213732004429485,0.10681679853925741,0.6484778451240379,0.036568600494913346,0.0
2023-12-21,37.78,36.37,-0.004065597143608718,0.006759021159420892,0.01314727236403459,-0.0865349223045572,0.03803560307446584,36.049,35.463499999999996,34.24333333333333,3,21,12,36.12558390847794,34.79368128724178,66.80716543730242,0.9804304008495208,0.8968882027327221,37.619629817397914,33.30737018260208,0.027388474803415004,0.02093831349950742,0.02163978305721899,31839730.0,2.1487574461500896,0,0,-1,0,0,0.012372834753918144,-0.3681945144726444,0.6046993550306624,0.33238542235681906,0.052954292084726795,0.11874444773467574,-0.32976061130532736,0.02924827951296974,0.0
2023-12-22,38.36,37.78,0.031544983921453974,0.015855668605363884,0.025521868795119553,-0.045628192037420766,0.015235387941873868,36.259,35.657500000000006,34.535333333333334,4,22,12,36.53184137966377,35.02376636548425,66.73706441393875,1.0991508959504301,0.9373407413762638,38.117794162985334,33.19720583701468,0.027513094931893495,0.020759346948190323,0.02164961861513636,32500775.0,2.1968917706334543,0,0,-1,0,0,0.005823186871360478,-0.5212539280732116,0.42020751970544373,0.32954441643011556,0.11188405797101453,0.1125290023201857,-0.44358137477572956,0.01981230448383728,0.0
2023-12-26,37.92,38.36,0.010731682631427595,0.0012992076661838211,-0.004253063295602396,-0.35273550029755363,-0.011536572628416402,36.455,35.8445,34.79333333333333,1,26,12,36.784233856088534,35.210620148356234,63.17948717948719,1.144539877628354,0.9787805686266818,38.398691395375266,33.29030860462473,0.027714982184241316,0.020868355224339996,0.021862529940462908,32036217.0,1.6251718675100035,0,0,-1,0,0,0.0013034410844629083,-1.0580425144198253,0.48395815453628777,0.3312748691673549,0.0800341782967815,0.10942071386775898,0.14405058118230124,0.025580168776371277,0.0
2023-12-27,37.76,37.92,-0.012311877850945225,-0.013331788100431695,-0.0034689827983080145,-0.03617265504014374,-0.004228336109521176,36.678,36.0385,35.03633333333334,2,27,12,36.96164588225425,35.37509626781713,57.434733257661726,1.1542943233574476,1.0138833195728352,38.55353500027933,33.523464999720666,0.027272803315252916,0.02072969889564526,0.021970084490771615,31588163.0,1.3689670321158964,0,0,-1,0,0,0.0005274261603374477,-1.0376881624146985,0.3605906302914249,0.32907376818676587,0.02109248242293127,0.11452184179456903,1.0035190059051093,0.01562500000000009,0.0
2023-12-28,37.75,37.76,-0.004755623229568159,0.00262812240626963,0.007456758918989233,-0.07858171209503485,-0.00026486558226613123,36.840999999999994,36.2265,35.233333333333334,3,28,12,37.104982994571664,35.52831586344183,58.294930875576036,1.147984623306371,1.0407035803195424,38.657512567894614,33.79548743210539,0.027095155765987415,0.020765860375616035,0.020826203551644246,31173970.0,1.2533871853401646,0,0,-1,0,0,0.0,-1.1102139480234499,0.31717011433747955,0.3296478138850222,0.03794335991201536,0.11062077081494559,1.1238450947859648,0.010860927152317979,0.0
2023-12-29,37.18,37.75,-0.00026486558226613123,0.0010493180396177549,-0.014161893333406277,-0.09185063674692867,-0.015214493401735758,36.971,36.36749999999999,35.38533333333334,4,29,12,37.118622450104084,35.634876130316556,55.00000000000002,1.0844885947956229,1.0494605832147585,38.66621245425929,34.0687875457407,0.027617126607316096,0.02121670644433428,0.020861648240415274,30796126.0,0.7069174732964293,0,0,-1,0,0,0.0,-1.1091561180337612,0.18846700628821966,0.33680477334941983,-0.015881418740074205,0.08207217694994173,1.0104098763295817,0.026358257127488002,0.0
2024-01-02,37.21,37.18,-0.025215928304103866,-0.003677440445887305,-0.019565841553880192,0.36573724937304475,0.000806560065233166,37.242,36.4985,35.579,1,2,1,37.13523655008515,35.736497025134845,56.998880179171344,1.0247753121185923,1.0445235289955253,38.66554771278161,34.33145228721839,0.023392332284991012,0.021220588544562397,0.019319680358294938,31340817.0,0.656653746757355,0,0,-1,0,0,-0.009951586874663729,-0.6109959484935645,0.11086786580600438,0.3368663997800292,-0.029979144942648528,0.07574443480774784,-0.46296828138111507,0.041924213920989044,0.0
2024-01-03,36.24,37.21,0.015633741598092478,-0.014445947326539576,-0.010482854616586238,0.32835299743874635,-0.02641406118375251,37.355,36.551,35.71366666666667,2,3,1,36.97246626825149,35.76898108802937,53.748680042238654,0.8889341326751179,1.0134056497314439,38.63381085378147,34.468189146218535,0.025354450329330615,0.02197645420429178,0.019800387122384747,30584416.0,-0.2986348947004579,0,0,-1,0,0,0.004837409298575644,-0.06811124404749384,0.1816668875658677,0.3488653951413355,-0.044303797468354444,0.029838022165388,-0.981131021595154,0.0384933774834436,0.0
2024-01-04,35.65,36.24,-0.02683451434632744,-0.02500637159265505,-0.01621506033379257,-0.1526583180500392,-0.016414334314473693,37.222,36.565999999999995,35.799,3,4,1,36.73201785584212,35.76130488880167,47.51847940865893,0.7253100276105826,0.9557865253072717,38.61646233554093,34.51553766445906,0.018888999736096493,0.022325059351865215,0.019625520621563516,29935104.0,-0.8934570356381062,0,0,-1,0,0,0.004415011037527499,-0.34372836252380246,0.18197946098595935,0.35439933029875315,-0.0558792372881356,0.008486562942008335,-0.04230055006014546,0.029453015427770107,0.0
2024-01-05,36.3,35.65,-0.025036078161324773,0.0,0.00014091453556767518,0.28583996727620486,0.01806859441050007,37.214999999999996,36.5585,35.913666666666664,4,5,1,36.65346915477992,35.79605941210479,52.125506072874465,0.640700714211178,0.892769363088053,38.61184412733508,34.50515587266492,0.01941870672742679,0.021573045374912083,0.019738019501975755,30799260.0,-0.25178439070074177,0,0,-1,0,0,-0.004207573632538529,0.3249319661030818,0.276171067802556,0.3424614785059773,-0.03841059602649011,-0.004115226337448763,0.8510651635784532,0.028787878787878838,0.0
2024-01-08,37.97,36.3,0.022560488944874318,0.04535591100793477,0.015380616399458124,-0.015336479146564684,0.04497863297290581,37.234,36.64149999999999,36.053666666666665,0,8,1,36.89283839936539,35.936313643581904,67.0599803343166,0.7003293066850134,0.8542813518074451,38.78478105581344,34.49821894418655,0.021088230278759373,0.023862303096666905,0.020767942766039205,31650264.0,1.2396880907397314,0,0,-1,0,0,0.0002754820936640528,0.2829394318258308,0.4553501437106189,0.3788023182181626,0.02124798278644424,0.045717433213990466,0.6376089958313067,0.05767711351066644,0.0
2024-01-09,37.7,37.97,0.03968667664711907,0.005738896669018178,0.03316125644916427,-0.5053401349184844,-0.0071362797897458,37.168,36.713499999999996,36.160999999999994,1,9,1,37.03959505402622,36.05009986012501,63.17395727365211,0.717527442592619,0.82693056996448,38.89914960836008,34.527850391639916,0.020543360573370778,0.023945697828975713,0.020613001071473038,31136853.0,0.9027064505002599,0,0,-1,0,0,-0.005003950487226698,-0.692315757975523,0.462846623208368,0.3801261685522141,0.013168503090567052,0.039713182570325634,0.8533133742273245,0.031697612732095495,0.0
2024-01-10,38.01,37.7,-0.0013243280971444655,-0.008096152867942333,0.0010598408547791702,-0.39965336546330316,0.008189188547192168,37.177,36.815999999999995,36.28866666666667,2,10,1,37.216032316930544,36.17654503043953,56.22732769044741,0.7475541594137525,0.8110552878543346,39.04471593901967,34.58728406098032,0.02042997673403795,0.02384919535042899,0.020507852880086594,31481122.0,1.0714689827409754,0,0,-1,0,0,0.0007957559681696029,-1.1318906968980975,0.38482181751272027,0.37859423919739826,0.04884105960264895,0.05700778642936588,0.7423724613600454,0.02224414627729548,0.0
2024-01-11,37.85,38.01,0.010283544809782278,0.003533803821409027,0.006562045344617993,0.44611733723947933,-0.004218303117699454,37.186,36.932,36.421,3,11,1,37.33129916839771,36.28450986718537,59.46291560102305,0.7497966964170502,0.7988035695668778,39.12002097555574,34.743979024444265,0.020429724755237008,0.02365483056966284,0.0204284616433023,30943293.0,0.8391144420055988,0,0,-1,0,0,0.0028939752696658626,-0.5140345625924024,0.34021115133995183,0.3755087939561773,0.06171107994389913,0.06529693216999721,1.1435330408874913,0.01941875825627494,0.0
2024-01-12,38.99,37.85,0.004188487798752214,0.018895346692035426,0.01152254321874526,-0.025005632799281315,0.02967422311104825,37.31,37.0755,36.587666666666664,4,12,1,37.63288113777995,36.459057617689545,58.013245033112604,0.833949149095794,0.8058326854726611,39.41078968111774,34.740210318882255,0.022473165630457564,0.024236793157330776,0.020980511356835808,31467840.0,1.6396252811631202,0,0,-1,0,0,0.011360634081902238,-0.4893313405243779,0.3631210646699408,0.3847471636320552,0.07410468319559249,0.07945736434108541,0.6103136052264606,0.026417030007694308,0.0
2024-01-16,38.34,38.99,0.014780510228902928,-0.000769526779028541,-0.0023519868246616154,0.27103139650822256,-0.01681146537700752,37.426,37.1985,36.720333333333336,1,16,1,37.76144820363814,36.580408739128934,49.868766404199505,0.8385250120310346,0.8123711507843357,39.52779422335297,34.869205776647036,0.022622391105154138,0.024572242779931395,0.02130540872873215,30779993.0,0.980125214372307,0,0,-1,0,0,-0.003590664272890499,0.0425979327813264,0.2861311041364155,0.3900722613048055,0.009744535159336376,0.06856187290969906,1.0456716307388922,0.028408972352634274,0.0
2024-01-17,38.19,38.34,-0.03403469860351282,-0.017864552765864246,-0.008771009208905662,-0.44427668605806764,-0.003920036380073762,37.524,37.382999999999996,36.840333333333334,2,17,1,37.839366712067566,36.684253336604485,51.841746248294655,0.8205884372705441,0.8140146080815774,39.37202356367142,35.39397643632857,0.02272925932729063,0.022594067634162503,0.0213450197233527,30338885.0,0.8114534334730619,0,0,-1,0,0,-0.02060511215440809,-1.0017529579241338,0.28051127869875625,0.35866970439220486,0.012997347480105947,0.1069565217391304,0.9709502089561106,0.019114951557999582,0.0
2024-01-18,38.18,38.19,0.01611446836994191,0.003650590755657188,-0.005340466631317362,0.453071259919221,-0.0002618829398232219,37.718,37.536500000000004,36.940000000000005,3,18,1,37.90130003714619,36.78075312133968,52.92479108635099,0.7963864093269066,0.8104889683306433,39.24033190423609,35.832668095763914,0.020432225177522703,0.022433588764521773,0.02119338029207656,29644962.0,0.7553562043299207,0,0,-1,0,0,-0.0007855459544383645,0.6246716478832769,0.2764435962038556,0.3561221813137041,0.0044725072349383055,0.08743947593278278,1.4883051344218134,0.02802514405447879,0.0
2024-01-19,37.41,38.18,0.007050557996666983,0.00026024723634198533,-0.007794690721612621,-0.4552658732194703,-0.020373769937546856,37.894,37.558,37.00866666666666,4,19,1,37.81197275766507,36.821349694156474,47.85894206549116,0.706924576501244,0.7897760899647635,39.24301257218428,35.87298742781572,0.020921922408862335,0.019886246358401534,0.02160497940183669,29204821.0,-0.17566634509812715,0,0,-1,0,0,0.006547930853850184,-0.9103651283759787,0.3158429523299263,0.3156843742493658,-0.01162483487450472,0.011627906976744207,1.3134600708076452,0.036621224271585075,0.0
2024-01-22,38.05,37.41,-0.016793887215355026,-0.0005205622189392132,0.011536009890606989,0.4209166411329016,0.01696303594764007,38.069,37.641999999999996,37.062,0,22,1,37.8552504380896,36.9006174558238,55.430711610486874,0.6798314074611795,0.7677871534640467,39.24306017507416,36.04093982492583,0.020845889630820968,0.019770495898118134,0.021101985414984578,29875313.0,0.5096622929629747,0,0,-1,0,0,0.010157711841753611,0.5982144188034169,0.2352445330493331,0.313846892657059,-0.024108745832264855,0.04619191641462739,0.6730291267249721,0.024178712220762014,0.0
2024-01-23,37.84,38.05,0.019133069568527308,0.005452434642554972,-0.0010675207845921657,-0.687175415601034,-0.005534340124017104,38.056,37.644999999999996,37.11299999999999,1,23,1,37.85247763116421,36.96122278125452,53.84615384615387,0.6341050624017441,0.7410507352515863,39.24737323991572,36.042626760084275,0.015149739625676074,0.017877460427778973,0.021119249094302434,29538059.0,0.24338898721282173,0,0,-1,0,0,0.012352168199737345,-1.4006314557110144,0.21189850197799023,0.28379588619180934,-0.013041210224308819,0.001588141874007576,0.370124374491574,0.030919661733615076,0.0
2024-01-24,38.25,37.84,-0.013591427203539114,-0.007015749187103111,0.007713829977175545,0.1636665151193929,0.010776816088867136,38.111000000000004,37.6395,37.17933333333333,2,24,1,37.92475442549799,37.04436969859294,63.171690694626484,0.623759862569969,0.7175925607152629,39.232266213392386,36.04673378660761,0.01530752968389961,0.017704053243925138,0.021177701599155246,29935284.0,0.7665908466248991,0,0,-1,0,0,0.004228329809725068,-0.9301140250810859,0.23093723824788112,0.2810431324876335,0.0015710919088767206,-0.0028675703858185297,-0.42024162960358075,0.01594771241830064,0.0
2024-01-25,37.74,38.25,0.020318490088120016,0.014239722811135428,-0.00878249158034957,0.07519492604759004,-0.013423020332140661,38.084,37.6305,37.23866666666666,3,25,1,37.89116271177108,37.089249072877266,63.84105960264906,0.5678625138405806,0.6876465513403265,39.2186200405372,36.04237995946279,0.015774773069168104,0.01777237269468132,0.02128220680183987,29507038.0,0.1378988958076041,0,0,-1,0,0,0.013856209150326827,-0.7221609252804815,0.25106120343246774,0.2821276701460898,-0.011524358302776316,-0.004746835443038,0.23612090420505868,0.039480657127716,0.0
2024-01-26,37.69,37.74,-0.02084494443036605,-0.016850690351855765,0.002936075777969248,-0.297715598824993,-0.0013257326613601535,38.068,37.626999999999995,37.31066666666666,4,26,1,37.85458767326725,37.128007197207765,60.00000000000002,0.5136083230828987,0.652838905688841,39.214226644512564,36.039773355487426,0.015727767576285908,0.017748740232900448,0.02113271304664609,29189060.0,0.07938374802087489,0,0,-1,0,0,0.0063593004769474,-1.305423132084211,0.19571499097606415,0.28175251644564725,0.007484629778134133,-0.001853813559322015,0.19712113048481011,0.019368532767312204,0.0
2024-01-29,38.48,37.69,-0.008992390666960828,0.008587855185090105,-0.0174759118919709,0.5325067488463521,0.02074381851846164,38.016999999999996,37.6635,37.38933333333333,0,29,1,37.96829900540047,37.215232539323395,54.20098846787479,0.5282683351891819,0.6279247915889092,39.29557681707697,36.03142318292303,0.013921765232645508,0.018352877768677126,0.021249831112575404,29730639.0,1.0005656491859718,0,0,-1,0,0,-0.0013266118333774785,-0.02622188400723571,0.21587818475525689,0.2913429025097141,0.011300919842312629,0.019337748344370853,0.4507409734567718,0.04443607068607081,0.0
2024-01-30,38.52,38.48,0.012934059152293599,0.00414124252121509,0.028344143454754504,-0.25360824106522395,0.0010389611324192604,38.035000000000004,37.73049999999999,37.477333333333334,1,30,1,38.068608277145835,37.2994110851735,57.02054794520549,0.5369248308828318,0.6097247994476938,39.38881207779669,36.07218792220329,0.012822094330208386,0.017952804549862027,0.021184160559059553,30150902.0,0.9521730084110261,0,0,-1,0,0,-0.009095634095633949,-0.7737568255453255,0.20564600568524485,0.28499193705050285,0.017970401691332016,0.03604088219472845,0.10503475108856701,0.021028037383177628,0.0
2024-01-31,38.09,38.52,0.010176213060452457,0.010783159683459623,0.0031587286068871633,0.5304335360960584,-0.011225806439412069,38.025,37.7745,37.597,2,31,1,38.07249768130114,37.350416821613926,50.67114093959736,0.5032861898350305,0.5884370775251611,39.4213211803344,36.127678819665604,0.01329815990771187,0.01818994532629259,0.019908143210369107,29436594.0,0.3831624268227302,0,0,-1,0,0,0.0,0.9316600456280056,0.21615689185730638,0.2887564301713911,-0.004183006535947609,0.023649556570814356,1.1798203197172543,0.0291415069572066,0.0
2024-02-01,38.76,38.09,-0.01649036189941546,-0.009235571033081837,-0.01963969707462828,-0.28214613062693894,0.01743700653205273,38.083,37.9005,37.71866666666667,3,1,2,38.19749810288275,37.441357671832385,57.03245749613598,0.5246429674775257,0.575678255515634,39.43474728673055,36.36625271326945,0.014435914017007685,0.01732880072664915,0.01990590795564674,29975299.0,1.1204191233495016,0,0,-1,0,0,-0.005250721974271537,-0.042880497840304524,0.21434874522067648,0.2750861834502541,0.027027027027026973,0.0695364238410594,0.1021432512759128,0.03844169246646014,0.0
2024-02-02,39.09,38.76,0.01258867922835155,0.014583858326418342,0.02029651154815899,-0.41742785781835745,0.008477892782298057,38.251,38.072500000000005,37.789,4,2,2,38.35977117508588,37.54772169300449,50.88339222614842,0.5617214346620685,0.5728868913449209,39.281203089221115,36.863796910778895,0.012324897612904099,0.016714639585380213,0.01758969595417904,30330165.0,1.683622734274099,0,0,-1,0,0,-0.010061919504643978,-1.0603213235042388,0.20606354959719933,0.26533667758195084,0.037145131334571646,0.09649368863955132,-0.5861388321231076,0.033128677411102446,0.0
2024-02-05,38.84,39.09,0.009854851540495046,-0.010468626181311691,-0.007513381419827994,0.679458646014022,-0.006416036381739273,38.33,38.1995,37.87133333333333,0,5,2,38.44708550688845,37.631094487004205,54.75285171102662,0.5644271119757462,0.5711949354710859,39.12450867705632,37.27449132294368,0.011880257301431307,0.01657550093805429,0.0173180597553762,29630082.0,1.3848518741214086,0,0,-1,0,0,-0.008697876694806943,1.164928937091386,0.18274908833684245,0.26312792003045693,0.00935550935550955,0.06997245179063372,0.3616347187546739,0.03012358393408861,0.0
2024-02-06,39.9,38.84,-0.0031015791211660452,0.031082729686775314,0.021984659316792343,0.32290755454612696,0.026925680472693593,38.536,38.29600000000001,37.942,1,6,2,38.71125177836328,37.77747548784265,63.857374392220436,0.6446731313870302,0.5858905746542749,39.485168661402184,37.10683133859783,0.013895794439983268,0.014441551264460877,0.016597278800200486,30596993.0,2.6976829310464305,0,0,-1,0,0,-0.005406797116374893,2.6268292179887567,0.2553991315261824,0.2292525191505232,0.0358255451713394,0.05082960231761913,0.06308560506236197,0.03909774436090214,0.0
2024-02-07,39.79,39.9,0.04232229227444731,0.013101163781157577,0.028077393148317593,-0.45631264359361134,-0.0027606994569804636,38.69,38.4005,37.98966666666667,2,7,2,38.907387818660865,37.90731577894958,62.83891547049442,0.6914223131891859,0.6069969223612571,39.728378799160915,37.07262120083909,0.013969790619132269,0.014320074889427733,0.01642155540758145,29984343.0,2.092811483816177,0,0,-1,0,0,0.010025062656641569,0.47140873125036753,0.22220503759824112,0.2273241414794793,0.04463113678130726,0.05543766578249332,0.27885548059051846,0.02488062327217899,0.0
2024-02-08,40.35,39.79,-0.014748423809477105,0.02641617312620643,-0.0006294454793332355,-0.15757010519279246,0.013975770277120604,38.951,38.5175,38.07066666666666,3,8,2,39.16968094254071,38.064908309339934,74.25742574257433,0.7648420731402794,0.6385659525170616,40.09027997256549,36.94472002743451,0.01282362114584028,0.014495423558520905,0.016396120218576525,30507679.0,2.3302687368416275,0,0,-1,0,0,-0.002010555415933609,-0.11813383187323209,0.21476862380241915,0.23010771530635943,0.04102167182662542,0.06156274664561967,0.4806344172972127,0.05216852540272624,0.0
2024-02-09,40.44,40.35,0.024379316870438317,-0.02102796513533025,0.01412965051618872,0.26720922083474835,0.0022279994363127147,39.226,38.647000000000006,38.16,4,9,2,39.400648043896936,38.21814003131801,71.68784029038116,0.8208280152883987,0.6750183650713291,40.40408011380063,36.88991988619938,0.012621552086593438,0.014395909709489304,0.016351249856368977,31191320.0,2.0408858832528356,0,0,-1,0,0,0.008426270136307219,0.8116400290444753,0.21868619085478083,0.22852798192709278,0.03453568687643882,0.06842800528401582,0.8799741126282593,0.016567754698318365,0.0
2024-02-12,41.62,40.44,-0.007152577046494138,0.017913817211968087,0.0024801600014864827,-0.2658687252617815,0.028761426813217725,39.540000000000006,38.778499999999994,38.289,0,12,2,39.80416658137022,38.437614868007174,79.16666666666663,0.9494685338911921,0.7299083988353018,40.98089367387727,36.57610632612272,0.013831193481891902,0.014305393381103013,0.017053355822532566,31715358.0,2.5803742843100257,0,0,-1,0,0,-0.0009891196834816802,-0.15574378980307604,0.22817168911994953,0.2270910797600881,0.07157569515962914,0.0674531931264426,-0.07002630466748237,0.03147525228255652,0.0
2024-02-13,40.16,41.62,-0.0009905894816961793,-0.011097821982798534,-0.009269982704119394,0.27184229663302933,-0.035709345582014634,39.70399999999999,38.8695,38.38833333333333,1,13,2,39.868863566575634,38.54873648942607,62.68260292164672,0.9229678742906344,0.7685202939263683,41.14479963324623,36.594200366753775,0.019424405331834184,0.016137324985936344,0.018155200640512365,31027621.0,1.1343560919568254,0,0,-1,0,0,-0.030273906775588614,0.8366619537875749,0.37907565016966777,0.25617209243169875,0.006516290726817031,0.04747000521648381,-0.7964783632546392,0.030440737051792746,0.0
2024-02-14,40.67,40.16,0.011087953932306093,-0.006205531868534844,0.004303496210460829,-0.07441012344297988,0.012619244535659454,39.962,38.9935,38.50366666666666,2,14,2,40.014524736289154,38.68559219978568,69.45551128818059,0.932370857517661,0.8012904066446269,41.38044938539107,36.60655061460893,0.01876154012341886,0.016220153989819398,0.018241348426613915,31666041.0,1.4047218682228826,0,0,-1,0,0,0.016185258964143568,0.4806244816214242,0.3839152850884775,0.25748696210540534,0.022116109575270215,0.06493846556690253,-1.3668097703829056,0.01954757806737157,0.0
2024-02-15,41.38,40.67,0.005132603226520216,0.013938774854188221,0.009168692652663131,-0.15916148999032675,0.017306952398263874,40.224000000000004,39.153499999999994,38.675,3,15,2,40.26279296605476,38.859424961089836,72.52747252747254,0.9857507348890522,0.838182472293512,41.73215142233153,36.574848577668455,0.01875307743545067,0.01649829000067881,0.017557198931471906,32210523.0,1.7268716358621847,0,0,-1,0,0,0.00860585197934599,-0.047441848101893815,0.38986964464073404,0.26190223439771876,0.025526641883519163,0.08381351492928246,-1.4072177177995853,0.02416626389560174,0.0
2024-02-16,40.78,41.38,0.007286891607203101,0.012915749981488176,0.002955667176346622,0.450507232398727,-0.014605907171087867,40.393,39.321999999999996,38.846000000000004,4,16,2,40.35683060859026,38.9833330281163,64.375,0.9684757016627685,0.8642411181673634,41.86107235443386,36.78292764556613,0.01988651731214435,0.01610230918001492,0.01748712054836424,31356172.0,1.1484509273270347,0,0,-1,0,0,-0.0014499758337361592,1.6362903921453662,0.41541599356925896,0.2556162337451512,0.008407517309594548,0.09008286554397227,-0.6992992837959267,0.03482099068170676,0.0
2024-02-20,40.4,40.78,-0.023507448766029615,-0.03138080328314519,-0.010880423855694488,-0.29164966377970175,-0.00936198017920481,40.549,39.4395,38.98266666666667,1,20,2,40.36467958884657,39.07473089727009,61.270983213429226,0.9135909810249387,0.8741110907388785,41.94804098924744,36.93095901075257,0.02008364093426004,0.016092801809234433,0.017472011017544187,30717946.0,0.7657837795890635,0,0,-1,0,0,-0.010299166257969634,0.3913402667243315,0.339401217064535,0.2554653089129077,-0.02931283037001442,0.06176084099868606,-0.3059325132190723,0.013861386138613919,0.0
2024-02-21,40.3,40.4,-0.0049677201019345555,-0.010476462369973558,-0.01301319665136119,0.36209872100808194,-0.00247831601446709,40.589,39.5625,39.06033333333333,2,21,2,40.35291966360174,39.153780516801056,63.79525593008734,0.8522016303141058,0.869729198653924,41.98042320630259,37.14457679369741,0.018404739735231265,0.016020994314874873,0.01556393082707893,29801236.0,0.6100276452764254,0,0,-1,0,0,-0.00594059405940599,1.773873814800212,0.2197131923266909,0.25432540027883127,0.003486055776892538,0.0650105708245241,0.26986163609462627,0.01625310173697256,0.0
2024-02-22,37.72,40.3,-0.0017445487290579998,-0.0006196938910588239,-0.08130294728582417,0.8696109811626739,-0.06616101118738046,40.382,39.536,39.061,3,22,2,39.87420699749233,39.06127854797518,44.75806451612904,0.5885808953661353,0.8134995379963663,42.02506154371858,37.046938456281424,0.027699321904930387,0.021846635359625312,0.01965595809980379,27613982.0,-1.4591844903014781,0,0,-1,0,0,-0.005210918114143766,3.8185496792182985,0.4791973609955789,0.3468045848704723,-0.07253503811163031,-0.013856209150326815,-1.3048221806481455,0.09888653234358423,0.0
2024-02-23,38.67,37.72,-0.060936468889158914,-0.034816836568519395,0.017335212001545686,-0.5383987999107002,0.02487364785394914,40.214,39.582499999999996,39.083,4,23,2,39.65526027067554,39.036034770686456,48.00759013282732,0.45111643470472274,0.7410229173380376,41.96265368809348,37.20234631190651,0.028751290345332674,0.02234481535750022,0.020132685622153715,28890643.0,-0.7667572094732344,0,0,-1,0,0,0.0,1.3347476277528487,0.5136412202174763,0.35471294716561447,-0.06549057515708068,0.024642289348171698,-0.929806692906837,0.04422032583397985,0.0
2024-02-26,39.87,38.67,0.03131779955254756,0.041242958534049,0.041036794220361335,-0.3414783979704915,0.030560055774057758,40.157,39.691500000000005,39.15033333333334,0,26,2,39.69430385782544,39.08983897902927,54.48215839860747,0.43400192638362256,0.6796187191471547,41.900231715141366,37.48276828485864,0.030799272213087765,0.023284229118994085,0.020847420146599994,29797990.0,0.1616312191981796,0,0,-1,0,0,0.0064649599172485125,0.3665773104719859,0.5998791742521054,0.3696256783122415,-0.02231486022560092,0.05784027593526142,-1.157394925581108,0.04489591171306763,0.0
2024-02-27,40.79,39.87,0.03732152764929997,0.007363803525744514,0.03270668002518793,-0.10772219395459395,0.022812791936203457,40.074,39.807,39.21033333333334,1,27,2,39.89352133822081,39.199526786833836,53.92070484581498,0.4890375460593077,0.6415024845295852,41.99043138925329,37.623568610746716,0.03018950937807947,0.023374331326996737,0.020556833615739158,30612676.0,0.9004175765158098,0,0,-1,0,0,0.013293202909455761,0.10003842829361413,0.6250634523250522,0.3710560065219585,0.009653465346534773,0.060031185031184986,-1.719690630482407,0.019612650159352714,0.0
2024-02-28,34.65,40.79,-0.1103233049999553,-0.11494407592188369,-0.19250039966071425,1.6119253462976002,-0.1631392276935549,39.523,39.6135,39.087333333333326,2,28,2,38.940153822180655,38.90600892961875,35.21288837744535,0.03678297405524944,0.5205585824347181,42.7535454237408,36.4734545762592,0.055707134992846616,0.04158339505374882,0.034489674569110014,26529101.0,-3.1614192345580037,0,0,-1,0,0,-0.1130178965432704,3.7632504470647956,1.2606980218890989,0.6601159318918366,-0.14019851116625304,-0.10046728971962626,-1.2217356781416957,0.09754689754689762,0.0
2024-02-29,36.52,34.65,-0.017003894006785224,0.020367302824433733,0.05729279986400452,-0.6669716443761886,0.05256233009085551,39.108,39.535000000000004,39.03166666666666,3,29,2,38.50012585451144,38.75207286964335,39.75387907972179,-0.16879292109386057,0.3826882817290024,42.90545678615913,36.16454321384088,0.05924996970346967,0.04353026846263301,0.036007884571151345,28625039.0,-1.789075007507103,0,0,-1,0,0,0.026551226551226603,1.234088708322074,1.3196169341131987,0.6910215891360294,-0.03181336161187687,-0.04121816749803098,-2.1098959799492474,0.0596933187294633,0.0
2024-03-01,36.02,36.52,0.02936499083035926,-0.005661155434738223,0.017268652760038854,-0.12579169873539958,-0.013785715978957678,38.572,39.398,38.959666666666664,4,1,3,38.0491938809639,38.57581010385991,38.42931937172777,-0.36781913044323034,0.23258679929455583,43.10685483815747,35.68914516184254,0.05851803961730119,0.04338364515510491,0.03608409966523225,26776844.0,-1.821586525979092,0,0,-1,0,0,0.0030120481927710684,0.8618229972177026,1.2950972272439933,0.6886940162872787,-0.06852857512283417,-0.0706914344685241,-1.7725343769823265,0.03775680177679065,0.0
2024-03-04,35.48,36.02,-0.01208473921507211,-0.021588487012637235,-0.009305015678493723,-0.7318877782755047,-0.015105182306431491,38.041999999999994,39.2175,38.89533333333333,0,4,3,37.58206772078864,38.376080419739914,33.36944745395452,-0.5626365978201733,0.07354211987161002,43.31996075063785,35.115039249362155,0.0585204624565928,0.04338217334195594,0.03600289868425322,25887862.0,-1.8220771518259615,0,0,-1,0,0,0.004719600222098684,-0.2680291730402568,1.2405505192237978,0.6886706519778676,-0.11010785051417105,-0.09235098490662585,-1.4903838302088483,0.025366403607666455,0.0
2024-03-05,34.5,35.48,-0.022071017435922297,-0.01980815217332034,-0.024954686588818577,-0.15947276100328267,-0.02800983340406463,37.452,39.0005,38.777,1,5,3,37.021691771554345,38.12601071524057,34.26028921023362,-0.7870361908041517,-0.09857354226354234,43.614298412314035,34.38670158768597,0.058707068458080006,0.043705423085342573,0.03614894722677663,25129922.0,-1.950887142354706,0,0,-1,0,0,-0.0022547914317925114,-0.4243344002761,1.179228493651393,0.6938020825720664,-0.15420446187791126,-0.11174047373841411,-1.1315282683096666,0.030724637681159486,0.0
2024-03-06,33.63,34.5,-0.027493140580198732,-0.01963357987797663,-0.025891413932741705,0.41791249485380644,-0.02554079828513576,36.785000000000004,38.687,38.63666666666667,2,6,3,36.40502054036264,37.8359455078057,30.806979280261743,-1.0232804737311483,-0.28351492855706356,43.861459951480114,33.51254004851988,0.058651200869896156,0.04324205164036821,0.036382205548724164,23978772.0,-1.9546001118642267,0,0,-1,0,0,-0.0017391304347826747,0.02257919036841068,0.5366770510764896,0.6864462889237616,-0.029437229437229373,-0.15714285714285703,2.0548421557671204,0.037169194171870354,0.0
2024-03-07,34.56,33.63,-0.013152315851505248,0.008298802814695284,0.008902135940593251,-0.20743878282263822,0.02727841818367661,36.46900000000001,38.4255,38.51366666666667,3,7,3,36.069562260296706,37.62459418472146,31.627155172413794,-1.1225227982610662,-0.45131650249786415,43.88596643467465,32.96503356532535,0.05751376308127349,0.043948910101684405,0.0367344944874712,24914269.0,-1.4158131164230163,0,0,-1,0,0,0.010704727921498644,-0.24953703513141048,0.3545598887953113,0.6976673191283481,-0.05366922234392113,-0.13144006031666244,1.8267359972147041,0.035879629629629685,0.0
2024-03-08,35.49,34.56,0.029567371258549538,0.0250470389272632,0.029974599682494833,-0.052990595850972856,0.026554022722550325,36.150999999999996,38.1825,38.43866666666667,4,8,3,35.96418730387912,37.486878430868465,35.997882477501335,-1.1132964394367946,-0.5837124898856503,43.7144507361659,32.650549263834094,0.05762382617082346,0.04435005234520233,0.03706542089141783,25801484.0,-0.973436000576578,0,0,-1,0,0,0.013020833333333209,-0.33161514535056535,0.44030422798173396,0.7040352548286138,-0.014714047751249293,-0.12044609665427508,0.48317101773298887,0.030994646379261602,0.0
2024-03-11,35.95,35.49,0.005128216366919529,0.006095890309338527,0.008564140268633084,-0.11696113763418793,0.012878117508650566,35.759,37.958000000000006,38.38066666666667,0,11,3,35.961607794082916,37.387724983715664,38.27095413811282,-1.0566855151222043,-0.678307094932961,43.468593052428375,32.447406947571636,0.056574499636306966,0.04451187233451197,0.037157291172646795,26590768.0,-0.7287781844515383,0,0,-1,0,0,-0.00845308537616242,-0.45589423494241005,0.43565165184904264,0.7066040675218483,0.013246899661781386,-0.11102868447082082,-0.42274952051672626,0.02837273991655085,0.0
2024-03-12,36.05,35.95,0.01858161571213575,0.00989562775422384,0.012990863293196578,0.09935468469619976,0.0027777795639021483,35.285,37.679500000000004,38.29966666666667,1,12,3,35.97767910424965,37.30142014605659,38.79810226673695,-0.992313018692009,-0.7411082796847707,42.969420803307116,32.38957919669289,0.055662787127350316,0.043835464739650463,0.03693667159323788,27462499.0,-0.6160772762349446,0,0,-1,0,0,-0.00278164116828933,-0.3831095782302841,0.345422354971339,0.6958664298363351,0.04492753623188395,-0.13382988947621333,-1.1367107527373592,0.02552011095700421,0.0
2024-03-13,36.69,36.05,0.0055632966853285115,0.014662223027440194,0.011438261128349333,-0.009752227432108278,0.017597374636232545,35.489,37.506,38.23866666666667,2,13,3,36.10719199438608,37.261973685020685,46.97592483852025,-0.8795161850935074,-0.768789860766518,42.6797125019303,32.332287498069704,0.02653570036820632,0.04359387388247444,0.03710151427727303,28325770.0,-0.31544079795526164,0,0,-1,0,0,0.0,-0.4062338145291641,0.16437486868466242,0.692031293873647,0.09099018733273856,-0.0864043824701195,-0.5801897676817023,0.028618152085036912,0.0
2024-03-14,35.4,36.69,0.017597374636232545,-0.011112731246198871,-0.023576730563996885,-0.03560138740855985,-0.03579241822746185,35.377,37.2425,38.148999999999994,3,14,3,35.97861163177043,37.14184635050322,40.58721934369601,-0.8840256039540151,-0.7918370094040175,42.27252301972324,32.21247698027676,0.023440452429396436,0.0439672377104948,0.037585623297032834,27492692.0,-0.7326010210193348,0,0,-1,0,0,0.0,-0.45799997591073455,0.3826177752803358,0.6979582608985808,0.024305555555555358,-0.1295795426604377,-1.5481741622305158,0.04180790960451969,0.0
2024-03-15,35.17,35.4,-0.04401824818684972,-0.01981898065965807,-0.002844142986620305,0.29931354848862746,-0.006518373653837559,35.291999999999994,36.932,38.02933333333333,4,15,3,35.831591335084894,37.01463045692237,35.67073170731709,-0.8958318369193279,-0.8126359749070796,41.64320768962007,32.220792310379935,0.023180125617706788,0.04362130701372842,0.037415941801526666,26368926.0,-0.7480035337359946,0,0,-1,0,0,-0.008192090395480202,-0.14016916272062507,0.33260691256365804,0.6924667813315379,-0.009016624401239848,-0.15007249879168683,-1.2377716036851711,0.024452658515780476,0.0
2024-03-18,36.31,35.17,0.006812402162240953,0.014352992740823713,-0.003137928690927188,-0.6371895196869201,0.031899738940353396,35.375,36.7085,37.93666666666666,0,18,3,35.91857472870582,36.96917042744351,36.52226233453671,-0.8039326537791069,-0.8108953106814851,41.06158130432958,32.35541869567042,0.025033764178029213,0.04445777292431844,0.03791007460902602,26963147.0,-0.18308870068824576,0,0,-1,0,0,0.00511799829400056,-0.7755906543067013,0.4067774770457839,0.7057452660091643,0.01001390820584147,-0.10961255517410495,-0.5427616137067414,0.04103552740291936,0.0
2024-03-19,36.29,36.31,0.02348444523306911,0.004920731634878285,0.028726278258396333,0.04644734336773775,-0.0005509642012655345,35.554,36.503,37.851666666666674,1,19,3,35.98610659621385,36.925352980511676,57.80952380952382,-0.7243656851788955,-0.7935893855809673,40.495430205697645,32.510569794302356,0.02276363260160544,0.04445398910000796,0.03790023233404138,26340675.0,-0.10670192791148916,0,0,-1,0,0,-0.003304874690168123,-0.7392333286688346,0.40719519652134384,0.7056851996603825,0.006657420249653212,-0.10173267326732671,-0.41169154617329695,0.017911270322402827,0.0
2024-03-20,36.56,36.29,-0.0027670189209536905,0.011657987530154887,-0.0036156345882942297,0.08094589299463398,0.007412525360970444,35.846999999999994,36.316,37.74033333333333,2,20,3,36.09045085144769,36.90178182047867,50.22471910112359,-0.632233550974405,-0.7613182186596548,39.88779830868056,32.74420169131945,0.02008300803583985,0.04453122946888794,0.03755146517965238,27015629.0,0.13662585561284657,0,0,-1,0,0,-0.005511160099200764,-0.6543820040637369,0.38751497703491783,0.7069113525037705,-0.0035431997819568295,-0.09280397022332498,-0.1691011099929878,0.03309628008752737,0.0
2024-03-21,37.05,36.56,0.01948202652018787,0.017500947641999352,0.019589535247804716,0.19325637649368524,0.013313605156146545,36.096,36.2825,37.649,3,21,3,36.26491433300266,36.91134428367359,55.793025871766,-0.5137569951050835,-0.7118059739487406,39.811160846329614,32.753839153670384,0.019057844870710196,0.04233692678957629,0.03765874446083119,27834479.0,0.4350092193180449,0,0,-1,0,0,0.006564551422319334,-0.4095526438927279,0.23826568979083582,0.6720778773598024,0.0466101694915253,-0.017762460233298083,0.9452497692004208,0.031174089068825944,0.0
2024-03-22,37.24,37.05,0.010810916104215676,-0.005977304108459414,0.010328985551658168,-0.20132793038376082,0.00511510066677063,36.271,36.211,37.54533333333333,4,22,3,36.44220263609308,36.9325478782753,60.30444964871198,-0.39992200694415914,-0.6494291805478243,39.5907782549496,32.8312217450504,0.017747660820712767,0.04194508091853631,0.03756526596567105,28504007.0,0.6089156875857517,0,0,-1,0,0,0.004048582995951571,-0.5559845857925243,0.20131503634450335,0.6658575169975668,0.05885698038100662,-0.03697957072666147,1.4198517302629257,0.014769065520945333,0.0
2024-03-25,37.0,37.24,0.003220614700042157,0.010601742553877991,-0.008963797626318201,0.26287608999119055,-0.006465539764641972,36.376,36.0675,37.43066666666667,0,25,3,36.54362033862161,36.936899628064,66.02564102564102,-0.3253228338044778,-0.584607911199155,39.0083618500452,33.12663814995481,0.01783718254759948,0.041271105335287384,0.037565398329516234,27633175.0,0.6341678375580051,0,0,-1,0,0,0.0021482277121374405,-0.3003011331545883,0.12066391195916178,0.6551584862995286,0.019003029468465993,-0.07198394783044892,-0.20695090019075052,0.03459459459459462,0.0
2024-03-26,37.04,37.0,-0.0013406624879759984,-0.010868231562783524,0.004084416842224634,-0.3076825071732012,0.0010804971337541789,36.475,35.88,37.278,1,26,3,36.63387118614495,36.9435512649631,74.46197991391676,-0.25997792226991123,-0.5196819134133063,37.881147039495815,33.87885296050419,0.017847882231132768,0.04083437165906672,0.03710258396253245,28273366.0,1.1593350984266075,0,0,-1,0,0,0.0072972972972973815,-0.5760724886393008,0.11747511391066513,0.6482255541208473,0.02066685037200333,-0.09193429762196614,-0.3811267064067632,0.01943844492440621,0.0
2024-03-27,37.99,37.04,0.0029470885362497803,0.017437694159577438,0.013495481474884509,0.3236210556751575,0.02532455742155565,36.605000000000004,36.047000000000004,37.205666666666666,2,27,3,36.88044006139132,37.011064086578386,74.53505007153075,-0.130035579360829,-0.44175264660281083,38.16972020121122,33.92427979878879,0.018732701523978545,0.022389406793786214,0.03695803638178213,29158189.0,1.8306699101382526,0,0,-1,0,0,0.009179265658747392,-0.14661962490339192,0.19525083167914178,0.35542081427170996,0.039113785557986835,0.09639249639249647,0.6081079920177452,0.023163990523822123,0.0
2024-03-28,38.15,37.99,0.014079127500826462,0.020736875781813224,0.013580291253071792,-0.24060852971097296,0.004202790530931739,36.88,36.128499999999995,37.12166666666667,3,28,3,37.11126914113835,37.08454382292817,71.38263665594853,-0.01398348073564648,-0.356198813429378,38.444088137180536,33.812911862819455,0.012899879644357551,0.019178231488943848,0.03688078946642632,29853792.0,1.7459927070289645,0,0,-1,0,0,-0.002105817320347602,-0.6402240774754407,0.1893393284640073,0.3044449866346404,0.029689608636977116,0.044633077765607654,1.3900312504375396,0.030668414154652546,0.0
2024-04-01,36.51,38.15,-0.008210879132394565,-0.02747244761294873,-0.04822169314283962,0.46856787262307265,-0.043939562062920566,37.013999999999996,36.153,36.95933333333333,0,1,4,37.00194747911319,37.04747647951345,53.78378378378375,-0.053726326761662335,-0.29570431609583486,38.47411679109288,33.831883208907115,0.020340760759200657,0.021452795550077383,0.03745990908249318,28742424.0,0.30761054451888015,0,0,-1,0,0,-0.014416775884665719,1.7029516690009765,0.3966920918351005,0.34055257171570713,-0.0196025778732547,0.013603553581343464,-0.9290427384289008,0.05186798137496564,0.0
2024-04-02,35.67,36.51,-0.0398805052363,-0.031029940818280404,-0.018770686990559185,-0.634040017755348,-0.023276196296745193,36.95,36.1625,36.788999999999994,1,2,4,36.75977521018352,36.958607029222264,47.66584766584769,-0.15126016536596154,-0.2668154859498602,38.473552391853836,33.85144760814617,0.01923918296091875,0.02183667086457455,0.037578498265705,28152905.0,-0.4262127520224112,0,0,-1,0,0,-0.010408107367844302,-1.3435421861351475,0.42062054911893915,0.34664640341540437,-0.03594594594594591,0.00535512965050744,-0.310961394710358,0.03938884216428374,0.0
2024-04-03,35.75,35.67,-0.02097685642790964,-0.021583077125798628,-0.00028284542686092236,0.42404180241425654,0.002240269769216542,36.896,36.225,36.634,2,3,4,36.576179717422875,36.88063238217567,43.799472295514526,-0.2195700370318292,-0.257366396166254,38.41096961504348,34.039030384956526,0.019276484354268517,0.020809800459648534,0.03757848073167361,29053764.0,-0.4345897552565512,0,0,-1,0,0,-0.008130081300812985,0.4346378308757233,0.4221067797164602,0.3303453410946458,-0.03482721382289411,0.03623188405797095,-0.34556006677691525,0.017622377622377495,0.0
2024-04-04,35.5,35.75,0.016816539790747712,0.0146229671451584,-0.0009905894816962903,-0.5114815093071292,-0.007017572658646535,36.79,36.3185,36.474000000000004,3,4,4,36.38051067789144,36.79155932526111,50.7645259938838,-0.2905299645531514,-0.2639991098436335,38.17177334877016,34.46522665122984,0.019086383899490907,0.019936506351985468,0.037583933491315634,28513603.0,-0.8833019700446906,0,0,-1,0,0,0.006433566433566346,-1.5527068482735238,0.3138615751951932,0.3164822269128786,-0.06554356409581474,0.055605114481118045,-0.9528077531864715,0.033661971830985925,0.0
2024-04-05,35.39,35.5,-0.020781427454408096,-0.026401343620357672,-0.005537034093969647,-0.2602641351283762,-0.0031034021239980288,36.624,36.36,36.39633333333334,4,5,4,36.200417827365726,36.7011361429862,51.71339563862927,-0.3515893953513043,-0.2815171669451677,38.07984087391175,34.64015912608825,0.018226576540908163,0.01909495023662315,0.03580458230927235,28097221.0,-1.1280113349018719,0,0,-1,0,0,-0.0073239436619717746,-1.947162764930657,0.2916613972147552,0.3031229377395529,-0.07234600262123192,0.02401620370370372,-1.0781591065488076,0.012396157106527389,0.0
2024-04-08,35.84,35.39,0.010444696221707525,0.011222357556231887,0.009916500018614502,0.0638565228472143,0.012635293749357871,36.483999999999995,36.377500000000005,36.302,0,8,4,36.13488731329923,36.645578972470965,45.89877835951135,-0.35952382808089567,-0.2971184991723133,38.06692064189525,34.68807935810476,0.018816666774276937,0.018344451517430076,0.035556058815210685,28541059.0,-0.6363128124171803,0,0,-1,0,0,0.006216445323537691,-1.5731568453858127,0.20830402261412448,0.2912091399180087,-0.018351136674883417,0.009861932938856066,-0.5067666179300073,0.013671875000000054,0.0
2024-04-09,35.95,35.84,0.01033673123270065,0.011062059705858603,0.0033774307365710006,0.19640946357933847,0.0030644960603259416,36.379,36.3775,36.17133333333334,1,9,4,36.101271438153915,36.600702909730906,47.07903780068732,-0.35286819756327503,-0.30826843885050564,38.066920641895244,34.68807935810475,0.01890073932750509,0.018127165631649914,0.03502613190011628,29081221.0,-0.5060906554573779,0,0,-1,0,0,0.0039062499999998174,-0.9838527779745954,0.1182732825716529,0.2877598334149365,0.007849733669750503,0.0,0.6519320506190827,0.021418636995827425,0.0
2024-04-10,34.83,35.95,-0.0259023490292984,-0.03270731797578433,-0.033717479712712536,0.30942623942630093,-0.03164999978914596,36.158,36.316500000000005,35.97266666666666,2,10,4,35.870131176671386,36.486464012328916,37.031484257871035,-0.4329771115729599,-0.33321017339499653,38.13860144728803,34.49439855271198,0.020832177031141458,0.019411402406797243,0.035043468646374094,28345173.0,-1.6316325330979555,0,0,-1,0,0,-0.024756606397774703,0.0385859834431219,0.2597005736901641,0.30814646020431696,-0.025734265734265738,-0.0338418862690707,-1.0953795373436876,0.022394487510766614,0.0
2024-04-11,34.97,34.83,-0.0017128180036748277,0.005526050194254334,0.004928260445755514,-0.45549083925637346,0.004011466697374578,35.856,36.2305,35.983333333333334,3,11,4,35.70647096273113,36.38862762443673,33.54430379746839,-0.47963820247431244,-0.36249577921085974,38.138703619279184,34.322296380720815,0.018137216825364136,0.018929952010846917,0.02165760465789217,28811928.0,-1.3211378358837296,0,0,-1,0,0,0.004880849842090201,-1.201513407854548,0.2663067042950066,0.3005036721065281,-0.014929577464788735,-0.046879258653584,-1.6096658989016466,0.023019731198169854,0.0
2024-04-12,34.2,34.97,-0.0031478062907309024,-0.013371465229749404,-0.015739176549971076,-0.23653747526066232,-0.02226490700672486,35.461,36.1705,35.906,4,12,4,35.43256715132547,36.247425842215,27.971014492753625,-0.5721545762292237,-0.40442753861453257,38.255892554235714,34.08510744576428,0.018055690667264257,0.017928267169298292,0.01953182440299901,28443492.0,-1.8898120605615882,0,0,-1,0,0,-0.002287675150128633,-1.4902527615270376,0.29909722750181095,0.28460241820972326,-0.033625317886408546,-0.03389830508474567,-0.5511581593146443,0.025584795321637425,0.0
2024-04-15,33.81,34.2,-0.014143690819330174,-0.01485997191864602,-0.013010236736014775,0.532020770739067,-0.01146902734876488,35.190999999999995,36.102500000000006,35.83233333333333,0,15,4,35.137554941993564,36.0901725620721,27.37588652482269,-0.6692297456813137,-0.45738798002788883,38.4028695355309,33.802130464469116,0.014117081081097015,0.01803251340603616,0.01948902616708409,27816278.0,-1.9931580249091867,0,0,-1,0,0,0.005847953216374144,-0.1793712640376114,0.24465132164870457,0.2862572759148599,-0.056640625,-0.03866932044355986,-0.2199866326461122,0.02366163856847078,0.0
2024-04-16,33.39,33.81,-0.02055872702103655,-0.016117565021068585,-0.009269015382225054,0.004181204065147811,-0.012500162764231494,34.96300000000001,35.9565,35.76266666666667,1,16,4,34.819817679812914,35.9159678806481,25.43741588156125,-0.7711635138197721,-0.5201430867862655,38.55301000585881,33.35998999414119,0.013197242997387462,0.01625244151173716,0.01943519076327405,27186436.0,-1.9768843518483694,0,0,-1,0,0,-0.0032534753031647273,-0.175291975752921,0.20860538726230454,0.257999510626075,-0.07121001390820592,-0.08041861746075463,0.28362460760421404,0.016771488469601744,0.0
2024-04-17,32.75,33.39,-0.0023767093778466627,-0.002736384505223672,-0.017881973683725703,0.012207628208449133,-0.01935349187430223,34.663,35.7795,35.70433333333334,2,17,4,34.4434871925742,35.71171188834822,13.20224719101121,-0.8932920955371415,-0.5947728885364407,38.73772475214597,32.821275247854025,0.013356251733629147,0.016571104758156152,0.019106984205488193,26548858.0,-2.0481878517190544,0,0,-1,0,0,0.0068882899071577375,-0.13780262348156244,0.16046448530817284,0.2630581328380819,-0.05971863336204419,-0.09754753375585556,1.2024745244655815,0.032290076335877785,0.0
2024-04-18,31.88,32.75,-0.025607665269746165,-0.007657176022039682,-0.027908788117076616,0.7092956658523366,-0.026924108159246618,34.301,35.5455,35.645999999999994,3,18,4,33.977398612106164,35.46450466974511,9.961685823754806,-1.0481986242839483,-0.6854580356859423,38.95043434514315,32.14056565485684,0.014474410409218376,0.016968679214615322,0.019166016910561204,25252943.0,-2.153051793922851,0,0,-1,0,0,0.0006106870229008588,2.577961380443493,0.10195519732521256,0.26936943167461774,-0.08836145267372031,-0.12800875273522982,-0.12260773596295534,0.05332496863237137,0.0
2024-04-19,32.7,31.88,-0.02753460878870901,-0.02233717984615215,0.0025125641358831386,-0.13504376796106307,0.025396223981193483,34.032,35.327999999999996,35.583999999999996,4,19,4,33.745144318995955,35.28614952976156,22.824536376604897,-1.0922057493786355,-0.766807578424481,38.88081119234046,31.775188807659532,0.018456084324611016,0.017932503027748743,0.019067297240004357,26385155.0,-1.47939187180322,0,0,-1,0,0,0.0,1.676020942145728,0.3209144515050754,0.2846696603780159,-0.04385964912280704,-0.11740890688259098,1.7245430507862711,0.026911314984709448,0.0
2024-04-22,33.06,32.7,0.028449661468083608,0.01814931850567727,0.024172233620304656,-0.5345654678431038,0.010949014489670303,33.754000000000005,35.119,35.50300000000001,0,22,4,33.620572624633056,35.14252697945437,30.015313935681505,-1.085519528306051,-0.830549968400795,38.68997008786403,31.548029912135966,0.018252927969632845,0.01817242422745676,0.01845681176340124,27048545.0,-1.1531880409738093,0,0,-1,0,0,0.003058103975534994,-0.18316342332768745,0.3476476769996584,0.28847829135009395,-0.022182786157941448,-0.11224489795918369,0.6227983476328524,0.021173623714458644,0.0
2024-04-23,32.4,33.06,0.00819801160360343,-0.001950341927960252,-0.009846233393358038,-0.05915550673741984,-0.020165669594594527,33.399,34.888999999999996,35.38466666666667,1,23,4,33.39865032924523,34.96558975497344,26.441631504922682,-1.1205600157471167,-0.8885519778700594,38.541482357030574,31.236517642969417,0.018169228112013377,0.01844789923736847,0.018503299836469787,26423260.0,-1.3629087052037245,0,0,-1,0,0,0.00030248033877791923,-0.28826337765867044,0.36257085650726983,0.29285132156193056,-0.02964959568733161,-0.12432432432432439,0.7638571326777502,0.029475308641975256,0.0
2024-04-24,32.6,32.4,-0.02355929676509062,-0.02078824576135794,-0.010568951349234313,0.19400764755600455,0.006153865574378286,33.176,34.667,35.26966666666667,2,24,4,33.253441178473366,34.81297106110419,29.46175637393773,-1.1192890584346031,-0.9346993939829682,38.30871792890153,31.025282071098477,0.017192790806993596,0.018591919522193356,0.01855198663065666,27182422.0,-1.1351785285707081,0,0,-1,0,0,-0.003086419753086464,0.22397368679780597,0.3480206083159069,0.2951375727063026,-0.004580152671755711,-0.11987041036717061,-0.15552387622493305,0.018711656441717774,0.0
2024-04-25,32.5,32.6,0.0003095496077961239,0.0012258659212123451,0.002496880198587146,-0.2542933813605899,-0.003072199036970252,32.929,34.3925,35.13,3,25,4,33.11645187329639,34.663747121678114,29.50354609929083,-1.113515071270264,-0.9704625294404274,37.79966196145378,30.98533803854622,0.016855495377860824,0.01704776803072894,0.018126442690492895,26593719.0,-1.1108952385653548,0,0,-1,0,0,-0.008895705521472366,-0.403443902816189,0.2691509222367827,0.27062492770815666,0.019447929736511993,-0.14451171360884452,-0.292624247115231,0.017538461538461548,0.0
2024-04-26,32.04,32.5,0.0046317822500382706,0.0015302221807677583,-0.00280942903688706,-0.008949342293892028,-0.01425496713553336,32.71300000000001,34.087,35.018,4,26,4,32.92073335087886,34.494473113827915,23.087818696883886,-1.132996818406248,-1.0029693872335916,37.154329371567854,31.019670628432152,0.01625859161569793,0.016869798708717042,0.01726134463126919,26010261.0,-1.3347115695982072,0,0,-1,0,0,-0.0012307692307692046,-0.40020028198499774,0.20812744299893254,0.26779975230590314,-0.020183486238532167,-0.1601572739187418,-0.12554573870424243,0.022159800249688028,0.0
2024-04-29,32.54,32.04,-0.006490518844663629,0.0036325380684592424,0.004989096722201777,-0.06604218710626532,0.015484979590733196,32.586,33.88850000000001,34.93033333333334,0,29,4,32.85150910526452,34.368378074226115,27.114093959731576,-1.095462610966841,-1.0214680319802416,36.80576818859857,30.971231811401445,0.017526071042233877,0.01561605247512443,0.017583307773850636,26556431.0,-0.9244950500405099,0,0,-1,0,0,0.006554307116104895,-0.4747856266269416,0.23037902638074123,0.24789714785828343,-0.015728977616454975,-0.10873733223774307,0.15659401115410962,0.02055931161647216,0.0
2024-04-30,32.06,32.54,-0.0003101256033539455,0.0030727598372020997,-0.003115267316949423,0.2683769594728546,-0.014860954609484762,32.452999999999996,33.708,34.78866666666667,1,30,4,32.707598358852785,34.21945045653411,29.662261380323102,-1.0918621622782254,-1.0355468580398384,36.60782649208692,30.808173507913075,0.017669973725433864,0.015236826307041406,0.016430499465569588,25842128.0,-1.1366197284541515,0,0,-1,0,0,-0.009219422249538941,0.23457186441376057,0.2082204484791591,0.24187711906990947,-0.01049382716049374,-0.10120549481356877,0.4086383619386611,0.027136618839675747,0.0
2024-05-01,32.29,32.06,-0.009035736814883776,-0.00624668748716697,-0.007202160457038166,0.3380866935825367,0.007148437588776945,32.407,33.535,34.65533333333334,2,1,5,32.63167138451591,34.09496978191901,30.57971014492756,-1.0582508459292796,-1.0400876556177268,36.332935328999184,30.73706467100081,0.01709790456944446,0.015402773284202273,0.016546691545938803,26843768.0,-0.8899419418999441,0,0,-1,0,0,-0.003431066749844135,1.4307038866390278,0.21081317945063174,0.2445114456642529,-0.009509202453987786,-0.09678321678321677,0.35895154786556077,0.027717559615980276,0.0
2024-05-02,32.07,32.29,0.015528262326555194,0.002594827068395778,-0.007381038461778024,-0.11838822653467504,-0.00683657106512023,32.426,33.3635,34.50566666666667,3,2,5,32.529549314603926,33.9643265701823,33.22834645669292,-1.0374072123689473,-1.039551566967971,36.0733982307554,30.6536017692446,0.01484510727211509,0.015401579184118363,0.016418383382191815,25953960.0,-0.9546483962531904,0,0,-1,0,0,0.004955094456488191,0.868120861865965,0.21384422956252574,0.24449248991307762,-0.013230769230769268,-0.09661971830985916,0.6016572940051604,0.037854692859370084,0.0
2024-05-03,31.72,32.07,0.00030811893634602716,-0.0055029181972302416,-0.005269351620387681,-0.1570480065275554,-0.010973616938416409,32.327999999999996,33.18,34.327999999999996,4,3,5,32.38235853013048,33.8195313075899,33.43898573692552,-1.0371746537405429,-1.0390761843224854,35.8078989005625,30.552101099437504,0.012281417246001975,0.015451069671561934,0.016115458468035863,25193474.0,-1.1111538573173347,0,0,-1,0,0,0.012160898035547258,0.26089334076582194,0.20380488862264007,0.24527812704531193,-0.009987515605493158,-0.10370161062447025,0.633383381344719,0.03783102143757868,0.0
2024-05-06,32.4,31.72,-0.012711378719766195,-0.00045994634770219487,0.01922833079359164,0.003840156750335647,0.021211026031636403,32.262,33.007999999999996,34.166666666666664,0,6,5,32.385566070106755,33.7279486425841,42.46575342465753,-0.9709277812682586,-1.02544650371164,35.33604051330246,30.679959486697538,0.013932134338811235,0.016097244784095566,0.01673346475206332,25956886.0,-0.5223276798886237,0,0,-1,0,0,0.01040353089533412,0.21128202009994362,0.23694650321756852,0.25553583895229093,-0.004302397049784856,-0.09598214285714302,0.9353400717691951,0.017746913580246784,0.0
2024-05-07,33.06,32.4,0.0062208598751025326,0.037177883892857096,0.005138197369079919,0.5659662284040162,0.020165669594594638,32.328,32.8635,34.035333333333334,1,7,5,32.508190420996435,33.68485518177223,52.352048558421856,-0.8553106842456017,-0.9914193398184323,34.73706429243658,30.98993570756343,0.013968735322338404,0.01698876060649748,0.017331172358831862,27301368.0,0.20976061594817416,0,0,-1,0,0,-0.004629629629629586,2.275524828720734,0.2376064354594196,0.26968821388801906,0.031191515907673217,-0.08038942976356056,-0.12038212941379031,0.04975801572897771,0.0
2024-05-08,32.16,33.06,0.015690215743087196,-0.025439049497532527,-0.0020209878623796574,-0.15979751029372008,-0.027600648082112645,32.284,32.730000000000004,33.87266666666667,2,8,5,32.444883071724355,33.586477428109504,52.11480362537762,-0.8267752300626654,-0.9584905178672789,34.38083710822521,31.0791628917748,0.016627527015082133,0.016678499496257857,0.017830766547980242,26155444.0,-0.6905587439972289,0,0,-1,0,0,-0.009074410163339512,1.353350930161547,0.3347958830135124,0.2647629714528861,-0.004026014245896659,-0.07665805340223952,-0.00582336519715907,0.026741293532338294,0.0
2024-05-09,32.5,32.16,-0.018484814674103102,-0.012812865952347971,-0.005617992304223373,0.3932580460282667,0.010516645024926366,32.284,32.6065,33.68966666666667,3,9,5,32.45490433141083,33.51638211016696,48.37133550488598,-0.7678739456736068,-0.9203672034285445,33.87765819546323,31.33534180453676,0.017015279576161335,0.01690400993681907,0.017149978877187576,27853475.0,-0.1675637231936911,0,0,-1,0,0,0.0,2.593218834339135,0.33730336227871843,0.26834283871552755,0.013408169628936761,-0.07063197026022305,-0.7617263076118914,0.019076923076923106,0.0
2024-05-10,27.53,32.5,-0.2968449853733007,-0.15440657173991132,-0.29029372188607877,1.667839784821979,-0.16596377018117586,31.833,32.273,33.33566666666667,4,10,5,31.55946718024522,33.130163909511026,24.279069767441882,-1.1094427519707963,-0.9581823131369949,34.73031646527771,29.815683534722297,0.05153351809145538,0.037382404311916584,0.0318879399069641,18852714.0,-3.8603086472738775,0,0,-1,0,0,-0.26461538461538464,4.187296838299418,1.1732115771615066,0.5934272713139994,-0.13209331651954592,-0.19502923976608189,-1.8771194966383113,0.14565928078459867,0.0
2024-05-13,27.4,27.53,0.14899695594922063,0.009627458922303272,0.11115956818440455,-1.4772581241624523,-0.0047333057604915085,31.319,31.952499999999997,33.032000000000004,0,13,5,30.803200420200632,32.760475915349026,25.538160469667346,-1.3747807882210665,-1.0415020081538091,35.13176754225903,28.77323245774097,0.050640247046499026,0.03739966542835883,0.03129444972138876,16798176.0,-2.863867189211275,0,0,-1,0,0,0.0076280421358516995,0.3857960482872202,1.1207266115944465,0.5937012830427446,-0.154320987654321,-0.18958887902987287,-1.894161444583244,0.053649635036496314,0.0
2024-05-14,27.48,27.4,-0.002165284137216658,0.003188665234964846,0.00820287970163804,-0.12461423264362059,0.002915453960124135,30.861,31.657,32.759,1,14,5,30.198982161982332,32.419800049842635,24.653465346534674,-1.5606179301468153,-1.1453251925524104,35.33344622456304,27.98055377543696,0.0509872303500634,0.037498769890125926,0.031252495224534056,18611999.0,-2.2723030583679757,0,0,-1,0,0,0.010218978102189823,0.22407910300365808,1.0765204330722884,0.5952745176006604,-0.16878402903811252,-0.1769991015274034,-2.0073046498381046,0.04876273653566229,0.0
2024-05-15,26.78,27.48,-0.0007228045128566443,-0.009418106043703365,-0.007080335149710485,-0.303044809029889,-0.02580312709112207,30.309999999999995,31.3585,32.46,2,15,5,29.577349041621908,32.05594198211085,23.271028037383203,-1.7442724666396785,-1.265114647369864,35.588982242014325,27.12801775798567,0.050523034810245004,0.03761540014442931,0.03134437886695816,17272371.0,-2.1645286461809907,0,0,-1,0,0,0.006550218340611343,-0.05258192084376868,1.077314135823661,0.5971259654900583,-0.1672885572139302,-0.1822900763358778,-2.028219033316389,0.047236743838685605,0.0
2024-05-16,27.55,26.78,-0.03121237398874431,-0.006987397415922198,-0.0028087276212315796,0.021142780140058135,0.02834719533589713,29.857999999999997,31.142000000000003,32.195,3,16,5,29.208740124963377,31.765236047781123,29.609445958219823,-1.8068590981752308,-1.3734635375309374,35.69128380713858,26.592716192861424,0.052552557293321915,0.03830493871212964,0.03209637912825364,18640624.0,-1.5791496649927879,0,0,-1,0,0,0.001120238984316564,-0.038949815674950934,1.1310162909420305,0.6080720509071947,-0.15230769230769226,-0.13582183186951058,-1.8260898157903689,0.04156079854809436,0.0
2024-05-17,28.09,27.55,0.026864541052640883,0.010017972870278826,0.012855323751958862,-0.0805184882291304,0.019411105517228775,29.495000000000005,30.9115,31.951666666666664,4,17,5,29.00533282951549,31.528124044698473,29.86425339366518,-1.792226298401939,-1.4572160897051378,35.593619515549904,26.229380484450093,0.05360891241658269,0.03805749544171638,0.0324781851754255,19903026.0,-1.2052233996289263,0,0,-1,0,0,-0.00036297640653363205,-0.10027688064463078,0.33691335708665754,0.6041440107645348,0.02034144569560481,-0.14097859327217133,-0.3691365488992949,0.038447846208615105,0.0
2024-05-20,28.0,28.09,0.022263037989332834,0.004216799886592248,0.017978836868001422,-0.3831266083436686,-0.00320913094094835,29.055,30.658499999999997,31.69033333333333,0,20,5,28.82254504233085,31.300503138588894,30.956848030018776,-1.7675171099937828,-1.5192762937628668,35.39828136293433,25.918718637065666,0.052524514630397784,0.037839130669092134,0.03227232717595677,19042413.0,-1.121781701067392,0,0,-1,0,0,0.002491990032039882,-0.32558071994583704,0.3345401558749684,0.6006775774637693,0.021897810218978186,-0.15305505142165765,-0.4354911271987834,0.025310714285714297,0.0
2024-05-21,27.46,28.0,-0.009992945397518578,0.003584658121063849,-0.013914541600330699,0.13794363773215743,-0.019474109835378887,28.494999999999997,30.4115,31.407333333333334,1,21,5,28.574809580088875,31.052728742550904,27.985414767547894,-1.7710923371954443,-1.5696395024493823,35.2822214422937,25.540778557706304,0.05119412220461486,0.03782770737149055,0.032274361778665724,18054506.0,-1.2119354534921187,0,0,-1,0,0,-0.0042857142857143215,-0.26689542929667615,0.37582399799845484,0.6004962382361329,-0.0007278020378457262,-0.15246913580246912,0.2210736751077154,0.04333576110706474,0.0
2024-05-22,26.74,27.46,-0.019924585952346537,-0.028665524187324994,-0.019360247284541422,0.38059778432545155,-0.02656982866602794,27.952999999999996,30.1185,31.137666666666668,2,22,5,28.24120783825453,30.774488178515366,26.765475152571952,-1.811145950106198,-1.6179407919807456,35.13766443035551,25.099335569644495,0.05117305458757817,0.03790503553558753,0.03216677067796363,16609041.0,-1.3462400153966283,0,0,-1,0,0,-0.004734158776402132,-0.03473975846732358,0.37904663865121496,0.6017237847853837,-0.0014936519790890168,-0.17975460122699394,0.20066907531362366,0.03403141361256545,0.0
2024-05-23,27.15,26.74,0.006928013125166336,0.013833356585872375,0.001502629884534875,0.1418636137357382,0.015216474706147353,27.418,29.851,30.877,3,23,5,28.042806413117344,30.540650231514373,30.182133564614077,-1.7891805932686822,-1.652188752238333,34.905885703325325,24.796114296674677,0.05147927300603113,0.03828100436009324,0.03238094883578949,18274823.0,-1.06866906930187,0,0,-1,0,0,0.02916978309648471,0.057420265572029124,0.3225122743391775,0.607692104847516,-0.014519056261343088,-0.1646153846153846,-0.017165228241188213,0.04615837937384898,0.0
2024-05-24,27.0,27.15,-0.010593706379474616,-0.021313095918238583,0.003185611238920512,-0.45220975390510804,-0.005540180375615356,27.365,29.599,30.637,4,24,5,27.853205247096007,30.3122211843199,25.454545454545496,-1.7635475576464898,-1.6744605133199644,34.6967348943065,24.5012651056935,0.01883895078211475,0.03825894069429015,0.03227199310806848,17215018.0,-1.0196685602080804,0,0,-1,0,0,0.0029465930018416886,-0.2939046778259591,0.25506166598384045,0.6073418550111636,-0.038803844784620845,-0.1573033707865168,0.46829868824126014,0.021481481481481417,0.0
2024-05-28,26.67,27.0,-0.006632301393177735,-0.006061181197393894,-0.019458439575793938,0.14600545816370739,-0.012297527810406083,27.292,29.305499999999995,30.399,1,28,5,27.638077020351275,30.077239172428293,20.05623242736648,-1.7496920732399666,-1.689506825303965,34.366069865975525,24.244930134024465,0.019116246464017297,0.037868320834541266,0.03227592504788694,15988609.0,-1.041582299938051,0,0,-1,0,0,0.0018518518518518782,-0.22164934303092196,0.2528938861900577,0.6011409569748126,-0.04749999999999999,-0.18039336201598022,1.0306466497768962,0.03487064116985376,0.0
2024-05-29,26.3,26.67,-0.02621873030511919,-0.02575249610241474,-0.022572579876742764,0.4924126562478798,-0.013970399010204101,27.174,29.017500000000002,30.162666666666667,2,29,5,27.394790289378314,29.83354632259421,21.10453648915191,-1.748412795448644,-1.7012880193329007,34.07363488744105,23.96136511255895,0.01932059387427566,0.03786200260259535,0.03228490214976493,13981886.0,-1.0749317652699528,0,0,-1,0,0,-0.011998500187476575,0.18236411226279906,0.2425190527123044,0.6010406581520855,-0.04224326292789515,-0.17966313162819714,0.9111220165736208,0.031368821292775635,0.0
2024-05-30,26.62,26.3,0.005676458004805122,0.010156190364136597,0.01798366169006483,-0.8779074208797543,0.012093873783246634,27.157999999999998,28.734,29.958333333333332,3,30,5,27.253919327673163,29.626220753394584,20.948616600790515,-1.7019585146098777,-1.7014221183882963,33.6514807414065,23.816519258593505,0.01836092465893502,0.03799128659704345,0.03239707964885326,14815984.0,-0.859789844096209,0,0,-1,0,0,0.007604562737642559,-0.4761257113205501,0.21767737728444508,0.6030929779389499,-0.00448765893792058,-0.17559615980179621,0.42073675137213024,0.023666416228399663,0.0
2024-05-31,26.95,26.62,0.006769488055246354,0.009683502111164963,0.0030616173934175372,0.16879825317866998,0.012320484388040436,27.097999999999995,28.477999999999998,29.793999999999997,4,31,5,27.198661268096224,29.453561349949773,44.70802919708028,-1.619842385581098,-1.6851061718268567,33.19316523123986,23.762834768760136,0.016054321446994636,0.03828749443831965,0.03233905176976572,15803457.0,-0.6481215079702344,0,0,-1,0,0,0.002253944402704685,-0.39266760212812307,0.2045498430563819,0.6077951316453747,-0.007366482504604033,-0.15965076395385103,0.3637447176690617,0.030055658627087152,0.0
2024-06-03,27.85,26.95,0.025533302005164845,0.03924922389470493,0.03565774653014026,0.3198297606148944,0.032849669018287,27.074,28.284499999999998,29.63233333333333,0,3,6,27.31708649207873,29.350105778985274,53.60000000000002,-1.4652517729735806,-1.6411352920562015,32.75052837806509,23.818471621934904,0.018526756126883804,0.03937064997850123,0.03261985649849237,17163102.0,-0.1945800443786,0,0,-1,0,0,0.015584415584415649,-0.20028482466939765,0.3130691208711243,0.6249896927885084,0.031481481481481444,-0.12200504413619162,0.2942469661204444,0.033752244165170475,0.0
2024-06-04,27.15,27.85,0.014508778266120344,-0.008949406428441423,0.0007371913345283562,-0.5129337862494033,-0.025455919993348702,26.988999999999997,28.022,29.435333333333332,1,4,6,27.286707129882597,29.208163470663642,47.59825327510916,-1.383276201580525,-1.5895634739610665,32.06681005994733,23.977189940052668,0.020087824721595787,0.039057984943018306,0.03268396076315623,16349033.0,-0.431169813700154,0,0,-1,0,0,-0.002872531418312454,-0.5129064967877133,0.3696875299943374,0.6200262892231904,0.017997750281214753,-0.1620370370370371,-0.0837423562104084,0.024677716390423505,0.0
2024-06-05,27.44,27.15,-0.01743596659846104,-0.008667443210168076,-0.009421546586940535,-0.21091044988878965,0.010624756477740069,26.987000000000002,27.741000000000003,29.27,2,5,6,27.314578560813032,29.094088408040182,55.10835913312693,-1.2801525920665355,-1.5276812975821603,31.020614226350826,24.46138577364918,0.019600619336799716,0.0387462265812329,0.032710908189414786,17008304.0,-0.1835581743618182,0,0,-1,0,0,0.0051565377532228574,-0.5769424802949987,0.3352725489800852,0.6150772786566158,0.043346007604562864,-0.1699939503932245,-1.0428616675814781,0.024945335276967923,0.0
2024-06-06,27.93,27.44,0.0036576485547398447,0.016903837130683944,0.015966038914292068,0.022942254159894534,0.017699577099400857,27.106,27.529499999999995,29.11433333333333,3,6,6,27.426473367937934,29.018985930102108,53.07443365695792,-1.145680788691564,-1.4512811958040412,30.071935425873257,24.987064574126734,0.017907072264327237,0.03891056014846762,0.03291699668934985,17682875.0,0.31505224944892607,0,0,-1,0,0,-0.001822157434402358,-0.5516582412015227,0.34135652299917524,0.6176859931623949,0.04921111945905321,-0.13152985074626855,-1.2225798127021739,0.0258431793770139,0.0
2024-06-07,27.6,27.93,0.015217684970886715,0.0007130125079254985,0.009175078301630824,-0.19483678445231567,-0.011885607233980971,27.151,27.284499999999998,28.951,4,7,6,27.458023664676492,28.927438450740684,45.896147403685106,-1.0535939821876248,-1.3717437530807581,28.290010606083232,26.278989393916763,0.018139933301753473,0.03872286025453004,0.032941920666151724,17127724.0,0.6275418639868378,0,0,-1,0,0,-0.004296455424275009,-0.581159039702343,0.3718432135369882,0.6147063497195627,0.024118738404452778,-0.15076923076923077,-0.2235360223843167,0.01775362318840574,0.0
2024-06-10,27.83,27.6,-0.01741066830589689,-0.00751210830102174,-0.029446367503444267,0.18166806760102025,0.008298802814695064,27.234,27.299500000000002,28.81066666666667,0,10,6,27.5256557256444,28.85663597004774,48.60883797054009,-0.9510918519388127,-1.2876133728523693,28.329093174638246,26.26990682536176,0.01804790403011183,0.018135092887693386,0.032979121509003805,17793470.0,1.0305041118525116,0,0,-1,0,0,-0.009782608695652287,-1.1419778497746154,0.28327923534524885,0.28788567470335746,-0.000718132854578224,0.010897203051216664,-0.7315521028583981,0.038807042759612,0.0
2024-06-11,28.11,27.83,0.016691243814435833,0.01548452055057342,0.018138568736125505,0.10504713384639949,0.010010809380641163,27.377999999999997,27.335,28.663,1,11,6,27.631900139163598,28.808465907464015,55.555555555555536,-0.8376090792146549,-1.1976125141248266,28.426295705016738,26.243704294983264,0.01729505963125573,0.018203686439080227,0.032880174625462846,18532956.0,1.4203299736951003,0,0,-1,0,0,-0.0014372978799855965,-0.91363308447745,0.1768760054144832,0.28897456357443135,0.0353591160220994,0.02591240875912404,-1.6070560611050384,0.03644966204197793,0.0
2024-06-12,27.72,28.11,0.038819270723731564,0.0211780275542775,0.016372932606500457,0.4031671819086235,-0.013971210596738063,27.52,27.347,28.51833333333333,2,12,6,27.647918295679304,28.738242300530857,58.876811594202906,-0.7702637834425694,-1.1121427679883753,28.450222075271757,26.243777924728246,0.017295158764739155,0.018516347467112653,0.03287095221804358,17426273.0,0.6762011173645457,0,0,-1,0,0,0.027748132337246573,0.06797785252666018,0.22440473179557457,0.2939379035234449,0.010204081632652962,0.008733624454148492,-0.31585408330689163,0.04256854256854256,0.0
2024-06-13,27.33,27.72,-0.04676728944243855,-0.04385170349065871,-0.021337547014263398,-0.5106416072696424,-0.01416917438172589,27.590999999999998,27.3745,28.353,3,13,6,27.590114969192157,28.647387958561126,51.63636363636363,-0.7398335513311913,-1.0376809246569385,28.44515105623122,26.30384894376878,0.01812573517947912,0.01783429965061601,0.03284467260873888,16762141.0,-0.08312699033174546,0,0,-1,0,0,-0.00541125541125536,-0.996971335124355,0.19594224562209686,0.2831107300952165,-0.02148227712137496,0.0205377147124719,0.5969158597533936,0.01922795462861328,0.0
2024-06-14,26.98,27.33,-0.016456761963510508,-0.012024776284895917,-0.010189990905749907,0.2388797871245253,-0.012889149160366766,27.594,27.345999999999997,28.183333333333334,4,14,6,27.479184974793583,28.539814541879768,49.82456140350878,-0.7354812777244852,-0.9772409952704478,28.42727410225577,26.264725897744224,0.018390747257510838,0.0168447526241251,0.0328744176709118,15918809.0,-0.676979129041268,0,0,-1,0,0,-0.007683863885839639,-0.4685895520472806,0.19845616411338238,0.2674021580390261,-0.022463768115942084,-0.020689655172413834,0.6127889860689355,0.017420311341734575,0.0
2024-06-17,26.71,26.98,-0.010378150968713867,-0.015492748094795906,-0.03351634365859148,0.46205322231273416,-0.010057823657740344,27.48,27.277000000000005,28.016333333333332,0,17,6,27.339333161194748,28.421761990790753,50.354609929078016,-0.7452282852665313,-0.9308384532696646,28.334227755175913,26.219772244824096,0.014388748458374378,0.016237379341752498,0.03286938374293972,14580163.0,-1.0726165619926662,0,0,-1,0,0,-0.0051890289103039495,0.821820853045768,0.1635494384784111,0.25776040609016865,-0.040244340639597476,-0.04912780348878598,2.1045538784572164,0.035005615874204365,0.0
2024-06-18,25.73,26.71,-0.00823049913651548,0.0037105793965357746,-0.016112160646568778,0.14088451058813364,-0.03738040082821671,27.338,27.1635,27.793999999999997,1,18,6,27.046727131886612,28.248099926868772,45.44,-0.8225488377821897,-0.9091805301721697,28.370676348691692,25.956323651308306,0.01656693338529613,0.017960692620742822,0.03296119009684527,13038991.0,-2.3749636936700904,0,0,-1,0,0,-0.003369524522650687,1.2163426160695943,0.1723235733913796,0.2851171562937507,-0.08466737815723935,-0.08107142857142857,-2.1074651871764205,0.05635445005829768,0.0
2024-06-20,25.34,25.73,-0.0375091809144963,-0.04526859440363856,-0.01458728803351232,-0.42162894334739587,-0.015273451400659785,27.127999999999997,27.057499999999997,27.53666666666667,3,20,6,26.736413107907225,28.060480576748205,39.87341772151898,-0.9048649534251432,-0.9083174148227644,28.503698282975993,25.611301717024002,0.015806579492574444,0.017799558877409846,0.032576630302467414,12028017.0,-2.375192973491458,0,0,-1,0,0,-0.0034978624174115762,-0.12350251379420213,0.17086193524490847,0.28255923741767086,-0.08585858585858586,-0.07720320466132558,-2.0543067072151486,0.024664561957379635,0.0
2024-06-21,25.86,25.34,-0.009404458027978518,0.0029021980320093664,0.0011907125836273628,0.3823473915257857,0.020313198450718314,26.921,27.0135,27.326666666666664,4,21,6,26.577065270105912,27.91851408792574,41.62826420890937,-0.9175643038186259,-0.9101667926219368,28.551034252934183,25.475965747065818,0.01630200110055541,0.017777496589992278,0.03278443448558572,13509823.0,-1.5004543772585188,0,0,-1,0,0,0.0023677979479083946,1.0544959413559618,0.3248411170162499,0.28220900946251015,-0.053787047200878124,-0.03290949887808525,0.6526844715498338,0.02590873936581586,0.0
2024-06-24,26.12,25.86,0.022577837217962627,0.031941879035745246,0.02661605256361772,-0.5673852657528988,0.010003931064519005,26.773000000000003,26.962,27.113999999999997,0,24,6,26.493962493723018,27.80248092096279,35.26405451448041,-0.89631662331416,-0.9073967587603815,28.54850360359157,25.37549639640843,0.01711303849968164,0.01755185133886367,0.03277516979083865,14350016.0,-1.0614536243017114,0,0,-1,0,0,0.004640371229698415,-0.4813467870275049,0.3551939544091448,0.2786270021484561,-0.03187546330615265,-0.03793738489871079,-0.20122300670664967,0.03177641653905047,0.0
2024-06-25,26.52,26.12,0.001538461841905641,0.004853472286428887,-0.007754982641654052,0.13167846544789236,0.015197860909431303,26.642000000000003,26.938,27.080333333333332,1,25,6,26.498696585773374,27.719740216384547,44.34470377019749,-0.8375463138213277,-0.8934266697725708,28.536559878205704,25.339440121794294,0.017859904475465736,0.017932583137023245,0.017918708464023502,15308459.0,-0.5229707134513862,0,0,-1,0,0,-0.0038284839203675887,-0.15203022778695915,0.38276493250182214,0.2846709320733241,-0.007113440658929271,-0.01777777777777778,-0.9303972260538592,0.04374057315233786,0.0
2024-06-26,27.54,26.52,0.014877253224681744,0.027187567274320885,0.022896623149619117,0.2122520937349765,0.03774032798284711,26.585,26.9815,27.085,2,26,6,26.688024479269124,27.708144073392,50.79365079365077,-0.7005889908418013,-0.8548591339864169,28.596616420766654,25.366383579233347,0.022194082374491716,0.019717479740297483,0.019298270168142423,16493535.0,0.6915910120397302,0,0,-1,0,0,-0.004147812971342361,0.45977069901260054,0.3082485931198399,0.31300528724268945,0.07034589972794403,0.03262092238470182,-0.5237407417310771,0.04738562091503267,0.0
2024-06-27,28.62,27.54,0.04044327836348476,0.041532144623651304,0.041362080718967686,0.14945159056415128,0.03846628082779614,26.675,27.097500000000004,27.123,3,27,6,27.039292755765644,27.76697348801187,55.007256894049355,-0.49914847864027223,-0.783717002917188,28.835131479311208,25.3598685206888,0.02514524143723707,0.02102773391154198,0.02056136393562571,17869642.0,1.7523853799005917,0,0,-1,0,0,-0.0014524328249818136,1.289701586944076,0.21300082648969554,0.3338049273910773,0.12943962115232832,0.0882129277566539,0.2750480259203867,0.04769392033542984,0.0
2024-06-28,28.61,28.62,0.044451762570833796,0.0005214217551002041,0.026476107511386456,0.495481783906172,-0.00034946706628598273,26.803000000000004,27.196999999999996,27.184,4,28,6,27.324875891080982,27.821362295236916,57.68645357686452,-0.33643413456625026,-0.6942604292470005,29.043967357873747,25.350032642126244,0.024445667259417596,0.0209719984216212,0.019924133718945775,15611053.0,1.530075768774458,0,0,-1,0,0,0.0045422781271837525,2.900271385594521,0.279904436481201,0.33292015391789287,0.10634184068058783,0.07475582268970693,0.14150593413382692,0.022544564837469402,0.0
2024-07-01,28.38,28.61,-0.0034843240826109225,0.012604846159112488,-0.0053466532644302995,-0.5967765226977205,-0.008071635330122291,26.943,27.2685,27.211666666666662,0,1,7,27.516716638157167,27.8574034374797,54.18569254185693,-0.22346495747616046,-0.6001013348928325,29.184628498053076,25.352371501946923,0.024107100761881394,0.021029854858704403,0.019370548596539198,14367511.0,1.160151838594711,0,0,-1,0,0,0.001398112548060089,0.4256677424399539,0.344599913694279,0.3338385963834914,0.08652373660030621,0.05306122448979589,0.015205914431075464,0.04087385482734321,0.0
2024-07-02,28.33,28.38,-0.004197277935339813,-0.02115563554165008,0.001071620034682104,-0.17664428856580228,-0.0017633578894713996,27.105,27.2925,27.21966666666667,1,2,7,27.664586340310407,27.887893538287464,51.73501577287065,-0.13639833773348187,-0.5073607354609624,29.250854572486162,25.33414542751384,0.0236610137851463,0.01976921208381631,0.019059837394727917,13325326.0,1.059562976568514,0,0,-1,0,0,0.005285412262156524,-0.018880930600699522,0.37000191352474027,0.3138265127368257,0.06825037707390647,0.017235188509874266,0.5370184907610285,0.018355100600070583,0.0
2024-07-03,28.26,28.33,-0.002808004653068758,0.0,0.005340942017824486,-0.6999203075657912,-0.0024739365860436506,27.357999999999997,27.348000000000003,27.228333333333335,2,3,7,27.772843369344876,27.91190040678505,54.48504983388707,-0.07221339818883621,-0.4203312680065372,29.351739661627093,25.344260338372912,0.018738108547687638,0.018816508066182666,0.01905544915381854,12807751.0,0.9102978969427894,0,0,-1,0,0,0.004235792446170173,-1.2156080768430715,0.3043578560532671,0.2987028053145614,0.026143790849673332,0.04088397790055254,2.101948271002932,0.013092710544939878,0.0
2024-07-05,28.44,28.26,-0.008826182628272072,0.0005256241908138728,-0.005340942017824424,0.4754937715824233,0.0063492276786587445,27.668,27.398000000000003,27.261000000000003,4,5,7,27.894144574918535,27.945971348282793,59.552495697074036,-0.006744133324072976,-0.3376138410700444,29.460452296098683,25.335547703901323,0.016707058047736853,0.018738428057604343,0.01871022600597318,13640430.0,1.01044761323308,0,0,-1,0,0,-0.0021231422505308658,-0.5033713022824209,0.08199292448503988,0.2974633236041772,-0.0062893081761006275,0.036443148688046545,0.38800380092728465,0.018811533052039385,0.0
2024-07-08,28.25,28.44,0.014783796184236912,0.012705766612032123,0.0035637956464232017,0.22128973980254776,-0.006703147342590227,27.907,27.414000000000005,27.311333333333334,0,8,7,27.958845561296982,27.965586100006487,61.238938053097336,0.029469611322955558,-0.2641971505914444,29.49867490839285,25.32932509160716,0.017320162736056067,0.018443583447041723,0.018046139853504548,12601509.0,0.8020435192406086,0,0,-1,0,0,0.006329113924050622,-0.056294793193996634,0.0895791445233269,0.29278281051443894,-0.012583012932541049,0.011457214464733356,1.0700438966220012,0.028318584070796484,0.0
2024-07-09,28.16,28.25,-0.013720531862906964,-0.020972456904446535,-0.012529249279836735,-0.37158343302100755,-0.0031909263026082676,28.111,27.442,27.345000000000002,1,9,7,27.99541909560662,27.978128932264134,63.25411334552101,0.050326880076916325,-0.20129234445777225,29.552082063756757,25.331917936243244,0.01773272154480971,0.01823439484960772,0.017890026107125624,11885026.0,0.6805422522019678,0,0,-1,0,0,-0.0007079646017698964,-0.8810301384952326,0.07638364549791417,0.28946204447891427,-0.007751937984496138,0.020289855072463725,1.3289969645301705,0.0195312499999999,0.0
2024-07-10,27.27,28.16,0.0,-0.002829856858410224,-0.028500284858993922,0.309763588677244,-0.0321153344323445,28.186,27.413999999999998,27.354,2,10,7,27.863524714587232,27.932443194698706,64.31226765799255,-0.0049026316409452875,-0.16201440189440688,29.51725462081948,25.310745379180517,0.0213323726986235,0.01954732563712921,0.018844917828973025,10908386.0,-0.1369306393763131,0,0,-1,0,0,0.0024857954545454645,-0.2789330387483316,0.2270098560043719,0.31030417459344656,-0.0374161666078362,-0.020122170319798682,-1.580758285334351,0.04583791712504584,0.0
2024-07-11,28.18,27.27,-0.01642894094668976,0.0007082153270520293,0.018726451397544416,-0.1970606248507659,0.03282530961303709,28.25,27.4175,27.404333333333337,3,11,7,27.92106567557137,27.94841460149234,74.06779661016948,0.024474846433566455,-0.12471655222881223,29.52585805408119,25.30914194591881,0.020433654285489752,0.020880557411361658,0.019606327202149318,11710345.0,0.7233116770882558,0,0,-1,0,0,0.018335166850018337,-0.739020673705249,0.3728982010243665,0.3314685728812174,-0.002830856334041121,0.0024902170046245953,0.25111152092665223,0.026969481902058254,0.0
2024-07-12,28.95,28.18,0.02384030361633196,0.025512479300086297,0.028862808417332877,-0.2596778383735023,0.026957697548470078,28.282999999999998,27.479000000000003,27.492666666666665,4,12,7,28.108144643649304,28.013033014299285,75.12195121951218,0.108636974880163,-0.07804584680701719,29.693591800333365,25.26440819966664,0.018292519169174848,0.021430422985301144,0.01989521025681318,12328896.0,1.3284615248539857,0,0,-1,0,0,0.009226401703335755,-1.1089764029686104,0.4229848717927222,0.34019741826017547,0.01793248945147674,0.044372294372294396,-0.16251921086490217,0.023661485319516364,0.0
2024-07-15,29.03,28.95,0.023285152822491682,0.02487775258197997,0.02150244543376756,0.028328221593243993,0.002759574017534402,28.325,27.564,27.572999999999997,0,15,7,28.27575470844034,28.0786437875703,74.3718592964824,0.17971970258185266,-0.026492736929243227,29.882569431896492,25.245430568103508,0.018287872342432707,0.02107761635807386,0.019826206527638404,12965220.0,1.2645728696603018,0,0,-1,0,0,0.005526770293609677,-1.0573535046987246,0.41338458641029835,0.3345967866809423,0.027610619469026654,0.0622027076472742,-0.5100860626955649,0.02755769893213919,0.0
2024-07-16,30.0,29.03,0.016354708654586488,0.0166893059240644,0.014423326961104906,0.8073056522858757,0.032867603625616866,28.487000000000002,27.714999999999996,27.674666666666667,1,16,7,28.589253852360272,28.202602252888347,76.60550458715596,0.31074212795974177,0.04095423604855378,30.256110407924385,25.173889592075607,0.020430609036708562,0.021749708696418388,0.02052566616075453,14391769.0,1.7984263831073906,0,0,-1,0,0,0.019290389252497372,0.8200040571222995,0.4441483106624844,0.34526592179293125,0.06534090909090917,0.11193476649369893,-1.339716987699394,0.02933333333333342,0.0
2024-07-17,29.58,30.0,0.013427526348799382,0.0068451052808864,0.006457116742912039,-0.42179876469694133,-0.014098924379501648,28.612000000000002,27.8585,27.732333333333333,2,17,7,28.769389515567493,28.29146662366975,67.17171717171715,0.37634953099985324,0.10803329503881368,30.4834112265688,25.233588773431197,0.021279712209583784,0.021917624242701057,0.019984697076488245,13456144.0,1.3116634060423356,0,0,-1,0,0,-0.0003333333333333854,-0.33668505775693763,0.3373803534567767,0.3479314984532843,0.08470847084708466,0.10745039311119431,-0.8880184070044946,0.030341446923597054,0.0
2024-07-18,28.02,29.58,-0.021230789014602864,-0.02118107342360409,-0.05214945882341077,0.0451084897495755,-0.05417991637379271,28.588,27.973000000000003,27.761333333333333,3,18,7,28.633136876373403,28.273952647949123,45.327102803738306,0.2990180145099153,0.146230238933034,30.39924336003291,25.546756639967096,0.02799481434463593,0.023754260539102564,0.021836432813051653,12477348.0,0.03874302205147269,0,0,-1,0,0,-0.007437457741717338,-0.1668446322694995,0.5525359980180912,0.3770871957882029,-0.005677785663591228,0.0890011659541392,-0.8130842038307211,0.06281227694503931,0.0
2024-07-19,27.79,28.02,-0.039247961480916846,-0.05026875843034395,-0.018368965972377686,0.17668724652224874,-0.008242297154448582,28.523000000000003,28.095499999999998,27.773,4,19,7,28.479839262487324,28.242729896468536,43.825301204819276,0.2166754529920425,0.1603192817448357,30.186195930469733,26.004804069530262,0.027977085847169906,0.02350043709006054,0.02182842606151171,11309392.0,-0.292247184822672,0,0,-1,0,0,0.007494646680942215,0.29748590526893004,0.49365669631760045,0.3730578734497117,-0.04006908462867009,0.09668508287292821,-0.2818271295934841,0.02914717524289308,0.0
2024-07-22,27.42,27.79,-0.01211704062600035,-0.014224990931347213,-0.016862569643992652,-0.044074367830118144,-0.013403569620243975,28.440000000000005,28.1735,27.756000000000004,0,22,7,28.287141214762357,28.189650548309277,42.9203539823009,0.12017714464622031,0.15229085432511263,30.01452116972264,26.33247883027736,0.028179498695535585,0.023533687757201605,0.021722905230400803,10191795.0,-0.8185674476665764,0,0,-1,0,0,0.0035984166966535236,0.2225222295525151,0.4851999812760068,0.37358571142680513,-0.05545986910093004,0.06032482598607891,0.21213514812557147,0.031728665207877496,0.0
2024-07-23,28.26,27.42,-0.0162663987817131,0.013165107419304095,0.0033216491142325083,-0.5047791426767919,0.030174703122213032,28.45,28.2805,27.778000000000002,1,23,7,28.282206448441926,28.194189222611907,49.53764861294586,0.11021206380950943,0.14387509622199202,29.847333548408876,26.713666451591124,0.030069898685896677,0.02428719920684756,0.02232689311125973,10866420.0,-0.026167425404971946,0,0,-1,0,0,0.000729394602479926,-0.9125286682465971,0.46932567609348225,0.3855473348616229,-0.05799999999999994,0.08192955589586526,0.0798382752248783,0.04069355980184,0.0
2024-07-24,27.98,28.26,0.022343271816630282,0.0049365403494325754,0.021506205220963682,-0.31464627680376767,-0.0099574080190463,28.521000000000004,28.353500000000004,27.783,2,24,7,28.227259821452485,28.18037056308856,48.200514138817475,0.07881250402223472,0.13086257778204055,29.694784145098737,27.01221585490127,0.028199378989631978,0.02433591120969564,0.022369465386704764,10373912.0,-0.5569289719331023,0,0,-1,0,0,-0.007077140835102719,-1.2666750558006226,0.4688651812897399,0.3863206139340223,-0.054090601757944445,0.05505279034690802,-0.058201233865335086,0.025017869907076457,0.0
2024-07-25,28.6,27.98,-0.0010697094976178745,0.023293248514538557,0.008975109609648504,0.41182309141598805,0.021916748588471795,28.563,28.4065,27.799333333333333,3,25,7,28.295030763006576,28.20744342998607,50.97323600973237,0.10277225058180761,0.12524451234199396,29.695175778912756,27.117824221087247,0.02705448644929944,0.023336874065949066,0.022656436221515933,11117386.0,0.30030827484513556,0,0,-1,0,0,0.0017869907076483455,-0.5854927481403358,0.3254297741821413,0.3704613909368039,0.020699500356887945,0.038489469862019066,0.6677719796939079,0.03916083916083919,0.0
2024-07-26,29.14,28.6,0.03711910733041332,0.006507986662195257,0.02679991141354362,-0.19495615107873662,0.018705082941251863,28.582,28.432499999999997,27.846666666666668,4,26,7,28.448661533369012,28.26760836998697,55.19253208868145,0.16344986112754967,0.13288558209910512,29.759719095068437,27.105280904931558,0.02629081645509157,0.022044154524790166,0.02271285702461703,11729169.0,1.0661389707680784,0,0,-1,0,0,0.017132867132867078,-0.8238241717050645,0.316684689768899,0.3499401044116441,0.04857862540482194,0.018169112508735097,-0.4093660039008728,0.018874399450926584,0.0
2024-07-29,29.02,29.14,0.0030890705875293335,0.005617514134008625,-0.0024386007556003067,-0.20688862621196705,-0.004126553311016978,28.581,28.453000000000003,27.903000000000002,0,29,7,28.552541254574646,28.316149765471682,55.0,0.19955397353657744,0.14621926038659958,29.804211542127085,27.10178845787292,0.026328640721087204,0.022073577465799174,0.022543380989736878,11231722.0,0.8392468274914582,0,0,-1,0,0,0.0013726835964309933,-1.334282089196285,0.27909825332617955,0.3504071791201438,0.058351568198395265,0.014330653617616207,-0.39194356030562416,0.02705031013094406,0.0
2024-07-30,28.95,29.02,-0.005153765058100985,0.0065984504700837,0.0069517137795651815,0.3776587118020575,-0.002415043437037572,28.476,28.4815,27.968666666666664,1,30,7,28.624806481015618,28.35704332898964,60.796915167095115,0.21998250635235195,0.16097190957975005,29.850160889913,27.112839110087002,0.023616942604270528,0.021988746448163846,0.02238333436294514,10506014.0,0.684610780439236,0,0,-1,0,0,0.00034458993797386505,-0.40499281050161484,0.2310546860820908,0.34906052846337815,0.024416135881103918,0.02008456659619462,0.46626542769109525,0.02694300518134707,0.0
2024-07-31,28.2,28.95,-0.0041422220082838225,-0.02251118251017032,-0.029884452765982793,0.6469803864348237,-0.026248226074936327,28.338,28.475,28.01833333333333,2,31,7,28.547568939012777,28.346911501312892,50.131233595800516,0.17365178412708104,0.16350788448921627,29.84791852021757,27.102081479782434,0.02449983774176049,0.02280891345240063,0.022874832750488527,9120082.0,-0.40060643942136204,0,0,-1,0,0,-0.0013816925734023886,1.949222886386683,0.3101260627257131,0.3620802760238865,0.00786275911365264,-0.004588775150017654,-0.4339734558702024,0.034397163120567335,0.0
2024-08-01,27.1,28.2,-0.023448143403213467,-0.02197124126963738,-0.03449243728265109,0.05192934261795674,-0.03978825005841257,28.246,28.417,28.064,3,1,8,28.284374586465,28.266465598002387,38.36477987421385,0.04762455977249758,0.14033121954587252,29.92000891197364,26.913991088026364,0.021722844426392527,0.02442467235465104,0.02301366716828094,7660278.0,-1.7524846186981216,0,0,-1,0,0,0.0014184397163120265,1.903573662282649,0.3566834559908272,0.3877296534278463,-0.05244755244755239,-0.04104741684359514,-0.021856273458704126,0.047601476014760113,0.0
2024-08-02,26.8,27.1,-0.08110559528467282,-0.04360265528398229,-0.068808182226107,0.07580895477315293,-0.011131840368844294,28.147000000000002,28.334999999999997,28.112666666666666,4,2,8,28.014488298016815,28.1718549142603,36.35250917992655,-0.07558907252550995,0.09714716113159602,30.002655145468935,26.66734485453106,0.02181597505789362,0.024428651196825902,0.022920579421867617,6085505.0,-1.8409081807718235,0,0,-1,0,0,-0.03911439114391152,1.9303754372091895,0.24800842433274928,0.3877928155892503,-0.08030199039121477,-0.057665260196905765,-0.8054207416371781,0.07014925373134324,0.0
2024-08-05,25.32,26.8,-0.024491020008295755,-0.04713407767445237,-0.014348592126013826,-0.18464369627988628,-0.056807290240835515,27.937,28.188499999999998,28.09466666666667,0,5,8,27.52458133474103,27.987864274630606,23.04147465437788,-0.28932523375585006,0.019852682154106807,30.333940943513422,26.043059056486573,0.027273703245366734,0.02711128094223217,0.02490966658328718,4776238.0,-2.674042376857483,0,0,-1,0,0,-0.05186567164179107,1.0644336399205985,0.3367395077383134,0.43037824258530727,-0.12749827705031014,-0.10371681415929201,-0.29664835171816856,0.03909952606635065,0.0
2024-08-06,25.74,25.32,-0.0007874016154856732,0.005390848634876373,0.0020052142271379473,0.6192304891648377,0.01645160489200506,27.685000000000002,28.067500000000003,28.082,1,6,8,27.200112001151748,27.842840773041537,27.880184331797224,-0.41998091296758844,-0.06811403687023225,30.476490834790326,25.65850916520968,0.025381978207636456,0.02754217045358029,0.025032488952819214,7208199.0,-1.9323444210634275,0,0,-1,0,0,0.0027646129541864252,2.9591699111255974,0.4356484017923231,0.4372184015227469,-0.11088082901554408,-0.08593750000000011,0.5133810358865076,0.0419580419580419,0.0
2024-08-07,20.85,25.74,-0.1898329579931641,-0.16360382247101363,-0.24174497726475538,0.85563200119879,-0.2106922539231701,26.972,27.746500000000005,27.893000000000004,2,7,8,26.04554618276052,27.391689755425954,20.149875104079925,-0.9076458364187481,-0.23602039677993542,31.771706238586596,23.721293761413413,0.06263368014296138,0.04970777346270637,0.04256783873438424,1486133.0,-3.4266567183010412,0,0,-1,0,0,-0.1841491841491841,3.87135803168317,1.2681346777325313,0.7890864408543423,-0.2606382978723404,-0.23542354235423535,-1.591197307874141,0.12038369304556344,0.0
2024-08-08,20.96,20.85,-0.009569451016150672,-0.050317789010343235,0.034228879050611255,-0.4500691715176745,0.00526191120803097,26.208000000000006,27.385499999999997,27.673666666666666,3,8,8,25.12090142225861,26.97674202926944,21.27838519764508,-1.2706010233230032,-0.442936522088549,32.41641694059407,22.354583059405925,0.06137602945486748,0.04874468167273671,0.04176868879418936,5134431.0,-2.5544051217197175,0,0,-1,0,0,-0.0023980815347722164,1.7760090012773284,1.3417716517270475,0.7737978326584157,-0.22656826568265687,-0.25621007806955287,-1.7161493547802265,0.035424618320610675,0.0
2024-08-09,21.61,20.96,0.003838776307165667,0.043510410782318314,0.025194541420189266,-0.4960754132042805,0.03054031106595321,25.455000000000002,27.0185,27.439999999999998,4,9,8,24.48255570912068,26.630500608026253,26.129827444535735,-1.4886359871559947,-0.6520764151020382,32.608680394415174,21.428319605584825,0.06252986873565224,0.04891365764353729,0.04147380898000299,7355937.0,-1.935000167580752,0,0,-1,0,0,-0.003816793893129859,0.5822643694779288,1.4420416083089083,0.77648024303612,-0.1936567164179105,-0.2535405872193437,-1.6102158247702245,0.05367885238315596,0.0
2024-08-12,21.02,21.61,0.0408219945202552,0.01311939197091937,0.010045528149636834,-0.09287641844897924,-0.027681805069989553,24.655,26.618000000000002,27.187,0,12,8,23.85300012564419,26.268532826863268,19.630872483221452,-1.6895621156615412,-0.8595735552139389,32.725216094183274,20.510783905816727,0.06199478157603081,0.04885733136974908,0.04158504304570086,5331465.0,-1.8332411736115684,0,0,-1,0,0,0.00647848218417402,0.37406083673588125,1.435206394477194,0.7755860911597847,-0.16982622432859407,-0.27592146055804345,-1.9392204470723597,0.058991436726926666,0.0
2024-08-13,21.6,21.02,-0.021846093061249388,-0.02796492706828852,0.00047585059189593287,-0.008339559127804121,0.027218949241314315,23.919999999999998,26.198,26.961000000000002,1,13,8,23.44336373916343,25.967337160614026,23.89525368248772,-1.7814607962210331,-1.0439510034153576,32.47880316687693,19.91719683312307,0.06415616798512573,0.04857174889044851,0.0421277426649658,7339124.0,-1.4641439566991918,0,0,-1,0,0,0.012369172216936326,0.3363617120717057,1.4609984504120606,0.7710526098456254,-0.16083916083916072,-0.2799999999999999,-1.9044219515766585,0.028537037037036975,0.0
2024-08-14,20.5,21.6,0.007490671729157659,-0.008885563575116898,-0.02651396577560692,-0.08664471225577809,-0.052268428545756945,23.15,25.744,26.7,2,14,8,22.90820669567917,25.614605730896994,18.110236220472416,-1.920908927186776,-1.2193425881696414,32.30203693349247,19.185963066507533,0.06460366028122734,0.049227037379839175,0.04282253224480121,5498095.0,-1.5992590627900964,0,0,-1,0,0,-0.007407407407407414,0.16823440671942863,0.5639691143022605,0.7814549921252106,-0.016786570743405393,-0.3069641649763353,-0.5377034351865223,0.04756097560975617,0.0
2024-08-15,20.85,20.5,-0.01883294833309224,-0.008664145055041903,0.017433855599682354,-0.014087132163765647,0.016929062100447975,22.525,25.3855,26.453,3,15,8,22.533987296464776,25.307211812774607,16.866506794564344,-1.9803522329042416,-1.3715445171165614,32.198612666801054,18.572387333198947,0.06608485156942885,0.049026640780113755,0.04308503882923421,7313371.0,-1.3314031990401658,0,0,-1,0,0,0.026341463414634104,0.11472765561053326,0.5806751747522345,0.7782737947264722,-0.005248091603053395,-0.25588865096359736,-0.752771328345464,0.02062350119904092,0.0
2024-08-16,21.04,20.85,-0.01580871246201619,-0.010401985044292836,-0.009647928189720134,-0.40333464562114113,0.009071439624698556,21.949,25.048,26.20633333333333,4,16,8,22.26235324256209,25.03190782485367,18.282988871224163,-1.9891998116526395,-1.4950755760237773,32.02633519582299,18.069664804177012,0.06681743274136898,0.04927568048570665,0.043121907631858664,8526136.0,-1.1486980454590552,0,0,-1,0,0,-0.006714628297362137,-0.3754722714554857,0.5238105974873708,0.7822271774919495,-0.026376677464136966,-0.24289312702410937,-0.7098829863005162,0.019486692015209132,0.0
2024-08-19,21.18,21.04,0.01628388472089765,0.013689144613749999,0.014914878359230447,0.18925948588783295,0.006631952303751207,21.535000000000004,24.735999999999997,25.970666666666666,0,19,8,22.065561743914436,24.783397642605046,19.28853754940711,-1.9622946404537736,-1.5885193889097766,31.824904302536815,17.64709569746318,0.06622818464714261,0.04946115363648205,0.043215399271990015,9991586.0,-1.0032580066647128,0,0,-1,0,0,0.0004752851711027359,-0.18559524435232494,0.486414812064418,0.7851714724829372,0.007611798287345373,-0.2275711159737418,-1.8320552647333312,0.01841359773371091,0.0
2024-08-20,21.06,21.18,0.00426642031370121,0.009332778893012617,-0.00239062987391641,-0.23049333088280827,-0.005681833467431058,21.067,24.375999999999998,25.733999999999998,1,20,8,21.88273233592999,24.543178439856334,20.299500831946744,-1.9284254078568992,-1.6565005926992014,31.44263144645302,17.309368553546975,0.06539927105660687,0.04848840644064078,0.04320711960112246,8827811.0,-0.9384952434909876,0,0,-1,0,0,-0.0018885741265344262,-0.45744450134756676,0.4297516345974317,0.7697295894705485,-0.025000000000000133,-0.2547770700636943,-1.7622705822876017,0.030389363722697085,0.0
2024-08-21,21.57,21.06,0.006600684031352093,0.006942865195173686,0.0071548123010346625,0.12862733348295788,0.02392795369523556,21.139000000000003,24.0555,25.544,2,21,8,21.825871911215444,24.351360475994635,25.80927384076989,-1.8392295657042865,-1.6930463873002186,31.014515281216823,17.096484718783174,0.025798145865103816,0.04921121773837777,0.04338612185115649,10151333.0,-0.7143252025063507,0,0,-1,0,0,0.010446343779677228,-0.3691017564020675,0.17909906851249852,0.7812038631023882,0.05219512195121956,-0.2290922087205146,-0.3135097366170017,0.029670839128419127,0.0
2024-08-22,21.02,21.57,0.012144007254798713,0.0004611482673376269,-0.004764182427118161,-0.39497235765636535,-0.025829094952259928,21.145,23.6765,25.305333333333333,3,22,8,21.679349745539906,24.1364339936724,25.256849315068493,-1.7922615461749771,-1.7128894190751704,30.41556841914322,16.93743158085678,0.027377034750606304,0.048638360951579,0.04283486466010071,9259678.0,-0.7883879001595708,0,0,-1,0,0,-0.001390820584144698,-0.7451197470615181,0.2949060396333387,0.7721100435340377,0.008153477218225236,-0.26503496503496504,-0.5744593057877565,0.0356803044719315,0.0
2024-08-23,21.8,21.02,-0.014496396013077745,0.009726632014784365,0.009978700049896051,0.04978861053544701,0.036435604346238305,21.163999999999998,23.309500000000003,25.067,4,23,8,21.70128615544174,23.98569631666128,33.97085610200365,-1.6728163850488826,-1.704874812269913,29.578875776867886,17.04012422313212,0.028184742296499754,0.049451513790906,0.043155035671417125,10196851.0,-0.48154714399784604,0,0,-1,0,0,0.009990485252140859,-0.7293309826113814,0.39037235065709536,0.7850184446785095,0.03612167300380231,-0.25188743994509266,-0.18473683587968961,0.03449541284403681,0.0
2024-08-26,21.7,21.8,0.032896179131919535,0.00673464503928751,0.023827336080557718,0.010053088809944495,-0.0045977092486295425,21.232,22.9435,24.82266666666667,0,26,8,21.701052308997784,23.838232038167003,31.05065666041277,-1.5681477672429835,-1.6775294032645272,28.637460882049915,17.249539117950086,0.026493775856281713,0.049447128547594706,0.04311015687280785,9250209.0,-0.4367785538956221,0,0,-1,0,0,0.006422018348623879,-0.7548973495607608,0.3997039076002648,0.7849488310990682,0.02455146364494798,-0.25223983459682975,0.23130202341201023,0.017972350230414772,0.0
2024-08-27,21.59,21.7,-0.015618140156964883,-0.013698844358161915,-0.014415501898210966,-0.25669385028711367,-0.005082016019697871,21.231,22.575499999999998,24.542333333333335,1,27,8,21.680860980089097,23.693184809898167,56.292517006802704,-1.4770467388509765,-1.637432870381817,27.53949870647582,17.611501293524178,0.02517514034181526,0.04942033056475887,0.042381085369416364,8517882.0,-0.397058926995431,0,0,-1,0,0,-0.004608294930875478,-0.9438489096879158,0.398711405033571,0.7845234263097375,0.02516619183285851,-0.25423143350604493,0.21445289712640572,0.0185270958777211,0.0
2024-08-28,21.78,21.59,-0.003710579396535713,0.0034423441909726986,0.00023416461879619227,0.0002853509187113681,0.008761872978098386,21.359,22.2545,24.282333333333334,2,28,8,21.698886256436534,23.569753531840224,56.879194630872476,-1.373682152631016,-1.584682726831657,26.45933668873671,18.04966331126329,0.01764616360830333,0.049562770617844136,0.04251027158860284,9250418.0,-0.22569247517793933,0,0,-1,0,0,-0.0032422417786012177,-0.8976779486931616,0.36616413171441053,0.7867845920529282,0.009735744089012455,-0.22765957446808505,0.719495910983338,0.021579430670339707,0.0
2024-08-29,22.15,21.78,0.023876248991130094,0.021082045672111513,0.023829930395246734,0.49157320164868396,0.01684537898633009,21.488999999999997,22.006999999999998,24.086666666666666,3,29,8,21.780906937084435,23.478156529786016,54.753521126760546,-1.2475283354771278,-1.5172518485607513,25.540002897491473,18.473997102508523,0.01764036402203836,0.04951132816704607,0.041949859757185515,10448031.0,0.0809509667266531,0,0,-1,0,0,0.011937557392102754,-0.48298626323258564,0.27756046167329973,0.785967968463068,0.05375832540437675,-0.18265682656826576,0.8850805705166573,0.01896162528216696,0.0
2024-08-30,23.49,22.15,0.00993236156268514,0.05413805534149367,0.0176755111587224,0.9316432179901748,0.05873730217967669,21.734,21.8415,23.943333333333335,4,30,8,22.09165113034181,23.478920624638533,69.20684292379468,-1.027578440721495,-1.4193171669929001,24.66876034397799,19.01423965602201,0.024665868465954373,0.05186468209350157,0.043712639793689945,13488384.0,1.1661465867558123,0,0,-1,0,0,0.004966139954853408,1.0078022038479002,0.4273034156796479,0.8233263038809798,0.0775229357798164,-0.1235074626865672,1.613282873599423,0.05406555981268624,0.0
2024-09-03,23.59,23.49,0.04006699259688616,0.02890253538567498,0.03898742863583497,-0.34274264191320025,0.004248094748762248,21.975,21.755,23.81566666666667,1,3,9,22.364078197552388,23.486087035952178,66.72268907563023,-0.8355655210044439,-1.302566837795209,24.21633468286042,19.293665317139578,0.0247280765968119,0.05053145868202037,0.04370929150977213,15646490.0,1.4910609376108659,0,0,-1,0,0,-0.013622818220519231,0.2366665864569044,0.4053887242221825,0.8021620383477696,0.08709677419354844,-0.06832543443917849,1.7059156988360047,0.04557015684612121,0.0
2024-09-04,23.79,23.59,0.015417864294986212,-0.0004129671749790286,0.00409615750047667,-0.19580189879989607,0.008442430895282717,22.247999999999998,21.657500000000002,23.666666666666668,2,4,9,22.623336707088313,23.505694323955264,82.57425742574253,-0.6596515181377569,-1.1739837738637187,23.540787998212046,19.77421200178796,0.024057685004034553,0.05040520898564053,0.04328916869399196,17420831.0,2.264656284141939,0,0,-1,0,0,-0.002543450614667178,-0.05773999671177115,0.3684525767682329,0.8001578865494587,0.10189902732746647,-0.07575757575757569,2.0266006502539105,0.04077343421605727,0.0
2024-09-05,23.69,23.79,0.016856699181010765,-0.00413907875688754,0.004079447418068598,-0.25324086037267196,-0.0042123061441720734,22.46,21.799500000000002,23.523666666666664,3,5,9,22.81727548761771,23.517585012732344,79.58333333333333,-0.5222869686765321,-1.0436444128262814,23.847497481494912,19.75150251850509,0.02420052114195658,0.02453703196958035,0.04327817907628445,16043444.0,1.8461936765860196,0,0,-1,0,0,0.005884825556956729,-0.3268690893404464,0.40287622853936306,0.38951330701890596,0.0876951331496787,0.13621103117505995,1.746120475329827,0.032714225411566,0.0
2024-09-06,23.19,23.69,-0.006708620548179445,-0.007075992063252523,-0.022755343105482377,0.17376627738932948,-0.021331866903253765,22.677,21.910999999999998,23.34333333333333,4,6,9,22.885043580778124,23.496450495781872,71.0371819960861,-0.44859922230461535,-0.9246353747219482,24.008767234089618,19.813232765910378,0.02352148152153141,0.025313924277786868,0.04307812608849473,14404660.0,1.2193917220325536,0,0,-1,0,0,0.0033769523005486826,0.19194932673036652,0.4862926571456133,0.4018460900768663,0.04695259593679468,0.10639312977099236,1.4535607347875554,0.048727899956878075,0.0
2024-09-09,23.54,23.19,0.00042060989053331263,-0.0002088772853548078,0.016090801615309052,0.2079422874350724,0.01497995056469028,22.851,22.0075,23.156666666666663,0,9,9,23.00412656609119,23.499260141215302,72.18045112781954,-0.35783418771346476,-0.8112751373202516,24.221321416274773,19.793678583725228,0.021672078777350525,0.024708325938128148,0.043008216460373,16422236.0,1.3844838510766224,0,0,-1,0,0,0.025442000862440698,0.8648616963133186,0.22162626094031976,0.39223251447008267,0.002128565346956268,0.08931050439611288,-0.999929285364931,0.03207306711979605,0.0
2024-09-10,23.14,23.54,-0.01227009259181447,-0.01600371069246786,-0.035122135027826455,-0.3197432993328708,-0.017138380066600085,22.995,22.1135,22.960666666666665,1,10,9,23.028830826801883,23.47608206758851,68.5714285714286,-0.3145529305527148,-0.7119306959667443,24.331249214619696,19.8957507853803,0.022793244478980585,0.024108521802054573,0.04305185433096874,14956799.0,0.9257133252336891,0,0,-1,0,0,-0.002124044180118977,-0.037863493079851075,0.24864902655796303,0.3827109189936909,-0.01907587961000423,0.10085632730732641,0.1037482317485401,0.050777873811581706,0.0
2024-09-11,22.9,23.14,-0.015444322427473631,-0.014328442523746208,-0.006724974907673856,-0.16221025574074646,-0.01042581120533668,23.125999999999998,22.1785,22.759000000000004,2,11,9,23.00540704011063,23.4389154825828,62.47654784240149,-0.29620376405295445,-0.6287853095839864,24.4090465461935,19.947953453806498,0.02315558924895272,0.023735273717017794,0.043050063852525244,13710793.0,0.6469266478489423,0,0,-1,0,0,-0.00043215211754544353,-0.3639815154295232,0.22516769437989043,0.3767857893316605,-0.03741067675493903,0.06018518518518512,1.1985726776483772,0.04322707423580781,0.0
2024-09-12,23.25,22.9,-0.006071137468257611,0.015601247107966714,0.005383593083472679,0.3345991326882846,0.015168221473171444,23.273000000000003,22.316,22.594,3,12,9,23.04987848736324,23.4267273869323,71.73489278752437,-0.2505318670625094,-0.553134621079691,24.447739097297383,20.184260902702615,0.02332835458342856,0.020133845464203444,0.04307669559271031,15451937.0,0.8762798422978917,0,0,-1,0,0,0.003930131004366806,0.5364227895283693,0.27923841500976915,0.31961488820212874,-0.018573237653018215,0.13414634146341453,0.4024823646500652,0.05311827956989245,0.0
2024-09-13,24.15,23.25,0.024915378172949657,0.025328407885710932,0.04462682749118881,-0.4374191059528852,0.037979248065216256,23.473,22.481,22.49566666666667,4,13,9,23.24990058056992,23.473390136162475,72.38095238095238,-0.14009910597811626,-0.4705275180593761,24.64556535080224,20.316434649197763,0.025310277108229303,0.021280312565689765,0.04332411060703692,16576195.0,1.5421109825872674,0,0,-1,0,0,0.013763440860215066,-0.5171172593264688,0.35567288259131885,0.3378144892232279,0.04139715394566612,0.15827338129496393,0.21555053885781436,0.033954451345755705,0.0
2024-09-16,24.31,24.15,0.031735439847391314,0.019243173114262404,0.03365904616462511,0.26906184172220027,0.006603408229450208,23.555,22.6445,22.412666666666667,0,16,9,23.44264592955721,23.527364966087475,74.57627118644069,-0.03921760819429565,-0.38426553608636005,24.844475837187623,20.444524162812378,0.01771750346866026,0.021278183873932925,0.043328680185838284,18047552.0,1.5141075386801681,0,0,-1,0,0,0.0074534161490683115,0.08933102541551144,0.3505952752116612,0.3377806972891888,0.032710280373831724,0.15541825095057038,0.5973040835475162,0.02015631427396127,0.0
2024-09-17,24.82,24.31,0.008594282487334194,0.028778964550043327,0.015192244567373591,-0.002828600130407653,0.020761991448429225,23.677999999999997,22.826500000000003,22.396,1,17,9,23.693073942364986,23.610760774726995,78.28371278458846,0.08095128731375922,-0.2912221714063362,25.116756478397335,20.53624352160267,0.01855796812150736,0.021489644975457994,0.042338518286174485,19514753.0,1.7408530606100525,0,0,-1,0,0,0.00946112710818595,0.08160697010136052,0.2871692141079374,0.3411375382087835,0.07260155574762317,0.17186024551463652,-0.02895578277589866,0.0338436744560838,0.0
2024-09-18,24.44,24.82,0.009732436918231054,-0.007514371921722733,-0.004697241353918865,0.04861615397853945,-0.015428645473066526,23.743000000000002,22.9955,22.352666666666664,2,18,9,23.82887868011681,23.664260079583322,72.54237288135596,0.1438647947652143,-0.20420477817202612,25.235175493411553,20.755824506588446,0.019593860968674458,0.021920515999908352,0.042315592437950175,17974460.0,1.2899190121508954,0,0,-1,0,0,-0.0016116035455277658,0.1813175180472797,0.31466415274666626,0.34797740367581914,0.06724890829694341,0.16049382716049387,-0.3557384035415748,0.031301145662847814,0.0
2024-09-19,16.46,24.44,-0.34213797415689035,-0.33774338956905126,-0.561562410137132,2.5208701205749433,-0.3952879390544709,23.02,22.740000000000002,22.20633333333333,3,19,9,22.489082556459206,23.19946910670698,28.941524796447084,-0.44506467711487474,-0.2523767579605959,26.387689968358334,19.09231003164167,0.10620265832877475,0.07759598343501098,0.06475811228273752,-1185885.0,-3.4432750888784325,0,0,-1,0,0,-0.27986906710310966,4.208742405438193,2.4289425892280123,1.2317980494391594,-0.2920430107526881,-0.2369031061659712,-2.143603486667554,0.2454434993924665,0.0
2024-09-20,16.62,16.46,-0.07367100470084371,-0.04904061289136552,0.12279557747992785,0.008018197320976155,0.009673594178378458,22.363,22.52,22.061666666666667,4,20,9,21.421976637102986,22.77498722885492,22.141119221411188,-0.8886411616122132,-0.37962963869091937,27.032667550468517,18.007332449531482,0.10691387785507311,0.07762159444254602,0.06478828261780067,18128709.0,-2.614861358172705,0,0,-1,0,0,-0.00668286755771564,2.9244056289348954,2.366317201554587,1.2322046115797405,-0.3118012422360248,-0.20932445290199808,-2.193337508731646,0.08182912154031284,0.0
2024-09-23,17.19,16.62,0.01818231908319033,0.0066987289956203224,0.04409282997728166,-1.66050229787335,0.033721029967455796,21.728,22.2895,21.914333333333335,0,23,9,20.652526339447896,22.414665472154603,25.0,-1.1805755450604138,-0.5398188199648183,27.389710418775717,17.189289581224283,0.10790735984059202,0.07753795108046604,0.06485429021468432,21799322.0,-1.9997214158956644,0,0,-1,0,0,0.0018050541516244033,0.05119154036277938,2.4235252094902666,1.2308768143704307,-0.29288358700123396,-0.21146788990825682,-2.1580340537494145,0.044502617801047153,0.0
2024-09-24,17.15,17.19,0.04290990341079307,0.012404601581111317,0.030513883997211135,-0.34011728308868994,-0.002329645782809166,21.128999999999998,22.062,21.785333333333334,1,24,9,20.015703368639183,22.075009635241404,23.734177215189874,-1.3990360956815344,-0.7116622751081616,27.655031754828975,16.468968245171027,0.10811802922946238,0.07754517342327617,0.06471920493670591,19186995.0,-1.7564713433851062,0,0,-1,0,0,0.011052937754508302,-0.1584625281714383,2.3825742237975804,1.230991465508184,-0.3090249798549557,-0.20967741935483875,-2.1523391702192467,0.02740524781341122,0.0
2024-09-25,16.65,17.15,-0.0156570319331438,-0.013275808257385566,-0.027480821314098198,-0.04893988864089016,-0.02958795718549607,20.503999999999998,21.815,21.620333333333335,2,25,9,19.403757301613876,21.725009013612926,23.006134969325146,-1.5941372553341928,-0.8881572711533678,27.909627487429017,15.720372512570986,0.10803949806916996,0.07768239165490472,0.06458599829516606,16699437.0,-1.6949354199755464,0,0,-1,0,0,-0.002332361516034936,-0.19872909979904693,2.3681885372262323,1.233169737405583,-0.31873977086743055,-0.22880963408985644,-2.1065153821031504,0.042042042042042004,0.0
2024-09-26,16.72,16.65,-0.011166733726024804,-0.004495855319606498,0.006640531495265463,-0.17602199015353098,0.004195391230102835,19.851000000000003,21.561999999999998,21.494333333333334,3,26,9,18.91580142859317,21.40210520628306,24.345757335448056,-1.7232434373374517,-1.0551745043901848,28.068901922695467,15.05509807730453,0.10763917918337025,0.07763277039385856,0.06404948280380358,18785502.0,-1.4882658621644669,0,0,-1,0,0,0.016216216216216404,-0.28704953959187013,0.3626674891445782,1.2323820243067658,0.015795868772782384,-0.23232323232323238,-0.16133941989773634,0.030669856459330062,0.0
2024-09-27,16.8,16.72,0.0017714796483817993,0.007976137254745714,0.009580911611758048,-0.12565797669852993,0.004773278752657812,19.116,21.2945,21.359333333333332,4,27,9,18.531110259758048,21.105195192974477,22.690437601296622,-1.798375136202253,-1.2038146307525985,28.13114576112855,14.45785423887145,0.10589792775122173,0.07746104215311252,0.06394735965158599,20625237.0,-1.3148260585781983,0,0,-1,0,0,0.013755980861244046,-0.33967660168781433,0.35887645687876285,1.2296559229981618,0.010830324909747224,-0.24153498871331824,0.04277260724811643,0.029166666666666573,0.0
2024-09-30,16.76,16.8,-0.01785761740000646,-0.015051914767200117,-0.010785005676562561,-0.2513787253220762,-0.0023837913552762504,18.361,20.958,21.216666666666665,0,30,9,18.20909021252931,20.82486001923419,23.372287145242083,-1.8399355824786419,-1.3310388210978072,27.999090226587533,13.916909773412465,0.10559660530377536,0.07569866200856372,0.06389616275282418,19194424.0,-1.1924289747482923,0,0,-1,0,0,-0.008928571428571555,-0.39928483030640743,0.22137679824981862,1.2016790055299567,-0.025014543339150652,-0.2865048957002979,-1.9048048988073394,0.02458233890214791,0.0
2024-10-01,16.18,16.76,0.014311514393255946,-0.007197246571678377,-0.02872180322538021,-0.09692833131723509,-0.03521918342359146,17.497000000000003,20.5875,21.05,1,1,10,17.840164719342162,20.5251916308965,22.727272727272748,-1.8977970650885894,-1.4443904698959638,27.82260411666249,13.352395883337508,0.10405674213277438,0.0757231529357893,0.06407861435862697,17895788.0,-1.218365327970747,0,0,-1,0,0,0.007756563245823329,-0.41466554324770566,0.30125248980736,1.2020677869468543,-0.05655976676384833,-0.3141161509114031,-0.5602391240183462,0.046971569839307885,0.0
2024-10-02,16.33,16.18,-0.04418267772675937,-0.015513437614872462,-0.014361782910931537,0.14472446056285096,0.00922799535202792,16.686,20.214499999999997,20.892333333333333,2,2,10,17.565589315825406,20.254534106322534,21.45214521452145,-1.9095370065626085,-1.5374197772292928,27.52325027116914,12.905749728830855,0.10487975236979218,0.07573642417645439,0.0641429786961183,19396649.0,-1.0629724250733268,0,0,-1,0,0,-0.0012360939431396523,-0.3743416274377392,0.2817030407260612,1.202278461361189,-0.019219219219219208,-0.3135771332492644,-1.943097088857897,0.04470300061236979,0.0
2024-10-03,15.82,16.33,0.00985229644301164,-0.01881694366887531,-0.006309169193264721,-0.05271942263557509,-0.031728944642865846,16.622,19.821,20.700666666666667,3,3,10,17.248209440220784,19.96843513172108,14.49275362318842,-1.9376576216027956,-1.6174673461039935,27.189073089528286,12.452926910471719,0.021835741102881133,0.07577100359249864,0.06404222938680264,17972863.0,-1.0860370008235498,0,0,-1,0,0,-0.0006123698714022053,-0.3890971956994454,0.32733319672325567,1.2028273925731985,-0.05382775119617211,-0.3322076825664838,-0.44611350888402107,0.03286978508217443,0.0
2024-10-04,16.3,15.82,-0.016059641017345392,0.008541845712962773,0.009448889197932289,0.31096254186617056,0.029890145473208913,16.59,19.476499999999998,20.543333333333333,4,4,10,17.075807723817004,19.731761897416494,16.76348547717845,-1.8993172758752763,-1.67383733205825,26.825600267164777,12.127399732835219,0.024104223786909046,0.07647823667413206,0.06432121919275502,19915958.0,-0.8644595622656989,0,0,-1,0,0,0.015170670037926576,-0.2961166781874109,0.4362969009555458,1.2140543696909578,-0.029761904761904767,-0.2971108236308754,0.19279240671919215,0.031288343558282306,0.0
2024-10-07,16.09,16.3,0.012991212712330868,-0.007317105817066933,0.0003134304993532444,0.005378452858659638,-0.012967146808424847,16.48,19.104,20.353,0,7,10,16.896569955850275,19.49680951693801,12.85106382978725,-1.8643860388992977,-1.7119470734264595,26.34024328240176,11.867756717598237,0.020649861195094387,0.0761737614238911,0.06381288723023615,17962384.0,-0.8330289301715215,0,0,-1,0,0,-0.0018404907975460819,-0.2935307257956336,0.4376003060404274,1.2092209749358873,-0.03997613365155139,-0.316482582837723,0.5649380906540971,0.02392790553138594,0.0
2024-10-08,16.32,16.09,0.0,0.013035838083625122,0.006559448788408645,0.20986249215950847,0.014193388531669073,16.397,18.762999999999998,20.17366666666667,1,8,10,16.79173905478659,19.291854064232336,15.000000000000014,-1.7974241177483243,-1.7290424822908326,25.839440080331755,11.686559919668241,0.021658305491145276,0.07645958559946565,0.06393676259912259,20372134.0,-0.6904601670520936,0,0,-1,0,0,0.011187072715972636,-0.21841458241902115,0.3833825139997685,1.2137582930594493,0.008652657601977864,-0.2947277441659464,-0.43468242512087235,0.03029411764705897,0.0
2024-10-09,16.44,16.32,0.014037459675588419,0.006388720777665287,0.010221554071538227,-0.0692828072495347,0.007326040092072881,16.375999999999998,18.44,20.002,2,9,10,16.727786499370843,19.107863479443157,49.73262032085562,-1.7149049588095444,-1.726214977594575,25.30801894366387,11.571981056336131,0.020106223429267326,0.07660416304231824,0.06398979492225423,22620582.0,-0.582409575863244,0,0,-1,0,0,0.011029411764705864,-0.2585480000860014,0.38131430385322096,1.216053388813315,0.006736068585425858,-0.2820960698689955,-0.36898166495898355,0.026490267639902525,0.0
2024-10-10,16.45,16.44,-0.014652276786870262,-0.0060504993360337555,-0.004014209497204399,-0.7447568133213134,0.0006080875833468461,16.349,18.1,19.824333333333335,3,10,10,16.677279863121598,18.93638841625328,47.63231197771585,-1.6299123988568311,-1.7069544618470263,24.630382434194928,11.569617565805075,0.02003313437757585,0.07638969868986215,0.06393940061224156,23688257.0,-0.5053302824533327,0,0,-1,0,0,-0.010948905109489033,-0.47097556368722565,0.25472466848765035,1.212648872763191,0.03982300884955747,-0.2924731182795699,0.20834581779156236,0.024316109422492314,0.0
2024-10-11,16.1,16.45,0.006742287263379021,-0.0030238910250767834,-0.004651892401959571,0.045733247958631665,-0.021506205220963505,16.279000000000003,17.697499999999998,19.622666666666664,4,11,10,16.57231988800858,18.75339561520468,33.827893175074195,-1.5726685140066223,-1.6800972722789456,23.62203196019466,11.772968039805333,0.020812677796139843,0.07539640097127559,0.06382917600851096,22570620.0,-0.5392831064911688,0,0,-1,0,0,-0.0048632218844983765,-0.46161741612572627,0.23128692883716162,1.1968807603158238,-0.012269938650306678,-0.33333333333333326,-0.312459866226965,0.026397515527950353,0.0
2024-10-14,15.73,16.1,-0.01476949924592611,-0.023285365794919324,-0.03446981575148839,0.8432819895359166,-0.023249554920230866,16.176,17.2685,19.363999999999997,0,14,10,16.419170817461563,18.558337833578573,30.810810810810835,-1.5394128376823062,-1.6519603853596179,22.36112531820069,12.17587468179931,0.021632381062420294,0.07520555660517111,0.06254137873596712,19973252.0,-0.6042070263844102,0,0,-1,0,0,0.0018633540372669304,-0.19780109005273966,0.2683201443290556,1.1938511999248427,-0.02237414543194527,-0.3529411764705882,-0.25352232613940817,0.03750794659885568,0.0
2024-10-15,15.77,15.73,-0.02957120157446033,-0.011222062906263913,-0.005161301780225395,-0.11198145926653812,0.002539683904760534,16.134999999999998,16.816,19.10333333333333,1,15,10,16.301139759741275,18.37844507012189,36.41975308641976,-1.492623771186821,-1.6200930625250587,20.495693351068066,13.136306648931932,0.019254296896188933,0.07481278608490656,0.0625278333586007,22295457.0,-0.5685256352659864,0,0,-1,0,0,-0.004450095359186286,-0.2577814349022674,0.2264378454202986,1.1876161612112177,-0.033700980392156854,-0.3646253021756648,-0.47862847157496025,0.031071655041217405,0.0
2024-10-16,16.57,15.77,0.008267137704893603,0.04235060616220898,0.014767523585665297,0.33394157484279063,0.04948443046352465,16.159,16.4225,18.862666666666666,2,16,10,16.350023439788316,18.26177119463016,48.11083123425695,-1.3751380493321044,-1.5711020598864678,17.23735872201381,15.60764127798619,0.025496974471788992,0.07642707023590604,0.06344974971242404,25538327.0,0.3620259463762629,0,0,-1,0,0,0.0012682308180088505,-0.10203180681928063,0.47242398398712654,1.213242127664844,0.007907542579075333,-0.3220130932896891,1.3960275784062264,0.0573325286662644,0.0
2024-10-17,16.68,16.57,0.032401588365371714,0.026098752967361073,0.033837814781558756,-0.412929520142474,0.006616565492129029,16.245,16.433500000000002,18.629,3,17,10,16.41001917800862,18.159721440137893,48.499999999999986,-1.2586448136985595,-1.5086106106488861,17.256390284942352,15.61060971505765,0.022714740877851428,0.02220162143674213,0.0635120995639384,27684163.0,0.599107814275062,0,0,-1,0,0,-0.015691007845504017,-0.20181152387586485,0.47330442168739617,0.3524398141441213,0.013981762917933072,0.013365735115431265,1.1875437914634195,0.05095923261390874,0.0
2024-10-18,16.85,16.68,0.026619841638152977,-0.012371291802546718,0.008589009856543652,-0.3886023603403022,0.01014025986777019,16.3,16.445,18.417666666666666,4,18,10,16.490015691097963,18.075223282709644,51.08958837772396,-1.1394704004392402,-1.4347825686069569,17.285112774384537,15.604887225615466,0.021106693665330595,0.022211727640141687,0.0635666223572918,29139048.0,0.9641562712737066,0,0,-1,0,0,0.004196642685851336,-0.8538703727197008,0.42089364795441925,0.35260024514948685,0.04658385093167694,0.013838748495788256,0.8068721377420616,0.029673590504451036,0.0
2024-10-21,16.35,16.85,0.010098095907001949,0.009439598116719947,-0.0030590418470826217,0.164110640193093,-0.03012275945510836,16.326,16.403,18.178,0,21,10,16.464558292716514,17.963918554792894,52.09876543209879,-1.0730007558578478,-1.362426206057135,17.16681590507267,15.639184094927328,0.023127761671940278,0.02175382725365557,0.0635277292536587,27424692.0,-0.13877689544826843,0,0,-1,0,0,0.0041543026706231615,-0.4012729670530806,0.4546798006297603,0.3453313018621911,0.03941513032422139,-0.048865619546247796,0.41752155702312654,0.04342507645259944,0.0
2024-10-22,16.13,16.35,-0.033045962795033704,-0.03891541624967373,-0.01824134672922732,-0.5187692947197219,-0.013547005206145055,16.307,16.351999999999997,17.944333333333336,1,22,10,16.4037295122226,17.84560122867722,47.572815533980595,-1.0262453277002557,-1.2951900303857593,17.038059687444704,15.66594031255529,0.023132519934017836,0.02189700956153856,0.06351689093896694,26404217.0,-0.6471740114241575,0,0,-1,0,0,0.0012232415902140412,-1.4385627404707892,0.4804240192589275,0.34760425053500715,0.022828154724159777,-0.05947521865889216,0.737332911262014,0.022008679479231272,0.0
2024-10-23,15.86,16.13,-0.01911868286442804,-0.008583743691391555,-0.01667491837700061,0.047725901047776256,-0.016880675930415562,16.249000000000002,16.3125,17.709666666666667,2,23,10,16.3048696009094,17.71749792360127,50.515463917525764,-0.9994569400816289,-1.2360434123249333,17.017037922478572,15.607962077521426,0.02342644078430569,0.021278823613604676,0.06353047273657379,25333858.0,-1.2845298615242742,0,0,-1,0,0,-0.004339739615623081,-1.219604784486724,0.2655438011536911,0.33779085284164045,-0.042848521424260766,-0.047447447447447444,0.0167090017407274,0.03026481715006297,0.0
2024-10-24,15.55,15.86,-0.01379332213233576,0.004914014802429163,-0.014057739490231699,0.04016498975600084,-0.019739577581458667,16.159000000000002,16.254,17.453,3,24,10,16.167620582562233,17.577659347885064,39.89218328840971,-0.991808409154423,-1.1871964116908313,17.008590164121813,15.49940983587819,0.023910824640410454,0.0215626480301332,0.06337561649848109,24219633.0,-1.8659135341879565,0,0,-1,0,0,-0.001261034047919267,-1.0385589857662398,0.23402691149272864,0.34229642577449537,-0.06774580335731406,-0.0699760765550238,1.2628874435949418,0.05016077170418014,0.0
2024-10-25,15.45,15.55,-0.013346241952894487,-0.029537356393076832,-0.013931863117226238,0.4437113454830534,-0.006451635281488719,16.094,16.186500000000002,17.163,4,25,10,16.037144113005464,17.44039100286022,41.111111111111114,-0.9824905184376185,-1.1462552330401887,16.97615082223256,15.396849177767443,0.023264725665360416,0.021484259451721204,0.0626894806015225,22483135.0,-1.865381455356978,0,0,-1,0,0,0.005144694533762062,-0.006860674871169676,0.13546833274533082,0.3410520456698592,-0.083086053412463,-0.0803571428571429,-0.4553897809590735,0.033656957928802675,0.0
2024-10-28,15.83,15.45,0.005741642567675183,0.008483947195244439,0.019706662611110155,0.6032327605420587,0.024297870549166458,16.104,16.14,16.880333333333333,0,28,10,15.99948154700447,17.336494809127302,43.46666666666667,-0.9336803132499476,-1.1037402490821404,16.896278979436012,15.383721020563987,0.023781736003976924,0.022415363670094657,0.06296277350735048,25657486.0,-0.8198032959508662,0,0,-1,0,0,0.017475728155339893,1.975690320864914,0.28509874816904973,0.35583286690885524,-0.03180428134556579,-0.055489260143198216,1.8501182642556486,0.02210991787744786,0.0
2024-10-29,15.64,15.83,0.0031756139738863777,0.005616239411292492,-0.0019212301778939326,-0.9532674581989539,-0.012075138775755712,16.091,16.113,16.574333333333332,1,29,10,15.934121265730928,17.22704353111909,39.528795811518314,-0.8999551631655933,-1.062983231898831,16.901151735324284,15.324848264675717,0.02411161458347484,0.021257282054780648,0.06265791642122133,24433839.0,-1.2002764919508415,0,0,-1,0,0,-0.0037902716361339545,-0.8768220667923639,0.28298470803483217,0.3374488911966342,-0.03037817730936132,-0.03337453646477129,1.823615034485341,0.030051150895140703,0.0
2024-10-30,15.38,15.64,-0.015335763814351375,-0.0062422175225001425,-0.01843817397075284,-0.3414679945878999,-0.016763771039667114,15.972,16.0655,16.272333333333332,2,30,10,15.83337194468894,17.107879432337214,36.85503685503688,-0.8840171662258207,-1.027190018764229,16.91100763325631,15.21999236674369,0.016346605871916126,0.02135620959500548,0.06266011960178659,23564161.0,-1.6215110852634822,0,0,-1,0,0,-0.007033248081841509,-1.2918202949497877,0.2827115497443617,0.33901931721213563,-0.030264817150063017,-0.05817513778322092,1.8253404888482252,0.042587776332899945,0.0
2024-10-31,15.05,15.38,-0.014267427491003227,-0.037318953452915936,-0.022116762195665128,0.17701184704579181,-0.021689972882613207,15.809000000000001,16.026999999999997,16.22533333333333,3,31,10,15.690940682018223,16.97511301734772,37.037037037037045,-0.8877806482106045,-0.9993081446535041,16.98254007875401,15.071459921245985,0.016096363051467853,0.02077472754181916,0.020765920050734712,22526074.0,-2.044916841738273,0,0,-1,0,0,-0.004551365409622905,-1.007209741150544,0.2887387468915853,0.3297885757846662,-0.032154340836012874,-0.04867256637168138,1.734900225799336,0.026910299003322216,0.0
2024-11-01,15.0,15.05,-0.009845829455366778,-0.010125841866934708,-0.0016702860071620956,-0.1473998404990443,-0.003327790092674691,15.624,15.962,16.171333333333333,4,1,11,15.565315103469455,16.847686371067223,40.21447721179625,-0.8846006908116664,-0.9763666538851367,17.011583375991574,14.912416624008426,0.014709676059143825,0.019303506858672173,0.02063142538779825,21630258.0,-1.8331083018367536,0,0,-1,0,0,0.007308970099667736,-1.0939158411091165,0.2895489928145539,0.30643367147685735,-0.029126213592232997,-0.07975460122699396,1.5518349123491961,0.018333333333333358,0.0
2024-11-04,15.15,15.0,-0.01194440212515218,0.011100342512512976,-0.0030135633052642947,0.2302935100300253,0.009950330853168092,15.504000000000001,15.915000000000001,16.103333333333335,0,4,11,15.489803266475008,16.738158218095144,41.92708333333335,-0.8600625396778927,-0.953105831043688,17.023009120236065,14.806990879763935,0.014602908224204032,0.019425293030420242,0.01955737565629143,22758063.0,-1.3808550598157794,0,0,-1,0,0,-0.0013333333333333049,-0.7228343062588191,0.19684263223201018,0.30836696701828925,-0.042956411876184486,-0.058421379738968326,0.8851728265124987,0.032343234323432356,0.0
2024-11-05,15.79,15.15,0.003997340432620173,0.03196417834384451,0.0013404827744518287,0.008361784288435065,0.04137629631217247,15.470000000000002,15.888499999999999,16.058,1,5,11,15.544384490752279,16.676986720153522,39.40217391304348,-0.7799820789357312,-0.9184810806220967,16.980967511259664,14.796032488740336,0.021207354198098563,0.021605002104785692,0.021305124229108106,23895338.0,-0.18032572865517016,0,0,-1,0,0,-0.007260726072607341,-0.6363456170127102,0.4054097070569464,0.3429687758657399,0.00959079283887454,-0.03247549019607854,1.1221351243234339,0.06144395186827107,0.0
2024-11-06,16.38,15.79,0.07368044916785023,0.033385701864606133,0.04453912297624163,0.1125236495886644,0.036684250157372596,15.522,15.885500000000002,16.049,2,6,11,15.696314583342772,16.65782628659523,46.39423076923076,-0.6612867654888994,-0.8670422175954572,16.971903530728312,14.799096469271692,0.023757247379606935,0.02322846291710868,0.021892302357129037,25168061.0,0.9103431386466337,0,0,-1,0,0,0.025332488917036235,-0.3975842835245438,0.4282849024573163,0.36874041730173307,0.06501950585175531,-0.0036496350364965124,-0.11697062705039744,0.05067155067155079,0.0
2024-11-07,16.53,16.38,0.0036991410862025637,0.011791519842406274,0.0395656002061911,-0.14517511029156552,0.009115833408009633,15.620000000000001,15.889500000000002,16.04266666666667,3,7,11,15.847893750007723,16.64957942939554,46.135265700483096,-0.5487900183098873,-0.8033917777383432,16.985204051476057,14.793795948523947,0.02235863318880032,0.02331737604609639,0.02194617243997322,26268802.0,1.1691113109186062,0,0,-1,0,0,-0.007936507936507877,-0.6329971923886185,0.3128628456757864,0.3701518694672737,0.09833887043189371,0.004863221884498614,0.30116045586597134,0.023895946763460563,0.0
2024-11-08,16.61,16.53,0.01889724018136706,0.0009013069560126666,-0.010212064609848803,0.1172114390825771,0.004828011792270572,15.736,15.915000000000001,16.036333333333335,4,8,11,15.98645852273359,16.647025917821637,53.49462365591394,-0.4480157574908894,-0.7323165736888525,17.05420563274775,14.775794367252255,0.0219224504611104,0.02275836824027321,0.021946601130102546,27506428.0,1.2201484613864995,0,0,-1,0,0,0.0018148820326677304,-0.4580952219588863,0.27962983441009887,0.3612778956563615,0.10733333333333328,0.03167701863354022,0.5943347951369977,0.034617700180614046,0.0
2024-11-11,17.06,16.61,0.02622319509910256,0.025497971933970857,0.038742072483619445,0.021159049426699307,0.026731618438329434,15.859,15.9815,16.046333333333333,0,11,11,16.181647882236575,16.673669406994435,61.77215189873417,-0.3280585359661359,-0.6514649661443092,17.22567421355861,14.737325786441392,0.022152046195557665,0.022642257496755802,0.022495993874469065,28770520.0,1.7336800397353591,0,0,-1,0,0,0.023479831426851328,-0.34967447590016726,0.2642482010559935,0.3594346947450223,0.1260726072607259,0.08455181182453897,-0.20587263122467703,0.02168815943728004,0.0
2024-11-12,17.18,17.06,0.0005880623515544448,0.017411931476822302,0.00774966620687833,0.46050613459648665,0.0070093744925763275,16.012999999999998,16.052,16.079666666666668,1,12,11,16.363166449102653,16.706335896865763,67.36842105263158,-0.22076374946137278,-0.565324722807722,17.40108311943996,14.702916880560041,0.02105895232909362,0.022646107783372383,0.021496281376543074,30773949.0,1.6722468523188752,0,0,-1,0,0,-0.002930832356389048,0.7496291576331598,0.22801514373084478,0.3594958161502051,0.0880303989867004,0.08941027266962598,0.8382948206254149,0.03143189755529681,0.0
2024-11-13,13.9,17.18,-0.13244019345635705,-0.14726991873503587,-0.2012646960736172,0.9913568726987309,-0.2118570764194632,15.865,15.9185,15.998666666666669,2,13,11,15.915318003811262,16.525281968035717,37.813884785819795,-0.3958374779894207,-0.5314272738440617,17.550512319354944,14.286487680645058,0.06706992107156091,0.04751259257673664,0.0412389911137823,25374931.0,-2.473633288255836,0,0,-1,0,0,-0.1327124563445867,3.6307731672960926,1.447605929515715,0.7542390246118722,-0.1514041514041513,-0.16113458056729024,-2.1822512176180107,0.08848920863309355,0.0
2024-11-14,13.98,13.9,-0.06875320701606194,-0.023609865639133736,0.005792919892784106,-0.8831147604536133,0.005738896669018178,15.758,15.7835,15.937333333333333,3,14,11,15.563442003118304,16.361070228162447,39.111111111111114,-0.5221107698220564,-0.5295639730396606,17.587872175402964,13.979127824597034,0.06700612137053762,0.047499120517749197,0.0409627031655307,27607387.0,-1.9990332644064734,0,0,-1,0,0,0.0007194244604316393,0.5988090611618357,1.4422130085544727,0.7540251623054997,-0.15426497277676954,-0.1618705035971223,-2.1767369989617245,0.057224606580829805,0.0
2024-11-15,13.77,13.98,0.011436865190946199,-0.04039546433677864,-0.03377707293026628,0.0673408891438443,-0.015135424065100803,15.635,15.629500000000002,15.853000000000002,4,15,11,15.237361638914976,16.193904406990676,34.346504559270514,-0.6318449925419607,-0.5500201769401206,17.571137670139645,13.687862329860359,0.0670742102621544,0.047336517270655576,0.040516018228962,25219418.0,-1.9153934110335495,0,0,-1,0,0,0.006437768240343337,0.6935600238101892,1.419357461792525,0.7514439157804118,-0.1709813365442504,-0.18278931750741845,-2.082674839093408,0.0493827160493827,0.0
2024-11-18,13.9,13.77,-0.011436865190946175,-0.010000083334583422,0.010401282479615545,0.013010640739233059,0.009396527396082611,15.51,15.507,15.78,0,18,11,14.99420497729407,16.045910574281603,36.65644171779141,-0.7002482155556553,-0.5800657846632276,17.56301658809611,13.450983411903888,0.06705939347229636,0.04723904937136625,0.04056607705930243,27638659.0,-1.5632169597309469,0,0,-1,0,0,0.010167029774872953,0.6809698825969299,1.3770107563938252,0.749896660846423,-0.18522860492379822,-0.14984709480122327,-2.167619363131614,0.028776978417266213,0.0
2024-11-19,13.67,13.9,-0.00721503851415074,-0.0014367818563627496,0.0018460407679322726,-0.624942387258813,-0.016685189400787868,15.297999999999998,15.384,15.691666666666666,1,19,11,14.753440435967875,15.892626021102146,36.82588597842835,-0.7642080260016453,-0.6168942329309112,17.573115658986783,13.194884341013218,0.0648719558443835,0.0472666766044123,0.04047753980009908,26343658.0,-1.5659291394346089,0,0,-1,0,0,-0.0064748201438848815,-0.37880854396571634,1.3394464982816001,0.7503352295747391,-0.20430733410942958,-0.15251084934903902,-2.127793677108163,0.025969275786393593,0.0
2024-11-20,13.98,13.67,-0.021222896806382768,0.005734782742038182,-0.004065797506245035,0.0931758590757152,0.022424086069806056,15.058000000000002,15.290000000000001,15.609666666666667,2,20,11,14.612814902155534,15.769230793934266,41.73106646058732,-0.7808807204991979,-0.6496915304445685,17.553253363959456,13.026746636040546,0.06378265409658349,0.047661706583294196,0.04073486073089132,27765122.0,-1.157625585240017,0,0,-1,0,0,-0.010972933430870545,-0.2790399916891838,0.2665790079905722,0.7566061360819587,0.0057553956834532904,-0.11853720050441352,0.043711633427988346,0.03505007153075824,0.0
2024-11-21,14.97,13.98,0.029156584291455487,0.07833673912287478,0.030636969461889804,0.14731791102086725,0.06842046162587277,14.902000000000001,15.261,15.560333333333334,3,21,11,14.677757647218165,15.71766751690625,49.79757085020243,-0.7060700883192261,-0.6609672420195001,17.5250894533193,12.996910546680699,0.06899918776870317,0.05042155740892133,0.04299276171020816,29412204.0,-0.25705698118364884,0,0,-1,0,0,-0.004291845493562267,-0.09233356128039961,0.5667808314211069,0.8004174097234329,0.07081545064377681,-0.03729903536977497,1.1611322544934717,0.0808283233132933,0.0
2024-11-22,15.44,14.97,0.08533372530795198,0.03761792446726522,0.07805133628861124,-0.17572680032834043,0.030913346165093118,14.785000000000002,15.260499999999999,15.538333333333332,4,22,11,14.81634716590577,15.69975348355746,51.87580853816301,-0.6019185093939576,-0.6491574954943916,17.52441812200839,12.996581877991606,0.07002953405674857,0.05089717261850943,0.043259962351098954,30793854.0,0.15857463947570757,0,0,-1,0,0,0.01269205076820304,-0.3268499805351366,0.5084283732169178,0.8079675671094126,0.12127814088598399,-0.0006472491909385036,0.49104675523504887,0.04274611398963732,0.0
2024-11-25,15.75,15.44,0.03563707205330417,0.01954048937268334,0.03717415321665505,0.3286315585732218,0.019878820675012027,14.654000000000002,15.256499999999999,15.538999999999998,0,25,11,14.986102226650173,15.702995194295688,49.72972972972974,-0.4887294545733756,-0.6170718873101885,17.516460642414657,12.996539357585341,0.06970868479964722,0.050798394058004744,0.043199419850857367,32713057.0,0.4367332693658952,0,0,-1,0,0,0.01748704663212444,0.25545507000837575,0.49526070379362713,0.8063995060736506,0.13309352517985618,-0.005053695514845247,0.2276755652464534,0.02539682539682542,0.0
2024-11-26,15.27,15.75,-0.004465717150364749,-0.01890415463915261,-0.03983549876616924,-0.25555021555396096,-0.030950246041101075,14.463,15.238000000000003,15.522333333333334,1,26,11,15.03772000362287,15.675060020470161,42.38683127572017,-0.4327696030236492,-0.5802114304528807,17.490788681191688,12.985211318808316,0.06996628642934258,0.05121542772060193,0.04357847363544407,31226653.0,0.028409233646423532,0,0,-1,0,0,-0.006984126984126948,-0.19123360282884158,0.5737436233018087,0.8130197102310981,0.11704462326261877,-0.02365728900255759,-0.3657304419513991,0.046496398166339284,0.0
2024-11-27,15.48,15.27,-0.017414177566660635,0.0006359300691258507,0.019789564024221846,-0.3506228437584001,0.013658748931040044,14.621,15.242999999999999,15.485999999999999,2,27,11,15.11813454841871,15.662475503020474,42.857142857142854,-0.36724243040749727,-0.5376176304438041,17.497558890220834,12.988441109779163,0.02868610659308732,0.05114133947786219,0.042604104947411216,32273452.0,0.21024068258140527,0,0,-1,0,0,0.006548788474132263,-0.6459833778225028,0.5774465572149192,0.8118435958389192,0.10729613733905574,0.006501950585175553,-0.11976111689688282,0.02713178294573643,0.0
2024-11-29,15.57,15.48,0.0,-0.0044600265075294245,0.0026092643636136236,-0.6040088776830046,0.005797117684325915,14.780000000000001,15.269,15.449,4,29,11,15.20029190325167,15.656509341535282,42.934782608695656,-0.30453889140159696,-0.49100188263536265,17.52617942294549,13.011820577054511,0.02868488055603947,0.05085431898844551,0.0425990695679261,32845649.0,0.26670454013550465,0,0,-1,0,0,-0.007105943152454859,-1.0790454108387881,0.3732597076688852,0.8072872868218597,0.04008016032064132,0.034551495016611256,-1.3769904490731726,0.019910083493898556,0.0
2024-12-02,15.59,15.57,-0.011122129698273748,-0.0031979560353164113,-0.01642073021232752,1.1439697594151699,0.0012836972237781274,14.962,15.2985,15.407000000000002,0,2,12,15.271147920842274,15.652218416274941,39.393939393939405,-0.25034621677985847,-0.4428707494642618,17.556298415317592,13.04070158468241,0.02746673654402461,0.0508343245525209,0.042546988491545645,34641893.0,0.25821614367551543,0,0,-1,0,0,-0.023763648041104753,0.08933069159611086,0.3109382469086166,0.8069698849914905,0.009715025906735786,0.03933333333333322,-1.5016401192372681,0.03271327774214239,0.0
2024-12-03,14.85,15.59,0.02469261259037163,-0.0012820514576555005,-0.018717123952937755,-0.3361164462630297,-0.04862981782097653,15.056999999999999,15.283499999999998,15.357000000000001,1,3,12,15.194575571598225,15.600462389418496,34.56953642384107,-0.2640659592639114,-0.40710979142419174,17.54942400114114,13.017575998858858,0.03348196561107098,0.052044719903269615,0.04307217141485273,33358405.0,-0.3826253658831311,0,0,-1,0,0,-0.0006414368184733667,-0.4360155697241862,0.4165767325950649,0.8261843155083899,-0.05714285714285716,-0.01980198019801982,-0.7067109820414961,0.05185185185185182,0.0
2024-12-04,14.88,14.85,-0.04597001103765632,-0.03658147930480209,-0.00405680069561443,0.029180029466843935,0.0020181641562371953,15.178,15.238000000000003,15.315333333333335,2,4,12,15.137380013125819,15.553980944939886,61.3953488372093,-0.26941258418145964,-0.3795703499756453,17.497637604852443,12.978362395147563,0.03252404352397196,0.051112087580818186,0.04302564171325607,34679897.0,-0.31686496917135576,0,0,-1,0,0,0.002020202020202097,-0.40892391481717605,0.38565013519883007,0.8113792363691874,-0.025540275049115824,-0.05763141228625701,-1.996585880039865,0.01814516129032255,0.0
2024-12-05,15.0,14.88,0.008698616240424607,0.0013297874300016482,-0.00816331063916087,-0.02080143694049267,0.008032171697264253,15.279999999999998,15.169,15.286666666666667,3,5,12,15.112401828921122,15.518240238814734,61.7511520737327,-0.26095865687547537,-0.35584801135561134,17.365196712500985,12.972803287499016,0.032167038080848975,0.05035082537776728,0.042965081834613165,35974184.0,-0.15390242507698387,0,0,-1,0,0,0.00873655913978488,-0.437854296966346,0.370101481852479,0.7992945735384722,-0.03100775193798455,-0.08424908424908417,-2.156797950678454,0.02733333333333334,0.0
2024-12-06,14.76,15.0,0.017828138093003782,0.02363865813713967,0.004089985251525066,-0.41982851717982583,-0.016129381929883644,15.258999999999997,15.0805,15.260333333333334,4,6,12,15.048328769117282,15.469321513729914,61.32723112128146,-0.27050662087363264,-0.3387797332592156,17.186576171961836,12.974423828038168,0.023821279880373986,0.050343774110384716,0.04291680834415001,35123631.0,-0.30435746272315645,0,0,-1,0,0,0.018666666666666623,-0.8670169392945523,0.3582330191158809,0.7991826381389397,-0.052023121387283267,-0.10707803992740483,-1.4929341742559339,0.04810298102981036,0.0
2024-12-09,15.84,14.76,-0.028544918489665845,0.034442179898829244,0.009478743954543739,0.7325011465524565,0.07061756721395342,15.298999999999998,15.041999999999998,15.273333333333333,0,9,12,15.192268992914137,15.493236254779598,68.23308270676691,-0.1887506767596676,-0.3087739219593061,17.056511564152814,13.027488435847184,0.03231299249795303,0.053233666348874546,0.04496600679237589,36893017.0,0.7922515950764412,0,0,-1,0,0,0.006097560975609747,0.030162419525264463,0.7034128462644146,0.8450582552118588,0.016035920461834552,-0.04635761589403975,0.8988453456374091,0.07007575757575754,0.0
2024-12-10,15.74,15.84,0.07020425867324856,0.004379112409359674,0.038339130395949106,-0.07241572732285895,-0.006333143397022585,15.297999999999998,14.975999999999999,15.270333333333333,1,10,12,15.291856448747929,15.509156496406721,69.94219653179191,-0.13052307750502656,-0.27312375306845016,16.788499292195915,13.163500707804083,0.03183966546383293,0.052831645480291144,0.044781595419175826,35247233.0,0.8430348119743367,0,0,-1,0,0,0.005681818181818173,-0.1148924066714328,0.5599076426241788,0.8386763717710797,0.05993265993265995,-0.0773739742086752,1.8700470953511203,0.03811944091486656,0.0
2024-12-11,15.41,15.74,-0.01901197948857189,-0.011299555253933394,-0.004224214242397726,0.2718793181602545,-0.021188593657232756,15.312000000000001,14.8875,15.262666666666668,2,11,12,15.313337094430121,15.502759303090158,63.7236084452975,-0.1097405074051796,-0.24044710393579607,16.393877669846013,13.381122330153984,0.030944881663505928,0.05293457997427131,0.04490012579543777,33087259.0,0.6937171341014523,0,0,-1,0,0,-0.006988564167725504,0.3994413454484527,0.6079268266680028,0.8403104062054905,0.0356182795698925,-0.10302677532013971,1.8022509386480539,0.0314730694354315,0.0
2024-12-12,14.86,15.41,-0.020032980120939996,-0.026224720011210283,-0.04563656173789539,-0.975242659199146,-0.036343610042411295,15.25,14.9355,15.245333333333331,3,12,12,15.230912168170098,15.46129096095531,48.84696016771487,-0.13608190681521037,-0.21957406451167896,16.368795429935453,13.502204570064544,0.032643963803845044,0.03085722501868057,0.04528509901235356,32272731.0,-0.10535162315196922,0,0,-1,0,0,-0.005840363400389348,-1.3952518639489309,0.6807786459766568,0.48984326129393524,-0.009333333333333416,0.06906474820143882,1.8930145764040398,0.05114401076716015,0.0
2024-12-13,14.61,14.86,-0.033856536032737854,-0.03495245342365596,-0.021358028534812314,0.09140762519975454,-0.016966813527004996,15.154,14.966999999999999,15.230666666666668,4,13,12,15.118019046684624,15.406368963474323,40.87912087912089,-0.17511198433799713,-0.2106816484769426,16.338224577560304,13.595775422439694,0.03270283662006093,0.031192731322044958,0.04521751272832271,31380240.0,-0.5207024521616684,0,0,-1,0,0,-0.0033647375504709917,-1.1330224462236176,0.681933970523237,0.49516925874591583,-0.010162601626016232,0.045064377682403345,1.8995618825889866,0.03696098562628343,0.0
2024-12-16,14.89,14.61,-0.017024585511167457,0.004018759594917655,0.005555569844601964,0.8412106421457137,0.018983620933309492,15.084,15.023,15.227,0,16,12,15.076561038196509,15.37305483679856,40.486725663716825,-0.1813593443990058,-0.20481718766135526,16.274661632433233,13.771338367566766,0.03361372399047833,0.031109361168893124,0.04534534182447423,33450081.0,-0.2125174992245257,0,0,-1,0,0,-0.0034223134839150536,1.2713677520719289,0.3242090043043273,0.4938457985938851,-0.0599747474747474,0.08133623819898328,0.829171338378175,0.03492276695768982,0.0
2024-12-17,14.74,14.89,0.024424552007074794,0.022472855852058576,0.016272695759689048,-0.38000450949511017,-0.010124959934727082,15.072999999999999,15.065000000000001,15.213333333333333,1,17,12,15.015368122160778,15.332212589263172,43.67541766109787,-0.19615303852772747,-0.2030843578346297,16.209809798038247,13.920190201961756,0.030153259485856225,0.031247667704984817,0.04535348979496671,32034603.0,-0.5677799064210032,0,0,-1,0,0,0.0020147750167897487,0.026455101560390566,0.32104512527392254,0.4960413467890455,-0.06353240152477768,0.060431654676258884,1.0305329238049121,0.04227272727272733,0.0
2024-12-18,14.5,14.74,-0.010781775603288362,-0.01913618275301924,-0.021828265604291148,0.07243641822249201,-0.016416237334661864,15.035,15.1065,15.170333333333334,2,18,12,14.921664827222454,15.278521454472001,38.388625592417064,-0.22465347650860323,-0.2073981815694244,16.086731444206254,14.126268555793748,0.030546658756054,0.031238837414991016,0.04473546345603491,30512788.0,-1.2374628534613412,0,0,-1,0,0,0.001356852103120731,0.24866940999767811,0.31528199467628715,0.49590117028107644,-0.059052563270603486,0.0607168983174835,0.8780914832872697,0.04482758620689658,0.0
2024-12-19,14.19,14.5,-0.0212264046138853,-0.03525788931277959,-0.03543956985832098,0.2929941442615079,-0.021611158254577493,14.953999999999999,15.116999999999999,15.097333333333333,3,19,12,14.788634858636552,15.208294263860905,34.45945945945945,-0.2691520706359718,-0.2197489593827339,16.04977401787421,14.184225982125787,0.030867372276100338,0.03136157821500556,0.04424552164937917,28472894.0,-1.9876196854467034,0,0,-1,0,0,-0.0034482758620690145,1.3195608953287263,0.25864672776317804,0.4978496200764341,-0.04508748317631228,0.015021459227467782,1.9102530335102892,0.044397463002114224,0.0
2024-12-20,14.34,14.19,-0.03020953295199715,0.0013793105635053473,0.007189103572469256,1.0889591382468122,0.010515343999523127,14.911999999999997,15.085500000000001,15.024333333333335,4,20,12,14.707064884338996,15.152275279095686,36.3238512035011,-0.28898256950344425,-0.23359568140687598,16.07970372793092,14.091296272069084,0.030970135034169972,0.02689941351629651,0.04426048513689843,34533786.0,-1.4996926264830968,0,0,-1,0,0,-0.011980267794221278,3.8994854825121235,0.27926382159904833,0.4270149514656604,-0.01848049281314168,-0.04208416833667339,0.5136822078596819,0.03835425383542531,0.0
2024-12-23,14.49,14.34,0.02326506059918606,0.006868158866511511,0.011041964371226296,-1.3716693450184476,0.01040592116111682,14.777000000000001,15.038,14.953666666666667,0,23,12,14.667598541731905,15.109547841734676,45.47738693467338,-0.28926022451923217,-0.24472859002934721,16.05147967549021,14.02452032450979,0.017274662872742326,0.025929134522957434,0.044309746328817644,36071332.0,-1.0814227719661724,0,0,-1,0,0,0.0006973500697349921,-0.12208213371119073,0.23840894987277347,0.41161224995330864,-0.026863666890530546,-0.06152849740932642,0.2991788738228172,0.03416149068322976,0.0
2024-12-24,14.53,14.49,0.009708814126960903,-0.0006846970483173513,0.017563592065997415,-1.4611936169626603,0.002756721249600506,14.656,14.977,14.869333333333334,1,24,12,14.642580625053377,15.072157658396955,45.61403508771929,-0.28299046449434506,-0.2523809649223468,15.956325224191135,13.997674775808866,0.01765012892610117,0.025406925483370105,0.0439514781741886,36427980.0,-0.9128734540033865,0,0,-1,0,0,0.0,-1.0681292510221374,0.2397642526094957,0.4033224384464809,-0.01424694708276808,-0.07746031746031745,-0.4887204082777239,0.016166551961459028,0.0
2024-12-26,14.71,14.53,-0.005536346321160251,0.014281099565416738,-0.0032632143699426823,1.7119697412365609,0.01231205703115475,14.586000000000002,14.948999999999998,14.786999999999999,3,26,12,14.65483869322549,15.048792648177798,46.419753086419774,-0.260494322429329,-0.25400363642374324,15.925069453956809,13.972930546043187,0.018038391065899575,0.024832569686486894,0.04401001844839698,38403761.0,-0.4897192490373178,0,0,-1,0,0,-0.008258774948382603,0.3046420195790585,0.22386862284366532,0.3942048228307531,0.014482758620689706,-0.036673215455140684,-1.8894263870217334,0.033426240652617255,0.0
2024-12-27,16.9,14.71,0.09272024120994994,0.1536682638788797,0.09275901286602245,0.7817947563469339,0.1387860873156816,14.789999999999997,15.020000000000001,14.887,4,27,12,15.063049839911763,15.168225380553425,67.83333333333331,-0.06519968893189976,-0.21624284692537457,16.313628108928796,13.726371891071206,0.04952036385759857,0.04180492970193217,0.03753254532002536,42721615.0,2.9065540351573755,0,0,-1,0,0,0.07477906186267842,1.9476377318254976,0.9944622262128934,0.6636326854071005,0.19097956307258634,0.0917312661498706,2.2161583883601694,0.09230769230769224,0.0
2024-12-30,16.93,16.9,0.05056564198345556,-0.018703058332127983,0.030713789970808588,-0.6052967726345639,0.0017735742160163237,15.022,15.088000000000003,14.985333333333333,0,30,12,15.40249532356417,15.281888259227397,61.010101010101,0.09094510584736248,-0.15480525637082718,16.623689113275123,13.55231088672488,0.04857571824879382,0.041811455803752784,0.03754479420272906,45078785.0,2.398923042531199,0,0,-1,0,0,-0.01597633136094672,0.37922323553819476,1.011018005035432,0.6637362840617888,0.1806136680613668,0.0873474630700064,2.2064596046659912,0.044300059066745424,0.0
2024-12-31,17.25,16.93,0.027870170303777912,0.02159406930782998,0.044666446985570096,-0.4934500826706958,0.018724947332324843,15.258,15.171000000000001,15.101333333333335,1,31,12,15.73840526473432,15.408863210244986,64.60348162475822,0.23777142533712592,-0.07628992002923657,16.976639119973612,13.365360880026389,0.048573776686556935,0.041915007791046316,0.03736758000669054,46517876.0,2.3027857305510544,0,0,-1,0,0,0.01004134672179573,-0.32647841856235477,0.9996899592655406,0.6653801208986599,0.19047619047619047,0.1064785118665812,2.16637081695791,0.02202898550724632,0.0
2025-01-02,17.73,17.25,0.02426462199963108,0.06048876148065074,0.019872074152001224,0.34971676195704204,0.027445976608747688,15.557000000000002,15.315000000000001,15.229000000000001,3,2,1,16.10051339841899,15.558613970874344,71.80451127819548,0.3883872434520459,0.016645512667019927,17.443369773967145,13.18663022603286,0.04780311583429624,0.04022054878582432,0.03753934158138046,48559465.0,2.269342507621311,0,0,-1,0,0,0.015652173913043455,0.11604328949932995,0.9607786077864457,0.6384814180909921,0.22023399862353754,0.19393939393939408,2.0986823308482725,0.06316976875352495,0.0
2025-01-03,17.6,17.73,0.013042430413179346,-0.007637789448117314,0.014363935557233535,0.04303043984525519,-0.007359218042010359,15.867,15.450999999999999,15.360000000000001,4,3,1,16.373147325979172,15.690316295334064,77.9591836734694,0.4915946537306617,0.11163534087974829,17.79864742264521,13.103352577354785,0.04713599805028073,0.04036768769064524,0.0373621406837872,46428108.0,1.8307689470496518,0,0,-1,0,0,0.0011280315848843528,0.15558702816302622,1.0080473555934686,0.6408171757930236,0.1964649898028552,0.18279569892473124,1.9753716137701571,0.04147727272727275,0.0
2025-01-06,17.43,17.6,0.0028129413766146577,-0.007696574551989153,-0.019004315113735848,-0.13760166462326834,-0.009706042512176643,16.191000000000003,15.5725,15.475,0,6,1,16.56530235761932,15.80255395369961,79.25311203319501,0.5532916885218206,0.19996661040816277,18.06869394489418,13.07630605510582,0.04611402796180248,0.04058683211709535,0.03742332350068431,44570746.0,1.4882657686109755,0,0,-1,0,0,0.011363636363636322,-0.0839186263393614,0.2612273776730008,0.6442959857145808,0.031360946745562224,0.16199999999999992,0.4934806930391475,0.05278255880665529,0.0
2025-01-07,17.48,17.43,-0.02100559776610995,-0.025714105439019336,-0.004078071483378848,-0.2539101036253986,0.002864510695459917,16.505000000000003,15.708499999999997,15.558666666666666,1,7,1,16.731611019870353,15.910776279267377,78.21350762527231,0.5993131067938471,0.27983590968529964,18.312369792200997,13.104630207799,0.04638330500218504,0.0402105733105616,0.03549856220438256,46011616.0,1.3606671157720145,0,0,-1,0,0,0.0,-0.4464373796301312,0.26014663631693374,0.6383230623304631,0.03248670998228009,0.1842818428184283,0.43787805998858786,0.030320366132723178,0.0
2025-01-08,18.25,17.48,-0.015611765472113315,0.03723141112354777,-0.007171009357305519,0.05874989589411337,0.04310770980111111,16.881,15.829000000000002,15.652333333333335,2,8,1,17.007681743530288,16.06169393866948,83.68522072936659,0.6899644959608899,0.36186162694041774,18.670688897376646,12.987311102623359,0.04675908922770532,0.03825229156631634,0.03588677885575764,47539673.0,1.7039162888203472,0,0,-1,0,0,-0.018306636155606425,-0.3650526856707017,0.37253659534840433,0.6072363033768386,0.05797101449275366,0.15214646464646475,0.6998808096498749,0.07245479452054786,0.0
2025-01-10,18.76,18.25,0.0416608034608116,0.029039753081097366,0.0449761986990207,0.2475296381320061,0.027561863549578274,17.304,15.98,15.752666666666668,4,10,1,17.326285062888417,16.235778200690806,88.86861313868611,0.7938085815366556,0.44825101785966537,19.10827512587334,12.85172487412666,0.0461475378951861,0.03835600939972263,0.0360203478012553,49496896.0,1.777337278941468,0,0,-1,0,0,-0.019726027397260242,-0.031186793450658803,0.37286526448978013,0.6088827729391315,0.05809362662154549,0.19186785260482853,0.6960262493049246,0.057569296375266615,0.0
2025-01-13,20.3,18.76,0.08617256804907325,0.0828515267639035,0.05575214163519513,0.46724695312986897,0.07889394246966294,17.863,16.2245,15.920333333333334,0,13,1,17.866960505999614,16.497986058710755,95.52906110283159,0.9889706590500147,0.5563949460977353,19.884407821674994,12.564592178325004,0.04891574830886157,0.0408906847392031,0.03785814244047729,52619832.0,2.2271052707195262,0,0,-1,0,0,0.039445628997867715,0.8554571764024413,0.5735975814326608,0.6491194965544527,0.15340909090909083,0.31732641142115514,0.6202787187419684,0.08325123152709366,0.0
2025-01-14,20.04,20.3,0.04854593410349692,0.011157040303325736,0.061343630241051994,-0.1518577677336955,-0.012890609831077673,18.177,16.4835,16.072333333333333,1,14,1,18.262058595817866,16.72650308718103,91.7888563049853,1.109864358992958,0.6670888286767799,20.456579277760298,12.5104207222397,0.029493036213891634,0.03971194048056466,0.03808194493514891,49936885.0,1.7902990357669721,0,0,-1,0,0,0.008374384236453111,0.44200430987883965,0.5873958431971112,0.6304075115482376,0.14974182444061968,0.3485868102288021,0.5339844704043133,0.03642714570858286,0.0
2025-01-15,20.75,20.04,-0.009325220950215662,0.0019277114403327027,0.002496880198587146,-0.5993865998670549,0.03481597046004325,18.559,16.7905,16.245,2,15,1,18.714411578396433,16.986083533169353,92.41192411924116,1.2485717950281092,0.7833854219470459,21.089545059202386,12.491454940797617,0.029410983684067728,0.03917017798590633,0.03837099939452154,51410221.0,1.842036985178572,0,0,-1,0,0,0.011976047904191716,-0.5726946590984038,0.540334072515048,0.6218072985650702,0.187070938215103,0.4202600958247775,-0.09727302346384216,0.03469879518072284,0.0
2025-01-16,20.62,20.75,0.021946747724705864,0.0004813477830604624,-0.00550138921888589,0.5183596016985954,-0.006284768087893432,18.896,17.077,16.412666666666667,3,16,1,19.06088220050617,17.220529756835848,90.76305220883533,1.3326466033744175,0.8932376582325203,21.600622674943494,12.553377325056509,0.03065440100948348,0.03955417084883649,0.03845679313809436,48936091.0,1.5664436468694896,0,0,-1,0,0,-0.0009638554216867265,0.23726999792839915,0.6036077399689186,0.6279029962882917,0.1298630136986303,0.3848220282068502,0.7412097117189546,0.04073714839961202,0.0
2025-01-17,21.0,20.62,-0.0009652510401954202,0.013859242145016226,0.021335465705022143,0.16447556108992625,0.018260959134609112,19.223,17.39,16.617666666666665,4,17,1,19.41344907314141,17.464366546717407,91.00391134289438,1.413643714148595,0.9973188694157353,22.09540562600748,12.684594373992521,0.030477352843890353,0.039033340820287796,0.03690949761778181,51852533.0,1.5344054421353133,0,0,-1,0,0,0.004364694471386996,0.5420337088035587,0.6047385836756212,0.6196350759030447,0.11940298507462677,0.4246947082767978,0.9845641840118682,0.0333333333333333,0.0
2025-01-21,21.48,21.0,0.02196840973928107,0.027617013756746956,0.03473576425196866,-0.26458652570662,0.022599831917240992,19.611,17.739,16.837666666666667,1,21,1,19.78918560529752,17.72343967273564,88.4228187919463,1.4992836873859297,1.0977118330097742,22.57546195172938,12.902538048270623,0.0292161823317043,0.03816755923635697,0.036906604928761334,54090970.0,1.5469986272350709,0,0,-1,0,0,0.008095238095238176,-0.04938621524320777,0.32300449697619255,0.6058912193383613,0.058128078817734075,0.4813793103448276,-0.2280744056141777,0.026536312849162025,0.0
2025-01-22,21.15,21.48,0.006591360963751857,-0.0025424721889480933,-0.008571481050141057,-0.1505547879978171,-0.0154823641483771,19.982999999999997,18.087,17.042666666666666,2,22,1,20.036606404334332,17.944508080946243,83.7060702875399,1.5229698922028057,1.1827634448483804,22.849273229854525,13.324726770145476,0.029917544407954605,0.03784253764802033,0.03725937654419737,52165398.0,1.2863604636534332,0,0,-1,0,0,-0.00791433891992559,-0.30590620669229296,0.3354047110216701,0.6007316615775655,0.0553892215568863,0.4904862579281184,-0.3050896029977304,0.03286052009456266,0.0
2025-01-23,22.02,21.15,-0.008009465668434159,0.02446115789659444,0.008571481050140963,-0.03081146905861014,0.04031122580224688,20.437,18.470999999999997,17.284666666666666,3,23,1,20.39722342172809,18.20744304346584,85.02202643171803,1.5935733872336613,1.2649254333254365,23.19954222556454,13.742457774435454,0.02994100066696691,0.03802482498660786,0.037230891798404074,54032545.0,1.5010968838609822,0,0,-1,0,0,-0.00047281323877059156,-0.2668989658412417,0.3628868112124701,0.603625383367916,0.06120481927710841,0.5355648535564854,-0.045313125928372146,0.0476839237057221,0.0
2025-01-24,22.09,22.02,0.03577617316528365,0.018349138668196617,0.025051058327259904,-0.05742418959801574,0.0031738861374920034,20.821,18.851,17.493,4,24,1,20.70500098141389,18.45793058904869,84.06249999999997,1.6363131809218388,1.339202982844717,23.452294554682062,14.249705445317936,0.029650144257193686,0.03817887973031027,0.03555413543986106,55795493.0,1.4078646613502044,0,0,-1,0,0,-0.004995458673932762,-0.4136129064517725,0.33802219013160906,0.6060709266086743,0.07129000969932098,0.5244996549344376,-0.26240363311567666,0.04187415119963788,0.0
2025-01-27,22.95,22.09,0.021671277003288244,0.018453950752319464,0.022179942051411952,0.250647834954959,0.03819291907452832,21.240000000000002,19.272,17.733333333333334,0,27,1,21.113182621156817,18.747741518787485,87.5175315568022,1.7197553192140376,1.4153134501185811,23.747724463557105,14.79627553644289,0.030189771615466477,0.03807840039515457,0.035721811124272626,58060630.0,1.6435328090223358,0,0,-1,0,0,0.013580805794477171,0.11123790743717765,0.38309856898032074,0.6044758666123358,0.09285714285714275,0.5794907088781831,-0.5857340806914048,0.037472766884531564,0.0
2025-01-28,23.59,22.95,0.02383166625914967,0.030019406824885752,0.03073054109104013,-0.1880702407760108,0.027504956913029475,21.569,19.716,18.006000000000004,1,28,1,21.56351305367376,19.06014529176894,90.52631578947366,1.8165859937254254,1.4955679588399502,24.045654902985532,15.38634509701447,0.021598949563301977,0.03799234089489794,0.03521901613650645,59937424.0,1.7895190664404532,0,0,-1,0,0,-0.0008714596949890882,-0.44593706190707827,0.3886178680789782,0.6031097143985346,0.09823091247672244,0.6036709721278042,-0.7434592287255868,0.03688003391267491,0.0
2025-01-29,23.25,23.59,0.019862483726274586,0.001688476551421536,0.015234244571847987,-0.08247360351838495,-0.014517761386218285,21.89,20.033499999999997,18.285666666666668,2,29,1,21.87014704391489,19.33045849875159,86.56527249683141,1.8446261404938866,1.5653795951707377,24.424549628745325,15.642450371254668,0.02183602665068789,0.02528605310111034,0.03436985433918202,58209205.0,1.4650255733588993,0,0,-1,0,0,-0.00847816871555741,-0.6835598718925149,0.38332314225974023,0.4014036488634693,0.09929078014184411,0.37573964497041423,-0.7162781441181372,0.02408602150537644,0.0
2025-01-30,23.54,23.25,-0.0025684945627491187,-0.0008438819066200411,0.0034497662500747135,0.06706939132458639,0.012395969798765321,22.169,20.363999999999997,18.583333333333332,3,30,1,22.173756672294,19.60204182141278,85.6950067476383,1.8687074390675384,1.626045163950098,24.766522721779936,15.961477278220059,0.020644981729704404,0.025073251956050674,0.03382964244656554,60057310.0,1.4428091349933778,0,0,-1,0,0,0.00344086021505369,-0.3816742168091337,0.3311264054127442,0.3980255354122433,0.06902815622161662,0.3904311872415829,-0.18384001178483347,0.019541206457094343,0.0
2025-01-31,23.17,23.54,0.011506625998225809,0.0,-0.012998449912504748,-0.14951523944302306,-0.015842763387845717,22.424,20.66,18.859333333333332,4,31,1,22.354891822786,19.832232671644217,80.33012379642366,1.836763072547555,1.6681887456695894,24.976182523822004,16.343817476177996,0.021803170652685725,0.026102276419211676,0.03433232114913879,58465860.0,1.1630648083795043,0,0,-1,0,0,0.0025488530161428325,-0.9574996690747505,0.39048954965920557,0.41436079234739787,0.048890900860117714,0.3431884057971015,-0.010816378060442796,0.032801035822183924,0.0
2025-02-03,23.6,23.17,-0.03185805366489991,-0.0033826670732725853,-0.009200503016862467,-0.3219817355200389,0.018388373587279568,22.684,20.953500000000002,19.154666666666667,0,3,2,22.581275127734003,20.075314434763946,76.78571428571429,1.8251056563561399,1.6995721278068996,25.228904689986315,16.67809531001369,0.02180750018143976,0.025947710656350872,0.03399652460739521,59619202.0,1.2380114594524958,0,0,-1,0,0,-0.01337936987483825,-1.6609062052661754,0.3141694099801106,0.41190713692898984,0.028322440087146017,0.3310772701635647,-0.26195273544523523,0.037711864406779684,0.0
2025-02-04,23.45,23.6,0.03143423505291913,0.008435309401349898,0.020044244058655104,-0.054061537321434136,-0.006376217139276109,22.881,21.246000000000002,19.453,1,4,2,22.739225104509636,20.293036084134016,78.18181818181819,1.7832076162476937,1.7162992254950586,25.352505237200717,17.139494762799288,0.02213860721998501,0.02590493741482493,0.03371522521515073,58526556.0,1.0734188185292073,0,0,-1,0,0,-0.00042372881355938827,-1.5637379103726383,0.24964229205281246,0.4112281327699154,-0.005934718100890191,0.33238636363636354,0.47598260610831067,0.026865671641791003,0.0
2025-02-05,22.72,23.45,-0.017533055507978058,-0.026815822587165725,-0.04364810096710297,0.43067592237821,-0.03162490103933782,23.038,21.5105,19.737333333333332,2,5,2,22.735729630962425,20.44961440128666,66.22734761120262,1.6718264438977997,1.7074046691756068,25.2468842640205,17.7741157359795,0.02450408389160719,0.027373550428462134,0.03413901727802043,56845742.0,0.6474173503228106,0,0,-1,0,0,-0.011513859275053287,-0.4598047020456727,0.3232134671986115,0.4345416416075783,-0.02279569892473121,0.3034997131382673,-0.1717564888659617,0.043573943661971766,0.0
2025-02-06,21.83,22.72,-0.015652493477676003,-0.014338720571391865,-0.026948422254383195,0.18076763018266498,-0.03996042329109809,23.019,21.728,19.987000000000002,3,6,2,22.571051516241983,20.538671536687524,58.857979502196166,1.4945126884225495,1.6648262730249956,24.947144050994233,18.50885594900577,0.025383449201347358,0.02975850170205422,0.03560563410573592,54831897.0,0.06337088268447888,0,0,-1,0,0,0.004401408450704288,0.10114159848475462,0.3589901539905021,0.47240156936116684,-0.07264231096006801,0.24885583524027455,0.672511690809526,0.05726065048098947,0.0
2025-02-07,21.92,21.83,-0.045268764220391985,-0.024364438874140713,-0.001853568649323055,-0.25706787663492864,0.004114291517962325,23.002,21.911499999999997,20.23466666666667,4,7,2,22.452678513288895,20.627789502062523,57.033639143730895,1.3457396584812855,1.6010089501162537,24.683185977504234,19.13981402249576,0.025400711644356172,0.028789552987900573,0.03565034755232254,56389235.0,0.006133450952953101,0,0,-1,0,0,-0.000916170407695812,-0.7604552422701879,0.38252880815760265,0.4570199853762087,-0.053949072075960336,0.201095890410959,-0.07619148740332647,0.03375912408759133,0.0
2025-02-10,22.35,21.92,0.01003658060071414,0.008928630744301398,0.009693129205659751,0.14962542579070645,0.019426858979763147,22.942,22.091,20.495333333333335,0,10,2,22.434009692690914,20.738899856768167,56.70261941448383,1.2481455221058653,1.5304362645141762,24.43538096419119,19.746619035808813,0.02265685585850646,0.028569483714281498,0.03559212855906106,58197926.0,0.22095385004062704,0,0,-1,0,0,0.005018248175182456,-0.2729096391934584,0.3876841368201511,0.4535264939609925,-0.052966101694915224,0.19136460554370993,-0.03541610098197293,0.032662192393736036,0.0
2025-02-11,22.39,22.35,0.03172032750813811,0.014560151331329652,0.024502133197984957,-0.19435692971398053,0.001788109551085514,22.822,22.1955,20.751333333333335,1,11,2,22.426007930383474,20.845422446654094,60.000000000000014,1.1606498822435753,1.4564789880600562,24.38494333227923,20.006056667720767,0.02014247945039423,0.022853720148882904,0.03567184200730839,59687137.0,0.1776707322198881,0,0,-1,0,0,0.017449664429530068,-0.8243696083078418,0.39746996726010353,0.3627915602796612,-0.04520255863539435,0.1029556650246306,-0.31048497491663557,0.023224653863331824,0.0
2025-02-12,22.02,22.39,-0.01685184003549147,-0.015004694570479857,-0.01809185483706593,-0.18620024661756987,-0.01666329931612959,22.699,22.2945,20.922000000000004,2,12,2,22.352188306677387,20.921201643644157,50.0,1.049356718451257,1.3750545341382965,24.238911424949073,20.350088575050925,0.020262612449326395,0.023022031938931035,0.025566647855726963,58450932.0,-0.28234765181673316,0,0,-1,0,0,-0.001339883876730734,-1.2696223337502965,0.3576665949261378,0.365463427114786,-0.03080985915492951,0.0988023952095809,-0.6974124766365078,0.026339691189827354,0.0
2025-02-13,21.95,22.02,-0.012601426878003932,-0.008932618573446814,-0.001827318918698658,-0.0649598453029038,-0.0031839917733535394,22.54,22.3545,21.089333333333332,3,13,2,22.27906316000877,20.987575731150983,48.7719298245614,0.9446186930475697,1.2889673659201513,24.16788270701583,20.541117292984172,0.019325691590919295,0.02192647177974497,0.025631979245770594,57292478.0,-0.4461275586615276,0,0,-1,0,0,0.0027247956403269173,-1.3560296767529738,0.20719444626102268,0.348071948749686,0.005497022446175004,0.05783132530120483,0.12935833425902493,0.01913439635535299,0.0
2025-02-14,22.36,21.95,-0.0009062075835380977,0.01159691855090984,0.002283627391138315,-0.1954198260557113,0.0185065087657181,22.459,22.441499999999998,21.259666666666664,4,14,2,22.293778949098087,21.07611923236705,44.38095238095239,0.884500653850413,1.2080740235062037,24.061107164845794,20.821892835154202,0.02058213685919206,0.02207805456446194,0.025629048614987434,58245294.0,-0.10064168863782236,0,0,-1,0,0,0.005011389521640065,-1.6170168375857505,0.2429668876177329,0.3504782508580845,0.02007299270072993,0.08438409311348205,-0.2638639341512579,0.028175313059033945,0.0
2025-02-18,22.79,22.36,0.013507634461542002,0.018889206471922246,0.013143175826521322,0.4748520552212288,0.01904819497069441,22.378,22.531,21.42833333333333,1,18,2,22.38400095835298,21.18669218511756,42.063492063492056,0.8616218407603249,1.138783586957028,24.00663937970838,21.05536062029162,0.02066262475602409,0.022105798952497195,0.02545878965010752,59777209.0,0.3510342751237566,0,0,-1,0,0,0.0,-0.2881725450728287,0.24142193489144645,0.35091867936419824,0.019686800894854528,0.08523809523809511,-0.27589344589412335,0.03378674857393592,0.0
2025-02-19,23.69,22.79,0.03385682795644938,0.047172544206170446,0.035168945701095695,0.37166225605657616,0.038731174913101386,22.402,22.6415,21.631333333333334,2,19,2,22.62145532956153,21.348195915109976,53.92857142857144,0.9056726642280886,1.09216140241124,24.11674520709317,21.16625479290683,0.024615567502104127,0.023128772919563324,0.025873185120796314,61998705.0,1.421458608994189,0,0,-1,0,0,0.014918824045634044,1.57664429157258,0.3455827424019721,0.3671578876514992,0.058061634658329586,0.10288640595903176,-0.1064122244854674,0.04579991557619252,0.0
2025-02-20,23.88,23.69,0.018844240704692084,-0.004993768180487026,-0.006760466267218144,-0.5228229014441387,0.007988270353707165,22.518,22.778,21.846333333333334,3,20,2,22.850281633277618,21.51153811413514,53.090909090909086,0.945021056811342,1.0627333332912605,24.17531471796848,21.380685282031518,0.021843167593138587,0.022622089318473836,0.02560348634926349,63315707.0,1.5773110893760118,0,0,-1,0,0,-0.005065428450823174,-0.7852769693542063,0.25099091692526265,0.35911453484023453,0.08446866485013627,0.12907801418439724,0.43302267045156473,0.046901172529313126,0.0
2025-02-21,23.2,23.88,0.016828331498253156,0.013339912998972173,0.012611604425316796,-0.05779392675428763,-0.02888900985213704,22.655,22.837,22.037,4,21,2,22.913866790863505,21.620471139029647,50.25817555938037,0.9108350845411124,1.032353683541231,24.198749648526427,21.475250351473573,0.019572225658059224,0.02233871606507909,0.02656249269218557,62072662.0,0.5331376444896577,0,0,-1,0,0,0.003768844221105522,-0.892892216422942,0.39725151749305987,0.35461612390009584,0.056947608200455635,0.0535876475930972,-1.0722813073969204,0.04965086206896542,0.0
2025-02-24,23.03,23.2,-0.03135850166397513,-0.031017140982838306,-0.016997576368571136,0.42655519850896756,-0.007354564839670332,22.766000000000002,22.884,22.19633333333333,0,24,2,22.934981919797412,21.7114084848987,44.86486486486487,0.8601100625682427,0.9979049593466335,24.201356204076838,21.566643795923163,0.02004157260845487,0.02245382685713905,0.025927907274237615,60168353.0,0.2216560707698843,0,0,-1,0,0,0.001293103448275911,0.8475934159356991,0.4098886720916903,0.35644345107415776,0.029964221824686943,0.042553191489361764,-0.11997867424711743,0.034737299174989175,0.0
2025-02-25,22.98,23.03,-0.006044923415913858,-0.004042128682005514,0.00043946386117092544,-0.27444364470992316,-0.002173441411984282,22.829,22.8855,22.337,1,25,2,22.94316702528879,21.79325309877621,45.688073394495426,0.8065778081727686,0.9596395291118606,24.20324088979217,21.56775911020783,0.019468025014478692,0.020742814348505247,0.025715369788937636,58721088.0,0.14342728639908,0,0,-1,0,0,0.00260529743812413,-0.2776869192260814,0.39486916129708083,0.32928196954636296,0.008336989907854475,0.0013071895424836555,0.6609325663332344,0.03024369016536104,0.0
2025-02-26,23.0,22.98,-0.017475324574653596,-0.0032027357364989737,-0.0035211303985789363,-0.13167966141457843,0.0008699435085400354,22.89,22.856,22.427000000000003,2,26,2,22.953500293418102,21.87110773756484,52.953586497890306,0.7570402549207849,0.9191196742736455,24.13312506085008,21.578874939149923,0.019476299350656246,0.019703335929249624,0.021473877624545286,59989792.0,0.22550649801539263,0,0,-1,0,0,-0.012619669277632686,-0.7178888860039772,0.21955969600009848,0.3127807612029495,-0.029126213592233108,-0.025010597710894422,-1.3607149623237709,0.030434782608695622,0.0
2025-02-27,22.88,23.0,0.014873415040843482,0.015701574436728007,0.006591981682152742,0.6631868723340789,-0.005231049417552556,22.976,22.8375,22.521666666666665,3,27,2,22.940136603705717,21.936197560947758,63.22418136020151,0.7000288926302431,0.8753015179449651,24.101243395005387,21.57375660499461,0.018530988352367512,0.019481902995818198,0.0213082964022907,57527278.0,0.06726049001398614,0,0,-1,0,0,0.0013043478260870058,2.2929376129491525,0.18427953607966427,0.30926562235931504,-0.041876046901172526,-0.015913978494623726,-1.841941712448981,0.040209790209790285,0.0
2025-02-28,22.53,22.88,0.14223203385535407,0.11932570477937758,-0.05584521601498806,0.7438025695708746,-0.015415412067443986,23.034,22.787,22.581,4,28,2,22.86556631212286,21.974507395725322,57.21040189125296,0.6194641057344619,0.8241340355028646,24.012691641481943,21.561308358518055,0.01942662774108527,0.019489161380628593,0.020787627087081897,52346344.0,-0.41935506664509425,0,0,-1,0,0,0.16040209790209797,3.8289816726704706,0.09738204353477165,0.3093808456460849,-0.02887931034482749,-0.04290569243840259,-0.9069644133032522,0.22947181535730143,0.0
2025-03-03,22.0,22.53,-0.17399473924350672,-0.15577132469983387,0.003698571021551808,-0.3472257973293537,-0.023805301085837255,22.997999999999998,22.7285,22.627,0,3,3,22.70819061900961,21.976152079872076,45.958429561200916,0.5070049239131542,0.7607082131849225,23.988429404872303,21.468570595127698,0.020159343204137224,0.01985292543166073,0.021284490988628526,48685259.0,-1.1564139977728924,0,0,-1,0,0,-0.009764758100310803,1.8363218082457278,0.1605110804658409,0.3151554209357036,-0.04472427268779855,-0.050496331463098953,-0.7642608379071355,0.05590909090909077,0.0
2025-03-04,21.56,22.0,-0.029106192896173343,-0.04739375968348965,-0.03600742260679651,-0.37869267674774765,-0.020202707317519466,22.875,22.6265,22.645666666666664,1,4,3,22.499428688280588,21.949303558590007,41.226215644820286,0.37801832933620005,0.684170236415178,23.919237202095985,21.333762797904015,0.019496077437593115,0.01958088538791479,0.021441126483300144,46178309.0,-1.649987326536017,0,0,-1,0,0,-0.014999999999999923,0.6192745393286179,0.1621454202803558,0.31083691912128625,-0.06179286335944312,-0.08644067796610178,0.45364608951701174,0.043432282003710534,0.0
2025-03-05,21.69,21.56,-0.0013853615699869753,0.0059347355198145265,0.021832676154516974,-0.26670262704413616,0.0060115787979866265,22.675,22.5385,22.65266666666667,2,5,3,22.352259835865937,21.93257429674549,46.325167037861945,0.28302292527350303,0.603940774186843,23.834815020192895,21.242184979807103,0.012591038693103514,0.019708806009704666,0.02106917418027841,48098384.0,-1.309095376945857,0,0,-1,0,0,0.0037105751391466536,-0.008190434905382196,0.1908177703735641,0.31286759603816283,-0.05695652173913035,-0.07505330490405104,0.8165955748153847,0.02789303826648227,0.0
2025-03-06,21.05,21.69,-0.006490518844663629,-0.015134432418237946,-0.018661224182159673,-0.20147272179382097,-0.029950764710392593,22.392000000000003,22.455000000000002,22.64933333333333,3,6,3,22.11548532025395,21.875634019536104,41.10671936758895,0.15431686311299941,0.5140159919720743,23.907786795673402,21.0022132043266,0.012643113648575992,0.01959293110560204,0.021589082376008168,46528673.0,-1.9342136150800429,0,0,-1,0,0,-0.00875979714153994,-0.3580005046988646,0.2158857755807368,0.31102813896146875,-0.07998251748251739,-0.07350352112676051,1.4508804625889347,0.03182897862232787,0.0
2025-03-07,20.8,21.05,-0.026391729691226284,-0.013023439886286736,-0.018773114507925112,-0.044727995162052434,-0.011947573421118175,22.152,22.4035,22.608666666666668,4,7,3,21.876306171116866,21.806238276340228,34.08163265306125,0.0317771635500641,0.41756822628767226,24.01403472649985,20.79296527350015,0.011328355791785615,0.01786073136861697,0.02023904171207173,45027625.0,-1.9912641107526583,0,0,-1,0,0,-0.005225653206650804,-0.399960750007342,0.21839746698198345,0.2835303206105449,-0.076786506879716,-0.04718277599633525,1.1676538437399935,0.037500000000000054,0.0
2025-03-10,19.82,20.8,-0.02563622862063747,-0.038172573505029714,-0.052112001898869574,0.4331303832771532,-0.04826145780543042,21.831,22.2985,22.533,0,10,3,21.50243232182289,21.67809387141505,22.75229357798169,-0.142768494666484,0.30550088209684106,24.274186689416027,20.322813310583975,0.015997442070503732,0.020392012211906677,0.021840602089908862,42712893.0,-2.509001061026125,0,0,-1,0,0,-0.018750000000000027,0.38351561517937954,0.31429301307974467,0.3237131582693834,-0.09909090909090912,-0.09580291970802923,-0.0161087130487126,0.05171543895055492,0.0
2025-03-11,19.95,19.82,-0.02782096968855397,-0.021881635185212855,0.0002559181076027514,-0.3372212862768403,0.006537614434030517,21.528,22.1785,22.433,1,11,3,21.220171899673275,21.566603944226983,10.042735042735018,-0.2675234292274027,0.1908960198319923,24.415304817026403,19.941695182973596,0.016970647865132304,0.019767775430132774,0.020432501247957657,44365035.0,-1.9925743927559634,0,0,-1,0,0,0.0015136226034309353,-0.2769711064466092,0.36875973464376244,0.31380370656662515,-0.07467532467532467,-0.10738255033557054,-0.5201031139646581,0.028822055137844575,0.0
2025-03-12,20.03,19.95,0.009027142544527396,0.003721626922994794,0.006630985786331204,0.15905123607482613,0.004002006341854466,21.231,22.060499999999998,22.31433333333333,2,12,3,21.003777008823587,21.467468205889762,7.877461706783436,-0.35583543289505215,0.08154972928658343,24.49094267139676,19.630057328603236,0.017300276106886385,0.01981690858398191,0.019576330837758733,46302003.0,-1.670889030954249,0,0,-1,0,0,0.004010025062656734,-0.012564583726692714,0.361650998808279,0.3145836712039037,-0.07653296449976943,-0.10540419830281378,-0.5499255107563776,0.025961058412381405,0.0
2025-03-13,19.84,20.03,0.0024931451458014954,0.002473412094518437,0.006587305299521876,-0.03471816253825883,-0.00953104782100019,20.927,21.951500000000003,22.200666666666667,3,13,3,20.79218118903748,21.362470257122684,8.823529411764767,-0.43612733966719475,-0.02198568450417221,24.577277278405077,19.32572272159493,0.017122387036246595,0.019670252654342458,0.019517402558461152,44431129.0,-1.608285681626852,0,0,-1,0,0,0.0024962556165749952,-0.11329753179375102,0.34040647244392813,0.3122555804951898,-0.05748218527315918,-0.09900090826521346,-1.4830782922235677,0.022177419354838596,0.0
2025-03-14,20.36,19.84,-0.004992521603120871,0.019085482663895714,-0.0035416176659655413,-0.14844320310135406,0.025872089825595183,20.71,21.872,22.09466666666667,4,14,3,20.713602791030663,21.297794756663155,19.864559819413117,-0.4525825106178267,-0.10810504972690312,24.592538646355663,19.151461353644336,0.021299861112068955,0.020875373425954646,0.020096140857598133,46043914.0,-1.1115445847648022,0,0,-1,0,0,0.007056451612903254,-0.4082298476725486,0.43309355514036424,0.3313862796640945,-0.02115384615384619,-0.07243735763097947,-1.0540280065125294,0.04420432220039286,0.0
2025-03-17,20.91,20.36,0.016381602371885764,0.014389429924680291,0.027001640429384577,0.004893805371785515,0.026655321758220163,20.601,21.799500000000002,22.019333333333336,0,17,3,20.749311374479632,21.27277574010424,29.006085192697796,-0.41644245924732104,-0.1697725316309867,24.542471688554123,19.05652831144588,0.02357428840066061,0.02141852022416234,0.020785674407894746,47664611.0,-0.6485666649143403,0,0,-1,0,0,-0.002455795677799642,-0.4475970450600489,0.24795849249607688,0.3400084677848458,0.054994954591321976,-0.06484794275491945,-0.10881412630110986,0.03151602104256331,0.0
2025-03-18,21.21,20.91,0.024320264813249833,0.016114856524567324,0.011282925680453922,-0.12890977844104604,0.014245255136048924,20.566,21.7205,21.939666666666668,1,18,3,20.83307294275606,21.26872569235558,32.821497120921336,-0.35945019724196925,-0.2077080647531832,24.43421157758424,19.006788422415763,0.02361835421014302,0.021176677078923997,0.020647384864835812,49089290.0,-0.3762374780111677,0,0,-1,0,0,-0.00478240076518419,-0.6501277942141573,0.24559836540309718,0.3361693268733278,0.06315789473684208,-0.06932865291794643,-0.603777964426851,0.03625648279113618,0.0
2025-03-19,21.71,21.21,0.01715144474123089,0.022363144002285295,0.015676479385007398,-0.0999238785534811,0.023300215313609395,20.568,21.6215,21.881666666666664,2,19,3,20.992514225891323,21.29719500252619,39.53488372093026,-0.2708158016851634,-0.22032961213957925,24.172258607489777,19.070741392510225,0.02484954912216544,0.019730741850127655,0.0212122743611258,50378491.0,0.06939112132378021,0,0,-1,0,0,-0.0018859028760018456,-0.7348838130310107,0.24265271190877036,0.3132158167095134,0.08387418871692454,-0.08357956943858169,-1.7095558964822681,0.042657761400276446,0.0
2025-03-20,21.68,21.71,0.014537184493890154,0.014152256290663282,0.031020904111294028,0.14099474027657644,-0.0013828073187550686,20.631,21.5115,21.846999999999998,3,20,3,21.117511639365627,21.321892099137404,41.935483870967744,-0.20067984161433117,-0.21639965803452962,23.831475272100306,19.191524727899697,0.02257995401199275,0.019536102470459525,0.020503898636584875,48894081.0,0.14526016895641547,0,0,-1,0,0,-0.010594196222938758,-0.5407528241319202,0.18928336378018543,0.31012601234586284,0.092741935483871,-0.09212730318257956,-1.423036380404391,0.0267527675276752,0.0
2025-03-21,21.86,21.68,-0.0009315324381114966,-0.0009070295406426149,-0.0070077371574048,1.2386218955231076,0.008268306176947095,20.737000000000002,21.4445,21.848000000000003,4,21,3,21.252509523117332,21.356608737902732,48.57723577235772,-0.12908409122704612,-0.19893654467303296,23.63281802749799,19.256181972502013,0.02197800592250729,0.01889463621671517,0.019280143106031933,54016564.0,0.3797437070653388,0,0,-1,0,0,-0.010147601476014708,2.542311783928269,0.1826446546948044,0.29994305125477594,0.07367387033398831,-0.057758620689655205,-0.36453974518757565,0.03247941445562676,0.0
2025-03-24,22.05,21.86,0.03164675928859218,0.012624153228396407,0.027284929596555808,-1.232677633023234,0.008654119144462557,20.96,21.3955,21.85233333333333,0,24,3,21.397507791641452,21.40134365803804,55.24625267665954,-0.05636281566746959,-0.1704217988719203,23.475545293028887,19.31545470697111,0.012068210561872227,0.019031617823765806,0.019329965866164187,55509824.0,0.6293132194702761,0,0,-1,0,0,0.013266239707227775,-0.5791567908874263,0.14522970025179507,0.3021175668534517,0.05451936872309893,-0.042553191489361764,0.2121961561352804,0.018140589569160932,0.0
2025-03-25,21.49,22.05,-0.003165275082250103,-0.008097210232619362,-0.01981175142539579,-0.3657026195250513,-0.025724891238436045,21.113999999999997,21.321,21.823666666666668,1,25,3,21.41432455679755,21.407063422035588,48.03921568627449,-0.043417510705779705,-0.14502094123869216,23.264333002316835,19.377666997683168,0.016666200455804213,0.01973819579142716,0.019531128464523758,54473936.0,0.17392798845953397,0,0,-1,0,0,0.0013605442176869652,-0.9409480948377862,0.2871795000992891,0.31333414435930795,0.013201320132013139,-0.06483899042645791,-0.914182357950117,0.03024662633783165,0.0
2025-03-26,21.84,21.49,-0.024760549680651996,-0.010442773673115704,-0.006067696562424988,0.14391089907649515,0.016155440222285208,21.294999999999998,21.263,21.805333333333333,2,26,3,21.491720091925266,21.434994814162327,58.212058212058196,-0.004860163391569472,-0.11698878566926763,23.058996717849272,19.46700328215073,0.01682472611040335,0.020199488356385156,0.019783364531050694,55670160.0,0.6425401497291858,0,0,-1,0,0,0.002326663564448614,-0.8000342866357575,0.2569740795944676,0.3206569368104398,0.0059880239520957446,-0.050434782608695605,-1.4669723942828525,0.025183150183150215,0.0
2025-03-27,22.31,21.84,0.017487790351572382,0.02434746058088821,0.01579224645441976,0.02568500037178453,0.02129185756773678,21.541999999999998,21.2345,21.814999999999998,3,27,3,21.640498257029762,21.491446761635725,65.00994035785283,0.06289684847445187,-0.08101165884052373,22.938173739459923,19.530826260540078,0.015909260340515465,0.020875903862224855,0.019948604973573914,56897507.0,1.2625656838978334,0,0,-1,0,0,0.0036630036630037476,-0.7127513612483521,0.29108483297550464,0.3313947000788386,0.02905904059040587,-0.024912587412587395,-1.7307995518818107,0.033617212012550426,0.0
2025-03-28,21.9,22.31,0.014493007302566606,-0.007915431618915829,-0.0004609357076307548,0.04422845646653691,-0.01854837162198604,21.696,21.203,21.813333333333333,4,28,3,21.687680392115258,21.517805035078585,73.31838565022416,0.08255950052361882,-0.04829742696769522,22.827264691936854,19.578735308063145,0.017614962794286704,0.020997535494776343,0.02023952455704592,55614658.0,0.858234502615286,0,0,-1,0,0,-0.0031376064545047193,-0.6281499955138721,0.33535816841818306,0.33332554238657874,0.0018298261665141702,-0.02796271637816261,-0.46682809232145567,0.026621004566209975,0.0
2025-03-31,22.34,21.9,-0.0049583153194233615,0.02294666068824537,0.01931434603647837,0.4197864709253631,0.019892156818599578,21.839000000000002,21.22,21.812666666666665,0,31,3,21.80628395718521,21.57084987152513,75.05241090146745,0.13212357833395316,-0.012213225907365542,22.885968976775374,19.554031023224624,0.01688182205216779,0.02082179263192852,0.020285770639794358,57566688.0,1.3445628527463418,0,0,-1,0,0,0.010502283105022851,0.1748085022023901,0.36154726841719215,0.33053571092783945,0.013151927437641708,0.015454545454545388,-0.6308493241904835,0.030304386750223795,0.0
2025-04-01,23.09,22.34,0.017469649208531415,0.018692133012152546,0.00976539497680506,-0.2655884645234058,0.03302082972534928,22.027,21.2965,21.82266666666667,1,1,4,22.039686874060628,21.668859557233187,78.12499999999994,0.22927921105334548,0.03608526148477667,23.157323530194454,19.43567646980555,0.018824053257164707,0.021418806245108685,0.020909820430614866,59063416.0,1.9276411447920385,0,0,-1,0,0,0.008057296329453881,-0.29766016968353565,0.31029841328484997,0.34001300822660846,0.07445323406235471,0.07096474953617826,-1.596563917422759,0.0385448245993937,0.0
2025-04-02,22.98,23.09,0.011040076804158727,-0.0019398648178264805,0.011576264627845358,-0.13613396990962467,-0.00477535094579439,22.154,21.361,21.799,2,2,4,22.210652896958695,21.753449263218144,79.29104477611938,0.2940104992402972,0.08767030903588079,23.363302884706577,19.358697115293424,0.01846372699827012,0.0214916376349097,0.0195946959101245,57757183.0,1.6171379588630546,0,0,-1,0,0,-0.01385881333910785,-0.4827066337473184,0.33792656903196483,0.3411691706969246,0.052197802197802234,0.05947441217150762,-0.5458419980788907,0.025456919060052256,0.0
2025-04-03,23.15,22.98,-0.01526747213078842,0.0036610356385995088,-0.026919525913242176,0.26619185649352234,0.0073705081116332925,22.301,21.466,21.77466666666667,3,3,4,22.381443279329844,21.843549310752458,77.84431137724548,0.3549366025293281,0.14112356773457027,23.614540753260233,19.31745924673977,0.01828931893673774,0.020081528063117995,0.01958533061333138,59461798.0,1.5675755718802789,0,0,-1,0,0,-0.02415143603133158,-0.025301649079791762,0.32322410087637643,0.31878437520704883,0.0376512774540565,0.09976247030878849,0.006319887527551469,0.05485961123110165,0.0
2025-04-04,22.6,23.15,0.0033389012655146303,-0.012981575639152722,0.0081522190615505,-0.04464638690235374,-0.024044874254002802,22.375,21.556,21.754666666666665,4,4,4,22.421180864906233,21.892352581026493,66.86626746506987,0.3547512235958976,0.18384909890683576,23.737620836369874,19.374379163630127,0.02064221369005775,0.020769746227326812,0.019373649897027865,57831614.0,0.9570865684773828,0,0,-1,0,0,-0.028077753779697564,-0.1200387791688916,0.35147394712707175,0.3297094998685725,0.03196347031963476,0.08653846153846168,-0.26202899716004063,0.03495575221238934,0.0
2025-04-07,21.43,22.6,-0.02247285585205863,-0.02603279594932747,-0.05239543750217149,0.05053299920397615,-0.05315809679275466,22.313,21.636499999999998,21.70133333333333,0,7,4,22.24096616219601,21.862523382250593,51.87074829931972,0.25722990137060364,0.19852525939958934,23.661608444139542,19.611391555860454,0.02687489950377603,0.021393651499695805,0.021482953592211435,56116935.0,-0.2039396957704544,0,0,-1,0,0,-0.026548672566371743,0.014191765552726299,0.5106949100435617,0.33961368902267475,-0.04073410922112808,0.08123107971745713,-0.17420320123641156,0.06214185720951943,0.0
2025-04-08,21.51,21.43,0.0027235604670405207,0.0035698386862250387,0.0034022757341805616,0.19734086735010634,0.00372613379415303,22.315,21.7145,21.65233333333333,1,8,4,22.108063223614916,21.839779938234425,48.16849816849818,0.18427467852890445,0.19567514322545237,23.579981171172456,19.849018828827546,0.025671490494130436,0.021386109649420577,0.02150999142480477,58205687.0,-0.2192463833569238,0,0,-1,0,0,0.02939804013065791,0.42980850127329695,0.3871619441772019,0.3394939658611535,-0.06842789086184486,0.0781954887218046,-1.1444625474495829,0.062296606229660614,0.0
2025-04-09,22.56,21.51,-0.037409118454930515,0.025941221639427126,0.0037825104199785188,-0.1424126311425063,0.04766048335021932,22.387,21.841,21.637666666666668,2,9,4,22.190233546594023,21.886245748670916,56.79012345679012,0.2087767155785265,0.1982954576960672,23.563139428305746,20.118860571694256,0.02966001106735797,0.023618392357267936,0.023424573298206817,60017185.0,0.8350078840101299,0,0,-1,0,0,-0.012087401208740193,0.11017416892022229,0.5964847827003378,0.3749303552668773,-0.018276762402088864,0.12631053419870186,0.13798206066837948,0.08200354609929068,0.0
2025-04-10,22.26,22.56,0.05181080751335321,-0.01972450534777859,0.024013276471349085,-0.3623997557328696,-0.013387080782459296,22.381999999999998,21.962,21.617,3,10,4,22.2029183563042,21.91035892617602,53.030303030303045,0.20166262249115263,0.1989688906550843,23.410492501297362,20.513507498702637,0.029370852759907945,0.02376682138311508,0.023528373942269133,58756375.0,0.411462261258645,0,0,-1,0,0,-0.007978723404255306,-0.5014950461392504,0.5915769763271844,0.377286593005288,-0.03844492440604741,0.12197580645161299,0.6817946831852689,0.0397574123989219,0.0
2025-04-11,22.34,22.26,-0.009878841004696083,-0.0046589102572411785,-0.010187631524598418,-0.38732105344724943,0.003587447793655719,22.426,22.061,21.610666666666667,4,11,4,22.22784229152162,21.938077705132407,52.2342064714946,0.20017251967350802,0.19920961645876906,23.304643204882943,20.817356795117057,0.02864247623792581,0.02328991955452158,0.023375048415458417,59612305.0,0.4486817423269897,0,0,-1,0,0,-0.004492362982929084,-0.9111070927972298,0.5751486249876443,0.3697160111757859,-0.011504424778761124,0.09724950884086447,0.030359270160751243,0.044762757385854966,0.0
2025-04-14,22.08,22.34,0.028910174417213576,0.014350616073626015,0.019131619595496748,0.1321004919309912,-0.011706572232160154,22.4,22.1195,21.613333333333333,0,14,4,22.200961874881322,21.94723398222064,54.765751211631674,0.17598315114488727,0.19456432339599272,23.23905771342217,20.999942286577827,0.0282144170755566,0.02296052604082599,0.023061499326653818,58635498.0,-0.07056357975375818,0,0,-1,0,0,0.021038495971351785,-0.724701883181424,0.3990187616697402,0.3644870512514882,0.030331311245916925,0.05595408895265419,1.6779715155603456,0.04121376811594204,0.0
2025-04-15,21.81,22.08,-0.032979816027651536,-0.023509621237213334,-0.008713652932254531,0.09783405690372532,-0.012303641195356842,22.272,22.149499999999996,21.62166666666667,1,15,4,22.12987789763017,21.938380176916084,49.75450081833059,0.13348739915072727,0.18234893854693965,23.196228738800286,21.102771261199706,0.025609912146376826,0.023036739654864864,0.022867513149103846,57558295.0,-0.6486876444973048,0,0,-1,0,0,-0.0004528985507245476,-0.5866461208758412,0.4208324666746019,0.3656969048670742,0.013947001394700065,0.028288543140028155,1.8955100486731116,0.026134800550206342,0.0
2025-04-16,21.4,21.81,-0.017367895429861963,-0.02430556900948159,-0.03039747718437116,0.27846831837430214,-0.01897765818573186,22.113999999999997,22.134,21.612000000000002,2,16,4,21.997172825333774,21.903645971953754,42.479338842975196,0.06596522993421061,0.15907219682439386,23.216694494499684,21.051305505500316,0.02595394302024336,0.02286195835700863,0.02311362894134321,56135197.0,-1.3558764798913765,0,0,-1,0,0,-0.005502063273727531,-0.20673293218507893,0.1327240251287846,0.36292233777935795,-0.0514184397163121,-0.014279134039613228,1.5524453662492947,0.03200934579439263,0.0
2025-04-17,21.44,21.4,-0.021907191652946082,-0.008544100008805412,-0.020629179622669,-0.14053682023254171,0.0018674141747954624,21.943,22.122,21.625,3,17,4,21.895868675273086,21.8737333286019,45.95070422535213,0.01550238818412808,0.1303582350963407,23.23088469335489,21.01311530664511,0.02567540890139853,0.022866693611357,0.022441393123395843,57371715.0,-1.230064774249219,0,0,-1,0,0,-0.008411214953271016,-0.40090332786594035,0.1543139581533105,0.36299750761176053,-0.036837376460017945,-0.011070110701106972,0.2273887833565257,0.04337686567164178,0.0
2025-04-21,21.37,21.44,0.0032933457195511093,-0.0053482280719525915,0.0045943739381984205,-0.23382130956659233,-0.0032702668715450453,21.82,22.0975,21.644,0,21,4,21.800256188859798,21.841234404175975,40.86629001883239,-0.02979473726889026,0.09832764062329452,23.25149306756968,20.94350693243032,0.02502981539275253,0.022783584510152013,0.022327693899362178,56393007.0,-1.2608394633290498,0,0,-1,0,0,-0.006996268656716517,-1.1910071579507664,0.12902630601122578,0.3616781915309135,-0.04341987466427932,-0.022415370539798696,0.2568264973346993,0.033692091717360734,0.0
2025-04-22,21.87,21.37,0.012602267135408324,0.026913642845408016,0.026426963452084975,0.3766546998522861,0.02312776535762026,21.863999999999997,22.088500000000003,21.712333333333333,1,22,4,21.81293688179438,21.84309024906785,37.94466403162055,-0.025058357070896875,0.07365044108445624,23.246852278022057,20.93014772197795,0.02037783589121712,0.023339465227188827,0.02072630288825638,57819377.0,-0.3772600169148931,0,0,-1,0,0,0.008890968647636768,0.12336701875743322,0.2569779334121419,0.3705025243462876,-0.009510869565217295,-0.008163265306122436,0.9835952626562107,0.03429355281207133,0.0
2025-04-23,22.33,21.87,0.028801990903706182,0.021554494104389112,0.0391664895895145,-0.7679941486914528,0.020815231163389968,21.946,22.1305,21.791666666666668,2,23,4,21.906948357831762,21.874503781386053,43.99260628465801,0.01563320413346503,0.06204699369425801,23.257983924496873,21.00301607550313,0.021237020422289744,0.023002875073198484,0.020967182536335886,58481131.0,0.35388531164915993,0,0,-1,0,0,0.01463191586648378,-1.8943205406368748,0.2794885911227289,0.3651593212990193,0.023842274186153034,0.039087947882736174,-0.24108069647161023,0.01701746529332748,0.0
2025-04-24,22.9,22.33,0.0071845841150754005,0.019793916532724866,0.006979652335561012,0.15076649256527133,0.025205844708127416,21.98,22.1835,21.887333333333334,3,24,4,22.08750320186235,21.940664827748243,47.848537005163514,0.09280598622653358,0.06819879220071312,23.35238205699153,21.014617943008467,0.016524328069442994,0.023390805626405636,0.021333165829515596,59250569.0,1.2259577357943672,0,0,-1,0,0,0.0008956560680700012,-1.4610465793772016,0.21230507534982843,0.3713175279175183,0.07009345794392519,0.048534798534798584,-0.6278541529931502,0.029475982532751126,0.0
2025-04-25,22.76,22.9,0.021687063728231606,-0.002180074985961581,0.0024649872425354033,-0.37220240840319696,-0.0061323013020637175,22.03,22.205999999999996,21.984666666666666,4,25,4,22.209775346978283,21.993525161441905,51.48148148148148,0.14104328289516133,0.08276769033960277,23.40214116399753,21.00985883600246,0.015949906757368532,0.0230297730732177,0.021264649800437314,58720261.0,0.9263120719773957,0,0,-1,0,0,-0.002620087336244486,-1.7986018824218697,0.24535095184868427,0.3655863138119144,0.06156716417910446,0.020170327207530425,-0.5800043526394696,0.025043936731107216,0.0
2025-04-28,22.75,22.76,-0.003069504712161265,-0.0008733625009288023,0.0015654705198643222,-0.049105502357160644,-0.00043946386117077403,22.071,22.2485,22.06433333333333,0,28,4,22.30799801116405,22.04232998973598,65.56603773584908,0.17643098503844,0.10150034927937021,23.45917662682307,21.03782337317693,0.015965596418098197,0.02256981800617952,0.02089308292848605,58215365.0,0.8284623472346764,0,0,-1,0,0,0.00043936731107196877,-1.6320223606319897,0.23478429246868873,0.35828475348203204,0.0645765091249415,0.038812785388127935,-0.6393340321629272,0.022637362637362664,0.0
2025-04-29,22.96,22.75,0.0,0.012589703947130257,0.013539214698632163,0.8204837719577921,0.00918842605440639,22.159,22.279500000000002,22.13266666666667,1,29,4,22.42654382731604,22.101534506527205,66.59038901601832,0.21889791993658392,0.12497986341081296,23.5311006593659,21.027899340634104,0.015346275349891239,0.022243671422637102,0.020463063105621793,59362286.0,1.0874075447431646,0,0,-1,0,0,0.0008791208791208604,-0.1884917522787647,0.21473171669557822,0.3531073369759925,0.04983996342021024,0.027752909579230156,0.01664462091968777,0.021777003484320556,0.0
2025-04-30,22.84,22.96,0.003069504712161151,-0.012152927351411734,-0.010638398205055643,-0.41577422026302185,-0.00524018666355627,22.262,22.267,22.187,2,30,4,22.501717676894938,22.149177441589966,54.069767441860485,0.2401025222649089,0.14800439518163216,23.48916546385973,21.044834536140268,0.014667218384093657,0.020964039092672564,0.02041149322268844,58605514.0,0.9376799082350186,0,0,-1,0,0,-0.005226480836236977,-0.9726583829667418,0.20941185280915756,0.3327938034878866,0.022839229735781563,-0.010827197921178033,1.2643286742532271,0.02014010507880899,0.0
2025-05-01,22.8,22.84,0.0026235257723844106,0.00826271280621001,-0.007155665595412248,-0.1733981552913274,-0.0017528488274143605,22.402,22.258000000000003,22.223333333333336,3,1,5,22.5559508265504,22.191165993745454,58.49056603773583,0.25078872041656197,0.16856126022861814,23.46055167303307,21.055448326966935,0.012453403018684146,0.02094135319022698,0.020037530760778032,57969218.0,0.9014165663800031,0,0,-1,0,0,0.002626970227670697,-1.1267752670160531,0.09703623318667555,0.3324336759510581,-0.004366812227074135,-0.007832898172323799,1.4568409408095067,0.03552631578947363,0.0
2025-05-02,23.23,22.8,0.005226492733542589,0.012267451808346798,0.025699243307581214,0.1254342526665013,0.01868401082192269,22.581,22.262,22.275,4,2,5,22.678505221723054,22.25818754253607,62.60623229461757,0.29060510107194304,0.19297002839728314,23.477506825198486,21.046493174801515,0.012913147516749806,0.021313310183787484,0.02026520274933981,58690549.0,1.5927512374797739,0,0,-1,0,0,0.009649122807017494,-0.8539363971153714,0.155940883317094,0.3383383101712922,0.02065026362038669,0.003455723542116651,0.9692845025190032,0.02216960826517437,0.0
2025-05-05,23.4,23.23,0.003036220072667308,0.0019232829948206125,0.0017482521935294133,0.3144276863068452,0.007291475581337949,22.784,22.302,22.32633333333333,0,5,5,22.80968609050068,22.331852862372454,69.18604651162792,0.3320497856187856,0.22078597984158366,23.613224417742074,20.990775582257925,0.012294811282925066,0.020580468498608052,0.020256283067877454,59678394.0,1.674770520046833,0,0,-1,0,0,-0.006026689625484312,-0.20584418346014854,0.1512604287044219,0.3267048090750946,0.02857142857142847,0.03539823008849541,0.3005757763734218,0.02222222222222236,0.0
2025-05-06,23.36,23.4,0.005614352903341318,-0.0017094021256490257,-0.007451272695742044,0.05336374189123976,-0.00171086440362943,22.933,22.398500000000002,22.37,1,6,5,22.9097431649551,22.39818493576778,74.1433021806854,0.35754576598318977,0.2481379370699049,23.723518768486286,21.073481231513718,0.011614401995891371,0.016303990154339944,0.02023512869925218,58636402.0,1.451300197201623,0,0,-1,0,0,-0.007692307692307681,-0.006464163424762025,0.1550027005371085,0.2588178199585745,0.017421602787456303,0.0900606626224918,1.2222229497160089,0.027825342465753366,0.0
2025-05-07,23.42,23.36,0.008149305233073948,0.0044809634350360195,0.012243266182822642,-0.23697276621418853,0.0025652002095451236,23.041999999999998,22.494,22.43433333333333,2,7,5,23.002517134963263,22.464108488298894,85.31468531468538,0.37823297833726244,0.2741569453233764,23.82469669128968,21.16330330871032,0.01049112308720352,0.016308747021768162,0.019556377516231693,59458547.0,1.3917521642028647,0,0,-1,0,0,0.0021404109589041403,-0.4763827869684058,0.1360853219883126,0.2588933328879831,0.02539404553415059,0.08879590887959088,1.3229446577266442,0.02028181041844568,0.0
2025-05-08,23.37,23.42,-0.005568658639582331,0.012062361893144108,0.003037537592624198,0.4024786161508015,-0.002137209618804733,23.089,22.5345,22.485333333333333,3,8,5,23.069332201333577,22.52255310195703,83.62369337979096,0.3861419569242166,0.2965539476435445,23.92175742308106,21.14724257691894,0.007703050119391953,0.012549871210784271,0.019415318165948957,58229007.0,1.2045349134184158,0,0,-1,0,0,-0.005977796754910357,0.9945718900086931,0.1373161289644234,0.1992230292577455,0.02499999999999991,0.03590425531914909,1.295724050509529,0.02952503209242624,0.0
2025-05-09,21.19,23.37,-0.022150742787588856,-0.041444471208438825,-0.1258855297512947,1.0649190915043167,-0.09792377627055882,22.932,22.481,22.448,4,9,5,22.727635437454744,22.436581934088835,48.192771084337345,0.21403483807440082,0.28005012572971577,23.99001710778166,20.971982892218342,0.03126503453029944,0.02459311064009915,0.025791885674967416,54662598.0,-1.7110475333150374,0,0,-1,0,0,-0.025673940949935876,3.8631551557944115,0.675693344503178,0.39040352831519315,-0.08781747739991386,-0.048068283917340526,-2.190443966114509,0.11585653610193479,0.0
2025-05-12,22.0,21.19,-0.07144269839768151,-0.03548291462529337,0.023313343384276475,-0.7961868901826639,0.03751308107810807,22.857,22.464000000000002,22.451333333333334,0,12,5,22.595338085190242,22.408415357696008,51.22873345935727,0.14136931945332876,0.2523139644744384,23.98729836037975,20.940701639620254,0.03435724571964679,0.026187066977630673,0.02656473844181917,56271211.0,-0.6092043582116514,0,0,-1,0,0,0.0004719207173193964,0.7677925908531553,0.7753415989637535,0.4157068007340156,-0.05982905982905973,-0.015219337511190645,-1.5240297919132424,0.05363636363636379,0.0
2025-05-13,21.68,22.0,0.04067103973092778,0.005211295355622951,0.028397554212605133,-0.35024388054739225,-0.014652276786870375,22.729,22.444,22.429333333333332,1,13,5,22.428912978792013,22.361420818489815,43.68932038834953,0.05729953341740668,0.21331107826303206,23.99870626773875,20.889293732261248,0.03425547291758762,0.02626053293782462,0.026436361514250058,55137917.0,-0.9828223065070713,0,0,-1,0,0,0.0036363636363635587,0.031022676099321318,0.7707150534972811,0.41687303669702613,-0.07191780821917804,-0.018115942028985477,-1.2902536523836354,0.032057195571955736,0.0
2025-05-14,21.86,21.68,-0.015058463874201388,0.0009035464811682148,0.007438435041230332,-0.06561407782589791,0.008268306176947095,22.631,22.4465,22.388333333333332,2,14,5,22.325474255375283,22.329071088264666,39.075630252100844,0.005138880159439196,0.1716766386423135,23.997068995731922,20.89593100426808,0.03451904512008324,0.026182118325294695,0.02570061707188033,56199238.0,-0.756496488210965,0,0,-1,0,0,0.0032287822878228913,-0.07763230925844025,0.7794288378938936,0.4156282433135801,-0.06660973526900094,0.0022925263640531934,-1.3416236559690928,0.02538883806038425,0.0
2025-05-15,21.95,21.86,-0.000459875841629768,-0.0033925171065164964,-0.02011763753661731,0.01589547999989978,0.004108656772787941,22.546,22.473999999999997,22.354,3,15,5,22.257206208943412,22.304614889021785,41.4012738853503,-0.028606804075831604,0.13161995009868446,23.964777261063514,20.98322273893648,0.034607793627314885,0.025793809681874898,0.02571281148991623,57277564.0,-0.7029889892822445,0,0,-1,0,0,-0.0054894784995425895,-0.025519801883797717,0.7859972556503576,0.40946403469902626,-0.060761660248181526,0.025700934579439227,-1.4223178405464785,0.04145785876993167,0.0
2025-05-16,22.3,21.95,0.01052400470345558,0.027925415639783804,0.03520929733766578,0.07903251292924132,0.01581953894489281,22.453000000000003,22.517,22.325666666666667,4,16,5,22.264986898226425,22.304317154246185,45.54455445544555,-0.02679949908550583,0.09993606026184641,23.929770328113797,21.104229671886202,0.034412848548466435,0.025992840819710088,0.025858301505164265,58444571.0,-0.3071978448042821,0,0,-1,0,0,0.0009111617312072699,0.11614670008728151,0.30443923447760385,0.41262355606224704,0.052383199622463295,0.04011194029850751,0.3482218763209081,0.03482959641255613,0.0
2025-05-19,21.5,22.3,0.0018190091418516729,-0.02047701194576917,-0.042799466604341495,0.2684146371784254,-0.03653374333245595,22.262999999999998,22.5235,22.288999999999998,0,19,5,22.125898371276165,22.25242572493998,37.056737588652474,-0.08889577581290808,0.06216969304689551,23.915087885152793,21.131912114847204,0.035591867764695743,0.02734791855098892,0.026317939404402985,56918255.0,-1.4709814750760324,0,0,-1,0,0,-0.013004484304932697,0.6202895198402453,0.3312222066484559,0.4341347481669995,-0.022727272727272707,0.006083294337856815,-0.9668407753575887,0.057441860465116255,0.0
2025-05-20,21.87,21.5,-0.023443960404753276,-0.012900484441479402,0.01606080815018421,-0.12923111573179333,0.01706289955505945,22.113999999999997,22.5235,22.30366666666667,1,20,5,22.079371394680496,22.2277530975245,41.765704584040755,-0.10701797808295055,0.028332158820926302,23.915087885152793,21.131912114847204,0.03644641771936654,0.027111269962489803,0.024723048174702274,58259537.0,-0.9392148451022814,0,0,-1,0,0,0.0,0.34605112309531727,0.3463822497962699,0.43037806828730074,0.008763837638376515,0.0,-1.9049671394261491,0.027892089620484655,0.0
2025-05-21,21.19,21.87,0.0055658770774451765,-0.012146362233850775,-0.008470638883508665,-0.4062538438839851,-0.03158646240846875,21.891000000000002,22.4665,22.293000000000003,2,21,5,21.917667504738585,22.160801284780984,37.67228177641654,-0.17424172085198109,-0.012182617113655179,23.979548856482843,20.953451143517157,0.037120783742091934,0.027521994316338106,0.025397796572848012,57366054.0,-1.6873215885008295,0,0,-1,0,0,-0.011431184270690443,-0.3587251826498423,0.40818931755361976,0.43689811527338257,-0.03064958828911246,-0.051052395879982004,-0.4616953903916776,0.024775837659273173,0.0
2025-05-22,20.89,21.19,-0.023398353373001456,-0.014164871690430366,-0.01475865874528815,-0.04847079107796223,-0.014258796711733348,21.643,22.366000000000003,22.237333333333332,3,22,5,21.730818867513385,22.078814105117697,31.718750000000014,-0.2488558586812566,-0.05951726542717546,24.01841004214064,20.713589957859366,0.03705711064622257,0.026836548784139172,0.023758251058819263,56514846.0,-1.786481517732606,0,0,-1,0,0,-0.0033034450212364457,-0.4316057011760061,0.4003683269642995,0.42601700478051036,-0.04829157175398624,-0.08777292576419204,0.20081454504171042,0.02537099090473899,0.0
2025-05-23,20.52,20.89,-0.018156256036679523,-0.027262563161994536,-0.01741698599400223,-0.034308034399927974,-0.017870555265905735,21.576,22.254,22.179333333333332,4,23,5,21.51066998251095,21.978245453174623,28.181818181818215,-0.33399393408958744,-0.11441259915965787,24.08767792614759,20.42032207385241,0.023545315822221753,0.027004239456709146,0.02384236358368129,55692346.0,-1.8912808790178275,0,0,-1,0,0,-0.007180469123982868,-0.5072835991993014,0.3302736443881678,0.42867901168134226,-0.07982062780269061,-0.09841827768014066,1.2505351767593698,0.01535087719298252,0.0
2025-05-27,20.59,20.52,-0.010664182498812484,-0.00917437627604138,-0.011782168698260128,0.30888993400694803,0.003405500737129392,21.435000000000002,22.146,22.121,1,27,5,21.34327544023623,21.888681230389164,29.11010558069384,-0.39130731016062725,-0.16979154135985175,24.10671308188438,20.185286918115622,0.01889355843458872,0.0270507090369425,0.023840797239573868,56812519.0,-1.5871776593692943,0,0,-1,0,0,0.0,-0.08982020407203495,0.3001651137803092,0.42941669339830435,-0.04232558139534881,-0.0949450549450549,0.37300905832944253,0.017727051966974182,0.0
2025-05-28,21.25,20.59,0.0038910554929667217,0.03127866305328261,0.010048113628810069,0.04967343849358791,0.031551374330727765,21.392000000000003,22.060499999999998,22.093333333333337,2,28,5,21.326316269284188,21.847475989718898,34.993084370677735,-0.3791020371660174,-0.21165364052108487,24.02089174387992,20.100108256120077,0.022140039372791864,0.028125625286211202,0.02458204466349775,57989740.0,-0.8268755492674054,0,0,-1,0,0,0.0004856726566295077,0.00010899099637738915,0.386310277506714,0.44648045985302814,-0.02834933699131237,-0.07447735191637639,0.9955560953762655,0.0383764705882353,0.0
2025-05-29,21.34,21.25,0.031536297118266374,0.016089888907449147,0.03205069504684816,-0.09567551354500475,0.004226350503181527,21.339999999999996,21.985500000000002,22.077666666666666,3,29,5,21.328804220323423,21.81473560328542,36.038514442916096,-0.3580397630287493,-0.2409308650226178,23.9350691831784,20.035930816821605,0.02197095504517105,0.02817412551857972,0.024505819599097797,59059550.0,-0.6621975824911618,0,0,-1,0,0,0.0004705882352941912,-0.20156937002112427,0.31338981470049526,0.4472503771732838,0.007078810759792331,-0.06567425569176888,0.9375459208685452,0.023163074039362654,0.0
2025-05-30,21.5,21.34,0.0037558729598052647,0.01879065370264804,-0.008114955860059737,0.05339762102159105,0.0074696892600099206,21.294999999999998,21.9205,22.081,4,30,5,21.359930725719163,21.794430080492813,52.952380952380935,-0.32469422331403663,-0.2576835366809016,23.842214968732755,19.998785031267246,0.022104322589817395,0.028271448973635094,0.024295402830818148,60188038.0,-0.43762993663653765,0,0,-1,0,0,0.0,-0.1491236510540311,0.28097071026196546,0.4487953391261444,0.02920057443752988,-0.05701754385964919,0.3547578303686396,0.04999999999999997,0.0
2025-06-02,21.7,21.5,0.007004464780811738,-0.006605194268462732,0.021252275659658953,-0.30326904279529554,0.009259325412796726,21.235,21.844,22.08966666666667,0,2,6,21.42176150286113,21.788337817235213,46.767241379310335,-0.2789141654371079,-0.2619296624321429,23.665421076204243,20.02257892379576,0.02160431889876308,0.027969894550031883,0.024348221289896946,61021314.0,-0.15811829771959296,0,0,-1,0,0,-0.00046511627906984016,-0.6584055776030369,0.18805346359449807,0.44400831105651123,0.05750487329434706,-0.06586310804993545,2.0133813504010685,0.022119815668202786,0.0
2025-06-03,21.98,21.7,0.008802465917026343,0.009099243855114089,-0.010333581854545299,0.2553935784425674,0.012820688429061469,21.283,21.773000000000003,22.110000000000003,1,3,6,21.523259411431834,21.800703119349073,53.2608695652174,-0.21753190738040118,-0.25305011142179457,23.44348811019855,20.102511889801455,0.01852155740471623,0.028106052493965677,0.024436264521242642,62097048.0,0.2478317549657911,0,0,-1,0,0,-0.0009216589861750956,-0.2568870776483662,0.1745565861466839,0.4461697514085594,0.06750849927149094,-0.06068376068376058,1.7986712555492461,0.04094631483166508,0.0
2025-06-04,21.3,21.98,0.032224254039218136,0.037773875460918545,0.004710324300183354,0.02459524948211053,-0.031425876260095915,21.226000000000003,21.669999999999998,22.091,2,4,6,21.482666791171496,21.768399692294295,44.50980392156865,-0.22120641280742248,-0.24668137169892015,23.17423962256823,20.165760377431766,0.020396950401993928,0.028801086011284668,0.02474870471965285,60994528.0,-0.49194289852342216,0,0,-1,0,0,0.018653321201091907,-0.2169564800110411,0.2842477739939646,0.4572030664466427,0.0023529411764706687,-0.08818493150684925,-2.0662784891176993,0.07746478873239429,0.0
2025-06-05,21.36,21.3,-0.04662636127960723,-0.054673112979612554,0.00023493480667194965,-0.6006692392818279,0.0028129413766146577,21.243,21.567,22.058666666666667,3,5,6,21.460363738231223,21.742051325049506,44.18145956607496,-0.21677810323819102,-0.24070071800677434,22.82936369769656,20.30463630230344,0.017753341981989232,0.028804211106315758,0.024421579059591685,61599199.0,-0.3279561989586903,0,0,-1,0,0,0.003286384976525835,-1.0257887331937272,0.28328174850650506,0.45725267579229695,0.0009372071227740086,-0.08795900939368073,-2.01072053761654,0.019897003745318387,0.0
2025-06-06,21.68,21.36,0.009778890498932291,0.0,0.004453306316783348,-0.1715785551598926,0.014870162479451407,21.322,21.482499999999998,22.017999999999997,4,6,6,21.50029760400736,21.73804801375599,43.84920634920634,-0.18531115866699466,-0.2296228061388184,22.42154486748871,20.543455132511287,0.01738728094960013,0.0291208824959413,0.024097656749669513,62108534.0,0.420640177775906,0,0,-1,0,0,0.010299625468164741,-1.0873088120887429,0.2997373372205761,0.4622796782579675,0.008372093023255811,-0.07231493367565256,-1.9225017399742277,0.015221402214022225,0.0
2025-06-09,21.97,21.68,0.012433961711610677,0.03173430392263522,0.004666364043764844,0.47972630287543183,0.013287709825073393,21.467,21.521499999999996,21.991666666666667,0,9,6,21.585698039642388,21.7530126580298,55.187637969094915,-0.13541185840560743,-0.21078061659217623,22.474087059151096,20.568912940848897,0.01581039840856307,0.02017218450524212,0.024232260100861755,62931432.0,0.941646216356716,0,0,-1,0,0,0.007841328413284212,-0.8288850447077918,0.3074465130616573,0.32022350161068697,0.012442396313363968,0.03680981595092003,-1.9274070017770746,0.042330450614474276,0.0
2025-06-10,22.43,21.97,0.011829073327755645,0.012417010978914737,0.022328007787079,-0.008171608018883843,0.02072146213559813,21.651,21.543,21.981,1,10,6,21.739207486980135,21.796689260737555,56.060606060606055,-0.058078653261716795,-0.18024022392608435,22.558399325129116,20.527600674870882,0.016335498685146572,0.018866461712038096,0.024557887959402756,63747633.0,1.7470959021707273,0,0,-1,0,0,0.006372325898953144,-0.7968218016236612,0.32890521762383534,0.2994957948586482,0.020473157415832555,0.019545454545454533,-1.7262598513163399,0.03232278198840845,0.0
2025-06-11,21.69,22.43,0.014369353662761958,-0.009298273766260015,-0.013983035854898282,0.17197541176240796,-0.03354802369333386,21.695,21.543499999999998,21.938666666666666,2,11,6,21.730260671165563,21.789806082625454,55.34188034188035,-0.05585943380981817,-0.1553640659028311,22.559193177873084,20.527806822126912,0.018777880818331514,0.020085064165938443,0.02520192614170283,62778273.0,0.28847294279711877,0,0,-1,0,0,0.0,-0.12299595608215286,0.3427760775886149,0.3188405090990884,0.018309859154929553,0.0004612546125462025,-1.7642288750345394,0.03780544029506686,0.0
2025-06-12,21.55,21.69,-0.03216585346638234,-0.0259065386022789,-0.006949298293205805,-0.27645812498044053,-0.006475508289026193,21.716,21.528,21.895666666666667,3,12,6,21.697486003680915,21.77433472245607,57.30088495575222,-0.06465224553485882,-0.13722170182923665,22.532759201316694,20.523240798683304,0.018953370032419346,0.02004338615767476,0.025209052667058657,62043047.0,0.043791587021391666,0,0,-1,0,0,0.001383125864453554,-1.01261630648059,0.3507199821893133,0.3181788912290512,0.008895131086142483,-0.014181152790484819,-1.2680787577774746,0.018334106728538253,0.0
2025-06-13,21.03,21.55,-0.02234729869199666,-0.025199472331217308,-0.03140383194687856,0.1082589560193643,-0.02442582683514839,21.669,21.482000000000003,21.836666666666666,4,13,6,21.576124912102564,21.726313127458905,55.46038543897218,-0.11228590434467733,-0.1322345423323248,22.48964655457475,20.474353445425255,0.020361712914236493,0.020684281385334652,0.025541993199664378,61223758.0,-0.8971399702562503,0,0,-1,0,0,-0.01438515081206507,-0.6111653954995768,0.36875490620158224,0.32835278756206837,-0.029981549815498054,-0.04191343963553518,0.008050161129223441,0.02448882548739898,0.0
2025-06-16,21.06,21.03,-0.009936206659129494,-0.00988010859970711,-0.006980411061436791,0.07103036771841521,0.0014255169912209468,21.604999999999997,21.42,21.764333333333333,0,16,6,21.482284018993006,21.68332518375188,55.0755939524838,-0.1459329486618337,-0.13497422359822658,22.366461554255228,20.473538445744776,0.020024656950149947,0.020274478310412555,0.025238966845522393,62103358.0,-0.7607282057712064,0,0,-1,0,0,0.0,-0.31172972106721486,0.3379716308670432,0.32184736542554776,-0.041420118343195256,-0.0556053811659194,0.28436254589803783,0.021367521367521337,0.0
2025-06-17,21.53,21.06,-0.007637268625499075,0.019686734983187102,0.004338401598598141,-0.0009941274507462535,0.022071804670442383,21.56,21.4215,21.702,1,17,6,21.490959651903367,21.67343323641305,53.15315315315317,-0.13313866203097646,-0.13460711128477656,22.368590280806963,20.47440971919304,0.02104079591055728,0.019414277740695596,0.02559535766348983,62982084.0,0.22912282429411637,0,0,-1,0,0,-0.00902184235517558,-0.21799624399128786,0.34553277236825763,0.3081921047149048,-0.040124832813196565,0.0013953488372093759,0.3519347176889095,0.03625174175568973,0.0
2025-06-18,21.65,21.53,0.030670014204474294,0.026962221403609044,0.024704344240604137,0.054402339348037676,0.005558143072227012,21.595,21.410500000000003,21.645,2,18,6,21.519876078830027,21.671921414708986,53.46756152125279,-0.11202474900645498,-0.13009063882911226,22.340615442749513,20.480384557250492,0.018443079535407737,0.019050232550705,0.02563709443420583,63909939.0,0.514989836728248,0,0,-1,0,0,-0.00046446818392947343,0.14816531027847785,0.2697208329007775,0.30241306648267857,-0.0018441678192716582,-0.010059442158207754,-0.1825775813582758,0.03926096997690538,0.0
2025-06-20,20.98,21.65,0.004173435225210829,-0.019595067610744733,-0.028559770703032932,0.6324901582207748,-0.03143585148034763,21.557,21.4,21.56366666666667,4,20,6,21.421716791770024,21.627281323437437,44.77911646586345,-0.14765316758830593,-0.133603144580951,22.345215096655984,20.454784903344013,0.021128338598025383,0.01903785383867483,0.026147139050795406,62163445.0,-0.88868661003382,0,0,-1,0,0,-0.0018475750577366813,3.113058267680689,0.3494564890884548,0.3022165605211799,-0.02645011600928071,-0.009910335063709308,-0.06848515377524272,0.04861773117254526,0.0
2025-06-23,20.79,20.98,-0.0338855949503201,-0.03846628082779605,-0.017044483725170898,-0.4486599853831549,-0.009097501098229568,21.468,21.395000000000003,21.477666666666668,0,23,6,21.306859193266384,21.573263173538248,40.8450704225352,-0.18904120872692687,-0.14469075741014617,22.352551702602483,20.437448297397523,0.02038781835572525,0.018876255732294945,0.02616684201818108,61048338.0,-1.2636393384413713,0,0,-1,0,0,-0.004289799809342224,0.606872133156143,0.31229286881820356,0.2996512701102591,-0.011412268188302543,-0.0047869794159886014,-0.4988683858196043,0.02645502645502649,0.0
2025-06-24,21.26,20.79,-0.0009578544793649888,0.01833870428481637,0.015353049227433187,-0.07009798833863465,0.022355271043880447,21.397,21.432,21.48,1,24,6,21.298339339945223,21.5530526462132,43.0232558139535,-0.18182054342268827,-0.15211671461265458,22.300212925617632,20.563787074382365,0.021443326726386967,0.01904517926127958,0.02037700907985611,62087955.0,-0.3962161698471344,0,0,-1,0,0,0.003848003848003937,0.27542633901970415,0.3600659753160532,0.3023328479999436,0.009496676163343043,0.03606237816764146,-0.7335121575153367,0.029256820319849476,0.0
2025-06-25,20.91,21.26,0.01851465182469245,-0.0012685885132127752,0.010345334658719455,-0.15496380965671572,-0.01659985947325968,21.244999999999997,21.448,21.443666666666665,2,25,6,21.227732187227907,21.511565378715574,45.962732919254655,-0.20201152595159044,-0.16209567688044177,22.26091159615108,20.635088403848922,0.0200037208313603,0.019478268770522708,0.019285199853448554,61197579.0,-1.323637164354125,0,0,-1,0,0,0.0,-0.2606853734331795,0.32657541334208173,0.30920793082127357,-0.028797027403622888,0.015541525012141788,0.31201243601734335,0.018173122907699617,0.0
2025-06-26,21.46,20.91,-0.010877383199193512,0.010755305921471276,0.0023906298739163672,0.20317955894137935,0.02596322376201026,21.222,21.4585,21.436333333333334,3,26,6,21.269962698641013,21.50823858008876,50.93984962406016,-0.17165390228105437,-0.1640073219605643,22.26605055243362,20.650949447566383,0.020168661680267264,0.019032289412607376,0.019769190564093726,62288550.0,0.003714937710041033,0,0,-1,0,0,0.005738880918220994,0.5468226517820572,0.39704270366595096,0.3021282279958002,-0.008775981524249299,0.009882352941176453,0.16698507077366373,0.02609506057781914,0.0
2025-06-27,21.91,21.46,0.0211722799260554,0.028881218929341167,0.008559253395669911,0.8880566379253292,0.020752416404822727,21.258000000000003,21.487000000000002,21.438,4,27,6,21.38633311706992,21.53415867169594,52.11009174311927,-0.11001583356731359,-0.15320902428191419,22.31686619086202,20.657133809137985,0.021166553153521894,0.01955807611326351,0.020088624493737165,64940048.0,1.0194414585334781,0,0,-1,0,0,0.0009319664492078086,3.5475396728880333,0.3177001442410988,0.31047483311140794,0.04432793136320301,0.0267104029990628,-0.6428010192062227,0.046097672295755274,0.0
2025-06-30,22.0,21.91,0.018907641894107655,0.00922080074112377,0.03260652156686409,-0.8877193806122177,0.004099299750940674,21.355,21.512,21.439666666666664,0,30,6,21.4979089139663,21.564212950941364,50.2857142857143,-0.05329067051732039,-0.13322535352899542,22.373054433146415,20.650945566853586,0.019096366336287095,0.019518025894768486,0.02008856255906197,66031387.0,1.1334939609259755,0,0,-1,0,0,-0.0009128251939753343,0.13444220284647249,0.2827193328885499,0.3098390556028581,0.05820105820105814,0.023255813953488413,-1.2409448366209546,0.023409090909090935,0.0
2025-07-01,22.06,22.0,-0.0027447409729190967,0.009580111144605396,-0.007821525956425993,-0.07551732648194664,0.0027235604670405207,21.455000000000002,21.53,21.43166666666667,1,1,7,21.600107293245152,21.596199212170955,46.18556701030927,-0.003454253079095082,-0.10727113343901536,22.422093929441488,20.637906070558515,0.019076133260979993,0.019431897943639767,0.01987678500048773,67043346.0,1.1882156856101804,0,0,-1,0,0,-0.007727272727272805,-0.05943971589941119,0.26840140225626535,0.30847181676514945,0.0376293508936969,0.016589861751151957,-0.4237157915044099,0.040797824116047245,0.0
2025-07-02,21.24,22.06,0.002744740972919163,-0.02038372736598415,-0.025258592588269593,0.044258790612377634,-0.03787981745161835,21.426000000000002,21.493,21.423000000000002,2,2,7,21.534633239927853,21.573218617837348,45.436105476673404,-0.029782367586708602,-0.091773380268554,22.36772341493215,20.618276585067846,0.02205448005343847,0.020982081404406185,0.01995836301521991,65985593.0,-0.5784685665917004,0,0,-1,0,0,-0.007706255666364377,0.04343627762004863,0.39528976938850907,0.3330802163074298,0.01578192252510746,-0.033666969972702576,-1.3290576213128884,0.046374764595103556,0.0
2025-07-03,21.46,21.24,-0.027792432629383548,-0.018730561295373697,-0.0009478673695459731,-0.557768292626078,0.010304540828814546,21.407,21.501,21.409333333333333,3,3,7,21.52106355994097,21.5659141908801,49.10179640718563,-0.032520549977725466,-0.0799228142103883,22.371206267138668,20.630793732861335,0.02226704211934555,0.01993875937171667,0.01979063516111852,66591141.0,-0.09423053257203703,0,0,-1,0,0,0.0023540489642184894,-0.8792493582372208,0.35075280464858816,0.31651799249232465,0.0,0.007511737089201942,-1.6261642466047492,0.027726001863932846,0.0
2025-07-07,21.45,21.46,0.007953258297164366,-0.007638041993745853,0.004966310313917164,0.2580927725756825,-0.00046609182852652584,21.454,21.5055,21.418,0,7,7,21.508142912678974,21.55843585598461,54.66666666666664,-0.035092965811394095,-0.07095684453058947,22.373564392469056,20.637435607530946,0.01958460641668856,0.01993275219132789,0.018925954043919783,65807284.0,-0.12787069826039546,0,0,-1,0,0,0.0,-0.5214294022645379,0.3001422329764423,0.3164226314599881,-0.02099497946143314,0.004213483146067398,-1.9897604605951207,0.015151515151515119,0.0
2025-07-08,24.27,21.45,0.009276504370292182,0.131117934248283,0.013356964836063554,1.5482289572556465,0.12351637436448411,21.802,21.634999999999998,21.530666666666665,1,8,7,22.01029874673734,21.733375478179152,72.01646090534979,0.1882487934734698,-0.019115716929777614,23.146771355588506,20.12322864441149,0.04473017279154149,0.03541988372801967,0.0302831904348023,69493868.0,3.4859768843473584,0,0,-1,0,0,0.009790209790209831,3.4030862151879284,1.0193858569942962,0.5622732228669804,0.10318181818181826,0.11946494464944646,1.754592664678441,0.12587556654305726,0.0
2025-07-09,23.78,24.27,0.11911589072631154,0.005081828194331544,0.07444045212486652,-0.8325658016633697,-0.020396128475874173,22.054,21.725500000000004,21.639333333333333,2,9,7,22.332062610966915,21.865415769909532,65.38987688098496,0.3219980488280072,0.04910703622177935,23.513229815921804,19.937770184078204,0.04610131244057753,0.0358557217107753,0.030351795439224484,67890455.0,2.2984457513683583,0,0,-1,0,0,0.005356407086938566,0.5202043872866583,1.0580576945551414,0.5691919363527052,0.07796917497733458,0.08238507055075117,1.8216854836103882,0.06391925988225397,0.0
2025-07-10,23.61,23.78,-0.026579637804711898,-0.031304038798733294,-0.0012972974792412285,-0.535734777107802,-0.007174540165214321,22.324,21.7845,21.74,3,10,7,22.564414863518383,21.977969591205692,63.315217391304344,0.40955660446101305,0.12119694986962609,23.74012858383019,19.82887141616981,0.04554946906432632,0.03572974842812987,0.030436200733615755,66952075.0,1.86691891813595,0,0,-1,0,0,-0.0008410428931875346,-0.3920832397052128,0.9801784949274939,0.5671921724863956,0.1115819209039548,0.05260811413285782,2.057129770242063,0.03346039813638285,0.0
2025-07-11,23.21,23.61,-0.012706651269114801,-0.012631746905900462,-0.0025996548436317615,-0.2375737193348892,-0.017087130811075837,22.499000000000002,21.860500000000002,21.805333333333333,4,11,7,22.681793979242315,22.057455424031133,65.72637517630464,0.44158046879500645,0.18527365365470216,23.916243942686847,19.804756057313156,0.04620438338758174,0.03504924171398797,0.030248409829899525,66212126.0,1.3129067020245822,0,0,-1,0,0,-0.006353240152477704,-0.6415782739851207,1.0203554892461277,0.5563894632996205,0.08154706430568504,0.07007837713231901,2.1540779455907955,0.023696682464455006,0.0
2025-07-14,23.47,23.21,-0.011144564553065176,-0.004033547555470633,0.00043374539825539034,-0.020696547764016904,0.011139789576586328,22.655,21.9565,21.876333333333335,0,14,7,22.82510416483462,22.148587332158158,68.71508379888267,0.48237887568010507,0.24469469805978275,24.12729442164649,19.785705578353507,0.04602074911324415,0.0349958501551736,0.030282029622767135,66936918.0,1.3944203881379509,0,0,-1,0,0,-0.0004308487720810669,-0.6610362698677816,1.0108424855777192,0.5555418985792231,0.09417249417249418,0.08909512761020877,2.0408707986006664,0.018960374946740532,0.0
2025-07-15,23.24,23.47,0.009438079497307168,0.004033547555470625,0.0013001085254911214,-0.0973882433986953,-0.009848077879221722,22.779,22.067,21.934333333333335,1,15,7,22.900539771228324,22.219001052664083,64.30635838150286,0.49049866596694613,0.29385549164121544,24.26405161283766,19.86994838716234,0.046353484074149125,0.0345151695737429,0.030369790870664496,66279384.0,1.0677946691338573,0,0,-1,0,0,-0.0021303792074988137,-0.7355934788600125,0.19435253072740138,0.5479113309080816,-0.04243922538112899,0.10508796956728461,1.2680899513709774,0.021944922547332255,0.0
2025-07-16,23.02,23.24,-0.004278996687279728,-0.011078085173154565,-0.021361225428444958,0.18864743907883985,-0.009511528689973806,22.875,22.165,21.978333333333335,2,16,7,22.92225981282317,22.270678404105112,65.53755522827689,0.4737207390866409,0.3298285411303006,24.347731268267474,19.982268731732525,0.046620559208611495,0.03466916197278724,0.030429230910058752,65485336.0,0.7834221394360189,0,0,-1,0,0,0.003442340791738462,-0.5451712244610759,0.16696241569361925,0.5503558844580749,-0.03195962994112711,0.09306742640075982,1.5237187347437104,0.03205907906168547,0.0
2025-07-17,23.01,23.02,-0.0133824574350171,-0.009903202572120535,0.003885900853791312,0.33209788758455516,-0.0004344992464619981,23.052,22.239,22.012666666666668,3,17,7,22.93821257412805,22.318376571582203,62.40000000000001,0.45437939194011534,0.35473871129226353,24.431416595064597,20.046583404935404,0.044301850997109836,0.034443542069162884,0.03036781036726556,64378521.0,0.7033334830028365,0,0,-1,0,0,-0.0004344048653344053,-0.14289458348828482,0.17187595227731858,0.5467742795231765,-0.02541296060991094,0.06874129122155126,0.8435247866027664,0.018252933507170714,0.0
2025-07-18,22.0,23.01,0.0039037134804733704,-0.00043280675854141614,-0.03863912822989797,0.14679988257188853,-0.04488645068895872,23.106,22.2565,22.036,4,18,7,22.76762846974113,22.297836147609157,50.66079295154185,0.3534780015325545,0.35448656934032174,24.434662190084712,20.078337809915286,0.047317011549103005,0.036052670329012874,0.030938471591933258,63096694.0,-0.23551965153708163,0,0,-1,0,0,0.003911342894393735,0.06868836424671333,0.32620170521039277,0.5723183987421917,-0.05213270142180093,0.01616628175519641,-1.2536336296157855,0.05772727272727287,0.0
2025-07-21,22.94,22.0,-0.0379401481453664,-0.004773278752657771,0.0066976306542961,-0.3358026356747558,0.04183965834290877,23.255,22.3545,22.088666666666665,0,21,7,22.798968747970015,22.33926607356986,56.13577023498695,0.34538172128124245,0.35266559972850586,24.466196499325125,20.242803500674878,0.04886758856452999,0.0363376477544555,0.03184103630911164,64012898.0,0.554530445248282,0,0,-1,0,0,0.010909090909090839,-0.37199799242740794,0.4925606804793102,0.5768422751241234,-0.02258201959948858,0.09342230695900855,0.5610509501079173,0.04417175239755874,0.0
2025-07-22,22.98,22.94,0.03360174654676807,0.014252022707201632,0.03831164542081383,-0.1288354367772121,0.0017421607193848518,23.126,22.464,22.132,1,22,7,22.831883521066377,22.380603746242777,56.02094240837697,0.33829339092729427,0.34979115796826354,24.457952963600555,20.470047036399443,0.022459626939236976,0.03619661808282988,0.03175875464072881,64818350.0,0.5175648667942914,0,0,-1,0,0,0.0026155187445509468,-0.4984085569132176,0.4910688120295717,0.5746034984925086,-0.011187607573149627,0.10533910533910551,0.19757900052884014,0.021105308964316772,0.0
2025-07-23,23.46,22.98,0.005636260314198156,0.009389740349838917,0.004587665064262334,-0.010462360827080134,0.020672570804719882,23.094,22.574,22.18166666666667,2,23,7,22.946086517236125,22.450242214227117,65.20547945205482,0.3671752587021011,0.3532679781150311,24.530671717617725,20.617328282382278,0.023163001025029488,0.03615615047183575,0.03187758110575175,65615419.0,0.9056194680206413,0,0,-1,0,0,0.006527415143603071,-0.4904930166780911,0.5084411185137598,0.5739610950834483,0.019113814074717794,0.10348071495766686,-0.6289539059190721,0.02557544757033239,0.0
2025-07-24,23.0,23.46,0.013313488465464225,0.005507321693761993,-0.00043601483141157986,0.14622850764728523,-0.019802627296179754,23.032999999999998,22.6785,22.200666666666667,3,24,7,22.955888968647734,22.485710458470532,60.212201591511935,0.3489240125575499,0.35239918500353484,24.47790662734277,20.87909337265723,0.023848689370889378,0.03626349718573382,0.031935397086563615,64692843.0,0.3573400198872979,0,0,-1,0,0,-0.0008525149190110645,-0.3241155041415381,0.5368902550232053,0.5756651713376542,-0.0004345936549327023,0.09995217599234807,-0.10860588077879481,0.032173913043478344,0.0
2025-07-25,23.11,23.0,-0.013745920904635126,-0.011045142023073213,-0.0021829303582159903,-0.03400972542076295,0.004771208357139662,23.023,22.761000000000003,22.248,4,25,7,22.983909156166327,22.52598720308534,60.86387434554974,0.3394231899365181,0.3498039859901315,24.47442562383659,21.047574376163414,0.02335702563636791,0.035927351775440715,0.03127421991637946,65584570.0,0.40737105263844386,0,0,-1,0,0,0.005217391304347869,-0.3511162057796263,0.36902447912761627,0.5703290283777062,0.05045454545454553,0.07688723205964587,0.2982618737458535,0.022933794893985338,0.0
2025-07-28,23.2,23.11,-0.0004326195178874519,-0.0023521875487480443,0.0013103299538071603,-0.05379973620819494,0.0038868543859748054,22.996,22.825499999999998,22.302999999999997,0,28,7,23.02319840049972,22.569471899660478,39.1038696537678,0.33529094212874355,0.34690137721785397,24.500737296623594,21.150262703376402,0.023073743558530247,0.035712441602096114,0.031228311983705993,66429590.0,0.44710083849589244,0,0,-1,0,0,0.0,-0.3311044885102354,0.22928420055979348,0.5669174351403805,0.011333914559720881,0.05887722501141024,-0.5771730826297796,0.019181034482758635,0.0
2025-07-29,22.83,23.2,0.01075973367373702,0.006614768597906957,-0.003936152031474529,-0.12501814703659409,-0.016076818130560187,22.955000000000002,22.866999999999997,22.363,1,29,7,22.98807141859068,22.586280164198513,40.083507306889324,0.29871677712688083,0.33726445719965936,24.496634766959435,21.23736523304056,0.023416135271931506,0.03597330617845728,0.03101902554787886,65683876.0,-0.045408947759544176,0,0,-1,0,0,0.006896551724137937,-0.45306945449310865,0.26396265682239173,0.5710585319098878,-0.006527415143603221,0.03772727272727261,0.15144902020536197,0.030223390275952753,0.0
2025-07-30,23.5,22.83,-0.017707221453472203,0.006782560973914375,0.00043811610777454494,-0.059715252980938556,0.028924960608409298,23.003,22.939,22.444333333333336,2,30,7,23.081149342483283,22.645229831024416,48.96030245746692,0.32010491819805154,0.3338325493993378,24.545590374544073,21.332409625455927,0.025110266414959705,0.03647363347224068,0.03138118670554936,66386363.0,0.6983734110310518,0,0,-1,0,0,0.005256241787122252,-0.49167972336837784,0.31116701416520537,0.5790009814708208,0.0017050298380221207,0.0652765185856754,0.64024080467076,0.03574468085106398,0.0
2025-07-31,23.51,23.5,0.016850690351855706,0.005897236972878701,0.01262258326247272,0.5189266797747004,0.00042544140186483246,23.053,23.052500000000002,22.51033333333333,3,31,7,23.159122189304505,22.70102145482929,53.06122448979592,0.33401181028289173,0.33386840157604863,24.462402945520783,21.64259705447922,0.02510114268747795,0.0351992237767496,0.0311973431923755,67566698.0,0.6489808414876542,0,0,-1,0,0,-0.006808510638297878,0.21549293820582185,0.25751107244757765,0.558770354734747,0.022173913043478377,0.10687382297551795,0.6561043211031258,0.02934921310080807,0.0
2025-08-01,22.49,23.51,0.006406171812411507,-0.013530861827949988,-0.03342439551727837,0.02563247844391416,-0.04435509658075397,23.102,23.104,22.538333333333334,4,1,8,23.037463609430958,22.68740716742095,41.34275618374559,0.2597335996908683,0.3190414411990126,24.332561846438757,21.87543815356124,0.024997227025598263,0.03683414170436158,0.03233867209840141,66355717.0,-0.9995426795644144,0,0,-1,0,0,-0.0008507018290090653,0.2183022410041968,0.42607105717755384,0.5847238722375213,-0.02682821289485071,0.0479962721342031,-0.3304767346554282,0.050244553134726505,0.0
2025-08-04,23.18,22.49,-0.043948773645330966,-0.008550714774571819,-0.0031355008891209707,-0.5330524471714695,0.030219071940381308,23.126,23.1905,22.611666666666665,0,4,8,23.063379316807147,22.71918735016799,49.50980392156864,0.25362122843283075,0.30595739864577626,24.140834567124845,22.240165432875155,0.023057450043517457,0.03733666918073907,0.032146561678467286,67066334.0,-0.02209748095719013,0,0,-1,0,0,-0.00044464206313908454,-0.5319345542852421,0.4981632691098905,0.5927012486143518,-0.0008620689655172153,0.08065268065268061,-0.4612806288097615,0.04314063848144953,0.0
2025-08-05,23.22,23.18,0.03281852175682744,0.002144542962160276,0.016021704531265585,0.4024156914689835,0.0017241383581397326,23.15,23.137999999999998,22.692666666666664,1,5,8,23.091855804660394,22.751497843705536,51.68350168350167,0.24913294635394223,0.29459250818740945,23.94197957554494,22.334020424455055,0.023057410582426618,0.022402988883265793,0.03205792206579067,68129014.0,0.20398528145300335,0,0,-1,0,0,0.002157031924072507,0.5400178582594001,0.47738464022450333,0.35563642325799555,0.01708278580814726,-0.04326328800988877,-1.050415178154649,0.029715762273901866,0.0
2025-08-06,23.49,23.22,-0.0021547088707121495,0.016360717637581786,0.015334364000106742,-0.09485144512498964,0.011560822401076006,23.153,23.1235,22.767,2,6,8,23.164245658358503,22.799143144111632,53.87096774193546,0.26431582567841616,0.28853717168561077,23.888229742422812,22.358770257577188,0.02235780360819963,0.02216958472440077,0.03190245669604214,69095530.0,0.9585085545093497,0,0,-1,0,0,-0.0017226528854435465,0.3609199078452603,0.4319605405432592,0.35193124710204515,-0.00042553191489369535,-0.012195121951219634,-1.098495472699139,0.030864197530864262,0.0
2025-08-07,23.06,23.49,0.019650354626291923,0.011524485851953918,-0.0037024979680623676,0.712888619977019,-0.01847528382990844,23.159,23.096,22.83866666666667,3,7,8,23.14529190229332,22.815972618685077,59.43060498220638,0.2388971034890055,0.2786091580462897,23.825827665309646,22.366172334690354,0.022232059431464314,0.02248698636336013,0.03194456807056836,67123958.0,-0.09865342658592577,0,0,-1,0,0,0.006385696040868546,3.3721144040191255,0.45141508255643836,0.3569698419165098,-0.019140791152701064,-0.02329521389241851,-0.4141466024853465,0.0470511708586297,0.0
2025-08-08,22.85,23.06,0.10320082479741763,0.09455231694122289,-0.054479457414673554,0.29776109566172965,-0.009148397500699183,23.133,23.078,22.884999999999998,4,8,8,23.091602465512715,22.81816793360862,49.079754601226995,0.19950753934072907,0.26278883430517763,23.81372306002417,22.34227693997583,0.022367146512118186,0.022260587204973488,0.031735650913001505,64468566.0,-0.6197984333738492,0,0,-1,0,0,0.13660017346053782,3.336653166713154,0.30143188667754645,0.35337586669575755,0.01600711427301027,-0.015510555794916003,0.5477091178267223,0.2048140043763676,0.0
2025-08-11,21.75,22.85,-0.13806555679361088,-0.12802292700282278,-0.0074005888181713966,-0.6282585370206855,-0.04933735980552066,22.988,22.992,22.879666666666665,0,11,8,22.8476747445104,22.749253873375807,39.663865546218496,0.07862389176768403,0.2259558457976789,23.913454228236844,22.070545771763157,0.026749888452073472,0.024458704002908442,0.03284226938619712,63051861.0,-2.6957388917222884,0,0,-1,0,0,-0.0008752735229760667,0.6937742629501242,0.3637254077672766,0.38826988909581456,-0.061691113028472855,-0.07328504473796327,-1.0004326671489119,0.07678160919540238,0.0
2025-08-12,21.78,21.75,-0.048461703007011005,-0.04968457523785592,-0.013084298814440513,-0.32721728301618536,0.0013783599701213596,22.883,22.919,22.872333333333337,1,12,8,22.653552063690327,22.68672136541608,34.72727272727275,-0.014588355097441053,0.17784700561865494,23.9786901235236,21.859309876476402,0.026602447963587548,0.024435181310502856,0.03283501421246355,64073202.0,-2.1496850347395626,0,0,-1,0,0,0.0,-0.1670995078435543,0.3628830386937169,0.3878964779301835,-0.06201550387596888,-0.06282271944922535,-0.9993614734347248,0.037878787878787845,0.0
2025-08-13,23.06,21.78,0.009153381986487201,0.04925363362377439,0.020945610976398518,0.34856186252818927,0.05710739733609842,22.839,22.921,22.905666666666665,2,13,8,22.727451688473902,22.710803857969882,50.47468354430379,0.01465661792957107,0.14520892808083818,23.981643300325345,21.860356699674654,0.03185503814241364,0.027983990170186573,0.0345359189602507,65520471.0,0.2621050827499917,0,0,-1,0,0,0.007805325987144084,0.6652327813678433,0.6221408249046104,0.44423207208953847,-0.018305661983822885,0.0017376194613378804,0.9791665790693238,0.06461405030355588,0.0
2025-08-14,22.55,23.06,0.045857132899429415,-0.007354564839670332,0.025018361957198317,-0.3194596650551515,-0.02236444889222553,22.743000000000002,22.898,22.949333333333332,3,14,8,22.69518774511501,22.70042941552021,45.83333333333334,-0.003281441584078948,0.11551085414785477,23.97040212410653,21.825597875893468,0.032499947850625155,0.028436709905345758,0.0340525893757711,64468970.0,-0.649010277352694,0,0,-1,0,0,-0.0034692107545532653,-0.16632108235205914,0.6285705914090071,0.45141877508659184,-0.022116218560277456,-0.01999130812690142,1.0230674734990484,0.034146341463414616,0.0
2025-08-15,23.4,22.55,-0.012699973628859234,0.017432917542075533,0.013395945991390178,-0.04007528565789547,0.037000956414968304,22.834,22.967999999999996,23.014000000000003,4,15,8,22.82333542782137,22.745563001615682,51.33689839572192,0.050508186336386984,0.10251032058556123,23.974329442760734,21.96167055723926,0.03159684976393071,0.027746697232776944,0.03462996711635771,65479165.0,0.8585657571835814,0,0,-1,0,0,0.006208425720620868,-0.22527765800045807,0.6888047537102178,0.4404651634879911,0.024070021881837933,0.06363636363636349,0.04421257735996302,0.037384615384615405,0.0
2025-08-18,23.78,23.4,0.04143881614619147,0.033360903453764995,0.045059420192775416,-0.137891529393414,0.01610886889898019,22.894,23.009999999999998,23.091666666666665,0,18,8,22.997274440944757,22.812300872479188,56.341789052069444,0.12238885566055302,0.1064860276005596,24.079539989655547,21.94046001034445,0.030576879590202454,0.02637152051483283,0.03469912049083201,66359240.0,1.4398713604864555,0,0,-1,0,0,0.010683760683760684,-0.4961025855385479,0.49808356862806374,0.4186349098613143,0.09333333333333349,0.03661726242371399,0.021608783684840698,0.026492851135407863,0.0
2025-08-19,22.74,23.78,-0.009345862418237658,-0.02127296069890977,-0.04197025238611843,0.4894452595847423,-0.04471940294024593,22.845999999999997,22.998,23.040666666666667,1,19,8,22.950497269863888,22.80763630006118,45.16539440203561,0.09434791161925205,0.1040584044042981,24.07432121990592,21.921678780094084,0.033974168014866406,0.028296913621700847,0.026212165988315682,64923476.0,-0.4794107841199201,0,0,-1,0,0,-0.014718250630782229,0.6128473567633931,0.6688609685269487,0.44919957788217896,0.044077134986225674,-0.010443864229765065,-0.20824646131372282,0.047933157431838166,0.0
2025-08-20,22.56,22.74,-0.027256716559309134,-0.02843590847085575,-0.009769171832610323,-0.6924592818405226,-0.007947061692531834,22.753,22.953,23.0,2,20,8,22.87949776625227,22.791659764573364,44.084682440846805,0.05694434678211735,0.09463559287986195,24.02323066869215,21.88276933130785,0.03369159442910711,0.027900331278782952,0.02601083966235386,64205100.0,-0.7344211140580696,0,0,-1,0,0,0.0026385224274407333,-0.8911685227132559,0.5063914003197254,0.4429040283598584,-0.021682567215958404,-0.038363171355498826,0.14920611104224984,0.028590425531914876,0.0
2025-08-21,23.13,22.56,-0.017699577099400975,0.012071713743110137,-0.0026809667532577126,0.12646490660672588,0.02495204961348975,22.759999999999998,22.9595,22.983999999999998,3,21,8,22.92504362693367,22.813488166858953,54.22163588390502,0.0724607065617704,0.09020061561624365,24.032508068836478,21.88649193116352,0.0343779558391074,0.02817761738452119,0.026434772944391404,65020320.0,0.31779816937422073,0,0,-1,0,0,-0.0070921985815602905,-0.6717955647184118,0.5111041123146042,0.44730580882664006,0.025720620842571984,0.005652173913043512,-0.9931598897182836,0.04258538694336358,0.0
2025-08-22,23.53,23.13,0.03250176290453634,0.020151281096992397,0.024747175405826164,-0.046000396133230724,0.01714572649592346,22.828,22.9805,22.994666666666667,4,22,8,23.035035694763913,22.859714736739022,52.400548696845,0.11570046756792252,0.09530058600657944,24.081972220544074,21.879027779455924,0.03454308386461693,0.028411879706837482,0.026432629594261008,65798889.0,0.997755530736082,0,0,-1,0,0,0.00043233895373979953,-0.7308548000201307,0.44662614957156566,0.4510246079050482,0.005555555555555758,0.018173950670705485,-1.3500292565995453,0.03824904377390559,0.0
2025-08-25,23.14,23.53,0.010745858830557108,-0.015661695789959403,-0.00284122145016934,0.05875572552305218,-0.016713480973740667,22.967000000000002,22.9775,22.983666666666668,0,25,8,23.054120113897746,22.877797656949408,49.476439790575924,0.11714813824148251,0.09967009645356006,24.076779668452208,21.87822033154779,0.030509284499307527,0.028680316198152877,0.026541753731739552,64973204.0,0.2956481497175366,0,0,-1,0,0,-0.0059498512537186805,-0.6304192990224137,0.43876251521852805,0.45528590509805994,-0.02691337258200166,-0.002586206896551646,-0.3880868392671242,0.025713050993949976,0.0
2025-08-26,22.64,23.14,-0.013775508410425356,-0.003418806748785609,-0.025940929167835913,0.6462301285543226,-0.021844468430548377,23.053,22.968,22.963666666666665,1,26,8,22.97882554773452,22.862455872630093,44.59974587039392,0.07706129175220511,0.09514833551328908,24.0758970121236,21.8601029878764,0.03178802304652546,0.02887590951724308,0.026776582938559276,63397522.0,-0.5921127982307559,0,0,-1,0,0,-0.003025064822817644,0.8341262992729468,0.33101238662071686,0.45839085278057023,-0.004397537379067673,-0.008322382829610064,0.4530169336397007,0.04858657243816245,0.0
2025-08-27,23.02,22.64,-0.014407583863272408,0.001924516792007756,0.01670603504052324,-0.5765417534334228,0.0166451499587543,23.049,22.944,22.963666666666665,2,27,8,22.98631181178279,22.872620009879764,49.74424552429668,0.07508941724633544,0.09113655185989836,24.023812849281025,21.864187150718973,0.02605464928278688,0.028334983187506636,0.026902941499103612,64282800.0,0.14076513360737247,0,0,-1,0,0,0.004416961130741955,-0.6206157779169957,0.3433442626030876,0.4498039135040329,0.020390070921985748,-0.020425531914893602,-0.5250620753505911,0.03344917463075585,0.0
2025-08-28,23.25,23.02,0.013106347505300583,-0.004925590855784353,0.007701655408374592,-0.31217153033040673,0.009941728739628735,23.119,22.931,22.971666666666668,3,28,8,23.034255118731373,22.896967106016554,52.551020408163254,0.09103635981584901,0.0911165134510885,23.988144117048027,21.873855882951975,0.02496370214918339,0.02843465322220961,0.02695973857124891,64930696.0,0.6035127942456441,0,0,-1,0,0,0.000868809730668965,-1.031161719209887,0.29860168348344573,0.45138612625396834,0.005188067444876765,-0.011059123777116153,-0.5478734338409218,0.020645161290322598,0.0
2025-08-29,23.67,23.25,0.009073296205674975,0.025017204628151803,0.015443482572315115,0.5125497222415045,0.01790329149252725,23.145999999999997,22.990000000000002,23.02733333333333,4,29,8,23.14984509714385,22.946840195950973,63.407821229050285,0.13599722524990554,0.1000926558108519,24.074862348774346,21.905137651225658,0.02262472349981262,0.026791949039186032,0.025773052962592066,66012386.0,1.2536152642190042,0,0,-1,0,0,0.0,-0.13478627670114757,0.3012614385698427,0.42530900577841285,0.005949851253718608,0.05246776345042248,-0.5357146538209819,0.030207013096746928,0.0
2025-09-02,23.41,23.67,0.009843862926530486,-0.005879899342879403,0.00021581957567330022,-0.37886245254965545,-0.011045142023073213,23.108999999999998,23.0015,23.043000000000003,1,2,9,23.19714598857224,22.976721473631557,61.02841677943165,0.1489324078520866,0.10986060621909885,24.09963765794102,21.90336234205898,0.022273320437254784,0.0261298968498478,0.024746236745715914,65271818.0,0.7439868709464488,0,0,-1,0,0,-0.00802703844528945,-0.8345677952842173,0.282348960670008,0.414799253090804,0.01166810717372524,0.009922346850733454,-0.6787411191590366,0.024348568987611993,0.0
2025-09-03,23.54,23.41,-0.0029857134570763317,-0.0004255328177395086,-0.0010795639610510787,0.0678494915934006,0.005537820329311158,23.189,23.017500000000002,23.061666666666667,2,3,9,23.259483081559107,23.013062023719844,53.84615384615384,0.16773994512898227,0.12143647400107555,24.13813656721891,21.896863432781092,0.016574380392408935,0.026150906158119564,0.024760101499215002,66064377.0,0.9325057119931192,0,0,-1,0,0,0.0,-0.6921039942300174,0.18593341113380898,0.4151327655202315,0.039752650176678284,0.013781223083548788,-1.2853749140485327,0.02484706881903148,0.0
2025-09-04,23.56,23.54,0.005112921236451656,-0.007185497580396572,0.005815848380003271,0.028290419280638537,0.0008492569512553284,23.289,23.021,23.064999999999998,3,4,9,23.31412252127563,23.048348344770176,58.782608695652144,0.1821590704014362,0.1335809932811477,24.148267772792984,21.893732227207018,0.016124138694176667,0.026031338941865306,0.024476528786773234,66879678.0,0.9562945255935775,0,0,-1,0,0,-0.0004248088360237048,-0.6261531012615107,0.17173857388976022,0.4132346948052412,0.023457862728062606,0.0029799914857386867,-0.4516104852443696,0.011884550084889542,0.0
2025-09-05,22.55,23.56,-0.0025531928763390913,-0.0012741560441147705,-0.04525261425098792,0.18392172936736495,-0.04381529283469853,23.231,22.9955,23.05,4,5,9,23.175191153770967,23.016196838655972,42.80879864636213,0.1108104184593266,0.12902687831678347,24.141963211243848,21.849036788756152,0.02023010053924529,0.02750175048185327,0.025481063340344952,65899750.0,-0.7771727790840437,0,0,-1,0,0,-0.0038200339558573794,-0.21509700515061575,0.36748764812142254,0.4365767543636072,-0.03010752688172036,-0.022116218560277456,-1.1833067309189584,0.05676274944567632,0.0
2025-09-08,22.85,22.55,-0.03556315793388914,-0.028231591577686184,0.01472255010926674,0.13823253337351254,0.013216051391526462,23.163,22.9955,23.041333333333334,0,8,9,23.116065489448975,23.00547446196849,42.02401372212694,0.07757930461910334,0.11873736357724744,24.141963211243848,21.849036788756152,0.019835133346947347,0.02760006616365135,0.025587451210074597,67024945.0,-0.2538241063001736,0,0,-1,0,0,0.0044345898004433644,0.4513988987332621,0.349038533605368,0.43813746742770004,-0.03464300802703846,0.0,-1.425671182256219,0.012910284463895041,0.0
2025-09-09,22.97,22.85,0.0131580845775112,0.007621158281072566,-0.0022168042773628056,-0.266693049228533,0.005237899360792966,23.145999999999997,23.0565,23.033666666666665,1,9,9,23.089508127730976,23.00318578700278,52.34215885947047,0.060232086600482404,0.10703630818189444,24.04253458890904,22.07046541109096,0.019339404807179637,0.025133748271370368,0.02559588242001637,67886741.0,-0.17545023465293574,0,0,-1,0,0,0.004376367614879556,-0.44074860997540133,0.3558283240299046,0.39898588464567325,-0.018795386586928697,0.0560919540229885,-2.008385158618191,0.02263822377013494,0.0
2025-09-10,22.63,22.97,-0.004804551718744714,-0.00609227297725342,-0.004671346499293242,-0.06337542663113205,-0.014912557055560823,23.145000000000003,23.099,23.026999999999997,2,10,9,23.00596119541625,22.979109284615507,50.69033530571992,0.018832048704403803,0.08939545628639632,23.911349419243997,22.286650580756003,0.018623155609185055,0.025448217360057788,0.02557211967818688,67077867.0,-1.1546755346645527,0,0,-1,0,0,-0.005659555942533697,-0.6006433229447818,0.35223017519872357,0.40397792666777743,-0.038657604078164876,0.0390266299357207,-1.2232733438363799,0.021431727794962416,0.0
2025-09-11,23.17,22.63,-0.0017528488274143605,0.012578782206860185,0.006445182884584535,-0.011255204459540754,0.023581878798839037,23.16,23.1045,23.016000000000002,3,11,9,23.035786432613293,22.991424814640315,50.39682539682542,0.029258434413126366,0.07736805191174233,23.917227053294393,22.29177294670561,0.019443517939509717,0.022377656746574257,0.025374066991392896,67877688.0,0.16118572584607738,0,0,-1,0,0,0.007512152010605466,-0.5635004466439396,0.418821411195169,0.35523428805481333,-0.016553480475381854,0.004770164787510911,-0.9147040877425694,0.027190332326283942,0.0
2025-09-12,22.51,23.17,0.012205905679503545,-0.005185837032365526,-0.0031062816190698746,0.002267934317836517,-0.028898683525643915,23.086000000000002,23.1025,22.982666666666667,4,12,9,22.940188899410874,22.96036514917965,40.37735849056604,-0.015555746976488649,0.05878329213409613,23.92114779394133,22.28385220605867,0.021158778459888793,0.022758178684288935,0.025894747949239013,67076051.0,-1.4475089394608687,0,0,-1,0,0,-0.003884333189469288,-0.502425129143377,0.3371528587717593,0.361274886548398,-0.0017738359201773246,-0.0017738359201773246,-0.40569242061520394,0.0257663260772989,0.0
2025-09-15,22.13,22.51,-0.016161085522431576,-0.014840953317508818,-0.020656324925660753,0.2445512351863777,-0.017025500855682694,22.932000000000002,23.039,22.970666666666666,0,15,9,22.792881826790712,22.906793204071285,40.453686200378066,-0.0808026896951155,0.030866095768253807,23.95206078658472,22.125939213415283,0.02015030934682246,0.021242134769491713,0.024833493593609195,66052322.0,-1.9911051122896093,0,0,-1,0,0,0.008884940026654789,0.4448322223772428,0.3291408218512692,0.33720843549716056,-0.031509846827133536,-0.0542735042735043,0.7387610837982242,0.03163126976954358,0.0
2025-09-16,21.77,22.13,-0.02858613584882209,-0.020211681923870756,-0.015546723738299897,0.5331462532696409,-0.01640127881650222,22.768,22.938499999999998,22.92366666666667,1,16,9,22.606903312828763,22.83345170703443,41.55339805825242,-0.15971920960634733,-0.007250965306666423,23.945763619912245,21.93123638008775,0.020348642065655266,0.020969089805814693,0.02429116342657247,64307595.0,-2.32014733164253,0,0,-1,0,0,-0.0027112516945322516,2.628239483505707,0.3171637491385088,0.3328739810733922,-0.05224205485415756,-0.08452481076534912,1.7917245255136085,0.02687184198438222,0.0
2025-09-17,21.63,21.77,-0.008646242714864659,-0.002471078422413939,-0.007864949170142136,-0.6305396208923242,-0.006451635281488719,22.576999999999998,22.883,22.87066666666667,2,17,9,22.429284528678078,22.755809661419306,35.84521384928718,-0.23089632110823644,-0.05198003646698043,24.046517353363363,21.719482646636635,0.019871315968147906,0.01881548691558622,0.024295935693483272,63378869.0,-2.1538140301525743,0,0,-1,0,0,0.005052824988516281,-0.03203284677081927,0.3155989667121708,0.2986865950513854,-0.044189129474149325,-0.04881266490765168,1.403992910498968,0.032362459546925536,0.0
2025-09-18,22.52,21.63,-0.011491737588813038,0.022242909888346617,-0.0055892087746802765,0.36904623088710625,0.040322563306522355,22.473,22.881,22.83833333333333,3,18,9,22.44577825073661,22.740596134876128,43.447037701974864,-0.21303341620392402,-0.08419071241436915,24.046989979192652,21.715010020807348,0.0252727444427689,0.021107589785636847,0.025440837914486352,64722136.0,-0.6192162993544109,0,0,-1,0,0,0.0,1.3140135665237382,0.4311390753374185,0.3350726000925735,-0.028053517479499468,-0.0017730496453900457,1.7804085050549865,0.058614564831261116,0.0
2025-09-19,21.62,22.52,0.03363953553707097,-0.01172709534232856,0.006981643439204882,0.7254256731754868,-0.04078499106042739,22.380000000000003,22.8055,22.79033333333333,4,19,9,22.29563675060268,22.668299610045413,33.05785123966942,-0.26840540334494634,-0.1210336506004846,24.09283874820512,21.518161251794876,0.024791230377777047,0.022037277151267583,0.026240897026688147,61947470.0,-1.8417840706696451,0,0,-1,0,0,-0.006660746003552335,3.475342993520593,0.47532761258857115,0.34983092949155975,-0.039537983118614006,-0.0652831820146994,1.2624362206313575,0.04185938945420912,0.0
2025-09-22,22.13,21.62,-0.02948728043630363,-0.012316805577620627,0.007393749024938192,-1.105028916412801,0.023315341851895988,22.308,22.735500000000002,22.766333333333332,0,22,9,22.265520977765828,22.63357060294571,39.84126984126983,-0.2680455026338393,-0.15043602100715556,24.0091433442765,21.461856655723505,0.025779204833294576,0.0223866861945868,0.026604049693582488,62866443.0,-0.9508156309550875,0,0,-1,0,0,0.0046253469010174774,-0.317211558397305,0.5114314938737453,0.35537762609831763,0.0,-0.05949851253718663,0.11493717403331494,0.02123813827383653,0.0
2025-09-23,21.47,22.13,0.017796499803620167,0.00022530134149588568,-0.013441685580249033,-0.03579853137091813,-0.030277542172268593,22.158,22.652,22.757,1,23,9,22.12088079999022,22.558501531787925,34.84626647144948,-0.3173584521891364,-0.18382050724355176,24.0287788493432,21.2752211506568,0.026908583574946156,0.0230025798362614,0.025672230518361084,61979786.0,-1.7170513631348732,0,0,-1,0,0,-0.0009037505648440838,-0.39082250654241,0.5471003569462095,0.3651546345579391,-0.013780431786862724,-0.07216940363007784,0.25407819694489187,0.035631113181183074,0.0
2025-09-24,21.7,21.47,-0.022873824350560328,-0.015208555537606059,-0.0037400698108519762,0.3665968329249724,0.01065564865572412,22.064999999999998,22.604999999999997,22.75433333333333,2,24,9,22.044357018173816,22.503114336188705,36.789772727272734,-0.3340297550921285,-0.21386235681326712,24.04617642004128,21.163823579958713,0.027231698431485266,0.022796852023227496,0.02574739390203276,63259069.0,-1.2559184113962587,0,0,-1,0,0,0.006520726595249212,0.45735080223990443,0.5524500871023114,0.3618888067715977,0.003236245954692629,-0.04151943462897534,-0.22537370025326617,0.023502304147465347,0.0
2025-09-25,21.36,21.7,0.000925069446172812,0.0,-0.008863521176427434,-0.22427216355004687,-0.015792246454419755,21.884,22.522,22.697666666666667,3,25,9,21.919928469414938,22.429365024176533,40.65934065934066,-0.37040721742248195,-0.24517132893511012,24.051067139071495,20.9929328609285,0.02558036422959846,0.02255283519487541,0.023386710985786496,62236797.0,-1.5198809395715704,0,0,-1,0,0,-0.0032258064516129162,-0.0984646261290483,0.425955176435141,0.3580151597103916,-0.05150976909413851,-0.07211120764552559,0.299811114853015,0.032696629213483125,0.0
2025-09-26,21.46,21.36,-0.004633928588695586,-0.006194811596936673,0.007926313985053023,-0.12949366528869413,0.0046707231105582794,21.779,22.432499999999997,22.661333333333335,4,26,9,21.836305111339495,22.3668253451974,38.73581847649919,-0.3867097053744999,-0.2734790042229881,23.991404811245747,20.873595188754248,0.02473771992600958,0.022416593731297358,0.023113274862939858,63134904.0,-1.2476707916795169,0,0,-1,0,0,0.007958801498127421,-0.39428332718454173,0.33857850059286076,0.3558523935250936,-0.007400555041628176,-0.07698924731182788,-0.3778442272359423,0.018406337371854757,0.0
2025-09-29,21.42,21.46,0.0,-0.003920217173175045,0.0,0.07632930754646158,-0.001865672182949623,21.708,22.32,22.595333333333333,0,29,9,21.76061327291413,22.305739839055637,37.27422003284076,-0.3982662448767975,-0.29843645235375,23.826756712104693,20.813243287895308,0.024354805243287696,0.021830777534554844,0.021903327978915317,62165561.0,-1.1946188694827133,0,0,-1,0,0,0.003261882572227413,-0.22862151755466548,0.25973053765977966,0.34655284970164735,-0.03208314505196552,-0.09505703422053235,-0.6856340540615753,0.014472455648926342,0.0
2025-09-30,21.52,21.42,-0.0041889751736704,-0.0009246417672185651,-0.017021687569430635,0.09016952380956873,0.00465767027398094,21.683,22.2255,22.52,1,30,9,21.716865405111562,22.255046946213337,40.51282051282052,-0.39480465907515594,-0.31771009369803116,23.68060317955696,20.77039682044304,0.02398353706424952,0.021876214353776634,0.02165866383405114,63226371.0,-0.9696906857351608,0,0,-1,0,0,0.0009337068160597372,-0.06750320557045177,0.1599626040092597,0.34727413684580727,0.0023288309268747476,-0.08073472874839815,-1.2365451198742257,0.03020446096654285,0.0
2025-10-01,21.22,21.52,-0.002802430605702233,0.001848429361782375,0.006180195568192258,0.06164917362588451,-0.014038602107746663,21.642000000000003,22.1095,22.46933333333333,2,1,10,21.626526240545825,22.188269723876992,32.62032085561495,-0.4115250159647488,-0.33647307815137467,23.491435713334155,20.727564286665846,0.024291715086536405,0.02186375677141644,0.020376060400819126,62098105.0,-1.287324716218428,0,0,-1,0,0,-0.006505576208178465,0.04344005079001932,0.1565747220919982,0.3470763788566342,-0.022119815668202758,-0.09855564995751909,-0.329773046405236,0.02639019792648439,0.0
2025-10-02,20.55,21.22,-0.00939856542363869,-0.013479172241788283,-0.05004687767377404,0.2964066849832782,-0.0320831922435934,21.445,21.959,22.402333333333335,3,2,10,21.430794196810222,22.0825749029817,32.56227758007117,-0.4733825603544375,-0.36385497459198723,23.331387853724877,20.586612146275122,0.020673137691607155,0.02260101663480016,0.02105532438126862,60580568.0,-2.053355392465401,0,0,-1,0,0,-0.0018850141376059919,0.8185957727786645,0.24454115864846285,0.35878001635749085,-0.037921348314606695,-0.12775891341256362,-1.1546312252024031,0.06326034063260344,0.0
2025-10-03,20.59,20.55,-0.030683135672848243,-0.016989554474147135,0.019734236864951325,-0.3546754867493617,0.0019445800974543762,21.342,21.860999999999997,22.31766666666667,4,3,10,21.277922524662905,21.986279747950626,35.41666666666667,-0.5132608921656825,-0.3937361581067263,23.332066923948673,20.38993307605132,0.01771669491621048,0.020975651548325057,0.0204002633782309,61644970.0,-1.7279975224897957,0,0,-1,0,0,-0.0004866180048662561,-0.1833205845402831,0.236522369872811,0.3329781455064902,-0.04054054054054057,-0.08691796008869179,-1.2163142130773879,0.026226323457989448,0.0
2025-10-06,20.19,20.59,0.0034021904019555607,-0.004771001416366877,-0.017743195888637483,0.24882333744046048,-0.01961808871495186,21.148,21.728,22.20633333333333,0,6,10,21.08011842926965,21.870390731953812,35.15037593984961,-0.5705643043577879,-0.42910178735693866,23.30009347519028,20.155906524809723,0.0151075862570159,0.020803823836640478,0.02019983420955644,60279858.0,-1.9566266564573673,0,0,-1,0,0,0.0009713453132588428,0.4480391046413737,0.2399427326217834,0.33025046514568995,-0.05742296918767509,-0.11641137855579864,-0.17985316636695997,0.039623576027736536,0.0
2025-10-07,20.0,20.19,-0.017621601349819445,-0.03108555297663357,-0.020344793137593707,0.5268085653770288,-0.009455158770755213,21.000999999999998,21.5795,22.101666666666667,1,7,10,20.88373326031153,21.74972036215034,34.82309124767225,-0.6241146779629112,-0.46810436547813317,23.217335220809886,19.941664779190113,0.013250567844721579,0.020645551450683485,0.020099055829366292,57968015.0,-1.9287654581258291,0,0,-1,0,0,0.0029717682020801743,2.0796407438659137,0.19643622784627118,0.32773796890978374,-0.07063197026022305,-0.12929908576404003,-0.12120632118076118,0.028250000000000063,0.0
2025-10-08,20.58,20.0,-0.005943553900848106,0.024367677424112257,0.011102814029311882,-0.48808418712821316,0.028587456851912472,20.889000000000003,21.476999999999997,22.033,2,8,10,20.82850903116398,21.674254532334192,30.83003952569166,-0.612689874628316,-0.49702146730816976,23.09448472700806,19.859515272991935,0.016761597895304646,0.022018123647766268,0.020740515025987546,59387027.0,-1.1091294836016428,0,0,-1,0,0,0.00649999999999995,0.30565669390679356,0.36666608049027216,0.34952687704955926,-0.03016022620169656,-0.09058771542200628,0.7947752392559014,0.04105928085519917,0.0
2025-10-09,20.57,20.58,0.02985296314968113,0.02402303657141689,0.029424795626290034,-0.07218746157059612,-0.0004860267410376531,20.81,21.347,21.95133333333333,3,9,10,20.781507389134163,21.603012304441666,37.410071942446,-0.5975543178889211,-0.5171280374243201,22.801258356833536,19.892741643166467,0.016387315903128093,0.021017414037954808,0.020410460533978398,58066840.0,-1.0685859171431142,0,0,-1,0,0,0.007774538386783292,0.06264383783283488,0.2873310112122397,0.3336411044766376,0.0009732360097323145,-0.11221406991799743,1.0508002203600582,0.036703937773456444,0.0
2025-10-10,20.1,20.57,-0.010176971770538933,-0.029333210767945258,-0.025667746748577733,0.27904133253273233,-0.023113888599835684,20.674,21.226499999999998,21.846333333333334,4,10,10,20.657596954746133,21.506043768671237,25.423728813559308,-0.6163791173906645,-0.536978253417589,22.674377212007904,19.77862278799209,0.01712958577725898,0.02073200378127626,0.020539850971389155,56321735.0,-1.5560711787676706,0,0,-1,0,0,-0.001944579484686395,0.8261230315179021,0.32936044857280955,0.32911035711184633,-0.023797960174842037,-0.10706352732119062,1.3404479747156473,0.032835820895522394,0.0
2025-10-13,20.43,20.1,-0.015215017438516963,-0.010705698355988726,-0.008284219587697511,-0.34029627202408747,0.016284593764500515,20.575,21.1415,21.738333333333337,0,13,10,20.616215690246836,21.436621590047285,36.31578947368419,-0.5977788421582346,-0.5491383711657182,22.565449659074414,19.717550340925587,0.01858083741684797,0.021098844463466347,0.020479207508856997,57563481.0,-0.999333081005808,0,0,-1,0,0,0.005970149253731216,-0.21470980403610002,0.32622909454861787,0.3349337724069838,0.011887072808320909,-0.07681879801174873,0.15008679864426328,0.029613313754282937,0.0
2025-10-14,20.23,20.43,0.00296296513065727,0.015534292962184204,0.017491700338610482,-0.3576212947178167,-0.00983775764987652,20.445999999999998,21.064500000000002,21.63233333333333,1,14,10,20.545994655656504,21.358775035850687,30.503978779840807,-0.5923480984045248,-0.5577803166134796,22.511711111068188,19.617288888931817,0.018343483880812438,0.02094617729441222,0.02046770566523299,56695081.0,-1.1532526161771364,0,0,-1,0,0,-0.007342143906020488,-0.8837735838962613,0.32711309121922755,0.332510256230895,0.011500000000000066,-0.07073954983922826,0.15929053644379274,0.02842313395946628,0.0
2025-10-15,20.32,20.23,-0.0004932182590738044,-0.011140827266845732,-0.0022318670144878144,0.18005428711294078,0.004438971530627081,20.356,20.999000000000002,21.525,2,15,10,20.504904718264413,21.29175729160226,35.22727272727269,-0.5741633493279181,-0.5610569231563673,22.456985632735247,19.541014367264758,0.018381970543224362,0.021005967021074993,0.02044970442732664,57734801.0,-0.9314220726937745,0,0,-1,0,0,0.001977261492832385,-0.5511146567499114,0.23511288953267895,0.3334593887171323,-0.012633624878522709,-0.060564031437817745,-0.2342813237235748,0.0191929133858268,0.0
2025-10-16,21.33,20.32,0.00590262412245519,0.10968626543456186,0.0066807127110602394,1.9753644687611946,0.048508909772977865,20.434,20.939500000000002,21.45066666666667,3,16,10,20.654922042216338,21.29422456311179,48.532731376975136,-0.47280306615590106,-0.5434061517562742,22.222793050176314,19.65620694982369,0.022440841004017734,0.022013651685374024,0.022724670665575587,65230399.0,0.6085905319074933,0,0,-1,0,0,0.0034448818897637934,4.006638910895315,0.4412155074148571,0.3494558868473854,0.03694701020904212,-0.05284191829484908,0.8137614444759524,0.12353492733239577,0.0
2025-10-17,19.34,21.33,0.014122465053864441,-0.1024064468251758,-0.12032325064101114,-0.48128011182963026,-0.0979390424581108,20.309,20.8255,21.343666666666664,4,17,10,20.41584530726791,21.16814555904006,33.69905956112848,-0.5467481085008359,-0.5440745431051865,22.251417617757372,19.39958238224263,0.03812118081950034,0.02893503733074571,0.027195891644808446,60598181.0,-2.083570581498726,0,0,-1,0,0,-0.03047351148616965,1.8296555861713257,0.8455472581997694,0.45932947772114,-0.037810945273631935,-0.10545790934320076,-1.2763855301261935,0.13978800413650455,0.0
2025-10-20,19.63,19.34,-0.06647463016443753,-0.03568731113953122,0.06574075758087974,-1.203450081293998,0.01488351826322145,20.253,20.700499999999998,21.23633333333333,0,20,10,20.27296434231011,21.068910361682637,35.61643835616435,-0.5753176076770572,-0.5503231560195607,22.082557581251248,19.31844241874875,0.03828451519969121,0.02854700904372193,0.027236304711382865,61988573.0,-1.5491395069528437,0,0,-1,0,0,0.0005170630816960477,-0.21552175952400746,0.8431739835442483,0.4531697196264002,-0.03915810083210969,-0.11296882060551283,-1.2662583509826195,0.03856342333163515,0.0
2025-10-21,19.41,19.63,0.005668657282068186,-0.008555663663309516,0.004262182241054469,-0.036860885453872075,-0.011270611107450755,20.194,20.5975,21.11766666666667,1,21,10,20.11606173461736,20.96188388673537,36.05546995377502,-0.6086946499641002,-0.5619974548084686,22.04365461064648,19.15134538935352,0.038326691906513825,0.028013335352366,0.027194994532488397,60648499.0,-1.642286365866711,0,0,-1,0,0,-0.00866021395822711,-0.2630363912827348,0.8435520098768297,0.4446979124148864,-0.04053386060306474,-0.09594783418723796,-1.2380397918481776,0.026017516743946367,0.0
2025-10-22,19.17,19.41,0.008188377379358033,-0.0007584376548621528,-0.02255537528837982,-0.333996932119275,-0.01244184012336572,20.053,20.471,21.002333333333336,2,22,10,19.944050510141476,20.84627847468793,38.613861386138595,-0.6470533622976653,-0.5790086363063079,21.953258589556885,18.988741410443115,0.03677320487191761,0.02782200854627321,0.027169052163774764,59688931.0,-1.7554291932137525,0,0,-1,0,0,0.010819165378670833,-0.49177706167310237,0.8375100548378439,0.44166069352651555,-0.05659448818897628,-0.11658986175115194,-0.9505552087229451,0.04799165362545634,0.0
2025-10-23,19.5,19.17,-0.024769068112408858,-0.013751171612824409,0.004763173863912391,0.2549857248256523,0.0170679085121478,19.946,20.378,20.88,3,23,10,19.863314053752116,20.759421798901613,41.417322834645645,-0.6434078706809672,-0.5918884831812398,21.8588049020361,18.897195097963902,0.03751038102512069,0.028177520672026616,0.02695048410398268,60927199.0,-1.1858415633183756,0,0,-1,0,0,-0.0015649452269171171,-0.3237532283637694,0.713044853779068,0.44730427356338415,-0.0857946554149085,-0.0870786516853932,-1.7134480878080283,0.028717948717948652,0.0
2025-10-24,19.49,19.5,0.026805728694212355,0.008171649149319478,0.01727339466834285,-0.38688319335508486,-0.0005129520502318065,19.885,20.279500000000002,20.779333333333334,4,24,10,19.795438771251728,20.677523618327317,44.12751677852345,-0.6340171536515804,-0.600314217275308,21.718761140856092,18.840238859143913,0.03696889945435529,0.02811563975286621,0.026604980550670655,60086204.0,-1.0970906913117926,0,0,-1,0,0,0.008205128205128212,-0.5725421986664031,0.2226303042851704,0.446321944425393,0.007755946225439514,-0.09179869524697126,0.19909948864886526,0.020010261672652675,0.0
2025-10-27,19.53,19.49,-0.005099450112349249,0.00557952246350505,0.006207986828285396,0.012807131450519527,0.002050231369118201,19.794999999999998,20.185,20.692666666666664,0,27,10,19.747177176478687,20.60348983649975,45.955249569707405,-0.616243604370414,-0.6035000946943292,21.555508933513956,18.814491066486042,0.03642991599779897,0.02814797017076496,0.026524144544537366,60938039.0,-0.9558492965391938,0,0,-1,0,0,0.003591585428424848,-0.5608312426641439,0.19027225734070335,0.4468351738986503,-0.005094243504839446,-0.08823529411764708,0.8414306085123908,0.019457245263696823,0.0
2025-10-28,19.23,19.53,0.004081638319648678,-0.006597334256205631,-0.018215439891341216,0.050662515622629044,-0.015480185287899285,19.695,20.070500000000003,20.608,1,28,10,19.65314496257347,20.51487758898364,37.79385171790235,-0.6192273637157086,-0.6066455484986051,21.351083337471646,18.78991666252836,0.03657273630624282,0.0281713691107372,0.026509975471262437,60041936.0,-1.3126830178182196,0,0,-1,0,0,0.005632360471070119,-0.5263617081453186,0.2059956556992141,0.44720662055530475,-0.009273570324574987,-0.1064126394052044,0.619625176196142,0.03120124804992207,0.0
2025-10-29,19.09,19.23,-0.021096743325631436,-0.012295236857037466,-0.0021030501967787877,0.10251113980272812,-0.007306921863032178,19.572,19.964,20.523333333333333,2,29,10,19.550754969378296,20.4229500025976,36.92579505300351,-0.6256764359809281,-0.6104517259950697,21.195403136348954,18.732596863651043,0.03644410652478251,0.02810216299063888,0.026513358100530175,59049099.0,-1.4195188792378128,0,0,-1,0,0,0.0,-0.4604198378533054,0.19226360038039386,0.4461080074574018,-0.004173187271778955,-0.10037700282752116,0.5793347025733356,0.02095337873232051,0.0
2025-10-30,18.65,19.09,-0.008355139988360703,-0.010883756049673754,-0.023969190112996277,-0.23987996224568223,-0.0233184916478318,19.304000000000002,19.869,20.394333333333336,3,30,10,19.386981338582242,20.30856613146227,37.12255772646533,-0.6586986272316793,-0.6201011062423917,21.19924572324442,18.53875427675558,0.031036329977917845,0.02773839350509527,0.025323908347714155,58268012.0,-1.8327440993787283,0,0,-1,0,0,-0.001047668936616007,-0.5653886744826913,0.1655118089235979,0.44033334589758805,-0.04358974358974366,-0.09245742092457432,-0.47249184362581487,0.034316353887399495,0.0
2025-10-31,18.71,18.65,-0.018523948562881823,-0.013113222261676376,-0.0037807228399060443,0.30380156298901495,0.0032119941961737905,19.241,19.775,20.297333333333334,4,31,10,19.26389382247638,20.205432832658254,33.95522388059703,-0.6722778525451503,-0.6305364555029433,21.15547284042732,18.39452715957268,0.013040103250764438,0.027755296207814053,0.02453879541684052,59326385.0,-1.542949587722902,0,0,-1,0,0,0.0037533512064343317,-0.39263305986277774,0.1788974330462894,0.44060166798486056,-0.04002052334530515,-0.09130645944633309,-0.36422934963934883,0.024585783003741358,0.0
2025-11-03,18.43,18.71,-0.0005343307634476279,-0.012217947471933974,-0.02354338143464812,0.22750206444271492,-0.015078368604266444,19.121000000000002,19.687,20.174,0,3,11,19.11227676384431,20.090888778938368,33.45588235294119,-0.6975917430039118,-0.6439475130031371,21.176190525437306,18.197809474562696,0.011767340345479164,0.027645868120467276,0.024020634013037178,57997640.0,-1.6881654543576703,0,0,-1,0,0,0.0,-0.2232226029893499,0.15768748596126897,0.4388645509514704,-0.056323604710701525,-0.08717186726102033,0.6838612874176523,0.035811177428106356,0.0
2025-11-04,18.57,18.43,-0.02325057425999427,0.006924128862218779,-0.001108647563663969,0.003086869814309537,0.007567603682882496,19.037,19.6155,20.077333333333335,1,4,11,19.013680988599887,19.99276692223267,34.06193078324226,-0.698306708542777,-0.6548193521110651,21.176976696490804,18.054023303509197,0.012369781882048275,0.027737787322736435,0.023699193851148728,59330493.0,-1.3391170068046656,0,0,-1,0,0,-0.008138903960933185,-0.19082583114710425,0.20055885933619352,0.44032372305096423,-0.03432137285491421,-0.07150000000000001,-0.1366688802627267,0.0436187399030694,0.0
2025-11-05,18.88,18.57,0.027517247399369803,0.014752638475038224,0.025917461766666143,0.08941323153432655,0.016555785352740052,19.008,19.5305,19.983333333333334,2,5,11,18.989375354308997,19.92097550789508,24.425887265135728,-0.6661796107906923,-0.6570914038469906,21.05556738418846,18.00543261581154,0.013625897836290314,0.02711239876909029,0.023856617404342858,60788011.0,-0.8530770597341886,0,0,-1,0,0,0.011847065158858312,-0.11425245429903907,0.2608270665333221,0.4303959875365598,-0.011000523834468368,-0.08260447035957241,-0.33989671167159297,0.032658898305084845,0.0
2025-11-06,18.01,18.88,0.0005320564105296975,-0.016346264310316373,-0.02841642183430493,0.260778438282955,-0.04717600152948976,18.859,19.402499999999996,19.87166666666667,3,6,11,18.811307108070995,19.797686765450237,31.880108991825637,-0.7028187266739216,-0.6662368684123768,20.98871529035881,17.81628470964118,0.01799759921215182,0.028678267644704797,0.024974261396555616,58896240.0,-1.7557515785703974,0,0,-1,0,0,-0.00423728813559313,0.13901437705168718,0.39440511999434436,0.4552533853202337,-0.03431635388739929,-0.12445308701993185,-1.2193083230283877,0.04580788450860629,0.0
2025-11-07,22.37,18.01,0.09482650385777334,0.17690197087532425,0.1061941964064037,0.8868052804296629,0.21679361631417354,19.147000000000002,19.516,19.902,4,7,11,19.458342179330813,19.963642458001836,67.70025839793283,-0.3757089886716223,-0.608131292464226,21.568637840746096,17.4633621592539,0.08124408549901375,0.06219555356857501,0.05164161520207832,63488254.0,2.7808120296200167,0,0,-1,0,0,0.14769572459744587,1.6073844296911262,1.8248433115383589,0.9873238043786718,0.19561731694281126,0.11293532338308454,1.9840785669796872,0.10952168082253014,0.0
2025-11-10,23.62,22.37,0.0879382171357674,0.06592953541110491,0.10481036435234511,-0.23292256134682832,0.05437303526717804,19.556,19.6755,19.97533333333333,0,10,11,20.215007237634303,20.19953649296946,74.00228050171037,-0.015429746776128184,-0.4895909833266065,22.40976195179837,16.94123804820163,0.08196107912961878,0.06312808074810522,0.05253957513343445,67126116.0,2.8852392854354263,0,0,-1,0,0,0.008940545373267737,0.9637240894784591,1.755803698888419,1.0021272144257445,0.2816060770482909,0.15614292706803723,1.6377311543130166,0.07493649449618965,0.0
2025-11-11,23.81,23.62,0.05264373348542188,-0.004304497107546295,0.04855429235394813,-0.4152597153827752,0.008011849729555022,20.014,19.854499999999998,20.051666666666666,1,11,11,20.868642285337156,20.4324696224553,76.60550458715593,0.2821728472647962,-0.33523821720832603,23.152272613526566,16.55672738647343,0.08110940693440272,0.06297448706894922,0.05254361234977192,69527719.0,2.3988918967763952,0,0,-1,0,0,0.007197290431837347,0.22423108821062962,1.7550411098055707,0.999688990357755,0.2821755519655358,0.17696490360850214,1.6367483449083138,0.02360352792944131,0.0
2025-11-12,24.07,23.81,0.022033732783100057,0.04054553967487985,0.030206119488093354,-0.1524251285225665,0.010860591296209273,20.512,20.041999999999998,20.14666666666667,2,12,11,21.45070732436676,20.667149001651737,76.41618497109825,0.5328623685531078,-0.16161810005603927,23.839736722118293,16.244263277881704,0.08052627984374718,0.0629616778636871,0.0524372146629089,71589791.0,2.121263423312437,0,0,-1,0,0,0.021419571608567896,0.0017135895522286794,1.7635060460515999,0.9994856505280594,0.2748940677966103,0.1845472440944882,1.6561791712580463,0.03469048608225996,0.0
2025-11-13,24.42,24.07,-0.021613476420537188,-0.012851176105393639,-0.01298447561885291,-0.3689754374009212,0.014436216887578202,21.089000000000002,20.1965,20.275666666666666,3,13,11,21.99057871993644,20.909268420900013,77.41935483870968,0.751119259949327,0.020929371945033998,24.440104599865478,15.952895400134523,0.07884020152658539,0.06228824713396091,0.05198940302762545,73015595.0,1.990524753476743,0,0,-1,0,0,-0.011217282924802641,-0.278893931467155,1.5904178123669424,0.9887952691115539,0.35591338145474727,0.14486638537271457,2.040795937436675,0.03388615888615891,0.0
2025-11-14,24.55,24.42,0.011280671117551532,0.007002616528181742,0.0013355327368434222,-0.005203569287167475,0.00530938555797087,21.673000000000002,20.457,20.407666666666664,4,14,11,22.45592804358436,21.144154329229046,77.6431718061674,0.923928855659188,0.2015292686878648,25.100071125201893,15.813928874798108,0.0787640870011683,0.05753111235205626,0.05198183784079095,74433999.0,1.7630572048676192,0,0,-1,0,0,-0.01433251433251439,-0.18189451592522263,0.33225281314888394,0.9132780955947427,0.09745194456861861,0.2693898655635989,2.0892871415196415,0.039441955193482654,0.0
2025-11-17,26.82,24.55,0.057712200369399884,0.09744088851976321,0.06551902270265722,0.9453554068003165,0.0884360236130029,22.512,20.816499999999998,20.628666666666668,0,17,11,23.249395672023567,21.51033792089169,84.34389140271493,1.2298745063645349,0.40719831622319885,26.23809531775223,15.394904682247766,0.0792737972772677,0.06019149178639227,0.05399053162034782,78084585.0,2.2146617916473432,0,0,-1,0,0,0.03869653767820771,1.8128214398512028,0.5900233671359673,0.9555103098526854,0.13547840812870438,0.3662761079979624,2.1890556418206555,0.07046979865771814,0.0
2025-11-18,25.85,26.82,0.03316925746992598,-0.02677735295960473,0.007859412295722961,-0.6518408441447936,-0.03683727689909424,23.240000000000002,21.1385,20.823666666666668,1,18,11,23.722232822564735,21.79031611954384,78.45117845117846,1.3781809334828026,0.6013948396751196,26.958687282210008,15.318312717789992,0.08245151855884851,0.06106521000211289,0.05455393562386846,76182317.0,1.619020066382117,0,0,-1,0,0,-0.017151379567486982,0.1555328901491527,0.7403417425302119,0.9693801565411484,0.08567828643427133,0.3317877382792376,1.0958082500320074,0.037520309477756385,0.0
2025-11-19,25.4,25.85,-0.02031110252655738,-0.01979508868908815,-0.009437944588772531,-0.22027570101507687,-0.017561426929947294,23.892000000000003,21.45,20.984333333333332,2,19,11,24.027281400280234,22.02319895054101,78.3851976450799,1.442772226142612,0.7696703169686181,27.489327254273405,15.410672745726593,0.08404558397496105,0.06119882870934799,0.05465173408009616,74656132.0,1.308092717514188,0,0,-1,0,0,-0.0007736943907157882,-0.22584531009084877,0.7821371636145459,0.9715012877602485,0.055255504777731446,0.32498695878977557,1.3613048818150146,0.027165354330708713,0.0
2025-11-20,24.83,25.4,-0.018363477538723874,-0.015888727975043353,-0.03578271200632642,0.39563107356173693,-0.02269657450441564,24.574,21.7165,21.126333333333335,3,20,11,24.173230236592918,22.204282889215783,74.6774193548387,1.431466005563916,0.9020294546876777,27.86296590797457,15.570034092025429,0.08187993038730969,0.06178879157492415,0.05492060248938771,72389257.0,1.0131025036551393,0,0,-1,0,0,-0.0015748031496062658,0.42851851862655094,0.817108930363477,0.9808666579107139,0.01678951678951668,0.2733333333333332,1.7963489771328565,0.04712041884816761,0.0
2025-11-21,25.86,24.83,-0.030833273340924013,0.017041465854851615,0.006527970958452084,-0.6705565287480852,0.040644773823636175,24.923,22.035,21.31833333333333,4,21,11,24.479915648121477,22.44013560604057,78.25095057034221,1.4884600947906996,1.0193155827082823,28.35344251295147,15.71655748704853,0.03887505910918165,0.06199082184808539,0.054945512403771005,73548591.0,1.2107414104534646,0,0,-1,0,0,-0.009665726943213791,-0.6468406209781316,0.8590561959292085,0.9840737890712603,0.05336048879837052,0.3268342739866599,1.0072570429584535,0.05607115235885535,0.0
2025-11-24,26.33,25.86,0.07064529428713144,0.023155333271485126,0.048228415372589185,0.4253370651218111,0.018011600164506474,25.194,22.375,21.514999999999997,0,24,11,24.816294621190295,22.691094599199246,78.7833827893175,1.5536439527912798,1.1261812567248817,28.855625375930675,15.894374624069325,0.03623717456078756,0.06190634956052304,0.054953775757954376,75322495.0,1.2205612176531728,0,0,-1,0,0,0.020494972931167872,-0.10248577901350812,0.5089911773853989,0.9827328330778601,-0.018269947800149233,0.34818228366615456,0.6830646673178615,0.03209266995822252,0.0
2025-11-25,26.77,26.33,0.008677662451732888,0.03176042432462982,0.014045444941364185,-0.17374243857676103,0.016572884024043194,25.490000000000002,22.752000000000002,21.733,1,25,11,25.171513780973875,22.95424978634768,78.98603967670832,1.622108297916622,1.2253666649632298,29.338674266633767,16.165325733366238,0.036249153023153645,0.061446273058397796,0.054840392811171736,76813485.0,1.2200390780986552,0,0,-1,0,0,0.011014052411697787,-0.4199104361071041,0.42523663300873754,0.9754293450257329,0.03558994197292065,0.39209568382735305,0.013773399045304308,0.050056032872618596,0.0
2025-11-26,26.7,26.77,0.006365870589551705,-0.012252141929210099,0.01441603114589341,-0.14330542663584467,-0.002618292126057339,25.752999999999997,23.1325,21.945666666666668,2,26,11,25.449420366251353,23.195911090454285,83.91881342701014,1.6516788441211823,1.3106291007948203,29.70767140060751,16.55732859939249,0.03656024620151709,0.061352886548660814,0.054883366386568225,75521558.0,1.0851428145798245,0,0,-1,0,0,0.0007471049682480229,-0.6436517074525693,0.3818298557299787,0.9739468801422987,0.051181102362204856,0.3986380303823991,-0.17724321703997553,0.023408239700374533,0.0
2025-11-28,26.37,26.7,0.002981739070882468,-0.00683100597735993,-0.008320774179729849,-0.9898353634031625,-0.012436565041008488,25.948,23.5185,22.113666666666667,4,28,11,25.616798481478376,23.4006910201024,72.77904328018224,1.629699313721666,1.3744431433801896,29.888906167336618,17.14809383266338,0.03725435778014067,0.06101735036121534,0.054522315403518526,75041429.0,0.8952333415161737,0,0,-1,0,0,0.006367041198501937,-1.4269828354640055,0.33071861293159016,0.9686204082952378,0.062021747885622425,0.41394101876675626,0.31969004044255733,0.025028441410693974,0.0
2025-12-01,25.27,26.37,-0.013865689635223331,-0.012677276418059727,-0.04744280033872429,1.2305091044776717,-0.042609078965092556,26.02,23.8465,22.311333333333334,0,1,12,25.55374421211867,23.52129159945063,59.55967555040555,1.5061575242209457,1.4007860195483408,29.838762642687286,17.854237357312712,0.04050217103505106,0.06244168381663878,0.05195737702917985,73397961.0,0.47511268610269697,0,0,-1,0,0,0.0049298445202881685,-0.2984700117931252,0.3899904469424097,0.9912310009377162,-0.02281515854601701,0.3506146445750935,-0.8943269032522349,0.06094182825484761,0.0
2025-12-02,24.95,25.27,-0.04239555896768573,-0.04411069844747308,-0.009603915354180287,-0.23363854974449588,-0.012744099202575142,25.833,24.1725,22.48866666666667,1,2,12,25.443972537188,23.613466334969946,56.50684931506849,1.366674270062589,1.3939636696511906,29.607532077569427,18.73746792243057,0.025882111426025076,0.062382125103920105,0.05211320981931186,72096913.0,0.28610686704454613,0,0,-1,0,0,0.0051444400474870994,-0.6449739297183675,0.33534913841555364,0.9902855356841516,-0.052411697683251046,0.3537710255018991,-0.42606237161641036,0.025250501002003968,0.0
