date,close,YesterdayClose,YesterdayOpenLogR,YesterdayHighLogR,YesterdayLowLogR,YesterdayVolumeLogR,YesterdayCloseLogR,MA10,MA20,MA30,DayOfWeek,DayOfMonth,MonthNumber,EMA10,EMA30,RSI,MACD,MACD_Signal,BollingerUpper,BollingerLower,Volatility_10,Volatility_20,Volatility_30,OBV,ZScore,insider_shares,insider_amount,insider_buy_flag,sentiment,num_articles,overnight_gap,abnormal_vol,volatility_5d,volatility_20d,momentum_5d,momentum_20d,skew_5d,intraday_range,sentiment_change
2020-09-21,10.26,10.41,-0.005836592444451426,0.00047858340229076654,-0.0029225544426018536,-0.5936375025677225,-0.01451404288425407,10.35849,10.177995,10.165996666666668,0,21,9,10.305479520066928,10.19385055974606,63.71681415929209,0.08104265939835642,0.06864619197251093,10.57223981026521,9.78375018973479,0.010792554475608784,0.008216190743437277,0.013720195048707006,1931391.0,0.41601054910442736,0,0,-1,0,0,-0.015369836695485124,-0.5170456800939719,0.1595097935827023,0.13042798458843557,-0.015827338129496438,0.026000000000000023,0.4022626793409237,0.01949317738791416,0.0
2020-09-22,10.2,10.26,0.014528100562909808,-0.004796172263492944,-0.004889985294191904,0.8011515761462219,-0.005865119452398134,10.35849,10.187995,10.170996666666667,1,22,9,10.286301425509304,10.19424729782696,63.157894736842074,0.06785994326916267,0.06848894223184128,10.573274012910739,9.802715987089263,0.010228032473714873,0.008368150197972981,0.013768116642655556,1865702.0,0.06231847361371748,0,0,-1,0,0,0.013645224171540018,-0.41807644336925665,0.15202270740191348,0.13284026614483457,-0.02392344497607657,0.020000000000000018,1.2462011018049113,0.01960784313725501,0.0
2020-09-23,10.11,10.2,-0.01941808585710174,-0.014528100562909856,-0.014815085785140474,3.071914652531053,-0.008862687257845317,10.32949,10.190245,10.17399666666667,2,23,9,10.254246620871248,10.188811988289737,56.03448275862065,0.04957878455518738,0.06470691069651051,10.57301710740926,9.807472892590742,0.007865082527221644,0.008540102127284123,0.0138612821311349,447924.0,-0.4192834245061833,0,0,-1,0,0,0.0,2.672409997005185,0.14839114631057337,0.1355699183993248,-0.022234257584696215,0.0044709388971684305,1.219846843796216,0.019782393669633958,0.0
2020-09-24,10.16,10.11,-0.013820555618632087,-0.007835495523948608,-0.007992050531337804,-2.7813291585411406,0.004933409117955772,10.302489999999999,10.195744999999999,10.177663333333333,3,24,9,10.23711087162193,10.186953150335562,56.034482758620705,0.03867954300372389,0.05950143715795319,10.573155821672866,9.818334178327131,0.008055189635491738,0.00859186968690285,0.013878487209198497,535764.0,-0.18942223141116865,0,0,-1,0,0,-0.004945598417408401,-0.448811690162285,0.1630486394991796,0.13639170293171599,-0.013592233009708798,0.010945273631840724,0.3709160408586508,0.01968503937007867,0.0
2020-09-25,10.12,10.16,0.007920833491444058,-0.0029542118974314087,0.014933079885572307,-4.1150492355837915,-0.003944778291016452,10.27749,10.202995,10.179663333333334,4,25,9,10.215817985872487,10.182633592249397,52.38095238095237,0.026508575486152708,0.0529028648235931,10.567915354540403,9.838074645459596,0.00799623242573904,0.008453231614478914,0.013901079269788723,534330.0,-0.4548663781965673,0,0,-1,0,0,-0.001968503937007832,-0.6184371189186377,0.11281771669020355,0.1341908917604414,-0.02785782901056688,0.01453634085213018,0.5443978266489881,0.0019762845849803706,0.0
2020-09-28,10.14,10.12,0.012739025777429712,0.012739025777429712,-0.005946499187726191,1.7859312676272883,0.0019743343037178294,10.24899,10.210995,10.17433,0,28,9,10.202032897532034,10.179883037910727,47.115384615384684,0.018266266741774118,0.04597554520722931,10.562084794931813,9.859905205068188,0.007703516517816557,0.00845732832849222,0.01317721694434083,542884.0,-0.4044264517217783,0,0,-1,0,0,0.014822134387351815,-0.5819949028025097,0.09001088995033163,0.13425592507927195,-0.011695906432748426,0.01603206412825653,0.3344227360723771,0.02071005917159754,0.0
2020-09-29,10.17,10.14,-0.006839303650241493,-0.006839303650241493,0.00890654081620325,2.167723446255292,0.0029542118974313827,10.22099,10.221995,10.15733,1,29,9,10.19620873434439,10.17924542256165,36.78160919540229,0.013993617249832724,0.039579159615749995,10.551794431712509,9.892195568287491,0.00774698118391622,0.008420042352286003,0.011165068249608912,617632.0,-0.315312853815495,0,0,-1,0,0,0.005917159763313483,-0.4391024634160706,0.09008471171600653,0.13366402855668044,-0.002941176470588225,0.022110552763819236,-0.843250796582671,0.004916420845624281,0.0
2020-09-30,10.18,10.17,-0.000980873055591948,-0.000980873055591948,0.0009847366625395598,-2.006748846334166,0.0009828010619080778,10.205,10.235994999999999,10.15633,2,30,9,10.19326169173632,10.179294104977027,35.294117647058854,0.01128434921768573,0.03392019753613714,10.530080275674283,9.941909724325715,0.00729305363144197,0.008295223216269377,0.0077750321624693395,627680.0,-0.38080791274988474,0,0,-1,0,0,0.0019665683382497122,-0.5890116879889271,0.05264307006234959,0.1316825862001088,0.006923837784371889,0.028282828282828243,-1.1608759865221585,0.0029469548133594656,0.0
2020-10-01,10.195,10.18,-0.0019646371741648544,0.010737048000956656,0.0009837679101327482,4.157906043711845,0.0014723929040418517,10.194500000000001,10.247245,10.161163333333333,3,1,10,10.19357774778426,10.180307388526897,39.13043478260878,0.010229687947855837,0.029182095618480883,10.514474532523316,9.980015467476683,0.007299064704711123,0.008188568826174374,0.00719731955347276,1270124.0,-0.39101217224515195,0,0,-1,0,0,-0.000982318271119822,0.9324162551695516,0.04267706719251947,0.1299895002455609,0.0034448818897638844,0.022567703109327875,-1.8191197068693328,0.012751348700343381,0.0
2020-10-02,10.18,10.195,0.0009828010619080778,-0.011718884113213488,0.0009828010619080778,-6.465279653437688,-0.0014723929040418731,10.171499999999998,10.255245,10.167163333333333,4,2,10,10.19110906636894,10.180287557009033,33.9869281045751,0.008090227546160733,0.024963722004016857,10.50267678092259,10.007813219077411,0.006041792379621918,0.008155743344041622,0.0071335114134619924,1269124.0,-0.6082080460273718,0,0,-1,0,0,-0.0014713094654242832,-0.5307052378998283,0.02626691571470581,0.12946841187122657,0.005928853754940677,0.015968063872255467,-1.1608790349702658,0.0,0.0
2020-10-05,10.09,10.18,-0.009871748479154117,0.001962709167848689,-0.016840417795247486,4.2030793785188765,-0.008880176756859098,10.1545,10.256495000000001,10.170163333333333,0,5,10,10.172725599756404,10.174462553331031,28.31325301204828,-0.0008576713730725771,0.01979944332859897,10.500103101801145,10.012886898198857,0.004951247535839133,0.008381937315160596,0.0073396181245196515,1202232.0,-1.3669085614887355,0,0,-1,0,0,-0.009823182711198393,-0.3751347326592078,0.07421269622260829,0.13305912984508417,-0.004930966469428033,0.0024838549428713996,-1.641829833963346,0.018830525272547027,0.0
2020-10-06,10.03,10.09,-0.005970166986503908,-0.004914014802428929,0.0,0.8717131140206922,-0.005964232391673439,10.1375,10.247995,10.171163333333334,1,6,10,10.146775490709786,10.165142388599996,30.13206821387361,-0.012644684242864912,0.013310617814306196,10.510994543525717,9.984995456474282,0.004960600298732646,0.007872972640809465,0.007428447817511209,1042293.0,-1.657759531272219,0,0,-1,0,0,-0.006937561942517372,-0.1626017628708606,0.07131427543861829,0.12497956611838378,-0.013765978367748288,-0.016666666666666607,-0.5820513600003819,0.013958125623130665,0.0
2020-10-07,10.0,10.03,0.002989538848366207,-0.001972387227204235,-0.003502630551202112,0.9653431640320674,-0.002995508979798451,10.1265,10.227994999999998,10.168996666666667,2,7,10,10.120089037853461,10.154488040948383,30.519480519480553,-0.024128586813295883,0.005822776888785779,10.502891194570736,9.95309880542926,0.004328423944416693,0.006240761279567137,0.007349331494890835,622343.0,-1.658771598173789,0,0,-1,0,0,0.00199401794616165,0.44629814405593693,0.06330175933778831,0.09906901402473531,-0.017681728880157177,-0.03846153846153855,-0.16392445963146998,0.015500000000000114,0.0
2020-10-08,10.09,10.0,0.004962789342128876,-0.002965894413378399,0.0005011275474454863,-4.118079186395724,0.008959741371471801,10.1195,10.210995,10.17033,3,8,10,10.114618303698284,10.15032752217752,28.666666666666757,-0.025671489547242743,-0.0004760763984199253,10.475133803024391,9.94685619697561,0.005080596443595313,0.006627449792718886,0.007532601409138874,629178.0,-0.916147106101844,0,0,-1,0,0,0.009999999999999964,-0.527732713941041,0.10784777877157363,0.10520750386860446,-0.010299166257969672,-0.0325982742090124,1.297207355644998,0.011892963330029656,0.0
2020-10-09,10.075,10.09,0.0069067862132548225,0.007889587275162924,0.0010015023370896004,-0.12630497967832038,-0.0014877265327709961,10.115,10.196245000000001,10.173663333333332,4,9,10,10.10741497575314,10.145467682037035,34.959349593495986,-0.027784345084697293,-0.005937730135675399,10.455906727111097,9.936583272888905,0.004963777901225379,0.0065562111607080625,0.007401958335189877,623154.0,-0.9338688558297044,0,0,-1,0,0,0.007928642220019828,-0.4605409666055693,0.10784265818964052,0.10407662564435795,-0.01031434184675839,-0.028447444551591095,1.2996260262171013,0.018858560794044618,0.0
2020-10-12,10.15,10.075,-0.001968504572672198,-0.0029513056345803093,0.01588911282733427,-3.6796262486334532,0.0074165976550498395,10.116,10.182495,10.17933,0,12,10,10.115157707434388,10.145760089647549,46.031746031746145,-0.023140179536154548,-0.009378220015771231,10.419268713645932,9.945721286354066,0.005527941440286766,0.00668791559489018,0.0075142472818554955,623306.0,-0.27448148275945466,0,0,-1,0,0,0.007444168734491422,-0.46966379037525213,0.10520511933405444,0.1061673687208201,0.005946481665014991,-0.026378896882494063,0.36918042504997745,0.0,0.0
2020-10-13,10.0,10.15,-0.004938281640582677,-0.004938281640582677,-0.014888612493750637,3.550259951011711,-0.014888612493750637,10.099,10.159995,10.180996666666667,1,13,10,10.094219942446317,10.136356212896095,42.02898550724647,-0.03120369451053051,-0.013743314914723088,10.374183313357547,9.945806686642454,0.007127361923569525,0.007264102655865708,0.008000210570850649,618013.0,-1.4939657303610125,0,0,-1,0,0,-0.004926108374384306,-0.4427868215905803,0.15151416857364455,0.11531405475278683,-0.0029910269192422456,-0.04306220095693769,-0.7190352531366586,0.009999999999999964,0.0
2020-10-14,10.0,10.0,-0.008950830520084557,0.0,0.0,4.565595130826368,0.0,10.081,10.143,10.18433,2,14,10,10.077089043819713,10.12755903787054,37.50000000000007,-0.03716566556440881,-0.018427785044660236,10.35093217517664,9.935067824823362,0.007093524920512941,0.007003069931712985,0.007939456502101537,618013.0,-1.3754485074618368,0,0,-1,0,0,0.0009999999999999788,0.9538014258587163,0.1499738108232969,0.11117028871983986,0.0,-0.032872658342923966,-1.0513771150940718,0.009999999999999964,0.0
2020-10-15,10.02,10.0,0.0009985023295896,-0.007952328190495035,0.0,-5.57394232025584,0.001998002662673058,10.0635,10.129,10.185996666666666,3,15,10,10.066709217670674,10.1206197451047,41.93548387096781,-0.03981774356315171,-0.022705776748358532,10.330013222921973,9.927986777078026,0.007122086504646225,0.007028150561096196,0.00784520257820786,619944.0,-1.0845057694767706,0,0,-1,0,0,0.0019999999999999575,-0.5102180809749053,0.13059616726564052,0.1115684313682776,-0.0069375619425173785,-0.027184466019417597,-1.2644880435757304,0.0019960079840318935,0.0
2020-10-16,10.08,10.02,-0.004000005333346017,0.007952328190495015,-0.0020020026706730793,0.7708368052086316,0.005970166986503975,10.0535,10.1125,10.187996666666665,4,16,10,10.069125723548732,10.117999116388267,45.45454545454543,-0.036655494205323436,-0.025495720239751513,10.26462529461981,9.960374705380191,0.007528548693807438,0.006674792042752308,0.00786778843504053,624118.0,-0.42727936969620167,0,0,-1,0,0,-0.003992015968063787,-0.495032734400062,0.14055562679884243,0.10595903878917251,0.0004962779156327812,-0.03170028818443804,-1.629951148900317,0.011904761904761828,0.0
2020-10-19,10.0,10.08,0.010961744042144938,0.003952574315823342,0.0020020026706729687,0.2865434273163233,-0.007968169649176845,10.0445,10.0995,10.18583,0,19,10,10.056557410176234,10.11038627016967,38.028169014084554,-0.040141988364228,-0.02842497386464681,10.242729664672204,9.956270335327797,0.007428139245567397,0.0061572851172239625,0.007962241192137204,618559.0,-1.3893769873401154,0,0,-1,0,0,0.000992063492063471,-0.4867914169094012,0.13230897617754478,0.09774387102896274,-0.014778325123152691,-0.025341130604288442,-0.6633354038076077,0.014000000000000058,0.0
2020-10-20,10.05,10.0,0.003956483895074507,-0.0009866799024450975,0.004987541511039188,-1.5550015145654277,0.004987541511039188,10.0465,10.091999999999999,10.180829999999998,1,20,10,10.055365153780555,10.106490381771627,41.33333333333344,-0.03842750956149921,-0.03042548100401729,10.22862857834677,9.955371421653227,0.007403556066356296,0.0062098532899269275,0.007607029506369701,619733.0,-0.6148054895718761,0,0,-1,0,0,0.013000000000000077,-0.4882133261984637,0.08793568476310853,0.09857836490005759,0.0050000000000001155,-0.014705882352941013,-1.2976375577102175,0.00796019900497513,0.0
2020-10-21,9.97,10.05,0.0009866799024451063,0.0009866799024451063,-0.008995562908577873,3.454654715563308,-0.007992050531337804,10.0435,10.084999999999999,10.166496666666667,2,21,10,10.039844216729543,10.097684550689586,36.19631901840498,-0.0430281029831594,-0.03294600539984571,10.231718491641242,9.938281508358756,0.007799493887100572,0.006153317263663502,0.0067108346172533445,582579.0,-1.567627893574557,0,0,-1,0,0,0.008955223880597,-0.34465504442669564,0.10926842181321822,0.09768088330640454,-0.0029999999999998916,-0.013847675568743667,-0.41505294240498997,0.018054162487462357,0.0
2020-10-22,9.97,9.97,-0.013902905168991493,-0.012404029045255536,0.001003512377240109,0.7255210366820629,0.0,10.0315,10.0755,10.151163333333333,3,22,10,10.027145268233262,10.089446837741871,36.87500000000009,-0.04614220776670308,-0.03558524587321719,10.226318817756544,9.924681182243456,0.007098324656991889,0.0060131674434780085,0.006668083334106964,582579.0,-1.3990296644587108,0,0,-1,0,0,0.003009027081243667,-0.13281581839440015,0.10719417140351559,0.09545607388339712,-0.00499001996007975,-0.01870078740157477,-0.16602167250026564,0.004513540621865589,0.0
2020-10-23,9.96,9.97,-0.005012541823544398,-0.003500878794408966,-0.006540903823232785,1.0194500853336992,-0.0010035123772400224,10.020000000000001,10.067499999999999,10.137496666666667,4,23,10,10.014937037645396,10.0810954288553,40.97222222222232,-0.04885391712399034,-0.03823898012337182,10.225197244911381,9.909802755088617,0.007097597522655227,0.005971494317298137,0.006619367982659761,369845.0,-1.3633719480693245,0,0,-1,0,0,-0.0020060180541626228,0.5285230305618394,0.088399169944853,0.0947945335140378,-0.011904761904761862,-0.015810276679841695,0.17542654377241684,0.0075301204819278175,0.0
2020-10-26,9.9384,9.96,-0.01213361701142609,0.0,-0.0076007459914389465,-1.6501357376789625,-0.0021710296791768832,9.99884,10.057419999999999,10.121276666666667,0,26,10,10.001021212618959,10.071889272154959,43.28051643192493,-0.05214481286404293,-0.041020146671506046,10.221257809401502,9.893582190598496,0.0064274491679406,0.005942675052528583,0.006500959943230453,328995.0,-1.4529002851634438,0,0,-1,0,0,-0.013052208835341443,-0.38800059200277764,0.07384374536655022,0.09433704186875,-0.006160000000000054,-0.01988165680473386,-0.2605374594955589,0.015092972711905373,0.0
2020-10-27,9.91,9.9384,0.010121543898006102,-0.004016069654890054,0.0081054141828214,-2.7956180921025298,-0.002861693575433482,9.989840000000001,10.044419999999999,10.103276666666666,1,27,10,9.984471901233693,10.06144480298367,43.382352941176514,-0.05639443416620438,-0.04409500417044571,10.211866350874132,9.876973649125866,0.004679692515087837,0.005881438824923192,0.006460987689986499,326500.0,-1.6055291655897626,0,0,-1,0,0,-0.0008452064718666952,-0.5675338773922846,0.04899201945400478,0.09336494689192033,-0.013930348258706537,-0.025565388397246758,-1.5540860763305084,0.0030272452068616914,0.0
2020-10-28,9.9,9.91,-0.003025720916536956,0.005017571991979571,-0.00607289315789912,4.070221593632998,-0.0010095912013523254,9.97984,10.03042,10.088613333333335,2,28,10,9.969113373736658,10.05102900924279,34.166666666666785,-0.059878958728679876,-0.047251795082092554,10.19695561781196,9.863884382188038,0.004669145666692499,0.005857955568485349,0.0062446042677953475,180368.0,-1.566271548555564,0,0,-1,0,0,-0.0010090817356205638,0.15251126744599733,0.017722648010262434,0.0929921617528694,-0.007021063189568744,-0.027504911591355485,-0.17065761692740186,0.014141414141414198,0.0
2020-10-29,9.94,9.9,0.0020181641562371953,-0.005017571991979592,0.005063301956546855,-3.137947061567751,0.00403226352793823,9.97184,10.017669999999999,10.076613333333334,3,29,10,9.963820033057264,10.043865847356157,39.20000000000005,-0.05873573485336969,-0.04954858303634798,10.169552906421922,9.865787093578076,0.0048554211624416465,0.005951080619094209,0.00630487367412038,186706.0,-1.0227615711308087,0,0,-1,0,0,0.0020202020202019773,-0.5492270147063717,0.04305228567293203,0.09447047610131748,-0.0030090270812438424,-0.02501226091221198,1.7626923469613305,0.004024144869215206,0.0
2020-10-30,9.89,9.94,-0.0020181641562371246,-0.0010065426114013946,-0.0010106115059235032,-0.8860642747302536,-0.005042875033861787,9.952839999999998,10.00317,10.059280000000001,4,30,10,9.950398208865034,10.03393901849447,28.33333333333333,-0.06115929751683424,-0.05187072593244524,10.14482828565513,9.861511714344871,0.00437237319956978,0.006010987791929738,0.005928250412962144,184093.0,-1.597788642953299,0,0,-1,0,0,-0.004024144869215206,-0.5758253639872131,0.05362457652864599,0.09542147298774811,-0.007028112449799173,-0.028487229862475316,1.1931626735261738,0.0040444893832152825,0.0
2020-11-02,9.9,9.89,0.0020181641562371953,-0.0010075567602998278,-0.0010116338748442624,2.063529156170363,0.0010106115059234598,9.94284,9.99367,10.047279999999999,0,2,11,9.9412348981623,10.025297791494827,39.13043478260871,-0.061563407324200625,-0.053809262210796314,10.136290720425718,9.851049279574282,0.003886637281852953,0.005770293801713991,0.00543538562871742,204667.0,-1.3135538752068756,0,0,-1,0,0,0.003033367037411462,-0.4330441689231384,0.055490867603990614,0.09160057434667604,-0.0038638010142476586,-0.018830525272547027,0.29651320056539365,0.0040404040404039545,0.0
2020-11-03,9.89,9.9,-0.0020181641562371246,-0.0020181641562371246,0.0010116338748442258,-1.4897449038754984,-0.0010106115059235032,9.92684,9.98667,10.036946666666665,1,3,11,9.931919462132791,10.016568901720968,38.29787234042556,-0.061976161078414194,-0.05544264198431989,10.135394954194025,9.837945045805975,0.003272255329573878,0.005648911945168355,0.005363269886901141,200029.0,-1.2999835908355415,0,0,-1,0,0,0.0,-0.49003396426497053,0.052584073130151884,0.08967369711010562,-0.0020181634712411745,-0.01395812562313048,-0.10790020735701525,0.0010111223458038206,0.0
2020-11-04,9.875,9.89,-0.0025284463533587487,-0.0025284463533587487,-0.0015178348474352362,-2.94078030727075,-0.0015178348474352362,9.91734,9.98042,10.029113333333331,2,4,11,9.921570469017738,10.007435424190582,34.408602150537675,-0.06278984380802832,-0.05691208234906158,10.13708056636131,9.82375943363869,0.0023980426896503793,0.005626844443688302,0.005158401895146638,199784.0,-1.3458396385069518,0,0,-1,0,0,-0.0015166835187058207,-0.45066006986903046,0.053075926695631534,0.089323386384269,-0.002525252525252597,-0.012499999999999956,0.03393191133258936,0.0,0.0
2020-11-05,9.91,9.875,-0.0015201421726416143,0.0045466105095959275,-0.0015201421726416143,3.469046742447028,0.0035380375547109863,9.91134,9.97142,10.02078,3,5,11,9.919466747378149,10.00114926779119,30.681818181818173,-0.05991976795450249,-0.05751361947014977,10.12214333106169,9.82069666893831,0.002785410199001555,0.0052562951032759766,0.005110981305606849,207650.0,-0.8150032190419347,0,0,-1,0,0,-0.0015189873417722096,-0.3878790970126221,0.050453699315298396,0.08344109796500881,-0.003018108651911433,-0.01783944499504453,-0.1607910504000947,0.0060544904137235615,0.0
2020-11-06,9.95,9.91,0.015098424712585243,0.009031672030347757,-0.012245050960100288,0.5018610768909816,0.004028202828604788,9.910340000000001,9.96517,10.015113333333334,4,6,11,9.925018247854847,9.99784931503047,43.74999999999989,-0.05379740347718709,-0.05677037627155723,10.107966861236386,9.822373138763615,0.003137934744610502,0.005367016650533854,0.005150327815257988,220643.0,-0.21246965610663943,0,0,-1,0,0,0.010090817356205817,-0.3485947274378435,0.04034769144455114,0.08519874803793259,0.006066734074822833,-0.012406947890818865,0.09749117282846395,0.02713567839195976,0.0
2020-11-09,9.9,9.95,-0.0009995003330834993,-0.0009995003330834993,0.016293639486100533,2.756812266719021,-0.00503779402995707,9.906500000000001,9.95267,10.007113333333335,0,9,11,9.920469475517603,9.991536455996247,31.2499999999998,-0.052376207337099245,-0.055891542484665636,10.068580112178706,9.836759887821293,0.0034609565500939733,0.005099713718997274,0.005190300649411047,16009.0,-0.9088076788122474,0,0,-1,0,0,0.005025125628140776,1.1248071843806933,0.06014866539836173,0.0809554455485467,0.0,-0.024630541871921152,-0.16942899270545092,0.010101010101010065,0.0
2020-11-10,9.8,9.9,-0.01005033585350145,-0.006018072325563021,-0.01834913866819654,-1.1947017237022983,-0.010152371464017962,9.8955,9.94267,9.994779999999999,1,10,11,9.898565934514401,9.979179265286813,29.761904761904603,-0.05864306269928754,-0.05644184652759002,10.074766441643048,9.810573558356952,0.0046054645524062285,0.004520209521124935,0.0054085632309291785,-45953.0,-2.1600884660545754,0,0,-1,0,0,0.0,-0.04883323702299864,0.0945872910240093,0.07175610160081765,-0.009100101112234582,-0.019999999999999907,-0.49000635032536793,0.02244897959183662,0.0
2020-11-11,9.9,9.8,0.0,0.006018072325563166,0.014300550142196113,-2.0397318145749477,0.010152371464017908,9.895500000000002,9.93767,9.985446666666666,2,11,11,9.898826673693602,9.97407092559089,43.26923076923069,-0.05490748712607996,-0.05613497464728801,10.068190401309195,9.807149598690806,0.005833122301052539,0.0051684102407133815,0.005786882893328358,-37894.0,-0.5772277685656557,0,0,-1,0,0,0.010204081632653024,-0.5208612417028894,0.1277000296575574,0.08204596902292252,0.0025316455696202667,-0.010000000000000009,-0.31887587476536644,0.014141414141414198,0.0
2020-11-12,9.9,9.9,-0.0030349036951541584,-0.005012541823544398,0.001013684830846201,0.1984459753165584,0.0,9.8915,9.93167,9.975613333333333,3,12,11,9.899040005749312,9.96929215619793,44.11764705882344,-0.05135502777811318,-0.05517898527345305,10.057191884860636,9.806148115139365,0.005660724709455577,0.005136956098169562,0.0057721633738508265,-37894.0,-0.5046132000832003,0,0,-1,0,0,-0.0030303030303031452,-0.5020804808739098,0.12488017560137235,0.08154664998968017,-0.0010090817356205317,-0.011976047904191489,0.08757102751776893,0.008080808080808088,0.0
2020-11-13,9.87,9.9,0.003034903695154111,-0.00503779402995707,-0.013258735790946437,4.004313126426778,-0.0030349036951541584,9.889500000000002,9.92117,9.96528,4,13,11,9.893760004703982,9.962886210636775,43.40277777777769,-0.05037968181856023,-0.05421912458247449,10.02822255177774,9.81411744822226,0.0055118973688166725,0.004920428407183931,0.005783911222406444,-576804.0,-0.955979080372401,0,0,-1,0,0,0.0,3.6446447674264193,0.11983421798480251,0.07810937945583804,-0.008040201005025116,-0.02083333333333337,0.9539467310973924,0.01621073961499495,0.0
2020-11-16,9.85,9.87,-0.005063301956546762,-0.005063301956546762,0.011230337529553755,-6.286553072105913,-0.0020283982613926096,9.8845,9.91367,9.95728,0,16,11,9.885803640212348,9.95560322930537,44.11764705882344,-0.05063683604604918,-0.05350266687518943,10.01846270967019,9.808877290329809,0.0055221132656256625,0.0046547852002667865,0.00559671664199926,-577807.0,-1.2151608675906143,0,0,-1,0,0,-0.0020263424518743235,-0.5346717926135941,0.1162570394383453,0.07389242427797943,-0.005050505050505083,-0.015000000000000013,0.6770171524555472,0.0,0.0
2020-11-17,9.925,9.85,0.01010109598650392,0.01010109598650392,0.007585371389256784,2.1790026210251296,0.007585371389256784,9.888,9.90742,9.95378,1,17,11,9.892930251082829,9.9536288274147,52.1739130434783,-0.044278346212360375,-0.051657802742623625,9.990674122072884,9.824165877927117,0.00607779537750344,0.0048569198451070585,0.005712065927130475,-568943.0,0.42232143135472333,0,0,-1,0,0,0.010152284263959355,-0.4773650697735148,0.0948547959537542,0.07710121228756578,0.012755102040816313,-0.01243781094527363,0.5685331229823977,0.0025188916876572875,0.0
2020-11-18,9.9,9.925,-0.007060039410724807,-0.0020120731134201197,-0.0060636870986755425,-1.0586932287464468,-0.0025220694327099465,9.8905,9.903920000000001,9.950446666666666,2,18,11,9.89421565997686,9.950168903065366,46.428571428571495,-0.04078632886445632,-0.049483507966990165,9.981809573655479,9.826030426344524,0.006120475109999275,0.004567560655877264,0.005705141760773929,-572018.0,-0.10065532050129766,0,0,-1,0,0,-0.004534005037783368,-0.5064408118860283,0.06992426056581724,0.07250777756192588,0.0,-0.007021063189568744,1.8892660556206844,0.006565656565656515,0.0
2020-11-19,9.9,9.9,0.0010116338748442258,0.002012073113420235,0.0025310061600420626,2.8905343463039697,0.0,9.889500000000002,9.90042,9.944113333333332,3,19,11,9.895267358162885,9.946932199641795,50.98039215686273,-0.037585616368355446,-0.04710392964726322,9.971828435297246,9.829011564702755,0.006011430023775917,0.004567560655877264,0.005428103828502827,-572018.0,-0.011763316147505254,0,0,-1,0,0,-0.0010101010101009886,-0.09360767273259936,0.06992426056581724,0.07250777756192588,0.0,-0.007021063189568744,1.8892660556206844,0.006060606060605931,0.0
2020-11-20,10.02,9.9,0.011060947359424976,0.01198815555996962,0.0030287756621605686,-1.6011449318883748,0.012048338516174355,9.8965,9.90342,9.942280000000002,4,20,11,9.917946020315087,9.95164625127781,59.67741935483866,-0.025076959952684774,-0.04269853570834753,9.989002378904592,9.817837621095409,0.0070765700406413565,0.005344355919529422,0.005901076124144414,-560854.0,2.7243926025932184,0,0,-1,0,0,0.010101010101010065,-0.36935219586285334,0.10324610874931708,0.08483902008534464,0.015197568389057725,0.0060240963855420215,0.7810320923561362,0.014970059880239557,0.0
2020-11-23,10.02,10.02,0.001998002662673058,-0.004977611073752244,0.010030174359937251,-4.445252271455061,0.0,9.9085,9.9075,9.937946666666667,0,23,11,9.936501289348707,9.956056170550209,60.65573770491796,-0.01499095324578903,-0.037157019215835835,10.006786931349819,9.808213068650183,0.006795826418931533,0.005313245289614479,0.0057239058517300255,-560854.0,2.26615927132702,0,0,-1,0,0,0.0,-0.43910450629858233,0.09784513895377331,0.08434515414603162,0.01725888324873104,0.00821057715527651,0.7695240831150549,0.0,0.0
2020-11-24,10.03,10.02,0.012890609831077609,0.012890609831077609,-0.0024981277043553646,4.852388024343205,0.0009975063171253381,9.9315,9.9135,9.938946666666668,1,24,11,9.953501054921668,9.96082674019213,62.80991735537188,-0.006120253367216222,-0.030949666046111914,10.026920503112693,9.800079496887308,0.005528459233875214,0.005257631998795345,0.005042868994229019,-544080.0,2.054302296371331,0,0,-1,0,0,0.012974051896207664,-0.3131087704386643,0.09111996381289444,0.08346232052344757,0.010579345088161052,0.012108980827447047,1.9388897450225469,0.015453639082751859,0.0
2020-11-25,10.03,10.03,-0.017893121514049332,-0.011893103513952296,-0.002504383978616246,-1.016801007075934,0.0,9.9445,9.92,9.939946666666666,2,25,11,9.96740995402682,9.965289531147477,60.52631578947364,0.000899471647247907,-0.02457983850743995,10.04452013153669,9.79547986846331,0.004809904605673837,0.005246054482972378,0.005042868994229019,-544080.0,1.7667825859561914,0,0,-1,0,0,-0.005982053838484419,-0.3464626929736885,0.08455952238000156,0.08327853315744266,0.013131313131313105,0.013131313131313105,2.2003873722757334,0.005982053838484419,0.0
2020-11-27,10.01,10.03,0.01394444905863294,0.007944431058535812,0.004004009353382181,1.4097482049200454,-0.0019960086467149273,9.9555,9.9235,9.939613333333334,4,27,11,9.975153598749216,9.96817407752506,55.45454545454551,0.0047935642181577975,-0.0187051579623204,10.054170336504216,9.792829663495786,0.004910788036631427,0.005215178416455257,0.005044031606792379,-568928.0,1.3239424082635427,0,0,-1,0,0,0.00797607178464607,-0.20299657050065495,0.08949826504659233,0.08278839079663353,0.011111111111111072,0.007042253521126751,2.0233071370730427,0.009990009990009955,0.0
2020-11-30,10.04,10.01,-0.0018117292114626857,-0.0018117292114626857,0.0029925209364539294,0.7636655031080465,0.0029925209364539294,9.9725,9.931000000000001,9.93828,0,30,11,9.986943853522085,9.972808008007314,63.20754716981123,0.01018302632678214,-0.012927521104499892,10.070495330991543,9.791504669008459,0.004711114326019514,0.0050854802936916264,0.004949842035454715,-515601.0,1.5627763198268927,0,0,-1,0,0,0.008161838161838129,0.0065764215119360515,0.028786478935850537,0.08072949692656656,0.001996007984031989,0.015166835187057526,0.2705887015461422,0.005149402390438277,0.0
2020-12-01,10.37,10.04,-0.007130208164198573,0.027203718420518597,-0.023174840686311288,0.4730322111474693,0.03233990797785279,10.0245,9.9545,9.950613333333335,1,1,12,10.056590425608977,9.998433297813296,87.49999999999991,0.04061427981556953,-0.002219160920486008,10.194300355559227,9.714699644440772,0.010719884621988807,0.008799518820682715,0.007616288789236451,-430019.0,3.4653826849508254,0,0,-1,0,0,-0.001992031872509918,0.24186241346481493,0.231560800182487,0.13968803073935301,0.034930139720558806,0.04747474747474745,2.1514518430954706,0.054001928640308464,0.0
2020-12-02,10.19,10.37,0.027560799578871416,-0.0067731270058457105,0.02417036092781297,-2.6701255315104735,-0.01751017500680246,10.051,9.9695,9.95528,2,2,12,10.080846711861891,10.010792439889858,67.26190476190472,0.049634614830253554,0.008151594229661904,10.229031967405323,9.709968032594677,0.012803373579237753,0.009828010311898559,0.008298900563370343,-435945.0,1.6992126419296474,0,0,-1,0,0,-0.00675024108003843,-0.40491826165325545,0.29055654315250606,0.15601482700717156,0.0159521435692922,0.03033367037411505,1.1443499489408364,0.02453385672227674,0.0
2020-12-03,10.12,10.19,-0.013685453085254314,-0.013685453085254314,0.006941029354234542,-0.6373584371813188,-0.006893183375313989,10.072999999999999,9.98175,9.960280000000001,3,3,12,10.087965491523365,10.017838088929222,62.087912087912024,0.05055214665281049,0.016631704714291623,10.245593554123737,9.717906445876263,0.01307194614716064,0.00998724609744698,0.00826289590678683,-439078.0,1.0479695095007953,0,0,-1,0,0,-0.0029440628066731466,-0.42898452059434083,0.2994330944567107,0.1585426167374704,0.008973080757726848,0.024810126582278436,1.34744571885793,0.003952569169960566,0.0
2020-12-04,10.09,10.12,-0.010885807645251057,-0.0059230183031221675,-0.006941029354234576,2.9993007473592126,-0.00296882949380188,10.091999999999999,9.99075,9.96428,4,4,12,10.08833540215548,10.02249369609508,62.087912087912144,0.04830175538384118,0.022965714848201535,10.256561072598194,9.724938927401807,0.013162603447755291,0.010015345789024006,0.008287149486280768,-501962.0,0.7467709981369244,0,0,-1,0,0,-0.006916996047430683,0.033896320639982304,0.3003119959354536,0.15898868551245296,0.007992007992007943,0.01816347124117046,1.3834526140316468,0.004955401387512283,0.0
2020-12-07,10.05,10.09,0.0009945301665083635,0.00985229644301164,-0.002490661312451919,2.1313663553372924,-0.003972199860432691,10.094999999999999,9.995750000000001,9.967279999999999,0,7,12,10.081365329036302,10.02426829634701,60.75268817204309,0.04279729777557151,0.026932031433675528,10.262095146083269,9.729404853916733,0.012762359873631215,0.010045219066333535,0.008322390131629588,-1031846.0,0.40736616227306405,0,0,-1,0,0,-0.0029732408325073697,2.766159525011845,0.3025269306801329,0.15946290908809785,0.0009960159362552012,0.01005025125628145,1.7081177088571518,0.017412935323382978,0.0
2020-12-08,10.16,10.05,-0.0009945301665083472,0.011841378038281836,0.0024906613124518304,-1.301158737318902,0.010885807645251004,10.109,10.008750000000001,9.974666666666666,1,8,12,10.095662541938792,10.033025180453656,62.17616580310882,0.0467718988200847,0.030900004910957367,10.28073829309174,9.736761706908261,0.013189181051913393,0.01021229079891883,0.008528313009149361,-887603.0,1.1121802212934506,0,0,-1,0,0,0.0,0.39386261876051387,0.1609305881966835,0.1621150906212741,-0.020250723240115676,0.02626262626262621,0.3936134940050334,0.026722440944881853,0.0
2020-12-09,10.285,10.16,0.019705071079332337,0.014284926553938397,0.015794997671489446,0.9297887894275378,0.012228080954584745,10.1345,10.033,9.987166666666667,2,9,12,10.130087534313557,10.049281620424388,68.07511737089207,0.059324399366982306,0.036584883802162356,10.312988721577376,9.753011278422623,0.013622030150946539,0.010118900020149885,0.008752179611079157,-522095.0,1.8000725070660275,0,0,-1,0,0,0.008858267716535419,1.5697783817704505,0.14309059161735838,0.16063255796905843,0.009322865554465265,0.04948979591836733,0.5031975902859902,0.025279533300923654,0.0
2020-12-10,10.28,10.285,0.0,-0.01249415580216254,0.0009789525989841986,1.1256003470451381,-0.0004862630779015447,10.1595,10.052,9.999833333333331,3,10,12,10.157344346256545,10.064166677171203,67.7570093457944,0.0680840576374333,0.04288471856921655,10.345246797442924,9.758753202557076,0.013633188669359537,0.00996990245776776,0.00874799232697464,-1648615.0,1.5550041943382238,0,0,-1,0,0,-0.0034030140982012776,3.4128792827505623,0.12443183491761899,0.15826729499295084,0.015810276679841806,0.03838383838383819,0.5117169717665123,0.011673151750972686,0.0
2020-12-11,10.55,10.28,0.013566099526718852,0.03702368756232404,0.01649722033557762,-0.7908966857621131,0.025925599895056578,10.2135,10.0845,10.020166666666665,4,11,12,10.228736283300808,10.095510762514998,71.7213114754099,0.09570961260559407,0.053449697376492064,10.443517665596733,9.725482334403267,0.01540122225676774,0.01133797161670251,0.009859117593879647,-1137808.0,2.5931871582211947,0,0,-1,0,0,0.010700389105058484,1.132973147705333,0.18963572886630714,0.1799847196182227,0.04558969276511404,0.06565656565656575,0.5219200647304089,0.032227488151658754,0.0
2020-12-14,10.5,10.55,0.0405524683071994,0.008352716775728441,0.0009620010361908411,0.0940979933638555,-0.004750602758597865,10.2595,10.116,10.0405,0,14,12,10.278056959064298,10.12160684235274,68.89763779527561,0.1122742541036601,0.06521460872192568,10.505069064360177,9.726930935639823,0.015724777443092128,0.011394058047069585,0.009852072319602948,-1699015.0,1.9739425987593633,0,0,-1,0,0,0.025592417061611333,1.2940879741660463,0.19302641023722172,0.1808750640982824,0.04477611940298498,0.06382978723404253,0.46236878818144284,0.039999999999999994,0.0
2020-12-15,10.4,10.5,-0.03002101625485782,-0.02527041349625994,-0.009661910911736859,-0.6818729122155838,-0.009569451016150672,10.2625,10.1435,10.057166666666667,1,15,12,10.300228421052607,10.13956769123321,63.60294117647063,0.1159955629229028,0.0753707995621211,10.5311528560995,9.7558471439005,0.01267578461693595,0.011693071117477126,0.010075359312908568,-1982800.0,1.3233489497838966,0,0,-1,0,0,0.0,0.3096927044394582,0.23019858279021552,0.18562174943661963,0.023622047244094446,0.055837563451776706,0.8811668846985714,0.024038461538461536,0.0
2020-12-16,10.41,10.4,-0.0019065782705815315,-0.00047404599133764444,-0.003891055492966676,-1.4943934793328655,0.000961076479550532,10.2845,10.16775,10.0745,2,16,12,10.320186889952131,10.1570149369601,63.868613138686165,0.11838695230637875,0.08397403011097264,10.558518136933012,9.776981863066988,0.011050059620963858,0.011642971681615226,0.010063547337016938,-1919123.0,1.2398656753405066,0,0,-1,0,0,0.007692307692307699,-0.4525294718016254,0.22068129867067413,0.18482644554792832,0.012153621779290136,0.04886649874055404,1.7500662167842764,0.027377521613832865,0.0
2020-12-17,10.45,10.41,0.0019065782705814474,-0.0004742708175217453,0.0038910554929667217,0.17246583961575238,0.0038350957839424884,10.3175,10.19525,10.093666666666667,3,17,12,10.343789273597197,10.175917199091707,65.8273381294964,0.12210229211045309,0.09159968251086874,10.584087335764197,9.806412664235802,0.010583311402928279,0.0115867814229393,0.010050970845448762,-1843460.0,1.3103165594905068,0,0,-1,0,0,0.008645533141210361,-0.4269263334367414,0.21913110617103576,0.183934452844563,0.01653696498054469,0.05555555555555536,1.4779657388738594,0.022966507177033343,0.0
2020-12-18,10.48,10.45,-0.0019065782705815315,0.007561472700576488,0.0009704027932785145,1.129463376677132,0.0028667004820762637,10.3565,10.22425,10.112666666666666,4,18,12,10.36855486021589,10.195535444311597,65.82733812949644,0.12601485415512137,0.09848271683971926,10.606835043865361,9.841664956134638,0.010360264967331969,0.011568425836550827,0.010048007923127227,-1609359.0,1.336957646938254,0,0,-1,0,0,0.0028708133971292954,0.08980411056817134,0.08994475877674704,0.183643066944047,-0.006635071090047462,0.05858585858585852,-0.8474325461084897,0.0295801526717556,0.0
2020-12-21,10.68,10.48,0.016091213262537974,0.005633817718256064,0.006766579708874121,-1.1876088503143334,0.018904154639152654,10.419500000000001,10.25725,10.137,0,21,12,10.425181249267546,10.226791222097946,62.301587301587325,0.143598601008863,0.10750589367354801,10.677644238530284,9.836855761469717,0.010974832416505454,0.01195829791936608,0.010521998392898121,-1537970.0,2.0112073917946702,0,0,-1,0,0,0.01622137404580152,-0.48932931008568664,0.16255345134090513,0.18983209438958262,0.017142857142857126,0.06586826347305386,0.6308958416535373,0.02808988764044934,0.0
2020-12-22,10.7,10.68,0.005617992304223274,0.023138468656398414,0.023799314616114085,1.921138289423857,0.0018709079358116025,10.4735,10.29125,10.163666666666666,1,22,12,10.475148294855265,10.257320820672271,73.18181818181819,0.15733403115343236,0.11747152116952489,10.739895622665397,9.842604377334602,0.010909390021104621,0.011938729365642825,0.010428744700751988,-1050474.0,1.8221508440074463,0,0,-1,0,0,0.0028089887640450504,0.8754406000229088,0.1197666902821076,0.189521453229569,0.028846153846153744,0.06786427145708585,2.122906011283526,0.028037383177569996,0.0
2020-12-23,10.9,10.7,0.003727870114014391,0.01633430146309134,0.007497692105800935,-0.5195287566422238,0.01851904776723753,10.535,10.33475,10.200333333333335,2,23,12,10.552394059427035,10.298783993532126,81.70731707317077,0.1822568435897356,0.13042858565356705,10.841665076454445,9.827834923545554,0.011537597068464989,0.012401440758697393,0.010539514578604192,-760511.0,2.230156593303835,0,0,-1,0,0,0.004672897196261749,0.14358155541558856,0.1397968202718145,0.19686676887848087,0.047070124879923236,0.08673978065802612,0.581229875992616,0.03669724770642189,0.0
2020-12-24,11.1,10.9,0.02298951822469878,-0.0009004953332502063,0.012987195526811112,0.32215112170255666,0.01818231908319033,10.617,10.38825,10.240333333333332,3,24,12,10.651958775894846,10.35047534878812,86.07142857142856,0.215660678477553,0.14747500421836424,10.978711683769546,9.797788316230452,0.011913413823634329,0.012745188611865656,0.010816601816276812,-360335.0,2.4108253577307153,0,0,-1,0,0,0.009174311926605472,0.470030686589585,0.14221191936392988,0.2023235968776543,0.062200956937799035,0.10667996011964109,-0.6118045577612583,0.022522522522522525,0.0
2020-12-28,10.95,11.1,0.017125249525463376,0.008968669982760316,0.0027611614413280655,0.017935235101817142,-0.013605652055778709,10.657,10.43525,10.275333333333332,0,28,12,10.70614808936851,10.389154358543726,79.80132450331118,0.22740829067196877,0.16346166150908514,11.04815915442577,9.82234084557423,0.01168978237498276,0.01333216421938535,0.011256075665623878,-767753.0,1.6796942786154498,0,0,-1,0,0,0.008108108108108096,0.4345087876871815,0.23012753273048625,0.2116415457766033,0.04484732824427473,0.09390609390609383,-1.198069516481244,0.02922374429223731,0.0
2020-12-29,10.69,10.95,-0.015308718599065409,-0.015294945035637702,-0.018553407895747834,-0.936580201367588,-0.024030731225555945,10.675999999999998,10.46775,10.302666666666665,1,29,12,10.703212073119689,10.408563754766712,65.9638554216867,0.21327997212717342,0.1734253236327028,11.061032350460877,9.874467649539124,0.014449563273302378,0.014763529442303068,0.01225664866149007,-927447.0,0.7492216811349595,0,0,-1,0,0,0.006392694063926967,-0.4940471208287238,0.30071750211333553,0.23436376426748418,0.000936329588014928,0.06474103585657365,-0.27985227726725925,0.03274087932647331,0.0
2020-12-30,10.62,10.69,-0.07830495649013498,-0.021072699135236954,-0.04696598629741539,1.0485049900965442,-0.006569709223161073,10.697999999999999,10.480250000000002,10.328333333333331,2,30,12,10.688082605279746,10.42220480284628,60.436137071651046,0.19419619010914424,0.17757949692799108,11.075392397821036,9.885107602178968,0.01421719288923948,0.013142747485586673,0.01234472174446319,-1383115.0,0.46963550407988897,0,0,-1,0,0,-0.046772684752104776,0.5353894810432134,0.3039229806414948,0.20863464834589077,-0.00747663551401867,0.024108003857280513,0.15061815733145315,0.05743879472693044,0.0
2020-12-31,10.79,10.62,0.05256824184608525,0.0,0.0356759006956144,-1.1478346590793003,0.01588076345625057,10.736,10.510250000000001,10.357166666666666,3,31,12,10.706613040683427,10.445933525243294,64.40677966101694,0.19059270060659728,0.18018213766371233,11.104277068318183,9.91622293168182,0.014854993065462736,0.012765493553122042,0.012555930525382512,-1238521.0,0.941876271032668,0,0,-1,0,0,0.011299435028248681,-0.6657322430603898,0.293177958553632,0.20264592782735535,-0.010091743119266194,0.05888125613346418,0.1265541356903036,0.022233549582947217,0.0
2021-01-04,10.64,10.79,0.0009306654929532579,0.01287966286366102,0.0009370519518983527,-0.287373209227329,-0.013999295356544778,10.754999999999999,10.536249999999999,10.381833333333333,0,4,1,10.694501578740987,10.458453942969534,52.72727272727273,0.1736316452914224,0.17887203918925434,11.10326318094765,9.969236819052348,0.01586064255933081,0.013141281415460766,0.012891739461193711,-1347000.0,0.36595269205771813,0,0,-1,0,0,-0.0037071362372566403,-0.8420918682296954,0.23692452246528237,0.20861137520414438,-0.04144144144144135,0.05138339920948631,1.3126332475605564,0.034774436090225486,0.0
2021-01-05,10.62,10.64,-0.010285270660173425,-0.021864348990695236,0.003777152743745394,-1.6955354120366393,-0.0018814680997057312,10.769,10.56275,10.405833333333334,1,5,1,10.680955837151716,10.468876269229565,53.70370370370369,0.15676891938589677,0.17445141522858285,11.090101625428476,10.035398374571523,0.015899985472767712,0.013119369555329436,0.012908793496755193,-1366906.0,0.2171226833841041,0,0,-1,0,0,0.0,-1.16823157661514,0.23531056317440455,0.20826353520812238,-0.03013698630136985,0.0525272547076312,0.5991381908643529,0.008794726930320228,0.0
2021-01-06,10.6,10.62,0.005623257554362039,0.007854417984954233,-0.000942951507870236,2.4234423138438204,-0.0018850146957712238,10.761,10.59025,10.425166666666666,2,6,1,10.666236594033222,10.477335864763141,56.49350649350647,0.14017540000822493,0.16759621218451126,11.059139786174633,10.121360213825366,0.014648203241996017,0.013072362197363971,0.012798737297404866,-1591538.0,0.04158759814132123,0,0,-1,0,0,0.007532956685499066,-0.32244432057486944,0.17497873964719746,0.20751731653432154,-0.008419083255378879,0.05472636815920384,1.1000703368184563,0.017716981132075572,0.0
2021-01-07,10.61,10.6,-0.012223941585714146,-0.00817212452023362,-0.0028342012358751373,1.0230001005887448,0.0009429515078703628,10.751999999999999,10.61275,10.444833333333332,3,7,1,10.656011758754454,10.485894841230035,56.49350649350647,0.12637505975497199,0.15935198169860343,11.035640741146354,10.189859258853646,0.0146333262310874,0.01293285914494024,0.012794923586434139,-966718.0,-0.013005723381628604,0,0,-1,0,0,-0.002830188679245223,1.1261222180529045,0.1697474177543752,0.20530277423123594,-0.0009416195856873921,0.04429133858267709,0.5447631033453453,0.012252591894439115,0.0
2021-01-08,10.73,10.61,0.011288925154807491,0.0312812993810887,0.003777152743745394,-0.8909940301911522,0.011246604016715367,10.735,10.635,10.468166666666665,4,8,1,10.669464166253643,10.501643561150678,58.641975308642,0.12369530531432993,0.15222064642174873,11.03127210215622,10.238727897843779,0.013700202541690562,0.01289407275984595,0.012905459974691792,-710387.0,0.47946852419375724,0,0,-1,0,0,0.007540056550424135,-0.2638168645732301,0.14271407123604934,0.20468705945594787,-0.00556070435588496,0.043266893534273265,-0.11261342343256599,0.0400745573159366,0.0
2021-01-11,10.65,10.73,0.005597029536718034,-0.021053409197832267,-0.000942951507870236,1.1794712155404536,-0.0074836644871729965,10.69,10.6535,10.488833333333332,0,11,1,10.6659252269348,10.511214944302248,55.08982035928143,0.11380438311366348,0.1445373937601317,11.012813673256966,10.294186326743032,0.011855113664261016,0.013063525608224118,0.01302315606427779,-1544143.0,-0.019481585369538066,0,0,-1,0,0,0.0018639328984156173,2.388226831040822,0.10977013886728348,0.20737704003050889,0.0009398496240602405,0.03599221789883278,1.1354812655816766,0.019718309859155007,0.0
2021-01-12,10.8,10.65,-0.00840733583597332,0.021958796312644965,0.0,-1.0726203799599265,0.01398624197473987,10.675,10.666,10.515166666666666,1,12,1,10.690302458401199,10.529846238218234,53.70370370370374,0.11672398101212877,0.13897471121053112,11.027540563349824,10.304459436650177,0.012600456773097398,0.01211493394934432,0.013179499290983573,-1258906.0,0.7412722863428369,0,0,-1,0,0,0.0009389671361502147,-0.06620386903466326,0.143864245827647,0.19231861427963193,0.016949152542373058,0.023696682464454888,0.15296121037445856,0.04166666666666676,0.0
2021-01-13,10.9,10.8,0.017666661248770026,0.0036133733985138313,0.013121087962697276,0.4370704942682481,0.009216655104924048,10.696000000000002,10.685999999999998,10.543833333333334,2,13,1,10.728429284146435,10.553727126075122,55.88235294117651,0.12565843542247102,0.1363114560529191,11.053088115049318,10.318911884950678,0.010155549119680678,0.012155527723463774,0.013235170363881674,-817312.0,1.1659325988870548,0,0,-1,0,0,0.0046296296296295305,0.7130520782993192,0.13977551222879536,0.19296302046621755,0.028301886792452935,0.03809523809523818,-0.9196716448258219,0.03211009174311923,0.0
2021-01-14,11.01,10.9,0.020976601332669167,0.005395696543852055,0.014787700154379371,-0.5998965427091676,0.010041161499490497,10.735,10.7165,10.565166666666666,3,14,1,10.779623959756174,10.58316408568318,53.416149068322966,0.14000128790439348,0.137049422423214,11.084897668430727,10.348102331569272,0.009961845659096217,0.011971726140305283,0.012052954292281821,-574935.0,1.593386848783429,0,0,-1,0,0,0.01651376146788988,-0.23531450512550758,0.13548073624902587,0.1900452607885136,0.03770028275212067,0.05865384615384617,-1.9738652418637845,0.022706630336058128,0.0
2021-01-15,10.85,11.01,0.0018034269991507267,0.0026869698208253877,-0.012927234501459717,0.9671697097212477,-0.01463887074812003,10.741,10.7385,10.587166666666665,4,15,1,10.79241960343687,10.600379305961685,42.038216560509554,0.1368795764539943,0.13701545322937006,11.08150682822716,10.39549317177284,0.010425543689079615,0.012590575800128682,0.011906065423916425,-1212505.0,0.6501328301613705,0,0,-1,0,0,0.008174386920980914,1.4800857807327052,0.198671752816337,0.1998691945814914,0.011183597390493905,0.04226705091258398,-0.6868014295439956,0.038709677419354833,0.0
2021-01-19,10.8,10.85,-0.022780028331819885,-0.008984786407815297,-0.003724399090982328,-0.09786358833492746,-0.004618945856294417,10.757,10.756,10.609833333333333,1,19,1,10.793797857357436,10.61325806041577,44.897959183673514,0.1288853059278523,0.1353894237690665,11.071654708085862,10.440345291914138,0.009347302442464468,0.012672234030148662,0.01185395902379694,-1790636.0,0.2787856405932776,0,0,-1,0,0,0.0,1.0894947471724417,0.1907425901257873,0.20116547879629887,0.014084507042253502,0.03349282296650724,-0.8697968708499917,0.03333333333333328,0.0
2021-01-20,10.98,10.8,-0.004618945856294417,-0.009066245237753194,0.0074349784875179905,-0.9979216385534317,0.016529301951210506,10.793000000000001,10.781,10.6395,2,20,1,10.827652792383356,10.636918830711528,60.431654676259036,0.13551218450791147,0.13541397591683552,11.08354360277301,10.47845639722699,0.010378042828293207,0.013105950541450999,0.012096243568838679,-1577511.0,1.3155128594756904,0,0,-1,0,0,0.0,-0.6108260430073151,0.20092542008853004,0.20805051496674998,0.016666666666666607,0.04770992366412208,-0.6980284109738636,0.016393442622950793,0.0
2021-01-21,10.91,10.98,0.0183491386681964,0.02251333266896723,0.0009254975209429712,0.568327126349348,-0.006395636236405204,10.824,10.7925,10.668166666666668,3,21,1,10.842625011950018,10.654536970665623,60.431654676259036,0.13357583941242446,0.13504634861595333,11.096361117860269,10.488638882139732,0.010723014461578731,0.012629414829124563,0.01215125073599158,-1953743.0,0.7733796336129598,0,0,-1,0,0,0.0018214936247722745,0.08244055525742468,0.2027309268203696,0.20048574505280936,0.0009174311926605228,0.021535580524344677,0.34906836946789666,0.03849679193400549,0.0
2021-01-22,11.04,10.91,-0.007299302481611608,-0.011643660432063458,0.010124338665641969,-0.26328459896406226,0.011845241003969775,10.867,10.8095,10.6975,4,22,1,10.878511373413652,10.679405553203326,59.259259259259274,0.14090689850385196,0.13621845859353304,11.129202164027916,10.489797835972084,0.01105249754520088,0.012857603684299695,0.012174917004969315,-1664600.0,1.4419670927211652,0,0,-1,0,0,0.0009165902841429685,-0.29715858319324695,0.20863752373464825,0.20410813082930898,0.0027247956403269047,0.031775700934579376,0.2978758363022067,0.016304347826086932,0.0
2021-01-25,11.4,11.04,0.03774032798284711,0.07712786072113449,0.03774032798284711,1.3438470663385422,0.032088314551500664,10.934000000000001,10.8345,10.734666666666667,0,25,1,10.973327487338441,10.72589551751279,74.35897435897434,0.17376277786603822,0.14372732244803407,11.248338259786449,10.420661740213552,0.014210942731336173,0.014141304925784618,0.01323701456822334,-556094.0,2.7329517589398944,0,0,-1,0,0,0.027173913043478326,2.723026462462608,0.25606830050923973,0.22448625628535285,0.05069124423963145,0.04587155963302747,0.4191033176640419,0.057017543859649154,0.0
2021-01-26,11.22,11.4,-0.001765225524569081,-0.03825370795946947,-0.014209830572652911,-1.100579028118609,-0.015915455305899457,10.991,10.8405,10.766,1,26,1,11.01817703509509,10.757773226060353,67.44186046511632,0.1831653867353733,0.1516149353055019,11.27357833252794,10.407421667472061,0.015301038138800908,0.014167539662405712,0.01368408496024947,-924870.0,1.7525697847075592,0,0,-1,0,0,-0.007017543859649129,-0.0759156000862552,0.304156164942538,0.224902719818217,0.03888888888888897,0.010810810810810922,0.0022289693968095105,0.03208556149732615,0.0
2021-01-27,10.71,11.22,-0.02867579997666631,-0.02545113242952426,-0.04294858326729558,0.4063577539587208,-0.04652001563489282,10.982000000000001,10.8285,10.771333333333333,2,27,1,10.962144846895981,10.754691082443557,52.488687782805464,0.14776098756764178,0.1508441457579299,11.262103019993274,10.394896980006726,0.02174419054933369,0.017300103246100713,0.015610663455309447,-1478528.0,-0.5465829089559259,0,0,-1,0,0,-0.019607843137254957,0.591574557372093,0.46652572055998776,0.27463062506954244,-0.024590163934426146,-0.021917808219177992,-0.21964505160951367,0.05042016806722681,0.0
2021-01-28,10.75,10.71,-0.01927549352832732,-0.013432029381731094,-0.010323883341636015,-1.5911968213575247,0.003727870114014391,10.967,10.8315,10.779666666666666,3,28,1,10.923573056551257,10.754388431963328,53.12500000000001,0.12152949548389103,0.14498121570312214,11.261886607109082,10.401113392890919,0.021534421070923425,0.016466831285816927,0.015586988343766126,-1365758.0,-0.37872925715527245,0,0,-1,0,0,0.007469654528477898,-1.0457360459864926,0.4696387571402584,0.2614028427811773,-0.01466544454628782,0.00561272217025266,-0.5482384007293213,0.04650232558139537,0.0
2021-01-29,10.75,10.75,-0.01024694573799444,-0.00904082647032748,0.004705891037412714,-0.03582062963836629,0.0,10.940999999999999,10.838,10.791333333333332,4,29,1,10.892014318996482,10.754105307320533,50.47169811320754,0.09959280515634816,0.13590353359376736,11.258756211449814,10.417243788550184,0.02118137074638603,0.016386107739111092,0.015463805764699318,-1365758.0,-0.418294478395336,0,0,-1,0,0,-0.0065116279069767705,-0.9710256663611841,0.4537924734775954,0.2601213962039928,-0.026268115942028936,0.012241054613935987,-0.24386833073145878,0.032558139534883686,0.0
2021-02-01,10.88,10.75,0.020389955703049394,0.01980262729617973,0.006551263487221728,1.098716447995212,0.012020486854124882,10.943999999999999,10.8425,10.807,0,1,2,10.889829897360757,10.762227545557918,55.29953917050693,0.09164134914295907,0.1270510967036057,11.263019728556438,10.42198027144356,0.021129982986547474,0.0162166106811713,0.015590413781688926,-1039318.0,0.1783507286506228,0,0,-1,0,0,0.013953488372093056,-0.21838323543154214,0.3605197944193118,0.2574307138243981,-0.04561403508771922,0.008341056533827773,-1.282872040676162,0.04595588235294117,0.0
2021-02-02,11.12,10.88,0.010949014489670303,0.002670228555878892,0.025784117155714634,-0.5625209964954289,0.021819047394639673,10.976,10.8665,10.829333333333333,1,2,2,10.931679006931528,10.78530963939289,57.07964601769909,0.10351252919921627,0.12234338320272783,11.293103476680281,10.43989652331972,0.022078076481213973,0.01652164200181955,0.016029669971774036,-853322.0,1.1884572623395893,0,0,-1,0,0,0.012867647058823418,-0.7621761507962809,0.4125420094281774,0.2622729359235233,-0.00891265597147961,0.045112781954887105,-1.6398870242206958,0.02248201438848921,0.0
2021-02-03,11.12,11.12,0.017094433359300255,0.006202944124607865,0.007246408520767253,-0.2697854407954845,0.0,10.99,10.8915,10.850666666666665,2,3,2,10.965919187489432,10.806902565883671,55.092592592592574,0.1116336813321901,0.1202014428286203,11.31587694267431,10.467123057325692,0.02156715388053427,0.016501712381004122,0.01603408661401406,-853322.0,1.0768728317804113,0,0,-1,0,0,0.008093525179856263,-0.9777430507478572,0.1505364246153261,0.2619565630011147,0.03828197945844991,0.04708097928436916,1.076018389867211,0.021582733812949662,0.0
2021-02-04,11.1,11.12,-0.013471240989879825,-0.006202944124607781,-0.0054298775943694,-0.756139653942416,-0.0018001805041478545,11.009,10.916500000000001,10.864666666666666,3,4,2,10.990297517036806,10.825812077762146,52.17391304347826,0.11512878706221663,0.11918691167533957,11.327264370924452,10.50573562907555,0.021430083789399278,0.01650055737814791,0.01572170890229702,-919995.0,0.8934562634389189,0,0,-1,0,0,-0.005395683453237296,-1.2018810485328795,0.16396159546597236,0.261938227899188,0.032558139534883734,0.04716981132075482,1.0808326721981987,0.02072072072072076,0.0
2021-02-05,10.99,11.1,0.012578782206859965,-0.0026702285558788097,-0.009115833408009382,0.4938387606079868,-0.009959339902758355,11.004,10.935500000000001,10.874333333333334,4,5,2,10.990243423030114,10.836404846938782,53.4653465346535,0.10778018001808043,0.11690556534388774,11.320944377856206,10.550055622143796,0.02141227438234485,0.016729172127096858,0.01585626577104624,-1029245.0,0.2827904783726337,0,0,-1,0,0,0.009009009009008978,-0.9431355174549951,0.19978133123975,0.2655673745297503,0.022325581395348904,0.035815268614514784,0.530901592819424,0.027297543221110165,0.0
2021-02-08,11.05,10.99,-0.013483350337286875,-0.0008916630104816811,0.008207980417829582,0.17655361932000238,0.005444659548231764,10.969,10.9515,10.879333333333333,0,8,2,11.001108255206457,10.850185179394344,56.1576354679803,0.10558078498329415,0.11464060927176903,11.327477322944246,10.575522677055753,0.018275056012145522,0.016606575803964598,0.015528219808820834,-898899.0,0.5239677713999137,0,0,-1,0,0,0.0054595086442220655,-0.8282710464916014,0.18914140128738569,0.2636212182337971,0.015625,0.02982292637465056,1.0771581397105705,0.018099547511312312,0.0
2021-02-09,11.07,11.05,-0.0027186242389934958,-0.005366739177940787,-0.01648388972168937,-0.061869200933722876,0.0018083187567836808,10.954,10.9725,10.878333333333334,1,9,2,11.013634026987102,10.864366780723742,52.406417112299465,0.10424985400181441,0.1125624582177781,11.323670973503617,10.621329026496383,0.01774199142371541,0.016469251791106528,0.015164704746441354,-776373.0,0.5552850739754897,0,0,-1,0,0,-0.0027149321266969353,-0.7841253911127409,0.09070109166252022,0.2614412671114377,-0.004496402877697703,0.03943661971830981,-1.0255215530787574,0.028906955736224055,0.0
2021-02-10,11.05,11.07,0.010830430774369591,0.0008964590470372057,0.0065803334330665625,1.242242403664631,-0.00180831875678366,10.988,10.985,10.881666666666668,2,10,2,11.020246022080356,10.876343117451244,53.84615384615387,0.10042362768867008,0.1101346921119565,11.328020637709502,10.641979362290497,0.00872069114795395,0.01624063561209536,0.014953553410226063,-1200726.0,0.378985943434975,0,0,-1,0,0,0.006323396567299032,0.38559535380993976,0.09049363511853394,0.2578120977793415,-0.006294964028776828,0.02314814814814814,-0.7184482714126019,0.023393665158371015,0.0
2021-02-11,11.1,11.05,-0.0035971261808495918,0.0008956561279443863,0.008994878352404726,-0.2629354144332156,0.004514680354526613,11.023,10.995000000000001,10.895333333333333,3,11,2,11.034746745338472,10.890772593744714,51.7241379310345,0.10027004721325739,0.10816176313221669,11.339245934119477,10.650754065880525,0.008730010065406642,0.01615233886901209,0.014253146057838067,-874487.0,0.6100289914451504,0,0,-1,0,0,0.0045248868778279576,0.020268526650434212,0.09882629804115693,0.2564104304366897,0.0,0.0183486238532109,-1.2520914597573025,0.01531531531531531,0.0
2021-02-12,10.88,11.1,0.005390848634876373,0.0,-0.016498999380035077,-0.40551875120228026,-0.02001886689049179,11.036,10.988499999999998,10.904,4,12,2,11.00661097345875,10.890077587696668,33.74999999999996,0.08145718447937789,0.10282084740164893,11.336442826519258,10.640557173480738,0.011392082496599516,0.016646784876440657,0.0147056551451302,-1091968.0,-0.6236656814305184,0,0,-1,0,0,0.005405405405405451,-0.4068733861885618,0.16465008029472133,0.2642595174711184,-0.010009099181073622,-0.01180744777475018,-1.8498614790950898,0.032169117647058786,0.0
2021-02-16,10.93,10.88,-0.017171682666025912,-0.015336340282738751,0.002768806568133019,-0.2937253436851523,0.004585060760650442,11.041,10.9925,10.908666666666667,1,16,2,10.99268170555716,10.892653227200109,40.136054421768634,0.0697780790955207,0.09621229374042328,11.335543652278128,10.649456347721872,0.010832991388035512,0.01634250858353619,0.014447025825873216,-929840.0,-0.3643851130020459,0,0,-1,0,0,0.008272058823529398,-0.552753701110323,0.16229270593957432,0.2594292810658512,-0.010859728506787403,0.007373271889400845,-1.8966326850534636,0.01372369624885639,0.0
2021-02-17,11.03,10.93,-0.002738477293303799,0.0027235604670405207,0.004597709248629549,0.5708591071825033,0.009107531076963856,11.032,11.004,10.921666666666669,2,17,2,10.999466850001312,10.90151430931623,65.09433962264154,0.06780979904725015,0.09053179480178866,11.335084342887363,10.672915657112636,0.008497291639794199,0.016405798258028938,0.014264760834439194,-642908.0,0.15705967714000374,0,0,-1,0,0,0.0009149130832570711,0.022998315507725305,0.1808468501196134,0.2604339735014474,-0.0036133694670280603,0.021296296296296147,-1.6313861231479603,0.011786038077969085,0.0
2021-02-18,10.99,11.03,0.0027384772933037706,-0.0018148825308225006,-0.005519793223597922,0.9378704339052034,-0.0036330648498809825,11.019,11.0045,10.934,3,18,2,10.997745604546527,10.907223063553893,61.32075471698121,0.06230405486074275,0.08488624681357948,11.335461915442817,10.673538084557183,0.008537613088412263,0.01602080197941956,0.014281741056121462,-1375886.0,-0.08762337491671454,0,0,-1,0,0,-0.005439709882139504,1.6798608370361867,0.18202419415296994,0.25432234704813295,-0.005429864253393757,0.0009107468123861207,-1.4478901960528545,0.015468607825295716,0.0
2021-02-19,10.76,10.99,0.005454558978272139,0.007239850627687178,-0.009267906930781509,-0.022602069367525537,-0.02115021368189165,10.985,10.997,10.939333333333334,4,19,2,10.954519130992614,10.897724801389126,50.3875968992248,0.03893284155381593,0.07569556576162677,11.34341623883157,10.65058376116843,0.01059598338520734,0.01665171478868004,0.014837875663720258,-2092483.0,-1.3682961329952639,0,0,-1,0,0,0.003639672429481269,1.457063199299521,0.21898091924761098,0.2643377774017431,-0.03063063063063065,-0.013748854262144894,-0.15857071360007227,0.03252788104089216,0.0
2021-02-22,10.75,10.76,-0.012773896320541838,-0.012704345099765849,-0.003731347612858247,-0.6568409395918249,-0.0009298001599665276,10.961,10.9825,10.944,0,22,2,10.917333834448502,10.88819416904144,44.44444444444438,0.019380661993643855,0.06443258500803019,11.345230870219813,10.619769129780186,0.01032763691613771,0.01639091207935049,0.014840349546969837,-2464029.0,-1.281942173044745,0,0,-1,0,0,0.012081784386617174,0.15921404620959595,0.182602590135116,0.26019766274091594,-0.01194852941176483,-0.026268115942028936,-1.2481249028707033,0.023255813953488372,0.0
2021-02-23,10.91,10.75,-0.009225157674825943,0.05247980481744364,-0.0284379353205334,0.35509111375622193,0.01477404527130769,10.947000000000001,10.958,10.95,1,23,2,10.91600041000332,10.88960099684522,40.366972477064216,0.016604673312668794,0.054867002668957915,11.263707118178763,10.652292881821237,0.011467038618674479,0.014875760710913793,0.014943727430441046,-1934089.0,-0.3140260539954582,0,0,-1,0,0,0.0037209302325580604,1.127634107861306,0.21835552828446494,0.23614538042389976,-0.0018298261665141702,-0.0429824561403509,-0.7192917915484572,0.10449129239230052,0.0
2021-02-24,10.96,10.91,0.011060020574936144,-0.0479239882815829,0.040514254865572336,-0.42674996330080983,0.004572481674890049,10.936,10.945,10.960333333333335,2,24,2,10.924000335457261,10.894142868016496,42.98245614035092,0.01822913034822804,0.04753942820481194,11.224811966938528,10.665188033061472,0.011581269105875437,0.014582763867339407,0.01487968603510647,-1588236.0,0.10721485692065422,0,0,-1,0,0,0.0,0.23176323381440997,0.20808448479708813,0.23149419972575147,-0.006346328195829476,-0.02317290552584672,-0.6162817523775964,0.01551094890510948,0.0
2021-02-25,10.75,10.96,-0.001834862900110335,-0.007308460032699298,-0.008344971932180647,-0.8081784997112709,-0.019346526946197744,10.906,10.947,10.958666666666668,3,25,2,10.892363910828669,10.884843328144465,36.84210526315786,0.002541976967560089,0.03853993795736157,11.220234042727412,10.673765957272586,0.012945803710996689,0.011152403510312279,0.01511273782521444,-1742372.0,-1.441987228484063,0,0,-1,0,0,-0.006386861313868638,-0.6323000324270533,0.24536436288682323,0.17703891725358034,-0.021838034576888155,0.0037348272642390157,-0.00572722763679317,0.016734883720930228,0.0
2021-02-26,10.63,10.75,-0.008289543598302498,-0.01103141941910458,-0.03023845587256531,1.4919732137607753,-0.011225562219815166,10.859,10.940999999999999,10.949666666666667,4,26,2,10.844661381587093,10.868401823102886,36.567164179104466,-0.019350145789001516,0.026961921208088952,11.236787975272309,10.64521202472769,0.012927177079896443,0.011401816650938958,0.01513917730049699,-2427639.0,-2.10285762775639,0,0,-1,0,0,0.004660465116279114,1.7785211974600164,0.2110990092086335,0.18099822811643898,-0.012081784386617,-0.01116279069767434,0.006166302071768986,0.0357478833490123,0.0
2021-03-01,10.7,10.63,-0.007444237703910685,-0.0004723293797959474,0.013336645069962152,-0.8047669861929584,0.006563549114003847,10.841,10.938500000000001,10.939333333333334,0,1,3,10.81835931220762,10.857537189354312,37.03703703703694,-0.030697533751677497,0.015430030216135664,11.241834104490861,10.635165895509141,0.012059210491846524,0.011511545532331741,0.015066150318910699,-2121193.0,-1.572523474736339,0,0,-1,0,0,0.00846660395108183,-0.051657533719488766,0.22081823208350698,0.1827401201072786,-0.0046511627906977715,-0.0046511627906977715,-0.42720656372987953,0.021962616822429854,0.0
2021-03-02,10.48,10.7,-0.009372139828863322,-0.008839322498910257,-0.012387009265434465,0.6528513773923201,-0.020775062574964295,10.796,10.9185,10.927000000000001,1,2,3,10.75683943726078,10.833179951331454,30.9677419354838,-0.05678796553153198,0.0009864310666021347,11.284374583055754,10.552625416944245,0.013193462915420312,0.01198658615355775,0.015293545113184457,-2709879.0,-2.3969962402836638,0,0,-1,0,0,-0.007476635514018699,1.1959551090377203,0.2044324466632256,0.19028115618578453,-0.039413382218148496,-0.03676470588235292,0.3079253005783483,0.025763358778625914,0.0
2021-03-03,10.45,10.48,-0.011363758650314982,-0.011278315037707078,-0.01740856342826382,-0.6725250506413828,-0.002866700482076224,10.738000000000001,10.885,10.915333333333335,2,3,3,10.70105044866791,10.80845866414878,30.76923076923066,-0.07897519310228418,-0.015005893767175128,11.293411557133135,10.476588442866865,0.012372771133592496,0.010589432497010973,0.015282825498716488,-3010355.0,-2.1302041649041636,0,0,-1,0,0,0.0019083969465648447,-0.1663160029991762,0.1812052198364151,0.1681020294743806,-0.046532846715328646,-0.06025179856115104,0.5852019085649504,0.03157894736842106,0.0
2021-03-04,10.34,10.45,-0.007648220838256845,-0.015238390104932498,-0.02970515441391581,0.6690639151543691,-0.01058210933053686,10.672999999999998,10.846,10.894,3,4,3,10.635404912546472,10.77823552452628,26.54320987654316,-0.10423327518076597,-0.0328513700498933,11.305674942357639,10.386325057642361,0.012460048428399614,0.010691030962766572,0.015003730270006427,-3597007.0,-2.201555722853912,0,0,-1,0,0,-0.0028708133971291254,1.0603132254010603,0.16127345042227045,0.16971485511823076,-0.038139534883720905,-0.07014388489208623,0.33530926213914475,0.04545454545454552,0.0
2021-03-05,10.22,10.34,-0.017425416713859058,-0.0028832312140848037,0.010000083334583399,0.065677070258497,-0.011673284304724621,10.619000000000002,10.802,10.871,4,5,3,10.55987674662893,10.742220329395554,28.289473684210463,-0.1324071768071473,-0.05276253140134411,11.323600774942847,10.280399225057153,0.011534021025186143,0.010829265354109528,0.015087792173484856,-4223482.0,-2.2315917765412467,0,0,-1,0,0,-0.009671179883945807,1.1338522562175757,0.16190064199956916,0.1719092580510098,-0.038570084666039506,-0.07927927927927925,0.3677621934157323,0.03326810176125243,0.0
2021-03-08,10.25,10.22,-0.0019550348358033506,-0.002891568279799125,0.012852376617291803,-0.6473635896057832,0.0029311208088587263,10.569,10.764999999999999,10.844666666666667,0,8,3,10.503535519969123,10.710464179111971,27.333333333333286,-0.15057867036847483,-0.07232575919477026,11.333340150188,10.196659849811997,0.011751096073439741,0.010845299176954887,0.01488862770275768,-3895570.0,-1.8122949780325806,0,0,-1,0,0,0.0,-0.3422853688253894,0.14237529021404133,0.17216378709789673,-0.04205607476635509,-0.06733393994540493,-0.05485997689244816,0.01756097560975607,0.0
2021-03-09,10.22,10.25,0.005853675251460508,-0.003868476777920206,0.0009818361122566383,-0.6509881603273169,-0.0029311208088587007,10.5,10.7235,10.805333333333332,1,9,3,10.451983607247463,10.678821328846684,21.67832167832165,-0.16549276167300775,-0.09095915969041776,11.324491286389183,10.122508713610816,0.009609499098198188,0.010644045213669764,0.013343733292892864,-4066586.0,-1.6755650586053512,0,0,-1,0,0,0.0029268292682926205,-1.1428818807575833,0.09590918701389857,0.16896897947458536,-0.024809160305343525,-0.07511312217194566,0.11363844888456177,0.01272015655577307,0.0
2021-03-10,10.17,10.22,-0.0029225544426018536,0.0,-0.013834212729548523,0.6244460103207853,-0.004904374715089876,10.421000000000001,10.6785,10.770333333333333,2,10,3,10.400713860475197,10.645994146340447,21.52777777777773,-0.17928023763327872,-0.10862337527898996,11.304507398644647,10.052492601355352,0.008834414538538185,0.010561909955863352,0.013145876276079953,-4385909.0,-1.6245814381776977,0,0,-1,0,0,0.002935420743639859,-0.472348423498356,0.09412919057620985,0.1676651226784297,-0.026794258373205704,-0.08130081300813008,0.4437543118210914,0.02654867256637164,0.0
2021-03-11,10.5,10.17,-0.009804000096620856,0.018243424835443115,0.0009945301665083635,0.37462709592807053,0.03193304710300901,10.396,10.651,10.763333333333334,3,11,3,10.418765885843342,10.636575169157194,41.55844155844155,-0.16171452520747032,-0.11924160526468604,11.256271578888743,10.045728421111257,0.014481724775962516,0.013370613766404176,0.012166060451008098,-3921470.0,-0.4989495798802585,0,0,-1,0,0,-0.0019665683382497122,0.2807051706569001,0.27239495115033946,0.21225191341321267,0.01547388781431347,-0.04977375565610864,1.7355322725811162,0.04285714285714279,0.0
2021-03-12,10.48,10.5,0.025293177139081104,-0.0028585059959635372,0.027452704408689837,-1.2557505959545041,-0.0019065782705815315,10.381,10.620000000000001,10.754333333333335,4,12,3,10.429899361144553,10.6264735453406,41.29032258064517,-0.14770475592562526,-0.12493423539687389,11.190982532685135,10.049017467314867,0.014141033908271922,0.013270631806709753,0.012140497795566774,-4053771.0,-0.49038277700590516,0,0,-1,0,0,-0.008571428571428558,-1.3482049356867836,0.24668879799821142,0.21066474900754673,0.02544031311154593,-0.05585585585585584,2.0533280775775946,0.013358778625954252,0.0
2021-03-15,10.25,10.48,0.0,-0.00670179626601867,-0.02150620522096362,0.8714439241593969,-0.022190973308478915,10.336,10.5885,10.737666666666668,0,15,3,10.397190386390998,10.602184929512175,29.62962962962959,-0.15339277422702402,-0.1306259431629039,11.168528129989316,10.008471870010684,0.015204712342060818,0.013421962624229719,0.012738582201175845,-4370018.0,-1.1671847708704564,0,0,-1,0,0,-0.006679389312977126,-0.4594152204331706,0.3145554480951493,0.21306705126069428,0.0,-0.057904411764705954,1.2163409573158424,0.02829268292682936,0.0
2021-03-16,10.45,10.25,-0.008683122573460881,0.00478201573475449,0.014713360081147401,0.4885982305921909,0.019324272826402842,10.333,10.5645,10.723333333333333,1,16,3,10.406792134319907,10.592366546963003,35.593220338982974,-0.14014671706456205,-0.13253009794323556,11.124405067141284,10.004594932858717,0.01568223216385292,0.01424893358662429,0.01307920100419343,-3854526.0,-0.4089979059650444,0,0,-1,0,0,0.006829268292682955,0.48554065520643536,0.34001044470618746,0.22619480830850097,0.02250489236790587,-0.04391582799634042,0.20507555431071545,0.01817224880382773,0.0
2021-03-17,10.54,10.45,0.003868476777920332,0.007628644751584204,0.008725212890870032,-0.8676790539093773,0.008575564702396324,10.342,10.540000000000001,10.704,2,17,3,10.431011746261742,10.588988060062164,43.63636363636358,-0.12099215128696983,-0.13022250861198242,11.055241384411705,10.024758615588297,0.015882426419774803,0.014227029229323514,0.012468650703994364,-3638058.0,-6.895241310743979e-15,0,0,-1,0,0,-0.008612440191387547,-1.0628242916370523,0.32950412725873873,0.22584708741622164,0.036381514257620484,-0.04442429737080689,-0.3865742893996391,0.01707779886148005,0.0
2021-03-18,10.43,10.54,0.014374948057522784,-0.0028503582243564747,-0.003868476777920206,-0.11684799979716673,-0.010491274100535134,10.351,10.512,10.681000000000001,3,18,3,10.43082779239597,10.578730765864606,43.90243902439019,-0.11338111369726889,-0.12685422962903972,10.983262581850711,10.04073741814929,0.015875220840605834,0.014344636205164105,0.01256454782648786,-3830654.0,-0.34800131883153435,0,0,-1,0,0,-0.002846299810246619,-1.094745043867371,0.2561535227280743,0.22771404027934516,-0.00666666666666671,-0.05095541401273895,0.02123120619408522,0.0182166826462128,0.0
2021-03-19,10.49,10.43,-0.007640915876178667,0.0028503582243563945,0.006278697274658854,-1.0833653496016329,0.005736153395524815,10.378,10.4985,10.660666666666666,4,19,3,10.441586375596703,10.573006200324954,43.55828220858898,-0.10133963280850011,-0.12175131026493181,10.955090338095403,10.041909661904597,0.015284242335982237,0.013771203175351574,0.012645277767345881,-3765469.0,-0.03723250051876345,0,0,-1,0,0,0.0,-1.6349417514094264,0.2606172857080888,0.2186110731367397,0.000954198473282375,-0.025092936802973975,-0.41583062398342335,0.014775977121067622,0.0
2021-03-22,10.34,10.49,0.0009583134418115972,-0.003802285949738459,-0.004342588247792593,0.5692493766873098,-0.014402553327922776,10.386999999999999,10.478,10.639000000000001,0,22,3,10.423116125488212,10.557973542239475,45.51282051282049,-0.1027163684904231,-0.11794432191003007,10.923732985919614,10.032267014080386,0.016200898510338912,0.014079452074682187,0.012767096548890773,-3880647.0,-0.6192047901291644,0,0,-1,0,0,-0.0047664442326025465,-1.2323444511882167,0.22233795791560562,0.2235043727139688,0.008780487804878057,-0.038139534883720905,-0.020765937288429903,0.01547388781431336,0.0
2021-03-23,10.24,10.34,-0.01059229932294546,-0.016322974031930518,-0.017561426929947183,1.3218310830028412,-0.00971824946892134,10.389,10.444500000000001,10.611999999999998,1,23,3,10.389822284490354,10.53745912015951,43.55828220858898,-0.11060165862879145,-0.11647578925378235,10.852652448299173,10.03634755170083,0.016519411833021375,0.013606236617609593,0.012763099811997266,-4312597.0,-1.0020765566992484,0,0,-1,0,0,-0.0009671179883945635,0.47973316930069276,0.16532623919706352,0.21599231021817372,-0.020095693779904167,-0.06141154903758017,0.5176089530787119,0.016601562499999993,0.0
2021-03-24,10.01,10.24,-0.00777457754713004,-0.001937985102678577,-0.01587334915629012,-0.12150537341880155,-0.02271702628423251,10.373,10.397,10.576666666666666,2,24,3,10.320763687310288,10.503429499504058,40.57142857142856,-0.13386675308330886,-0.11995398201968767,10.772351063742486,10.021648936257515,0.018002678094325666,0.0141384008786056,0.013243577326719762,-4695126.0,-2.062069552388465,0,0,-1,0,0,0.0009765624999999792,0.2027447568947401,0.16304337306953354,0.22444015596556516,-0.050284629981024564,-0.0866788321167884,0.8372037844285378,0.03096903096903102,0.0
2021-03-25,10.01,10.01,-0.03373335724252059,-0.029529704701739386,-0.028286312200515105,0.2682215436984374,0.0,10.324,10.36,10.542,3,25,3,10.264261198708418,10.471595338245733,43.558282208588935,-0.1505688441450168,-0.1260769544447535,10.734727971509425,9.985272028490574,0.013602578615187103,0.013730901317985931,0.013254539869596037,-4695126.0,-1.8680217470298803,0,0,-1,0,0,-0.009990009990009955,0.7547686932463415,0.1783033042071259,0.21797130098495876,-0.04026845637583887,-0.06883720930232562,0.011750655888794637,0.028861138861138856,0.0
2021-03-26,9.99,10.01,0.010040244985232505,0.0,0.018235976347013648,-1.9426607943701792,-0.002000000666666999,10.275,10.328,10.505,4,26,3,10.214395526215977,10.440524671262137,41.97530864197532,-0.16353408535695202,-0.13356838062719323,10.714759819390189,9.94124018060981,0.01360049353767258,0.013613098714596218,0.01317664412940025,-4766817.0,-1.7478547825000537,0,0,-1,0,0,0.0,-1.4671535413665107,0.1457963570208035,0.21610124263076783,-0.047664442326024736,-0.06020696142991533,-0.44103846604229985,0.011011011011010954,0.0
2021-03-29,10.1,9.99,-0.005007521730622293,0.014873848823206663,0.003951777391631928,0.03488399100170837,0.01095083118675148,10.260000000000002,10.297999999999998,10.479000000000001,0,29,3,10.193596339631252,10.418555337632323,46.47058823529409,-0.16305347279813276,-0.13946539906138114,10.655217315546594,9.940782684453403,0.012931895231670978,0.013811847323729422,0.0130553666312726,-4692581.0,-1.108568881645783,0,0,-1,0,0,-0.003003003003002939,-1.3193822368181938,0.1970552054977736,0.21925627898988645,-0.023210831721470093,-0.05607476635514019,-0.40622270843524005,0.021861386138613915,0.0
2021-03-30,9.95,10.1,0.01889663389128949,0.0,0.0010860166383250922,0.6412269544718113,-0.014962872676712377,10.209999999999999,10.2715,10.446333333333333,1,30,3,10.149306096061933,10.388325961010885,43.88888888888887,-0.17278457722870932,-0.1461292346948468,10.649877422270693,9.893122577729306,0.011209100773691305,0.013480271448385494,0.013178548935710159,-4833541.0,-1.6993614368988295,0,0,-1,0,0,0.004950495049505021,-0.8748869783355827,0.20851323762559507,0.21399267514843495,-0.02832031250000011,-0.050572519083969536,-0.12052355853170547,0.02110552763819104,0.0
2021-03-31,9.96,9.95,-0.017893121514049332,-0.016873849489873652,0.0,-0.757110762958043,0.0010045204260057121,10.152,10.247,10.410666666666666,2,31,3,10.114886805868853,10.360692028042441,31.7567567567568,-0.17764188608766496,-0.15243176497341043,10.639889431345724,9.854110568654276,0.010425895618295043,0.013502602180413688,0.013001438762400433,-4767428.0,-1.4609708335343496,0,0,-1,0,0,0.0020100502512564174,-1.179324857420294,0.1468153009000999,0.2143471645296787,-0.004995004995004937,-0.04688995215310987,-0.5008841255840262,0.004016064257028205,0.0
2021-04-01,10.01,9.96,-0.0010035123772400224,0.0034973805321708196,0.0010045204260057121,0.8929601607454118,0.005007521730622193,10.11,10.230500000000001,10.378000000000002,3,1,4,10.09581647752906,10.338066735910672,34.437086092715205,-0.1754344570046502,-0.1570323033796584,10.634504950464734,9.826495049535268,0.01076847120226033,0.01345223295848469,0.013089812891740639,-4605957.0,-1.0915707827161878,0,0,-1,0,0,0.0,-0.5924733388799305,0.15308930090797207,0.213547577919943,0.0,-0.03191489361702127,-0.8654301531890302,0.006493506493506444,0.0
2021-04-05,10.15,10.01,0.008995562908577783,0.012391732295163457,0.004008021397538647,0.15571629842704268,0.013889112160667093,10.075999999999999,10.227,10.357666666666665,0,5,4,10.105668027069232,10.325933398109983,46.47887323943663,-0.16053764553499938,-0.1577333718107266,10.632597674653372,9.821402325346629,0.011860551530888249,0.013659431816435851,0.012994999628565098,-4417279.0,-0.3796865949283616,0,0,-1,0,0,0.003996003996004088,-0.354679167425551,0.17948216085076374,0.21683675782039522,0.0160160160160161,-0.006849315068493178,-1.2130263355515272,0.014778325123152743,0.0
2021-04-06,10.18,10.15,0.004962789342128876,0.004914014802428941,0.009950330853168092,-0.46807839098800036,0.0029513056345803197,10.06,10.2235,10.338666666666665,1,6,4,10.119182931238463,10.316518340167404,39.200000000000024,-0.14464370326635745,-0.1551154381018528,10.629469923698025,9.817530076301974,0.01131307413062548,0.01365968144769513,0.01302394029661225,-4299128.0,-0.21430158965350704,0,0,-1,0,0,-0.004926108374384306,-0.7437764461966851,0.16610509210794813,0.21684072059378431,0.007920792079207928,-0.006829268292682933,-0.923955844439065,0.009823182711198393,0.0
2021-04-07,10.15,10.18,0.002965894413378248,0.000979911886349009,0.0,-0.4388382530985712,-0.0029513056345803093,10.050999999999998,10.22,10.313333333333334,2,7,4,10.12478603464965,10.305775221446927,33.6134453781513,-0.1329359854972907,-0.15067954758094038,10.627301776134255,9.812698223865747,0.010968033939181101,0.013659889434555931,0.012640718478110423,-4375310.0,-0.34372548366657285,0,0,-1,0,0,-0.00491159135559911,-0.9650117169039164,0.1001106590789854,0.21684402228284222,0.0201005025125629,-0.006849315068493178,1.0494677209463152,0.01083743842364544,0.0
2021-04-08,10.15,10.15,0.005905528974041296,-0.0009799118863489124,0.0,0.36138280702457715,0.0,10.065000000000001,10.219,10.286333333333333,3,8,4,10.129370391986077,10.295725207160029,37.03703703703707,-0.12224833213979025,-0.14499330449271036,10.626916400103864,9.811083599896135,0.007922753978351859,0.0136162138771113,0.012581888526757923,-4375310.0,-0.338304613310129,0,0,-1,0,0,0.003940886699507305,-0.6840864659558789,0.10223902011772344,0.21615069430261857,0.01907630522088355,-0.001966568338249708,1.0833424527446178,0.009852216748768438,0.0
2021-04-09,10.18,10.15,-0.0019646371741648544,0.0,0.0014840467724950225,0.12260724650783059,0.0029513056345803197,10.081999999999999,10.203,10.267333333333333,4,9,4,10.138575775261335,10.288259064762608,35.2380952380952,-0.11008850877263576,-0.13801234534869544,10.589024269757902,9.816975730242097,0.007919101867313132,0.011319164502168293,0.0122133309827162,-4251702.0,-0.11916349204895506,0,0,-1,0,0,0.0019704433497536524,-0.5183186754790754,0.10173996192161933,0.1796861659306052,0.016983016983016963,-0.030476190476190546,1.4182145875148788,0.008349705304518574,0.0
2021-04-12,10.18,10.18,-0.001968504572672198,-0.001962709167848706,0.0034542348680876036,-0.857922457943581,0.0,10.101,10.187999999999999,10.252333333333333,0,12,4,10.146107452486547,10.281274608971472,41.11111111111109,-0.09930701173258427,-0.13027127862547322,10.55135280810517,9.824647191894828,0.007839858252882751,0.01132346137223854,0.012085810341242306,-4251702.0,-0.044034336994492405,0,0,-1,0,0,-0.0029469548133594656,-0.9553203078385726,0.03920629863308311,0.1797543766283362,0.002955665024630516,-0.028625954198473358,-0.508643262229768,0.0029469548133594656,0.0
2021-04-13,10.12,10.18,0.004914014802428941,0.001962709167848689,-0.006920442844573795,3.2857358883841963,-0.005911347263057237,10.103,10.1815,10.233,1,13,4,10.141360642943537,10.270869795489443,43.02325581395342,-0.094514590841003,-0.12311994106857918,10.544833977144153,9.818166022855847,0.007474280125506362,0.01031356663703437,0.012017113774699462,-5652684.0,-0.33853151022867484,0,0,-1,0,0,0.001964636542239644,3.7309759220105367,0.053381531862121655,0.16372279471011422,-0.005893909626719096,-0.012682926829268415,-0.4015368700603655,0.011857707509881346,0.0
2021-04-14,10.1,10.12,-0.007874056430905883,0.000979911886349009,0.0,-0.5157547793648343,-0.0019782400121057075,10.118,10.163999999999998,10.220333333333333,2,14,4,10.133840526044711,10.259845937715932,56.92307692307693,-0.0912781973693555,-0.11675159232873444,10.505969527728361,9.822030472271635,0.0054140063678353246,0.009164784108833953,0.011483066276237358,-6489140.0,-0.37430235626628927,0,0,-1,0,0,0.0,1.7251797566293476,0.05177457280277658,0.14548643742942816,-0.0049261083743843415,-0.03349282296650713,-0.6776958385935286,0.012871287128712949,0.0
2021-04-15,10.06,10.1,0.0,-0.005273429581758611,-0.005970166986503908,-2.0355625452794635,-0.003968259175620511,10.128,10.139999999999999,10.207333333333333,3,15,4,10.120414975854764,10.246952651411679,53.623188405797166,-0.09089323727197396,-0.11157992131738236,10.43501115054756,9.844988849452438,0.005686369089816742,0.008848704431857826,0.011490403409882177,-6598387.0,-0.5423523812677096,0,0,-1,0,0,0.001980198019801938,-0.45631721229614225,0.05459521387943538,0.1404688281108654,-0.00886699507389166,-0.04554079696394675,0.3189063158507591,0.013548707753479156,0.0
2021-04-16,10.06,10.06,-0.003960401216096794,-0.0035805387354963312,-0.0009985023295895493,0.5074238700970481,0.0,10.133000000000001,10.1215,10.198,4,16,4,10.109430434790262,10.23489119003028,55.22388059701496,-0.08955580999029955,-0.1071750990519658,10.38462094477441,9.858379055225589,0.0055123338015151,0.008648500977343453,0.01135582815989297,-6598387.0,-0.4674656367833169,0,0,-1,0,0,0.0019880715705764985,-0.23720439921517897,0.040732913121048285,0.137290696797299,-0.011787819253438081,-0.03547459252157237,-0.5278943782288907,0.010934393638170918,0.0
2021-04-19,9.99,10.06,-0.0029806281381377893,-0.004952957128848419,-0.006012042156627834,1.3281806542217238,-0.006982572011131031,10.117,10.0965,10.190333333333333,0,19,4,10.08771581028294,10.219091758415423,41.2698412698413,-0.09307143465576573,-0.1043543661727258,10.300592342361398,9.892407657638604,0.0033970729474190626,0.008532968458910802,0.01123514450745171,-7283248.0,-1.0436452320334066,0,0,-1,0,0,-0.0009940357852882492,1.1508731190692687,0.04499922561309481,0.13545667492461633,-0.018664047151277008,-0.047664442326024736,0.29593830759055945,0.01201201201201211,0.0
2021-04-20,10.0,9.99,-0.005988041844622669,-0.00398010475662681,0.0030105391528712842,-2.785114626224076,0.001000500333583622,10.099,10.0795,10.181999999999999,1,20,4,10.071767481140586,10.20495680625959,55.10204081632663,-0.0939674775172481,-0.10227698844163026,10.252458772087868,9.90654122791213,0.0031545137840943913,0.008084470336060943,0.011219114253801982,-7240977.0,-0.9192942230141511,0,0,-1,0,0,0.0,-0.7125883536398949,0.05064725337949176,0.12833698794537618,-0.011857707509881354,-0.03288201160541582,-0.614057093599925,0.004999999999999893,0.0
2021-04-21,9.99,10.0,0.0,0.0019920325312407982,-0.002006018726865743,1.4545449196724856,-0.0010005003335835344,10.083,10.067,10.174333333333333,2,21,4,10.056900666387753,10.191088625210584,53.06122448979587,-0.09439637175325544,-0.1007008651039553,10.226749804381853,9.907250195618147,0.0031343622657279834,0.007860460811027967,0.011211807318020007,-7422004.0,-0.9640074402337996,0,0,-1,0,0,-0.0009999999999999788,-0.27395318625052445,0.051601303828729364,0.12478094697809447,-0.01089108910891079,-0.0244140625,-0.8504099428924794,0.009009009009008995,0.0
2021-04-22,10.0,9.99,0.001000500333583622,-0.0009955202415018161,0.0030075210639553224,-1.2034776048968012,0.001000500333583622,10.068,10.066500000000001,10.168666666666667,3,22,4,10.046555090680888,10.178760326809902,48.88888888888891,-0.09285893707487602,-0.09913247949813944,10.227061514691536,9.905938485308466,0.0032057144907885818,0.006067627910720617,0.011187383526976609,-7367669.0,-0.8283429578720457,0,0,-1,0,0,0.0010010010010009797,-0.590947958910657,0.05284439644753513,0.09632060699904706,-0.005964214711729698,-0.0009990009990009652,-1.9092384009748486,0.004999999999999893,0.0
2021-04-23,10.01,10.0,0.0,0.003976148379639417,0.001000500333583622,0.15024924589128635,0.0009995003330834232,10.051,10.066500000000001,10.152333333333333,4,23,4,10.03990871055709,10.16787256378991,28.124999999999687,-0.08979845193283964,-0.09726567398507949,10.227061514691536,9.905938485308466,0.00295465863260492,0.006072028373561838,0.00930918296925916,-7304525.0,-0.7037801070642244,0,0,-1,0,0,0.0,-0.5055872758997451,0.054708570608074124,0.09639046218103577,-0.004970178926441471,0.0,-1.921321225347154,0.007992007992007999,0.0
2021-04-26,10.02,10.01,0.002995508979798371,-0.004972660669378489,0.0,2.2482247596657947,0.0009985023295896,10.035,10.068000000000001,10.136999999999999,0,26,4,10.036288945001255,10.15833239838411,23.33333333333306,-0.08557957095907831,-0.09492845337987926,10.226093909467021,9.909906090532981,0.0030335583277174344,0.006056631787136658,0.009320453282451154,-6706494.0,-0.6072340188413785,0,0,-1,0,0,0.0019980019980019555,0.9559507056075922,0.014200377730940319,0.09614604894871373,0.0030030030030030463,0.0030030030030030463,-2.2360631744397845,0.0029940119760478406,0.0
2021-04-27,10.0,10.02,-0.0019960086467149273,0.0009965122897388542,-0.0020020026706730793,-1.3573395512270625,-0.0019980026626729977,10.023,10.063,10.128666666666666,1,27,4,10.029690955001026,10.148117404939974,24.137931034482463,-0.08289435571229475,-0.09252163384636237,10.223144671436533,9.902855328563469,0.002642740293914313,0.005504109602116554,0.008481812450060638,-6860394.0,-0.7867885885290768,0,0,-1,0,0,-0.0009980039920159467,-0.32491153002979106,0.022427554324078065,0.08737503117625844,0.0,-0.00990099009900991,-0.882294580744147,0.005999999999999872,0.0
2021-04-28,10.0,10.0,-0.0009995003330834993,-0.0019940186068643953,0.0010015023370896004,1.6617689397954243,0.0,10.013,10.0655,10.113666666666665,2,28,4,10.024292599546294,10.138561443330943,24.137931034482463,-0.07984588957065775,-0.08998648499122146,10.219666690374714,9.911333309625286,0.0026512050719287718,0.004342934839969907,0.007570652563335227,-6860394.0,-0.8497295990566723,0,0,-1,0,0,0.0,1.388666583429212,0.02067110407687562,0.06894195328031082,0.0010010010010010895,0.005025125628140836,-1.7131965462560064,0.002999999999999936,0.0
2021-04-29,10.01,10.0,0.001998002662673058,0.0,0.0,-1.0804067373864779,0.0009995003330834232,10.008,10.068000000000001,10.096,3,29,4,10.021693945083332,10.13026715666443,18.518518518518263,-0.0757498447067455,-0.08713915693432628,10.216480018148955,9.919519981851048,0.002493320696726514,0.004342889588398237,0.007346415012367258,-6585148.0,-0.7812499045065638,0,0,-1,0,0,0.0019999999999999575,-0.09863047814749433,0.020668663910727955,0.06894123493388038,0.0009999999999998899,0.005020080321284981,-1.7133971347106933,0.0029970029970029332,0.0
2021-04-30,9.99,10.01,-0.0019980026626729977,-0.0009985023295895493,0.0,0.5230680865898528,-0.002000000666666999,10.001,10.067,10.081333333333333,4,30,4,10.015931409613634,10.121217662686082,17.241379310344612,-0.07327288824975753,-0.08436590319741254,10.217381969804048,9.916618030195952,0.0025290165147519154,0.004219760883910648,0.007159225356671805,-7049542.0,-1.0240589360590682,0,0,-1,0,0,-0.0009990009990009777,0.3805259741419495,0.024046147156740912,0.06698662734591404,-0.0019980019980019303,-0.0019980019980019303,-0.31498292428548474,0.0020020020020019595,0.0
2021-05-03,10.0,9.99,0.0,0.0009985023295896,-0.0010015023370895213,-0.032811069375451446,0.001000500333583622,10.001999999999999,10.0595,10.065,0,3,5,10.013034789683882,10.113397168319239,24.999999999999815,-0.06969951338175129,-0.08143262523428028,10.207393987636378,9.911606012363622,0.0012857538502083169,0.002644816109976042,0.007046961182044193,-6600138.0,-0.8046304106194048,0,0,-1,0,0,0.0010010010010009797,0.30377141802122304,0.024053475668618755,0.04198515414296319,-0.001996007984031878,-0.014778325123152691,-0.3146085280077207,0.003999999999999915,0.0
2021-05-04,10.03,10.0,0.001998002662673058,0.003984069014874513,0.0008613523764023895,-0.7428438444294765,0.002995508979798371,10.004999999999999,10.052000000000001,10.054666666666666,1,4,5,10.016119373377721,10.10801670584703,35.999999999999744,-0.06371240186543048,-0.07788858056051032,10.188974834415674,9.915025165584328,0.0015660945110809344,0.002648093928497174,0.006666889646476193,-6386330.0,-0.3212268895064233,0,0,-1,0,0,0.0019999999999999575,-0.36165249083042394,0.028827003075140377,0.04203718789886148,0.0029999999999998916,-0.014734774066797685,-0.2659920563888742,0.007118644067796668,0.0
2021-05-05,9.98,10.03,-0.0019980026626729977,-0.00598207167754754,-0.0018638587260280236,-0.5103642569899305,-0.004997511650471399,10.004000000000001,10.0435,10.046,2,5,5,10.009552214581772,10.09975756353432,34.615384615384386,-0.06228418171030192,-0.07476770079046864,10.17589096804955,9.91110903195045,0.002278719977653367,0.0027737811193722255,0.006509580046817178,-6514674.0,-0.9592799408526506,0,0,-1,0,0,-0.0029910269192422096,-0.6093565665798952,0.0496056057990676,0.044032410199111645,-0.0020000000000000018,-0.016748768472906406,-0.765963573824483,0.003006012024048032,0.0
2021-05-06,9.97,9.98,-0.0020020026706730793,0.0,0.0,0.1756649370840773,-0.00100250634962559,10.001000000000001,10.0345,10.044666666666666,3,6,5,10.00236090283963,10.091386107822428,33.333333333333115,-0.061253135358443345,-0.07206478770406358,10.160737036854208,9.908262963145791,0.0022593529113190264,0.0027668411806152085,0.0050716197576994495,-6667665.0,-1.021887103932744,0,0,-1,0,0,0.0,-0.5487839403527752,0.04806737589405194,0.04392224208672113,-0.003996003996003861,-0.017733990147783207,-0.22008899102333193,0.003009027081243667,0.0
2021-05-07,9.96,9.97,-0.00100250634962559,-0.0010005003335835344,-0.002008032803245746,0.2800940881851974,-0.0010035123772400224,9.996,10.0235,10.043,4,7,5,9.99465892050515,10.082909584737111,42.857142857142854,-0.06054501487925634,-0.06976083313910214,10.13367211415277,9.913327885847231,0.002219927076749726,0.002614615067930445,0.005074099845678999,-6870111.0,-1.1527417893051906,0,0,-1,0,0,0.0,-0.4238526795408498,0.0470082631052029,0.04150572746343725,-0.0030030030030029353,-0.02161100196463639,-0.5442706959385466,0.004016064257028205,0.0
2021-05-10,9.95,9.96,-0.0010035123772400224,-0.0010015023370895213,0.0,-0.05903256369225575,-0.0010045204260055874,9.989,10.012,10.041666666666666,0,10,5,9.98653911677694,10.074334772818588,38.095238095237775,-0.06009796875021678,-0.06782826026132507,10.09896036604804,9.925039633951961,0.002159343772720132,0.00260222414142285,0.005064883695385096,-7060952.0,-1.42593695996521,0,0,-1,0,0,0.0,-0.4826893746931862,0.04481604734411729,0.04130902760312061,-0.0050000000000001155,-0.022593320235756442,0.01114419388334765,0.0030150753768845365,0.0
2021-05-11,9.88,9.95,-0.0010045204260055874,0.0,-0.010354935307577393,-0.09626640630573358,-0.007060039410724807,9.977,10.0,10.034333333333334,1,11,5,9.967168368272041,10.06179704553997,29.629629629629434,-0.06464688738130953,-0.06719198568532198,10.09037931761573,9.90962068238427,0.0029419079867114765,0.0027217546474323103,0.004759582390668967,-7234278.0,-2.6554747959087157,0,0,-1,0,0,0.0,-0.49727959447406594,0.04503074192967528,0.04320651556104107,-0.014955134596211228,-0.02371541501976271,-0.8957052540250686,0.013410931174089097,0.0
2021-05-12,9.84,9.88,-0.007060039410724807,-0.005022612266291443,-0.0007619047987619136,-0.16873598894965366,-0.00405680069561443,9.961,9.987,10.030666666666667,2,12,5,9.944046846768034,10.047487558730941,23.33333333333306,-0.0706650214953406,-0.0678865928473257,10.090639049743015,9.883360950256986,0.0030351179793283046,0.002791580138410718,0.004002187389995332,-7380692.0,-2.8367685802698004,0,0,-1,0,0,0.0,-0.5364370553591108,0.0428769522594295,0.044314960866852174,-0.014028056112224463,-0.025742574257425765,-1.2450169269649922,0.00914634146341462,0.0
2021-05-13,9.87,9.84,-0.003041056575779046,-0.005047966297304698,-0.002034588697787463,0.45482730649689523,0.003044142381228052,9.947,9.977500000000001,10.027666666666667,3,13,5,9.9305837837193,10.036036748490236,28.124999999999687,-0.07218162205196954,-0.06874559868825447,10.08759565219225,9.867404347807751,0.003289200237682067,0.002878551899840706,0.004043454509868482,-7149958.0,-1.9528473261102979,0,0,-1,0,0,0.0010162601626016044,-0.18127549801462686,0.05993835319703523,0.045695594777826094,-0.010030090270812586,-0.018886679920477212,-0.03207365395111606,0.0060790273556231515,0.0
2021-05-14,9.83,9.87,0.002028398261392619,0.002022245380767649,0.0,0.31837098779104717,-0.0040609192863149575,9.931000000000001,9.966000000000001,10.021666666666667,4,14,5,9.912295823043063,10.022744055039254,22.85714285714262,-0.07573814246469368,-0.07014410744354233,10.08729129790479,9.844708702095213,0.0033930614852218806,0.0029499909554405877,0.0039708805666763495,-7467191.0,-2.2425351587342752,0,0,-1,0,0,0.0,0.18843289108933264,0.06062195627199452,0.04682965462791372,-0.013052208835341417,-0.022862823061630233,0.7045563354282651,0.008138351983723303,0.0
2021-05-17,9.85,9.83,-0.0030441423812281325,0.0,0.0010178117927006245,-1.0232363372275675,0.002032521024922209,9.916,9.959,10.011666666666667,0,17,5,9.900969309762505,10.011599277294787,28.571428571428285,-0.0760660357514169,-0.07132849310511724,10.09021296469985,9.82778703530015,0.003495563525646295,0.002692460498792505,0.0029170537338024565,-7353168.0,-1.661421190342544,0,0,-1,0,0,0.0010172939979653903,-0.6872426312708548,0.06898141545727765,0.042741485368019354,-0.01005025125628134,-0.014014014014014031,0.26340217521434584,0.007106598984771602,0.0
2021-05-18,9.83,9.85,0.004056800695614469,-0.0010106115059235032,0.0,-1.1446926400691186,-0.0020325210249222464,9.896,9.9505,10.0,1,18,5,9.888065798896594,9.999883194888673,27.027027027026776,-0.07705152438629881,-0.07247309936135356,10.092140761305567,9.808859238694433,0.0031166947886542163,0.0026768292482686417,0.002824755390609921,-7389464.0,-1.7014876069472833,0,0,-1,0,0,0.003045685279187933,-1.0821442391406506,0.05340743658801087,0.04249334695861681,-0.005060728744939347,-0.017000000000000015,0.41308743300053474,0.006103763987792522,0.0
2021-05-19,9.8,9.83,-0.005073577600701339,-0.005068434570458729,-0.003056548482548878,-0.016584865172872318,-0.003056548482548878,9.878,9.940999999999999,9.988333333333333,2,19,5,9.872053835460848,9.986987504895856,23.076923076922867,-0.07933871320979513,-0.07384622213104187,10.096312926903146,9.785687073096852,0.0029679086110830535,0.0027216835542395626,0.002827106126797397,-7425163.0,-1.815689174255612,0,0,-1,0,0,0.0,-1.0206433340897634,0.050207395956448804,0.04320538699159355,-0.004065040650406471,-0.019019019019018923,0.43899216575174926,0.004081632653061137,0.0
2021-05-20,9.86,9.8,-0.0010178117927006035,0.0020304575503819213,0.0,3.115776741454325,0.006103782938017666,9.867,9.934,9.978666666666667,3,20,5,9.869862229013421,9.978794762644512,34.88372093023227,-0.07544020059903112,-0.07416501782463972,10.090729737211484,9.777270262788514,0.0038949364097500276,0.0031263571321242007,0.0031199328949722133,-6620117.0,-0.9443006964293799,0,0,-1,0,0,0.0020408163265305686,2.2727649511390156,0.06701864522008531,0.049629380887042426,-0.0010131712259371373,-0.014000000000000012,0.9769664306837934,0.006085192697768633,0.0
2021-05-21,9.82,9.86,0.004065046248169372,0.0020263431452324674,0.0,-2.8499213888280517,-0.004065046248169445,9.853,9.9245,9.966666666666667,4,21,5,9.860796369192798,9.968549939248092,30.434782608695414,-0.07471697618206186,-0.07427540949612414,10.084825327151961,9.76417467284804,0.004004486744440914,0.003185551713260734,0.0030787869751216787,-6666688.0,-1.30359939825293,0,0,-1,0,0,0.0,-0.9915022719010758,0.06703355279860683,0.05056906573094184,-0.0010172939979653517,-0.018981018981018893,0.9762719285913746,0.008146639511201636,0.0
2021-05-24,9.79,9.82,-0.004065046248169445,-0.00101265831438638,-0.0010209291341073447,0.23671194483013228,-0.00305966582395561,9.837,9.913,9.953666666666665,0,24,5,9.847924302066833,9.95703058832886,23.913043478260605,-0.07569203424646354,-0.07455873444619203,10.077425635086971,9.74857436491303,0.004033946272783439,0.0031837931746954654,0.0030884125459643666,-6725697.0,-1.496117073653896,0,0,-1,0,0,0.0,-0.851606838934184,0.06609336754450393,0.05054114979665414,-0.006091370558375719,-0.022954091816367317,2.0724432853077452,0.008171603677221662,0.0
2021-05-25,9.8,9.79,-0.00305966582395561,-0.0020283982613926096,0.0,0.3538170621195819,0.0010209291341073648,9.828999999999999,9.903,9.943,1,25,5,9.839210792600134,9.946899582630225,28.571428571428513,-0.07479566054482412,-0.07460611966591846,10.069461628263939,9.736538371736062,0.0036131774054160865,0.0032132308759611804,0.002989955993646124,-6641639.0,-1.2375224377438456,0,0,-1,0,0,0.0,-0.7178197110741651,0.06726019645474919,0.0510084588169651,-0.003051881993896166,-0.019999999999999907,1.3041161674037745,0.006122448979591887,0.0
2021-05-26,9.8,9.8,0.0010209291341073648,0.0,-0.0020449904877275966,-1.2359817255048275,0.0,9.825,9.892999999999999,9.933,2,26,5,9.832081557581928,9.93742219020247,29.268292682926756,-0.07324100125670618,-0.074333095984076,10.058954971699107,9.727045028300891,0.0034318479911127145,0.0032132308759611804,0.002990982910581108,-6641639.0,-1.1207859463061525,0,0,-1,0,0,0.0,-0.9696061308756576,0.06365563137375521,0.0510084588169651,0.0,-0.019999999999999907,0.8662259733184868,0.008163265306122455,0.0
2021-05-27,9.85,9.8,0.0,0.001014713430546605,0.0030659196218349827,2.2497584181733488,0.005089069507471228,9.823,9.885,9.926,3,27,5,9.835339456203394,9.931782048899086,37.77777777777757,-0.06719970407932863,-0.07290641760312652,10.042413301116822,9.727586698883178,0.003711289513254899,0.0034686906267278974,0.003135841738244852,-6409976.0,-0.444689232125628,0,0,-1,0,0,0.0,0.13984342818664103,0.057603570455570324,0.05506375664005675,-0.001014198782961384,-0.015984015984015998,0.6092942383116924,0.006091370558375505,0.0
2021-05-28,9.8,9.85,0.002038736689848309,0.003037977020076801,0.0,-0.41313485425675694,-0.005089069507471181,9.82,9.875499999999999,9.917333333333334,4,28,5,9.82891410053005,9.923279981228179,34.69387755102039,-0.0656892894351806,-0.07146299196953734,10.029119488895443,9.721880511104555,0.003841278222134536,0.0035908016535769137,0.003232335147022732,-6563238.0,-0.9829481993835428,0,0,-1,0,0,-0.0030456852791877526,-0.20478846431547276,0.06217876695233151,0.05700220909634412,-0.0020366598778003286,-0.019019019019018923,0.33845179865391106,0.00918367346938774,0.0
2021-06-01,9.84,9.8,0.005078731079015499,-0.0020242921892306798,0.0010198879007453808,0.8574961019415978,0.004073325387635648,9.818999999999999,9.8675,9.912333333333333,1,1,6,9.830929718615494,9.917907079213458,45.65217391304333,-0.060566437056600364,-0.06928368098694995,10.01008884580305,9.724911154196949,0.004029391025731135,0.003741948492529396,0.003142167916899478,-6201961.0,-0.3857244210810709,0,0,-1,0,0,0.00714285714285699,1.0193707390764817,0.06361689703537697,0.05940159078027491,0.005107252298263587,-0.016000000000000014,-0.8546388404131229,0.006097560975609626,0.0
2021-06-02,9.84,9.84,0.0,0.0,0.0,-2.636947603774429,0.0,9.819999999999999,9.858,9.907,2,2,6,9.832578860685404,9.912880816038397,50.0,-0.05586259046874886,-0.06659946288330974,9.978629925588338,9.737370074411663,0.0039717295044680925,0.0036403762038855546,0.003130980702063085,-6201961.0,-0.2984334096570298,0,0,-1,0,0,0.003048780487804813,-0.8528615308829108,0.06403322820370114,0.05778918068519126,0.004081632653061051,-0.018943170488534333,-0.5914306419423828,0.006097560975609626,0.0
2021-06-03,9.82,9.84,-0.005078731079015575,-0.0030441423812281325,3.058057216470978e-05,-0.2416824762585635,-0.002034588697787463,9.822,9.85,9.901333333333332,3,3,6,9.830291795106238,9.906888505326242,43.9024390243903,-0.05313607145582999,-0.06390678459781379,9.957016968649967,9.742983031350033,0.003893915448848951,0.0035261864987024736,0.0031419497151386126,-6222269.0,-0.5606587511953106,0,0,-1,0,0,-0.002032520325203209,-0.8386208517248842,0.06722238812168621,0.05597647531200197,0.0020408163265306367,-0.01603206412825653,-0.15388427843069633,0.003024439918533611,0.0
2021-06-04,9.88,9.82,0.0,0.0050684345704587325,-3.058057216483002e-05,2.6258261718171716,0.006091389393401913,9.824,9.8455,9.897333333333334,4,4,6,9.839329650541467,9.90515376304713,55.81395348837223,-0.04560804577384836,-0.06024703683302071,9.937832351632439,9.75316764836756,0.003891813439986672,0.0038487890844329316,0.0033607203440570647,-5941694.0,0.7473003641744242,0,0,-1,0,0,0.0,0.5731697805511026,0.07187007820823967,0.061097632596897086,0.0030456852791880262,-0.009027081243731194,0.018265880098945152,0.008097165991902841,0.0
2021-06-07,9.92,9.88,0.0020345886977874567,0.011060947359424976,0.001018848789102848,-0.17850314118120245,0.004040409537004906,9.834,9.8435,9.894333333333332,0,7,6,9.853996986806653,9.906111584786025,57.777777777777885,-0.03599938695435867,-0.05539750685728831,9.926667554402815,9.760332445597186,0.0037458722867719572,0.003974048404028489,0.003449337098216678,-5706987.0,1.839659721854479,0,0,-1,0,0,-0.00404858299595151,0.3098784765471861,0.05307184988348625,0.06308606265115511,0.012244897959183598,-0.004016064257028162,-0.5149554749147828,0.01814516129032255,0.0
2021-06-08,9.93,9.92,0.009104766992919067,-0.0030045090202986133,0.0020345886977874567,0.9302890218949404,0.0010075567602997706,9.848,9.8425,9.891333333333334,1,8,6,9.86781571647817,9.907652772864347,61.363636363636424,-0.02726326523590572,-0.04977065853301179,9.920602496759592,9.764397503240406,0.003464546855694098,0.0039779213307033,0.0034494547626337958,-5111948.0,2.2406453988106088,0,0,-1,0,0,0.0010080645161290108,1.9448567543980442,0.05155173219126717,0.06314754345612035,0.009146341463414531,-0.0020100502512562235,0.30920803379235834,0.01309164149043311,0.0
2021-06-09,9.92,9.93,0.002012073113420235,-0.002008032803245746,0.0060790460763821925,-0.8590550151648871,-0.0010075567602998278,9.860000000000001,9.8445,9.888666666666667,2,9,6,9.877303768027591,9.908449368163422,64.28571428571432,-0.020905753744401068,-0.04399767757528965,9.928473680087574,9.760526319912426,0.003549234736458601,0.0036380957317293833,0.003437342140057796,-5363984.0,1.7981824762535845,0,0,-1,0,0,0.002014098690835808,0.24179589107085775,0.054226343017913854,0.057752979312009046,0.008130081300812941,0.004048582995951344,0.3867384486316419,0.005040322580645054,0.0
2021-06-10,9.93,9.92,-0.0030196298737199456,0.0,0.0010095912013522745,-2.237296960013202,0.0010075567602997706,9.873000000000001,9.849,9.886333333333335,3,10,6,9.886884901113483,9.909839731507718,59.459459459459566,-0.014888834442004395,-0.0381759089486326,9.941201153092898,9.756798846907103,0.0035248566341524127,0.0034997663199719934,0.0034449104937629206,-5337080.0,1.7570279173924783,0,0,-1,0,0,0.0,-0.8186706036300875,0.04477776670413395,0.0555570679769136,0.011201629327902252,0.009146341463414531,0.492340322413388,0.004028197381671616,0.0
2021-06-11,9.87,9.93,0.0030196298737198914,0.0,-0.004044494896506526,0.2795649175746152,-0.00606062461169107,9.875,9.849,9.881666666666668,4,11,6,9.883814919092849,9.907269426249156,56.41025641025629,-0.014791375336798751,-0.03349900222626583,9.941201153092898,9.756798846907103,0.003935543778436202,0.0037288746682679944,0.0035949881861281506,-5372662.0,0.45552575636099435,0,0,-1,0,0,0.002014098690835808,-0.7197879616133847,0.05926583441279526,0.05919405025419352,-0.0010121457489880026,0.0,-0.9627473732915397,0.008105369807497475,0.0
2021-06-14,9.89,9.87,-0.0073738538275049705,-0.00503779402995707,-0.0046714820406035095,1.3430037730679394,0.0020242921892306607,9.884,9.852,9.878333333333334,0,14,6,9.884939479257785,9.906155269716955,63.15789473684232,-0.012951014210647926,-0.02938940462314225,9.945493596741485,9.758506403258515,0.0034914213520332612,0.003626941836518391,0.003610788858675109,-5236364.0,0.8128898945897284,0,0,-1,0,0,0.0006990881458966471,-0.19985587129517324,0.051349606487121086,0.057575916714741285,-0.003024193548387011,0.006103763987792554,-1.6576897003853457,0.007684529828109253,0.0
2021-06-15,9.85,9.89,-0.0027272421589989116,0.0,0.0026430837792108934,-2.256824397583878,-0.004052690450623308,9.885,9.852,9.873333333333335,1,15,6,9.87858684666546,9.902532349090054,56.09756097560965,-0.014552429120808341,-0.02642200952267547,9.945493596741485,9.758506403258515,0.003617217427004471,0.0037281699691790585,0.0036638193385436606,-5250632.0,-0.04278367866263128,0,0,-1,0,0,-0.004044489383215462,-0.7516437583571175,0.05384054531682047,0.05918286350296277,-0.00805639476334341,0.0,-0.3737320960629013,0.005076142131979768,0.0
2021-06-16,9.84,9.85,0.002028398261392619,0.0,-0.0020325210249222464,0.3584465724442525,-0.0010157441198354164,9.885,9.852500000000001,9.866999999999999,2,16,6,9.871571056362649,9.89849800398747,54.76190476190468,-0.016438980071836085,-0.024425403632507593,9.94560435571289,9.759395644287112,0.003634773201566117,0.0037058188580208163,0.0036045199585891573,-5271051.0,-0.2685159014160006,0,0,-1,0,0,0.002030456852791835,-0.7168108175915955,0.053834787722080196,0.058828050613058756,-0.008064516129032251,0.0010172939979653517,-0.3715348225402905,0.007113821138211411,0.0
2021-06-17,9.84,9.84,-0.0030441423812281325,-0.0040485885260003315,0.0,0.14414507679532734,0.0,9.887,9.8545,9.862333333333334,3,17,6,9.865830864296711,9.894723939214085,48.648648648648674,-0.01772970825202158,-0.023086264556410392,9.944523388774229,9.76447661122577,0.0035642634643109432,0.0036331730048147653,0.00351055840225007,-5271051.0,-0.32213850639115127,0,0,-1,0,0,0.0,-0.6975823436013192,0.05115092235074936,0.057674833444878865,-0.009063444108761365,0.004081632653061051,-0.29186125253004414,0.003048780487804813,0.0
2021-06-18,9.84,9.84,0.0,0.0020263431452324674,0.001016776905086811,0.04724440484851031,0.0,9.883,9.8535,9.858,4,18,6,9.86113434351549,9.891193362490597,56.249999999999865,-0.01853891456696033,-0.022176794558520382,9.943710280660923,9.763289719339078,0.0029026254409858275,0.003356151071911838,0.0035100381291218847,-5271051.0,-0.2993006983481982,0,0,-1,0,0,0.0,-0.7047628567371406,0.03518842906231638,0.05327724659184946,-0.003039513677811523,-0.0020283975659228792,-0.8415184691879027,0.004065040650406598,0.0
2021-06-21,9.81,9.84,-0.002034588697787463,-0.00405680069561443,-0.004073325387635786,1.0387381131750273,-0.0030534374868902317,9.872,9.853,9.853000000000002,0,21,6,9.851837190149036,9.885955081039592,45.161290322580754,-0.021354800830035714,-0.022012395812823448,9.944098558542391,9.761901441457608,0.0025383817611765416,0.003300652233271784,0.0035412588689684127,-5340918.0,-0.9440325003603678,0,0,-1,0,0,-0.002032520325203209,-0.4189141044931083,0.029200138523850915,0.05239622984128255,-0.008088978766430777,-0.0010183299389001643,-0.5606846369698782,0.004077471967380137,0.0
2021-06-22,9.83,9.81,0.0010178117927006245,0.0010157441198354218,0.002038736689848309,2.363934358927062,0.0020366605818033334,9.861999999999998,9.855,9.848999999999998,1,22,6,9.847866791940119,9.882345075811232,48.48484848484852,-0.02172217837711976,-0.021954352325682713,9.941936153221327,9.768063846778674,0.0026523725033004444,0.0032524017497286796,0.003569773708839783,-4598043.0,-0.5751347183801387,0,0,-1,0,0,0.0020387359836900685,2.832029576643012,0.029337629781889255,0.051630277160720536,-0.0020304568527917954,0.0040858018386109585,-0.2625528653669296,0.003051881993896171,0.0
2021-06-23,9.82,9.83,0.001016776905086811,-0.0010157441198354164,0.0,-2.65851514004252,-0.0010178117927006035,9.852,9.855999999999998,9.847,2,23,6,9.84280010249646,9.878322812855668,50.0,-0.02256018439403995,-0.022075518739354164,9.940703818344776,9.77129618165522,0.002652373872050046,0.0032575401947479554,0.0033460324220634585,-4650083.0,-0.8500207122532226,0,0,-1,0,0,0.0010172939979653903,-0.5604376650129494,0.029340339829831197,0.05171184744660003,-0.00203252032520318,0.0020408163265306367,-0.2615153155083197,0.0020366598778003638,0.0
2021-06-24,9.88,9.82,-0.002034588697787463,0.0060790460763821925,0.0,1.5640135227278962,0.006091389393401913,9.847,9.860000000000001,9.848333333333333,3,24,6,9.849563720224376,9.878431018477883,50.0,-0.018173320909928847,-0.0212950791734691,9.941045796021205,9.778954203978797,0.0034533268758804355,0.0035226913686379237,0.0034551210988184016,-4401438.0,0.49354811678984034,0,0,-1,0,0,0.0,0.3525790572567342,0.055267831160102754,0.05592099184229823,0.004065040650406582,0.008163265306122547,0.8460636600038965,0.008097165991902841,0.0
2021-06-25,9.85,9.88,0.005078731079015499,-0.002022245380767698,0.0010178117927006245,0.7001007680192607,-0.003041056575779046,9.845,9.860000000000001,9.847666666666667,4,25,6,9.849643043819944,9.876596759221245,38.70967741935488,-0.016922378625684686,-0.02042053906391222,9.941045796021205,9.778954203978797,0.0030209997984873595,0.0034210575627426844,0.003457149596858313,-4902198.0,-0.24677405839496402,0,0,-1,0,0,-0.0010121457489880123,1.446445550988357,0.06190004140538678,0.05430760519112334,0.00101626016260159,0.0,0.9906335073615213,0.005076142131979768,0.0
2021-06-28,9.85,9.85,-0.0010136848308461204,-0.002026343145232584,0.0,-1.2930049714195362,0.0,9.841,9.8625,9.848333333333334,0,28,6,9.84970794494359,9.874880839271487,36.66666666666676,-0.015749448019786172,-0.019486320855087013,9.938692277548144,9.786307722451857,0.002921490296131559,0.003205727304360758,0.003374008693551097,-4902198.0,-0.3281172423833267,0,0,-1,0,0,0.0010152284263959175,-0.24598182482808914,0.05521348861355652,0.05088934331056819,0.004077471967380175,0.005102040816326481,0.8504766139450373,0.0030456852791877526,0.0
2021-06-29,9.93,9.85,0.009086382555957442,0.009588768901615561,0.0081054141828214,4.086184248611476,0.008089022873083824,9.849,9.867,9.850999999999999,1,29,6,9.864306500408391,9.878436914157199,51.351351351351305,-0.008269238023487446,-0.0172429042887671,9.94807176807635,9.785928231923652,0.0036725127035541886,0.0035662858102865035,0.0036663976840792833,3276647.0,1.554178513552814,0,0,-1,0,0,0.010152284263959355,4.219387880245853,0.0764749883333611,0.05661303214917938,0.010172939979654183,0.009146341463414531,0.4684927821628902,0.004531722054380657,0.0
2021-06-30,9.9,9.93,0.0,-0.0005023863456582405,-0.0010095912013523254,-1.1675483951061074,-0.003025720916536956,9.855,9.870000000000001,9.853333333333333,2,30,6,9.870796227606865,9.879828080985767,46.15384615384626,-0.00470760069848275,-0.014735843570710231,9.951305143231329,9.788694856768673,0.003834799644209687,0.0036498610116683827,0.0036922599843359953,731973.0,0.7379606949253833,0,0,-1,0,0,0.002014098690835808,0.9948023531414047,0.0825930819787272,0.05793974734095094,0.008146639511201537,0.0060975609756097615,0.4596378763521074,0.0050505050505049425,0.0
2021-07-01,9.93,9.9,-0.004028202828604664,-0.0020120731134201197,0.0,-0.889497742852817,0.00302572091653689,9.864,9.875499999999999,9.857666666666667,3,1,7,9.881560549860161,9.883064978986686,58.33333333333337,0.0005296661595526331,-0.011682741624657659,9.957443497863963,9.793556502136035,0.00390000390053218,0.0036543849224738773,0.0036720227448708044,1777483.0,1.3301848571433228,0,0,-1,0,0,0.0010101010101009886,0.15600209836934947,0.07458621324262515,0.0580115621986196,0.005060728744939125,0.011201629327902252,0.935170004235402,0.0030211480362537122,0.0
2021-07-02,9.9,9.93,0.0010085729548847497,0.0,0.0,-0.5074438469500013,-0.003025720916536956,9.870000000000001,9.8765,9.859,4,2,7,9.884913177158314,9.884157560987546,51.351351351351326,0.0022337394396707566,-0.008899445411791976,9.95915973372219,9.79384026627781,0.004091318768593056,0.003491739689088788,0.003562441583735753,1148052.0,0.5685960731250587,0,0,-1,0,0,-0.001007049345417904,-0.07955602511949979,0.07453390237914126,0.055429649161817564,0.005076142131979822,0.002024291497975561,0.9369092358463208,0.0030303030303029657,0.0
2021-07-06,9.93,9.9,0.0030196298737198914,0.0025144594590784607,0.0,1.6019620409301238,0.00302572091653689,9.882000000000001,9.876999999999999,9.862666666666666,1,6,7,9.893110781311346,9.887115137698027,61.111111111111185,0.005936546260961961,-0.005932247077241189,9.96087961298051,9.793120387019489,0.0039349931188742224,0.0034382542526229273,0.0035090513415172242,4271767.0,1.2637158927358316,0,0,-1,0,0,0.0050505050505049425,1.1562143035299073,0.07501937741403089,0.05458059417990309,0.008121827411167626,0.0010080645161290036,0.30940853829606424,0.005538771399798562,0.0
2021-07-07,9.92,9.93,0.0,-0.0005023863456582405,0.0,-2.4384646620082764,-0.0010075567602998278,9.891000000000002,9.8765,9.867,2,7,7,9.897999730163829,9.88923674171751,61.111111111111185,0.007972231989770151,-0.0031513512638389213,9.95915973372219,9.79384026627781,0.003982470919672773,0.0034384116300192973,0.003459548001711093,3999083.0,1.052507624720837,0,0,-1,0,0,0.002014098690835808,-0.3305202364403339,0.048565858168609054,0.054583092468619754,-0.001007049345417954,-0.001007049345417954,0.3162039951283014,0.005040322580645054,0.0
2021-07-08,9.91,9.92,0.0,0.0,-0.002022245380767698,0.6629961256951732,-0.0010085729548847744,9.9,9.876,9.870666666666667,3,8,7,9.90018159740677,9.890576306767993,59.459459459459566,0.00867857001672867,-0.0007853670077254029,9.957666845685912,9.794333154314087,0.003981973373755026,0.0034384265905227705,0.003467732542869793,3469913.0,0.8326512359927103,0,0,-1,0,0,0.0030241935483870325,-0.20392129377318308,0.04297368452387456,0.054583329959249825,0.0010101010101009056,-0.0010080645161290036,0.16745910622425755,0.007063572149343946,0.0
2021-07-09,9.93,9.91,-0.0020120731134201197,-0.0020120731134201197,0.002022245380767649,-0.2136081164103609,0.0020161297151844956,9.905,9.876,9.875,4,9,7,9.905603125150991,9.893119770847479,61.53846153846161,0.010728509268430386,0.001517408247505755,9.957666845685912,9.794333154314087,0.0035792552361980493,0.0034620429691282267,0.0034797028593363806,3897305.0,1.3224460806942842,0,0,-1,0,0,0.0020181634712411276,-0.2689169353213927,0.039217881220146716,0.05495822834719773,0.0,0.0,0.1726250438823337,0.0030211480362537122,0.0
2021-07-12,9.92,9.93,-0.0020161297151845485,0.0010065426114014722,0.0010095912013522745,0.0650543079080231,-0.0010075567602998278,9.911999999999999,9.8785,9.877333333333333,0,12,7,9.908220738759901,9.894853979179901,64.8648648648649,0.011414604018128216,0.0034968474016302473,9.962423524084803,9.794576475915198,0.003409288829064915,0.0031698327151811513,0.003374961601497554,3441185.0,0.9889956469908037,0,0,-1,0,0,-0.002014098690835808,-0.26601054471367025,0.03122785447453908,0.05031953437227577,0.002020202020202033,0.005065856129685908,0.7568457764641282,0.0030241935483870325,0.0
2021-07-13,9.91,9.92,0.0,0.0010055305020187962,-0.0010095912013523254,0.20822798940883094,-0.0010085729548847744,9.918000000000001,9.8795,9.880999999999998,1,13,7,9.908544240803556,9.895831141813456,61.111111111111185,0.011024340884494777,0.0050023460982031535,9.964470583145436,9.794529416854564,0.003447423594735602,0.003153286542348793,0.0032326589955375047,2879476.0,0.7178955085619653,0,0,-1,0,0,-0.0010080645161290108,-0.22226749234249613,0.021480485470883298,0.050056872021489895,-0.002014098690835797,0.002022244691607611,2.236067190893387,0.005045408678102819,0.0
2021-07-14,9.91,9.91,0.0010085729548847497,-0.0020120731134201197,0.0,-0.7918324097328242,0.0,9.916,9.8825,9.883333333333333,2,14,7,9.908808924293819,9.89674526169646,62.85714285714291,0.010592945655757191,0.006120466009713961,9.967321794617776,9.797678205382224,0.0022200176906363315,0.00299903566977517,0.003156364132478311,2879476.0,0.648418254386628,0,0,-1,0,0,0.0010090817356205638,-0.3930284751906036,0.02087589728653825,0.047608215331422774,-0.0010080645161290036,0.006091370558375608,1.7151941741131023,0.0030272452068616914,0.0
2021-07-15,9.91,9.91,-0.0010085729548847744,-0.0010075567602998278,0.0,0.17886583066305461,0.0,9.917,9.886,9.885666666666669,3,15,7,9.909025483513124,9.89760040610314,55.17241379310339,0.010134240611520795,0.006923220930075328,9.969199190279907,9.802800809720091,0.0019866477424638792,0.002984015104246633,0.003156364132478311,2879476.0,0.5769286917158103,0,0,-1,0,0,0.0,-0.37537341378547195,0.01960891217107727,0.04736977124578243,0.0,0.007113821138211351,1.3624725888263094,0.0020181634712411276,0.0
2021-07-16,9.93,9.91,-0.0020202027072758794,0.0020140993717011856,-0.0010106115059235032,-0.26317069928868714,0.0020161297151844956,9.916999999999998,9.8905,9.889333333333331,4,16,7,9.912839031965282,9.899690702483582,64.2857142857145,0.011254807991548432,0.00778953834236995,9.97295572974933,9.808044270250669,0.0018413974506756884,0.003005293793573002,0.0031423573165475635,3113365.0,0.9580898773216197,0,0,-1,0,0,-0.0020181634712411276,-0.41981527498922205,0.01960891217107727,0.04770755996688029,0.0,0.009146341463414531,1.3624725888263094,0.00503524672708952,0.0
2021-07-19,9.91,9.93,0.0010106115059234598,-0.002014099371701145,0.0010106115059234598,1.1190611508432426,-0.0020161297151845485,9.918000000000001,9.894,9.890333333333333,0,19,7,9.91232284433523,9.900355818452383,60.00000000000024,0.01040904388197994,0.008313439450291948,9.973312838278947,9.814687161721054,0.0016780104632874292,0.0030548428939356624,0.0029768896784216035,2397202.0,0.403465576246994,0,0,-1,0,0,-0.0030211480362537122,-0.18104274180908544,0.02373778851108648,0.04849412755035976,-0.0010080645161290036,0.007113821138211351,0.5549866185237334,0.0020181634712411276,0.0
2021-07-20,9.91,9.91,0.0010095912013522745,0.0,0.0,0.4205103839111363,0.0,9.916,9.899,9.890000000000002,1,20,7,9.911900509001553,9.900978023713519,45.45454545454546,0.009627786600900023,0.008576308880413564,9.967946966652626,9.830053033347372,0.0013274888510754715,0.002950119556853136,0.0028822278990323223,2397202.0,0.3190858288348493,0,0,-1,0,0,0.0,-0.006523506859069635,0.022631022155465908,0.04683169611204884,0.0,0.010193679918450549,0.004276851906417913,0.0020181634712411276,0.0
2021-07-21,9.9,9.91,-0.0010095912013523254,-0.0005041593250222219,-0.002022245380767698,-3.168388886332741,-0.0010095912013523254,9.914,9.9025,9.889000000000001,2,21,7,9.90973678009218,9.90091492540942,50.0,0.008108251276967238,0.0084826973597243,9.96332762530357,9.84167237469643,0.0013276261518578435,0.0029457845434006616,0.0028807139088184454,2351322.0,-0.08219949365186834,0,0,-1,0,0,-0.0010090817356205638,-0.551888929595086,0.023739968878871587,0.04676287990689664,-0.0010090817356205317,0.007121057985757906,0.5552658494162858,0.0035353535353533703,0.0
2021-07-22,9.9,9.9,0.0,-0.0005044136298625718,0.002022245380767649,0.8765942298756345,0.0,9.913,9.906500000000001,9.888333333333332,3,22,7,9.907966456439055,9.900855897963652,41.17647058823529,0.006825330424575782,0.008151223972694598,9.95341537734741,9.859584622652593,0.0012974657210427655,0.0029295078369517024,0.0028756047116208256,2351322.0,-0.2770946485996803,0,0,-1,0,0,0.0,-0.5191590701312526,0.023739968878871587,0.04650449520233376,-0.0010090817356205317,0.008146639511201537,0.5552658494162858,0.0010101010101009886,0.0
2021-07-23,9.91,9.9,0.00403226352793823,0.0030226723265858856,0.0,-0.021585484919584435,0.0010095912013522745,9.911000000000001,9.908,9.887666666666666,4,23,7,9.908336191631955,9.901445840030513,53.33333333333334,0.006540132259029718,0.007829005629961621,9.953236222096283,9.862763777903716,0.001144768186299289,0.0026119813792696124,0.0028756308983482826,2459204.0,0.08842471397119565,0,0,-1,0,0,0.0040404040404039545,-0.5156355107986351,0.018246443069809177,0.04146391895207325,-0.002014098690835797,0.0030364372469635637,-0.4000199717754061,0.004036326942482255,0.0
2021-07-26,9.9,9.91,-0.0035273405179684107,-0.00302267232658601,-0.0005051780860152519,0.22924639415169212,-0.0010095912013523254,9.909,9.9105,9.888666666666666,0,26,7,9.906820520426145,9.901352560028545,38.46153846153846,0.005444434183358382,0.007352091340640974,9.946904164019587,9.874095835980414,0.0011449273592816418,0.0025193092081222854,0.0026529690838694624,2323526.0,-0.5768570866976223,0,0,-1,0,0,-0.0005045408678103715,-0.48877988667829675,0.013407988354734968,0.039992793842199795,-0.0010090817356205317,0.005076142131979822,0.5134723729207246,0.0015151515151515726,0.0
2021-07-27,9.9,9.9,0.0015132411462672152,0.0010085729548847497,-0.0015170672947524663,-0.25152608621089195,0.0,9.908000000000001,9.913,9.889000000000001,1,27,7,9.90558042580321,9.90126529809122,41.66666666666667,0.004523936441069409,0.0067864603607266615,9.936485717945981,9.88951428205402,0.001109833428328528,0.0025193092081222854,0.0026280314784345392,2323526.0,-1.1070557885350227,0,0,-1,0,0,0.0020202020202019773,-0.5039100368351771,0.013407988354734968,0.039992793842199795,-0.0010090817356205317,0.005076142131979822,0.5134723729207246,0.0040404040404039545,0.0
2021-07-28,9.88,9.9,-0.0030287756621605925,-0.0020181641562371246,0.0,0.46436003873486714,-0.002022245380767698,9.905,9.9105,9.889999999999999,2,28,7,9.900929439293535,9.899893343375657,38.46153846153846,0.002155752324561888,0.005860318753493707,9.936837885461756,9.884162114538245,0.0012628456007201644,0.0017586239972732537,0.00254427546472682,2155668.0,-2.3160553298243425,0,0,-1,0,0,-0.0010101010101009886,-0.5857769145869692,0.01828042187244734,0.027917290478732173,-0.002020202020201922,-0.0050352467270895485,-0.40551652934491084,0.002024291497975665,0.0
2021-07-29,9.89,9.88,0.0010106115059234598,0.0,0.0010116338748442258,-2.705242246564107,0.0010116338748442258,9.903,9.91,9.891666666666667,3,29,7,9.898942268512892,9.899255063157874,33.33333333333333,0.0010734912381309414,0.004902953250421154,9.937529888065743,9.882470111934257,0.0013286247020918437,0.0016522716067710551,0.0025404305421756076,2166890.0,-1.4529663144461689,0,0,-1,0,0,0.002024291497975665,-0.7353036393485438,0.020911885915921618,0.026228998619095903,-0.0010101010101010166,-0.0010101010101010166,-0.5413164778350359,0.0010111223458038206,0.0
2021-07-30,9.89,9.89,0.0,0.0,-0.0010116338748442624,1.2633490978482964,0.0,9.899,9.908000000000001,9.893333333333334,4,30,7,9.897316401510547,9.89865796230898,36.363636363636374,0.0002133323671316134,0.0039650290737632465,9.935222281896447,9.880777718103555,0.0010849874273292466,0.0014855403524696507,0.0025404305421756076,2166890.0,-1.3224460806388945,0,0,-1,0,0,0.0010111223458038206,-0.6242753244940491,0.018290388659809174,0.023582222011115594,-0.0020181634712411745,-0.004028197381671594,-0.40328307381094186,0.0020222446916076412,0.0
2021-08-02,9.87,9.89,-0.0030349036951541584,-0.0010106115059235032,-0.00101265831438638,-0.8648588905914077,-0.0020242921892306798,9.895,9.9065,9.894333333333332,0,2,8,9.892349783054083,9.896809061514851,33.333333333332845,-0.002058454011768518,0.0027603324566568936,9.938470381030395,9.874529618969603,0.0010863336323458424,0.0014000578258088143,0.0025717895455847407,2150174.0,-2.2833634647830428,0,0,-1,0,0,-0.002022244691607821,-0.6077250793027786,0.021531158671098748,0.022225228969199463,-0.003030303030303161,-0.003030303030303161,-0.16458828416315308,0.0020263424518745035,0.0
2021-08-03,9.86,9.87,-0.0010136848308461204,-0.0020242921892306798,-0.0010136848308461204,0.6991711155148892,-0.0010136848308461204,9.89,9.903,9.895999999999999,1,3,8,9.886468004316976,9.894434283352604,30.769230769230347,-0.004612606257211382,0.0012857447138832382,9.939186650636415,9.866813349363586,0.0010917183429216622,0.0011931787625617137,0.002511876304919948,2116540.0,-2.3765670071012326,0,0,-1,0,0,-0.0010131712259371618,-0.8858728585563169,0.020927441565126714,0.01894112565229248,-0.0040404040404041774,-0.007049345417925457,0.5441038034822849,0.001014198782961439,0.0
2021-08-04,9.86,9.86,0.0,-0.0010136848308461204,-0.0010147134305464591,-0.16143168597225335,0.0,9.886,9.9,9.897,2,4,8,9.881655639895706,9.892212716684694,30.769230769230347,-0.006561157375353233,-0.00028363570396405585,9.940000000000898,9.859999999999102,0.0010865875323322438,0.0011853471565084677,0.002487101940372691,2116540.0,-1.9999999999551228,0,0,-1,0,0,0.0,-0.8430472706655735,0.01831030744701327,0.018816802760393776,-0.002024291497975894,-0.006048387096774244,-0.4022369711326412,0.001014198782961439,0.0
2021-08-05,9.85,9.86,0.0020263431452324674,0.0020263431452324674,-0.0010157441198354164,-0.602102485497632,-0.0010147134305464591,9.881,9.897000000000002,9.898,3,5,8,9.875900069005578,9.889489315608262,16.666666666666416,-0.008810749762782066,-0.0019890585157276578,9.94246832327154,9.851531676728465,0.0010919819533426946,0.001185540077081694,0.0024870538607651514,2100866.0,-2.0673733543820623,0,0,-1,0,0,0.002028397565923058,-0.802776225535,0.013434169483711051,0.018819865279551047,-0.004044489383215444,-0.006054490413723523,-0.5060643487603653,0.00406091370558385,0.0
2021-08-06,9.86,9.85,-0.003041056575779046,-0.002026343145232584,-0.0010167769050868354,0.1399228161977289,0.001014713430546605,9.876000000000001,9.8935,9.897333333333334,4,6,8,9.8730091473682,9.887586779117408,27.272727272726826,-0.009675122718599383,-0.0035262713563020028,9.939049279271774,9.847950720728225,0.0010927736813373988,0.0011003437525738383,0.0022227489566429485,2118894.0,-1.4709343610079422,0,0,-1,0,0,0.0,-0.7202669946087035,0.018331065950945545,0.017467415555963785,-0.0030333670374116384,-0.007049345417925457,0.41175364417707067,0.0030425963488843167,0.0
2021-08-09,9.86,9.86,0.0,0.001013684830846201,0.002032521024922209,0.8272642957801256,0.0,9.872,9.8905,9.897666666666668,0,9,8,9.870643847846708,9.885806986916286,27.272727272726826,-0.010242080188614722,-0.004869433122764547,9.936600576547024,9.844399423452975,0.0010876477422668222,0.0010918513645128028,0.0021507512827013964,2118894.0,-1.3231938636988174,0,0,-1,0,0,-0.001014198782961439,-0.5712477482416021,0.013472112602401033,0.01733260307488446,-0.0010131712259371373,-0.006048387096774244,0.5140958833723815,0.002028397565922878,0.0
2021-08-10,9.88,9.86,0.0,0.0020242921892306607,-0.0007007530843144048,-0.22982952811706722,0.0020263431452324674,9.87,9.889,9.898666666666667,1,10,8,9.872344966420034,9.885432342599106,41.66666666666691,-0.00897411717864216,-0.00569036993394007,9.934375625268359,9.84362437473164,0.0013329037492167694,0.0011948634268375115,0.002181245974299039,2151659.0,-0.3966887484975036,0,0,-1,0,0,-0.001014198782961439,-0.5278823531692848,0.018358869471233365,0.018967868868590854,0.0020283975659229903,-0.003027245206861706,0.40407202250078195,0.00474696356275312,0.0
2021-08-11,9.89,9.88,0.0,0.0050428750338617385,-0.00031499103552103336,0.968468725597922,0.0010116338748442258,9.871,9.888,9.897333333333334,2,11,8,9.875554972525482,9.885727030173358,46.15384615384626,-0.007080708926626045,-0.005968437732477265,9.932295657385703,9.843704342614297,0.00121265815085829,0.0012227010767427594,0.0015846974460380606,2237959.0,0.09030230582586248,0,0,-1,0,0,-0.0030364372469636777,-0.29876019855686997,0.018355301589268732,0.019409777860993453,0.0030425963488844854,-0.0020181634712411745,-0.40413909593919534,0.010111223458038386,0.0
2021-08-12,9.88,9.89,0.006072893157899082,-0.00302267232658601,0.004056800695614469,1.806726089665337,-0.0010116338748442624,9.870000000000001,9.8865,9.896666666666667,3,12,8,9.87636315933903,9.885357544355722,38.46153846153878,-0.00631429837104136,-0.006037609860190084,9.929676504332676,9.843323495667324,0.0012126869170620048,0.0012391293589821897,0.0014985399040308952,1712351.0,-0.3010896829403479,0,0,-1,0,0,0.0020222446916076412,1.2379722649125489,0.018338174304639614,0.019670568756634525,0.0030456852791880262,-0.003027245206861706,-0.4013810850319667,0.0030364372469634977,0.0
2021-08-13,9.88,9.88,-0.00607289315789912,-0.0020202027072758794,-0.003041056575779046,-4.667595296831731,0.0,9.869,9.884,9.895,4,13,8,9.87702440309557,9.885011896332772,41.66666666666691,-0.005641876444347105,-0.005958463177021488,9.922058127288475,9.845941872711526,0.0012126869170620048,0.0011306233261118225,0.001380058235431112,1712351.0,-0.21020477280346206,0,0,-1,0,0,-0.0030364372469636777,-0.5717679932549324,0.01833745170495466,0.017948088884283377,0.0020283975659229903,-0.0050352467270895485,0.409591693271678,0.00404858299595151,0.0
2021-08-16,9.91,9.88,0.0030410565757791417,0.002020202707275802,0.0030410565757791417,4.590821069495485,0.003031836582120176,9.873,9.884,9.895333333333333,0,16,8,9.883019966169103,9.886624032053238,53.33333333333326,-0.0026575928670862226,-0.005298289115034435,9.922058127288475,9.845941872711526,0.0013672233526072412,0.0012715277196100692,0.0013912159816148243,2199116.0,1.3663310232226433,0,0,-1,0,0,0.0,1.2583446000005474,0.025409840531526777,0.02018487678727986,0.005070993914807476,0.0,-0.000639733503715561,0.0030272452068616914,0.0
2021-08-17,9.9,9.91,0.002022245380767649,0.0,0.0010116338748442258,-2.3298134541130704,-0.0010095912013523254,9.876999999999999,9.883500000000002,9.894333333333332,1,17,8,9.886107245047448,9.887486997727223,57.14285714285696,-0.0010869137923990024,-0.004456014050507349,9.920363903326905,9.846636096673098,0.001366752439582819,0.0012914242445545663,0.0012825087236981484,2151747.0,0.8951846392216939,0,0,-1,0,0,-0.0010090817356205638,-0.3833421912806316,0.026872194548489315,0.020500724329025055,0.002024291497975561,-0.0010090817356205317,1.0898577689546964,0.0020202020202019773,0.0
2021-08-18,9.9,9.9,0.00302572091653689,0.0020161297151844956,-0.0010116338748442624,-0.42362602605094435,0.0,9.881,9.8835,9.893666666666666,2,18,8,9.888633200493366,9.888294288196434,53.84615384615374,0.0001560617081945992,-0.003533598898766959,9.920363903326903,9.846636096673096,0.001366752439582819,0.0012715277196100692,0.0012710788618097556,2151747.0,0.8951846392217903,0,0,-1,0,0,0.0030303030303029657,-0.4896196193219166,0.02638945301750302,0.02018487678727986,0.0010111223458038054,0.0,1.7370974561767352,0.0050505050505049425,0.0
2021-08-19,9.86,9.9,-0.003025720916536956,-0.0020161297151845485,-0.003041056575779046,2.205541768551512,-0.0040485885260003315,9.882000000000001,9.881499999999999,9.892,3,19,8,9.883427164040027,9.886468850248278,41.17647058823505,-0.0020627587595249963,-0.0032394308709185666,9.918930637606824,9.844069362393174,0.0019335785688557286,0.0015599206622747136,0.0014556967107340153,1870317.0,-1.1487915448215185,0,0,-1,0,0,0.0,1.1286643099247122,0.040279189532138056,0.02476297282422041,-0.002024291497975894,-0.0040404040404041774,-0.19282017431174095,0.006085192697768814,0.0
2021-08-20,9.85,9.86,-0.007095822981469105,-0.0050581797273526385,-0.0020325210249222464,-1.6214847434986723,-0.0010147134305464591,9.881,9.878499999999999,9.889333333333333,4,20,8,9.87734949785093,9.884116021200002,43.750000000000135,-0.0045753644392529935,-0.003506617584585452,9.91593063760683,9.841069362393167,0.0019337154635210554,0.0015427642938467183,0.0014030188285457234,1814705.0,-1.522816698949206,0,0,-1,0,0,-0.0030425963488843167,-0.3474352088819955,0.04028405884619149,0.024490623918651554,-0.0030364372469636747,-0.006054490413723523,0.2004765255573132,0.0030456852791877526,0.0
2021-08-23,9.85,9.85,0.004060919286315012,0.0020263431452324674,0.002032521024922209,1.004540283245123,0.0,9.88,9.876,9.887,0,23,8,9.872376861878033,9.881914987574195,46.66666666666674,-0.00649178923745275,-0.004103651915158912,9.91405812728849,9.837941872711509,0.0019337154635210554,0.0015349195476442483,0.0013967760837990716,1814705.0,-1.366331023222102,0,0,-1,0,0,0.002030456852791835,0.2817269675455305,0.026346489674638034,0.024366092433350632,-0.006054490413723523,-0.005050505050505083,-1.7340503984019036,0.003045685279187933,0.0
2021-08-24,9.89,9.85,-0.0020283982613926096,0.0010116338748442258,0.0,-1.808955409764647,0.004052690450623289,9.881,9.8755,9.886333333333335,1,24,8,9.8755810688093,9.882436601279087,57.89473684210551,-0.004728397962681541,-0.004228601124663438,9.91247794506362,9.838522054936382,0.0022613277890805895,0.00181335486055782,0.0015928727930884343,1839583.0,0.7842512597740775,0,0,-1,0,0,0.0,-0.5241968067734359,0.04604086262268507,0.0287861159984772,-0.0010101010101010166,-0.0010101010101010166,0.34271147131007906,0.004044489383215462,0.0
2021-08-25,9.88,9.89,0.0,0.0,0.0,-0.5841114587495868,-0.0010116338748442624,9.879999999999999,9.875499999999999,9.885333333333334,2,25,8,9.876384510843973,9.882279401196566,57.89473684210551,-0.004090659522759665,-0.0042010128042826835,9.912477945063618,9.83852205493638,0.002261506118114277,0.0017691200013304255,0.0016020962948960608,1825711.0,0.24338832199895763,0,0,-1,0,0,-0.004044489383215462,-0.5438689445455086,0.046324603811158375,0.028083909377703383,-0.002020202020201922,0.0,0.6745159353230202,0.00404858299595151,0.0
2021-08-26,9.87,9.88,0.004052690450623289,0.0,0.002028398261392619,-0.9697413932885675,-0.00101265831438638,9.879,9.874500000000001,9.883999999999999,3,26,8,9.875223690690524,9.88148718176453,52.631578947368325,-0.00434211049407196,-0.004229232342240539,9.91090416401966,9.838095835980342,0.002261552010649482,0.0017661593076979361,0.0016105567499398738,1820451.0,-0.24722446572714954,0,0,-1,0,0,0.0010121457489878326,-0.5973204398049307,0.034921155419468,0.028036909823344468,0.0010141987829614951,-0.002022244691607833,2.0323749171464245,0.0020263424518745035,0.0
2021-08-27,9.87,9.87,-0.0020242921892306798,-0.0005056890120406057,0.0,1.5515993299577109,0.0,9.878,9.8735,9.882000000000001,4,27,8,9.874273928746792,9.880746073263593,52.631578947368325,-0.0044896335001531895,-0.00428131257382307,9.909203457006024,9.837796542993976,0.002261552010649482,0.0017661593076979361,0.0015589019194328215,1820451.0,-0.19605944597523234,0,0,-1,0,0,0.0,-0.46421085339020035,0.03340011885592724,0.028036909823344468,0.0020304568527917954,-0.002022244691607833,1.91960168471354,0.0015197568389058327,0.0
2021-08-30,9.84,9.87,-0.0010136848308461204,0.0005056890120406605,-0.0030441423812281325,2.282396362646591,-0.0030441423812281325,9.871,9.872,9.879666666666667,0,30,8,9.868042305338284,9.878117294343362,39.999999999999815,-0.006947212681552628,-0.004814492595368982,9.91071624166286,9.83328375833714,0.002138430823351355,0.001837641253903478,0.0016104210310419018,1577192.0,-1.65305301473503,0,0,-1,0,0,-0.0010131712259371618,0.8683505921486412,0.041680577608564334,0.029171650540689032,-0.0010152284263958977,-0.003039513677811523,1.2299928585516544,0.005081300813008202,0.0
2021-08-31,9.89,9.84,-0.0010147134305464591,0.0010106115059234598,0.0010157441198354218,-1.6867977850404399,0.0050684345704587325,9.870000000000001,9.8735,9.879,1,31,8,9.872034613458595,9.87888392051476,50.0,-0.004804891952659318,-0.004812572466827049,9.912581561139856,9.834418438860144,0.0028058363221952474,0.0021634902327224968,0.00188054892916999,1622222.0,0.8443879680729292,0,0,-1,0,0,0.0010162601626016044,-0.40527863257085606,0.048348888415144765,0.03434434271820589,0.0,0.0030425963488844854,1.4841302836050871,0.005055611729019283,0.0
2021-09-01,9.91,9.89,0.005063301956546855,0.005037794029957081,0.004052690450623289,0.3240544753436067,0.002020202707275802,9.870999999999999,9.876000000000001,9.879333333333333,2,1,9,9.878937411011577,9.880891409513808,55.99999999999983,-0.0014762373422456676,-0.004145305441910773,9.917751142437211,9.834248857562791,0.002885392134692172,0.002202805928685703,0.0019093263412676264,1684486.0,1.6286979476612808,0,0,-1,0,0,0.0010111223458038206,-0.3069550137300638,0.04912728824905007,0.03496846004304631,0.0030364372469635637,0.005070993914807476,0.5491416191637217,0.006054490413723383,0.0
2021-09-02,9.91,9.91,0.0020181641562371953,-0.0030196298737199456,0.0010106115059234598,-0.3068373441216173,0.0,9.876,9.879,9.879666666666669,3,2,9,9.884585154464018,9.882769383093562,55.99999999999983,0.0011485061541449681,-0.003086543122699625,9.921500773987642,9.836499226012357,0.0024972410942971264,0.0021836348224257987,0.0019093263412676264,1684486.0,1.4587969625689283,0,0,-1,0,0,0.0010090817356205638,-0.42492358824060616,0.04752053484863048,0.03466412816591611,0.004052684903748771,0.006091370558375608,0.33080562587029194,0.0020181634712411276,0.0
2021-09-03,9.92,9.91,0.0020140993717011856,0.0020140993717011856,0.0,-1.4920138961734721,0.0010085729548847497,9.883,9.882000000000001,9.879999999999999,4,3,9,9.891024217288741,9.88517135837785,52.1739130434782,0.003989561529904151,-0.0016713221921788699,9.92723622209633,9.836763777903673,0.002441482218958331,0.002183530171989425,0.0019093084079548383,1694790.0,1.6800695654504563,0,0,-1,0,0,0.0030272452068616914,-0.6513696512540902,0.04696995989826494,0.03466246689174067,0.005065856129685908,0.006085192697768749,0.009632682805334015,0.004032258064516043,0.0
2021-09-07,9.91,9.92,-0.00403226352793834,-0.002014099371701145,0.0,0.5857789572234083,-0.0010085729548847744,9.889,9.8845,9.880333333333335,1,7,9,9.89447435959988,9.88677320622444,52.1739130434782,0.005372273729944865,-0.0002626030077541228,9.93014162458558,9.838858375414418,0.002494342805725467,0.002202509139243722,0.0019092892287347846,1676280.0,1.1174010667471812,0,0,-1,0,0,-0.0020161290322580215,-0.5885830021417076,0.037100672009412916,0.03496374865671493,0.007113821138211351,0.005070993914807476,1.0441879981923363,0.0020181634712411276,0.0
2021-09-08,9.9,9.91,0.00302572091653689,0.0011485337309382574,0.0,2.792724976782103,-0.0010095912013523254,9.89,9.8855,9.880333333333333,2,8,9,9.89547902149081,9.887626547758348,50.0,0.005596651963822197,0.0009092479865611412,9.931600576547034,9.839399423452967,0.0022146126212036405,0.002178398881881708,0.0019187994761155206,1374096.0,0.6290593778239117,0,0,-1,0,0,0.0020181634712411276,1.1189409905542707,0.020904453551015847,0.034581010186561005,0.0010111223458038054,0.002024291497975561,0.5442698230202827,0.0031717171717171363,0.0
2021-09-09,9.9075,9.9,-0.003025720916536956,-0.0021571066858229984,0.0,-0.2613719843249484,0.0007572889419087576,9.89275,9.886375000000001,9.88125,3,9,9,9.897664653947025,9.888908705967488,61.44578313253034,0.00630695796513514,0.0019887899822759415,9.933488385069486,9.839261614930516,0.0021861685982874765,0.0021735477101861187,0.001884579676104252,1606776.0,0.8967727523226654,0,0,-1,0,0,0.0,0.632096385821711,0.015089256394064651,0.034504000223318176,-0.0002522704339050774,0.0017694641051566595,-0.022221983435304037,0.0010093363613423957,0.0
2021-09-10,9.93,9.9075,-0.0010106115059235032,0.0020161297151844956,-0.0010106115059235032,0.8144234297462649,0.002268431974628044,9.898750000000001,9.888875,9.882583333333335,4,10,9,9.903543807774838,9.891559757195392,68.18181818181816,0.008586463146048828,0.003308324615030519,9.93972242398971,9.83802757601029,0.002216845585689112,0.0022095888836419922,0.001919412494518065,2132138.0,1.6175844034231237,0,0,-1,0,0,-0.0017663386323492375,2.4462900011996935,0.022404409360880274,0.03507613611485728,0.0020181634712410634,0.005060728744939125,0.16806267602736483,0.004028197381671616,0.0
2021-09-13,9.93,9.93,0.0050428750338617385,0.0010065426114014722,0.0030287756621605686,-2.7243173372627467,0.0,9.90475,9.891375,9.883916666666668,0,13,9,9.908354024543048,9.894039772860205,68.18181818181816,0.010274548821737284,0.004701569456371873,9.945213818905376,9.837536181094624,0.002216845585689112,0.0022095888836419922,0.001919412494518065,2132138.0,1.4348383112892844,0,0,-1,0,0,0.001007049345417904,-0.6094684233137879,0.021825618782925424,0.03507613611485728,0.0010080645161290036,0.005060728744939125,0.8762411790412518,0.002014098690835808,0.0
2021-09-14,9.9,9.93,-0.002014099371701145,-0.0010065426114013946,-0.0020181641562371246,1.9824224385548368,-0.003025720916536956,9.91075,9.890875,9.884916666666667,1,14,9,9.906835110989766,9.894424303643419,52.38095238095233,0.009086871800450425,0.005578629925187583,9.944168502122626,9.837581497877373,0.002213492668821766,0.002223349219675811,0.001966242289638331,1881955.0,0.3424432486724056,0,0,-1,0,0,-0.001007049345417904,0.926432225701749,0.031426228571706016,0.03529457467747027,-0.0010090817356205317,-0.0010090817356205317,-0.37558972341664904,0.0030303030303029657,0.0
2021-09-15,9.9,9.9,-0.0020181641562371246,-0.0019555866438160617,0.0,-3.208865460554968,0.0,9.911750000000001,9.890875,9.886249999999999,2,15,9,9.905592363537082,9.894784025989004,54.999999999999915,0.008052801521088782,0.006073464244367823,9.944168502122626,9.837581497877373,0.0015597905246972643,0.0022118143660244567,0.001955078569594264,1881955.0,0.3424432486724056,0,0,-1,0,0,0.0,-0.7658982476323775,0.030595738178254412,0.03511146455244422,0.0,0.0,-0.9017095284146195,0.0010707070707070873,0.0
2021-09-16,9.91,9.9,0.00302572091653689,0.0019555866438161003,0.0010095912013522745,1.6820806248361293,0.0010095912013522745,9.911750000000001,9.891375,9.887916666666666,3,16,9,9.906393751984885,9.89576570173165,60.000000000000355,0.007948583478611937,0.006448488091216646,9.945213818905376,9.837536181094624,0.0014503528106324301,0.002223261360637296,0.001961329137464859,1936303.0,0.6918799624016388,0,0,-1,0,0,0.0030303030303029657,-0.4635660765153249,0.0310382107241091,0.035293179958472226,0.00025233409033553755,0.0010101010101009056,-0.9597804606421595,0.0020181634712411276,0.0
2021-09-17,9.92,9.91,-0.0020161297151845485,0.0,0.0,-0.3519442237786235,0.0010085729548847497,9.91275,9.894375,9.890250000000002,4,17,9,9.908867615260359,9.897329204845738,61.904761904762225,0.008574069815947993,0.006873604436162915,9.947535011683389,9.841214988316612,0.0014849698621593225,0.002010498040762836,0.0019539605020909867,1974527.0,0.9640705179907524,0,0,-1,0,0,0.0,-0.5071154314865348,0.02628309741614818,0.03191566696344639,-0.001007049345417954,0.006085192697768749,-1.7336845975362989,0.0020161290322580215,0.0
2021-09-20,9.93,9.92,0.0,0.0,-0.0010095912013523254,1.7148805720600027,0.0010075567602997706,9.91375,9.898375,9.892583333333334,0,20,9,9.912709867031202,9.899436998081498,73.68421052631604,0.009764133814533338,0.007451710311837,9.94947539138864,9.84727460861136,0.0014849008443544162,0.001991406038548774,0.001953862665548411,2186900.0,1.2377595999012225,0,0,-1,0,0,-0.0010080645161290108,0.7041541618662833,0.027703258677883816,0.03161259082411417,0.0,0.008121827411167626,-1.9236257302015394,0.0030211480362537122,0.0
2021-09-21,9.93,9.93,0.0030226723265858856,0.0010065426114014722,0.0020181641562371953,-1.051364402292486,0.0,9.91575,9.902375000000001,9.894916666666665,1,21,9,9.915853527570983,9.901408804656885,64.28571428571428,0.010585247957989097,0.00807841784106742,9.949933136168918,9.854816863831084,0.0014345503704135648,0.001991406038548774,0.001953862665548411,2186900.0,1.1617360235430745,0,0,-1,0,0,0.001007049345417904,-0.2697338859238813,0.008773803559975358,0.03161259082411417,0.003030303030302939,0.008121827411167626,-0.6085728734489118,0.002014098690835808,0.0
2021-09-22,9.95,9.93,-0.0010065426114013946,0.0010055305020187962,0.0010075567602997706,-2.0859301553394434,0.002012073113420235,9.92075,9.905375,9.897250000000001,2,22,9,9.92206197710353,9.904543720485474,64.28571428571428,0.012703382993938916,0.00900341087164172,9.957038766189791,9.853711233810207,0.0014689772554954377,0.0018405959359780696,0.001953412463931615,2196117.0,1.7275163346034743,0,0,-1,0,0,0.0,-0.7324875018264059,0.011304120466552341,0.02921855466452481,0.005050505050504972,0.006066734074822833,-0.008565180262857741,0.0020100502512562387,0.0
2021-09-23,9.92,9.95,0.0,-0.0010055305020187607,-0.0010075567602998278,3.573685082441608,-0.0030196298737199456,9.922,9.907375,9.898249999999999,3,23,9,9.921687072175615,9.905540899808994,52.94117647058823,0.011824960210208957,0.00956772073935517,9.957988993281113,9.856761006718887,0.0018355735985869691,0.00196621857625003,0.0020349952985956885,1867552.0,0.4988738955995766,0,0,-1,0,0,-0.0020100502512562387,1.398256256588318,0.03071542213310145,0.03121275225571842,0.0010090817356205317,0.004048582995951344,-1.5161851681130878,0.0020161290322580215,0.0
2021-09-24,9.95,9.92,-0.0020161297151845485,0.0010055305020187962,-0.0010085729548847744,-1.9080705164918792,0.0030196298737198914,9.924,9.911375,9.900583333333335,4,24,9,9.926834877234594,9.908409228853577,57.89473684210526,0.013395142243352254,0.010333205040154586,9.962196540191526,9.860553459808473,0.0019454587242476072,0.0020405774729975574,0.002091399165963102,1916300.0,1.5200247711673829,0,0,-1,0,0,-0.0010080645161290108,-0.5578836562426609,0.03677911451791969,0.03239316314707294,0.003024193548387011,0.008105369807497542,-1.0292707845676807,0.004020100502512477,0.0
2021-09-27,9.95,9.95,0.0030226723265858856,0.0,0.0020161297151844956,-0.3880376439675545,0.0,9.926,9.915375,9.902916666666668,0,27,9,9.931046717737393,9.911092504411412,61.11111111111111,0.01447269064831147,0.011161102161785962,9.965065489401011,9.865684510598987,0.0019454587242476072,0.0020405774729975574,0.002091399165963102,1916300.0,1.3936268455949232,0,0,-1,0,0,-0.0010050251256281193,-0.6718170599476958,0.03678156220812629,0.03239316314707294,0.002014098690835908,0.008105369807497542,-0.6022604028264683,0.0020100502512562387,0.0
2021-09-28,9.91,9.95,-0.0010065426114013946,0.0,-0.0020161297151845485,3.1335926180802107,-0.004028202828604664,9.927,9.918875,9.902916666666666,1,28,9,9.92722004178514,9.911022020255837,52.38095238095237,0.01196110959067731,0.011321103647564232,9.95391163496318,9.88383836503682,0.0021448337641434773,0.0021372054327794114,0.002161397262908842,1157135.0,-0.5066125790519779,0,0,-1,0,0,-0.0020100502512562387,3.0265752783435773,0.04870701478591038,0.03392708445474296,-0.002014098690835797,0.007113821138211351,-0.1603151040785323,0.004036326942482255,0.0
2021-09-29,9.94,9.91,-0.0020161297151845485,0.0,0.0,-1.2349890049532328,0.0030226723265858856,9.931000000000001,9.921375000000001,9.90425,2,29,9,9.929543670551478,9.912891567336105,56.98924731182788,0.01225020010574518,0.011506922939200422,9.954836486110166,9.887913513889837,0.0023339705416473787,0.0019383138052708093,0.002221076039139218,1377929.0,1.1132201324639355,0,0,-1,0,0,0.0,0.28850585694047615,0.05227047827958692,0.030769777749299038,-0.0010050251256281673,0.005055611729019027,-0.13237676023132472,0.004024144869215206,0.0
2021-09-30,9.91,9.94,0.004028202828604788,0.0,0.0,0.5528393316209169,-0.00302267232658601,9.931,9.921375000000001,9.904583333333333,3,30,9,9.925990275905756,9.912705014604743,45.83333333333333,0.00994392971035829,0.011194324293431996,9.954836486110166,9.887913513889837,0.00255520763881397,0.002022160179393898,0.002294621122921714,994149.0,-0.679886121169371,0,0,-1,0,0,0.0010060362173038016,1.0066483188854123,0.05228078526125165,0.03210079767488408,-0.0010080645161290036,0.0,-0.13222146910561144,0.004036326942482255,0.0
2021-10-01,9.92,9.91,-0.0010055305020187607,0.0,0.0010085729548847497,-1.7324164265610371,0.0010085729548847497,9.931,9.921875,9.906583333333336,4,1,10,9.92490113483198,9.913175658823793,47.99999999999999,0.008821422366848353,0.010719743908115269,9.954917038615353,9.888832961384647,0.00255520763881397,0.0020346590993752345,0.002166923797358823,1062023.0,-0.11349178674035117,0,0,-1,0,0,0.0030272452068616914,-0.5582555679983588,0.04604318022106319,0.032299211878449155,-0.0030150753768843908,0.0010090817356205317,-0.034170036391425615,0.0030241935483870325,0.0
2021-10-04,9.93,9.92,-0.002014099371701145,-0.0015086751667211598,0.0,-1.100455634345392,0.0010075567602997706,9.931000000000001,9.922374999999999,9.909249999999998,0,4,10,9.925828201226164,9.91426110019,56.52173913043478,0.00863915681433447,0.010303626489359109,9.955599713377488,9.88915028662251,0.00255520763881397,0.002034633938758751,0.0021591450768666896,1084606.0,0.4589956827237511,0,0,-1,0,0,0.0,-0.7874264108809219,0.047407258068833925,0.032298812466044866,-0.0020100502512562235,0.0010080645161290036,-0.3077870372767112,0.0015105740181269455,0.0
2021-10-05,9.91,9.93,-0.0010085729548847744,-0.0015109547069987975,-0.0010085729548847744,-0.5561016226896204,-0.0020161297151845485,9.928999999999998,9.922374999999999,9.911249999999999,1,5,10,9.922950346457771,9.913986190500323,52.0,0.006802462642827578,0.009603393720052802,9.955599713377488,9.88915028662251,0.0026336403079393403,0.002074279703386421,0.002198840213226914,1071656.0,-0.7449274195023166,0,0,-1,0,0,-0.002014098690835808,-0.8328403050482922,0.03917836681357824,0.03292816946849576,0.0,0.0,-0.16758366258019097,0.0010090817356205638,0.0
2021-10-06,9.91,9.91,0.005032723254610419,0.004024150299725548,0.0,0.8004594582441653,0.0,9.925,9.922875,9.911916666666666,2,6,10,9.920595738010904,9.913729016919657,50.0,0.005285936296001381,0.008739902235242519,9.95496348785313,9.89078651214687,0.0025202033077519025,0.002060618251944679,0.002074762720810518,1071656.0,-0.8024684777250058,0,0,-1,0,0,0.005045408678102998,-0.6843245044008732,0.029035484616048903,0.032711300650117556,-0.003018108651911433,0.0010101010101009056,-0.565560002012958,0.005045408678102998,0.0
2021-10-07,9.94,9.91,-0.0010045204260055874,-0.0010045204260055874,0.0,-0.05804419868481765,0.0030226723265858856,9.927,9.924499999999998,9.913916666666667,3,7,10,9.924123785645284,9.915423919053872,53.846153846153854,0.0064306984311546245,0.00827806147442494,9.956601811722363,9.892398188277634,0.0025477178627865116,0.0021615201193382148,0.0021324430912677684,1098864.0,0.9656775844338158,0,0,-1,0,0,0.004036326942482255,-0.6362117044929065,0.029075399764027735,0.034313068137789435,0.003027245206861595,0.0032803431743626543,-0.26357523404175665,0.004024144869215206,0.0
2021-10-08,9.94,9.94,0.002008032803245613,0.002008032803245613,0.0010085729548847497,-1.7748494452980816,0.0,9.925999999999998,9.925,9.91625,4,8,10,9.927010370073413,9.917009472663299,52.0,0.007254307529281689,0.00807331068539629,9.957767120877413,9.892232879122588,0.0023474212074803846,0.0021040032635219956,0.0021205113188836593,1098864.0,0.9155519068102811,0,0,-1,0,0,0.003018108651911583,-0.6753650018881557,0.02907673240646276,0.03340001635768498,0.002016129032258007,0.001007049345417954,0.2706258763619302,0.005030181086519187,0.0
2021-10-11,9.915,9.94,-0.002008032803245746,-0.002008032803245746,-0.0010085729548847744,2.140346722064712,-0.0025182586967234123,9.9225,9.92425,9.91775,0,11,10,9.924826666423701,9.916879829265667,47.27272727272712,0.005822613147138611,0.0076231711777447544,9.95722127936897,9.891278720631032,0.0024674164167450443,0.002181053644858245,0.002179143661518397,1059651.0,-0.5610943934864202,0,0,-1,0,0,0.0010060362173038016,-0.4921685020401892,0.03468436509282513,0.034623153242315435,-0.0015105740181269312,-0.0015105740181269312,0.8391295011236038,0.004034291477559168,0.0
2021-10-12,9.92,9.915,-0.0026467155439449013,-0.0017704104732879833,0.0,-1.0195057369947271,0.0005041593250221301,9.9235,9.92525,9.920416666666666,1,12,10,9.923949090710302,9.917081130603368,44.230769230769276,0.005033421102472957,0.007105221162690395,9.956280545224192,9.894219454775808,0.0021082541155034236,0.002069902435702661,0.002094470119597903,1073798.0,-0.3383762651973643,0,0,-1,0,0,0.0008774583963692427,-0.5644138957815199,0.031286847113182005,0.032858682498216635,0.0010090817356205317,0.002020202020202033,0.13296668848973064,0.0022580645161289627,0.0
2021-10-13,9.93,9.92,-0.00037291432977510855,-0.00024166264013214417,0.0010085729548847497,0.48486055424641517,0.0010075567602997706,9.9225,9.92675,9.921750000000001,2,13,10,9.9250492560357,9.917914606048312,52.08333333333332,0.005155468120440432,0.0067152705542404025,9.9554544834214,9.8980455165786,0.0018815562776580597,0.002079514755898869,0.0018944313983251988,1096772.0,0.22644546165749974,0,0,-1,0,0,0.0,-0.5216195576618451,0.03169009467650773,0.03301127335078557,0.0020181634712410634,0.003030303030302939,-0.35142149619442475,0.001007049345417904,0.0
2021-10-14,9.93,9.93,0.0020140993717011856,0.0010065426114014722,0.0,0.8061112568788349,0.0,9.9245,9.92775,9.922416666666667,3,14,10,9.925949391301936,9.918694308883905,45.23809523809528,0.005192337230010224,0.006410683889394367,9.95537054917829,9.900129450821709,0.0015790408208973333,0.0020698555110488896,0.0018606883147886276,1096772.0,0.16292217692532796,0,0,-1,0,0,0.001007049345417904,-0.36790733735233405,0.021584488984394416,0.03285793759243121,-0.001006036217303774,0.0020181634712410634,-1.7018789461127244,0.002014098690835808,0.0
2021-10-15,9.95,9.93,-0.002014099371701145,0.0010055305020187962,0.0,0.916294619664743,0.002012073113420235,9.9275,9.92925,9.92375,4,15,10,9.930322229247038,9.920714030891396,50.0,0.006757492945714816,0.006480045700658457,9.958318883708667,9.900181116291332,0.0016656705637341724,0.0021049172046607003,0.0018941523217084993,1225380.0,1.427643400961601,0,0,-1,0,0,-0.001007049345417904,0.022062882637843888,0.026855852523477747,0.03341452472348077,0.001006036217303885,0.003024193548387011,-1.1681852481438184,0.0030150753768843582,0.0
2021-10-18,9.94,9.95,-0.0010085729548847744,0.0,-0.0010085729548847744,0.19227255485718914,-0.0010055305020187607,9.9285,9.92975,9.924416666666668,0,18,10,9.932081823929392,9.92195828696292,57.49999999999993,0.007109025282000303,0.006605841616926827,9.959214519252905,9.900285480747096,0.0016924578245015812,0.0021100075971148707,0.0018978308248694205,1069507.0,0.695752061115928,0,0,-1,0,0,-0.004020100502512477,0.18538835261434355,0.017864379381966167,0.033495332198537495,0.002521432173474558,0.001007049345417954,0.0008942743908837658,0.004024144869215206,0.0
2021-10-19,9.93,9.94,0.00349539759651964,-1.0050301760335263e-05,0.0010085729548847497,-2.047923827293651,-0.0010065426114013946,9.930499999999999,9.92975,9.925083333333333,1,19,10,9.931703310487684,9.92247710715886,47.22222222222225,0.006505707023737983,0.006585814698289059,9.959214519252905,9.900285480747096,0.0015786097161688637,0.002123273709416073,0.001897791171600377,1049399.0,0.016969562466203916,0,0,-1,0,0,0.00047283702213276707,-0.5330679599187097,0.020835112544016002,0.03370592520261931,0.0010080645161290036,0.0,0.5417852604759241,0.003011077542799556,0.0
2021-10-20,9.94,9.93,-0.00047272526993371867,-0.0009954802002583932,0.0010075567602997706,1.0411261786464001,0.0010065426114014722,9.933499999999999,9.92925,9.926416666666666,2,20,10,9.933211799489921,9.923607616374417,59.3749999999999,0.006756603464999955,0.0066199724516312385,9.95758539724285,9.90091460275715,0.001596261051712773,0.0020846392548068073,0.0018939934214502949,1106353.0,0.7587682577989787,0,0,-1,0,0,0.001007049345417904,-0.34952724964232784,0.020832640013252083,0.03309262224901093,0.001007049345417954,-0.0010050251256281673,0.5423876083560019,0.0010060362173038016,0.0
2021-10-21,9.93,9.94,-0.0010065426114013946,-0.00016097875115245948,0.0,0.641598800162664,-0.0010065426114013946,9.932500000000001,9.929749999999999,9.927166666666666,3,21,10,9.932627835946297,9.924020028221229,53.12499999999997,0.006078455623082846,0.00651166908592156,9.957749060135814,9.901750939864183,0.0013166234797683555,0.001979925913001614,0.0019013957841598407,998168.0,0.01785774228052762,0,0,-1,0,0,-0.0010060362173038016,-0.012215229799856899,0.022596836253289714,0.03143034948080866,0.0,0.0010080645161290036,0.8841498855855413,0.0008459214501510537,0.0
2021-10-22,9.93,9.93,0.002012073113420235,0.001166509253171117,0.0,-4.784768643229353,0.0,9.931499999999998,9.928749999999999,9.927166666666666,4,22,10,9.932150047592424,9.924405832852118,50.0,0.005477873061773053,0.006304909881091859,9.955082889182535,9.902417110817463,0.0013166234797683555,0.001852380682251021,0.0018557076819896814,998168.0,0.09493831013648626,0,0,-1,0,0,0.002014098690835808,-0.5983274915529528,0.014287901188660926,0.02940563171193816,-0.0020100502512562235,-0.0020100502512562235,1.2586662031277505,0.002014098690835808,0.0
2021-10-25,9.95,9.93,-0.00019097300805335024,0.0005023863456583357,0.00020138958883904605,3.3215601964730244,0.002012073113420235,9.934999999999999,9.92875,9.927833333333332,0,25,10,9.935395493484709,9.926057069442304,63.33333333333318,0.006540346860612445,0.006351997276995977,9.955082889182536,9.902417110817465,0.0011635999918816011,0.0019118384126457937,0.0018917292313213503,1023212.0,1.6139512723193221,0,0,-1,0,0,0.0018227593152064904,-0.4606950199384873,0.020836331627713398,0.03034949392080753,0.001006036217303885,0.0,0.5420547098681833,0.0023115577889446922,0.0
2021-10-26,9.96,9.95,0.0011954934340589309,0.0015056464575874356,0.0018106835245812174,-0.6960262612435116,0.0010045204260057121,9.939,9.93125,9.929833333333333,1,26,10,9.939869040123853,9.928246935929899,65.62500000000021,0.008095956282945238,0.00670078907818583,9.959511001585119,9.902988998414882,0.0011814684666773207,0.0016704271877118443,0.001805823275541593,1035698.0,2.034605880008166,0,0,-1,0,0,0.0010050251256282978,-0.6174670628461925,0.0182188609487094,0.026517209531559296,0.0030211480362538623,0.005045408678103103,-0.4025754238822265,0.0020080321285141918,0.0
2021-10-27,9.95,9.96,0.00026101011060408383,-1.0030140572476826e-05,-0.0012268829664748835,2.168893508138504,-0.0010045204260055874,9.940999999999999,9.93175,9.9315,2,27,10,9.941711032828605,9.929650359418293,53.571428571428434,0.008424756186105498,0.007045582499769764,9.960999381461102,9.902500618538896,0.0012370238687416147,0.001557448276233695,0.0018189711546327072,926463.0,1.2478896365223868,0,0,-1,0,0,0.00026104417670675393,0.5114396197227478,0.02082403440683553,0.02472372491256351,0.001006036217303885,0.001006036217303885,0.5439229953846136,0.0032261306532664897,0.0
2021-10-28,9.95,9.95,-0.004285160410329617,-0.0009934822366676186,-0.0017927469072451267,-3.0452275885587574,0.0,9.943,9.93375,9.932833333333333,3,28,10,9.943218117768858,9.930963239455824,53.571428571428434,0.008586354330335055,0.0073537368658828225,9.962196625922648,9.905303374077352,0.0012370238687416147,0.0013805488080513588,0.00181221161724713,926463.0,1.1424905044405815,0,0,-1,0,0,-0.0030150753768843582,-0.8954565084378729,0.018208319063388767,0.021915532913343243,0.002014098690835908,0.004036326942482349,0.40955793684246355,0.004020100502512656,0.0
2021-10-29,9.96,9.95,0.005027662676965616,0.001003512377240109,0.00352201621937831,0.9124356769842025,0.0010045204260057121,9.943999999999999,9.93575,9.934166666666666,4,29,10,9.946269369083609,9.932836578845771,68.00000000000017,0.009412833168918056,0.00776555612648987,9.965710500313152,9.905789499686849,0.0011071087132035152,0.001380424334856138,0.0018121443648853048,939408.0,1.6187980672242435,0,0,-1,0,0,0.0020100502512564174,-0.659922126323073,0.018204801389821883,0.021913556962626556,0.0030211480362538623,0.0040322580645162365,-0.39944156701302047,0.001506024096385599,0.0
2021-11-01,9.95,9.96,0.0,0.0,-0.0015079168476770327,1.6349422615353162,-0.0010045204260055874,9.944999999999999,9.93675,9.934833333333332,0,1,11,9.94694766561386,9.933943896339594,61.5384615384609,0.009155369772718913,0.00804351885573568,9.9672329546859,9.9062670453141,0.0011069967444747538,0.001391869266335973,0.0018159757904098316,873011.0,0.8693382998156988,0,0,-1,0,0,0.0010040160642570066,0.46634164211277607,0.015946270488636317,0.022095239617433465,0.0,0.002014098690835908,0.0005022600985177288,0.0030150753768845365,0.0
2021-11-02,9.95,9.95,-0.003013563305264406,-0.0010035123772400224,0.0,0.6183276163803316,0.0,9.947,9.93875,9.9355,1,2,11,9.947502635502248,9.934979773995105,58.333333333332845,0.008849318738400669,0.008204678832268678,9.967011001585096,9.910488998414905,0.0010388143343765116,0.0013006132184706675,0.0018159757904098316,873011.0,0.7961501269602341,0,0,-1,0,0,-0.0010050251256281193,1.5103844002920388,0.01334065016082134,0.020646594767740233,-0.0010040160642571516,0.004036326942482349,0.513466186276416,0.0020100502512564174,0.0
2021-11-03,9.95,9.95,-0.0010065426114013946,0.002006018726865766,-0.0010065426114013946,1.662209488082566,0.0,9.948,9.94075,9.935499999999998,2,3,11,9.947956701774565,9.935948820834131,58.333333333332845,0.00850868822731421,0.008265480711277785,9.965938761070696,9.915561238929303,0.0010001624116289262,0.0013006132184706675,0.0017784152191632405,873011.0,0.7344545429636657,0,0,-1,0,0,-0.0020100502512562387,4.000795227020133,0.011275716566043936,0.020646594767740233,0.0,0.004036326942482349,0.002130908962976831,0.005025125628140776,0.0
2021-11-04,9.96,9.95,0.004020105916665852,-0.00100250634962559,0.002012073113420235,-2.9328845809147297,0.0010045204260057121,9.950999999999999,9.94175,9.936833333333334,3,4,11,9.950146392361006,9.937500509812574,54.54545454545499,0.00894256816048511,0.00840089820111925,9.96836123625093,9.915138763749072,0.0009539500743254419,0.0011378561390854864,0.0016926662743837048,907592.0,1.3716010656485371,0,0,-1,0,0,0.0020100502512564174,-0.33503299017879573,0.013342564720061952,0.018062906230729914,0.0010050251256283893,0.00201207243460777,-0.5110159183928575,0.0020080321285141918,0.0
2021-11-05,9.96,9.96,-0.004020105916665776,0.0010025063496255707,-0.0020120731134201197,0.48612823975797237,0.0,9.954,9.94275,9.937166666666664,4,5,11,9.951937957386276,9.938952089824667,60.0,0.009180592972393598,0.00855683715537412,9.970560448624525,9.914939551375475,0.0009539500743254419,0.0011378561390854864,0.0016023431398909844,907592.0,1.240540937177706,0,0,-1,0,0,-0.003012048192771198,-0.20199682356040521,0.011275716566043936,0.018062906230729914,0.0,0.00201207243460777,0.002130908962976831,0.005020080321285212,0.0
2021-11-08,9.97,9.96,0.0050226122662915245,0.0,0.002012073113420235,-0.9092727861159146,0.001003512377240109,9.956,9.945500000000001,9.937833333333334,0,8,11,9.955221965134225,9.940955180803721,69.9999999999991,0.010060178303973544,0.008857505385094005,9.972625439604725,9.918374560395277,0.0007923197534526614,0.0009720042996809867,0.0016120485811939897,930242.0,1.806422336892402,0,0,-1,0,0,0.002008032128514013,-0.4336545403136357,0.008734133670470996,0.015430089901448339,0.0020100502512563345,0.005547150781644028,0.6085825384430195,0.003009027081243845,0.0
2021-11-09,9.98,9.97,-0.0006515147948904199,0.0,0.0,1.048503374535357,0.0010025063496255707,9.958,9.9485,9.940166666666666,1,9,11,9.959727062382546,9.94347420139703,69.9999999999991,0.011432387001887534,0.009372481708452712,9.976988224715367,9.920011775284632,0.0007920926869831661,0.0009844573929957265,0.0014224917255083959,994871.0,2.211440011775103,0,0,-1,0,0,0.0003510531594783298,-0.15495625640374816,0.008729758227846978,0.015627776629234032,0.0030150753768845018,0.006048387096774244,-0.6085729510260623,0.00300601202404821,0.0
2021-11-10,9.96,9.98,0.0006515147948903589,0.0,0.0,1.338816407157296,-0.002006018726865743,9.959,9.95,9.940833333333334,2,10,11,9.9597766874039,9.944540381952061,63.63636363636334,0.010781754078582395,0.00965433618247865,9.97752988806564,9.92247011193436,0.0009975806462856095,0.0010949542788640959,0.0013779054611857216,748342.0,0.7264831572259515,0,0,-1,0,0,0.0,1.0363187308318307,0.020754013068012486,0.01738186031316279,0.0010050251256283893,0.0030211480362538623,-1.7131917376709613,0.003012048192771198,0.0
2021-11-11,9.96,9.96,-0.0030105391528712634,-0.00100250634962559,-0.0010055305020187607,-2.6419129946445024,0.0,9.96,9.9515,9.942499999999999,3,11,11,9.959817289694099,9.945537776664832,63.63636363636334,0.010149129946892543,0.00975329493536143,9.977677531548238,9.92532246845176,0.0009975806462856095,0.0010949542788640959,0.0012489647726434024,748342.0,0.6494118808977929,0,0,-1,0,0,-0.001004016064257185,-0.5415915596566556,0.019490963686495083,0.01738186031316279,0.0,0.0030211480362538623,-1.3591885286234549,0.003012048192771198,0.0
2021-11-12,9.96,9.96,0.0030105391528712842,0.0010025063496255707,0.0,1.5401887292707488,0.0,9.959999999999999,9.952,9.943833333333334,4,12,11,9.959850509749716,9.946470823331618,55.555555555556,0.009537824659135552,0.009710200880116255,9.97843761276071,9.92556238723929,0.0009456476694993868,0.0010034168113068347,0.001239095908815702,748342.0,0.605198364346268,0,0,-1,0,0,0.002008032128514013,-0.0802567524387378,0.019490963686495083,0.015928748064355853,0.0,0.0010050251256283893,-1.3591885286234549,0.004016064257028205,0.0
2021-11-15,9.95,9.96,-0.002006018726865743,0.0,0.0005028916374529959,1.0088372311262321,-0.0010045204260055874,9.96,9.9525,9.944500000000001,0,15,11,9.958059507977039,9.946698512148934,44.44444444444401,0.008152467813637543,0.009398654266820513,9.97835384019243,9.926646159807571,0.0009456476694993868,0.0010033609577782278,0.0012446454037831622,523681.0,-0.19339486756271523,0,0,-1,0,0,0.0,0.8704342408170854,0.01814510139243114,0.015927861417076618,-0.0020060180541626726,0.001006036217303885,-0.40226005683561045,0.003517587939698507,0.0
2021-11-16,9.96,9.95,0.001003512377240109,-0.00100250634962559,0.0005026388645658785,-0.9182444688214153,0.0010045204260057121,9.961000000000002,9.953999999999999,9.946166666666667,1,16,11,9.958412324708485,9.947556672655455,55.555555555556,0.007771889455330694,0.00907330130452255,9.977753116140406,9.930246883859592,0.0009975806462856095,0.0009925918341589512,0.0011914241585462336,613370.0,0.5051968730785118,0,0,-1,0,0,0.0020100502512564174,-0.07372472642885132,0.018154932342354144,0.015756906879468312,-0.002004008016032066,0.0030211480362538623,-0.4000439350367935,0.0020080321285141918,0.0
2021-11-17,9.96,9.96,-0.002983382674184979,-0.0010035123772400224,-0.0009753498709393198,-2.9012120028295185,0.0,9.962,9.955,9.947833333333332,2,17,11,9.958700992943305,9.948359467968007,55.555555555556,0.007385146987079594,0.008735670441033959,9.977941573388444,9.932058426611556,0.0009975806462856095,0.0009722309670435364,0.0011914241585462336,613370.0,0.43588989432777425,0,0,-1,0,0,-0.0019779116465863727,-0.6323500695862082,0.011275716566043936,0.015433688134278188,0.0,0.00201207243460777,0.0021309089629768293,0.0019779116465863727,0.0
2021-11-18,9.95,9.96,0.00398588902381071,0.002006018726865766,0.000975349870939314,2.9568653221247847,-0.0010045204260055874,9.961000000000002,9.956,9.948166666666667,3,18,11,9.95711899422634,9.948465308744266,44.44444444444401,0.0062002616118164156,0.00822858867519045,9.975894458367788,9.93610554163221,0.000997569130225211,0.000972110002965899,0.0010799996627637088,518548.0,-0.6031830461607118,0,0,-1,0,0,0.002008032128514013,-0.015889937664419356,0.01334065016082134,0.015431767889076183,-0.0010040160642571516,0.002014098690835908,0.513466186276416,0.0030150753768845365,0.0
2021-11-19,9.95,9.95,-0.005022612266291443,-0.002006018726865743,-0.0020120731134201197,1.2696262807510592,0.0,9.959999999999999,9.957,9.9485,4,19,11,9.955824631639732,9.948564321083348,50.0,0.005201274362114816,0.007623125812575324,9.973026294185697,9.940973705814304,0.000997569130225211,0.000972110002965899,0.0010799996627637088,518548.0,-0.8735643959723788,0,0,-1,0,0,-0.0020100502512562387,1.4480339726404226,0.01334065016082134,0.015431767889076183,-0.0010040160642571516,0.002014098690835908,0.513466186276416,0.0030150753768845365,0.0
2021-11-22,9.94,9.95,0.002012073113420235,0.0,0.0,-1.559469116152076,-0.0010055305020187607,9.957,9.9565,9.949333333333334,0,22,11,9.952947425887052,9.948011784239261,44.44444444444488,0.0035615974643494752,0.006810820142930155,9.97400187960012,9.93899812039988,0.0009517758799564047,0.0008903842060333917,0.0009883987682703156,447585.0,-1.8855117709629419,0,0,-1,0,0,0.0,-0.2955969464023371,0.013344479966015997,0.014134411082784303,-0.0010050251256281673,-0.0010050251256281673,0.5128523011404346,0.003018108651911583,0.0
2021-11-23,9.94,9.94,0.002008032803245613,0.001003512377240109,-0.0010075567602998278,0.01015080570160521,0.0,9.953,9.9555,9.95,1,23,11,9.950593348453042,9.947494894933502,44.44444444444488,0.0022363623169354696,0.005895928577731218,9.974390264829449,9.936609735170553,0.000846079129280539,0.0008553859916824863,0.0009852951825310608,447585.0,-1.6410569295818063,0,0,-1,0,0,0.003018108651911583,-0.3133406665738023,0.008734133670470583,0.01357883165376134,-0.002008032128514192,-0.002008032128514192,-0.6085825385520944,0.005030181086519187,0.0
2021-11-24,9.935,9.94,-0.003013563305264406,-0.0020281335077760613,0.0010075567602997706,0.17165861606545105,-0.000503144664702417,9.950500000000002,9.95475,9.950166666666666,2,24,11,9.947758194188852,9.946688772679728,35.29411764705907,0.0007737266622136474,0.004871488194627704,9.975644471695453,9.933855528304548,0.0006375942116996279,0.0008346066659482518,0.0009741209093431455,362473.0,-1.890452200741514,0,0,-1,0,0,0.0,-0.2166812780506282,0.00797313886959726,0.013248970083935005,-0.0025100401606426015,-0.0015075376884421399,0.0015062768587798634,0.0019929542023150518,0.0
2021-11-26,9.95,9.935,0.0,2.0100704530286877e-05,0.0010065426114014722,-2.6906029549733215,0.0015086751667211717,9.949499999999999,9.95475,9.950833333333332,4,26,11,9.948165795245423,9.94690240024878,44.99999999999929,0.0008155508454112947,0.004060300724784422,9.975644471695453,9.933855528304548,0.0008477791231912703,0.0009069071826784654,0.001011484631728649,368247.0,-0.4546657191658076,0,0,-1,0,0,0.0005032712632107705,-0.7391126631448033,0.014939421197272559,0.014396705205512665,0.0,0.0,1.147526685888686,0.0010050251256281193,0.0
2021-11-29,9.94,9.95,0.0020100509280243217,0.0010045204260057121,-0.00302267232658601,4.6916370203295505,-0.0010055305020187607,9.9475,9.95375,9.9505,0,29,11,9.946681105200799,9.946457084103697,34.999999999999645,4.1304255661955835e-05,0.003256501430959929,9.975484038306684,9.932015961693315,0.0008929588376109194,0.0009010721052487961,0.0009600207881821778,-261301.0,-1.2652963803574986,0,0,-1,0,0,0.0010050251256282978,2.5593781898281867,0.016557142062381545,0.014304076222954399,-0.0010050251256281673,-0.002008032128514192,1.4482783886571766,0.005030181086519187,0.0
2021-11-30,9.92,9.94,0.0,0.0,0.0010085729548847497,-1.7864048991993502,-0.002014099371701145,9.9445,9.952250000000001,9.949833333333334,1,30,11,9.94182999516429,9.944750175451846,22.72727272727279,-0.0021612114970537277,0.002172958845357198,9.978702539427612,9.92579746057239,0.0010387312709564263,0.0009791088741717203,0.0010114091083695562,-366789.0,-2.438329226443841,0,0,-1,0,0,0.002012072434607782,-0.24245057970882072,0.020671652779720634,0.015542871525088826,-0.002012072434607548,-0.0030150753768843908,0.5018903883710905,0.004032258064516223,0.0
2021-12-01,9.92,9.92,-0.0020100509280243342,-0.0015071592905713629,-0.0010085729548847744,-0.6504098366000175,0.0,9.940499999999998,9.95075,9.9495,2,1,12,9.937860905134418,9.943153389938825,27.777777777777672,-0.003862200061181653,0.0009659270640494277,9.980885658194257,9.920614341805742,0.0009424370165771511,0.0009791088741717203,0.0009957451151472723,-366789.0,-2.04077175296994,0,0,-1,0,0,0.0020161290322580215,-0.4908175696682351,0.020671652779720634,0.015542871525088826,-0.002012072434607548,-0.0030150753768843908,0.5018903883710905,0.003528225806451627,0.0
2021-12-02,9.9,9.92,0.0030135633052644803,0.0025106716678114315,-0.0010095912013523254,0.6565150809184992,-0.0020181641562371246,9.9345,9.94825,9.948166666666667,3,2,12,9.930977104200887,9.940369300265353,22.72727272727279,-0.006746311328676313,-0.0005765206144957205,9.985985227155613,9.910514772844387,0.0010557400547439085,0.0010629911459848038,0.0010388911358331261,-472923.0,-2.5572921451366866,0,0,-1,0,0,0.005040322580645233,-0.09646867759963977,0.023705612313495692,0.01687446130883608,-0.003522898842476141,-0.005025125628140614,0.8373820039990699,0.007070707070707099,0.0
2021-12-03,9.94,9.9,-0.006036235631850341,-0.003013563305264406,0.0010095912013522745,-3.282918241047421,0.00403226352793823,9.933499999999999,9.94725,9.9485,4,3,12,9.932617630709816,9.94034547444178,43.3333333333329,-0.005738178431940355,-0.0016088521779846474,9.984733329628849,9.909766670371152,0.0017917271017340109,0.0014113986266770383,0.0012746146725461987,-468941.0,-0.3868386331624685,0,0,-1,0,0,0.0010101010101009886,-0.7771518753595845,0.039885007245560516,0.02240525860179322,-0.0010050251256281673,-0.002008032128514192,1.6729817916260827,0.0030181086519114044,0.0
2021-12-06,9.92,9.94,0.0020161297151844956,0.0,0.0010085729548847497,3.5253998600580463,-0.002014099371701145,9.930499999999999,9.94525,9.948166666666667,0,6,12,9.930323516035305,9.939032863187473,40.62500000000011,-0.0064783799694634325,-0.0025827577362804045,9.984112104394383,9.906387895605617,0.0018896605314450475,0.0014742398082995412,0.0013282902894234897,-604199.0,-1.2994664284649147,0,0,-1,0,0,-0.0010060362173038016,0.08548226126471237,0.04176430075857922,0.023402831433792733,-0.002012072434607548,-0.004016064257028162,1.7163947553016978,0.0020161290322580215,0.0
2021-12-07,9.9213,9.92,0.0,-0.0010065426114013946,0.0,2.361388266828132,0.00013103980100711733,9.92863,9.942815,9.94721,1,7,12,9.928682876756158,9.937888807497957,37.21083939193619,-0.006880778553341571,-0.003442361899692638,9.981248005279348,9.904381994720652,0.00187669148045376,0.0014494252959998495,0.0012715102115910782,830302.0,-1.1196105973820385,0,0,-1,0,0,0.0010080645161290108,3.8052478839581196,0.03924821273588372,0.023008913263090704,0.00013104838709687705,-0.004884653961885643,1.3100708220134354,0.0010079324282099913,0.0
2021-12-08,9.93,9.9213,-0.0010075567602998278,0.0,0.0,-3.253722017300566,0.0008765169592927647,9.927629999999999,9.940315,9.94621,2,8,12,9.928922353709583,9.937379852175509,40.624999999999446,-0.006423617574290219,-0.004038613034612154,9.974872977220024,9.905757022779976,0.0019066329315505046,0.0014439799231218524,0.0012678962960409304,885717.0,-0.5969678106057481,0,0,-1,0,0,-0.00013103121566735438,-0.42101542875323905,0.039699017937079535,0.022922470648503526,0.0010080645161290036,-0.005010020040080221,0.930840205079818,0.001007049345417904,0.0
2021-12-09,9.93,9.93,0.0,0.002012073113420235,0.0,0.13738572541026198,0.0,9.92713,9.938815,9.945543333333335,3,9,12,9.929118289398748,9.936903732680316,43.33333333333326,-0.005992239398972643,-0.004429338307484252,9.972364979999412,9.905265020000588,0.0019014183281653382,0.001384159913759213,0.0012564037914661287,885717.0,-0.5254846649777296,0,0,-1,0,0,-0.001007049345417904,-0.36688420032184954,0.03488387344857013,0.02197285743930893,0.003030303030302939,-0.003012048192771233,0.8709797041963743,0.0030211480362537122,0.0
2021-12-10,9.93,9.93,0.0030196298737198914,0.0,0.0,3.2686512004661195,0.0,9.92513,9.937315000000002,9.944876666666666,4,10,12,9.929278600417156,9.93645833057191,43.33333333333326,-0.005585977416611598,-0.004660666129309722,9.969533025357885,9.905096974642118,0.0018222067781253845,0.001384159913759213,0.0012564037914661287,885717.0,-0.4540936273248168,0,0,-1,0,0,0.002014098690835808,3.0292384239017305,0.017084305048430674,0.02197285743930893,-0.001006036217303774,-0.003012048192771233,-1.5501752200676422,0.0030211480362537122,0.0
2021-12-13,9.92,9.93,-0.0030196298737199456,-0.0020120731134201197,-0.0010085729548847744,-1.7587187411682612,-0.0010075567602998278,9.923129999999999,9.935315,9.943543333333334,0,13,12,9.92759158215949,9.935396502793077,43.33333333333326,-0.006001743927109615,-0.0049288816888697,9.966555006403116,9.904074993596883,0.0018223062890547596,0.0013966799718167144,0.00125093441347814,597945.0,-0.9804735506373995,0,0,-1,0,0,-0.001007049345417904,0.024164508241343346,0.010649764843182578,0.022171607199430367,0.0,-0.004016064257028162,-0.4770845895015875,0.0020161290322580215,0.0
2021-12-14,9.92,9.92,0.0,-0.0010075567602998278,0.0,-0.32333318508481196,0.0,9.92313,9.933815000000001,9.942543333333333,1,14,12,9.926211294494127,9.934403180032234,43.33333333333326,-0.006259090977476234,-0.005194923546591007,9.964966938354218,9.902663061645784,0.0017074456945504485,0.0013842585874990678,0.001240222987570119,597945.0,-0.8869432035282144,0,0,-1,0,0,0.0,-0.14628714628143796,0.010588773963124581,0.021974423836368464,-0.00013103121566737652,-0.0030150753768843908,-0.2919309549032485,0.0010080645161290108,0.0
2021-12-15,9.92,9.92,-0.0010085729548847744,0.0,0.0,-1.049335237854783,0.0,9.92313,9.931815,9.941543333333334,2,15,12,9.925081968222468,9.933473942610801,44.827586206896214,-0.006389387487278242,-0.005433816334728454,9.96096002936882,9.90266997063118,0.0017074456945504485,0.0013581151018203432,0.001240222987570119,597945.0,-0.810772900619558,0,0,-1,0,0,-0.0010080645161290108,-0.4373009906152854,0.007149341127613018,0.02155940886730676,-0.001007049345417954,-0.004016064257028162,-2.2360679776022057,0.0010080645161290108,0.0
2021-12-16,9.91,9.92,0.0,0.0,0.0,2.190766852842971,-0.0010085729548847744,9.92413,9.929314999999999,9.940210000000002,3,16,12,9.922339792182019,9.931959494700427,35.71428571428572,-0.0072163789124815025,-0.005790328850279064,9.956811623717414,9.901818376282584,0.001601578869827507,0.001368952451372548,0.001251031790033383,-54200.0,-1.4048997577666575,0,0,-1,0,0,-0.0010080645161290108,0.7419563428293072,0.008760534099042129,0.021731446458024023,-0.002014098690835797,-0.005020080321285203,-0.6085825501704071,0.0010090817356205638,0.0
2021-12-17,9.92,9.91,0.0020161297151844956,0.0010075567602997706,-0.003031836582120125,0.5000796717650642,0.0010085729548847497,9.92213,9.927815,9.938876666666665,4,17,12,9.92191437542165,9.931187914397174,42.857142857142854,-0.006984347933224555,-0.006029132666868163,9.953791529893946,9.901838470106055,0.0009115969506369011,0.0013845687835276977,0.0012511593069747357,1021091.0,-0.6016969958579708,0,0,-1,0,0,0.0020181634712411276,1.4610879814215827,0.013390616165021628,0.021979348045665068,-0.001007049345417954,-0.0030150753768843908,0.5140846654373465,0.005040322580645054,0.0
2021-12-20,9.91,9.92,-0.0010075567602998278,-0.0010075567602998278,0.002022245380767649,-1.4712984037885075,-0.0010085729548847744,9.92113,9.925815,9.93721,0,20,12,9.919748125344986,9.929820952178002,46.15384615384615,-0.0075206843690427405,-0.006327443007303079,9.950737640310933,9.900892359689067,0.0007264585864046941,0.0013971103062987524,0.0012609521857047793,774175.0,-1.2691271713344083,0,0,-1,0,0,0.0,-0.212926045082892,0.013394466387436526,0.022178438547550656,-0.0010080645161290036,-0.004020100502512447,0.5134711305992188,0.0020181634712411276,0.0
2021-12-21,9.93,9.91,0.0010075567602997706,0.003280902271777674,0.0020181641562371953,2.2935657789819537,0.0020161297151844956,9.922,9.925315,9.935876666666667,1,21,12,9.921612102554988,9.92983250365039,53.33333333333334,-0.0062597435780844535,-0.006313903121459354,9.949427479845067,9.901202520154932,0.0009904606972281254,0.0014672643747065343,0.001306209832851631,3221165.0,0.3885954518243981,0,0,-1,0,0,0.0020181634712411276,2.930788639249399,0.02087836780177365,0.02329209985834908,0.0010080645161290036,-0.001006036217303774,0.5420560563376304,0.0032829808660624783,0.0
2021-12-22,9.94,9.93,0.0,-0.0002612723980576935,0.0010075567602997706,-1.6531205654647314,0.0010065426114014722,9.923,9.925315,9.934543333333334,2,22,12,9.924955356635898,9.930488471156817,64.28571428571428,-0.004402770097099662,-0.0059316765165874155,9.949427479845067,9.901202520154932,0.001002756149571474,0.0014862027653836775,0.0013063312212587626,3689645.0,1.2180414535839865,0,0,-1,0,0,0.0,-0.03290990228947424,0.02147928245552819,0.02359273749013011,0.002016129032258007,0.0,-0.16424188320517594,0.002012072434607603,0.0
2021-12-23,9.92,9.94,0.0010065426114014722,0.0,-0.0010075567602998278,1.1970063561468922,-0.002014099371701145,9.922,9.924565,9.933209999999999,3,23,12,9.9240543827021,9.929811795598313,41.66666666666667,-0.004493143921431297,-0.005643969997556193,9.948339845177754,9.900790154822245,0.0012064713833714778,0.0015500744380664317,0.001306730270597863,2138886.0,-0.38401932512020365,0,0,-1,0,0,0.0,1.4088416025627621,0.02628214578018499,0.02460666886057182,0.0010090817356205317,-0.0015098137896326635,-0.5155187304276393,0.0030241935483870325,0.0
2021-12-27,9.96,9.92,0.0020100509280243217,0.002008032803245613,0.0030196298737198914,-0.7663905902937527,0.004024150299725548,9.925,9.925065,9.93321,0,27,12,9.930589949483535,9.931759421688746,64.28571428571473,-0.0013218625140378748,-0.004779548500852529,9.951377316508971,9.898752683491029,0.0017807793602597783,0.001772430349615716,0.0015121456330829534,2859504.0,2.6554104415770032,0,0,-1,0,0,0.004032258064516223,0.17587582390093645,0.03819036250109783,0.028136459527598707,0.0040322580645162365,0.0010050251256283893,0.20704911112743712,0.0020080321285141918,0.0
2021-12-28,9.96,9.96,0.0,0.0,0.0005023863456583357,-0.48343587593541953,0.0,9.929,9.926065,9.933209999999999,1,28,12,9.935937231395618,9.93358139448302,63.950973323720575,0.0011778236315151958,-0.0035880740743789844,9.956033423734336,9.896096576265663,0.0017260899566884935,0.0017550549975397852,0.0015121456330829534,2859504.0,2.264717043567372,0,0,-1,0,0,0.0,-0.211500427878234,0.035764762139320755,0.02786063436438809,0.005045408678103103,0.00201207243460777,0.0020233557662660577,0.001506024096385599,0.0
2021-12-29,9.96,9.96,0.001003512377240109,0.0,0.0005021340803472812,-1.4269614691298322,0.0,9.933,9.928065,9.933543333333335,2,29,12,9.940312280232778,9.935285820645406,61.538461538462066,0.0031228447013180727,-0.002245890319239573,9.961470973308668,9.894659026691333,0.0017260899566884935,0.0016837137406487204,0.0015001963241934695,2859504.0,1.9119335158969426,0,0,-1,0,0,0.0010040160642570066,-0.7013640009060875,0.03503994998129771,0.02672812702067291,0.0030211480362538623,0.0040322580645162365,0.8495821819203733,0.0010040160642570066,0.0
2021-12-30,9.97,9.96,-0.0010035123772400224,0.0010025063496255707,0.0,-0.3871050604426529,0.001003512377240109,9.937999999999999,9.930565,9.933876666666666,3,30,12,9.945710047463182,9.937525445119896,64.28571428571473,0.005408854431776078,-0.0007149413690364429,9.968593536377501,9.892536463622498,0.0017291876189335393,0.0016923017742153934,0.0015001738268443205,2931933.0,2.073968853733351,0,0,-1,0,0,0.0,-0.7530421064918726,0.035037766319125016,0.02686445782708386,0.003018108651911655,0.00504032258064524,0.8510588771585401,0.0020060180541624445,0.0
2021-12-31,9.96,9.97,0.001003512377240109,-0.00100250634962559,0.0,0.6841253971970848,-0.0010035123772400224,9.943000000000001,9.933565,9.933876666666665,4,31,12,9.948308220651693,9.938975416402483,60.000000000000476,0.0063405275319166066,0.000696152411154167,9.970901324912367,9.896228675087633,0.0017286970221895466,0.001635004764972618,0.0015120994729141987,2788376.0,1.4160472441809637,0,0,-1,0,0,0.0,-0.653769432632405,0.030761067996282625,0.025954896003138942,0.0040322580645162365,0.0060606060606061,1.52280028962284,0.0010040160642570066,0.0
2022-01-03,9.98,9.96,0.0,0.0010025063496255707,0.001003512377240109,0.961177373284553,0.002006018726865766,9.949000000000002,9.935565,9.934876666666666,0,3,1,9.954070362351384,9.941622163731356,68.75000000000034,0.008593655715419146,0.002275653072007163,9.97825434416608,9.89287565583392,0.0017888938998249849,0.001442325163788559,0.0015427469876411815,3163745.0,2.081784148621692,0,0,-1,0,0,0.0010040160642570066,-0.3496153402791956,0.0181675068576255,0.022896202158450184,0.002008032128514081,0.004024144869215318,0.4059021819266311,0.0010020040080160107,0.0
2022-01-04,9.96,9.98,0.0,0.0,-0.002008032803245746,1.8543823732384652,-0.002006018726865743,9.954,9.937565000000001,9.935210000000001,1,4,1,9.955148478287494,9.942807830587398,61.1111111111115,0.008665552090356243,0.0035536328756769794,9.98092665053257,9.894203349467432,0.0019121339264531263,0.0014416746494610943,0.0015899576599136597,765981.0,1.0347853333280597,0,0,-1,0,0,-0.0010020040080160107,2.161648609236701,0.025177879617272705,0.022885875563641647,0.0,0.0040322580645162365,0.0022189509772822294,0.003012048192771198,0.0
2022-01-05,9.96,9.96,0.0,0.0,0.0010045204260057121,-1.5644829452361602,0.0,9.957,9.9395,9.935876666666667,2,5,1,9.956030573144313,9.943917002807567,61.1111111111115,0.008623128428665083,0.004567531986274601,9.983257706089004,9.895742293910997,0.0018398231105479172,0.0014423127883604159,0.0015778367056856004,765981.0,0.936977818640821,0,0,-1,0,0,0.0010040160642570066,-0.23315879871344927,0.025177879617272705,0.022896005704618774,0.0,0.003900698497172783,0.0022189509772822294,0.002008032128514013,0.0
2022-01-06,9.96,9.96,-0.0010035123772400224,-0.0008620949439772414,0.0,1.3494410446056653,0.0,9.959,9.941,9.936543333333333,3,6,1,9.956752287118073,9.94495461552966,64.70588235294156,0.008491621247241454,0.0053523498384679714,9.985438011231055,9.896561988768946,0.0018245153634656047,0.001433817243457415,0.0015778367056856004,765981.0,0.8551237768589441,0,0,-1,0,0,0.0,1.468258902292583,0.023618731293594302,0.02276114311022684,-0.0010030090270811698,0.0030211480362538623,0.5549697328420944,0.0011445783132528412,0.0
2022-01-07,9.96,9.96,0.0,0.0008620949439772433,0.0,-0.7977733787933851,0.0,9.963000000000001,9.942499999999999,9.937376666666667,4,7,1,9.957342780369332,9.94592528549549,62.50000000000042,0.008291817942739144,0.005940243459322207,9.987397544183954,9.897602455816044,0.0016563497752630583,0.001433817243457415,0.0015742257226646784,765981.0,0.7795526600876262,0,0,-1,0,0,0.0,0.07561563337220112,0.02251752626028149,0.02276114311022684,0.0,0.0030211480362538623,0.004255403337141273,0.002008032128514013,0.0
2022-01-10,9.96,9.96,0.001003512377240109,0.0,0.0,-1.3327939540546838,0.0,9.963000000000001,9.943999999999999,9.937710000000001,0,10,1,9.957825911211271,9.946833331592556,66.66666666666706,0.008040783240433669,0.006360351415544499,9.989143047492474,9.898856952507524,0.0010573716886649528,0.001433817243457415,0.0015510672392525752,765981.0,0.7088577705202006,0,0,-1,0,0,0.0010040160642570066,-0.6750653543969539,0.014227045570580266,0.02276114311022684,-0.002004008016032066,0.0030211480362538623,-2.2360679775131653,0.002008032128514013,0.0
2022-01-11,9.97,9.96,0.0010025063496255707,0.0010015023370896004,0.001003512377240109,2.9434570359061247,0.001003512377240109,9.964,9.9465,9.938710000000002,1,11,1,9.960039381900131,9.948327955360778,64.28571428571473,0.008550191570643406,0.006798319446564281,9.991584715580924,9.901415284419077,0.0011039599002607495,0.0014187069746134792,0.0015479986807021289,5125599.0,1.0424819008925197,0,0,-1,0,0,0.002008032128514013,3.108782780729364,0.007127806967589944,0.02252127502860055,0.0010040160642570406,0.00504032258064524,2.2360679774024352,0.0020060180541624445,0.0
2022-01-12,9.98,9.97,0.0,0.0,0.0010025063496255707,-2.597429002437544,0.0010025063496255707,9.966000000000001,9.9495,9.94071,2,12,1,9.963668585191016,9.950371313079438,64.28571428571473,0.00964958337840649,0.007368572232932724,9.99514162458548,9.90385837541452,0.0011387885794005282,0.0014270198474864828,0.001503266725191696,5450237.0,1.3364993151318538,0,0,-1,0,0,0.0010030090270812223,-0.5708920398361023,0.008725368851867343,0.022653237794415325,0.002008032128514081,0.006048387096774244,0.608582534593222,0.0010020040080160107,0.0
2022-01-13,9.98,9.98,0.0,0.0005003752919010579,0.0,1.0213127209278838,0.0,9.967000000000002,9.9525,9.94271,3,13,1,9.966637933338102,9.952282841267863,75.00000000000037,0.010400963474193503,0.00797505048118488,9.99786402469917,9.90713597530083,0.0011038684065982872,0.0014270198474864828,0.001503266725191696,5450237.0,1.2124144708220044,0,0,-1,0,0,0.0,-0.0833880609716452,0.008725368851867343,0.022653237794415325,0.002008032128514081,0.006048387096774244,0.608582534593222,0.001503006012023927,0.0
2022-01-14,8.97,9.98,-0.028457204814035613,-0.024817682942607503,-0.11340884884065472,-0.08950830559416492,-0.10669741425266778,9.868,9.9055,9.91171,4,14,1,9.785431036367537,9.888909754734453,4.587155963302649,-0.06969867848465405,-0.007559695311982908,10.347765697707262,9.463234302292738,0.03209031794635188,0.02275530966239739,0.01858397564016782,4625953.0,-4.230488617361465,0,0,-1,0,0,-0.02805611222444901,-0.1634843620042478,0.7220718503146836,0.36122934223781183,-0.0993975903614458,-0.09485368314833498,-2.2353877846413956,0.09364548494983276,0.0
2022-01-18,8.6,8.97,-0.07490130817311771,-0.0472528848505455,-0.051825067864585905,-0.8316218036266946,-0.04212347281124287,9.73,9.8395,9.867043333333333,1,18,1,9.569898120664348,9.805754286687069,3.4246575342465064,-0.16117619080586287,-0.0382829944107589,10.571633867540681,9.107366132459317,0.03320016949916843,0.024117684515466198,0.019784311700900673,4267107.0,-3.3859927943604493,0,0,-1,0,0,0.003344481605351099,-0.5589207645626855,0.7099511243973066,0.38285637255982125,-0.13654618473895597,-0.13306451612903225,-1.4985335961377415,0.09767441860465115,0.0
2022-01-19,8.2,8.6,-0.0454623740767574,-0.07709008171957096,-0.08894748601649617,0.25136551667265933,-0.047628048989254705,9.554,9.754,9.809709999999999,2,19,1,9.320825735089011,9.702157235933065,2.6881720430106952,-0.26291867264377977,-0.08321013005736308,10.788446712015698,8.7195532879843,0.03434058130054764,0.02563889116427362,0.021200040073892402,3805710.0,-3.0045046921207055,0,0,-1,0,0,0.0,-0.4769345678561434,0.6660650727036803,0.4070047794727157,-0.17753259779338026,-0.17255297679112014,-0.8321976837156195,0.10609756097560967,0.0
2022-01-20,8.09,8.2,-0.0439761885704835,0.004635002504148705,0.041751794680221756,-0.13356699940981726,-0.013505423199807007,9.367,9.662,9.748666666666669,3,20,1,9.0970392378001,9.59814709167932,2.0408163265305603,-0.3484101478997683,-0.13625013362584412,10.931191205370402,8.3928087946296,0.03378666510780073,0.025518767434467234,0.021207067032420916,3402002.0,-2.477168126202431,0,0,-1,0,0,0.0036585365853659927,-0.457441916121238,0.6196828236567296,0.4050978743789644,-0.18937875751503008,-0.18529707955689823,-0.9669188167930974,0.07169344870210137,0.0
2022-01-21,8.76,8.09,0.0012143292324017585,0.03521090604305129,-0.04693315342221922,0.009223927116234184,0.07956717387789965,9.247,9.603000000000002,9.709666666666667,4,21,1,9.0357593763819,9.544073085764524,27.099236641221353,-0.35797286899320824,-0.18059468069931695,10.926330726056953,8.27966927394305,0.04686350860911347,0.03285581791656173,0.026749112993168955,3809451.0,-1.2740579258094267,0,0,-1,0,0,0.018541409147095223,-0.450217913771703,1.073340330285885,0.521569939973056,-0.12224448897795592,-0.11871227364185111,0.9954380985162686,0.14383561643835624,0.0
2022-01-24,9.22,8.76,0.05202118475087845,0.036168325838907896,0.10821358464023279,-0.26635184347313845,0.051179132620202517,9.172999999999998,9.568000000000001,9.686,0,24,1,9.069257671585191,9.523165144747459,37.58169934640524,-0.32469040980438635,-0.20941382652033083,10.89305570885871,8.242944291141292,0.05107941935823175,0.03535179776803386,0.028657527119601463,4121626.0,-0.525260934575707,0,0,-1,0,0,-0.009132420091324209,-0.485515604220918,0.9197540897052265,0.5611923917595952,0.027870680044593144,-0.07056451612903214,0.5631042787766559,0.07700650759219078,0.0
2022-01-25,9.17,9.22,0.04944827541398111,0.0010758473334633318,0.003490404939768346,-0.7684936373151587,-0.005437751300129105,9.094,9.5285,9.660666666666666,1,25,1,9.087574458569701,9.500380296699237,37.216828478964395,-0.29890283739372236,-0.22731162869500915,10.851451644101813,8.205548355898186,0.05103145960735517,0.03531530312442266,0.0286611439244171,3976867.0,-0.5419699224810206,0,0,-1,0,0,-0.01084598698481577,-0.6149684547511144,0.8328278291119168,0.5606130572525081,0.0662790697674418,-0.07931726907630532,0.3856871645050779,0.07524536532170134,0.0
2022-01-26,10.48,9.17,0.01739174271186924,0.13742166515445167,0.03872921384712447,1.7168471848972624,0.13353139262452277,9.145,9.5545,9.679333333333334,2,26,1,9.340742738829755,9.563581567879933,55.90909090909091,-0.17079117425267398,-0.2160075378065421,10.932453860659122,8.17654613934088,0.06978690386064768,0.048172140439001886,0.039034165782897014,4782733.0,1.3432960658890318,0,0,-1,0,0,0.01199563794983636,0.008822701730702903,1.0282172242438594,0.764709022339661,0.2780487804878051,0.052208835341365445,0.4854358885159059,0.1641221374045802,0.0
2022-01-27,9.45,10.48,0.1139442593492179,0.05736666040463303,0.04050909641073582,-0.7469341353394838,-0.10345393738724486,9.092,9.529,9.663666666666668,3,27,1,9.360607695406163,9.556253724790905,45.303867403314904,-0.15063769259797688,-0.20293356876482907,10.89417436711641,8.16382563288359,0.07740382535768292,0.05330081728345127,0.04316152571002758,4400900.0,-0.11573613144651754,0,0,-1,0,0,-0.007633587786259549,-0.42032868392813716,1.4554546749027126,0.8461242432510324,0.16810877626699616,-0.051204819277108626,-0.5697160857915745,0.20952380952380958,0.0
2022-01-28,10.0008,9.45,-0.17275210577780392,-0.03603993648319693,-0.12194942835091024,-0.46739071883824285,0.056650348288564946,9.09408,9.53054,9.666360000000001,4,28,1,9.477006296241406,9.584934129643104,50.341091492776876,-0.08919279736882046,-0.18018541448562736,10.897876774286388,8.163203225713612,0.0797947768069055,0.0549444642769536,0.04448691035535045,4640170.0,0.6878480983522561,0,0,-1,0,0,-0.074074074074074,-0.5714661799275647,1.414407809894566,0.8722163303789493,0.14164383561643845,0.003089267803410234,-0.40237397858225205,0.26497880169586435,0.0
2022-01-31,9.64,10.0008,0.10821358464023279,-0.041204330598321175,0.15570790827586461,-0.38682231620357876,-0.03674398117176208,9.16108,9.51454,9.65736,0,31,1,9.506641515106605,9.588486766440322,47.476977418947904,-0.06881753418507941,-0.1579118384255178,10.868137344155706,8.160942655844295,0.07268235995819784,0.05558689580877165,0.04500506215444125,4477655.0,0.18537270413788381,0,0,-1,0,0,-0.025077993760499153,-0.648494219829882,1.4644776811728004,0.8824146147844104,0.045553145336225676,-0.032128514056224966,0.4534358532129579,0.08506224066390045,0.0
2022-02-01,9.32,9.64,-0.011346176387301454,-0.038991293965183686,-0.07986983188436016,0.06231895668918219,-0.033758479924954427,9.233080000000001,9.48154,9.637360000000001,1,1,2,9.47270669417813,9.571165039573206,45.11395754404955,-0.07759682902191933,-0.1418488365447981,10.819447652229726,8.143632347770275,0.07209920403146246,0.05606909732318007,0.04541123722183015,4304690.0,-0.24148153982194775,0,0,-1,0,0,0.0,-0.6247086034498734,1.4984950913109496,0.8900693265180708,0.016357688113413316,-0.06613226452905818,0.6740666683486533,0.12446351931330474,0.0
2022-02-02,10.34,9.32,0.06038051098890748,0.0663385899020786,0.037490608915498685,0.21320913106785264,0.10385724038278314,9.44708,9.50054,9.651693333333332,2,2,2,9.630396386145742,9.620767295084613,52.34937871984963,-0.0022233782072262898,-0.11392374487728375,10.877286340432708,8.123793659567294,0.07523027574495485,0.06135185882706026,0.049693856069394034,4518759.0,1.2194839025120041,0,0,-1,0,0,0.09871244635193133,-0.5093032733885212,1.3147526054427918,0.9739305655676662,-0.013358778625954248,0.03815261044176688,0.34699952265604866,0.1460348162475822,0.0
2022-02-03,11.72,10.34,0.07250233112322686,0.21810763654017992,0.14201800650184135,1.551122027698844,0.12527691506858346,9.81008,9.58854,9.71136,3,3,2,10.010324315937424,9.75620166314367,59.62219076269687,0.16694070295194585,-0.05775085531143783,11.278343103323019,7.898736896676981,0.08082059997810823,0.06785047013385394,0.055138363451713815,5528471.0,2.5227317855062026,0,0,-1,0,0,0.06479690522243713,0.29671533965006625,1.2507977171930853,1.0770928218779574,0.24021164021164032,0.17670682730923692,-0.1294228583222148,0.23208191126279853,0.0
2022-02-04,11.63,11.72,0.023340377317096244,-0.05141139764930623,-0.009434032233358529,0.2685043291054652,-0.0077088176182934474,10.097080000000002,9.672039999999999,9.767693333333334,4,4,2,10.304810803948802,9.877091878424725,66.37608353033883,0.29039471864130206,0.01187825947911015,11.588914946254722,7.755165053745277,0.08063943610382836,0.06793351023483349,0.05519352751982389,4207761.0,2.04286670220773,0,0,-1,0,0,-0.038395904436860154,0.6761933031576846,1.2980286513947452,1.0784110426141829,0.1629069674426047,0.16767068273092378,0.5779647499559377,0.18486672398968174,0.0
2022-02-07,10.66,11.63,0.06109426463561851,-0.05836340077724224,0.000947418356039811,-1.4024811786994698,-0.08708954779287457,10.24108,9.707040000000001,9.79236,0,7,2,10.369390657776291,9.927602079816678,61.809759677123466,0.30642969140485654,0.07078854586425944,11.671036430911133,7.743043569088868,0.08785299155827998,0.07106230916266738,0.05758419019288061,3882885.0,0.9704294620921524,0,0,-1,0,0,0.030094582975064454,-0.3699317901843372,1.48688794260102,1.128079185806427,0.10580912863070524,0.07028112449799195,0.2567636450579722,0.13320825515947465,0.0
2022-02-08,12.07,10.66,-0.11112743704464739,0.01640887542219543,-0.006650855869909686,0.5627137066955072,0.12422461637174172,10.53108,9.81254,9.862693333333334,1,8,2,10.67859235636242,10.065821300473667,69.88367791524519,0.4279792604771018,0.14222668878682793,12.042436179221209,7.5826438207787925,0.09432616444562011,0.07644999506026155,0.06216662839712777,4453182.0,2.0247220664671652,0,0,-1,0,0,0.005628517823639822,-0.12441099164006061,1.5504900895220395,1.2136060479694109,0.29506437768240334,0.2118473895582329,-0.8943262251888606,0.13986743993371997,0.0
2022-02-09,12.21,12.07,0.18356456503355165,0.1308014869691596,0.10831135307577114,0.17622224400750686,0.011532253013173292,10.704080000000001,9.92454,9.937693333333334,2,9,2,10.957030109751072,10.204155410120528,71.103097852811,0.5295012389755609,0.21968159882457455,12.399305971200224,7.4497740287997765,0.0859068697026911,0.07640385262095081,0.06214967642084613,5133377.0,1.8470110116243328,0,0,-1,0,0,0.06710853355426681,0.5553111370238618,1.4959116245495137,1.2128735594535982,0.18085106382978733,0.2246740220661987,-0.05747460504980337,0.17936117936117946,0.0
2022-02-10,10.36,12.21,-0.07494444229868795,-0.12655700537957748,-0.12561947745510835,-0.35190305534461536,-0.16430305129127643,10.79508,9.943540000000002,9.951026666666667,3,10,2,10.848479180705421,10.214209899790172,57.31154492944359,0.4554287008877367,0.266831019237207,12.425921963399388,7.461158036600617,0.09511319356193543,0.08480263240346056,0.06868740632079327,4654963.0,0.335532570039862,0,0,-1,0,0,-0.02129402129402142,-0.09477095169191935,1.6959110735047862,1.346200055179106,-0.11604095563139938,0.038076152304609145,0.3415871936772736,0.18532818532818532,0.0
2022-02-11,10.83,10.36,-0.1293560212140419,-0.05288685158676214,0.018260959134609112,-0.5299710866142048,0.04436782418156221,10.878,9.98604,9.979693333333334,4,11,2,10.845119329668071,10.253938293352096,57.35052412432886,0.42969746790283025,0.29940430897033166,12.499955084945361,7.472124915054637,0.09452044841120694,0.08525991404119375,0.06910636891582234,4936568.0,0.6714307933900193,0,0,-1,0,0,0.01351351351351357,-0.6330985757189206,1.7602800953700681,1.353459176134456,-0.06878761822871893,0.08517034068136264,-0.09090999101417052,0.10156971375807937,0.0
2022-02-14,11.53,10.83,0.06453852113757116,0.03223349457498444,0.004750602758597799,0.22319397528392915,0.06263227326806825,11.067,10.11404,10.032026666666669,0,14,2,10.969643087910239,10.336264855071317,60.17101089504895,0.46048128857958126,0.3316197048921816,12.670464238246613,7.557615761753387,0.09419034250305289,0.08213531892920405,0.06994195617663086,5288592.0,1.1077660576173942,0,0,-1,0,0,0.034164358264081186,-0.3405401586934042,1.6786360650860401,1.3038577664498994,0.0816135084427767,0.2853957636566331,-1.2647137793941081,0.12402428447528185,0.0
2022-02-15,11.12,11.53,0.06314245780877598,-0.0041823565774786395,0.004728141195945896,-0.27479289557373765,-0.036207045458531366,11.247,10.24004,10.070026666666667,1,15,2,10.996980708290195,10.38682841280865,52.99020707183972,0.4466454638838204,0.3546248566905094,12.729800783605318,7.7502792163946825,0.09434739939534238,0.0819368648029404,0.07037389678615771,5021149.0,0.7068630896545537,0,0,-1,0,0,0.034692107545533424,-0.6029201493529466,1.3686725692310304,1.3007074048614102,-0.07870753935376973,0.2930232558139534,-1.2865790195743612,0.11960431654676261,0.0
2022-02-16,11.19,11.12,-0.005884842540245347,-0.005884842540245347,0.03522143496336321,-0.30277807774026166,0.006275233501397619,11.332,10.38954,10.111026666666666,2,16,2,11.032075124964704,10.438645934562933,58.930771125893074,0.43629949907792387,0.37095978516799233,12.717334185512382,8.061745814487619,0.08920697183735574,0.08065353530985632,0.07035769383989082,5218726.0,0.6877412143924624,0,0,-1,0,0,0.06654676258992809,-0.7772367877099897,1.3631505665612946,1.2803351807282797,-0.08353808353808367,0.3646341463414635,-1.2456177049509984,0.07864164432529035,0.0
2022-02-17,12.09,11.19,0.010901575469843622,0.14276351862482498,-0.005479465764625596,1.7436737188808278,0.07735814230286749,11.369,10.589540000000001,10.182026666666667,3,17,2,11.224425102243849,10.545184906526615,60.35200380544654,0.4950164839271167,0.39577112491981725,12.76800650110141,8.411073498898592,0.08247631716620114,0.081410051930227,0.0716314556969093,6348533.0,1.3775378223547456,0,0,-1,0,0,0.07149240393208228,1.9108797311892491,0.7451659725446116,1.292344509769407,0.16698841698841704,0.49443757725587156,-0.7282634946829015,0.228287841191067,0.0
2022-02-18,12.49,12.09,0.017362982699787914,0.005103911918175821,0.07835912725717183,-0.02164508044368512,0.03254965951078509,11.455,10.776039999999998,10.26636,4,18,2,11.454529629108604,10.670656848041029,64.06712734452121,0.5672874380519577,0.4300743875462454,12.933574607053039,8.618505392946957,0.08271875808807475,0.08025226389220251,0.07174353062248115,7454148.0,1.588813448829066,0,0,-1,0,0,0.009098428453267115,1.6107899545221134,0.736580428278697,1.273965194452178,0.15327793167128356,0.42579908675799083,-0.498475756147013,0.1553162530024019,0.0
2022-02-22,12.47,12.49,-0.009057287112509568,-0.040821994520255166,0.020939093725108573,-0.780792630341794,-0.0016025644455411917,11.636,10.93854,10.350026666666666,1,22,2,11.639160605634313,10.786743503006125,66.02238046795523,0.6158497247531667,0.46722945498762963,13.092173600660672,8.784906399339327,0.07620883760701438,0.08004428874078195,0.07175186197096016,6947729.0,1.4222103514081448,0,0,-1,0,0,-0.03202562049639714,-0.029530854495536635,0.687567654065948,1.2706636912749392,0.08152645273200365,0.35249457700650755,0.6003874093595981,0.09141940657578178,0.0
2022-02-23,12.09,12.47,0.05315260697773391,0.039366390187554626,-0.011676529661835742,0.34507478391000773,-0.030947095065243804,11.638,11.08454,10.421026666666668,2,23,2,11.721131404609892,10.870824567328311,59.52121871599564,0.6165654795788615,0.49709665990587604,13.12636376722893,9.04271623277107,0.06589251146893364,0.08062806346917713,0.07211307677901826,6232617.0,0.9848646255739921,0,0,-1,0,0,0.022453889334402514,0.4702170735528896,0.6638303748279887,1.2799308277930466,0.08723021582733814,0.3184296619411122,0.7590808848465386,0.14971050454921428,0.0
2022-02-24,12.75,12.09,-0.0988458346366326,-0.04392220672341524,-0.03153222466940107,0.13364780117952935,0.05315260697773391,11.692,11.198039999999999,10.513693333333332,3,24,2,11.908198421953548,10.992061692016808,56.080283353010614,0.6627494415696056,0.5302272162386219,13.34787983775533,9.048200162244667,0.0679425940573289,0.07563755607087444,0.07257084467449064,7049983.0,1.4437912748146087,0,0,-1,0,0,-0.04466501240694782,0.7516979494438211,0.6998256867608257,1.2007089788414254,0.13941018766756041,0.21660305343511443,-0.21541953705873848,0.12470588235294117,0.0
2022-02-25,12.85,12.75,0.13504539745573768,0.06268177562092528,0.09884583463663264,-0.0013393422086633155,0.007812539736793625,11.940999999999999,11.36804,10.60936,4,25,2,12.079435072507447,11.111928679628626,57.19339622641509,0.6993579651627009,0.5640533660234377,13.473118161219187,9.262961838780814,0.03948448074843116,0.07103290754533796,0.07254984664059345,7866255.0,1.4079857245221723,0,0,-1,0,0,0.036862745098039267,0.6833972876633414,0.518200619994876,1.1276124496008466,0.06286186931348214,0.35978835978835977,-0.016616819337201546,0.09649805447470819,0.0
2022-02-28,13.33,12.85,0.017248271624307834,-0.003580383345012087,-0.01183445764700291,-0.41720696698168147,0.03667332284938858,12.190999999999999,11.5345,10.721026666666667,0,28,2,12.30681051386973,11.255030055136457,66.7083854818523,0.7583605638164048,0.6029148055820311,13.709704527588595,9.359295472411404,0.039046877620113114,0.07055902081325426,0.07267504331038994,8404084.0,1.6508792412182678,0,0,-1,0,0,0.046692607003891023,-0.12737964875525443,0.5295480241755807,1.1200897309446072,0.06725380304243389,0.33289336853051754,-0.07038571662371097,0.10052513128282069,0.0
2022-03-01,14.07,13.33,0.039363682629541694,0.04076460406427212,0.007117467768863955,0.055940743235396856,0.0540277369356804,12.445,11.756,10.891026666666669,1,1,3,12.62739042043887,11.436641019321202,63.66120218579234,0.854976724427523,0.6533271893511295,14.019350101997107,9.492649898002893,0.038024576742675266,0.06991284792830743,0.06981561488122057,8972857.0,2.044756573857665,0,0,-1,0,0,0.04951237809452364,-0.10142358810884632,0.5795251533288935,1.1098320543994724,0.12830793905372895,0.4595435684647302,-1.0191162328797265,0.1300639658848614,0.0
2022-03-02,13.96,14.07,0.019115626308760125,-0.0013783599701212709,0.04393770303142011,0.04049302184786924,-0.007848773792071287,12.729,11.988,11.069693333333333,2,2,3,12.869683071268167,11.599438372913383,62.00274348422496,0.9121548932889141,0.7050927301386865,14.148902345634381,9.827097654365618,0.03428859451874288,0.06909491405049929,0.06910936412424658,8380580.0,1.825163459129918,0,0,-1,0,0,0.013503909026297051,-0.09839685714529404,0.4510708639050627,1.0968477566220223,0.1546732837055418,0.49785407725321895,-0.5123794415901045,0.08882521489971348,0.0
2022-03-03,13.79,13.96,-0.009866182921053944,-0.007962652423017533,-0.006051455683355267,0.02085064004025424,-0.012252405529016115,12.988999999999999,12.160499999999999,11.256026666666667,3,3,3,13.037013421946682,11.740764929499615,80.57040998217467,0.9329964228152008,0.7506734686739894,14.318291024465271,10.002708975534727,0.035784748036044284,0.06635579099412905,0.06827349465795365,7775824.0,1.5103408824344435,0,0,-1,0,0,0.011461318051575813,-0.12566169114951478,0.46587388781036343,1.0533655261166694,0.08156862745098037,0.33365570599613137,0.5526756119020387,0.08738216098622191,0.0
2022-03-04,14.26,13.79,-0.033852710434127166,0.005891543639881362,0.027686018251348823,0.12463756202759697,0.03351472318093952,13.206,12.2875,11.461693333333333,4,4,3,13.259374617956375,11.903296224370608,80.57040998217467,0.9761856961156798,0.7957759141623276,14.627431398004678,9.947568601995322,0.029836627640730508,0.06061783022373305,0.06802879156850465,8460854.0,1.685946862956754,0,0,-1,0,0,-0.010152284263959303,0.19182281012561211,0.4736015449118444,0.962278222729995,0.10972762645914402,0.2167235494880546,-0.26522983142003626,0.06451612903225806,0.0
2022-03-07,15.35,14.26,0.08021175509173963,0.15405194852441842,0.030525625943160564,1.0911875504466468,0.07365705904705634,13.491999999999999,12.4735,11.68136,0,7,3,13.639488323782489,12.125664209895087,81.83333333333331,1.0858503894865326,0.8537908092271687,15.159222680357962,9.787777319642037,0.03511047068542092,0.06210658030583022,0.06783956072151799,10500742.0,2.1420677726984163,0,0,-1,0,0,0.03716690042075732,3.3588228996512433,0.6163570894681902,0.9859113976193316,0.1515378844711177,0.31986242476354243,0.014470747984554404,0.18957654723127026,0.0
2022-03-08,16.15,15.35,0.02602749524477545,0.01645160489200528,0.05900471601006625,-0.583195594823985,0.05080457563545941,13.86,12.748000000000001,11.912360000000001,1,8,3,14.095944992185672,12.38529877699863,89.35837245696399,1.2232133214496042,0.9276753116716558,15.756168528313612,9.73983147168639,0.0353133528782037,0.05796251471784084,0.0678333044527665,11639228.0,2.2618413615989583,0,0,-1,0,0,-0.01107491856677524,1.0470342032398827,0.6076340794143265,0.9201263958439683,0.1478322672352521,0.5150093808630392,0.05793508388383385,0.1449473684210526,0.0
2022-03-09,16.56,16.15,0.028573372444055948,0.03661736323822331,0.044923134646264136,-0.41300696374996126,0.025070099288448115,14.306999999999999,12.9725,12.158693333333334,2,9,3,14.543954993606459,12.654634339772912,89.89598811292717,1.34960065194546,1.0120603797264167,16.40751398143169,9.53748601856831,0.029133719166910852,0.05193493168210428,0.06765116773798653,12392516.0,2.0887833466720007,0,0,-1,0,0,-0.03281733746130027,0.09641348205848985,0.5222274579347931,0.8244414815278641,0.18624641833810873,0.3719966859983428,-0.37364984134752144,0.13888888888888895,0.0
2022-03-10,17.18,16.56,0.07639180816216949,0.022772436441477143,0.03174869831458027,0.35493877576174243,0.03675576759899584,14.75,13.221,12.382026666666667,3,10,3,15.02323590385983,12.946593414626275,89.45736434108525,1.4827006897761699,1.1061884417363674,17.112512491780514,9.329487508219486,0.02816662034266171,0.05210731658021882,0.06379066568139924,13466775.0,2.0346844618189097,0,0,-1,0,0,0.018115942028985553,0.809793934964453,0.31748536893376217,0.8271780069490298,0.24583031182015969,0.407043407043407,1.1306518714793061,0.12863795110593718,0.0
2022-03-11,17.09,17.18,0.0029612103367794677,-0.027841441944774427,0.000624804768842178,-0.1508940500230334,-0.005252419428609809,15.174000000000001,13.5575,12.636693333333334,4,11,3,15.399011194067132,13.213909968521353,87.45928338762214,1.5629049850591912,1.1975317504009322,17.56939219039694,9.545607809603059,0.029608776689143915,0.03414817261145446,0.060065291822183564,12542978.0,1.7610144203054932,0,0,-1,0,0,-0.015715948777648404,0.4020729224383534,0.4829838520824981,0.5420854347432935,0.19845722300140256,0.6496138996138996,-0.21703409477051422,0.09947337624341716,0.0
2022-03-14,15.65,17.09,-0.01429446614778619,-0.023422950291008902,-0.05323475504113959,0.13722707315425547,-0.08802258014133726,15.405999999999997,13.798499999999999,12.825,0,14,3,15.444645522418561,13.371077067326429,71.03174603174602,1.4930604302517665,1.2566374863710992,17.698034520129767,9.89896547987023,0.04624146845930846,0.04171845130402281,0.06265340177357318,11483301.0,0.9496005179297077,0,0,-1,0,0,-0.024575775307197085,0.6495867526174215,0.860747416721739,0.6622598833992158,0.019543973941368087,0.44506001846722065,-1.4850338359999296,0.13546325878594256,0.0
2022-03-15,15.55,15.65,-0.06955005813745958,-0.054645423078809985,-0.07167149815525546,-0.199621031355721,-0.006410278360919054,15.553999999999998,13.999499999999998,13.021999999999998,1,15,3,15.463800881978823,13.511652740402145,73.76373626373626,1.4133467712972134,1.287979343356322,17.82032644683602,10.178673553163977,0.044650977862027215,0.04067547631898268,0.06201829570152525,10615382.0,0.8116045162344145,0,0,-1,0,0,-0.006389776357827453,0.12104164155213869,0.7528098081208305,0.6457031687947509,-0.03715170278637758,0.34865568083261067,-1.3669987664425558,0.14468810289389056,0.0
2022-03-16,15.2,15.55,-0.01099267454774525,-0.0018331810816608492,0.05907603830227799,-0.08262731495995039,-0.022765210773012547,15.677999999999997,14.2035,13.217999999999998,2,16,3,15.4158370852554,13.62057837005362,67.57532281205164,1.3068663060616252,1.291756735897383,17.80645945607284,10.600540543927158,0.045569537856537744,0.03990463187092167,0.06174456910578879,9816294.0,0.553156377222277,0,0,-1,0,0,-0.010932475884244367,-0.12741337671031286,0.6994485123532247,0.6334663925402452,-0.08212560386473422,0.3669064748201438,-0.7750896360755333,0.0894736842105264,0.0
2022-03-17,15.95,15.2,-0.013089192110014162,0.007312646846286337,0.007973464170141732,-0.10464634518203532,0.04816340137862294,15.894,14.441500000000001,13.405000000000001,3,17,3,15.512957615208963,13.770863636501774,70.34120734908136,1.268377436648425,1.2870808760475914,17.828703628518966,11.054296371481037,0.04646336742110243,0.04048167510001763,0.059623704887129675,10535987.0,0.8907052338389119,0,0,-1,0,0,-0.0013157894736841825,-0.4468110356842012,0.7594731265051082,0.6426266698197746,-0.07159487776484286,0.4253798033958891,-0.37056349643201547,0.08526645768025075,0.0
2022-03-18,15.43,15.95,0.04822535195447323,-0.0036496390875493927,0.00528054032303335,0.8527225426407047,-0.03314516285578412,16.011000000000003,14.608500000000001,13.528666666666668,4,18,3,15.497874412443696,13.877904692211338,63.70757180156657,1.1822864143258496,1.266121983703243,17.83298706651223,11.38401293348777,0.04827260289500652,0.039276101964026686,0.0559666164363964,8847569.0,0.5095384059881342,0,0,-1,0,0,-0.001253918495297779,2.0469800252349755,0.7648407420559484,0.6234887895889809,-0.0971328262141603,0.2762613730355665,0.1811035537583692,0.0790667530784187,0.0
2022-03-21,14.7,15.43,-0.0508638759126544,-0.02342893848053786,-0.10178269430994223,-0.5820039055986032,-0.04846617259037885,15.946000000000002,14.719,13.631,0,21,3,15.352806337453934,13.930943099165447,54.117647058823515,1.0431292154768155,1.2215234300579576,17.785401285237246,11.652598714762753,0.04479221344160953,0.041180856398340834,0.05687699648646864,7904119.0,-0.01239237675217065,0,0,-1,0,0,-0.018794556059624053,0.13315098439860268,0.5926931469696703,0.6537258288400374,-0.060702875399361034,0.17694155324259397,1.4033024814376451,0.1571428571428572,0.0
2022-03-22,14.9,14.7,-0.009290046907092642,-0.05646143466608347,0.032977898806242294,-0.2533094061834224,0.013513719166722855,15.821000000000002,14.8405,13.772333333333332,1,22,3,15.270477912462308,13.993462899219288,56.07235142118863,0.9381698236096021,1.1648527087682865,17.718470593463643,11.962529406536358,0.0409818521093946,0.041115414092270125,0.05410717134780427,8636451.0,0.041348580930697806,0,0,-1,0,0,0.020408163265306173,-0.4596922154633127,0.6207268806703145,0.6526869644375234,-0.04180064308681675,0.1948676824378508,0.8224268695200017,0.06510067114093963,0.0
2022-03-23,14.0,14.9,-0.031146728996836823,-0.010617219840871784,-0.03809299947301264,-0.4876621641319661,-0.062303883336154865,15.565000000000001,14.935999999999998,13.836666666666666,2,23,3,15.039481928378251,13.993884647656754,51.23966942148761,0.7734504160371749,1.0865722502220643,17.543748777050784,12.328251222949213,0.04234654198287478,0.043150645608430405,0.05075156987115709,8186755.0,-0.7178605609843756,0,0,-1,0,0,-0.024161073825503435,-1.1458477710311088,0.7262587783157403,0.6849952631507296,-0.07894736842105254,0.1579818031430935,0.7348964799641176,0.09571428571428571,0.0
2022-03-24,14.79,14.0,-0.014548230265292734,0.0006668889877037743,0.026031838717946804,-0.04094282418282403,0.054893947107449666,15.325999999999999,15.038,13.922666666666666,3,24,3,14.994121577764023,14.045246928453093,53.01478953356086,0.6986024424002313,1.0089782886576977,17.436961178685774,12.639038821314227,0.045321995483694234,0.04325636082038681,0.05156813891362428,8618411.0,-0.20675615946054063,0,0,-1,0,0,0.023571428571428577,-1.1044372303977035,0.7667178781597136,0.6866734401145284,-0.07272727272727275,0.15999999999999992,0.8455289094892511,0.0669371196754564,0.0
2022-03-25,15.39,14.79,0.020035212481551958,0.03665331764803558,0.04125016836537507,0.7471213653316185,0.03976667112807948,15.156,15.165000000000001,14.090333333333332,4,25,3,15.066099472716019,14.132005191133539,50.24096385542169,0.6798628340818276,0.9431551977425237,17.33417641416939,12.995823585830609,0.04850169998872388,0.04385133097488502,0.04218425908275915,9529600.0,0.20745200669734856,0,0,-1,0,0,-0.011494252873563215,0.08823223546238915,0.8286790674405368,0.696118298512376,-0.0025923525599480524,0.19766536964980563,-0.28178844058319924,0.06237816764132559,0.0
2022-03-28,15.15,15.39,0.03890497353059835,-0.020124015696824916,-0.005728706516936673,-0.003730656311356102,-0.015717415895409707,15.106,15.255999999999997,14.234333333333332,0,28,3,15.08135411404038,14.197682275576536,43.540051679586576,0.6382877810223171,0.8821817143984824,17.24638107961881,13.265618920381181,0.04099884871161081,0.04370970084452735,0.0420963236839509,8621804.0,-0.1065122665055646,0,0,-1,0,0,-0.012345679012345762,0.033909365481359255,0.7389420086607904,0.6938699898938957,0.03061224489795933,0.1365341335333834,-0.6478367338662,0.048409240924092385,0.0
2022-03-29,15.02,15.15,-0.01792281630113166,0.0032733253449691085,-0.011542879991723941,-0.5295738344516802,-0.008617885619389545,15.053,15.3035,14.350666666666667,1,29,3,15.070198820578492,14.250735031990954,39.67828418230564,0.588070428556632,0.8233594572301124,17.218628413998537,13.388371586001462,0.04102787218234311,0.042318600703714675,0.04105548745460316,8087243.0,-0.29606369779464464,0,0,-1,0,0,-0.014521452145214563,-0.9151656665108286,0.7430729785647116,0.6717869597656321,0.00805369127516764,0.06751954513148539,-0.17769137354829212,0.063249001331558,0.0
2022-03-30,14.93,15.02,0.007340706970594669,-0.011173300598125189,-0.004889985294191792,0.12468468107596144,-0.006010034784889639,15.026000000000002,15.352,14.477666666666668,2,30,3,15.044708125927857,14.294558578314119,33.76623376623377,0.534845204504526,0.7656566066849951,17.17056623687289,13.53343376312711,0.04047078133231695,0.04229343690878545,0.04027992058153633,7481697.0,-0.46410187481061954,0,0,-1,0,0,0.0013315579227696122,-0.7365402760033641,0.5198411348836414,0.67138749690508,0.0664285714285715,0.069484240687679,0.6866452138232023,0.056932350971199024,0.0
2022-03-31,14.51,14.93,-0.006002018684998359,0.004615900051966048,0.015978109984658095,-0.3400479626437624,-0.028534544655002568,14.882,15.388,14.588333333333335,3,31,3,14.947488466668245,14.308458024874499,32.2314049586777,0.4535451548397198,0.70323431631594,17.101864208831923,13.674135791168078,0.03701978763860331,0.04276673630350641,0.04089404513468024,7050708.0,-1.0245852564928677,0,0,-1,0,0,0.001339584728734064,-1.135810889667007,0.4144870775843105,0.6789008918697342,-0.01893171061528054,0.052211747643219786,1.617398590648043,0.047553411440385905,0.0
2022-04-01,15.42,14.51,-0.024374937302001163,0.04753624550983837,-0.016531484356532494,1.1222198907769454,0.060827301239086945,14.880999999999997,15.445999999999998,14.699333333333332,4,1,4,15.033399654546745,14.380170410366468,48.291233283803855,0.4572725215713973,0.6540419573670315,17.0755740483165,13.816425951683494,0.04212914829682865,0.04429900551318936,0.03995170996236172,8374562.0,-0.03191017926047405,0,0,-1,0,0,0.005513439007580984,0.9972232616702611,0.5653537206949751,0.7032249114922697,0.0019493177387914784,0.0813464235624124,1.9031701646078711,0.1081647211413748,0.0
2022-04-04,16.51,15.42,0.10467487970364406,0.08013921879651824,0.08253344138563702,0.41795165534724754,0.06830088979685339,15.062000000000001,15.504000000000001,14.833333333333334,0,4,4,15.301872444629154,14.517578770987987,56.217616580310874,0.541933307226456,0.6316202273389164,17.20039121605071,13.807608783949293,0.043674889365800516,0.04382608181478529,0.04130316281832113,10385294.0,1.1860471694047359,0,0,-1,0,0,0.0505836575875486,2.7112987426285384,0.718116846747744,0.6957174805217532,0.08976897689768992,0.07557003257328998,0.45671796806106274,0.10720775287704418,0.0
2022-04-05,20.31,16.51,0.15942773692810217,0.7646460774548023,0.18285904672895847,2.7768475204779075,0.20714711766025645,15.603,15.712,15.094666666666667,1,5,4,16.212441091060217,14.891283366408118,72.87376902417188,0.9052210075860998,0.6863403833883531,18.44520016791562,12.97879983208438,0.08154124821689848,0.06630971358411525,0.057518130214796334,42694311.0,3.364554161802576,0,0,-1,0,0,0.150817686250757,4.241633655245233,1.6076792330915606,1.0526340699089425,0.3521970705725699,0.2575851393188855,1.2959643511496757,0.9103889709502709,0.0
2022-04-06,19.96,20.31,0.048288785367251834,-0.5502260475855837,-0.01679801080678407,-1.735214973394738,-0.01738310470897531,16.198999999999998,15.882,15.357,2,6,4,16.893815438140177,15.218297342768885,68.61652739090066,1.1516119864139025,0.779394703993463,19.198076311736866,12.565923688263135,0.07699298931689086,0.06659069920772259,0.05718404012045141,36996219.0,2.4595332656045317,0,0,-1,0,0,-0.01821762678483493,0.42184569185639353,1.640978092506073,1.057094578401239,0.33690555927662436,0.205314009661836,1.2508862604647655,0.15531062124248485,0.0
2022-04-07,26.81,19.96,0.13971833233612066,0.28475723854453416,0.1841413935109406,1.2688141112513258,0.29504468136455,17.401,16.3635,15.825666666666667,3,7,4,18.696758085751053,15.966149127106377,83.2748538011696,1.87796831471017,0.9991094261368044,22.263228004435028,10.463771995564969,0.12366569577241908,0.09974222378152098,0.08226709092958923,57262237.0,3.5413497002394023,0,0,-1,0,0,0.1487975951903807,2.0588723200171004,2.312610277752212,1.5833587160307416,0.8476912474155753,0.5605355064027939,0.6702717606750862,0.24058187243565832,0.0
2022-04-08,23.28,26.81,0.24514141915320858,0.18407748349621972,-0.010969031370573933,-0.1168478366480961,-0.1411803293846307,18.19,16.673,16.173333333333332,4,8,4,19.53007479743268,16.438010473744676,71.55778894472363,2.144054118193452,1.228098364548134,23.333592987667654,10.012407012332343,0.13884604079993482,0.10569645631753151,0.08723614706375456,39231144.0,1.9839074425454666,0,0,-1,0,0,0.09287579261469608,1.5628622937346996,3.015633627504117,1.6778792272619414,0.5097276264591442,0.36220011702750154,0.17860052135606602,0.5343642611683849,0.0
2022-04-11,25.93,23.28,-0.20496507567228292,-0.16492981408208557,-0.021366349272362542,-0.5077767361874604,0.10780597668733598,19.268,17.187,16.59333333333333,0,11,4,20.693697561535828,17.05039689479341,74.67561521252797,2.5394882477807137,1.4903763411946502,25.00180672892973,9.372193271070273,0.13808703969910183,0.1046588383392593,0.08876491300279746,50082835.0,2.2375473388571927,0,0,-1,0,0,0.025343642611683842,0.6693016518392944,3.005628178123853,1.661407552503554,0.5705632949727437,0.6568690095846645,-0.046080775931589206,0.29695333590435785,0.0
2022-04-12,23.77,25.93,0.07153119170173045,-0.07591331433152529,0.08199097108879733,-0.666250869883017,-0.08697631817847042,20.143,17.598000000000003,16.916666666666668,1,12,4,21.253025277620225,17.48391967577448,70.69038542990259,2.6480535829527234,1.7219117895462648,25.899755299491222,9.296244700508783,0.1442678601791521,0.10745006558624305,0.09076109814852086,44509074.0,1.4869144602174083,0,0,-1,0,0,-0.011183956806787472,0.03616586836695775,3.0244828527595913,1.705716911392673,0.17035942885278188,0.5286173633440514,1.1439916307291362,0.15818258308792588,0.0
2022-04-13,24.45,23.77,-0.05532472853656513,-0.07812242957238374,-0.028841888005700984,-0.4412744781071276,0.028205934548778545,21.095,18.0605,17.266333333333332,2,13,4,21.834293408962,17.93334421282129,70.55319148936171,2.7571796594213573,1.9289653635212836,26.81790041937458,9.303099580625423,0.14304089926125968,0.1068326567597717,0.09060266036894433,48094207.0,1.4592229871924283,0,0,-1,0,0,0.020614219604543627,-0.2111461836345967,2.982308792947891,1.6959158501200764,0.22494989979959912,0.6085526315789473,0.9638127226951871,0.09804907975460114,0.0
2022-04-14,20.88,24.45,0.001235839498176912,0.00040217173274835553,-0.11612388224448487,-0.20697378118229454,-0.1578384529064431,21.732,18.307,17.502666666666663,3,14,4,21.660785516423456,18.123451037800564,60.37023044956555,2.5264701220743184,2.0484663152318907,27.09176456264204,9.522235437357955,0.15533761474559,0.11358410690523296,0.09552707630894877,45179347.0,0.5857868999567504,0,0,-1,0,0,-0.006543967280163605,-0.30361695759129415,1.7716064819834183,1.8030917985637245,-0.22118612458038045,0.3090909090909091,0.7418796112258716,0.23323754789272036,0.0
2022-04-18,20.45,20.88,-0.20640505069435924,-0.1290037750669209,-0.01867326526562137,-0.17739392625522865,-0.020808880525627224,22.235000000000003,18.558,17.709,0,18,4,21.440642695255555,18.27355097084569,59.939984996249066,2.2826211099411786,2.095297274173748,27.283313687619902,9.832686312380098,0.15663552328417163,0.11332760758686664,0.09573061298583395,42738298.0,0.433680683064611,0,0,-1,0,0,-0.053639846743294896,-0.3641376043984916,1.5904030899332313,1.799019998116595,-0.12156357388316164,0.3253402462734931,0.18115386881857662,0.10904645476772619,0.0
2022-04-19,13.45,20.45,-0.28028708076862285,-0.2698487450746487,-0.3938164577795075,0.6171121401328622,-0.41900377644096265,21.929,18.4955,17.645666666666667,1,19,4,19.987798568845452,17.962354134016937,47.658813003280635,1.5071539795241442,1.9776686152438274,27.354062257113547,9.63693774288645,0.19662378532189653,0.13883917276177377,0.11518765221861554,38213649.0,-1.1391239014995675,0,0,-1,0,0,-0.2699266503667482,-0.14196817836255834,2.2886382472743976,2.204003540169517,-0.4812957963748554,-0.08503401360544216,-1.1828682107194612,0.25650557620817854,0.0
2022-04-20,14.0,13.45,-0.10068292610671521,-0.165802077205317,-0.003018145187657051,-0.6868296699503733,0.040078223567410524,21.298,18.450499999999998,17.574,2,20,4,18.89910791996446,17.7067183834352,48.63195057369815,0.92629336190938,1.767393564576938,27.394695353765176,9.50630464623482,0.18015561837705343,0.13906208498547173,0.11503804274152908,40490311.0,-0.9951705712971712,0,0,-1,0,0,0.003717472118959161,-0.4186166828078492,2.5447170629477904,2.2075421620181244,-0.4110222970130416,-0.06040268456375841,-1.2789241511189338,0.06713571428571427,0.0
2022-04-21,13.96,14.0,0.034222487824486725,0.007749246246232716,0.004150434419783898,-0.4744965863596611,-0.0028612322810321234,20.698,18.448500000000003,17.487333333333332,3,21,4,18.00108829815274,17.464994616761963,49.1817911335912,0.45745620153417477,1.5054060919683854,27.39690244489419,9.500097555105814,0.18025041809178108,0.13820059968098788,0.11495410327077141,39073776.0,-1.0031958280019169,0,0,-1,0,0,-0.002142857142857097,-0.5282914958024361,2.4624497166973107,2.193866506775318,-0.4290388548057259,-0.0028571428571427804,-1.3162983353513398,0.07127507163323776,0.0
2022-04-22,13.95,13.96,-0.02684238052686417,-0.00426169973476937,0.024223282389561143,-0.08582410001175465,-0.0007165890668519439,19.412,18.4065,17.379666666666665,4,22,4,17.264526789397696,17.238220770519256,47.75298073983491,0.08412274310306955,1.2211494221953223,27.434732385134915,9.37826761486509,0.12868476662651518,0.13776370071766633,0.11474658506272745,37773743.0,-0.9872364400672008,0,0,-1,0,0,-0.02578796561604593,-0.549123790740827,2.4856846183983916,2.1869309507452535,-0.3318965517241379,-0.05679513184584173,-2.117249553627239,0.04368458781362001,0.0
2022-04-25,13.7,13.95,-0.005899722127188271,-0.014867470174225857,-0.049047929346784015,-0.017216931121176747,-0.01808367543329535,18.454,18.322,17.266666666666666,0,25,4,16.616431009507206,17.00994846274382,45.59146532789457,-0.22927666442105377,0.9310642048720471,27.499509351383722,9.144490648616276,0.12609837212808325,0.1376205731948634,0.11478842422438863,36495901.0,-1.0072449556922818,0,0,-1,0,0,-0.03082437275985661,-0.5547015436389331,2.488770985713094,2.184658871758622,-0.33007334963325186,-0.10981156595191688,-2.1246066489576445,0.07664233576642342,0.0
2022-04-26,13.28,13.7,-0.005190964566969918,-0.031241189479954322,0.003859518492177903,0.06465262302295116,-0.031136688785791445,17.189,18.2285,17.187666666666665,1,26,4,16.009807189596806,16.769306626437768,37.662337662337656,-0.5057089447955505,0.6437095749385277,27.578558316733357,8.878441683266642,0.11380540651868108,0.13777146298449272,0.1138581147283023,35132714.0,-1.058496071868109,0,0,-1,0,0,-0.018248175182481754,-0.5481161321605886,0.42864907085231546,2.18705417291105,-0.01263940520446094,-0.1234323432343235,1.133220787410347,0.04292168674698797,0.0
2022-04-27,14.08,13.28,-0.0059657149339962775,0.03836880340418635,0.02510592113107626,0.2516903555893213,0.058496206681608626,16.22,18.1815,17.138666666666666,2,27,4,15.658933155124659,16.595802973119202,39.84105044920525,-0.6527062135243398,0.38442641724595417,27.608599291544053,8.754400708455945,0.1191160693083473,0.1383330427980275,0.11435827300633897,36886042.0,-0.8701510131921437,0,0,-1,0,0,0.0067771084337349295,-0.510938671821734,0.5547894967311959,2.1959689760786123,0.005714285714285783,-0.06258322237017311,1.564595725867962,0.05468749999999997,0.0
2022-04-28,14.05,14.08,0.09483410267083875,0.05122226913804443,0.036877335014180446,-0.3011888906099689,-0.0021329549501415196,15.180000000000001,18.1375,17.10033333333333,3,28,4,15.366399854192903,16.43155762001474,21.157323688969257,-0.7628299287560196,0.1549751480455594,27.63643927596234,8.638560724037662,0.11744400119119704,0.13831790254889645,0.11426080945718023,35588688.0,-0.8606224087238191,0,0,-1,0,0,0.044034090909090856,-0.5715219130241953,0.5544441962720873,2.1957286320746823,0.006446991404011504,-0.05894172806429998,1.547082312986976,0.07188612099644126,0.0
2022-04-29,12.64,14.05,-0.0785132656216383,-0.029444098968664376,-0.126419060421765,0.38017827656650316,-0.10575600706104347,14.356,18.044,16.99,4,29,4,14.870690789794192,16.186940999368627,23.39999999999999,-0.9528946067437314,-0.06659880291229878,27.728286567207125,8.359713432792876,0.11396892749631791,0.1401953453429842,0.11546912582921093,33691249.0,-1.11603471510209,0,0,-1,0,0,-0.03274021352313173,-0.5107648644729355,0.9159206492109077,2.225532112478121,-0.09390681003584223,-0.1288766368022053,-0.15415892019765745,0.1756329113924051,0.0
2022-05-02,12.71,12.64,-0.05599041682182356,-0.09087250784281195,0.02435185269250939,-0.6075336629717318,0.005522696482651237,13.581999999999999,17.9085,16.89933333333333,0,2,5,14.47783791892252,15.962622225215814,12.055109070034447,-1.0853624358595333,-0.2703515295017457,27.82053048931204,7.996469510687959,0.11480164883694544,0.1394889226745999,0.11532035627411535,34724770.0,-1.0489273626842543,0,0,-1,0,0,0.016613924050632837,-0.6131817077152961,0.9313255577230041,2.21431800027186,-0.07226277372262768,-0.17574578469520097,-0.5200853203702274,0.05271439811172304,0.0
2022-05-03,12.44,12.71,0.006206381442537284,0.012103022171243627,-0.01779982270120912,0.08720430720636921,-0.021471997890329407,13.481,17.705,16.823999999999998,1,3,5,14.10732193366388,15.735356275201891,13.522215067611072,-1.1983174309119775,-0.4559447097837921,27.900975470227095,7.509024529772903,0.04301112642686374,0.13854396236915675,0.1150482524652524,33597075.0,-1.032760428930834,0,0,-1,0,0,0.017309205350117925,-0.5945860648359101,0.9227410595956731,2.1993172204696787,-0.06325301204819278,-0.2465172622652939,-0.6869890376183109,0.08440514469453382,0.0
2022-05-04,12.38,12.44,-0.05484091569958601,-0.062035390919452635,-0.08560235157945709,-0.6051679251779795,-0.004834820054583293,13.318999999999999,17.3085,16.74,2,4,5,13.793263400270448,15.51888167680177,9.523809523809533,-1.2779452198458081,-0.6203448117961954,27.69295655269142,6.924043447308575,0.039663756690047645,0.12706400717725258,0.11502796615375464,32981373.0,-0.9492071106451186,0,0,-1,0,0,-0.016077170418006374,-0.6902131560139143,0.6898798981023264,2.0170785814700194,-0.12073863636363635,-0.3904480551452486,-1.970722057749721,0.10137318255250409,0.0
2022-05-05,12.02,12.38,-0.005735370084744198,-0.0072260450917395825,0.05250554286560886,-0.19758306201998538,-0.02951033814938868,13.125,16.9115,16.674,3,5,5,13.470851872948547,15.293147375072625,12.13675213675215,-1.354486134596291,-0.7671730763562146,27.474703810248158,6.348296189751844,0.03989553281908245,0.1270953297719574,0.11459827575971056,32476059.0,-0.9261394720519147,0,0,-1,0,0,-0.016962843295638193,-0.6563617967340641,0.6604778185006458,2.0175758122460565,-0.14448398576512467,-0.39779559118236474,-1.6597401933388936,0.04648918469217968,0.0
2022-05-06,12.28,12.02,-0.014067257211435478,0.023886485984846936,0.004529351661938245,0.11547730105430051,0.021399993611934866,12.958000000000002,16.185,16.590333333333334,4,6,5,13.254333350594264,15.09875077022923,14.570685169124033,-1.3782776075820387,-0.8893939826013795,25.841473149354773,6.528526850645225,0.041329511399793066,0.09554709607251986,0.11419807773099133,33043228.0,-0.8087838985522211,0,0,-1,0,0,-0.0016638935108152725,-0.6277912802628034,0.32359691866574986,1.516763128213703,-0.02848101265822789,-0.5419619544945915,0.2350985020132291,0.06555374592833889,0.0
2022-05-09,11.04,12.28,0.01077507316795859,-0.046707362245403936,-0.08911354299395685,0.12327033008744226,-0.10644688187004721,12.692,15.573000000000002,16.445333333333334,0,9,5,12.851727286849853,14.836895881827346,29.116117850953216,-1.480128162114097,-1.007540818503923,24.881362058414233,6.264637941585773,0.050094502657708206,0.0941172906154932,0.11539457982702639,32401652.0,-0.9739629747002437,0,0,-1,0,0,-0.012214983713354935,-0.7068546187340016,0.7260218079525843,1.4940656702387294,-0.1313926042486232,-0.5257731958762888,-1.2252211046710777,0.11231884057971017,0.0
2022-05-10,10.39,11.04,-0.10691893372086081,-0.07888440651828044,-0.11881662747966626,-0.31853887664388175,-0.060681235737813095,12.403,14.796000000000001,16.28666666666667,1,10,5,12.404140507422605,14.549999373322356,19.250425894378196,-1.5949098995723876,-1.125014634717616,22.992123345505256,6.5998766544947465,0.05152437877936074,0.087780104593518,0.11580890688469847,31935091.0,-1.0751424336277824,0,0,-1,0,0,-0.012681159420289747,-0.981634596633167,0.7560902341645477,1.393465960882123,-0.16479099678456588,-0.5993058233706132,-0.41322609664523846,0.1482098171318575,0.0
2022-05-11,11.82,10.39,-0.06050994949247454,0.06309679152677765,0.0543393227113713,0.859029407085335,0.12894920686681616,12.177,14.1985,16.18,2,11,5,12.297933142436676,14.373870381495108,35.26170798898072,-1.552588925791019,-1.2105294929322965,21.310711218815996,7.086288781184002,0.06845013212582984,0.0956276409545175,0.11873048636496618,33036580.0,-0.6688496521890301,0,0,-1,0,0,-0.012512030798845117,-0.4671437757159098,1.4580143737034699,1.5180417385765719,-0.04523424878836835,-0.5027345393352965,1.054422215856886,0.14636209813874776,0.0
2022-05-12,10.79,11.82,0.11235355114879693,-0.008832864998508614,0.02816951664364675,-0.980302529177851,-0.09117323270790899,11.851,13.5155,16.041999999999998,3,12,5,12.023763480175461,14.142652937527682,30.91787439613526,-1.5839033887738108,-1.2852042721005994,18.895124228708255,8.135875771291744,0.07183243760511429,0.0954473604313828,0.11976817821211226,32623304.0,-1.0132677986895162,0,0,-1,0,0,-0.028764805414551595,-1.0306938352850905,1.5700424178596706,1.5151798739939135,-0.10232945091514145,-0.5586912065439673,1.2095610435007405,0.12356811862835972,0.0
2022-05-13,11.79,10.79,-0.04180244015683182,0.04663522964504381,0.02626672771949886,0.18252882213021446,0.08863193527923635,11.766,13.060999999999998,15.951333333333332,4,13,5,11.981261029234467,13.990868877042026,39.42414174972314,-1.5106152513526503,-1.3302864679510096,17.217840399301235,8.904159600698762,0.07483871848947003,0.09575658719375083,0.12094350301285063,33119338.0,-0.6115221552473621,0,0,-1,0,0,0.020389249304912017,-0.8631612223803166,1.7521855841019527,1.5200886966656222,-0.03990228013029318,-0.43534482758620696,0.6183887605594536,0.13730279898218833,0.0
2022-05-16,11.06,11.79,0.039185779265659984,-0.03365686526234201,0.017360397747419307,-0.3123022463950677,-0.06391671845509075,11.600999999999999,12.5915,15.806000000000001,0,16,5,11.81375902391911,13.801780562394153,38.11563169164883,-1.4942144000813418,-1.363072054377076,14.978960884220724,10.204039115779276,0.0768497849242308,0.0961457609761287,0.12086723030938298,32756360.0,-1.2829529565255156,0,0,-1,0,0,-0.02883799830364715,-0.9073526420516812,1.6329429650982845,1.5262666389353716,0.0018115942028986698,-0.45916870415647915,0.6627459032433508,0.09218806509945739,0.0
2022-05-17,10.99,11.06,-0.0410039615847186,-0.0627829846371049,-0.02585554925018514,0.028516874194671787,-0.00634922767865878,11.456,12.4685,15.621999999999998,1,17,5,11.663984655933817,13.620375364820339,32.05574912891987,-1.4699206915345169,-1.3844417818085644,14.922285689608227,10.014714310391774,0.07677815647226821,0.060586065973437644,0.12004516129255524,32382882.0,-1.2050767157551223,0,0,-1,0,0,-0.006329113924050658,-1.1426730821647921,1.544737889721831,0.9617739808888106,0.0577478344562079,-0.18289962825278805,0.3546558132395136,0.051865332120109214,0.0
2022-05-18,11.19,10.99,-0.014665707402630764,0.020220469149120027,-0.0018726597232917772,-0.32844516296145915,0.018034753908303804,11.337,12.328,15.318,2,18,5,11.577805627582213,13.46357695418677,33.71298405466969,-1.4181815102908857,-1.3911897275050287,14.733884015229469,9.92211598477053,0.07728477716043902,0.05982358424437215,0.11158163125255925,32651802.0,-0.9460140163003322,0,0,-1,0,0,-0.0145586897179254,-1.291810559312121,1.1222575116956244,0.9496699586827836,-0.053299492385786906,-0.20071428571428573,0.519068361410079,0.0732797140303843,0.0
2022-05-19,10.99,11.19,0.03893656169864514,-0.011431496863929058,0.013035566337454944,-0.044280046621042415,-0.018034753908303846,11.234,12.1795,15.019,3,19,5,11.470931877112719,13.303991344239238,39.101717305151915,-1.3774379180311627,-1.3884393656102554,14.527179481396104,9.831820518603898,0.07701657575515165,0.059830644398565495,0.11158243963337487,32394530.0,-1.0133410539437322,0,0,-1,0,0,0.0062555853440572195,-1.1851927783316978,0.9046757977963329,0.9497820351560639,0.018535681186283792,-0.2127507163323783,0.822019553508198,0.04999090081892633,0.0
2022-05-20,10.65,10.99,-0.02245267197695573,-0.019503360497597266,-0.06201318950078109,0.8209427703305798,-0.031425876260095915,11.071000000000002,12.0145,14.480333333333332,4,20,5,11.321671535819497,13.132766096223804,36.86224489795919,-1.3569415090751864,-1.3821397943032416,14.301317830408353,9.727682169591647,0.07669187057950952,0.059959843902979724,0.0889592073096773,31809843.0,-1.1933613441839777,0,0,-1,0,0,0.0018198362147406346,-0.47361689671882257,0.4713765474869024,0.9518330137052209,-0.0966921119592874,-0.23655913978494614,-0.30354378799360443,0.09201877934272304,0.0
2022-05-23,10.19,10.65,-0.04742869357111092,-0.026377154512669518,-0.010885807645251057,-0.35695083165931235,-0.04415304492080077,10.986,11.839,14.044,0,23,5,11.115913074761407,12.942910219048077,35.99003735990037,-1.3621145048039747,-1.3781347364033885,14.119913021254039,9.558086978745962,0.0711847240280221,0.06036239338362056,0.08677327894932602,31400675.0,-1.445912215533222,0,0,-1,0,0,-0.014084507042253554,-0.7454175092430324,0.3747452189852763,0.958223288602264,-0.07866184448462943,-0.2562043795620438,0.5584702686862888,0.07850834151128547,0.0
2022-05-24,9.71,10.19,-0.05581477910639645,-0.07758796572288545,-0.057882117265563485,-0.12130551412634952,-0.04825056493139971,10.918,11.6605,13.503333333333334,1,24,5,10.860292515713878,12.734335366206267,34.20118343195266,-1.388935347556684,-1.3802948586340476,14.023864907120878,9.297135092879124,0.07030086938507608,0.06072684525583862,0.08291113891222797,31038249.0,-1.6506126448125684,0,0,-1,0,0,-0.02551521099116779,-0.7571604876798231,0.4176227516699665,0.9640087827147094,-0.11646951774340308,-0.2688253012048192,1.3077334095370599,0.05717816683831094,0.0
2022-05-25,9.25,9.71,-0.02240419575384753,-0.033019264813441945,-0.04471825311247606,-0.016570230683945388,-0.04853273077889975,10.661,11.419,13.019333333333332,2,25,5,10.567512058311355,12.509539536128445,33.80116959064328,-1.4308156619919217,-1.3903990193056226,13.727847057914857,9.110152942085143,0.0501744675793931,0.058549427403265755,0.08234781203919044,30681779.0,-1.8788598340150313,0,0,-1,0,0,0.0,-0.7118135462626852,0.2023970466577193,0.9294433458856287,-0.17336907953529934,-0.3430397727272727,1.0881535146773322,0.06961081081081084,0.0
2022-05-26,10.04,9.25,-0.037779939002638006,0.05858604578544913,0.030404079173550293,0.04706409291850473,0.08195356273924932,10.586,11.2185,12.538999999999998,3,26,5,10.471600774982017,12.350214404765321,37.665198237885456,-1.3843023395466876,-1.3891796833538357,13.244471112175205,9.192528887824796,0.05512816709447837,0.06299441978533565,0.08430401726907716,31055427.0,-1.1633926988570855,0,0,-1,0,0,0.010810810810810773,-0.5954186783582875,0.9117619777219205,1.00000541242083,-0.08644222020018211,-0.28540925266903927,2.163260940327294,0.09462151394422322,0.0
2022-05-27,10.15,10.04,0.060184134756485576,0.0019398648178264545,0.05917657799618586,-0.9628990698266829,0.010896591224213412,10.422,11.094000000000001,12.181333333333333,4,27,5,10.413127906803467,12.208265088328849,44.40251572327045,-1.3233098237899181,-1.3760057114410524,13.057223986470385,9.130776013529617,0.04379202486558802,0.05987849887134564,0.08137210633801324,31198080.0,-0.9616834416303025,0,0,-1,0,0,-0.010956175298804726,-1.3902100962903174,0.9188575745731485,0.950541701360654,-0.04694835680751175,-0.196993670886076,1.4348825787049637,0.03940886699507393,0.0
2022-05-31,10.15,10.15,0.044320399680661524,0.014430264829028837,0.015007785433689516,0.5874423358884525,0.0,10.331,10.966,11.838,1,31,5,10.365286469202836,12.075473792307633,48.35616438356165,-1.2604432108888606,-1.3528932113306142,12.816159594823063,9.115840405176936,0.0405220823591273,0.059819332326538084,0.0814541046421663,31198080.0,-0.8820860668271542,0,0,-1,0,0,0.022660098522167528,-0.9042719746934904,0.8649995319283925,0.9496024615796795,-0.003925417075564153,-0.2014162077104642,1.0301847609537786,0.03940886699507393,0.0
2022-06-01,10.5,10.15,-0.02142243558740683,0.002861232281032195,-0.010983635133963963,1.3559781632742796,0.033901551675681416,10.282,10.869,11.739666666666666,2,1,6,10.389779838438685,11.973830321836175,39.38906752411575,-1.168904488976196,-1.3160954668597307,12.592886673525253,9.145113326474746,0.042686853311190764,0.06053796212062116,0.05454574270995647,32194168.0,-0.4281023870848945,0,0,-1,0,0,0.0009852216748768262,2.2063127255517143,0.7717524586098771,0.9610103558988717,0.08135942327497414,-0.15594855305466238,0.2255900286219931,0.051428571428571344,0.0
2022-06-02,10.61,10.5,0.017561426929947208,0.023530497410194036,0.02086513846396154,-1.149550150266012,0.010421695462414131,10.224,10.7805,11.626666666666667,3,2,6,10.42981986781347,11.885841268814486,48.301886792452834,-1.075090339455146,-1.2678944413788138,12.352846218737792,9.208153781262208,0.04231402709321744,0.06065989199697881,0.05390774058021675,32509708.0,-0.21687335520400863,0,0,-1,0,0,-0.015238095238095252,-0.6248413065372588,0.5452283294990717,0.962945932680259,0.14702702702702686,-0.14297253634895002,1.5777635206066103,0.05466540999057494,0.0
2022-06-03,10.36,10.61,0.0077071672449377385,-0.017917707200334018,-0.018859119737095982,-0.4041871648050875,-0.023844715794554758,10.161,10.6975,11.506666666666666,4,3,6,10.417125346392837,11.787399896632907,34.28571428571428,-1.0092805033408734,-1.2161716537712257,12.166188996493522,9.228811003506477,0.04255116833981606,0.06056173115103894,0.05397466265620095,32299079.0,-0.4595935569828295,0,0,-1,0,0,-0.01790763430725726,-0.9816836846064372,0.3334319876890712,0.9613876775592152,0.031872509960159334,-0.13810316139767054,-0.23494508026018363,0.05589768339768344,0.0
2022-06-06,8.8,10.36,-0.012554486479262746,-0.020001527661959825,-0.13956156165111383,1.001844457457528,-0.1632005153471761,9.976,10.5235,11.335,0,6,6,10.123102556139592,11.594664419430785,28.996282527881036,-1.070662762757431,-1.1870698755684668,12.026945516489628,9.020054483510373,0.06268456499869132,0.06822947342207507,0.05984526392079637,31725473.0,-2.2927335657951544,0,0,-1,0,0,-0.006756756756756785,0.5187910311683351,1.1554212412264606,1.0831093125582105,-0.13300492610837433,-0.28338762214983704,-1.7900013526717036,0.18977272727272726,0.0
2022-06-07,9.26,8.8,-0.15528510989786992,-0.06177262351346427,0.005743841179252093,-0.5148859985859432,0.050952327173927205,9.883,10.4345,11.187000000000001,1,7,6,9.966174818659665,11.444040908499767,35.00866551126515,-1.0698578348045071,-1.1636274674156748,12.017827276073408,8.851172723926592,0.06546831431367504,0.06656820779446593,0.06102676221122387,32068242.0,-1.483584623025905,0,0,-1,0,0,0.001136363636363612,-0.3793501663945996,1.281749664714954,1.05673753828457,-0.08768472906403946,-0.16123188405797095,-1.5995463184726892,0.1079913606911447,0.0
2022-06-08,9.26,9.26,0.04331604410690646,-0.02602957993098324,0.020408871631207033,-1.0293703008282402,0.0,9.838,10.378,11.053,2,8,6,9.83777939708518,11.303135043435267,32.6750448833034,-1.0570350811684044,-1.142308990166221,12.046375825387372,8.709624174612628,0.0639800015112862,0.06542862264645452,0.06094555717479137,32068242.0,-1.3402256050316688,0,0,-1,0,0,-0.006479481641468736,-1.1831570017863284,1.2190803703493123,1.0386471848880445,-0.11809523809523814,-0.10875842155919158,-1.5193177964772828,0.06155507559395251,0.0
2022-06-09,8.8,9.26,-0.01865111662610052,-0.04863194883803653,-0.06731078530396666,1.4783116444412994,-0.050952327173927066,9.793000000000001,10.227,10.877,3,9,6,9.649092233978783,11.141642459987832,31.21783876500858,-1.0716379370812188,-1.1281747795492205,11.892515251395723,8.561484748604277,0.06416212583786293,0.05699661304992985,0.05986333361000785,31531242.0,-1.713583827952528,0,0,-1,0,0,-0.02483801295896333,0.7781849910936104,1.1917484760472095,0.9047931822185584,-0.17059377945334575,-0.2554991539763113,-0.8713034764707404,0.07954545454545446,0.0
2022-06-10,8.36,8.8,-0.048790164169431945,-0.04236896380856968,-0.0728159823099193,0.008817621065470972,-0.051293294387550696,9.625,10.105500000000001,10.687333333333331,4,10,6,9.414711827800822,10.96218165611765,30.691399662731854,-1.105966238014835,-1.1237330712423435,11.943673864979845,8.267326135020157,0.05735362541649577,0.055026981222553784,0.06017879775107827,30989486.0,-1.8991674653356492,0,0,-1,0,0,-0.022727272727272846,0.7575261320259532,1.1915088817709092,0.8735262462809897,-0.1930501930501931,-0.22520852641334566,-0.5239052249327865,0.1088995215311005,0.0
2022-06-13,7.95,8.36,-0.05620127969974274,-0.062622480060605,-0.03883344147736381,-0.6698239548851971,-0.05028649843036967,9.405,9.913499999999999,10.531,0,13,6,9.14840058638249,10.767847355722964,30.95238095238095,-1.1529645793387235,-1.1295793728616195,11.812034337740347,8.014965662259652,0.057293206596083085,0.049824671757652574,0.05838308272835005,30712216.0,-2.0684377005653465,0,0,-1,0,0,-0.02751196172248788,-0.5439111175043035,0.7207178414950618,0.7909421437570331,-0.09659090909090917,-0.3256997455470737,1.2924923009845781,0.08553459119496863,0.0
2022-06-14,8.68,7.95,-0.008647367041182295,0.07691548408730589,0.0238738129048975,-0.4812134827226087,0.08784960000601826,9.258,9.7945,10.396666666666667,1,14,6,9.063236843403855,10.633147526321483,41.59869494290374,-1.1184138259105598,-1.1273462634714075,11.688806983402815,7.900193016597184,0.0677205866065381,0.05439009599359892,0.061409547625496434,30883578.0,-1.1766836207275981,0,0,-1,0,0,0.013836477987421424,-1.0087803771033095,0.9771899335656804,0.8634160067039597,-0.06263498920086397,-0.21518987341772156,1.6674466459073731,0.13248847926267276,0.0
2022-06-15,9.24,8.68,0.070645764425251,0.07459597541676175,0.07462833851835092,0.3998823917916177,0.06252035698133414,9.132,9.707,10.29,2,15,6,9.095375599148609,10.543267040752356,49.919743178170144,-1.033926325920854,-1.108662275961297,11.529087871241831,7.88491212875817,0.0706804197688477,0.05693070863724161,0.06288526228901586,31139190.0,-0.5125987691051587,0,0,-1,0,0,-0.0034562211981566085,-0.5545609220444724,1.1212413695638874,0.9037469821009092,-0.002159827213822796,-0.15923566878980888,0.692874788446299,0.1340692640692642,0.0
2022-06-16,9.23,9.24,0.040775750676458576,-0.01718702348801927,0.07030568620398332,0.10158479417111967,-0.0010828371388319376,8.994,9.609,10.185,3,16,6,9.11985276293977,10.458540134897367,42.56880733944955,-0.9567475002773982,-1.0782793208245172,11.301471254517697,7.916528745482303,0.07039544504145254,0.05664299399320145,0.06289537854478687,30856247.0,-0.4478658045013629,0,0,-1,0,0,-0.024891774891774937,-0.42363162534093257,1.0308758548406194,0.8991796537208188,0.04886363636363633,-0.17515638963360136,0.34042969204288537,0.05187432286023831,0.0
2022-06-17,9.11,9.23,0.04450001696802522,0.014466624653497389,-0.03931142021488824,1.0274872366460732,-0.013086337242893922,8.869,9.515,10.088,4,17,6,9.118061351496173,10.37153754554915,40.47619047619047,-0.8949493035450349,-1.0416133173686208,11.089219940495271,7.94078005950473,0.07027403221413736,0.05660887598330064,0.06277639082288142,30065694.0,-0.514540553809251,0,0,-1,0,0,0.020585048754062783,1.7904693367105764,0.9198871384013523,0.8986380471042629,0.08971291866028719,-0.17106460418562341,0.2976494650868802,0.1047530186608123,0.0
2022-06-21,10.06,9.11,-0.04228272115937774,0.08682056561669284,0.06284191762508227,-0.13910230542594998,0.09919445339972632,8.995000000000001,9.485499999999998,10.014000000000001,1,21,6,9.289322923951415,10.351438349062109,49.297971918876755,-0.7605495846972286,-0.9854005708343425,10.990767592926948,7.980232407073048,0.059152640830829155,0.06155622620539008,0.065828612291476,30753585.0,0.7633194293154261,0,0,-1,0,0,-0.008781558726673994,1.2689283599344934,0.8505285174236233,0.9771747971225959,0.2654088050314465,-0.05539906103286385,-0.3341514347357222,0.12524850894632203,0.0
2022-06-22,9.94,10.06,0.07466152876901977,-0.015829190753249844,0.057035359634416055,-0.6796421544736141,-0.012000144003110634,9.062999999999999,9.473,9.977333333333332,2,22,6,9.407627846869339,10.324893939445198,45.46925566343042,-0.6561560775122235,-0.9195516721699188,10.957645624915001,7.988354375085,0.058134128798517426,0.06082148933609237,0.06328844380603163,30404963.0,0.6291063566455268,0,0,-1,0,0,-0.032803180914512925,-0.21452881060789014,0.8426887267897157,0.9655112109112044,0.14516129032258052,-0.024533856722276703,0.8816795361410545,0.057183098591549165,0.0
2022-06-23,9.81,9.94,0.018330452143982847,-0.017770807922206967,-0.016346264310316373,-0.6657592150257958,-0.013164747091210871,9.118,9.478,9.958,3,23,6,9.480786420165822,10.291674975610025,43.548387096774206,-0.5772591009141479,-0.8510931579187647,10.966674436855712,7.989325563144287,0.05849482085206234,0.05988723181577507,0.06240446933691949,30225812.0,0.4460343937942951,0,0,-1,0,0,-0.0030181086519114044,-0.9006923063584102,0.8136399546642034,0.9506803325556958,0.06168831168831179,0.01029866117404743,2.184026778061875,0.055555555555555546,0.0
2022-06-24,8.68,9.81,-0.022449922439221802,0.002008032803245613,-0.09882512191176936,0.34424700252118917,-0.12238074490501304,9.106,9.449499999999999,9.853333333333333,4,24,6,9.33518888922658,10.187695944925508,38.13559322033898,-0.5990092292100808,-0.8006763721770279,10.977849298736277,7.921150701263719,0.06841078987203202,0.06458031827997968,0.06020421599917792,29973043.0,-1.0069687611807883,0,0,-1,0,0,-0.012232415902140773,-0.5565147390296121,1.2333878238636147,1.0251807705493488,-0.0595882990249188,-0.06162162162162166,0.27794981682676817,0.16705069124423977,0.0
2022-06-27,8.33,8.68,-0.019802627296179643,-0.048288785367251896,-0.04685541728150496,0.2039414186095942,-0.04115807249350744,9.103,9.364,9.771333333333333,0,27,6,9.152427273003566,10.067844593639991,45.996592844974444,-0.6371438399352698,-0.7679698657286763,10.943718829079305,7.784281170920695,0.06767794930611049,0.06176992398526092,0.058682016922948894,29663091.0,-1.3090937209410087,0,0,-1,0,0,0.09447004608294934,-0.2977256161271628,1.252974547576947,0.9805671442101851,-0.08562019758507133,-0.17031872509960155,0.5878506734026386,0.1644657863145257,0.0
2022-06-28,7.83,8.33,-0.15204762963047946,-0.11240279828323912,-0.03887636900249955,-0.6810701341281291,-0.06190094617603963,9.091000000000001,9.248,9.639333333333333,1,28,6,8.91198595063928,9.923467523082573,37.90186125211506,-0.6996465253759716,-0.7543051976581354,10.922572687049106,7.573427312950892,0.0686744565483996,0.06269002125800509,0.056321681166290424,29506232.0,-1.6935663778187684,0,0,-1,0,0,-0.020408163265306114,-0.9566385022314339,0.6752937050497362,0.9951732356042041,-0.2216699801192843,-0.22857142857142854,-1.1513792374686234,0.08556832694763729,0.0
2022-06-29,7.16,7.83,-0.03873063718169867,-0.07837546852893898,-0.0994106468515914,1.0439733834281903,-0.08945252903015746,8.939,9.098500000000001,9.509333333333334,2,29,6,8.593443050523048,9.745179295786922,34.042553191489375,-0.7940899794918934,-0.7622621540248871,10.957704980064088,7.2392950199359145,0.06532130362288828,0.0647859675124594,0.05720323483218689,29060677.0,-2.085299922048597,0,0,-1,0,0,0.0025542784163473274,0.23950319045786259,0.6274008731890912,1.0284453509080644,-0.2796780684104627,-0.29458128078817736,-0.1390597972836879,0.10754189944134072,0.0
2022-06-30,6.97,7.16,-0.11032682597174351,-0.08677978829012321,-0.06265705303786553,-0.6552420280506361,-0.026894756200121744,8.712,8.922,9.375333333333334,3,30,6,8.298271586791584,9.566135470252283,35.49920760697306,-0.8741913754004713,-0.784647998300004,10.888151463887704,6.955848536112297,0.058683169003525514,0.06374862028396086,0.05724359090530767,28829293.0,-1.985604909746149,0,0,-1,0,0,-0.01815642458100557,-0.6485405469344697,0.5642570853300686,1.0119779741690893,-0.289500509683996,-0.33619047619047626,-0.5108471168902352,0.07855093256814913,0.0
2022-07-01,7.14,6.97,-0.0332640936405126,0.00034728251781571633,-0.01210302217124365,-0.44438299397231884,0.024097551579060524,8.503,8.7485,9.240333333333334,4,1,7,8.087676752829477,9.409610601203749,39.90066225165563,-0.9134253308798357,-0.8104034648159704,10.699826404485554,6.797173595514445,0.0604237841413488,0.06415395152400519,0.05737267329014492,28977661.0,-1.6486221846867932,0,0,-1,0,0,-0.024390243902439015,-1.0212785645542926,0.6533861339838705,1.0184124081276655,-0.17741935483870974,-0.32704995287464655,0.7060067300895339,0.08823529411764705,0.0
2022-07-05,7.19,7.14,0.011696039763191236,-1.388898534037921e-05,0.012103022171243627,0.13334012689559838,0.006978395381462498,8.311,8.59,9.113666666666667,1,5,7,7.924462797769572,9.266409917255121,43.30985915492958,-0.9297661754191715,-0.8342760069366106,10.504817567234518,6.675182432765482,0.0611440821198636,0.06436852390863065,0.057483193496804016,29147192.0,-1.4622802965213593,0,0,-1,0,0,-0.03641456582633051,-0.8916319088789613,0.7236241383340166,1.0218186391353121,-0.1368547418967586,-0.3059845559845559,-0.14637708519650205,0.07648122392211405,0.0
2022-07-06,7.15,7.19,0.03849370476066395,0.005540257110870775,0.021570192935344266,0.9862677176487183,-0.005578815027038998,8.02,8.5075,8.997000000000002,2,6,7,7.783651379993286,9.129867341948339,34.66933867735473,-0.9351640886574621,-0.8544536232807809,10.523717145782623,6.491282854217378,0.04324425667740054,0.056051659396821954,0.05738793017054649,28692644.0,-1.346581148602491,0,0,-1,0,0,-0.005563282336578586,0.6382609330691105,0.6740741548162167,0.8897925080189254,-0.0868454661558109,-0.1875,-1.2598442564085437,0.062223776223776166,0.0
2022-07-07,7.64,7.15,0.011126679464757053,0.09733101731417727,0.029894515331436416,-0.3437866006703667,0.06628524647251272,7.790000000000001,8.4265,8.912,3,7,7,7.757532947267233,9.033746868274253,33.73983739837399,-0.8896477632611663,-0.861492451276858,10.445590728130245,6.407409271869756,0.05374488973468304,0.05709282484360277,0.05887125953449576,29014955.0,-0.779063554740138,0,0,-1,0,0,0.011188811188811197,-0.06414368168763869,0.5699129341330826,0.9063204970940584,0.06703910614525133,-0.17494600431965446,0.8605752953184255,0.12811518324607338,0.0
2022-07-08,7.78,7.64,0.05253733352788162,-0.012610507591929696,0.041792785219802106,0.24929052483262434,0.018158735011871267,7.587000000000001,8.3525,8.847666666666667,4,8,7,7.761617865945917,8.952859973546882,35.64356435643566,-0.832680297343714,-0.8557300204902293,10.351350985731147,6.353649014268853,0.055387545744543965,0.05737470248872667,0.05857808209588784,29428517.0,-0.5728290944015397,0,0,-1,0,0,-0.002617801047120363,0.35814919774734294,0.44672054738997324,0.9107951659889365,0.11621233859397417,-0.1598272138228941,1.3330072093821888,0.07455012853470437,0.0
2022-07-11,8.44,7.78,0.06969253917335663,0.09554088692266277,0.05983139835347067,-0.44338094373476394,0.08142597041756536,7.563,8.3345,8.820666666666666,0,11,7,7.884960072137567,8.919772233318053,44.00715563506262,-0.7259088605440702,-0.8297657885009975,10.322839428822707,6.346160571177292,0.053889245778211595,0.05994800165002805,0.060280663276847626,29693967.0,0.10611870234094349,0,0,-1,0,0,0.050128534704370134,-0.39684801306266365,0.6307130478786629,0.9516450237675839,0.18207282913165268,-0.040909090909091006,0.49971167498076957,0.10899289099526069,0.0
2022-07-12,8.45,8.44,0.0313278631418526,-0.0034662079764861725,0.06588356653314656,-0.7660440111067872,0.001184132761216772,7.575,8.339,8.767666666666665,1,12,7,7.987694604476191,8.889464347297533,32.68817204301074,-0.6331858389996885,-0.7904497986007357,10.327989693286641,6.35001030671336,0.05213617410410295,0.05879982799344207,0.058024167158204715,29817361.0,0.1116144546898889,0,0,-1,0,0,-0.0011848341232227235,-1.0913984958173057,0.6478844600394497,0.9334183320241307,0.17524339360222507,0.010765550239234534,0.5035981016565935,0.04285207100591715,0.0
2022-07-13,8.16,8.45,-0.027662617743556682,0.020494562871691557,-0.02667575652242561,0.32100401147892277,-0.03492227239306672,7.608,8.3495,8.701333333333332,2,13,7,8.019022858207792,8.842402131342855,31.53526970954357,-0.576457707145833,-0.7476513803097553,10.332049926364228,6.366950073635775,0.04925656530265699,0.05821404301891648,0.058208394477896414,29647261.0,-0.19116794737928483,0,0,-1,0,0,-0.02958579881656805,-0.7812686860768151,0.776422112631772,0.9241192838380126,0.14125874125874116,0.026415094339622636,-0.013406390393192583,0.093002450980392,0.0
2022-07-14,7.7,8.16,-0.02844966146808367,-0.07642823681574439,-0.05090157276603702,-0.2790344836564951,-0.0580238401163775,7.662000000000001,8.3005,8.619666666666667,3,14,7,7.961018702170012,8.768698768030413,29.514563106796103,-0.5621384276917194,-0.7105487897861482,10.297049391746846,6.303950608253153,0.04384480429713127,0.05567781525723535,0.058927567578949826,29518578.0,-0.6015378357102424,0,0,-1,0,0,-0.023284313725490245,-0.9911685667880465,0.8641130926396919,0.883857916284255,0.007853403141361293,-0.11290322580645151,0.77480105755008,0.0662337662337662,0.0
2022-07-15,7.58,7.7,-0.018999938244903942,0.006709387779524074,-0.011818916303142527,0.1032243095892822,-0.01570712920535788,7.723000000000001,8.2175,8.522333333333334,4,15,7,7.891742574502737,8.692008524931676,36.71497584541063,-0.5540861326471376,-0.6792562583583461,10.187441222740702,6.247558777259297,0.04301103721236719,0.05328168738346373,0.05840547525056489,29375902.0,-0.6472274326165632,0,0,-1,0,0,0.015584415584415598,-0.8653785754015921,0.8590775015121142,0.845820565503197,-0.02570694087403602,-0.17965367965367962,1.393075137871874,0.08641160949868065,0.0
2022-07-18,7.21,7.58,-0.03381336436577821,-0.05250343280473354,-0.05708071074344106,-0.18954430359124222,-0.05004424835742255,7.7299999999999995,8.1165,8.409,0,18,7,7.767789379138602,8.596395071710278,36.53846153846153,-0.5709786521119575,-0.6576007371090684,10.074966370994487,6.158033629005515,0.046253715628577156,0.05399605227024595,0.05872153597635385,29257861.0,-0.9257243457692771,0,0,-1,0,0,-0.0026385224274406943,-0.9318482864559327,0.37610694473280026,0.8571607565178924,-0.14573459715639803,-0.218851570964247,0.4230735903712265,0.09074895977808588,0.0
2022-07-19,7.4,7.21,-0.03774032798284697,-0.03312730058576873,0.0027932979056126536,-0.4040809545382222,0.02601104891326635,7.751,8.030999999999999,8.310333333333334,1,19,7,7.700918582931583,8.51920829289026,44.41558441558442,-0.562549957651493,-0.6385905812175534,9.95586117066045,6.106138829339547,0.046890207350013646,0.05462831783560579,0.059062481750112014,29336664.0,-0.6556316991770289,0,0,-1,0,0,0.009708737864077709,-1.1701708109546713,0.5241624125811615,0.8671976612088431,-0.12426035502958566,-0.18770581778265638,1.1671853535174306,0.05135135135135133,0.0
2022-07-20,7.75,7.4,0.0377403279828469,0.03257617043461267,0.0207046733616912,-0.04606872060081267,0.04621284315513141,7.811,7.9155,8.275333333333332,2,20,7,7.709842476944022,8.46958195141347,58.35694050991501,-0.5216152260069533,-0.6151955101754334,9.588473715463614,6.2425262845363845,0.04865648156486246,0.04967492935341236,0.05354862198988552,29411919.0,-0.19785128537316718,0,0,-1,0,0,0.02162162162162152,-1.2671696316345045,0.7227187792363556,0.78856505678299,-0.05024509803921573,-0.22962226640159045,0.2801873138820153,0.06193548387096768,0.0
2022-07-21,7.92,7.75,0.01964699738379664,0.01526747213078838,0.037537919319065034,-0.6076274033490758,0.021698362461078893,7.839,7.8145,8.230666666666668,3,21,7,7.748052935681471,8.43412505132228,63.53276353276354,-0.4700382684392146,-0.5861640618281896,9.19037445877753,6.4386255412224696,0.0443804977318608,0.05024309916862848,0.05275242809530469,29452906.0,0.1533570149906516,0,0,-1,0,0,-0.0051612903225806495,-1.3875273867925995,0.6067538763735173,0.7975844729840823,0.02857142857142847,-0.20321931589537223,-0.7163013042672008,0.04040404040404044,0.0
2022-07-22,7.76,7.92,0.03191081228105363,0.012547216052088556,0.005249355886143745,0.5660742931802889,-0.020408871631207123,7.836999999999999,7.712000000000001,8.180666666666665,4,22,7,7.750225129193931,8.390633112527293,58.857142857142854,-0.4370359424993726,-0.5563384379624262,8.717534160219836,6.706465839780165,0.04471645344864454,0.05029073176801966,0.052830415165965094,29380714.0,0.09547164462220784,0,0,-1,0,0,0.005050505050505055,-1.0575666261522656,0.6179978585671162,0.7983406170578141,0.0237467018469657,-0.20897043832823659,-0.6164096980890557,0.04896907216494844,0.0
2022-07-25,7.7,7.76,-0.019024036004697046,-0.011285386231666533,-0.005249355886143678,-0.6483437607405054,-0.007762005335489189,7.763,7.663000000000001,8.144,0,25,7,7.741093287522307,8.346076137525532,57.26495726495726,-0.41098527753226577,-0.5272678058763941,8.559521934448883,6.766478065551119,0.033531467799823786,0.04383583232776902,0.05214495103568488,29342964.0,0.08254120413181862,0,0,-1,0,0,0.006443298969072142,-1.1987453368283782,0.43221344513812715,0.6958722651168147,0.06796116504854366,-0.11290322580645151,-0.1402002014803602,0.042857142857142864,0.0
2022-07-26,7.64,7.7,-0.012886776276356428,-0.016529301951210582,-0.011912781516242,0.6662591133642177,-0.007822725681209156,7.682,7.6285,8.12,1,26,7,7.722712689790978,8.300522838330338,56.940509915014154,-0.3906779442670718,-0.49994983355452965,8.468256230293287,6.788743769706713,0.03335937343358146,0.04305509406207152,0.05140082511142079,29269467.0,0.027388900695582665,0,0,-1,0,0,0.001298701298701271,-0.8381645844508696,0.43635299622703144,0.6834784293764099,0.03243243243243232,-0.08283313325330133,0.9010965208988325,0.03795811518324608,0.0
2022-07-27,7.75,7.64,0.000648298239886038,0.012739025777429932,0.017162137402385834,-0.5269234063580713,0.014295240186826532,7.641,7.6245,8.113333333333333,2,27,7,7.72767401891989,8.265005235857412,51.746031746031754,-0.3615405413468533,-0.4722679751129944,8.460970655728783,6.788029344271218,0.032889775518588266,0.04107727921363835,0.050686932650414976,29312861.0,0.3000702992758465,0,0,-1,0,0,0.009816753926701595,-0.9969288315258019,0.2768969607960572,0.6520815920066996,0.0,-0.010217113665389577,0.3074232895357596,0.03354838709677428,0.0
2022-07-28,8.08,7.75,-0.013703313941529665,0.025001302205417186,-0.035979896977183824,1.0516444479409421,0.0416990291677483,7.678999999999999,7.6705,8.093333333333334,3,28,7,7.791733288207183,8.253069414189193,54.49101796407185,-0.3082671853113901,-0.4394678171526736,8.500578626586893,6.840421373413106,0.030390474445239773,0.03674641500025065,0.048368219813331136,29437070.0,0.9866535214471834,0,0,-1,0,0,-0.018064516129032218,-0.313850119874697,0.39357109895206266,0.5833312539830202,0.02020202020202011,0.12849162011173187,1.0737491945416475,0.09034653465346529,0.0
2022-07-29,8.22,8.08,0.04747523958812284,0.019560525854493572,0.0425030773163074,-0.32940438903668523,0.017178336535084552,7.742999999999999,7.733,8.059333333333333,4,29,7,7.869599963078604,8.250935903596343,46.099290780141864,-0.25184769342820434,-0.4019437924077798,8.528516383106004,6.937483616893996,0.029657454136091197,0.0359591349686891,0.046900775249669235,29526420.0,1.224361962474147,0,0,-1,0,0,-0.012376237623762332,-0.5468077748219983,0.3320471651170727,0.5708335709289465,0.05927835051546393,0.17934002869440469,0.6650589433041456,0.06934306569343057,0.0
2022-08-01,8.27,8.22,0.03206193245966288,0.007237667300230602,0.05194327816084035,-0.062077831663361095,0.006064299967511225,7.849000000000001,7.789499999999999,8.027333333333333,0,1,8,7.942399969791585,8.252165845299805,46.85314685314686,-0.20078572464875055,-0.36171217885597395,8.568013428204877,7.010986571795122,0.021939242832380645,0.035776318347291725,0.04692817696919008,29610392.0,1.2344038846136625,0,0,-1,0,0,0.0024330900243308483,-0.5600060686779686,0.29317541688752713,0.5679314470344675,0.07402597402597388,0.15826330532212873,0.6887223274291593,0.026602176541717128,0.0
2022-08-02,8.5,8.27,-0.001214329232401831,0.03542282984248427,0.013488861785943919,-0.22095177124441334,0.02743165446067098,7.9590000000000005,7.8549999999999995,8.007,1,2,8,8.043781793465842,8.268155145603044,56.07142857142857,-0.14014417389961942,-0.3173985778647031,8.641531359163722,7.068468640836278,0.022034980416002322,0.036048140894927146,0.047206502070753706,29677717.0,1.640112609586974,0,0,-1,0,0,-0.004836759371221179,-0.6485636230169256,0.22304635300557726,0.5722464962051675,0.11256544502617816,0.18219749652294848,0.7799969379398839,0.04823529411764687,0.0
2022-08-03,8.67,8.5,0.03580334681460922,0.021802355272486567,0.031189391505374222,-0.22165932098607868,0.01980262729617973,8.050999999999998,7.931,7.960666666666667,2,3,8,8.157639649199325,8.294080620080267,69.3227091633466,-0.07747464925115821,-0.2694137921419941,8.72441765732048,7.13758234267952,0.018950088469968533,0.035957154824132795,0.04303474444099512,29731657.0,1.862827208801331,0,0,-1,0,0,0.003529411764705807,-0.7287892500264656,0.21498734264011607,0.5708021371086109,0.11870967741935479,0.21258741258741254,0.5191810136694078,0.03920415224913496,0.0
2022-08-04,8.79,8.67,0.019733664156950274,0.01911244236602012,0.0267807106908268,0.10358474636400489,0.013745920904635136,8.138,7.9885,7.922333333333333,3,4,8,8.27261425843581,8.326075418784766,74.1035856573705,-0.017919042768733462,-0.21911484226734199,8.85631698288868,7.120683017111319,0.01862203945315397,0.03327449144486767,0.04312878111994418,29791484.0,1.8471636665419153,0,0,-1,0,0,0.003460207612456674,-0.6007160979498409,0.1267872609133676,0.5282161761915968,0.08787128712871284,0.15052356020942392,-0.0420661487811697,0.031854379977247,0.0
2022-08-05,8.89,8.79,-0.003454234868087446,0.0,-0.013889112160667037,0.2803424514427765,0.011312337828727675,8.251000000000001,8.044,7.891666666666667,4,5,8,8.38486621144748,8.362457649830912,87.5,0.03692274627326597,-0.1679073245592204,8.99377892164468,7.0942210783553215,0.015169991690180996,0.033192331317196185,0.04316620711454827,29870670.0,1.781467204041608,0,0,-1,0,0,-0.013651877133105714,-0.3204496342460597,0.13275421973801396,0.5269119245985725,0.08150851581508523,0.14267352185089988,0.5533190832683716,0.04499437570303716,0.0
2022-08-08,8.72,8.89,0.026182485945643708,0.0187539969733216,0.002328289759591168,0.027821427556467458,-0.01930781160492493,8.353,8.058000000000002,7.893000000000001,0,8,8,8.445799627547938,8.385524898228919,79.72972972972973,0.06590793431160513,-0.12114427278505528,9.040062276940727,7.075937723059276,0.01725047971572761,0.02815435261951598,0.03772819000956613,29789250.0,1.3481833393748324,0,0,-1,0,0,0.001124859392575904,-0.16001528596107742,0.28385716064640915,0.4469364921315552,0.054413542926239566,0.0331753554502372,-1.5296653142254264,0.06307339449541292,0.0
2022-08-09,8.29,8.72,-0.0011242272122808802,-0.028826829761616678,-0.04154900291287239,0.047725157719691484,-0.05056926877368484,8.418000000000001,8.05,7.891666666666667,1,9,8,8.417472422539221,8.379362001568989,61.73913043478258,0.05356404534663817,-0.0862026091587166,9.021163165867288,7.078836834132714,0.025662847009745953,0.03040662409806323,0.03810027923877867,29703850.0,0.49425268262860655,0,0,-1,0,0,0.019495412844036688,0.002838797310461058,0.4635334534871457,0.4826901934349938,-0.024705882352941244,-0.018934911242603603,-1.1174267111360316,0.07720144752714121,0.0
2022-08-10,8.66,8.29,-0.056695343676545294,-0.02045525866140173,0.006042314455962662,0.8489842930300096,0.04366475342714027,8.509,8.075,7.919333333333333,2,10,8,8.461568345713909,8.39746767888712,64.79999999999998,0.07279816031315534,-0.0544024552643422,9.08312488783593,7.066875112164068,0.028100365197864616,0.030907441042733616,0.03714252047998853,29903453.0,1.1605704949032216,0,0,-1,0,0,0.013268998793727529,2.875964037051674,0.5673864167306449,0.490640415962784,-0.0011534025374855261,0.06127450980392157,-0.34867345998828003,0.04734411085450348,0.0
2022-08-11,8.72,8.66,0.07121262822526432,0.05457950769791495,0.03434322119361163,-0.2652978779965804,0.006904515346544486,8.573,8.126000000000001,7.971333333333334,3,11,8,8.50855591922047,8.418276215733112,69.99999999999999,0.09182433972779869,-0.025157096265914027,9.157185316950962,7.09481468304904,0.025897238382432634,0.02751556126525257,0.03306330326300801,30056544.0,1.1520722613785,0,0,-1,0,0,0.04157043879907615,1.5897932071549188,0.5590412576480118,0.43679599375332034,-0.00796359499431154,0.13246753246753262,-0.18908713402673882,0.06979357798165148,0.0
2022-08-12,8.97,8.72,-0.08318881927197994,0.016325044738268995,-0.10418412858134853,1.0723691237707362,0.02826643814981651,8.648,8.1955,8.038,4,12,8,8.592454842998567,8.453871298589041,74.51737451737449,0.12562747927228735,0.004999818841726247,9.258613104841022,7.1323868951589775,0.02659234339510991,0.027416859094125917,0.0326595681527478,30503921.0,1.4570415818847808,0,0,-1,0,0,-0.04816513761467889,3.8303577937452995,0.595637459476162,0.4352291453613408,0.008998875140607376,0.183377308707124,-0.42607819771737815,0.1794760312151616,0.0
2022-08-15,9.29,8.97,0.07763016126815245,0.007458745287676133,0.11114471352897265,-0.3568342981171429,0.0350528767550423,8.75,8.299499999999998,8.109666666666666,0,15,8,8.719281235180645,8.507815085776844,78.9473684210526,0.17620683385247382,0.03924122184387577,9.36364235296266,7.235357647037336,0.027837734881379424,0.024415189261215126,0.03290749121060449,30817035.0,1.8615930420255629,0,0,-1,0,0,0.0,1.9739217440026764,0.5981653733321307,0.38757911398650025,0.06536697247706402,0.2884882108183078,-1.5610173429307854,0.08288482238966627,0.0
2022-08-16,10.53,9.29,0.009983443984183205,0.17218543373556205,0.045790900709698136,0.8608582197114449,0.12528977332013705,8.953,8.456,8.221,1,16,8,9.048502828784164,8.638278628629951,84.92462311557786,0.31274385714062447,0.09394174890322551,9.83670005127088,7.0752999487291195,0.04755583807715683,0.03633219844368699,0.039947134435982086,31557609.0,3.0042730831956797,0,0,-1,0,0,-0.024757804090419663,3.4441277294839434,0.7741360961920264,0.5767557699974625,0.27020506634499397,0.42297297297297276,1.7695608020481695,0.20272554605887927,0.0
2022-08-17,10.53,10.53,0.16637462141297238,0.009782203394461099,0.08614963179190398,-0.35027726520717634,0.0,9.139,8.595,8.333666666666666,2,17,8,9.317865950823407,8.760325168718342,83.56164383561641,0.4161532758747519,0.1583840542975308,10.215376824270212,6.974623175729788,0.04809559604729822,0.03588841304307304,0.03986819100363067,31557609.0,2.3883333444632386,0,0,-1,0,0,0.016144349477682805,1.8511018146511973,0.8539182026641748,0.5697108951644283,0.2159353348729791,0.3587096774193548,1.8259486686902102,0.13580246913580263,0.0
2022-08-18,11.5,10.53,-0.014117881545784819,0.04329680575332426,0.04845238338594675,0.43946734555883243,0.08811870922332031,9.41,8.774,8.462333333333333,3,18,8,9.714617596128242,8.93707838363974,86.60714285714283,0.5698084811408108,0.2406689396661868,10.816407248425607,6.731592751574391,0.052991067511988024,0.03972270283816969,0.041196515677393165,32367270.0,2.669399065344428,0,0,-1,0,0,0.0018993352326686942,2.555013931252784,0.8542591349881472,0.6305783586786996,0.3188073394495412,0.452020202020202,0.6380656480161748,0.12521739130434795,0.0
2022-08-19,10.12,11.5,0.12376824804238046,0.01679878494832545,-0.059659836406335875,0.40655673872700343,-0.12783337150988502,9.533,8.892,8.540333333333333,4,19,8,9.788323487741287,9.013395907275886,65.92082616179,0.5736145994416741,0.30725807162128427,10.96027260750312,6.823727392496879,0.07093882946853,0.04993338999805236,0.04794419915963847,31151452.0,1.1874643560478013,0,0,-1,0,0,0.03826086956521735,2.939384982525059,1.5469101044077045,0.7926679923194793,0.12820512820512797,0.3041237113402062,-0.8353602491342788,0.2213339920948617,0.0
2022-08-22,10.16,10.12,-0.2046802117665422,-0.14309251027261755,-0.06890871226497215,-0.9799671053228031,0.003944778291016546,9.677,9.014999999999999,8.597666666666667,0,22,8,9.85590103542469,9.08737036487099,64.76868327402134,0.5732505656381726,0.36045657042466195,11.077379821060163,6.952620178939835,0.07006438354430869,0.049726921942349615,0.04581242439522534,31607777.0,1.1103677298504746,0,0,-1,0,0,-0.038537549407114506,0.5323503054714341,1.5537011562261798,0.7893904135450683,0.093649085037675,0.3194805194805195,-0.5063365717021532,0.12695866141732295,0.0
2022-08-23,10.11,10.16,0.029369199458804927,0.002870875091682971,0.08428174265936303,-0.6397744193460629,-0.004933409117955888,9.858999999999998,9.1385,8.652999999999999,1,23,8,9.902100847165654,9.153346470363186,63.09090909090907,0.5624439800013743,0.4008540523400045,11.149368102665148,7.127631897334853,0.06667738763839898,0.04966136368416817,0.0458536753549067,31367106.0,0.966249351424293,0,0,-1,0,0,-0.013779527559055173,-0.16533655382613144,1.1974222368652498,0.7883497084598603,-0.03988603988603989,0.3232984293193717,-0.5353629006420351,0.05130563798219593,0.0
2022-08-24,10.84,10.11,0.008941937375661213,0.08446176439018972,0.013907203685692768,1.4989958082149084,0.06971796297912011,10.077,9.293,8.742333333333333,2,24,8,10.072627965862807,9.262162827113949,66.77577741407526,0.6058012820807903,0.44184349828816166,11.329344506061961,7.256655493938037,0.06826607588818141,0.05126399567195252,0.04666034662378442,32444636.0,1.5193892736663772,0,0,-1,0,0,0.0,2.0507583637056954,1.3225300046589028,0.8137907025568674,0.029439696106362767,0.3987096774193548,-0.9334057121605739,0.11984317343173426,0.0
2022-08-25,11.1,10.84,0.081639241254759,-0.01680248867603478,0.06826292022855349,-1.1171859887045734,0.023702112306788307,10.315,9.443999999999999,8.855666666666668,3,25,8,10.259422881160477,9.380732967300148,67.6236044657097,0.6536077007232866,0.48419633877518664,11.54836538752442,7.339634612475577,0.06798213392383501,0.050965648004052205,0.044961068836968175,32797203.0,1.5738711630760294,0,0,-1,0,0,0.011992619926199334,-0.010914076208778264,1.125468315558496,0.8090545801558654,-0.034782608695652195,0.37376237623762365,-1.2139654934620816,0.03603603603603607,0.0
2022-08-26,10.84,11.1,0.010879527075136617,0.012466768765130067,-0.0018604656529196783,0.29142258266955595,-0.023702112306788283,10.501999999999999,9.575,8.964333333333334,4,26,8,10.364982357313117,9.474879227474332,66.66666666666666,0.6628736104776838,0.519931793115686,11.684731836289362,7.465268163710635,0.06977112113233125,0.051770048981487245,0.04515671065670211,32325352.0,1.199204541772386,0,0,-1,0,0,-0.0009009009009008817,0.27633367439606926,0.5803670577527138,0.8218240497998878,0.07114624505928857,0.3187347931873479,1.1274024410651224,0.0516605166051661,0.0
2022-08-29,10.88,10.84,-0.029279310193978458,-0.017857617400006572,-0.024506410187822555,-0.4113934100196567,0.003683245416296589,10.660999999999998,9.7055,9.086666666666666,0,29,8,10.458621928710732,9.565532180540504,71.69179229480737,0.6657699943538908,0.549099433363327,11.79816865634849,7.612831343651511,0.06977241078226949,0.051794982385503376,0.04367239693732103,32638060.0,1.1224901719982678,0,0,-1,0,0,-0.006457564575645783,-0.2171097020724443,0.5806665618235186,0.8222198553180776,0.07086614173228356,0.31559854897218886,1.1320913284073968,0.05698529411764698,0.0
2022-08-30,10.88,10.88,-0.010266072430598634,-0.0009013069560127757,0.00113485199501763,1.284651735192441,0.0,10.696000000000002,9.8245,9.202666666666666,1,30,8,10.535236123490598,9.650336555989504,69.82142857142857,0.6604521185377692,0.5713699703982155,11.89913351234056,7.749866487659441,0.056813649574303446,0.05180849353367406,0.04369553453400196,32638060.0,1.017529114151064,0,0,-1,0,0,-0.020220588235294174,1.8586367328382525,0.5713764812577055,0.8224343381459971,0.07616221562809122,0.28,1.0888028807478953,0.05497242647058828,0.0
2022-08-31,11.05,10.88,0.029577017343686052,0.022036732309947737,0.01119342173797793,-0.7036451053434071,0.015504186535965254,10.748000000000001,9.9435,9.312666666666667,2,31,8,10.628829555583216,9.74063742334502,70.40280210157617,0.6623204253081827,0.589560061380209,12.012329061138383,7.874670938861618,0.05688299175282509,0.05178967509160856,0.04323976260156625,33197131.0,1.069687216585351,0,0,-1,0,0,0.009191176470588203,0.25989735364993244,0.28647743523568386,0.8221356046393952,0.019372693726937396,0.27450980392156876,-0.7825503518617059,0.06580090497737556,0.0
2022-09-01,11.5,11.05,-0.003649639087549504,0.014266501696981035,0.004701466111806801,0.34952026195714186,0.03991660740544242,10.748000000000001,10.078999999999999,9.431999999999999,3,1,9,10.787224181840813,9.85414468635502,71.40439932318104,0.6921338232017202,0.6100748137445113,12.18439057509156,7.973609424908437,0.050199208374666716,0.05214744071256916,0.04351195015652502,33990110.0,1.3498683016933362,0,0,-1,0,0,-0.009954751131221828,0.8211164207650679,0.37201225012185596,0.8278149578036572,0.03603603603603611,0.30830489192263943,0.26961910479937157,0.07304347826086956,0.0
2022-09-02,11.59,11.5,0.042940407234028984,0.012959144642505116,0.04224687008473772,-0.34423083478756017,0.00779562198245587,10.895,10.214,9.559666666666667,4,2,9,10.933183421506119,9.966135351751472,70.24647887323943,0.7147838207171482,0.6310166151390387,12.344484501357956,8.083515498642045,0.026675630715485742,0.0521657985734152,0.043063738977216395,34552146.0,1.2917249565748519,0,0,-1,0,0,-0.006956521739130441,0.1054250412141693,0.2579684238037806,0.8281063798100676,0.06918819188191883,0.30371203599550056,1.5892270009486351,0.045729076790336595,0.0
2022-09-06,11.61,11.59,0.014776453123796282,0.02626156851077624,0.030117422464157436,-0.46126102524045304,0.0017241383581397326,11.040000000000001,10.358500000000001,9.69,1,6,9,11.056240981232278,10.072191135509442,62.10762331838565,0.7259793022951371,0.6500091525702585,12.454072023401551,8.262927976598451,0.026777617677336878,0.05166156244842766,0.04293089343339186,34906503.0,1.1944232753866917,0,0,-1,0,0,0.0,-0.5678701725283631,0.2630368641635633,0.8201018794774362,0.06709558823529393,0.3314220183486236,1.553806993704764,0.04306632213608958,0.0
2022-09-07,11.32,11.61,-0.00345722038385768,-0.013646198990407308,-0.06024293201655033,-0.06677963927788579,-0.025295722934763197,11.161,10.51,9.812666666666667,2,7,9,11.104197166462773,10.15269493321851,58.31578947368422,0.7033435194597129,0.6606760259481494,12.404368385226972,8.615631614773028,0.028990733575449963,0.05031952338099513,0.04335354542677496,34575037.0,0.8551662985052941,0,0,-1,0,0,-0.005167958656330639,-0.7051486006137012,0.3769825315784948,0.7987976697444792,0.04044117647058809,0.36550060313630905,-0.058361782575962924,0.08903710247349833,0.0
2022-09-08,10.98,11.32,-0.039740328649514226,-0.023836894264333237,-0.05134207368562603,0.06216914635947746,-0.030495636693652295,11.175,10.626,9.920333333333332,3,8,9,11.08161586346954,10.206069453656028,43.689320388349515,0.6504711138825634,0.6586350435350323,12.31654833832416,8.935451661675838,0.022626190945496734,0.050919679445378195,0.04409553807200232,34222310.0,0.41879902748113174,0,0,-1,0,0,-0.019434628975265072,-0.6774559053836048,0.4520907798287448,0.8083248519095884,-0.0063348416289592535,0.2678983833718245,0.6236052695262271,0.11566484517304185,0.0
2022-09-09,10.93,10.98,-0.009959339902758355,-0.025495886517393304,0.006806054468999496,0.16170664028951415,-0.0045641338929374225,11.158000000000001,10.7365,10.015333333333333,4,9,9,11.054049342838713,10.252774650194349,64.51612903225806,0.5976454842835697,0.6464371316847398,12.172184689030228,9.30081531096977,0.021233900989529084,0.05105820330177772,0.043829952763363315,33807674.0,0.26955779563367066,0,0,-1,0,0,0.0009107468123861372,-0.5406772686377418,0.2645250582055587,0.8105238499576849,-0.04956521739130437,0.25344036697247696,-0.35607365066837166,0.08325709057639526,0.0
2022-09-12,10.88,10.93,-0.024874612772873995,-0.020693495951981302,0.030536723860081702,-0.09907331709316229,-0.004585060760650485,11.162,10.831999999999999,10.104000000000001,0,12,9,11.022404007777128,10.293240801794713,62.857142857142875,0.5454585040076214,0.6262414061493162,12.002543733304725,9.661456266695273,0.019847095230577903,0.0510482423474731,0.0439040345892786,33432148.0,0.08201316812740742,0,0,-1,0,0,-0.019213174748398818,-0.6574309753450279,0.22330682330354945,0.8103657247102195,-0.06125970664365821,0.2129319955406912,-0.5233402421291631,0.03308823529411759,0.0
2022-09-13,9.8,10.88,-0.012200996029340945,-0.03139685406067204,-0.08632808348849726,-0.06056304342237653,-0.10454385575127031,11.054,10.8575,10.155,1,13,9,10.800148733635831,10.261418814582152,45.953002610966074,0.41220137126711975,0.583433399172877,11.902042206448664,9.812957793551336,0.03717414678492658,0.056256727092454266,0.04825186889611757,33078690.0,-2.024810473854168,0,0,-1,0,0,-0.026654411764705965,-0.7434822703910239,0.6189446595249504,0.8930478567663825,-0.15590008613264417,0.054897739504844,-1.7591958215605392,0.09183673469387758,0.0
2022-09-14,8.71,9.8,-0.0939890509908608,-0.09850477051327183,-0.1741582461547937,0.8555039135617214,-0.11791059481211481,10.837,10.7665,10.161999999999999,2,14,9,10.42012169115659,10.161327278157499,24.582338902147967,0.21614861631353754,0.509976442601009,12.182309606587445,9.350690393412556,0.04876478644698263,0.05318171240952485,0.05264182390800303,32247159.0,-2.9050516261954535,0,0,-1,0,0,-0.01632653061224491,0.862605325292716,0.8211451256286616,0.8442335119929624,-0.23056537102473496,-0.17283950617283939,-0.4688363874587174,0.1676234213547647,0.0
2022-09-15,8.08,8.71,-0.11882091846880356,-0.11855973472455571,-0.029077210908195494,-0.2532185829921333,-0.07507991833140745,10.540000000000001,10.644,10.142333333333335,3,15,9,9.99464502003721,10.027048098921531,16.8859649122807,0.009826388172543332,0.4099464317153159,12.501144384036403,8.786855615963598,0.049378577724034735,0.055032197998162766,0.05423817024235806,31601643.0,-2.7612284990220153,0,0,-1,0,0,-0.01722158438576353,0.2141322653955955,0.8114269590385011,0.8736090600264317,-0.2641165755919854,-0.23266856600189934,0.29137536154242144,0.07611386138613864,0.0
2022-09-16,7.47,8.08,-0.0840421277243389,-0.06004204096686693,-0.09130065181658388,0.455791731638796,-0.07849687338827814,10.137,10.442499999999999,10.098333333333333,4,16,9,9.535618652757716,9.86207725382982,15.68228105906313,-0.2005950314612548,0.2878381390800018,12.732624106037207,8.152375893962791,0.04439525877319269,0.051010026751160724,0.055829471035713514,30583392.0,-2.595929183194846,0,0,-1,0,0,-0.025990099009900985,1.380720779196762,0.6563858939540212,0.80975907092594,-0.31655992680695333,-0.35043478260869565,1.4011648899127376,0.10843373493975911,0.0
2022-09-19,7.07,7.47,-0.056187213584311356,-0.06784430927207073,-0.03356958572285438,-0.4611911215601159,-0.05503451923624443,9.684999999999999,10.290000000000001,10.037666666666667,0,19,9,9.087324352256312,9.681943237453705,13.851992409867165,-0.3950779667132487,0.1512549179213517,13.032139003732233,7.547860996267769,0.04096010385313814,0.04608354352246445,0.05647202001388498,29941352.0,-2.3485315628546677,0,0,-1,0,0,-0.004016064257028027,0.28792797940998405,0.36345353956209586,0.7315535741583747,-0.3501838235294118,-0.3013833992094861,-0.12323592183627725,0.07355021216407348,0.0
2022-09-20,6.76,7.07,-0.059533147798501836,-0.0642736555553049,-0.05106871827401922,0.1059592087497488,-0.044837589853608736,9.2,10.120000000000001,9.972333333333331,1,20,9,8.664174470027891,9.493430770521208,13.08243727598564,-0.5676776685008402,0.007468400636913314,13.285032634736574,6.954967365263428,0.03725085427855675,0.04619377399383232,0.05684851651206797,29227547.0,-2.123200856208332,0,0,-1,0,0,-0.008486562942008556,0.5031683023005221,0.41101100628522586,0.7333034286432196,-0.3102040816326531,-0.33464566929133865,-0.9006557299979028,0.05917159763313615,0.0
2022-09-21,6.65,6.76,-0.051218216494200955,-0.01565868293319587,-0.013564639034138473,-0.48226359705009786,-0.016406035387109868,8.733,9.947,9.917666666666667,2,21,9,8.29796093002282,9.30998362403597,10.144927536231862,-0.7052110226819934,-0.13506748402686802,13.472098580181864,6.421901419818135,0.03804545594330336,0.046079723392009796,0.0563155955088467,28786855.0,-1.8705859850477728,0,0,-1,0,0,-0.01479289940828397,-0.5546051363096315,0.3815042570477999,0.7314929314674217,-0.23650975889781867,-0.34223541048466855,0.8057015611352424,0.05714285714285713,0.0
2022-09-22,7.02,6.65,-0.013605652055778598,0.0225557473630588,-0.018377240001606635,-1.0815783936749022,0.0541463633699569,8.337,9.756,9.863,3,22,9,8.065604397291398,9.162242745065909,8.823529411764682,-0.7754128127363771,-0.2631365497687699,13.485407459637553,6.026592540362446,0.050821154231021126,0.04446137173309891,0.05668993408923441,28936276.0,-1.4672572142416969,0,0,-1,0,0,-0.012030075187969934,-1.540512848967475,0.8049267957693269,0.7058023953274594,-0.1311881188118812,-0.35239852398523985,1.3389735810456618,0.09387464387464385,0.0
2022-09-23,6.49,7.02,0.061966723749199634,-0.01969041588977238,0.003086422203189586,0.2853906141626871,-0.07850068732172104,7.892999999999999,9.5255,9.788666666666668,4,23,9,7.779130870511144,8.989839987319721,6.632653061224474,-0.8638568042292842,-0.3832806006608728,13.468864713434222,5.5821352865657765,0.049871048706345275,0.04478440004665552,0.058052533918634255,28737504.0,-1.5395481882052056,0,0,-1,0,0,-0.004273504273504183,-1.274535881972133,0.8049402608696805,0.7109303108320798,-0.13119143239625164,-0.4153153153153153,1.3388954414328034,0.07704160246533127,0.0
2022-09-26,6.35,6.49,-0.07267837934412748,-0.043866682105581783,-0.04088619791663679,-0.30393918442052925,-0.02180771781139841,7.44,9.301,9.701333333333334,0,26,9,7.519288894054572,8.819527730073288,6.166666666666643,-0.9344740989404867,-0.4935193003167956,13.435857726821197,5.166142273178804,0.04843333140254083,0.044790812929128634,0.05767704185164997,28590829.0,-1.4273768022817441,0,0,-1,0,0,0.0015408320493065927,-1.3412114480768786,0.7689696545778546,0.7110321121853455,-0.10183875530410191,-0.41420664206642066,0.9422045340096457,0.07244094488188976,0.0
2022-09-27,6.45,6.35,-0.0015396461855927501,0.013363227812167158,0.020652044552668957,0.045976303693345336,0.015625317903081033,7.1049999999999995,9.0795,9.606666666666666,1,27,9,7.324872731499195,8.666654973294367,8.08950086058519,-0.9711745537832757,-0.5890503510100916,13.331179420503997,4.827820579496002,0.04943415425917398,0.045281423538962175,0.057248081358019655,28744405.0,-1.2369229849828596,0,0,-1,0,0,0.02204724409448828,-1.2494051626273681,0.770437786188892,0.7188203141704812,-0.04585798816568043,-0.4071691176470589,-0.10355745026361045,0.06511627906976743,0.0
2022-09-28,6.62,6.45,-0.02654332255723252,-0.018608650105229257,-0.0254790853009849,0.8606093987540414,0.02601523914123568,6.896000000000001,8.8665,9.476333333333335,2,28,9,7.196714053044795,8.534612716952797,11.347517730496449,-0.975299701551462,-0.6663002211183657,13.164961291402381,4.56803870859762,0.04641242034905574,0.0464104771228672,0.050953253776031195,29107551.0,-1.0452577551382698,0,0,-1,0,0,-0.020155038759689905,-0.4367368664112654,0.8017671487680414,0.7367434841697545,-0.004511278195488799,-0.3915441176470589,-0.8086665391879612,0.06873111782477342,0.0
2022-09-29,6.39,6.62,0.026543322557232494,-0.011333706509849176,0.014602539479609659,-0.8499614918333175,-0.03536110155947351,6.727000000000001,8.633500000000002,9.338333333333333,3,29,9,7.050038770673014,8.396250606181649,10.996563573883165,-0.9857647067652673,-0.7301931182477461,12.938802850158094,4.328197149841909,0.04369312852013079,0.04553528375880249,0.051017350494847916,28952331.0,-1.0422031053716092,0,0,-1,0,0,-0.01963746223564953,-1.1624861046960069,0.6499635632390829,0.7228502202272991,-0.08974358974358976,-0.4217194570135747,-0.4267394293780988,0.04519561815336466,0.0
2022-09-30,6.29,6.39,-0.018663061131926638,-0.013479499377146341,-0.006570367782345528,-0.35813015948450644,-0.01577319767709417,6.609,8.373000000000001,9.164666666666667,4,30,9,6.91184990327792,8.260363470298962,10.902896081771729,-0.9907072070693568,-0.7822959360120683,12.577314075102592,4.16868592489741,0.03949816543463183,0.042853721558853156,0.04682004272830466,28843835.0,-0.9908869617211806,0,0,-1,0,0,-0.003129890453834049,-1.2242823728034822,0.41103034467198896,0.680281739989996,-0.03081664098613257,-0.45304347826086955,0.37241301689906214,0.03845786963434026,0.0
2022-10-03,6.74,6.29,-0.0047207011349374535,0.05977705313189918,0.0,-0.10033865453772095,0.06909885421186655,6.575999999999999,8.130500000000001,9.052,0,3,10,6.880604466318298,8.162275504473223,20.801526717557252,-0.9473919898481249,-0.8153151467792796,12.10684307002387,4.154156929976132,0.045722259559508954,0.04780350706203198,0.045589805704719384,28941973.0,-0.6993863333787516,0,0,-1,0,0,0.007949125596184391,-1.1408448760709062,0.6503089574962813,0.7588571488971392,0.06141732283464574,-0.41846419327006035,0.4710966837221812,0.09522255192878337,0.0
2022-10-04,6.91,6.74,0.08028533778512355,0.021275871077972314,0.08727800810706056,0.20511741274617426,0.0249097128553629,6.590999999999999,7.8955,8.943666666666667,1,4,10,6.88594910880588,8.081483536442693,29.166666666666657,-0.8890978226252431,-0.8300716819484724,11.548383360046667,4.242616639953332,0.044196887491640864,0.04878973095050928,0.04601676717828185,29062454.0,-0.5395737574207186,0,0,-1,0,0,0.019287833827893158,-0.9821369266898781,0.656599873102636,0.7745129677727914,0.07131782945736442,-0.404823428079242,0.239945651199214,0.031837916063675795,0.0
2022-10-05,6.55,6.91,-0.031044621681960163,-0.030283496587252295,-0.04039442220821026,-0.20949839061306375,-0.05350458813241802,6.581,7.657000000000001,8.825,2,5,10,6.8248674526593565,7.982678146994778,31.111111111111114,-0.8620115340873689,-0.8364596523762517,10.976081039590483,4.337918960409519,0.0472838830767965,0.049180380661005954,0.046579045264453174,28964745.0,-0.667052106770244,0,0,-1,0,0,-0.0361794500723589,-0.9963701333346329,0.790310379402879,0.7807143396750729,-0.010574018126888296,-0.4213780918727915,0.7736448700599534,0.04274809160305348,0.0
2022-10-06,6.18,6.55,-0.021245108613736265,-0.01178216869826024,-0.06464030748810952,0.2897396416429607,-0.05814677817756115,6.497,7.417,8.669666666666668,3,6,10,6.7076188249031095,7.866376331059631,33.07086614173228,-0.8604822592034242,-0.8412641737416864,10.401684414244198,4.432315585755802,0.045760928079983325,0.04965344245906267,0.044303856287163317,28834198.0,-0.8288983546109625,0,0,-1,0,0,-0.0045801526717557635,-0.8193664326851636,0.8605103522263484,0.7882239629096116,-0.032863849765258246,-0.43715846994535523,0.6573501027346795,0.09870550161812304,0.0
2022-10-07,5.74,6.18,-0.08478296381120345,-0.09961573170093448,-0.09922663389656014,-0.3145356277408413,-0.07385906113812428,6.422,7.157500000000001,8.491,4,7,10,6.53168812946618,7.729190761313848,32.72727272727272,-0.884577758833343,-0.8499268907600178,9.730189561324504,4.584810438675497,0.045110422334170536,0.050290555116898915,0.044631274439421637,28738882.0,-1.1019596155785123,0,0,-1,0,0,-0.030744336569579207,-0.870936097707952,0.9833957032636885,0.7983378128082081,-0.08744038155802858,-0.47483989021042994,0.8538500119830794,0.09581881533101057,0.0
2022-10-10,5.33,5.74,-0.04089155731809897,-0.05034620231968426,-0.047872419957883654,0.4512351831020604,-0.07410797215372185,6.32,6.880000000000001,8.307333333333334,0,10,10,6.313199378654146,7.574404260583923,31.89873417721519,-0.9260818937703634,-0.865157891362087,8.89998436679743,4.860015633202572,0.04896384351481167,0.05069927699339442,0.045580658847129564,28589212.0,-1.534665342442663,0,0,-1,0,0,0.0017421602787456073,-0.6322173312859535,0.6398312177251277,0.8048260714518007,-0.20919881305637988,-0.5101102941176471,1.9843203624094579,0.09566604127579738,0.0
2022-10-11,5.91,5.33,-0.0967024529147118,0.12597277765059595,-0.03067260883753362,0.9635735899098034,0.10329459324025363,6.266,6.6855,8.141666666666667,1,11,10,6.239890400717028,7.46702334054625,41.6289592760181,-0.9017779323247774,-0.8724818995546252,8.210001298958808,5.160998701041192,0.06265731436339678,0.057459538042979444,0.051330662635401446,28981504.0,-1.0173818815761524,0,0,-1,0,0,-0.020637898686679233,0.20846188258211906,1.2261043034020394,0.9121418886622715,-0.1447178002894356,-0.39693877551020407,2.1664761063135316,0.24534686971235198,0.0
2022-10-12,6.21,5.91,0.10536051565782635,-0.05217220459554133,0.08571351827402972,-0.9556608347096798,0.0495150645273805,6.225,6.5605,7.986000000000001,2,12,10,6.234455782404841,7.385925060511008,40.68965517241381,-0.8485280715645631,-0.8676911339566128,7.761770818320401,5.359229181679599,0.064546264923241,0.05582220529172136,0.05278944955263726,29132363.0,-0.5835486797058205,0,0,-1,0,0,-0.01861252115059227,-0.5601306191231722,1.3154677257169411,0.8861500370225311,-0.051908396946564905,-0.2870264064293916,0.855096366653166,0.10547504025764899,0.0
2022-10-13,6.21,6.21,0.05696682460667745,0.027593394330653533,0.05899303940861795,0.00563836097852864,0.0,6.207,6.4670000000000005,7.824666666666667,3,13,10,6.2300092765130515,7.310058927574814,46.33507853403141,-0.7971382596120922,-0.8535805590877088,7.43963830027339,5.494361699726611,0.0636681408785003,0.05425419947497142,0.05253127579929005,29132363.0,-0.5284595515676546,0,0,-1,0,0,-0.011272141706924362,-0.48403892186453995,1.243180482715087,0.8612587163499927,0.004854368932038833,-0.23143564356435642,0.3854300609359161,0.07885668276972625,0.0
2022-10-14,6.06,6.21,-0.0032626456348162714,-0.01614834808478072,-0.011905003309716285,0.5040106383430807,-0.024451095864164423,6.184,6.3965,7.6433333333333335,4,14,10,6.199098498965223,7.2294099645054715,46.21409921671018,-0.7597572017050318,-0.8348158876111734,7.261473988048673,5.5315260119513265,0.06394103419338601,0.05225397381122501,0.05136648040554501,28881227.0,-0.7780580795478556,0,0,-1,0,0,-0.014492753623188383,0.08618858434650832,1.1022345941155802,0.8295061183163002,0.05574912891986061,-0.1887550200803213,0.36079452203757173,0.07541254125412539,0.0
2022-10-17,5.84,6.06,-0.009852296443011707,-0.02350791869514791,-0.01027406297618534,0.07370429605008973,-0.03697900324108739,6.093999999999999,6.335,7.451666666666667,0,17,10,6.133807862789728,7.139770611956732,42.278481012658226,-0.7393617038951703,-0.8157250508679729,7.172829275412168,5.497170724587832,0.059087872517703845,0.05162076875216914,0.05117829905549409,28610882.0,-1.181624979042386,0,0,-1,0,0,0.0,0.3451600739887514,0.9509637242257584,0.8194542996252813,0.0956848030018762,-0.173974540311174,0.9007909021280179,0.06335616438356166,0.0
2022-10-18,5.72,5.84,0.0016488049901838859,-0.013029500290333795,-0.01736154719590097,-0.398950282970985,-0.020761991448429128,5.975,6.2829999999999995,7.255333333333334,1,18,10,6.058570069555231,7.048172507959524,38.46153846153846,-0.7245292004384964,-0.7974858807820777,7.138670866384845,5.427329133615154,0.05757851079461061,0.051034916042138626,0.0509937519932359,28429474.0,-1.3159265369841058,0,0,-1,0,0,0.03938356164383569,-0.08742237475961519,0.5451563949323345,0.8101541761713575,-0.0321489001692048,-0.15384615384615385,1.5112432033836467,0.06818181818181814,0.0
2022-10-19,5.59,5.72,-0.0628924302309025,-0.06782259633876106,-0.03747093142949362,-0.38552014038824745,-0.02298951822469872,5.879,6.2299999999999995,7.064333333333334,2,19,10,5.97337551145428,6.954096862284716,39.473684210526315,-0.7150219205173016,-0.7809930887291225,7.120558665581869,5.33944133441813,0.05633994756615316,0.05111636668689138,0.050990961373711716,28306099.0,-1.4373000336408819,0,0,-1,0,0,-0.003496503496503422,-0.6113237339207831,0.20819517303143156,0.8114471650722075,-0.0998389694041868,-0.15939849624060154,0.94522301559364,0.03577817531305907,0.0
2022-10-20,5.64,5.59,-0.0035149421074446084,0.03617965657750226,0.0,-0.546454551274621,0.008904778342959685,5.825,6.161,6.886333333333332,3,20,10,5.912761782098956,6.869316419556671,41.33333333333333,-0.6954361949891021,-0.7638817099811186,7.006543114155394,5.315456885844605,0.05467429580511678,0.049111833845643604,0.05127452525847896,28377533.0,-1.232344019548718,0,0,-1,0,0,0.01610017889087654,-1.1456265416595208,0.26600611248978234,0.7796261927153875,-0.09178743961352664,-0.19658119658119655,1.443995377331025,0.07269503546099294,0.0
2022-10-21,5.88,5.64,-0.005295687574710344,0.006745388139531655,0.005439723295818342,0.01597056538830303,0.04167269640056808,5.839,6.1305,6.718000000000001,4,21,10,5.9068050944446,6.805489553778821,37.85310734463276,-0.6530207553873604,-0.741709519062367,6.970060662051306,5.290939337948693,0.051770922914527444,0.04787241736383187,0.052492336354885635,28450117.0,-0.5967406795548293,0,0,-1,0,0,0.0017730496453901908,-1.0307771244987196,0.5013536614933979,0.7599510660251366,-0.02970297029702962,-0.09399075500770415,1.0266212384248863,0.07142857142857142,0.0
2022-10-24,6.0,5.88,0.04160045250514566,0.011696039763191236,-0.012739025777429826,0.17492580126317028,0.02020270731751947,5.906,6.1129999999999995,6.555333333333334,0,24,10,5.923749622727399,6.7535224857930904,36.96275071633238,-0.602774804071041,-0.7139225760641019,6.947874084424099,5.2781259155759,0.04463860272654492,0.04797462855717782,0.05292729272350679,28536576.0,-0.2706995033339607,0,0,-1,0,0,0.0017006802721088073,-0.8256656079067769,0.44064813827091076,0.7615736184179399,0.027397260273972712,-0.055118110236220375,0.23320367013386528,0.09333333333333327,0.0
2022-10-25,5.83,6.0,0.018503471564559726,0.029462032730316282,0.06556821060558732,0.14355798862025188,-0.02874246886565398,5.898000000000001,6.082,6.423,1,25,10,5.906704236776962,6.693940389935472,39.0909090909091,-0.5701003430218332,-0.6851581294556482,6.91020287369755,5.25379712630245,0.030764484475212173,0.04814076818168531,0.05072321002198461,28436770.0,-0.6085465482024573,0,0,-1,0,0,0.0,-0.6412069405137212,0.47222815896278386,0.7642110031941027,0.019230769230769384,-0.09612403100775191,0.11319423134946023,0.06346483704974273,0.0
2022-10-26,5.83,5.83,-0.03045920748470846,-0.03477512556630829,-0.03490755821080204,-0.4469736697447702,0.0,5.86,6.0424999999999995,6.327,2,26,10,5.892758011908423,6.638202300262216,44.02730375426622,-0.5380038240457088,-0.6557272683736604,6.837348545653322,5.247651454346677,0.02491822528437936,0.047625371387719675,0.04747762492121834,28436770.0,-0.5346930586010847,0,0,-1,0,0,-0.0017152658662092258,-0.9953669333701486,0.4147423052993344,0.7560293327339843,0.0429338103756709,-0.11933534743202412,-0.26087182723702357,0.06142367066895374,0.0
2022-10-27,5.35,5.83,-0.03496859783774674,-0.03364187489983377,-0.06607907959832811,0.3982115596074058,-0.08592043945448594,5.773999999999999,5.9905,6.236000000000001,3,27,10,5.794074737015983,6.555092474438847,43.43434343434343,-0.5450164792747207,-0.6335851105538725,6.82472766045881,5.15627233954119,0.03447774592245734,0.05028968654170131,0.04794718144204149,28341714.0,-1.5355520569714434,0,0,-1,0,0,-0.03602058319039451,-0.5632115376887822,0.7676428546004637,0.7983240246044012,-0.0514184397163121,-0.16275430359937404,-0.8225556933350396,0.09719626168224309,0.0
2022-10-28,5.35,5.35,-0.0511060109334963,-0.03873723764571121,-0.023033647877626007,-0.35120743553416095,0.0,5.702999999999999,5.943499999999999,6.165333333333334,4,28,10,5.713333875740349,6.477344572862147,50.390625,-0.5442997108156877,-0.6157280306062355,6.811899010885069,5.0751009891149295,0.034552731218626447,0.050280425988066264,0.04648810879595895,28341714.0,-1.366883178264117,0,0,-1,0,0,-0.001869158878504633,-0.8710894040097927,0.6334234827122237,0.7981770178728747,-0.09013605442176875,-0.14944356120826718,-1.2989108046965316,0.07850467289719626,0.0
2022-10-31,5.18,5.35,-0.00563381771825602,-0.03099610036896391,-0.003891055492966676,-0.13093828678196567,-0.03229150463652342,5.637,5.8655,6.102333333333333,0,31,10,5.616364080151194,6.393644923000073,33.02325581395348,-0.5510965479396281,-0.602801734072914,6.712649399612651,5.018350600387349,0.03422455041242672,0.04700100469990212,0.04595209799395778,28283021.0,-1.6183686143516993,0,0,-1,0,0,-0.007476635514018699,-0.9302905822752581,0.5344090968216774,0.7461178188367141,-0.13666666666666671,-0.2314540059347182,-1.2002414516078148,0.052123552123552214,0.0
2022-11-01,4.92,5.18,-0.02478677898245581,-0.020580707700020802,-0.056126954233286334,1.2839685913997347,-0.05149652576717496,5.557,5.766,6.0409999999999995,1,1,11,5.489752429214613,6.298571057000069,19.431279620853076,-0.5708821434305831,-0.5964178159444479,6.562555743581399,4.969444256418601,0.03632619375906568,0.046879733596571646,0.04613087123666607,28071084.0,-2.1241451256036274,0,0,-1,0,0,0.0,0.8321410221685016,0.5561021410523272,0.744192699752929,-0.15608919382504294,-0.2879884225759769,-0.5362336752969088,0.08943089430894317,0.0
2022-11-02,4.87,4.92,-0.055569851154810654,-0.009496747537257197,-0.010362787035546547,0.2839392970256778,-0.010214593409718295,5.484999999999999,5.682,5.9816666666666665,2,2,11,5.377070169357411,6.206405182354904,18.981481481481495,-0.5838665029356829,-0.593907553342695,6.48474791219116,4.87925208780884,0.036221217956389225,0.046102378286455276,0.046113475025227176,27789557.0,-2.0230510417238854,0,0,-1,0,0,-0.004065040650406418,1.4580895197019705,0.521898083531292,0.7318525667675085,-0.16466552315608918,-0.25648854961832057,-0.6180569463295188,0.09034907597535942,0.0
2022-11-03,4.7,4.87,-0.028987536873252413,-0.08770558041910557,-0.03174869831458019,-0.5572662005156316,-0.03553142837848554,5.391,5.608,5.904333333333333,3,3,11,5.253966502201517,6.109217751235233,18.807339449541303,-0.6009469384119219,-0.5953154303565403,6.486721559396566,4.729278440603434,0.035910458397187726,0.0452938459925615,0.04465623935726908,27628306.0,-2.0666387214251105,0,0,-1,0,0,-0.0225872689938399,0.10529937751140765,0.3197715918731895,0.7190175145078634,-0.12149532710280364,-0.23948220064724912,0.1837199596155389,0.03191489361702116,0.0
2022-11-04,4.61,4.7,0.0020986366569212054,0.0,-0.032789822822990956,-0.8223407353598403,-0.019334651707455724,5.264,5.5515,5.841666666666667,4,4,11,5.136881683619422,6.01249402534909,20.000000000000014,-0.6146601349997223,-0.5991843712851768,6.533705359597486,4.569294640402513,0.0291067577038767,0.04319838649404684,0.043064134507737675,27557452.0,-1.9171143606584105,0,0,-1,0,0,0.014893617021276466,-0.8766749587037431,0.24378593189218897,0.6857531262149961,-0.13831775700934568,-0.19686411149825778,-0.1649159364333801,0.06507592190889366,0.0
2022-11-07,4.41,4.61,0.01042762316225916,0.004158010148663898,-0.03620304866396059,0.5259782564969872,-0.044353167549802536,5.105,5.5055,5.777,0,7,11,5.0047213775068,5.909107314036246,19.248826291079823,-0.6343538344915922,-0.6062182639264599,6.609949851140916,4.401050148859083,0.02509290510070394,0.04152303931114569,0.04344092152389043,27437559.0,-1.9837931054421851,0,0,-1,0,0,0.045553145336225585,-0.319992639519399,0.264453039331573,0.6591578141811015,-0.14864864864864857,-0.17260787992495308,0.3195946020589273,0.10884353741496608,0.0
2022-11-08,3.85,4.41,-0.13531128036821902,-0.12821065881864255,-0.1649615959314738,1.4597473683450537,-0.13580154115906176,4.906999999999999,5.4025,5.690333333333332,1,8,11,4.794772036141927,5.776261680872617,16.015625,-0.6872266322759168,-0.6224199375963513,6.7131025131096855,4.091897486890314,0.039570100658026776,0.03986510938865585,0.04797067405274995,26921435.0,-2.3691393606691027,0,0,-1,0,0,-0.045351473922902535,3.2604743393756177,0.7398867915590439,0.6328389925846173,-0.2174796747967479,-0.3485617597292724,-1.8125113709173504,0.14545454545454548,0.0
2022-11-09,3.69,3.85,-0.11570680771197064,-0.10481035255989242,-0.06337977245635265,-0.7026316079193861,-0.04244669024725705,4.693,5.2765,5.592666666666665,2,9,11,4.593904393207031,5.641664153074384,13.483146067415731,-0.7335830791750215,-0.6446525659120853,6.736280444919526,3.8167195550804753,0.03701514812548745,0.03638264152087193,0.04750645975053823,26665809.0,-2.173614539804938,0,0,-1,0,0,-0.025974025974025997,0.8424689209867237,0.6720967915077001,0.5775565290230396,-0.242299794661191,-0.4057971014492754,-1.9415540946093843,0.09867208672086711,0.0
2022-11-10,4.28,3.69,0.0026631174194836284,0.16432448009230005,0.08488597767731608,-0.23590824342305075,0.1483265515412697,4.586,5.18,5.522333333333333,3,10,11,4.536830867169388,5.553814852876037,23.50993377483445,-0.7144767845327245,-0.6586174096362132,6.635110775309597,3.7248892246904024,0.0719474136369161,0.054984014258702966,0.05742387401946943,26867716.0,-1.2370192225516448,0,0,-1,0,0,0.018970189701896976,0.3434293116723793,1.6772380383201722,0.8728441668753452,-0.08936170212765959,-0.31078904991948464,1.342837399895062,0.1728971962616823,0.0
2022-11-11,4.11,4.28,0.031416196233378914,0.013683727085922325,0.031416196233378914,0.07668786744228523,-0.04052998108556222,4.462000000000001,5.0825000000000005,5.449666666666667,4,11,11,4.459225254956772,5.460665507529197,19.218241042345284,-0.7049265333510641,-0.6678792343791834,6.550601172478465,3.614398827521536,0.07182779534664803,0.05519980895429627,0.057648563730869115,26649716.0,-1.324840573975178,0,0,-1,0,0,-0.09345794392523372,0.5051312540254743,1.6873607315869619,0.8762698014680658,-0.10845986984815614,-0.32178217821782173,1.5067619946370363,0.16593673965936748,0.0
2022-11-14,4.51,4.11,0.03295608768329563,0.006097113480553574,0.022930941063917108,-0.6463161207271672,0.09287412500644364,4.3950000000000005,5.016,5.375333333333333,0,14,11,4.468457026782813,5.399332248978927,29.999999999999986,-0.6575019601078713,-0.665803779524921,6.459918644741681,3.5720813552583186,0.08122140874513602,0.060660994078824165,0.059118193026091614,26763942.0,-0.7008705121201952,0,0,-1,0,0,-0.02433090024330913,-0.3588615351859288,1.8442401861923037,0.9629634276871825,0.0226757369614512,-0.22773972602739723,0.3287204808065616,0.13745011086474498,0.0
2022-11-15,5.17,4.51,0.14807597828078717,0.12863916455179722,0.14074711020701436,0.4398898518899392,0.1365755350057509,4.42,4.9885,5.317333333333334,1,15,11,4.596010294640483,5.384536620012545,41.666666666666664,-0.5602034829502944,-0.6446837202099956,6.396466432016506,3.580533567983494,0.09350249047491324,0.07004969419476675,0.06551303506869326,26941282.0,0.25781864662789344,0,0,-1,0,0,0.03104212860310434,0.21913588946027832,1.5671822931017283,1.1120044215328668,0.34285714285714275,-0.09615384615384615,-0.37599061313966164,0.12572533849129583,0.0
2022-11-16,5.06,5.17,0.12326380715035348,0.018975901459005823,0.0859166861304482,-0.8353808793938083,-0.02150620522096362,4.439,4.962,5.267666666666667,2,16,11,4.6803720592513045,5.363598773560123,45.961002785515326,-0.48636332582740227,-0.6130196413334771,6.341971014188735,3.582028985811265,0.09381804185726995,0.0700287093505382,0.06503126068980741,26864368.0,0.14203196877669588,0,0,-1,0,0,0.017408123791102487,-0.6695945742765763,1.4852178372654197,1.1116712974580858,0.3712737127371273,-0.0948121645796065,-0.3730866047671738,0.06719367588932804,0.0
2022-11-17,5.21,5.06,-0.038764543450244306,-0.007547205635382966,0.00800004266707615,-0.1102349502183227,0.029213372465901423,4.49,4.9405,5.235333333333333,3,17,11,4.77666804847834,5.353689175265922,48.12834224598931,-0.41100293690402623,-0.5726163004475869,6.2890348774839175,3.5919651225160827,0.09277890688115553,0.07036228251805782,0.06465237791161924,26933254.0,0.3996930364942881,0,0,-1,0,0,0.0,-0.7403284489021065,1.2494927061882353,1.1169666073298916,0.21728971962616805,-0.07624113475177297,0.40154402535824635,0.049904030710172874,0.0
2022-11-18,5.16,5.21,0.036861593304158204,-0.001895735164899312,0.011881327886752686,0.0728411030958745,-0.009643276271804117,4.545,4.9045000000000005,5.215999999999999,4,18,11,4.846364766936824,5.3411930994423145,49.723756906077355,-0.3512647069850967,-0.528345981755089,6.184113017159996,3.624886982840005,0.0924469888503375,0.06959893024581372,0.06340134954329808,26859163.0,0.3993394824430007,0,0,-1,0,0,0.007677543186180429,-0.6943671025558803,1.1380001731040197,1.1048487656793278,0.25547445255474455,-0.12244897959183665,0.5782623000994805,0.036821705426356495,0.0
2022-11-21,4.99,5.16,-0.042808092491884525,-0.009532960658723525,-0.03200273108617383,0.30825095153466686,-0.033500669730044015,4.603,4.854,5.204666666666666,0,21,11,4.872480263857401,5.318535480123456,50.9915014164306,-0.31401948745334174,-0.4854806828947395,6.026840007934429,3.681159992065571,0.09177012472582026,0.06962501814741313,0.06232122259190207,26758322.0,0.23191569025602948,0,0,-1,0,0,-0.025193798449612382,-0.46089057519741194,1.1613523296308614,1.1052628982784853,0.10643015521064303,-0.16833333333333333,1.7202378476362956,0.06012024048096189,0.0
2022-11-22,5.01,4.99,-0.007984074348220531,-0.009624713374209557,-0.016393809775676383,-0.334229634581026,0.004000005333346137,4.719,4.813000000000001,5.174666666666666,1,22,11,4.897483852246964,5.298629965276782,51.99999999999999,-0.279664748646943,-0.4443174960451802,5.896077486658447,3.7299225133415543,0.07728010134076323,0.06947780259259746,0.058828570435922906,26830513.0,0.36377821979808933,0,0,-1,0,0,0.0,-0.7026457174663603,0.38420356927778637,1.1029259237955094,-0.030947775628626717,-0.14065180102915953,0.6861898291127333,0.06586826347305391,0.0
2022-11-23,4.75,5.01,-0.002006018726865743,-0.017561426929947183,-0.029352212012527336,-0.3786162526925425,-0.053291297050223514,4.825,4.759,5.1259999999999994,2,23,11,4.870668606383879,5.2632344836460225,50.69637883008355,-0.27030232082259076,-0.40951446100066236,5.730529450755526,3.7874705492444742,0.07839310360828212,0.07023290534782442,0.0585259548919555,26781076.0,-0.018527487752432705,0,0,-1,0,0,-0.005988023952095681,-0.8957384101645331,0.5036613837238969,1.1149128084232907,-0.06126482213438733,-0.18524871355060035,0.0723433736335443,0.07999999999999997,0.0
2022-11-25,4.98,4.75,-0.022335953942063187,0.026170298841389043,0.00636269378782865,-0.15326779063315096,0.0472852729900119,4.895,4.7405,5.085,4,25,11,4.89054704158681,5.244961291152731,54.959785522788195,-0.24153913867163013,-0.3759193965348559,5.678144866000966,3.802855133999034,0.06422868169809717,0.06901806005356055,0.05939528358332459,26823488.0,0.5108543942046258,0,0,-1,0,0,0.025263157894736866,-0.918968017863464,0.6085569123536084,1.095627737243055,-0.04414587332053732,-0.06915887850467273,0.65317958650226,0.09732931726907615,0.0
2022-11-28,4.93,4.98,0.018311803642337688,-0.028140742828687757,0.0021119332031435513,0.2545786099557529,-0.010090902981962944,4.976999999999999,4.7195,5.0473333333333334,0,28,11,4.897720306752844,5.224641207852556,57.26256983240223,-0.2202399032123692,-0.34478349787035856,5.617649559694865,3.8213504403051357,0.061960631590818126,0.06904388101948175,0.059299724945764944,26768780.0,0.4687415313581283,0,0,-1,0,0,-0.004016064257028205,-0.8021111666148055,0.6086198751935691,1.0960376323696888,-0.04457364341085279,-0.0785046728971962,0.6645177470229243,0.0669371196754564,0.0
2022-11-29,5.13,4.93,-0.01013179893040684,0.023392879574705594,0.02087758502155518,0.24415400426297523,0.03976667112807948,5.039,4.717,5.023666666666667,1,29,11,4.939952978252326,5.218535323474971,69.87577639751552,-0.18508819562220857,-0.3128444374207286,5.610016178318161,3.8239838216818383,0.05644452953425642,0.06929080213498406,0.05957003691379326,26838617.0,0.9249552472337356,0,0,-1,0,0,-0.004056795131845756,-0.6770698581901236,0.6451913229407149,1.0999573835601073,0.028056112224448926,-0.009652509652509633,-0.5260407080565059,0.06822612085769991,0.0
2022-11-30,5.23,5.13,0.06504755652652165,0.022858138076049965,0.03651521297509747,1.0798853030036464,0.019305618894153474,5.045,4.7325,5.007333333333333,2,30,11,4.992688800388267,5.219274980024974,74.36708860759494,-0.14746120881371017,-0.2797677916993249,5.650756356821576,3.8142436431784237,0.032766172461753826,0.06828782507823224,0.05960370154760759,27044241.0,1.0835754009305882,0,0,-1,0,0,0.021442495126705714,0.5195438164305853,0.6511964036276006,1.0840356163828944,0.043912175648702645,0.06300813008130102,-0.8758022667045416,0.055449330783938815,0.0
2022-12-01,5.25,5.23,0.0,0.033336420267591926,0.01776947051197544,-1.3157024368020827,0.003816798526700811,5.064,4.7515,4.9959999999999996,3,1,12,5.039472654863127,5.221257239378201,68.72586872586872,-0.11470546463253672,-0.24675532628596727,5.697055253194244,3.805944746805756,0.03176178732637836,0.06819373254965315,0.05947174011406694,27099407.0,1.054406917662365,0,0,-1,0,0,0.0019120458891012976,-0.72341651610035,0.3883660251453641,1.0825419437977972,0.10526315789473695,0.07802874743326482,-0.08361865980149381,0.07238095238095237,0.0
2022-12-02,5.52,5.25,-0.01732478365730602,0.009066245237753042,-0.0013708021337788259,-0.14997506923969642,0.050149783685471516,5.095000000000001,4.7924999999999995,4.992000000000001,4,2,12,5.1268412630698315,5.24053096586993,76.20817843866169,-0.06619648597626071,-0.21064355822402597,5.797872410707417,3.7871275892925818,0.034346663122921325,0.0682070071765485,0.06020391482012093,27146890.0,1.4472249133793196,0,0,-1,0,0,-0.01904761904761898,-0.7314754768136866,0.4023460968512786,1.0827526719668707,0.10843373493975883,0.1744680851063829,0.006835257984096753,0.07916666666666672,0.0
2022-12-05,5.6,5.52,0.07119110085859867,0.0302245229087264,0.05285977209185871,0.5732268879737219,0.01438873745209967,5.139,4.8420000000000005,4.982666666666666,0,5,12,5.2128701243298625,5.263722516458968,72.99578059071729,-0.021054733627596356,-0.17272579330474006,5.905353186858021,3.7786468131419797,0.03394823819310878,0.06785855174121636,0.05975216457142063,27231124.0,1.4256787102688344,0,0,-1,0,0,0.001811594202898673,-0.41118652149773594,0.3099958851922688,1.0772211134176053,0.13590263691683568,0.21475054229934898,0.3920307734985092,0.05892857142857145,0.0
2022-12-06,5.09,5.6,-0.0036231923694203952,-0.019452425926815405,-0.07826300356313695,0.4932274172877789,-0.09548876717867219,5.149,4.876,4.952333333333333,1,6,12,5.190530101724433,5.252514612171292,48.1981981981982,-0.026131084538158156,-0.1434068515514237,5.92457597671722,3.8274240232827803,0.04504142102611375,0.07068243997118252,0.06187149596195159,27093183.0,0.4081726164850161,0,0,-1,0,0,-0.016071428571428546,0.060700058267597265,0.8527610225430488,1.1220489493380024,-0.007797270955165692,0.1541950113378685,-1.6022972479544815,0.12278978388998035,0.0
2022-12-07,4.87,5.09,-0.10314478305628572,-0.10536051565782628,-0.025446665661164262,-1.4004655328894866,-0.04418389346793287,5.135,4.927,4.920333333333334,2,7,12,5.1322519014109,5.227836250095725,45.92274678111589,-0.04736034995767824,-0.1241975512326746,5.858102346119084,3.9958976538809154,0.04733293721068434,0.06436823268347874,0.06213535783213613,27059183.0,-0.12243552008558557,0,0,-1,0,0,-0.02357563850687625,-1.076536004818341,0.8766415443694416,1.0218140160793472,-0.06883365200764824,0.264935064935065,-0.5289224423876169,0.03901437371663252,0.0
2022-12-08,4.9,4.87,-0.03897929360517267,0.05406722127027579,-0.014538158446027056,0.18357077619438655,0.006141268022082649,5.15,4.9875,4.889333333333332,3,8,12,5.0900242829725535,5.206685524283098,42.98642533936652,-0.06106008383385397,-0.11157005775291048,5.715203670170785,4.259796329829214,0.04394487462084843,0.06308352715511538,0.062159751049696496,27100034.0,-0.24048250293821938,0,0,-1,0,0,-0.018480492813141656,-0.9305891289505077,0.8796027078265765,1.0014199480633514,-0.06666666666666665,0.32791327913279145,-0.5602511535512122,0.11020408163265306,0.0
2022-12-09,5.03,4.9,0.022751756983416027,-0.02666824708216141,0.004175371410480592,-0.6329877718317337,0.026184778995066788,5.155,5.025,4.878666666666666,4,9,12,5.079110776977544,5.195286458200318,47.16157205240175,-0.06072728178431852,-0.1014015025591921,5.672017448720238,4.3779825512797625,0.041988205539871606,0.05338653446129176,0.06058400802362927,27121726.0,0.015455533725990215,0,0,-1,0,0,-0.00204081632653075,-1.1648815013836995,0.7775422685590399,0.8474849612649458,-0.08876811594202882,0.17523364485981308,-1.0145879495582717,0.07554671968190853,0.0
2022-12-12,4.95,5.03,0.004081638319648678,-0.007751976804317936,-0.0041753714104805105,0.47298989980910067,-0.016032407531048884,5.157,5.067,4.865333333333334,0,12,12,5.055636090254354,5.179461525413201,49.09090909090909,-0.0661562570243186,-0.0943524534522174,5.552932635574995,4.581067364425006,0.042212557409975565,0.05249081764536549,0.06065061568628366,27086915.0,-0.48154822884680826,0,0,-1,0,0,-0.02385685884691851,-0.897708830580954,0.7272592419112509,0.8332658976244687,-0.11607142857142849,0.2043795620437956,-0.7123914956273382,0.07272727272727261,0.0
2022-12-13,5.23,4.95,0.059305913958846206,0.02876516640313439,0.032155257917438076,0.9022487345583687,0.05502370149623274,5.167,5.103,4.867,1,13,12,5.087338619299016,5.182722072160737,54.471544715447166,-0.04731962785879951,-0.08494588833353384,5.516462911212642,4.6895370887873575,0.044128688110827076,0.04966221726992462,0.06123932177651736,27172729.0,0.6143235417538345,0,0,-1,0,0,0.05252525252525248,0.1913667842372443,0.6086911240764042,0.7883632587136657,0.027504911591355707,0.15964523281596477,0.05706366895067889,0.06764818355640528,0.0
2022-12-14,4.9,5.23,-0.021339316034995493,-0.030712586687529915,-0.011450584555746868,-0.6052524996068367,-0.0651760729602506,5.134,5.0895,4.866333333333333,2,14,12,5.0532770521537405,5.164481938472948,52.964426877470366,-0.05834711637175527,-0.07962613394117812,5.511299403559526,4.667700596440474,0.0482040503977228,0.04027863672354486,0.06166307477627739,27125880.0,-0.8985313796123313,0,0,-1,0,0,-0.024856596558317547,-0.5610484724421834,0.7167615390334453,0.6394035355152792,0.006160164271047375,-0.05222437137330749,-0.47777243939970493,0.0510204081632653,0.0
2022-12-15,4.63,4.9,-0.0585434556126103,-0.06233173112016917,-0.11038221075755694,0.8501084205579192,-0.05667833701843833,5.072000000000001,5.068,4.858333333333333,3,15,12,4.976317588125787,5.129999232765016,43.19066147859921,-0.0878604237095777,-0.08127299189485805,5.537292861095025,4.598707138904974,0.05049443686973677,0.04181606822839032,0.0625003381000778,27016258.0,-1.8666382394055245,0,0,-1,0,0,-0.01836734693877566,0.8891004976695039,0.8192566213795611,0.6638095040329803,-0.055102040816326636,-0.08498023715415015,0.32886984976343037,0.09719222462203028,0.0
2022-12-16,4.34,4.63,-0.06884438236350678,-0.051074929936415395,-0.018476276167573233,-0.5041461633506855,-0.06468251998582925,4.954,5.0245,4.846333333333334,4,16,12,4.860623481193826,5.079031540328564,39.50177935943061,-0.13311603004309003,-0.09164159952450444,5.589830830018582,4.4591691699814175,0.04754125339322684,0.04302976928372392,0.06323748112448338,26950044.0,-2.421590911564121,0,0,-1,0,0,-0.03023758099352045,-0.12878949478935137,0.8119148231780808,0.6830764109833165,-0.1371769383697814,-0.16698656429942416,1.5662613425274263,0.06682027649769587,0.0
2022-12-19,4.19,4.34,-0.04556596881423731,-0.02431058950061624,-0.04529975922966354,-0.38239235772292257,-0.03517361417826703,4.813,4.976,4.832333333333334,0,19,12,4.738691939158584,5.0216746667589796,32.97101449275364,-0.1790215218423592,-0.10911758398807539,5.648635038291887,4.303364961708113,0.04577181214591146,0.043432623330598906,0.06345425079558803,26904871.0,-2.3370771822889145,0,0,-1,0,0,-0.011520737327188899,-0.5840235009606254,0.8051298371408895,0.6894715207194395,-0.15353535353535352,-0.187984496124031,1.9683020152893331,0.08830548926014321,0.0
2022-12-20,4.26,4.19,-0.04774176288521532,-0.006734032181343956,-0.017220597751670407,-0.333267495285605,0.016568426347232487,4.73,4.939500000000001,4.827333333333333,1,20,12,4.65165704112975,4.972534365677755,32.23443223443222,-0.2073631861085401,-0.12876670441216834,5.684291740584708,4.194708259415293,0.04168086917028765,0.043437935286490356,0.06302622275956822,26937241.0,-1.8246711475789237,0,0,-1,0,0,-0.023866348448687475,-0.7994990048189057,0.5335556941226358,0.6895558454050242,-0.18546845124282996,-0.14629258517034072,1.66352096855065,0.0962441314553991,0.0
2022-12-21,4.58,4.26,0.05007005264480643,0.03974032864951412,0.038934357975454685,0.30247024024938357,0.0724298378448145,4.7010000000000005,4.918,4.8516666666666675,2,21,12,4.638628488197068,4.947209567892094,38.94389438943895,-0.20167801496542292,-0.14334896652281925,5.6788748427414895,4.157125157258511,0.04944040015631506,0.04713627713450262,0.05961353838097039,26981044.0,-0.888450980406083,0,0,-1,0,0,0.009389671361502356,-0.49799813930521203,0.9168882848545398,0.7482652021638853,-0.0653061224489796,-0.08582834331337319,1.0103939079496622,0.09388646288209601,0.0
2022-12-22,4.5,4.58,0.029784561357527495,-0.006514681021193754,-0.021713760223784472,0.3802427111185129,-0.01762160134981956,4.661,4.9055,4.878666666666667,3,22,12,4.613423308524874,4.918357337705507,32.04225352112677,-0.2013072624747707,-0.15494062571320955,5.685958030161266,4.125041969838734,0.049411190092794724,0.04588443735939314,0.05909037988582619,26916976.0,-1.0391333917499996,0,0,-1,0,0,-0.032751091703056845,-0.04780221417540072,0.8415053601611359,0.7283928618064529,-0.028077753779697567,-0.052631578947368474,0.8131275117116349,0.10888888888888894,0.0
2022-12-23,4.37,4.5,-0.0391304237757652,-0.042275483148238195,-0.009804000096620856,-0.053869534208250185,-0.029314387668775255,4.595,4.875,4.881666666666667,4,23,12,4.569164525156715,4.882979444950314,28.71972318339101,-0.20909305738978912,-0.16577111204852546,5.690107354893271,4.059892645106729,0.04827953836250891,0.04468139535480252,0.052014831667684405,26856268.0,-1.2391005846490597,0,0,-1,0,0,-0.05333333333333338,-0.14788063684762584,0.7201568965955549,0.7092951620409845,0.00691244239631339,-0.12248995983935751,1.356154309280611,0.0778032036613274,0.0
2022-12-27,4.44,4.37,0.02320289707966401,0.033522692038643435,0.055103759326284425,-0.17786421947312878,0.01589136733663466,4.5440000000000005,4.8505,4.892666666666667,1,27,12,4.5456800660373125,4.854400125921261,36.73469387755104,-0.20722616671192728,-0.17406212298120582,5.687800801134249,4.013199198865752,0.04910902772599903,0.044923012829090676,0.05146681000115178,26907084.0,-0.980531726337575,0,0,-1,0,0,-0.002288329519450752,-0.3734684009592309,0.6429605985383793,0.7131307205372285,0.059665871121718395,-0.09939148073022297,0.9520405133970314,0.05855855855855851,0.0
2022-12-28,4.31,4.44,0.020432038817205934,-0.022223136784710124,-0.023585999005879113,-0.8277586813002765,-0.029716472328477118,4.452,4.809500000000001,4.886,2,28,12,4.502829144939619,4.819277537152148,38.135593220338976,-0.21377232168839644,-0.18200416272264397,5.669181091421979,3.9498189085780226,0.043403302203292374,0.04395992728828748,0.048649821959026666,26884876.0,-1.1620588261951652,0,0,-1,0,0,0.002252252252252204,-0.9589305172194776,0.7031575057269905,0.697842211543744,0.011737089201877993,-0.1598440545808968,1.4397103533029711,0.06032482598607884,0.0
2022-12-29,4.44,4.31,-0.0022497197340154416,0.039652771919993786,0.023702542330992043,0.9058801005744934,0.029716472328477087,4.406000000000001,4.7700000000000005,4.861666666666666,3,29,12,4.491405664041506,4.794808018626203,40.65040650406505,-0.2060945534028562,-0.18682224085868643,5.620881895447965,3.919118104552035,0.04272679539613524,0.04437067756436314,0.04051011908828622,26939821.0,-0.7756658162911421,0,0,-1,0,0,0.030162412993039626,-0.06882113667165321,0.43400091217123243,0.7043626700324279,-0.03056768558951961,-0.15105162523900573,0.629473600697557,0.07646396396396399,0.0
2022-12-30,4.69,4.44,-0.029716472328477118,0.027690800145185983,0.004534627850617721,0.31172859767799427,0.054778206014054594,4.412,4.742,4.849333333333333,4,30,12,4.527513725124868,4.7880462109729,43.41085271317831,-0.17778753205774311,-0.18501529909849776,5.562695468875456,3.921304531124543,0.04387733907512058,0.046555772576169066,0.04184096791064448,27014864.0,-0.1267217913881057,0,0,-1,0,0,-0.029279279279279452,0.5851705101425652,0.5958636303144645,0.7390499779861454,0.04222222222222238,-0.10666666666666658,0.05916694108491024,0.0959488272921109,0.0
2023-01-03,4.66,4.69,0.09930976412767233,0.0,0.06511839937939301,-0.9761539969402924,-0.00641713432063354,4.444000000000001,4.699,4.831,1,3,1,4.551602138738528,4.779785165103681,44.26877470355732,-0.15597675998327798,-0.17920759127545383,5.433672143133161,3.9643278568668388,0.03784017042900773,0.04465051011736699,0.04142604586232928,26986591.0,-0.10616980748358351,0,0,-1,0,0,0.014925373134328228,-0.9595106998056456,0.523028526558682,0.7088048740963588,0.06636155606407312,-0.15579710144927528,-0.015043731422037885,0.03433476394849788,0.0
2023-01-04,4.52,4.66,-0.027690800145185945,-0.008438868645864595,-0.08856990311373537,-0.09079663063503049,-0.030503454293414854,4.476999999999999,4.6450000000000005,4.809666666666668,2,4,1,4.545856295331523,4.763024831871187,35.14644351464436,-0.14827912647783226,-0.1730218983159295,5.247748092621652,4.042251907378349,0.037301548504161466,0.044607618674219654,0.04170764658339685,26960772.0,-0.4147669699171126,0,0,-1,0,0,-0.0064377682403434005,-0.94233644890574,0.6042137174762211,0.7081239935447158,0.018018018018017834,-0.19285714285714284,0.6118719567377193,0.11280973451327435,0.0
2023-01-05,4.64,4.52,-0.035168459472665226,-0.00851068966790862,0.04006448101012909,-0.268919652014235,0.026202372394024117,4.515,4.6225,4.798,3,5,1,4.562973332543973,4.755087745944014,44.03669724770641,-0.1309857768484637,-0.16461467402243637,5.187733999052923,4.0572660009470765,0.037678187837419344,0.04091653266658147,0.041676557354176295,26980503.0,0.061921257494496694,0,0,-1,0,0,-0.011061946902654829,-1.208750906241589,0.5357300743457537,0.6495298196809505,0.07656612529002316,-0.08840864440078589,-0.32512361719843025,0.06418103448275854,0.0
2023-01-06,4.72,4.64,0.037325957612686346,0.014846508116994638,0.03757635157141601,0.17854710515093403,0.01709443335930004,4.529,4.615,4.788333333333333,4,6,1,4.591523635717796,4.752824020399239,52.26130653266331,-0.10956237441122596,-0.15360421410019431,5.1702998241832905,4.05970017581671,0.0301151826831881,0.040077464917280016,0.04180751466168228,27004091.0,0.3781740797574674,0,0,-1,0,0,0.0,-1.0036682706193705,0.520816430605469,0.6362100320942324,0.06306306306306286,-0.030800821355236208,0.002461816636684117,0.04237288135593224,0.0
2023-01-09,4.85,4.72,0.04426433871122801,0.024949319047948615,0.04721907193739085,0.347847731515961,0.027169905351927856,4.564,4.6125,4.791666666666667,0,9,1,4.63851933831456,4.759093438437998,63.934426229508176,-0.08115871296425947,-0.13911511387300735,5.162825262674714,4.062174737325286,0.030009857205007824,0.04055528223880468,0.04098922028481757,27037492.0,0.8631259224615362,0,0,-1,0,0,0.02754237288135591,-0.5742469880704495,0.39372856983997817,0.643795146923472,0.03411513859275028,-0.010204081632653184,-0.979346942778728,0.02061855670103104,0.0
2023-01-10,4.76,4.85,-0.014538158446027056,-0.004115232145106655,-0.025479085300984784,-0.4278692421952306,-0.018731036706063124,4.603,4.599,4.7843333333333335,1,10,1,4.660606731348276,4.759151926280707,66.1016949152542,-0.06515973362017657,-0.1243240378224412,5.118590932218085,4.079409067781915,0.028753251830257974,0.04027073085143824,0.04016190736576657,27015718.0,0.6197182822752727,0,0,-1,0,0,-0.014432989690721525,-1.0568197924583762,0.4277474069753491,0.6392780336863318,0.02145922746781115,-0.05367793240556673,-0.6146074921114163,0.042016806722688926,0.0
2023-01-11,4.77,4.76,-0.02542509836581017,0.0,-0.01348841043864095,-0.05367947407658475,0.0020986366569212054,4.636,4.59,4.778999999999999,2,11,1,4.68049641655768,4.759851802004533,64.91228070175436,-0.05108463887914105,-0.10967615803378117,5.089852609856248,4.090147390143752,0.028710138031036628,0.040144263940692516,0.040125893027325284,27036354.0,0.7202123043901515,0,0,-1,0,0,-0.021008403361344463,-1.0491138035644703,0.30814099448698307,0.6372704337168612,0.055309734513274256,-0.03636363636363649,-1.018886197334768,0.05498951781970645,0.0
2023-01-12,4.86,4.77,0.025425098365810177,0.0041152321451065794,0.03054639334321759,0.42304565600956257,0.018692133012152765,4.691000000000001,4.5715,4.77,3,12,1,4.71313343172901,4.7663129760687575,59.459459459459445,-0.03229549469309845,-0.09420002536564463,4.992839967748386,4.150160032251614,0.025727448409693366,0.038129330797920434,0.03955504604832181,27067857.0,1.369440461780665,0,0,-1,0,0,0.002096436058700351,-0.5339390392837385,0.2878413937598699,0.6052843616916808,0.0474137931034484,-0.07074569789674956,-1.0547714630952765,0.02880658436213985,0.0
2023-01-13,4.92,4.86,-0.004192878260036039,0.026343975339601852,-0.043203263008898984,-0.45185362563938786,0.012270092591814183,4.739,4.5725,4.759666666666666,4,13,1,4.750745535051008,4.77622826793529,64.38356164383559,-0.012420290619211016,-0.0778440784163579,4.9972042314501754,4.147795768549824,0.024964561699261482,0.035509719280255495,0.03944850372861111,27087907.0,1.6364329538862503,0,0,-1,0,0,-0.020576131687242906,-0.9480215445007145,0.28150983625602527,0.5636993180476293,0.04237288135593231,0.004081632653061051,-0.8847839006501549,0.0955284552845528,0.0
2023-01-17,4.62,4.92,-0.0021030501967787877,-0.028399474521697887,-0.029117398570727097,1.3287999659508876,-0.06291382541056921,4.732,4.572,4.738666666666666,1,17,1,4.726973619587188,4.76614902484269,57.66871165644171,-0.020638631693866927,-0.06640298907185971,4.99644266862384,4.14755733137616,0.02841468978564165,0.03601705862111396,0.040906736487215385,27012188.0,0.22617895677467736,0,0,-1,0,0,-0.03455284552845527,1.796368717387824,0.5111977159484541,0.5717530804050149,-0.04742268041237108,-0.002159827213822796,-1.3165528727256695,0.09956709956709955,0.0
2023-01-18,4.74,4.62,-0.04963262420241011,-0.002059732963010727,0.022472855852058576,-0.9861834804260575,0.025642430613337652,4.74,4.5920000000000005,4.712666666666666,2,18,1,4.7293420523895175,4.7644619909818715,58.928571428571416,-0.017269655251572757,-0.056576322307802324,5.008026314958557,4.175973685041444,0.029568787007190556,0.03317918247273999,0.039983067582112716,27040431.0,0.7114934545173804,0,0,-1,0,0,-0.02164502164502176,-0.5705096107192704,0.5558874148357092,0.5267031931638186,-0.004201680672268782,0.09216589861751157,-1.898125586151828,0.0738396624472573,0.0
2023-01-19,4.74,4.74,0.05173567439918889,-0.0020639842208514825,0.0036821016247928005,-0.5819122278606284,0.0,4.762,4.6195,4.684,3,19,1,4.7312798610459685,4.7628837980153,63.87096774193549,-0.014433338605882362,-0.04814772556741834,4.9943108294805345,4.244689170519466,0.0273851727923075,0.03188852846401194,0.03983565761730427,27040431.0,0.6429910265239975,0,0,-1,0,0,0.004219409282700331,-1.121622734881265,0.5555068279727585,0.5062146959494807,-0.0062893081761005165,0.13126491646778038,-1.8421316239346621,0.06822784810126571,0.0
2023-01-20,4.83,4.74,-0.014815085785140474,0.022472855852058576,0.016120525671387036,0.616433210210854,0.018809331957496074,4.781000000000001,4.648,4.675333333333333,4,20,1,4.7492289772194285,4.7672138755627,62.91390728476819,-0.004867183528993735,-0.03949161715973342,4.993229138248614,4.302770861751386,0.02682610357343928,0.031930376975535024,0.03654547801294916,27069666.0,1.054372182622281,0,0,-1,0,0,-0.010548523206751016,-0.4150998221590902,0.5557732014725758,0.5068790204748505,-0.006172839506172867,0.1338028169014085,-1.8415471539660848,0.0745341614906833,0.0
2023-01-23,5.43,4.83,0.04380262265839284,0.11980119981262058,0.006514681021193672,1.2602842716140443,0.11709266628136276,4.852,4.6905,4.694,0,23,1,4.873005526815896,4.809974270687687,69.89247311827955,0.05054638165693337,-0.02148401739640006,5.179730329998673,4.201269670001327,0.046589398750089134,0.0386440139013214,0.042234250818877654,27172761.0,3.0231159217050414,0,0,-1,0,0,0.014492753623188465,2.585838842039688,1.0602354452203173,0.6134547026653161,0.10365853658536572,0.18558951965065495,0.7069424051305538,0.17679558011049723,0.0
2023-01-24,5.06,5.43,0.0784716154414951,-0.03650040221952653,0.06087923671278177,-0.7721460889682576,-0.07057265064646995,4.872999999999999,4.718500000000001,4.699333333333334,1,24,1,4.907004521940278,4.826104962901384,59.09090909090908,0.06386987139910616,-0.004413239637298817,5.225598038897573,4.211401961102428,0.05310820157681967,0.04200212022214708,0.04426234251349664,27125129.0,1.3468795925238362,0,0,-1,0,0,-0.023941068139963148,0.3464287825886453,1.0960226430403384,0.6667629878714292,0.09523809523809512,0.12444444444444436,0.5414177878367534,0.09288537549407111,0.0
2023-01-25,4.86,5.06,-0.07643287875164692,-0.07625497075989132,-0.028927636906179485,-0.843079918129058,-0.040328045386971656,4.883,4.743,4.693666666666667,2,25,1,4.898458245223864,4.828291739488392,57.52212389380533,0.05762622522674299,0.007994653335509545,5.225977606543182,4.260022393456818,0.0545570271721685,0.042540391849777676,0.04464168333528356,27104629.0,0.484494512436735,0,0,-1,0,0,-0.029644268774703456,-0.7180239126956859,1.1704331793844982,0.6753077850585043,0.025316455696202445,0.11212814645308922,1.1228559594685725,0.04423868312757217,0.0
2023-01-26,4.78,4.86,0.01214589830210812,-0.003013563305264406,-0.012658396871923354,-0.1389257067517962,-0.016597891409037828,4.8839999999999995,4.76,4.688,3,26,1,4.876920382455888,4.825176143392367,53.15315315315317,0.04569600414894648,0.015534923498196932,5.221530634212849,4.298469365787151,0.054920154397424786,0.0427640063059238,0.04464854901298298,27086788.0,0.0866681364894052,0,0,-1,0,0,0.02263374485596696,-0.7556462668273776,1.1825036976045527,0.6788575545016339,0.00843881856540074,0.07657657657657646,1.2971425036195134,0.0543933054393305,0.0
2023-01-27,4.91,4.78,-0.03897929360517267,0.0020100509280243217,-0.012412169733649888,0.512438581540329,0.026833395303064535,4.889,4.79,4.677333333333333,4,27,1,4.882934858372999,4.830648650270279,54.18502202643173,0.046198583029317675,0.02166765540442108,5.203915831770897,4.376084168229103,0.05527431881608962,0.04227469947202161,0.04367195652148801,27116571.0,0.5798280268072482,0,0,-1,0,0,0.0,-0.26968648175863835,1.1905475687062654,0.6710900493177764,0.016563146997929712,0.13921113689095144,1.1707190600432937,0.06682281059063137,0.0
2023-01-30,4.79,4.91,-0.004192878260036039,-0.026451186087169832,0.020868879751873348,-0.23125140771607142,-0.0247435303836054,4.8759999999999994,4.807499999999999,4.673666666666667,0,30,1,4.86603761139609,4.828026156704454,48.67256637168142,0.03649321226004254,0.024632766775545375,5.187299115878604,4.4277008841213945,0.05575805035417088,0.0424878644084243,0.04233218129238303,27092937.0,-0.09215397966114652,0,0,-1,0,0,-0.030549898167006182,-0.4699946170505271,0.55374147780217,0.674473937777539,-0.11786372007366475,0.0788288288288288,0.479826703972888,0.02087682672233813,0.0
2023-01-31,4.74,4.79,-0.010559760215002217,-0.0020639842208514825,-0.011646505386323579,0.38822330167365837,-0.010493275715838656,4.888,4.8100000000000005,4.677333333333333,1,31,1,4.843121682051346,4.822347049820296,49.54954954954956,0.0244848082412652,0.02460317506868934,5.18719184006503,4.432808159934971,0.05190717664639802,0.04080398518239734,0.04109118945808848,27058092.0,-0.3711639148287615,0,0,-1,0,0,-0.01670146137787058,0.1079450041213695,0.39434973049723787,0.6477431837579274,-0.06324110671936745,0.010660980810234477,1.1630338688943465,0.030590717299577967,0.0
2023-02-01,4.56,4.74,0.01892800988551886,-0.0020682530640589573,-0.042420715883952256,-0.18848775217973368,-0.03871451218069051,4.869999999999999,4.805000000000001,4.684666666666667,2,1,2,4.791645012587464,4.805421433702858,45.60669456066946,0.0004385109816391619,0.019770242251279303,5.193058595685405,4.4169414043145965,0.05279490342333759,0.04171829520046734,0.039994229360235944,27029233.0,-1.2626959058452107,0,0,-1,0,0,0.012658227848101182,-0.17555683792895674,0.3878106051435681,0.6622574053320965,-0.06172839506172856,-0.02145922746781126,1.2494019921601018,0.0723684210526316,0.0
2023-02-02,4.75,4.56,-0.044735893841391414,0.0425596144187959,0.01980262729617973,0.8770614251775909,0.0408219945202552,4.871,4.8165,4.703333333333333,3,2,2,4.784073192117016,4.801845857334932,47.791164658634536,-0.003249482722987196,0.015166297256426006,5.181971577123757,4.4510284228762425,0.05463988124578429,0.04210510459716798,0.039986039462955404,27098605.0,-0.36391338841368304,0,0,-1,0,0,0.006578947368421108,1.526714741469603,0.5395541929732887,0.6683978141428134,-0.006276150627615107,0.05088495575221241,0.35040226367852567,0.09473684210526319,0.0
2023-02-03,4.71,4.75,0.0043478329361034225,-0.05150217167290532,-0.0537041789718611,0.4330090013639081,-0.008456710018223509,4.859,4.819999999999999,4.718333333333334,4,3,2,4.770605339004831,4.795920318152033,45.748987854251006,-0.009292788528913576,0.01027448009935809,5.17964895164892,4.460351048351079,0.05435241669655357,0.0418143364616179,0.03999439897809401,26991641.0,-0.6117076081866538,0,0,-1,0,0,-0.02947368421052625,2.466705734077759,0.4789804048983833,0.6637820130877288,-0.04073319755600813,0.015086206896551824,1.3692300137927098,0.09278131634819539,0.0
2023-02-06,4.98,4.71,-0.008714652102443775,0.06920174877230628,0.04933735980552084,-0.69633088270787,0.05574198300823537,4.814,4.833,4.7316666666666665,0,6,2,4.808677095549407,4.807796426658354,57.37704918032788,0.00761678998244264,0.009742942075975002,5.196207929430393,4.469792070569607,0.03920034295056157,0.04353084765613248,0.0390252865724869,27044953.0,0.8094536935387702,0,0,-1,0,0,-0.02972399150743093,0.46323814625985504,0.6294373040119013,0.6910307835477928,0.039665970772442716,0.05508474576271194,0.281735045383099,0.11244979919678706,0.0
2023-02-07,4.9,4.98,0.015201161332050338,-0.03168581907414081,-0.04704114754517035,0.8161934519036563,-0.016194685919980606,4.798,4.8355,4.745,1,7,2,4.825281259994969,4.813745044293299,53.33333333333334,0.014396467847665129,0.010673647230313027,5.199887012306908,4.4711129876930915,0.0333313814195574,0.043358397851862046,0.03900010570068805,26924368.0,0.35401920387697544,0,0,-1,0,0,-0.06827309236947805,2.3161431828632764,0.6412195586810834,0.6882932277733449,0.03375527426160341,0.01030927835051565,0.3553634207605047,0.12448979591836722,0.0
2023-02-08,5.0,4.9,0.014973541790162581,0.07833873390518926,0.07721585066738344,-0.697593756340717,0.02020270731751947,4.812,4.847499999999999,4.766,2,8,2,4.857048303632247,4.82576149304857,55.199999999999996,0.027521326940386892,0.0140431831723278,5.217186923022362,4.477813076977636,0.031303384914618704,0.04329057049437732,0.03862232110577022,26984393.0,0.8250224203401194,0,0,-1,0,0,-0.03877551020408171,0.40648372890073015,0.49985602014127356,0.6872165018533972,0.09649122807017552,0.050420168067226934,0.05890474326980486,0.133,0.0
2023-02-09,5.01,5.0,0.06573207608332145,-0.014051753455650415,0.037811096887020126,-0.30893648193690154,0.001998002662673058,4.835,4.8595,4.785,3,9,2,4.884857702971838,4.8376478483357594,53.71900826446281,0.038288423643341396,0.018892231266530522,5.234142285528972,4.484857714471027,0.03054501677968796,0.04329072739902257,0.03857177229429603,27028465.0,0.8034330656909321,0,0,-1,0,0,0.0060000000000000496,-0.12535490167159125,0.46452560334568366,0.6872189926374226,0.054736842105263195,0.05031446540880502,1.1949173911728277,0.08153692614770461,0.0
2023-02-10,4.91,5.01,-0.032326047017149494,-0.06127341714427442,-0.018883087001501164,-0.46663302278912244,-0.020161973290344193,4.835,4.862,4.805000000000001,4,10,2,4.889429029704231,4.842315729088291,36.45833333333335,0.038310639879065356,0.02277591298903749,5.237323018774711,4.48667698122529,0.030398803923451585,0.04342755460029214,0.038325091471278126,27000827.0,0.2557796756335497,0,0,-1,0,0,-0.027944111776447043,-0.6344509862735787,0.5008027412052815,0.6893910571203122,0.0424628450106157,0.010288065843621297,1.022425712516339,0.037678207739307634,0.0
2023-02-13,4.95,4.91,0.004098366392282185,0.016907414189290218,0.014868086831540854,-0.9962158547395132,0.008113634774169631,4.851,4.8635,4.822,0,13,2,4.9004419333943705,4.849263101405176,46.54088050314467,0.041082340463987954,0.026437198484027584,5.240036850787687,4.486963149212313,0.0291603346150071,0.043381908820331196,0.03803735279001721,27011033.0,0.45945038218197515,0,0,-1,0,0,-0.004073319755600909,-1.147091781573677,0.26768003128719914,0.6886664528272548,-0.006024096385542244,0.0060975609756097615,0.059944974172055104,0.04002020202020205,0.0
2023-02-14,4.78,4.95,-0.008213598537388856,0.09045711015525118,-0.04876963850722217,3.063563061761744,-0.03494703007723433,4.8549999999999995,4.8715,4.825,1,14,2,4.8785434000499395,4.844794514217746,47.43589743589743,0.029224472369964616,0.026994653261214994,5.232742009565322,4.5102579904346785,0.03134343220140337,0.04175185758921326,0.03735940981381926,26792587.0,-0.5065855995547188,0,0,-1,0,0,-0.020202020202020308,3.282789179118433,0.3506736703488882,0.6627901917362583,-0.02448979591836742,0.03463203463203457,-0.42755305637078866,0.19037656903765693,0.0
2023-02-15,4.58,4.78,-0.06385147198653278,-0.13895146009386183,-0.02399242674322108,-0.7416672915638802,-0.04274154837727102,4.857,4.8635,4.822333333333334,2,15,2,4.824262781859042,4.82771099717144,44.047619047619044,0.003646661500059878,0.022325054908983972,5.2435983252307405,4.48340167476926,0.03190032977827787,0.04249295133479984,0.0381628455158456,26688537.0,-1.4917192798884336,0,0,-1,0,0,-0.048117154811715565,0.9022603169962354,0.34777371373543214,0.6745546902303032,-0.08399999999999996,-0.03375527426160341,0.13229755926333892,0.0655021834061135,0.0
2023-02-16,4.39,4.58,0.006571765163234519,-0.0022592790283950843,-0.04515439748054418,-1.0152379839364167,-0.042369771039013654,4.821,4.846,4.818,3,16,2,4.7453059124301245,4.79947157799909,35.05747126436782,-0.03159118646354031,0.011541806634479113,5.278636957324749,4.413363042675251,0.030912813311139223,0.04344933929272503,0.038530018496141946,26650838.0,-2.108002990866611,0,0,-1,0,0,0.0,-0.4340097656130053,0.33324623058264463,0.6897368783917048,-0.12375249500998009,-0.07383966244725748,1.406091876913378,0.11141230068337123,0.0
2023-02-17,4.41,4.39,-0.026550232094120954,-0.06407519479194652,0.0,0.3595356457015729,0.004545462371674638,4.791,4.825,4.810333333333333,4,17,2,4.684341201079192,4.774344379418504,38.41463414634148,-0.05724373188842957,-0.0022153010701026245,5.299641138679982,4.350358861320018,0.03113784195611168,0.04318475060304754,0.0382100829433702,26704848.0,-1.7486895516648673,0,0,-1,0,0,0.01594533029612763,-0.13371777870376422,0.39960301963751066,0.6855366631560624,-0.10183299389002032,-0.08695652173913038,0.5584014186627889,0.04308390022675725,0.0
2023-02-21,4.36,4.41,-0.015819538944892766,-0.01560789766599083,0.001753657747865546,-1.332973869044867,-0.011402632097811649,4.729,4.7715,4.798333333333334,1,21,2,4.625370073610248,4.747612483972149,38.41463414634148,-0.08067813378099586,-0.017907867612281272,5.1977578908065,4.345242109193499,0.021745526628222298,0.030962098925355234,0.038095667131575944,26690606.0,-1.930756046399149,0,0,-1,0,0,-0.004535147392290354,-0.8478523694640696,0.3275311931493149,0.491508082950421,-0.11919191919191918,-0.19705340699815832,0.8413695971655852,0.02577981651376148,0.0
2023-02-22,4.42,4.36,0.0022753138371356054,-0.0022497197340154416,0.0028546453383284905,0.5447608780053169,0.013667638728663615,4.681,4.7395,4.784000000000001,2,22,2,4.588030060226566,4.726476194683623,45.39473684210528,-0.0933326864457582,-0.032992831378976656,5.170629483543023,4.308370516456976,0.02326935923953106,0.028226659662360994,0.03780974231704544,26715162.0,-1.4821533307086663,0,0,-1,0,0,0.009174311926605512,-0.6101610977756344,0.4081771000021353,0.44808433085199356,-0.07531380753138084,-0.1264822134387351,-0.10927678159301397,0.020361990950226415,0.0
2023-02-23,4.44,4.42,-0.009132483563272587,0.020663411987634495,0.002296212260350378,0.15381320171649293,0.004514680354526834,4.625,4.718500000000001,4.7733333333333325,3,23,2,4.5611155038217355,4.707993859542744,38.51851851851855,-0.10058816005552007,-0.04651189711428534,5.165538206304413,4.271461793695588,0.021431943853468645,0.027202725287951236,0.037704614589605466,26743801.0,-1.2459785140170074,0,0,-1,0,0,-0.013574660633484075,-0.5394104857253197,0.34601072704882624,0.4318298765707613,-0.03056768558951961,-0.08641975308641969,-1.4000839767362352,0.03889639639639636,0.0
2023-02-24,4.35,4.44,0.004576667027411673,-0.0072403916554939175,-0.002296212260350379,-1.0815101616695257,-0.02047853134354079,4.559,4.697,4.759333333333333,4,24,2,4.522730866763237,4.684897481507728,37.14285714285714,-0.11230583128760685,-0.05967068394894964,5.17206675431329,4.22193324568671,0.02101498857025125,0.027306532022041606,0.03784894122984762,26734090.0,-1.460847330820231,0,0,-1,0,0,-0.013513513513513624,-0.9057129201638925,0.2180464416199102,0.43347775738766287,-0.009111617312072884,-0.08995815899581605,-0.48181439251535857,0.03448275862068974,0.0
2023-02-27,4.39,4.35,-0.004576667027411755,-0.008928630744301431,-0.011537566857534745,0.7448703073838123,0.009153381986487201,4.507,4.671,4.743666666666667,0,27,2,4.498597981897194,4.665871837539488,24.78632478632477,-0.11701562121260256,-0.07113967140168023,5.153838100795789,4.188161899204212,0.02206544525438458,0.02649666163348418,0.03770252693285499,26754543.0,-1.163951227282483,0,0,-1,0,0,0.002298850574712799,-0.6777859219518305,0.22872980873005602,0.4206214635337536,-0.0045351473922903285,-0.10590631364562131,-0.5921334663687935,0.036423690205011475,0.0
2023-02-28,4.4,4.39,0.006857169726136824,0.0,-0.009369117961778872,0.851424250706951,0.0022753138371356054,4.452,4.6515,4.726333333333334,1,28,2,4.480671076097704,4.648718815762747,27.272727272727295,-0.11857439541352388,-0.08062661620404897,5.145475281718133,4.157524718281868,0.02157489303954626,0.02614945998772445,0.03760856370948353,26802464.0,-1.0182695746444614,0,0,-1,0,0,0.0,-0.15770585156858086,0.20886759973573993,0.4151098082769181,0.00917431192660545,-0.0814196242171189,-1.612949471482874,0.04545454545454549,0.0
2023-03-01,4.08,4.4,-0.011454878974766478,0.015573173462970106,-0.04562616082677529,0.14269453697652465,-0.07550755250814517,4.382,4.6185,4.708333333333333,2,1,3,4.407821789534485,4.612027279261925,15.151515151515198,-0.14397144761751068,-0.09329558248674133,5.172158644597903,4.0648413554020975,0.02841987115484799,0.030340897971765993,0.03828779939387067,26747193.0,-1.94524191125414,0,0,-1,0,0,-0.013636363636363748,-0.030862869014689806,0.5397670559627624,0.48164682352606114,-0.07692307692307687,-0.139240506329114,-1.69803788665747,0.11274509803921567,0.0
2023-03-02,4.07,4.08,-0.06423134865780976,-0.06145277921366368,-0.004926118336056001,-1.0005443156158154,-0.002453988961566703,4.331,4.593999999999999,4.686000000000001,3,2,3,4.3463996459827605,4.577057777374059,14.393939393939462,-0.16302644353097584,-0.10724175469558823,5.1994976204926,3.9885023795073997,0.02703380562171332,0.02946094388096726,0.037884397076564554,26726871.0,-1.7308077926836487,0,0,-1,0,0,-0.0024509803921568107,-0.7227739296091028,0.5256310742429317,0.46767798538961675,-0.08333333333333337,-0.10745614035087703,-1.6937876593849723,0.05159705159705159,0.0
2023-03-03,4.18,4.07,0.0,0.025493848826219766,0.0,0.25348268466776125,0.026668247082161273,4.3100000000000005,4.5655,4.667333333333333,4,3,3,4.316145164894985,4.551441146575733,22.556390977443627,-0.1673227914001476,-0.11925796203650013,5.19332749893757,3.93767250106243,0.027241700709858842,0.028396494094453297,0.038311269346809326,26753056.0,-1.2280443295406962,0,0,-1,0,0,0.0,-0.5581248273413245,0.60689709390917,0.4507803688802263,-0.039080459770114984,-0.1200000000000001,-1.7412954534461784,0.07655502392344504,0.0
2023-03-06,4.15,4.18,0.007343974255758285,-0.00688866099518538,0.012270092591814401,0.16057317675895666,-0.007202912294057885,4.284,4.5375,4.644666666666667,0,6,3,4.285936953095897,4.525541717764396,19.69696969696973,-0.17117522586858502,-0.12964141480291713,5.187742869607073,3.8872571303929266,0.027058257248637176,0.028392236925114753,0.038079134358865716,26722310.0,-1.1918623582421037,0,0,-1,0,0,-0.01913875598086126,-0.40215326791073114,0.5896879867221412,0.4507127884120731,-0.05466970387243719,-0.11889596602972385,-1.4927839978545785,0.05783132530120486,0.0
2023-03-07,4.19,4.15,0.0,-0.015090245723589859,0.0,-0.6170803621062728,0.009592399691439508,4.267,4.497999999999999,4.6033333333333335,1,7,3,4.268493870714825,4.503893865005403,25.210084033613484,-0.16905191696643662,-0.13752351523562104,5.130808277277277,3.8651917227227215,0.027385254919996185,0.02454272003665364,0.02952237385842696,26738898.0,-0.973438594467191,0,0,-1,0,0,-0.012048192771084508,-0.6466612424735396,0.6020094682669207,0.3896036022844054,-0.04772727272727273,-0.15863453815261042,-1.550132483370262,0.04176610978520303,0.0
2023-03-08,4.13,4.19,0.019324272826402842,0.013937507843781458,0.0024360547978813426,0.4476461979309039,-0.014423326961105052,4.2379999999999995,4.4595,4.572333333333333,2,8,3,4.243313166948493,4.479771680166345,28.571428571428584,-0.17024816307482205,-0.14406844480346126,5.082953032883549,3.836046967116452,0.026839197278458446,0.02451678308836204,0.02730495353366291,26712944.0,-1.057016271060617,0,0,-1,0,0,-0.002386634844868896,-0.38334667266228817,0.2576354486060381,0.38919186599472033,0.01225490196078427,-0.15714285714285725,0.896237768831028,0.054479418886198464,0.0
2023-03-09,3.82,4.13,-0.019324272826402814,-0.03880557442179512,-0.07579383936953367,0.6666569873494423,-0.07802698435445758,4.176,4.4005,4.537666666666667,3,9,3,4.166347136594221,4.437205765316904,25.641025641025678,-0.19397458765461373,-0.15404967337369174,5.031871939760524,3.7691280602394754,0.03405898833735348,0.02773272354034549,0.029476626280405305,26662393.0,-1.8388527061249513,0,0,-1,0,0,-0.0072639225181598665,0.15450158129590047,0.6146431730576118,0.44024333799756554,-0.061425061425061545,-0.236,-1.302742272272961,0.09424083769633505,0.0
2023-03-10,3.76,3.82,-0.07335778457165247,-0.07724885233397057,-0.04290202154420946,-0.007286476870038937,-0.015831465216680628,4.117,4.338,4.503666666666667,4,10,3,4.092465839031636,4.393515070780329,23.140495867768607,-0.21513945491622088,-0.16626762968219758,4.962772800810637,3.713227199189364,0.03400192143266837,0.027510667117984902,0.029469102035825475,26612209.0,-1.8502726086988786,0,0,-1,0,0,-0.002617801047120363,0.1399693412930945,0.5097084178043941,0.4367183015740205,-0.1004784688995215,-0.24950099800399206,-1.6617547796035648,0.055851063829787224,0.0
2023-03-13,3.64,3.76,-0.021220955482885422,0.0011133696112754494,-0.0027434859457508326,-0.7088930071605106,-0.03243527575315373,4.042,4.274500000000001,4.461333333333333,0,13,3,4.010199322844065,4.344901195246114,21.875,-0.238842533768862,-0.18078261049953046,4.912505939587216,3.6364940604127844,0.03337466323105848,0.0277783526865933,0.029039253023226956,26587509.0,-1.9890096960868926,0,0,-1,0,0,-0.007978723404255268,-0.40384179247355834,0.49903901130419737,0.4409676782386129,-0.12289156626506026,-0.25865580448065173,-1.0273109072683888,0.0616208791208791,0.0
2023-03-14,3.51,3.64,-0.03547438819365988,-0.043447733437836054,-0.03636764417087495,0.20678373567414673,-0.03636764417087495,3.9530000000000003,4.2025,4.418666666666667,1,14,3,3.9192539914178712,4.2910366020044295,16.296296296296333,-0.2650618401774123,-0.19763845643510683,4.844532135612466,3.560467864387533,0.03296451057663061,0.0276293607441407,0.02931076883716986,26557135.0,-2.157212891966505,0,0,-1,0,0,-0.010989010989010999,-0.3073213670971988,0.38995502825097994,0.43860250447612076,-0.16229116945107414,-0.290909090909091,-1.4488527682034753,0.05413105413105425,0.0
2023-03-15,3.43,3.51,-0.06305813596713691,-0.04448861828685243,-0.14047444685845425,0.7677911818789646,-0.023055776299925737,3.8880000000000003,4.135,4.375,2,15,3,3.830298720250985,4.235485853488015,14.184397163120579,-0.28896515043849913,-0.2159037952357853,4.804658200326389,3.4653417996736104,0.027772948009902418,0.02735985334187244,0.02940537409784516,26491679.0,-2.1055517565718898,0,0,-1,0,0,-0.03703703703703701,1.2891887755695954,0.3661885274474605,0.43432420709876357,-0.1694915254237288,-0.2824267782426778,-1.607238140696497,0.14256559766763857,0.0
2023-03-16,3.67,3.43,-0.023953241022492872,0.06057475603847668,0.054115537618121504,-0.4086172230924044,0.06763140088863027,3.8480000000000003,4.0895,4.345333333333333,3,16,3,3.801153498387169,4.199002895198466,28.205128205128204,-0.2852544658802225,-0.22977392936467275,4.75550063221178,3.42349936778822,0.03908344624860274,0.03271979460015048,0.03235842344350628,26535179.0,-1.2597585639126065,0,0,-1,0,0,-0.03790087463556861,0.6144347085154416,0.6962515462769852,0.5194106367666735,-0.03926701570680624,-0.1986899563318778,2.0623850998409647,0.14724795640326976,0.0
2023-03-17,3.49,3.67,0.0758380763915046,-0.01608613775162427,0.08064460797689428,-0.7942765579502008,-0.05028992585214305,3.779,4.0445,4.303333333333333,4,17,3,3.7445801350440475,4.153260772927597,23.529411764705884,-0.29345544560373504,-0.24251023261248522,4.745701224967536,3.3432987750324648,0.0385611416520056,0.03313768574519884,0.03191800282633774,26515521.0,-1.581571680869989,0,0,-1,0,0,-0.029972752043596698,-0.8316698650875373,0.7592036354036592,0.5260444530360374,-0.07180851063829774,-0.20501138952164,2.0173052464559444,0.06017191977077362,0.0
2023-03-20,3.33,3.49,-0.00563381771825602,-0.04138521616285448,-0.08675092640865499,0.8744890124891324,-0.046929432221983355,3.6970000000000005,3.9905,4.257333333333333,0,20,3,3.6692019286724022,4.100147174674204,21.081081081081052,-0.30930002577909477,-0.2558681912458071,4.738000396057759,3.242999603942241,0.03937325295690428,0.03381177083475203,0.032589488880493254,26468388.0,-1.7672231439164703,0,0,-1,0,0,0.014326647564469863,0.9326088311409472,0.7859974306670171,0.536745222092764,-0.0851648351648352,-0.24489795918367352,2.0078327450624127,0.105105105105105,0.0
2023-03-21,3.74,3.33,-0.07020425867324857,0.06539203003463999,0.030771658666753472,-0.09426475017646829,0.11611330743408811,3.6519999999999997,3.9595000000000007,4.216,1,21,3,3.68207430527742,4.07691187308232,41.23711340206185,-0.2854825313207119,-0.2617910592607881,4.693787337993848,3.2252126620061534,0.060106478875629366,0.04556739600758886,0.03893991175597283,26511281.0,-0.5978586001488145,0,0,-1,0,0,-0.009009009009009084,0.5859982747290158,1.2282162586840975,0.7233599863732658,0.06552706552706566,-0.14220183486238536,0.7937389454092366,0.13098930481283422,0.0
2023-03-22,3.78,3.74,0.11170398958000126,0.005289555616645316,0.09841829227302817,-0.7296383092926004,0.010638398205055577,3.617,3.9275000000000007,4.178666666666667,2,22,3,3.699878977045161,4.057756268367332,42.63959390862942,-0.26037785581832384,-0.2615084185722953,4.632486002101566,3.222513997898435,0.060414012391916565,0.04550012501386698,0.03907357644972254,26531959.0,-0.41844802467085285,0,0,-1,0,0,-0.013368983957219322,-0.8628872145579047,1.1854230828327408,0.7222920924542481,0.1020408163265305,-0.14479638009049778,0.4871731812545917,0.044629629629629596,0.0
2023-03-23,4.08,3.78,0.005405418566907982,0.09028684667210053,0.013285697306973316,0.7810749734409166,0.07637297878457416,3.643,3.9095000000000004,4.148000000000001,3,23,3,3.768991890309677,4.059191347827505,47.68518518518519,-0.21381005756638638,-0.25196874637111355,4.576763855332233,3.2422361446677677,0.06088367512124363,0.04939388753720957,0.041924504581942856,26577116.0,0.5110422170705085,0,0,-1,0,0,-0.018518518518518476,0.6804255312507593,1.21108157028819,0.7841036562608951,0.11171662125340598,-0.08108108108108114,0.40785973976263,0.11764705882352941,0.0
2023-03-24,4.29,4.08,0.11448319765382815,0.05595865364804463,0.10056856477379103,0.26050406210514776,0.05018974452385531,3.6959999999999993,3.9065,4.124,4,24,3,3.8637206375260993,4.074082228612827,52.99145299145299,-0.15813659674146185,-0.23320231644518324,4.565918404035104,3.2470815959648958,0.06165235545090268,0.05066881103906,0.04320041455605928,26635711.0,1.1631461835256405,0,0,-1,0,0,0.01960784313725492,1.4209109605119732,1.0271943381593915,0.804342439420062,0.2292263610315186,-0.013793103448275779,-0.3233030501515383,0.07682983682983685,0.0
2023-03-27,4.15,4.29,0.009569451016150672,-0.03931142021488824,-0.003781279826452793,-1.472637272817293,-0.03317839869731856,3.747,3.8945,4.098666666666667,0,27,3,3.915771430703172,4.078980149347483,49.18032786885246,-0.12388375311234512,-0.21133860377861563,4.52497100188017,3.26402899811983,0.06171345931896306,0.0511520150967329,0.04342050436893547,26622274.0,0.8105051595967361,0,0,-1,0,0,-0.020979020979020945,-1.4956628018844174,0.9564327372270897,0.8120130660346608,0.24624624624624625,-0.05466970387243719,-0.09866447891181637,0.042168674698795136,0.0
2023-03-28,4.14,4.15,-0.031441525834819004,-0.019048194970694474,-0.008647367041182295,0.6105709394894957,-0.002412546405384101,3.81,3.8815000000000004,4.071666666666667,1,28,3,3.956540261484413,4.08291691390571,50.2092050209205,-0.09643341974922137,-0.1883575669727368,4.477884722174677,3.2851152778253243,0.059541366579389875,0.05114409312441401,0.04335555542152244,26597530.0,0.8668900808102417,0,0,-1,0,0,-0.019277108433734955,-0.6969394552121199,0.7039277816577892,0.8118873086227673,0.10695187165775377,-0.059090909090909194,0.24793860434431053,0.03140096618357486,0.0
2023-03-29,4.24,4.14,0.04092026978936273,0.05153365011518288,0.011938378681122271,0.24606032198501282,0.023867481406643486,3.8909999999999996,3.8894999999999995,4.0536666666666665,2,29,3,4.008078395759974,4.093051306556955,59.633027522935784,-0.0658505839832495,-0.16385617037483935,4.50119221706861,3.277807782931389,0.05777566177385043,0.048599995297820824,0.04330805495565328,26629177.0,1.1460011758190702,0,0,-1,0,0,0.024154589371980808,-0.18648819944146142,0.697613336180238,0.7715010076616543,0.12169312169312185,0.03921568627450989,-0.04605562245942251,0.07113207547169803,0.0
2023-03-30,4.32,4.24,0.007050557996666542,0.0022805026987250815,0.02460649189695083,-0.21969735232208612,0.018692133012152546,3.9559999999999995,3.902,4.045,3,30,3,4.064791414712706,4.107693157746829,62.727272727272734,-0.03475747238332083,-0.13803643077653563,4.538920221395356,3.2650797786046435,0.055357518033704915,0.04870739077114862,0.042851306989396466,26654582.0,1.3125662711234107,0,0,-1,0,0,0.007075471698113057,-0.6315238639934754,0.4990130586025732,0.7732058579478108,0.05882352941176472,0.06142506142506132,-0.3620957341852956,0.0486111111111111,0.0
2023-03-31,4.3,4.32,0.023149181866965622,-0.004566217979581083,0.0,-0.18340066667249136,-0.004640379556502336,4.037000000000001,3.908,4.042,4,31,3,4.107556612037669,4.120100050795421,65.7142857142857,-0.011596117455931143,-0.11274836811241473,4.558072060783866,3.2579279392161338,0.05101172558761193,0.048436211387589675,0.0421758417970619,26633434.0,1.2060201434509294,0,0,-1,0,0,0.011574074074074032,-0.8923882362292009,0.35756595426308024,0.7689010186903023,0.002331002331002363,0.028708133971291794,-0.6613066689893063,0.044186046511628,0.0
2023-04-03,4.25,4.3,-0.01382510499184243,0.0034266167166475134,-0.002395210725954822,0.12962861931098543,-0.011696039763191187,4.129,3.9130000000000003,4.036666666666667,0,3,4,4.1334554098490015,4.128480692679588,68.31683168316832,0.002693788740240066,-0.08965993674188377,4.572380889847433,3.2536191101525676,0.046922832663486624,0.04849321331446782,0.042221061824045246,26609359.0,1.0221709642752144,0,0,-1,0,0,0.0023255813953487877,-0.6660804813255802,0.24888756777680635,0.7698058962269286,0.02409638554216853,0.02409638554216853,0.45170025518107254,0.050588235294117614,0.0
2023-04-04,3.99,4.25,-0.014018921179330818,-0.03127064288782091,-0.07208088217552802,-0.4004930655470718,-0.06312775203455336,4.154000000000001,3.903,4.024333333333334,1,4,4,4.107372608058274,4.119546454442196,62.72727272727273,-0.006881854994841952,-0.07310432039247541,4.550654878856417,3.255345121143583,0.04007266350559582,0.05047248958902609,0.04362403070991396,26593229.0,0.2686616061740123,0,0,-1,0,0,0.0,-1.1905173380554954,0.5384369364803336,0.801225933017158,-0.03623188405797084,-0.04773269689737469,-1.2084704144265663,0.09273182957393486,0.0
2023-04-05,4.02,3.99,-0.060624621816434854,-0.026223195099102557,-0.007762005335489189,0.15551366870067715,0.007490671729157438,4.178,3.8974999999999995,4.011,2,5,4,4.091486679320405,4.1131241025427,58.79396984924622,-0.011912551881361644,-0.06086596669025266,4.538875987932191,3.256124012067808,0.040054531829902845,0.05041130849907125,0.043560863017001655,26612073.0,0.3819912260667644,0,0,-1,0,0,0.0025062656641603475,-0.9686572142036268,0.4886775904494717,0.8002547133233958,-0.051886792452830344,-0.026634382566586012,-1.4578227889987108,0.07213930348258697,0.0
2023-04-06,4.16,4.02,0.014888612493750559,0.012004946096823621,0.04111701593222314,-0.5032832061681748,0.03423317164224239,4.186,3.9145000000000003,4.001666666666667,3,6,4,4.1039436467166945,4.116148353991558,67.17948717948717,-0.004550134320870036,-0.049602800216376135,4.565183041928931,3.2638169580710694,0.0329455528528179,0.04773665535452934,0.04407179915367759,26623465.0,0.7545916650055063,0,0,-1,0,0,0.009950248756218916,-1.3065040914421884,0.5568719588574397,0.7577959109405071,-0.03703703703703709,0.08900523560209428,-0.7973046344923058,0.04288461538461557,0.0
2023-04-10,4.04,4.16,-0.017391742711868996,-0.01927770542590319,-0.018009440922073693,2.3533880108464493,-0.029270382300113224,4.161,3.9284999999999997,3.991333333333333,0,10,4,4.092317529131841,4.111235556959844,68.58638743455496,-0.008302654644464447,-0.041342771101993796,4.577232367168294,3.279767632831705,0.029245685233614944,0.04813012452521433,0.0442269926378012,26503608.0,0.34374730056000097,0,0,-1,0,0,-0.040865384615384595,3.3959676729778705,0.576520397066659,0.7640420403857269,-0.0604651162790697,0.07446808510638303,-0.13737669735095662,0.04207920792079217,0.0
2023-04-11,4.19,4.04,0.01985176855273153,0.033495954428182186,0.0300022503037987,-2.028380217260725,0.036456041960987694,4.165,3.9560000000000004,3.9846666666666666,1,11,4,4.110077978380597,4.116317133930177,63.63636363636363,0.0008177656677572642,-0.032910663748043585,4.599850260461224,3.3121497395387767,0.030378000129488124,0.04784335160565137,0.04475154475876232,26519375.0,0.7268770842225751,0,0,-1,0,0,0.007425742574257487,-0.7552396279850938,0.6735132366791814,0.7594896614182578,-0.014117647058823457,0.15109890109890123,-0.6191741689579656,0.045346062052506055,0.0
2023-04-12,4.24,4.19,0.05264373348542188,0.011696039763191236,0.03271036630552848,0.20889911513400408,0.011862535309819948,4.175,3.9925000000000006,3.979333333333334,2,12,4,4.133700164129579,4.124296673676617,63.855421686746986,0.011942678839237608,-0.023939995230587346,4.612207061527063,3.372792938472938,0.030517435893166578,0.04671882640935608,0.04480764336105919,26538805.0,0.7987644981489093,0,0,-1,0,0,0.023866348448687263,-0.5830609525799607,0.4229636970206559,0.7416383773437173,0.06265664160400997,0.2079772079772082,-0.9877647931648816,0.024764150943396117,0.0
2023-04-13,4.03,4.24,-0.025975486403260677,-0.014051753455650302,-0.04261143728824,0.13839602078163923,-0.0507968932852748,4.154000000000001,4.0225,3.9776666666666665,3,13,4,4.114845588833292,4.118213017310384,48.40764331210192,0.0037705432460750643,-0.018397887535254866,4.5827959744176345,3.4622040255823654,0.03353826218671422,0.048084217274483226,0.043700709327579544,26516491.0,0.026771564824450863,0,0,-1,0,0,-0.014150943396226532,-0.4000620303317599,0.615475429558748,0.7633132853728718,0.0024875621890549926,0.17492711370262382,-0.5024067564303463,0.05459057071960313,0.0
2023-04-14,4.05,4.03,-0.019324272826402814,-0.0214790316771243,-0.02010117932108715,-0.16362145671764527,0.0049505051598559835,4.127000000000001,4.0415,3.977,4,14,4,4.103055481772693,4.113812177483908,41.30434782608696,-0.0010796546488078818,-0.01493424095796547,4.576674344441701,3.5063256555582996,0.03273801601988907,0.04590540532517682,0.04370443962573178,26535437.0,0.031765349323189335,0,0,-1,0,0,0.01736972704714625,-0.48738032010401977,0.544853140146534,0.7287257179442281,-0.02644230769230782,0.10354223433242504,-0.23776035429725448,0.0518271604938271,0.0
2023-04-17,3.81,4.05,-0.042347547829092176,-0.04936865865371158,-0.10423311982251804,1.4048713943194848,-0.06108769197983815,4.078,4.0575,3.9646666666666666,0,17,4,4.04977266690493,4.094211391839785,38.513513513513516,-0.0240126626331314,-0.016749925292998655,4.5397698523933965,3.5752301476066037,0.03680029952990331,0.046600509748213954,0.04474190152781676,26458232.0,-1.0263963163847518,0,0,-1,0,0,-0.029629629629629547,1.648112624144075,0.6598187543500575,0.7397601585756919,-0.05693069306930698,0.09169054441260749,-0.24925585009667794,0.10498687664042004,0.0
2023-04-18,3.91,3.81,-0.0468835858988505,0.0,0.05480823649499516,-0.5929681245729189,0.025908184858664834,4.044,4.0865,3.9566666666666666,1,18,4,4.024359454740397,4.0823267859146375,42.67515923566881,-0.03372926247688213,-0.02014579272977535,4.43607267146161,3.73692732853839,0.03867622589107638,0.04519463458458324,0.04502724037600615,26500902.0,-1.0098043377477408,0,0,-1,0,0,-0.015748031496063006,0.3484040545767372,0.6127016282870399,0.7174425822314772,-0.06682577565632464,0.17417417417417425,-0.46145687973371624,0.051150895140665,0.0
2023-04-19,3.79,3.91,0.021108963210235265,-0.0012666246151930537,0.007968169649176881,-0.9779118659803289,-0.031171354902939395,4.024,4.089,3.943333333333334,2,19,4,3.981748644787597,4.063466993274983,35.849056603773576,-0.050530253665268976,-0.026222684916874076,4.428715050874555,3.749284949125446,0.035013700799142476,0.03711975688001542,0.04529924073346943,26484854.0,-1.7602988106076651,0,0,-1,0,0,-0.020460358056266004,-0.6096272254869446,0.5765158738552417,0.5892578725901979,-0.10613207547169812,0.013368983957219305,0.46263498319863444,0.04353562005277046,0.0
2023-04-20,3.66,3.79,-0.005235614053945052,-0.034819765159227925,-0.05996346476755717,-0.36936010346604814,-0.03490287168106002,3.9880000000000004,4.083,3.9276666666666666,3,20,4,3.923248891189852,4.0374368646765975,29.878048780487788,-0.0734879504235173,-0.03567573801820272,4.448922050947534,3.7170779490524666,0.03589561683566465,0.037877377737563445,0.045626784251791515,26473762.0,-2.311967802457744,0,0,-1,0,0,0.0052770448548812715,-0.7700002502575077,0.5390502167776057,0.6012847308530833,-0.09181141439205953,-0.03174603174603163,0.3249703516389382,0.06830601092896174,0.0
2023-04-21,3.65,3.66,-0.04016604172533464,-0.00922880643762159,0.013947227480850333,0.35669297478951856,-0.00273597981887486,3.937,4.0615,3.9219999999999997,4,21,4,3.873567274609879,4.012440937923269,30.06134969325153,-0.09143500115521075,-0.046827590645604336,4.475531526896672,3.647468473103327,0.03264717921976463,0.03282965209041375,0.043553259225257455,26457916.0,-1.9877713327018964,0,0,-1,0,0,0.0,-0.537024361033302,0.5202938573941046,0.5211545703600393,-0.09876543209876543,-0.10539215686274517,0.4887677452823812,0.0452054794520548,0.0
2023-04-24,3.44,3.65,-0.0248975516217272,-0.03581248802140576,-0.05699548104936404,-0.2878082952351608,-0.059255696209093135,3.877,4.019,3.9113333333333333,0,24,4,3.7947368610444463,3.9755092645088643,27.374301675977648,-0.12120622322528085,-0.06170331716153964,4.502883413536749,3.535116586463251,0.03538775352816907,0.0319924665869705,0.04470710497020503,26446033.0,-2.3931384453458966,0,0,-1,0,0,-0.021917808219178103,-0.6108564151597544,0.5122056304899872,0.5078646625000038,-0.09711286089238846,-0.1981351981351982,0.55275292130491,0.06749999999999992,0.0
2023-04-25,3.24,3.44,-0.05468988629662033,-0.0717579732872233,-0.07298070340623623,0.4724830909181668,-0.05989814158106884,3.782,3.9735,3.898,1,25,4,3.6938756135818194,3.9280570538953894,28.323699421965316,-0.15910440321493446,-0.08118353437221862,4.564744005200439,3.3822559947995603,0.032377534134989235,0.03339918909353095,0.045560161842034874,26426973.0,-2.4812090898116876,0,0,-1,0,0,-0.017441860465116296,-0.3495431349688734,0.36281116659811613,0.5301956899962221,-0.17135549872122757,-0.21927710843373494,0.7118655128008232,0.06790123456790129,0.0
2023-04-26,3.21,3.24,-0.05472489968924649,-0.0393788377487115,-0.006329135051647512,0.24916100955437406,-0.009302392662313561,3.679,3.9269999999999996,3.888,2,26,4,3.6058982292942154,3.8817307923537516,26.589595375722553,-0.18937671627560304,-0.10282217075289551,4.603277738025305,3.2507222619746945,0.030327108415665865,0.033333296639598456,0.045157130559461876,26402520.0,-2.120430585497613,0,0,-1,0,0,-0.012345679012345689,-0.1421657302652302,0.41346439672731305,0.5291496797179351,-0.15303430079155678,-0.2246376811594203,0.12996706320187765,0.03398753894081003,0.0
2023-04-27,3.03,3.21,0.0,-0.018300273837966518,-0.0454623740767574,0.9799854423127686,-0.05770831762064673,3.5789999999999997,3.8665,3.8746666666666667,3,27,4,3.5011894603316307,3.8267804186535095,18.079096045197744,-0.2252951756105941,-0.12731677172443523,4.635074209683579,3.0979257903164203,0.030931512736470816,0.03356684132523757,0.04608472578206713,26337367.0,-2.1767579225547666,0,0,-1,0,0,-0.0031152647975077217,1.2908334927551137,0.44730439964503654,0.5328570866672664,-0.1721311475409837,-0.2853773584905661,0.6358581562975401,0.06270627062706284,0.0
2023-04-28,2.88,3.03,-0.05789397841890262,-0.03822121282019774,-0.0830927585615372,0.30814942941182044,-0.05077232537342314,3.4619999999999997,3.7945,3.8483333333333336,4,28,4,3.3882459220895162,3.7656978109984447,17.777777777777786,-0.26283476425640595,-0.15442037023082938,4.649170758400237,2.9398292415997638,0.02929758405122962,0.03329703779546882,0.044692343200222244,26248700.0,-2.140005355306063,0,0,-1,0,0,-0.00330033003300323,1.8361549053801862,0.3314715645789219,0.5285740884115732,-0.21095890410958906,-0.33333333333333337,2.093515601717538,0.10763888888888891,0.0
2023-05-01,3.09,2.88,-0.047466537238923724,0.00647251450561752,-0.029306126585499474,-0.5279870152987876,0.0703807967617996,3.3899999999999997,3.7339999999999995,3.835,0,1,5,3.3340193908005133,3.7221044038372546,20.4301075268817,-0.2724987181611711,-0.17803603981689775,4.6090675161929076,2.8589324838070915,0.042869173003901404,0.03912835686285073,0.04626448275442588,26300995.0,-1.4718864272366168,0,0,-1,0,0,0.0,0.5820442276698302,0.8829789097519797,0.621143408818143,-0.1017441860465117,-0.2813953488372093,1.6362373105139048,0.13268608414239488,0.0
2023-05-02,3.07,3.09,0.0573512964714656,0.03390262694392048,0.0922639767379808,-0.512899353552511,-0.006493529310548343,3.306,3.675,3.8263333333333334,1,2,5,3.2860158652004197,3.680033151976787,18.032786885245883,-0.27856023511605965,-0.19814087887673015,4.562610630614711,2.7873893693852883,0.040115306361245974,0.03917325313617874,0.045561219837367495,26269683.0,-1.3632103517755516,0,0,-1,0,0,-0.01294498381877024,-0.11867065893808708,0.8160784621062424,0.6218561150622599,-0.05246913580246926,-0.27764705882352947,1.228169332118421,0.08368078175895763,0.0
2023-05-03,3.07,3.07,0.009788006366162944,0.03315288520280476,0.03987239124737714,0.8338029492092583,0.0,3.2339999999999995,3.629,3.804,2,3,5,3.2467402533457976,3.640676174429898,20.37037037037034,-0.2801348112474842,-0.21453966535088098,4.542844395369734,2.715155604630266,0.04064727050234248,0.037774116918075605,0.03900073847186597,26269683.0,-1.2234030275446035,0,0,-1,0,0,0.0032573289902280886,1.1038170259958149,0.8190205706499158,0.599645516161834,-0.04361370716510904,-0.230576441102757,1.0381698683573306,0.07980456026058635,0.0
2023-05-04,2.99,3.07,-0.0032520353863773432,-0.06383489744668307,-0.03987239124737723,-1.6266773061603896,-0.026404174196510626,3.167,3.5775000000000006,3.7776666666666667,3,4,5,3.2000602072829256,3.598697066402163,18.452380952380963,-0.2845578003960654,-0.22854329235991788,4.514367681496643,2.640632318503358,0.04041042548746525,0.03759074506391329,0.039041165060887756,26255513.0,-1.254179243458311,0,0,-1,0,0,0.0,-0.7447913538226527,0.7305677704826026,0.5967345782204603,-0.013201320132013028,-0.2562189054726367,1.2601102959990365,0.053511705685618624,0.0
2023-05-05,3.1,2.99,-0.036488293263136795,0.0,-0.01365208916832732,1.462758663726347,0.03612872408850548,3.112,3.5244999999999997,3.7449999999999997,4,5,5,3.1818674423223934,3.566523062118153,27.096774193548384,-0.27600535257348824,-0.23803570440263194,4.442357344724376,2.606642655275624,0.04398387954784972,0.03772733796390613,0.036481499123876576,26316697.0,-0.9249803413132203,0,0,-1,0,0,-0.010033444816053593,0.6821704832590074,0.6249823659354491,0.5989029232858892,0.07638888888888906,-0.2548076923076923,0.778610694379494,0.06451612903225798,0.0
2023-05-08,3.16,3.1,0.02995232228335111,0.03785941104342246,0.046988509435918945,-0.26676396558448795,0.019169916107720123,3.084,3.4805,3.707333333333333,0,8,5,3.1778915437183217,3.54029576778795,25.16556291390728,-0.26137303188544614,-0.2427031698991948,4.378462020062662,2.5825379799373387,0.04248197589864221,0.038259543975847084,0.035107292718381485,26363555.0,-0.7138386542843648,0,0,-1,0,0,-0.016129032258064602,0.4233120258578942,0.383747371561983,0.6073514318089848,0.02265372168284796,-0.2178217821782178,0.16024699538252493,0.05696202531645574,0.0
2023-05-09,3.27,3.16,0.06351340572232593,0.018405427542715343,0.01948113557182249,-0.47011460898351054,0.034217957310341246,3.087,3.4345,3.678,1,9,5,3.1946385357695357,3.5228573311564695,32.66666666666666,-0.23815542414540847,-0.24179362074843752,4.271624778475815,2.597375221524185,0.04031985798674941,0.038107615658614605,0.03573128703944927,26392838.0,-0.393011900327479,0,0,-1,0,0,0.028481012658227802,-0.31510177137807005,0.41823912084779497,0.6049396445419507,0.06514657980456029,-0.21957040572792375,-0.8547286148315202,0.05504587155963308,0.0
2023-05-10,3.19,3.27,0.027315810646962924,0.0150832422113285,-0.009660662200251052,0.9953100069540508,-0.024769068112408858,3.085,3.382,3.646333333333333,2,10,5,3.19379516562962,3.5013826646302455,33.79310344827586,-0.22363273518503268,-0.23816144363575656,4.1337726420032235,2.6302273579967768,0.041056969383643525,0.03779104551146672,0.035854068177436305,26313611.0,-0.5107927298029474,0,0,-1,0,0,0.021406727828746128,1.5186687250406246,0.49507456282334694,0.5999142492507881,0.039087947882736174,-0.24764150943396235,-0.4139397566030163,0.08147335423197492,0.0
2023-05-11,3.0,3.19,-0.06813780516721803,-0.06060216697872614,-0.026349775322781988,-1.371846121913824,-0.06140862812864349,3.082,3.3305,3.605,3,11,5,3.158559680969689,3.4690353959444233,30.06134969325153,-0.22486273403163182,-0.23550170171493162,4.03499608717399,2.6260039128260093,0.04159848942140311,0.038357541978473256,0.036514768727765,26293516.0,-0.9382592920445155,0,0,-1,0,0,-0.02194357366771155,-0.7630947119517054,0.6676859745824226,0.6089071018725641,0.0033444816053511683,-0.25558312655086857,-0.8743689683731655,0.047866666666666724,0.0
2023-05-12,2.99,3.0,-0.02269141120207088,-0.020439043024399743,-0.03386706951157731,0.3649264496298035,-0.0033389012655145986,3.093,3.2775,3.5606666666666666,4,12,5,3.1279124662479276,3.4381298865286545,34.26573426573427,-0.2240615908598036,-0.233213679543906,3.9098847929205416,2.645115207079458,0.037919990969811274,0.03818674450077858,0.03611519308192458,26264571.0,-0.9092565261483877,0,0,-1,0,0,0.016666666666666607,-0.44667750936737505,0.5898799844979936,0.6061957759693408,-0.03548387096774186,-0.2617283950617283,-0.5284837721359011,0.060167224080267534,0.0
2023-05-15,3.08,2.99,-0.04013916759034415,0.00647251450561752,-0.05314430747805247,0.5360093754339889,0.029656209582888022,3.0919999999999996,3.2409999999999997,3.52,0,15,5,3.1192011087483045,3.415024732559064,43.93939393939394,-0.21370101896324512,-0.22931114742777386,3.826505629440603,2.6554943705593965,0.031133787123093903,0.037883792866971064,0.03689315491867771,26314043.0,-0.5499520137964184,0,0,-1,0,0,-0.02006688963210704,0.43305566986564165,0.6236758665498354,0.6013865678753285,-0.025316455696202556,-0.19160104986876636,-0.5009416334110348,0.11363636363636366,0.0
2023-05-16,3.07,3.08,0.03685509238915429,0.012820688429061469,0.09033916708230438,-1.4914033632036408,-0.0032520353863773432,3.0919999999999996,3.1990000000000003,3.4806666666666666,1,16,5,3.110255452612249,3.3927650723939635,44.615384615384606,-0.20394614332960836,-0.2242381466081408,3.6963148954782463,2.7016851045217543,0.031074589393455004,0.03696578055879039,0.036915256485634464,26302909.0,-0.5187859892109072,0,0,-1,0,0,-0.012987012987012998,-1.052500599744184,0.5229891749321983,0.5868135742676739,-0.061162079510703404,-0.21483375959079287,-0.37594541062655673,0.04234527687296428,0.0
2023-05-17,3.22,3.07,-0.01324522675002068,0.02515855963615493,-0.0033277900926745796,0.856595263315894,0.04770379795721117,3.107,3.1705,3.455,2,17,5,3.130209006682749,3.381618938691127,57.48031496062994,-0.1820134499604671,-0.21579320727860607,3.583370567205443,2.757629432794557,0.03463514053226572,0.03900126549918891,0.03713330654640334,26329131.0,0.2397845907740335,0,0,-1,0,0,-0.02280130293159604,-0.4753829834704431,0.6559475680789927,0.6191258959659435,0.009404388714733702,-0.1503957783641161,-0.709086680255079,0.06832298136645969,0.0
2023-05-18,3.22,3.22,0.03278982282299097,0.0031007776782481854,0.03278982282299097,0.32480567965289014,0.0,3.13,3.1485,3.4283333333333332,3,18,5,3.1465346418313396,3.3711919103884735,65.17857142857144,-0.16275548848936827,-0.2051856635207585,3.492732173794191,2.8042678262058085,0.03295089856096839,0.03850676442871013,0.03706106421512499,26329131.0,0.4154172993878753,0,0,-1,0,0,-0.037267080745341644,-0.12170980037485335,0.37793313703381437,0.611275934832691,0.07333333333333347,-0.1202185792349727,0.9329923474636356,0.04037267080745338,0.0
2023-05-19,3.2,3.22,0.02861880530565266,0.018405427542715343,0.004827040748315944,0.5275514379642735,-0.006230549750636086,3.1399999999999997,3.1260000000000003,3.396333333333333,4,19,5,3.1562556160438233,3.3601472710085725,55.91397849462368,-0.14740802023150623,-0.1936301348629081,3.378932277187985,2.873067722812016,0.03154210276846792,0.03850061653690408,0.03622327449444623,26267636.0,0.5851368660631757,0,0,-1,0,0,-0.00931677018633548,0.8477261490100211,0.386922086935326,0.6111783400758541,0.07023411371237454,-0.12328767123287665,0.8953496110258721,0.054687499999999944,0.0
2023-05-22,3.26,3.2,0.009360442759563893,0.0060606246116909545,-0.008058061329762535,0.4789580521789395,0.018576385572935238,3.15,3.117,3.3703333333333334,0,22,5,3.1751182313085824,3.3536861567499554,59.7938144329897,-0.12891746224906164,-0.1806876003401388,3.3330019493121736,2.9009980506878263,0.031509163493839774,0.03685448948254562,0.0363241364143096,26366913.0,1.3240621249517621,0,0,-1,0,0,0.0062500000000000056,2.0676238572381775,0.36473774846873497,0.5850468832023674,0.058441558441558294,-0.05232558139534893,1.4227457951935094,0.06748466257668718,0.0
2023-05-23,3.28,3.26,0.018462062839735352,0.0,0.03809984623227038,-0.031983650222825594,0.006116227017436054,3.151,3.119,3.3399999999999994,1,23,5,3.194187643797931,3.3489322111531843,60.60606060606061,-0.11136597138248483,-0.166823274548608,3.3404687812176403,2.89753121878236,0.029597056393744346,0.0344273277096608,0.0354716952112149,26463065.0,1.4539295255504467,0,0,-1,0,0,0.0061349693251533804,1.698886858374142,0.3462418642202633,0.5465168845457123,0.0684039087947883,0.012345679012345512,1.3572471462334175,0.03048780487804881,0.0
2023-05-24,3.01,3.28,-0.06291382541056921,-0.03379737958329061,-0.06433085838114014,-1.3603828779936196,-0.08590334363526796,3.133,3.109,3.299,2,24,5,3.160698981289216,3.3270656168852373,50.84745762711862,-0.11788413698408418,-0.15703544703570327,3.33122795314562,2.88677204685438,0.039169252859616886,0.03914545613660994,0.037787796951377704,26438396.0,-0.8909770224552098,0,0,-1,0,0,-0.06097560975609748,-0.9155298914340694,0.634671982830933,0.621414851373943,-0.0652173913043479,-0.06230529595015577,-1.9347268347063638,0.06312292358804,0.0
2023-05-25,3.25,3.01,-0.022989518224698833,0.02925535814878955,-0.0003322811128761814,1.052445459093566,0.07671491758086182,3.1580000000000004,3.12,3.273,3,25,5,3.176935530145722,3.3220936416023186,55.72519083969466,-0.10250225377184385,-0.14612880838293138,3.347480479211839,2.892519520788161,0.042286965916945286,0.041089490404254456,0.0404767737036752,26509064.0,1.142955214886274,0,0,-1,0,0,0.0,0.7516558810393816,0.9225548377686608,0.6522754386481929,0.009316770186335255,0.0726072607260726,-0.37125569529186636,0.08800000000000001,0.0
2023-05-26,3.53,3.25,0.07671491758086182,0.0745414355328538,0.04579465518963343,0.14773810043500715,0.08264287460355917,3.2119999999999997,3.1525000000000003,3.255666666666667,4,26,5,3.241129070119227,3.33550695504733,62.09150326797385,-0.06694662158251719,-0.13029237102284855,3.4181372675211943,2.8868627324788063,0.04844339168478419,0.04289503318477154,0.04383431294961169,26590983.0,2.84222167712127,0,0,-1,0,0,0.0,1.192585873626014,1.082287364646676,0.6809375417206105,0.10312499999999991,0.22569444444444442,-0.8750107115179562,0.11331444759206798,0.0
2023-05-30,3.65,3.53,0.06549959761712174,0.03867885456511134,0.07047325665738569,-0.682570853594672,0.033429296649194674,3.2689999999999997,3.1805,3.250333333333333,1,30,5,3.315469239188458,3.3557968289152442,62.33766233766234,-0.028754070760879102,-0.10998471097045466,3.5248055558524407,2.836194444147559,0.04856877617349517,0.04077315826660953,0.04305394117420575,26632378.0,2.7272287189069577,0,0,-1,0,0,-0.01699716713881009,-0.28379817224327214,1.0850847803607107,0.6472538216407573,0.11963190184049077,0.18122977346278324,-1.0890033065944449,0.08493150684931508,0.0
2023-05-31,3.49,3.65,0.022793009528556566,-0.002713705871596162,0.025067776729080737,0.2053069572533098,-0.04482543138006427,3.311,3.2015000000000002,3.2363333333333335,2,31,5,3.3472021047905565,3.3644550980174865,59.259259259259274,-0.01126698312841734,-0.0902411654020472,3.567949536988759,2.8350504630112416,0.05212468391039564,0.04235205393138488,0.04345014923197748,26581549.0,1.5745687789413148,0,0,-1,0,0,-0.02739726027397263,0.028395920298049066,1.1918069845342878,0.6723180132914388,0.0640243902439026,0.1368078175895766,-0.46254807679471327,0.061375358166189095,0.0
2023-06-01,3.8,3.49,-0.017045867272988496,0.05292240145434253,-0.0045692551807396484,0.9408427388283124,0.08509933051800413,3.3689999999999998,3.2380000000000004,3.2366666666666664,3,1,6,3.4295289948286367,3.392554769113133,72.98850574712644,0.02729146995260967,-0.06673463833111583,3.685712313646664,2.790287686353337,0.05643739965741984,0.04604453610551105,0.04620335636428943,26711780.0,2.5105407328310947,0,0,-1,0,0,0.0,2.4166699312758797,0.896406157930473,0.7309343506111005,0.2624584717607974,0.23778501628664506,-1.5250019911505583,0.11315789473684204,0.0
2023-06-02,4.06,3.8,0.08509933051800413,0.05332087662797087,0.061817431023210447,-0.9242776376372996,0.06618190688130118,3.4530000000000003,3.2915,3.25,4,2,6,3.544160086677975,3.435615751750995,76.88442211055276,0.07793081102802812,-0.03780154845928704,3.8551450917687915,2.7278549082312087,0.05811860023673375,0.04680452536258736,0.04728211544830632,26763458.0,2.726893256848372,0,0,-1,0,0,0.0,-0.1035399703463839,0.8752986464134695,0.7429988060509284,0.24923076923076914,0.357859531772575,-1.4867475215940538,0.10406403940886709,0.0
2023-06-05,4.03,4.06,0.06371581438610778,0.04479697933055251,0.07352391684655162,0.02968391573147794,-0.007416597655049483,3.536,3.338,3.2626666666666666,0,5,6,3.6324946163728886,3.4739631226057694,74.6113989637306,0.1143242456480511,-0.007376389637819416,3.982739033294859,2.6932609667051413,0.058189960999414564,0.04683647683468133,0.047314436055444165,26710223.0,2.1466049494897814,0,0,-1,0,0,-0.0024630541871920658,-0.039806567626250296,0.8615577049620108,0.7435060199460268,0.14164305949008504,0.30000000000000004,-0.32276553957801507,0.08188585607940448,0.0
2023-06-06,4.3,4.03,0.0,0.015877948453977234,-0.0042876599030409,0.18203974757692834,0.06484864674092498,3.6400000000000006,3.3950000000000005,3.291333333333333,1,6,6,3.7538592315778176,3.5272558243731393,78.08219178082194,0.1630732414825644,0.026713536586257355,4.1632241997320705,2.626775800267931,0.05961108895396613,0.04829909823039369,0.04715759100456187,26774087.0,2.356083029708339,0,0,-1,0,0,0.004962779156327438,0.279533215093515,0.9066926487769427,0.7667244147978093,0.17808219178082196,0.360759493670886,-0.725853374179768,0.0966046511627906,0.0
2023-06-07,4.5,4.3,0.07604612798905105,0.034246438728591316,0.10533509009750922,0.2551936259816383,0.04546237407675741,3.7620000000000005,3.4564999999999997,3.3333333333333335,2,7,6,3.88952118947276,3.5900135131232593,78.5714285714286,0.21536293062376322,0.06444341539375853,4.366451415707841,2.5465485842921582,0.05920575869538431,0.048600958984078506,0.04590977452249712,26856517.0,2.29352904339024,0,0,-1,0,0,0.016279069767441926,0.8008826455993645,0.5835691008091746,0.7715163057067327,0.28939828080229213,0.37614678899082565,-1.3655474947381852,0.028888888888888867,0.0
2023-06-08,4.5,4.5,0.029314387668775307,0.01980262729617973,-0.0022909517465558244,0.10383199151482768,0.0,3.911,3.522,3.3763333333333336,3,8,6,4.000517336841349,3.6487223187282103,78.5714285714286,0.2538763573797027,0.10233000379094737,4.534045349515035,2.509954650484965,0.04539265186295739,0.04779818492587484,0.045792754630715846,26856517.0,1.9327197155120586,0,0,-1,0,0,0.0,1.0565485897453863,0.5775749682149749,0.7587726626048468,0.1842105263157896,0.4106583072100314,-0.3976618598162563,0.05111111111111101,0.0
2023-06-09,4.48,4.5,-0.0022246950221110513,0.003262645634816591,0.004576667027411673,-0.17907910737984906,-0.004454350349380197,4.034000000000001,3.596,3.424666666666667,4,9,6,4.087696002870194,3.7023531368747777,78.57142857142861,0.27956207512433107,0.1377764180576241,4.662314854263208,2.5296851457367926,0.04541067418780614,0.04454297540565967,0.0440711350410042,26780062.0,1.6580468638614598,0,0,-1,0,0,-0.002222222222222175,0.5024868415319642,0.5417586480327551,0.7070978134694513,0.10344827586206917,0.4933333333333334,0.7820513422724392,0.0502232142857144,0.0
2023-06-12,4.47,4.48,-0.002229655327269092,-0.018630675863130584,0.004578543550327451,0.05574481954165102,-0.002234637801416488,4.128,3.6699999999999995,3.4776666666666665,0,12,6,4.157205820530159,3.7518787409473733,77.62557077625573,0.29570259956671086,0.16936165435944148,4.764291407355383,2.5757085926446157,0.042539468219921835,0.04451174249357326,0.042538835753623695,26699224.0,1.462133385353708,0,0,-1,0,0,0.0,0.5759465926157138,0.5261444787580253,0.7066020063608455,0.10918114143920588,0.49498327759197314,0.8104490466252683,0.026823266219239254,0.0
2023-06-13,4.49,4.47,-0.013483350337287101,0.0,-0.002298040851602334,0.31980906009437365,0.004464293128685528,4.212000000000001,3.7405,3.5243333333333333,1,13,6,4.2177138531610385,3.7994994673378653,77.62557077625573,0.3065739210008638,0.19680410768772594,4.856215017377326,2.624784982622674,0.042844828596465545,0.04461199721792265,0.041173749521193286,26810527.0,1.3435330497958604,0,0,-1,0,0,-0.011185682326621885,1.4326846261540858,0.33818879055496814,0.7081935007711724,0.04418604651162794,0.45779220779220786,2.1058470833494387,0.028953229398663672,0.0
2023-06-14,4.43,4.49,0.015713005664556332,0.017544309650909525,-0.02514259992427098,-0.7648274535374403,-0.013453117697118752,4.306,3.8085,3.569666666666667,2,14,6,4.256311334404486,3.8401769210580032,85.85858585858587,0.3068112933951337,0.2188055448292075,4.917909990182649,2.699090009817351,0.03852957622924211,0.044945059984367985,0.0413071141174597,26758725.0,1.1204153658246367,0,0,-1,0,0,0.0,-0.6133991817708052,0.10496076066517888,0.7134807082771096,-0.015555555555555656,0.44299674267100975,-0.8816076140431893,0.07200902934537246,0.0
2023-06-15,4.49,4.43,-0.03859729949814397,-0.021978906718775115,-0.00023361756910352617,0.29725924514770585,0.013453117697118676,4.375,3.8720000000000008,3.617,3,15,6,4.298800182694579,3.8821009906671646,84.44444444444446,0.3082871687080777,0.23670186960498157,4.984959071456857,2.7590409285431443,0.03130228914599769,0.044419597861510965,0.04123277693862289,26828459.0,1.11055296793806,0,0,-1,0,0,-0.02483069977426624,-0.05887405090840227,0.15992108817541986,0.7051392556743271,-0.0022222222222221255,0.39440993788819867,0.23702549811069573,0.04899777282850774,0.0
2023-06-16,4.48,4.49,0.025144181801025164,0.006644542718668732,0.016222835506887166,0.30985182599684197,-0.002229655327269092,4.417,3.9349999999999996,3.6666666666666665,4,16,6,4.331745604022838,3.9206751203015413,81.04575163398695,0.3051325163896381,0.2503879989619129,5.035133963135108,2.8348660368648915,0.02599261581193806,0.04446903767819705,0.040668749086019355,26733396.0,0.990788428069044,0,0,-1,0,0,-0.013363028953229508,0.8170005842000309,0.15714262689947986,0.7059240884332232,0.0,0.3913043478260869,0.05137173343616448,0.040178571428571556,0.0
2023-06-20,4.42,4.48,-0.00679504313282869,-0.0022099456508029554,-0.002301496988279163,0.0687256445539364,-0.013483350337287101,4.456,3.996,3.710666666666667,1,20,6,4.347791857836866,3.952889628669184,76.19047619047619,0.2943973042724597,0.2591898600240222,5.059210629229462,2.9327893707705384,0.026507923792464323,0.04469962508926945,0.040746386753659665,26631570.0,0.7975842008037196,0,0,-1,0,0,-0.01785714285714287,0.9826913287657443,0.18483984460700725,0.709584550104182,-0.01118568232662187,0.38124999999999987,0.36821504046692255,0.04072398190045243,0.0
2023-06-21,4.53,4.42,-0.006841531816716712,0.0022099456508028917,0.004735314459497294,0.04371451329722138,0.024582243405336025,4.479000000000001,4.0595,3.7563333333333335,2,21,6,4.3809206109574355,3.9901225558518174,86.61971830985914,0.2914064992886596,0.2656331878769497,5.088786416075245,3.0302135839247546,0.01851365751410389,0.044731754476466726,0.040790091739900516,26737946.0,0.9142256084444524,0,0,-1,0,0,-0.011312217194570096,1.1275231574709366,0.2689129733229526,0.7100945883139873,0.008908685968819663,0.38957055214723946,0.562141786842173,0.037395143487858815,0.0
2023-06-22,4.51,4.53,0.029314387668775307,-0.0022099456508029554,0.004576038736147433,0.23435370165076247,-0.004424785980355807,4.48,4.121,3.7976666666666663,3,22,6,4.404389590783356,4.0236630361194425,81.41592920353978,0.28414696262854644,0.269335942827269,5.099933899172253,3.1420661008277473,0.011686375637486143,0.04493487020910819,0.040691200252521584,26603477.0,0.7947421175810175,0,0,-1,0,0,-0.006622516556291445,1.9194528566728333,0.24321394138761598,0.7133189506095913,0.018058690744920947,0.375,0.5545484619330268,0.030909090909090754,0.0
2023-06-23,4.85,4.51,-0.013423020332140548,0.0725264440682628,0.0047596906108657916,3.115676708739079,0.0726815514348049,4.515,4.213,3.853,4,23,6,4.485409665186381,4.076975098305285,82.6446280991735,0.3023436565543429,0.2759374855726838,5.093169840070442,3.3328301599295584,0.02646062929429786,0.04017501442158972,0.04171342566189945,29635576.0,1.4474479151637807,0,0,-1,0,0,-0.015521064301551974,4.245169861447586,0.5733997332006749,0.6377585824677591,0.0801781737193763,0.6112956810631229,1.4981699887688167,0.09453608247422679,0.0
2023-06-26,4.55,4.85,0.06538275926285171,-0.02289381986585262,0.011295726112765081,-2.8089350759223346,-0.06385147198653278,4.522,4.2780000000000005,3.9046666666666665,0,26,6,4.4971533624252205,4.107492833898492,67.56756756756752,0.2892231898972968,0.27859462643760646,5.043234054323206,3.5127659456767946,0.03444218105516166,0.04241322857759058,0.04185650973010734,29452834.0,0.7108936108196693,0,0,-1,0,0,-0.022680412371133905,-0.07847355120026737,0.8033007015249165,0.6732891306938547,0.015624999999999778,0.3999999999999999,0.2498311470115925,0.06560439560439556,0.0
2023-06-27,4.46,4.55,-0.04090990274412615,-0.03208831455150063,-0.004818960865887906,-0.24323966817257997,-0.019978466930886275,4.521,4.3245000000000005,3.9536666666666664,1,27,6,4.490398205620634,4.130235231711493,56.153846153846146,0.2684681440560519,0.2765693299612956,5.006894391290216,3.6421056087097847,0.03512656690651292,0.03997243926322356,0.04220866646479538,29309549.0,0.3971310483481763,0,0,-1,0,0,0.0,-0.14309646106437882,0.8132924247527786,0.6345428015227408,0.009049773755656076,0.2634560906515582,0.3397775118465836,0.03809417040358728,0.0
2023-06-28,4.4,4.46,-0.019978466930886275,-0.013129291441792623,-0.015950099804757985,-0.05382918482941705,-0.013544225107757149,4.512,4.362,3.997666666666667,2,28,6,4.473962168235064,4.147639410310752,45.689655172413815,0.24436127743905356,0.2701277194568472,4.966286443058536,3.757713556941464,0.035348095196946185,0.04003788866278612,0.04239396763077523,29173773.0,0.12576816983570577,0,0,-1,0,0,0.0,-0.16193864195599467,0.7931256880541341,0.6355817785309469,-0.028697571743929284,0.20547945205479468,1.0910266763222167,0.04090909090909084,0.0
2023-06-29,4.52,4.4,-0.02497292093138005,-0.004415018209116943,-0.039771323426896515,-0.2667790447782966,0.026907452919924187,4.521,4.413500000000001,4.046,3,29,6,4.482332683101416,4.171662674161672,50.78124999999998,0.23226203689936487,0.2625545829453508,4.859784072856495,3.967215927143506,0.036155073107792236,0.03810370494232175,0.042361366895484046,29277756.0,0.4772744826779618,0,0,-1,0,0,-0.011363636363636524,-0.21455433815435085,0.825400042057189,0.6048775638453966,0.0022172949002217113,0.2951289398280801,0.4527803997594964,0.07300884955752195,0.0
2023-06-30,4.5,4.52,0.07098322658021322,0.03264707783666612,0.05117395552470824,-0.5091728737717304,-0.004434597067865641,4.522,4.4485,4.088666666666667,4,30,6,4.485544922537522,4.192845727441564,50.78124999999998,0.21854027252326258,0.25375172086093317,4.7895988435245656,4.107401156475435,0.03599672257107015,0.0338990212217518,0.041957303737570374,29215263.0,0.3019652571545049,0,0,-1,0,0,0.03318584070796468,-0.2722252952848586,0.5093462689400362,0.5381302790475372,-0.07216494845360821,0.1842105263157896,-0.41713944130790326,0.057777777777777733,0.0
2023-07-03,4.21,4.5,-0.03708167490453181,-0.0238364481545113,-0.09259278682782504,-0.24309140541951357,-0.06661474908198399,4.495,4.456,4.121666666666667,0,3,7,4.435445845712517,4.193952454703399,41.66666666666667,0.18216521185795997,0.23943441906033855,4.7663410687429755,4.145658931257025,0.041529693318905145,0.03465710534139315,0.044186465839426814,29166256.0,-1.5853525348508628,0,0,-1,0,0,0.0,-0.29250779307955443,0.524628470360558,0.5501644913681674,-0.07472527472527468,0.036945812807881895,-0.5160852329882866,0.12826603325415678,0.0
2023-07-05,4.13,4.21,-0.08096906253366709,-0.09180754925312273,-0.010628421401124665,0.5041019871773454,-0.019185240721348727,4.465999999999999,4.461,4.152666666666667,2,5,7,4.37991023740115,4.189826489883825,38.888888888888886,0.14520850949217667,0.22058923714670617,4.744504385933037,4.177495614066964,0.041686909951717914,0.03492568951339923,0.044408546421038766,29085125.0,-2.335060876823139,0,0,-1,0,0,-0.014251781472683992,-0.2459369689428489,0.5242076733391094,0.554428132919465,-0.07399103139013452,0.02481389578163773,-0.5403544721967627,0.04418886198547218,0.0
2023-07-06,3.98,4.13,-0.03182643161167743,-0.024332100659530783,-0.027398974188114388,0.1210058125336839,-0.036995587676594985,4.411,4.444999999999999,4.176666666666667,3,6,7,4.307199285146395,4.176289296988094,36.8421052631579,0.10263321835668027,0.196998033388701,4.795067662634265,4.094932337365734,0.04114061328912402,0.03231860495278403,0.04514438299578932,28993558.0,-2.6566292727575327,0,0,-1,0,0,-0.026634382566586033,-0.23229897754173376,0.545193602442136,0.5130419485536416,-0.09545454545454557,-0.07441860465116279,0.08802508488124772,0.04773869346733656,0.0
2023-07-07,4.07,3.98,0.007434978487518212,0.033901551675681416,0.0077220460939103185,0.5038842488528044,0.022361180158157325,4.367,4.423500000000001,4.203,4,7,7,4.2640721423925045,4.169431922988863,37.93103448275862,0.07528638663107312,0.17265570403717542,4.810242128149211,4.03675787185079,0.04256501168846829,0.030782797464569984,0.04522550957222488,29145114.0,-1.8280915073395656,0,0,-1,0,0,0.01758793969849242,-0.146413671436664,0.5205166404443102,0.48866176050073074,-0.09955752212389368,-0.0955555555555555,-0.08162625224856404,0.07371007371007376,0.0
2023-07-10,4.15,4.07,0.004926118336056003,0.004750602758597799,0.013118700527292216,-1.4527755247380563,0.01946533478810325,4.297,4.406,4.2410000000000005,0,10,7,4.243331752866594,4.168178250537968,40.88397790055248,0.05938460808102608,0.15000148484594555,4.809479602303334,4.0025203976966655,0.032745805623330494,0.03124629496477118,0.04189760898816577,29180566.0,-1.268961298358471,0,0,-1,0,0,0.0,-0.3186554176555971,0.5902367995364716,0.4960195552137256,-0.07777777777777772,-0.07777777777777772,-0.22300832713293955,0.06469879518072287,0.0
2023-07-11,4.1,4.15,0.021872074818668312,-0.004750602758597753,0.01967112229569878,0.6201560217661913,-0.012121360532344963,4.252000000000001,4.3870000000000005,4.269333333333334,1,11,7,4.217271434163577,4.163779653729067,41.1111111111111,0.04226059801382753,0.12845330747952197,4.811070500594961,3.96292949940504,0.028310114121443516,0.03130362455230362,0.04006132880224287,29114653.0,-1.3535485236409837,0,0,-1,0,0,0.002409638554216816,-0.2714377276373716,0.4044932623453102,0.4969296342019861,-0.026128266033254244,-0.08482142857142871,0.06002640111009465,0.04146341463414633,0.0
2023-07-12,4.33,4.1,0.009569451016150672,0.05105517080028417,0.009876623495912099,0.014115612905609224,0.054580568304136406,4.239,4.380000000000001,4.296,2,12,7,4.237767537042926,4.17450354703687,44.791666666666664,0.04671032690119237,0.11210471136385605,4.802922165292758,3.9570778347072437,0.034816348159099654,0.03406787495974932,0.03839446498143148,29181503.0,-0.23645012772215176,0,0,-1,0,0,0.024390243902439157,-0.26887009232551073,0.5617502845903092,0.5408107490396478,0.04842615012106544,-0.031319910514541305,-0.08678949991820895,0.08083140877598144,0.0
2023-07-13,4.4,4.33,0.03738753207162041,0.024582243405336025,0.06192454255989483,0.28547695036080634,0.016036998909817104,4.239,4.3755,4.321,3,13,7,4.267264348489667,4.189051705292556,47.208121827411176,0.05524831589384327,0.1007334322698535,4.795398483973547,3.9556015160264524,0.035031298299091455,0.03426720727762612,0.038107708902215126,29270440.0,0.11669487238036359,0,0,-1,0,0,0.00692840646651276,-0.2334838452324455,0.38481601546339755,0.5439750514878083,0.1055276381909549,-0.020044543429844075,0.30937009781791047,0.04545454545454549,0.0
2023-07-14,4.12,4.4,-0.013508258281677338,-0.03824988213399967,-0.057022571959688094,-0.13038644091527496,-0.06575137756278054,4.199,4.36,4.342,4,14,7,4.240489012400637,4.184596756564004,30.89005235602096,0.03897183073544941,0.08838111196297269,4.794074938959577,3.9259250610404237,0.038909110834677574,0.036998916728892314,0.0391740382403557,29192375.0,-1.1057998444934432,0,0,-1,0,0,-0.022386363636363742,-0.25215394761175075,0.7071141261451627,0.5873395946606188,0.01228501228501222,-0.0699774266365688,-0.7004515179713602,0.06553398058252438,0.0
2023-07-17,4.17,4.12,-0.06271910710620708,-0.03738753207162033,-0.03482939114167981,0.2081804340274965,0.012062872449274944,4.1659999999999995,4.343999999999999,4.354333333333333,0,17,7,4.227672828327794,4.183655030334069,38.554216867469876,0.02976407933516434,0.07665770543741102,4.781476014381449,3.9065239856185494,0.03945210016541728,0.03696716709590798,0.03597327691566729,29288507.0,-0.7954721826110587,0,0,-1,0,0,-0.019417475728155355,-0.22679475698658538,0.6980777777474517,0.586835584862054,0.004819277108433662,-0.07126948775055686,-0.5751205654697742,0.05995203836930456,0.0
2023-07-18,4.19,4.17,0.031671343837651404,0.0059347355198145265,0.025001302205417186,-0.5966197197536662,0.004784698123336473,4.164,4.3295,4.358666666666666,1,18,7,4.220823223177286,4.184064383215743,41.509433962264175,0.023806278900921463,0.06608742013011311,4.767220170165379,3.891779829834622,0.033913628641316626,0.03700862201860023,0.03383978305720936,29341444.0,-0.6373935199161349,0,0,-1,0,0,0.0,-0.2890822180933326,0.6872716571767445,0.5874936613584326,0.021951219512195363,-0.0647321428571429,-0.9791133600185801,0.041766109785202815,0.0
2023-07-19,4.11,4.19,0.004784698123336473,-0.008318526875090647,-0.012422519998557096,-0.18557220155404047,-0.01927770542590319,4.162000000000001,4.314,4.3613333333333335,2,19,7,4.200673546235961,4.179286035911502,40.99378881987578,0.012485423530492312,0.055367020810188954,4.760101239396017,3.8678987606039827,0.033919300884421,0.03711719143714918,0.0340140519450439,29297473.0,-0.9145905995517882,0,0,-1,0,0,0.0,-0.29796433019712326,0.5236853237837487,0.5892171474472371,-0.050808314087759765,-0.0701357466063347,-1.4393446290531868,0.046228710462287194,0.0
2023-07-20,4.13,4.11,-0.024155763879336153,-0.009592399691439409,-0.005012541823544286,0.030813696509777402,0.004854378464798143,4.177,4.294,4.355666666666667,3,20,7,4.1878238105566945,4.1761062916591465,37.08609271523181,0.00506896506613419,0.045307409661378,4.735165919379824,3.8528340806201755,0.0314228860490063,0.036592543533931064,0.03168207142887439,29342820.0,-0.7434844478945483,0,0,-1,0,0,-0.0048661800486619125,-0.29088867213049063,0.4934887829225096,0.5808886201805173,-0.06136363636363651,-0.088300220750552,-1.5572479851440773,0.04116222760290566,0.0
2023-07-21,3.98,4.13,0.024155763879336205,0.009592399691439508,-0.012642393415176468,2.420654765846875,-0.036995587676594985,4.168,4.2675,4.338333333333334,4,21,7,4.15003766318275,4.1634542728424275,34.14634146341466,-0.01276522848931716,0.03369288203123897,4.717616943870249,3.8173830561297515,0.033060231029305526,0.03730134561247052,0.031013840323107153,28832520.0,-1.2774458012088308,0,0,-1,0,0,0.014527845036319733,0.3846606412464007,0.3225727232610013,0.5921405043520037,-0.03398058252427183,-0.11751662971175159,-0.8951953521894859,0.0653266331658292,0.0
2023-07-24,3.89,3.98,-0.05141891463770007,-0.03682739803383248,-0.023167059281534418,-1.7112230562865294,-0.02287266166599134,4.142,4.2195,4.318,0,24,7,4.102758088058613,4.145812061691304,38.88888888888891,-0.033771901747982724,0.02019992527539463,4.608694850402924,3.830305149597076,0.032721406588618634,0.03219399625955712,0.031197118400136063,28740337.0,-1.693239258735703,0,0,-1,0,0,0.0,-0.16303097875694597,0.2869492684489435,0.5110638468727907,-0.06714628297362102,-0.19793814432989687,0.012853788686180397,0.05102827763496147,0.0
2023-07-25,3.48,3.89,-0.03841701610379171,-0.047800187600521064,-0.09844007281325252,0.9791789980420099,-0.111376863843972,4.08,4.166,4.284666666666666,1,25,7,3.989529344775229,4.102856444807994,31.63841807909607,-0.08255180926690286,-0.00035042163306486795,4.647200253752784,3.684799746247217,0.04547872227199157,0.036969973548761574,0.036242054474016586,28494921.0,-2.8512038164985363,0,0,-1,0,0,-0.015424164524421607,1.261961465715425,0.6617466631394737,0.586880135919955,-0.16945107398568027,-0.2351648351648351,-1.522923076656142,0.1063218390804598,0.0
2023-07-26,3.26,3.48,-0.11908937157043892,-0.0839464211540098,-0.06837729744473685,-1.36878066544069,-0.06530509840776678,3.9730000000000003,4.106,4.2443333333333335,2,26,7,3.856887645725187,4.0484786096590915,30.43478260869567,-0.13737878171885587,-0.02775609365022307,4.715102877838138,3.496897122161861,0.0399858238240354,0.03864895033579923,0.037607301387450165,28432483.0,-2.7778558623878773,0,0,-1,0,0,-0.022988505747126457,-0.42958917466197083,0.6660661428743108,0.6135330661332664,-0.2068126520681266,-0.26905829596412556,-0.5657385265738858,0.08895705521472394,0.0
2023-07-27,2.9,3.26,-0.02381064869371856,-0.05833557701296341,-0.11739849421730528,0.9555742746132929,-0.11701645838618784,3.8230000000000004,4.031000000000001,4.191333333333334,3,27,7,3.682908073775153,3.974383215487537,22.274881516587698,-0.2074867654721655,-0.06370222801461156,4.828070953720183,3.233929046279818,0.04450429791893395,0.044159088914805876,0.04173158555821221,28270134.0,-2.8378903903630297,0,0,-1,0,0,0.01840490797546014,0.4979691484838017,0.6292280439290094,0.7010038043505928,-0.29782082324455206,-0.34090909090909094,-0.07300156370900356,0.15496551724137925,0.0
2023-07-28,2.67,2.9,-0.10135249426028746,-0.10717886146460998,-0.12516314295400616,0.7540540157790424,-0.08263226458027023,3.678,3.9385,4.132666666666666,4,28,7,3.4987429694523975,3.890229459649632,17.25663716814161,-0.27839772977493293,-0.10664132836667584,4.907477214441354,2.969522785558646,0.04569362636007261,0.04462500420025005,0.04342135365379228,27925045.0,-2.6182246209604236,0,0,-1,0,0,0.03448275862068969,1.8828421313778587,0.5653844111871253,0.7083999802144466,-0.3291457286432161,-0.40929203539823,0.8387602791785451,0.1685393258426967,0.0
2023-07-31,2.86,2.67,-0.12028616587450193,0.11332868530700307,0.042232763623272995,-0.40593611202910285,0.06874315241960302,3.5470000000000006,3.8564999999999996,4.078333333333334,0,31,7,3.382607884097416,3.823763042898043,24.16666666666667,-0.31562543423123346,-0.14843814953958737,4.900102566013878,2.8128974339861212,0.056029318965879885,0.04940372013502836,0.04596375745435305,28154996.0,-1.9097308351898927,0,0,-1,0,0,-0.0037453183520598453,0.8327433703541041,1.181500353223826,0.7842597439123165,-0.26478149100257076,-0.36444444444444446,1.8767502272809795,0.24475524475524468,0.0
2023-08-01,2.81,2.86,0.07249550203815341,-0.1200176734577997,0.04412480490893789,-0.5005187444215256,-0.01763714148610673,3.409,3.7865,4.022666666666667,1,1,8,3.2784973597160674,3.758358975614298,15.765765765765778,-0.3451841720903719,-0.18778735404974428,4.914652192047839,2.658347807952161,0.05467305392411975,0.048345735322243906,0.04591477638721114,28015596.0,-1.7311494085340426,0,0,-1,0,0,0.0,0.043339440865742346,1.1199241971898124,0.7674647556792511,-0.19252873563218387,-0.332541567695962,1.1318177305176775,0.07117437722419935,0.0
2023-08-02,2.72,2.81,-0.02478002899848685,-0.06588170468403878,-0.040372455290387514,-0.2935817945789692,-0.03255260303774834,3.2699999999999996,3.716,3.9659999999999997,2,2,8,3.1769523852222368,3.6913680739617627,12.5,-0.3715884918137382,-0.22454758160254307,4.926956994325797,2.505043005674203,0.05433367542973853,0.048435286870599246,0.046026793739038604,27911661.0,-1.6449799698370382,0,0,-1,0,0,-0.007117437722419935,-0.2656171656137906,1.1006575560347336,0.7688863424380651,-0.16564417177914104,-0.3414043583535108,0.7574784190669096,0.04411764705882357,0.0
2023-08-03,2.7,2.72,-0.02909296094166478,-0.01859475491727811,-0.0074056312743482336,-0.9817950661907356,-0.007380107297622534,3.127,3.652,3.905,3,3,8,3.090233769727284,3.6274088433835847,14.141414141414131,-0.3896364518042539,-0.25756535564288524,4.937229449103709,2.366770550896291,0.053364375542753,0.04833949871946848,0.04543577245586965,27872723.0,-1.4814475355570231,0,0,-1,0,0,-0.0036764705882353786,-0.781708828577774,0.8656414702588119,0.767365752679433,-0.06896551724137923,-0.321608040201005,0.7653559331926382,0.03270370370370364,0.0
2023-08-04,2.54,2.7,-0.0036968618813260916,-0.010498206024386713,-0.050413939614477925,0.8146954975208754,-0.061087691979838266,2.9829999999999997,3.5754999999999995,3.8393333333333337,4,4,8,2.990191266140505,3.557253434133031,11.00478468899523,-0.41209982271643186,-0.2884722490575946,4.935909767990305,2.2150902320096937,0.05366649303719264,0.04817916596542486,0.0460493438340457,27784782.0,-1.5223354379904428,0,0,-1,0,0,0.0,-0.34599613105219157,0.7759356049903253,0.764820549114128,-0.048689138576779034,-0.375921375921376,1.3383495585607674,0.07480314960629919,0.0
2023-08-07,2.62,2.54,-0.057158413839948755,-0.011131840368844181,-0.013986241974739952,-0.12346344771729004,0.031010236742560218,2.856,3.499,3.765,0,7,8,2.922883763205868,3.4967854706405777,13.488372093023244,-0.4186212691836211,-0.3145020530827999,4.8949927612545245,2.1030072387454757,0.05842189841839644,0.048788978628903364,0.04361583476169646,27862509.0,-1.2593188509230908,0,0,-1,0,0,0.003937007874015664,-0.45363012550132575,0.5298875760508984,0.7745010250375403,-0.08391608391608385,-0.3686746987951808,0.3931638947247259,0.07442748091603064,0.0
2023-08-08,2.42,2.62,0.01941808585710173,-0.011257154524634558,-0.03480392219469212,0.2256029891964588,-0.07940677760441048,2.75,3.415,3.694,1,8,8,2.8314503517138916,3.42731544027667,12.775330396475752,-0.4349144677640844,-0.3385845360190568,4.860042341394333,1.969957658605667,0.05529030198129562,0.05022499879696364,0.044178663416002545,27765111.0,-1.3771222773166862,0,0,-1,0,0,-0.007633587786259549,-0.30331626566541264,0.6778520227078834,0.7972971384917042,-0.1387900355871886,-0.40975609756097553,0.487518055700743,0.10330578512396695,0.0
2023-08-09,2.48,2.42,-0.027292142288007623,-0.046340337258701965,0.008298802814695064,-0.104781159866995,0.024491020008295696,2.6719999999999997,3.3225000000000002,3.628,2,9,8,2.7675502877659115,3.36619831509753,14.285714285714292,-0.43793717926998443,-0.3584550646692424,4.757738839467903,1.887261160532098,0.05714512051848719,0.048010583527733144,0.04492454890279468,27852820.0,-1.1740206254623755,0,0,-1,0,0,0.04545454545454541,-0.39583260531284914,0.7735326298605224,0.7621443858808561,-0.08823529411764708,-0.4272517321016166,-0.3131970230524177,0.044354838709677366,0.0
2023-08-10,2.24,2.48,-0.019960742562537943,-0.009531446265552366,-0.08792840138510397,0.5278928867867652,-0.10178269430994223,2.6060000000000003,3.2144999999999997,3.556,3,10,8,2.6716320536266545,3.2935403592847865,13.75,-0.4544599625948922,-0.3776560442543724,4.633327907668985,1.7956720923310145,0.055012876170759166,0.04936904672788937,0.04713142874964395,27704122.0,-1.3736690612479154,0,0,-1,0,0,0.0,0.09722714705699446,0.9428295044657851,0.783709320637934,-0.1703703703703704,-0.49090909090909085,0.39041417916410376,0.12933035714285707,0.0
2023-08-11,2.13,2.24,-0.11526604464722938,-0.0989080249805652,-0.04442305009956988,-0.6314321146492107,-0.05035388614561491,2.552,3.115,3.4763333333333337,4,11,8,2.573153498421808,3.218473239330929,13.63636363636364,-0.4710010610677413,-0.39632504761704623,4.545517020999696,1.6844829790003046,0.052413169448504174,0.04898442146045214,0.04648413707225372,27625040.0,-1.3771244739355113,0,0,-1,0,0,-0.013392857142857253,-0.49696016186587344,0.9291752296286842,0.7776035838043903,-0.16141732283464572,-0.4830097087378641,0.25765813189745296,0.07042253521126757,0.0
2023-08-14,1.93,2.13,-0.041576426845740325,-0.052453252759114485,-0.10431284662538262,0.6651352579628419,-0.09860197680453958,2.459,3.003,3.3906666666666667,0,14,8,2.456216498708752,3.1353459335676437,14.932126696832569,-0.49454749364826167,-0.41596953682328935,4.4364808573617225,1.5695191426382782,0.04569312057948189,0.04977057762097682,0.04804910234018832,27471245.0,-1.4970552198022709,0,0,-1,0,0,-0.004694835680751074,0.11605304625630947,0.7961701070015327,0.7900834259588484,-0.26335877862595425,-0.5371702637889688,1.5373782241722496,0.12642487046632125,0.0
2023-08-15,1.83,1.93,-0.0835867161082657,-0.09903577417311801,-0.10477895123317676,0.22044150686075867,-0.05320403606346457,2.361,2.8850000000000002,3.311333333333333,1,15,8,2.3423589534889784,3.0511300668858605,15.78947368421052,-0.5153368924660677,-0.43584300795184505,4.295419870296708,1.4745801297032919,0.04530214489845689,0.048895950280304364,0.047761222649880156,27279520.0,-1.4960084187952642,0,0,-1,0,0,0.010362694300518144,0.3856230650079138,0.7799719387155464,0.7761991473591858,-0.24380165289256195,-0.5632458233890215,1.1556714313426026,0.1261748633879782,0.0
2023-08-16,1.91,1.83,-0.09121600827166156,-0.005602831485842098,0.034289073478632165,-1.281120588676604,0.042787275205208766,2.2800000000000002,2.775,3.2373333333333334,2,16,8,2.2637482346728004,2.977508772248063,22.651933701657455,-0.5193703315117442,-0.4525484726638249,4.125017543746207,1.4249824562537927,0.05270182999665083,0.05217622998476045,0.049433037161880924,27332767.0,-1.2814648283750203,0,0,-1,0,0,-0.027322404371584723,-0.8198734781768293,0.901519365668624,0.8282719733315255,-0.22983870967741937,-0.5352798053527981,1.409777002013423,0.08376963350785337,0.0
2023-08-17,1.74,1.91,0.07048987775454459,-0.010362787035546547,-0.04011999378942529,0.7430483482012457,-0.09321812883210076,2.184,2.6555,3.1626666666666665,3,17,8,2.168521282914109,2.897669496619156,23.428571428571416,-0.530172936672753,-0.46807336546561057,3.9209680848151502,1.3900319151848497,0.05450321480054237,0.05250259021767243,0.05079681021963403,27220824.0,-1.4468954389058797,0,0,-1,0,0,0.0,-0.3454596909518193,0.8772551051564283,0.8334527814161627,-0.2232142857142858,-0.5786924939467313,1.4976417741331232,0.12068965517241377,0.0
2023-08-18,1.66,1.74,-0.11060987154397003,-0.11349536586410214,-0.05982450340007203,-0.36008938902799276,-0.047067510857985856,2.096,2.5395000000000003,3.082333333333333,4,18,8,2.0760628678388167,2.817819851675985,13.41463414634147,-0.5389764257684404,-0.48225397752617655,3.7159616888214835,1.3630383111785174,0.05418647481534231,0.052502086190149566,0.050075478152293525,27142731.0,-1.495161310150332,0,0,-1,0,0,-0.017241379310344845,-0.6759952170098069,0.8772924763923917,0.8334447802272862,-0.22065727699530513,-0.5829145728643217,1.4408322423801796,0.062228915662650576,0.0
2023-08-21,1.71,1.66,-0.0540672212702757,0.015055293050849674,0.005757282129796337,-0.19964253618181863,0.02967576814611654,2.005,2.4305,3.001,0,21,8,2.0095059827772137,2.74634760318076,16.463414634146346,-0.5357429608061621,-0.49295177418217373,3.4768867655697173,1.3841132344302824,0.05398536137289309,0.0547725010946579,0.050455385513361754,27206691.0,-1.3771198637202093,0,0,-1,0,0,-0.024096385542168565,-0.8329533518262151,0.904526872363026,0.8694864994888672,-0.11398963730569944,-0.5604113110539846,0.2417382891162722,0.07017543859649117,0.0
2023-08-22,1.72,1.71,0.07145896398214485,0.0,0.021374859584733393,-0.48899457853696,0.005830920310793144,1.9349999999999998,2.3425000000000002,2.921666666666667,1,22,8,1.9568685313631748,2.6801316287820014,17.948717948717942,-0.5263065656270989,-0.49962273247115874,3.3103380682311316,1.374661931768869,0.05416686355101846,0.05328224229081983,0.05075366824889219,27245914.0,-1.286372215421764,0,0,-1,0,0,0.017543859649122823,-1.0595526765834475,0.8794520995453325,0.8458293743843864,-0.060109289617486406,-0.5057471264367817,-0.6790822713178545,0.04941860465116277,0.0
2023-08-23,1.95,1.72,0.01142869582362285,0.15631582189933524,0.06151280022103422,1.195667755156674,0.12550508175029376,1.8819999999999997,2.277,2.842333333333334,2,23,8,1.955619707478961,2.633026362408969,28.813559322033896,-0.4945680045537353,-0.4986117868876741,3.15669133342716,1.3973086665728403,0.07416462419337479,0.06447359742090202,0.056771752371333375,27375576.0,-0.7434425862218099,0,0,-1,0,0,0.023255813953488393,0.11894334599524678,1.342725096319421,1.0234866294324128,0.020942408376963373,-0.401840490797546,0.7014361064781467,0.14071794871794882,0.0
2023-08-24,1.96,1.95,0.12282082968634056,0.0027488727303520886,0.047165468442430136,-0.1854793500768605,0.005115100666770409,1.8539999999999999,2.23,2.761,3,24,8,1.9564161243009681,2.589605306769681,32.09876543209876,-0.4632677871366697,-0.4915429869374732,3.0690470785370754,1.3909529214629246,0.06949871688809035,0.06136651990567441,0.05653320578161831,27483287.0,-0.643587247740043,0,0,-1,0,0,0.02051282051282053,-0.14598310264756303,1.0542793391017051,0.9741633029754563,0.12643678160919536,-0.32413793103448274,1.240546460187555,0.09948979591836737,0.0
2023-08-25,1.82,1.96,-0.030614635819606863,-0.019802627296179754,-0.02469261259037141,-0.5735080164431544,-0.07410797215372185,1.823,2.1875,2.6843333333333335,4,25,8,1.9316131926098827,2.5399533514942174,26.19047619047619,-0.44463351095934844,-0.4821610917418483,3.018779926252934,1.3562200737470662,0.07119193590684213,0.06097353654993217,0.0567341828442645,27422587.0,-0.8841786945500728,0,0,-1,0,0,-0.015306122448979605,-0.8709029605887295,1.1722765549453902,0.9679248856033666,0.09638554216867479,-0.31835205992509363,0.6797519865960702,0.10989010989010986,0.0
2023-08-28,1.82,1.82,-0.07530438306413048,-0.06720874969344999,-0.06899287148695156,0.1304789627496372,0.0,1.812,2.1355,2.6060000000000003,0,28,8,1.9113198848626314,2.49350474817201,29.729729729729726,-0.4249669582738762,-0.47072226504825393,2.9183550985110704,1.3526449014889295,0.0653410374681473,0.057523104514290276,0.05650082089675368,27422587.0,-0.8060240026540194,0,0,-1,0,0,-0.016483516483516498,-0.6631590378392088,1.1764865936760818,0.9131509751111339,0.06432748538011701,-0.36363636363636354,1.0701079334333645,0.10439560439560448,0.0
2023-08-29,1.8,1.82,0.01662088123604028,0.021164811192043116,0.05218575317057025,-0.35570458121535914,-0.011049836186584935,1.809,2.085,2.526333333333333,1,29,8,1.8910799057966985,2.448762506354461,26.388888888888886,-0.4063112037963821,-0.4578400527978796,2.813039906368317,1.3569600936316826,0.06326188176858655,0.05756102040151673,0.05628003373738924,27374128.0,-0.7829241158542143,0,0,-1,0,0,0.0,-1.0628769851800755,1.190415596072132,0.9137528711611712,0.04651162790697683,-0.35943060498220636,1.2417101805766424,0.07777777777777772,0.0
2023-08-30,1.89,1.8,-0.03352269203864356,0.020726130517116952,-0.00566573753567742,0.11266369019623573,0.048790164169431834,1.807,2.0435,2.4523333333333333,2,30,8,1.8908835592882078,2.4127133123961086,36.43410852713177,-0.3798850576525177,-0.4422490537688072,2.71126217008087,1.37573782991913,0.06377228769414678,0.05958013092934822,0.057970608944645265,27428366.0,-0.4597445224589774,0,0,-1,0,0,-0.02222222222222224,-0.8437192290187722,0.6919608410734185,0.9458052571183381,-0.03076923076923077,-0.30514705882352955,-0.5804071057748286,0.10052910052910051,0.0
2023-08-31,1.78,1.89,0.044451762570833796,-0.049944676516256906,0.0001136299075137856,-0.05707599184797928,-0.05996346476755717,1.811,1.9974999999999998,2.374,3,31,8,1.8707229121448974,2.371893098693134,36.434108527131784,-0.36362656642695423,-0.4265245563004366,2.59823200961,1.3967679903899999,0.059560411996213834,0.06025679380638397,0.058033848625323105,27377137.0,-0.7241165661913125,0,0,-1,0,0,-0.026455026455026363,-0.9478704760980343,0.7723162106224848,0.9565469472827346,-0.09183673469387754,-0.3407407407407408,0.38583752181214603,0.053258426966292134,0.0
2023-09-01,1.85,1.78,-0.005449604767564703,0.008053734807096823,0.011185925346419445,-0.4625087038714881,0.03857227478623965,1.83,1.9629999999999999,2.3029999999999995,4,1,9,1.866955109936734,2.3382225761968027,46.55172413793104,-0.3411604941969322,-0.4094517438797357,2.5093409384754963,1.4166590615245032,0.05771565835357366,0.06081110632729405,0.05920302756519283,27409396.0,-0.41366111174210607,0,0,-1,0,0,0.02808988764044946,-1.2848112485664998,0.6861733561769765,0.9653463857563588,0.016483516483516425,-0.2716535433070866,-0.5328227479770679,0.04864864864864869,0.0
2023-09-05,1.84,1.85,0.03226086221822126,0.010638398205055577,0.022223136784710256,0.47527120302399617,-0.005420067469339256,1.843,1.9240000000000002,2.2346666666666666,1,5,9,1.8620541808573279,2.3060791841841057,50.467289719626166,-0.32046872257287573,-0.39165513961836373,2.376101525628201,1.471898474371799,0.057593698066100145,0.05991221703449417,0.05929530729538635,27357509.0,-0.3715979497449427,0,0,-1,0,0,0.02162162162162152,-0.7795517031238748,0.6892382036333334,0.9510769606067955,0.01098901098901095,-0.2977099236641222,-0.4051570166726704,0.03804347826086948,0.0
2023-09-06,1.72,1.84,0.13353139262452277,0.13815033848081718,-0.0800427076735365,4.5378656868337,-0.06744128079553265,1.843,1.889,2.176,2,6,9,1.8362261479741773,2.2682676239141633,41.44144144144145,-0.3101778049463597,-0.3753596726839629,2.2842294470192517,1.4937705529807483,0.062198715585562066,0.05937021171633377,0.05780346489734763,22506539.0,-0.8551994355408848,0,0,-1,0,0,0.1739130434782609,4.245068916146635,0.8476300846354251,0.9424728929200343,-0.04444444444444451,-0.2892561983471075,-0.044180506042789836,0.28488372093023256,0.0
2023-09-07,1.29,1.72,-0.25728459526741004,-0.21511137961694543,-0.27193371548364165,-1.9543158691928308,-0.2876820724517809,1.7770000000000004,1.8295000000000001,2.1103333333333336,3,7,9,1.7369123028879632,2.2051535836616365,33.57664233576642,-0.3328823246982764,-0.36686420308682566,2.208055425965601,1.4509445740343994,0.0856428049598126,0.07837013092562632,0.07099502068831504,21819344.0,-2.8503091647616445,0,0,-1,0,0,-0.029069767441860492,0.3127491117052739,1.7509631029921344,1.2440872598686767,-0.31746031746031744,-0.4798387096774194,-1.41610096193131,0.3643410852713178,0.0
2023-09-08,1.16,1.29,-0.22764468419500128,-0.25958527230277834,-0.10709813555636723,-0.47734107125252906,-0.10622221325530755,1.6969999999999998,1.7754999999999999,2.0523333333333333,4,8,9,1.6320191569083333,2.1377243201995952,32.39436619718309,-0.3572476057039289,-0.36494088361024635,2.2112920798314235,1.3397079201685764,0.08644278283153832,0.07855712817813507,0.07062860504125651,21392987.0,-2.824741561333985,0,0,-1,0,0,0.031007751937984523,0.05558466697241404,1.7621573035907865,1.2470557492246197,-0.3483146067415731,-0.4821428571428572,-1.0159139461646318,0.17232758620689673,0.0
2023-09-11,1.15,1.16,-0.12817519342399777,-0.134516077155071,-0.10054122922187728,-0.30978334977194255,-0.008658062743114541,1.6300000000000001,1.7264999999999997,2.0016666666666665,0,11,9,1.544379310197727,2.074000170509299,29.71014492753622,-0.37306373634136114,-0.3665654541564693,2.2120067889401396,1.2409932110598598,0.08677347664175995,0.07853872899365784,0.0700170866999917,21080209.0,-2.374838058427557,0,0,-1,0,0,0.008620689655172422,-0.061925195276746746,1.5880314781421374,1.246763671225901,-0.3783783783783785,-0.460093896713615,-1.4225758506223787,0.12173913043478253,0.0
2023-09-12,1.15,1.15,-0.06169356900533978,-0.02575249610241474,0.03774032798284711,-0.7089112696883606,0.0,1.563,1.6875,1.9446666666666668,1,12,9,1.4726739810708673,2.014387256282893,29.197080291970792,-0.38120385309329397,-0.36949313394383426,2.2265391060919857,1.1484608939080143,0.08677347664175995,0.07713415993197688,0.06781260961769736,21080209.0,-1.9942894455166928,0,0,-1,0,0,-0.043478260869565064,-0.21107056236296115,1.6056807221456362,1.224466828607362,-0.3750000000000001,-0.40414507772020725,-1.3843000971530077,0.06086956521739117,0.0
2023-09-13,1.13,1.15,0.03571808260207903,0.08338160893905121,0.02739897418811456,0.13378226570882099,-0.017544309650909508,1.496,1.6524999999999999,1.8886666666666665,2,13,9,1.410369620876164,1.9573300139420613,14.655172413793096,-0.38483267558448575,-0.37256104227196457,2.241196150740307,1.0638038492596928,0.08655087667739021,0.07682858626276308,0.06781307709737182,20904230.0,-1.7751092795253958,0,0,-1,0,0,-0.008695652173913052,-0.1896136533592531,1.6769728313916392,1.2196159969916665,-0.34302325581395354,-0.3825136612021859,-1.5632804518264725,0.12389380530973444,0.0
2023-09-14,1.14,1.13,0.008733679968754631,-0.04919024419077178,-0.009049835519917927,-0.3377959975231639,0.008810629682154906,1.421,1.614,1.8359999999999999,3,14,9,1.3612115079895886,1.904599045300638,14.655172413793096,-0.3824924917746275,-0.3745473321724972,2.2317855189061544,0.9962144810938459,0.08259836090909453,0.0756755465371993,0.06812919892981335,21029763.0,-1.5345131457249455,0,0,-1,0,0,0.017699115044247805,-0.24060080761115946,0.7022954396471983,1.201312058797947,-0.11627906976744196,-0.40314136125654454,-1.9683015026724473,0.07894736842105252,0.0
2023-09-15,1.18,1.14,-0.017544309650909508,0.04115807249350755,0.009049835519917856,2.0182585193420106,0.034486176071169404,1.361,1.5859999999999999,1.7853333333333332,4,15,9,1.3282639610823905,1.8578507197973713,19.811320754716988,-0.373109242444686,-0.374259714226935,2.2299483470635986,0.9420516529364009,0.08622363085958187,0.07502022416939401,0.06896847877756064,21974425.0,-1.2609707031669783,0,0,-1,0,0,-0.008771929824561412,0.4876643734817979,0.3196628208624465,1.1909091387152022,0.01724137931034475,-0.32183908045977017,1.0366680804923498,0.11016949152542364,0.0
2023-09-18,1.12,1.18,0.026202372394024117,-0.032789822822990956,0.0,-1.9589829409856,-0.05218575317057007,1.2879999999999998,1.559,1.738,0,18,9,1.2903977863401377,1.8102474475523798,18.75,-0.36629206143182924,-0.3726661836679139,2.234399297103611,0.8836007028963888,0.08203602554019529,0.07512946683924686,0.06884026807397049,21841226.0,-1.2999717408135059,0,0,-1,0,0,-0.0169491525423729,-0.2740034320194454,0.5069458714535641,1.1926433123371265,-0.02608695652173898,-0.32530120481927705,-0.4193819015142437,0.08035714285714272,0.0
2023-09-19,1.15,1.12,0.008583743691391435,-0.00836824967051658,-0.009049835519917927,1.010846458233947,0.02643325706815543,1.2189999999999999,1.531,1.689,1,19,9,1.2648709160964762,1.7676508380328715,21.23893805309733,-0.3543835342971773,-0.3690096537937666,2.2261834290327567,0.8358165709672433,0.08437932185168642,0.07502408785490024,0.06871350489599934,22207247.0,-1.0961135840942131,0,0,-1,0,0,0.04464285714285698,-0.07044537346317561,0.5563796665487206,1.190970472821164,0.0,-0.32748538011695916,-0.7833163469732092,0.07826086956521727,0.0
2023-09-20,1.15,1.15,-0.008583743691391442,0.0,0.04445176257083359,-0.7702095324906287,0.0,1.162,1.5025,1.6466666666666667,2,20,9,1.2439852949880257,1.7278023968694605,14.42307692307692,-0.3410149328749037,-0.36341070960999405,2.211654426060888,0.7933455739391119,0.08492233163561913,0.07494290991058936,0.06814316418622246,22207247.0,-0.9941417187734913,0,0,-1,0,0,0.008695652173913052,-0.26164964226686316,0.534419131796943,1.1896818129056237,0.017699115044247815,-0.33139534883720934,-1.3402894262133558,0.03478260869565221,0.0
2023-09-21,1.22,1.15,0.0,0.06506359334706187,0.0,-0.5822636034398072,0.05908891637000658,1.1549999999999998,1.466,1.6046666666666667,3,21,9,1.2396243322629301,1.6950409519101404,22.0,-0.32107070175631436,-0.35494270803925815,2.1529735304803976,0.7790264695196021,0.04550693618172708,0.06874591621351459,0.06930705870320546,22301900.0,-0.7161847992250099,0,0,-1,0,0,0.008695652173913052,-0.33017510255578564,0.6737506891262646,1.0913075877134564,0.07017543859649122,-0.37435897435897436,-0.9221657986858488,0.09836065573770501,0.0
2023-09-22,1.27,1.22,0.033901551675681416,0.031010236742560218,0.03419136474827934,-0.1278290495124305,0.04016604172533465,1.166,1.4315,1.5723333333333334,4,22,9,1.2451471809423973,1.667618955012712,20.408163265306115,-0.297797350290111,-0.34351363648942873,2.0823706719316126,0.7806293280683873,0.03241701542711325,0.06991096315669451,0.06866497754421252,22385195.0,-0.49625834121765083,0,0,-1,0,0,-0.016393442622950834,-0.3395714910228456,0.6863497797572771,1.1098021345776767,0.07627118644067798,-0.3520408163265306,-0.9574219894399236,0.09448818897637803,0.0
2023-09-25,1.25,1.27,0.0408219945202552,-0.023167059281534418,0.016667052485211643,-0.21874122624912945,-0.01587334915629012,1.176,1.403,1.543,0,25,9,1.2460295116801432,1.6406757966247951,20.202020202020208,-0.2777649826138535,-0.33036390571431373,2.0317866343846016,0.7742133656153983,0.032935646768792,0.0688068494867466,0.06838448783657593,22318265.0,-0.48665156551790356,0,0,-1,0,0,-0.015748031496063006,-0.3552841546330108,0.4893731245665964,1.0922748734387027,0.11607142857142838,-0.3131868131868132,-0.07613890455847798,0.05600000000000005,0.0
2023-09-26,1.23,1.25,0.0,-7.81280519168075e-05,0.0,-0.3087094147422183,-0.016129381929883644,1.1839999999999997,1.3735,1.5196666666666665,1,26,9,1.2431150550110261,1.6141805839393246,22.471910112359552,-0.2605001363419841,-0.3163911518398478,1.974666410100691,0.7723335898993089,0.03379134904876502,0.06870317487873738,0.0667512367621937,22269112.0,-0.47740524949145025,0,0,-1,0,0,0.0,-0.370920561682715,0.555937319318338,1.0906290900583158,0.06956521739130439,-0.32417582417582425,0.6424840194303546,0.056829268292682984,0.0
2023-09-27,1.21,1.23,0.0,-0.023638398565399257,-0.01666705248521176,0.3300401274869715,-0.016393809775676383,1.192,1.3439999999999999,1.4989999999999999,2,27,9,1.2370941359181122,1.5881044172335619,41.66666666666666,-0.24560032645556817,-0.3022329867629919,1.9141486417470355,0.7738513582529641,0.033701439359886384,0.06868955764736358,0.06634477848821284,22200739.0,-0.47005286056422174,0,0,-1,0,0,0.016260162601626032,-0.3539230783087328,0.5925518654574679,1.0904129232117539,0.052173913043478404,-0.32777777777777783,0.767214810163107,0.049586776859504175,0.0
2023-09-28,1.19,1.21,-0.024292692569044587,-0.024292692569044587,-0.051735674399188865,0.10896071400952245,-0.01666705248521176,1.1969999999999998,1.309,1.475,3,28,9,1.2285315657511826,1.5624202612830096,54.054054054054056,-0.23272326370745788,-0.2883310421518851,1.8209991776326628,0.797000822367337,0.03452334163274485,0.06685400656436172,0.0655262812310791,22124495.0,-0.46484449662681804,0,0,-1,0,0,0.008264462809917363,-0.3476942229336766,0.4055230869968348,1.0612744531054845,-0.024590163934426257,-0.37037037037037035,2.235342334931799,0.0756302521008404,0.0
2023-09-29,1.21,1.19,-0.016529301951210582,0.04800921918636066,0.03050345429341484,0.40114506844160913,0.016667052485211643,1.2,1.2805,1.4573333333333334,4,29,9,1.2251621901600585,1.539683470232493,57.894736842105274,-0.21838683832124683,-0.2743422013857575,1.7431912122534086,0.8178087877465914,0.03320206912185955,0.06672883874797456,0.06414904916590056,22238368.0,-0.3047388760925431,0,0,-1,0,0,0.008403361344537823,-0.3155921372330864,0.23390355193094087,1.059287475619628,-0.047244094488189003,-0.3202247191011236,2.2338868644075114,0.09504132231404958,0.0
2023-10-02,1.15,1.21,0.0,-0.023716526617316044,-0.021692824611259896,-0.4014074185756008,-0.050858417233491084,1.2029999999999998,1.2455,1.440333333333333,0,2,10,1.211496337403684,1.5145426011852356,50.0,-0.20945218209761984,-0.26136419752813,1.625276942846177,0.8657230571538231,0.03297649437856903,0.06575417924280609,0.06422246983245292,22162144.0,-0.5029267932080912,0,0,-1,0,0,-0.008264462809917363,-0.35338835973410104,0.37264605356819896,1.043815235637782,-0.08000000000000007,-0.3783783783783785,-0.016228260367261087,0.09565217391304356,0.0
2023-10-03,1.18,1.15,-0.025317807984289897,0.0,-0.01769957709940075,0.41027266285836267,0.025752496102414764,1.206,1.2125,1.4226666666666667,1,3,10,1.2057697306030142,1.492959207560382,55.55555555555556,-0.1976720134654606,-0.2486257607155961,1.4696810748577027,0.9553189251422971,0.032921499013968215,0.06652363021319527,0.06413978750333095,22277031.0,-0.2527402144032728,0,0,-1,0,0,0.017391304347826105,-0.32028042221474523,0.47937815995612243,1.0560298911200243,-0.04065040650406504,-0.3586956521739131,-0.2930521412684835,0.11016949152542364,0.0
2023-10-04,1.15,1.18,0.0,-0.03666398437159136,0.008888947417245774,0.1591381656610784,-0.02575249610241474,1.206,1.184,1.4036666666666666,2,4,10,1.1956297795842843,1.4708328070726155,51.06382978723405,-0.18858302649194014,-0.23661721387086493,1.2805510500459156,1.0874489499540843,0.03414326873910691,0.06567636014792505,0.0641254919075063,22142326.0,-0.7042906314085869,0,0,-1,0,0,-0.00847457627118645,-0.36201922528565406,0.4936520955346389,1.0425798958039376,-0.04958677685950419,-0.33139534883720934,-0.03975667981025622,0.06521739130434799,0.0
2023-10-05,1.17,1.15,0.00851068966790861,-0.012526259819180369,-0.008799665688692315,-0.11988799255558695,0.017241806434506173,1.201,1.178,1.3776666666666666,3,5,10,1.1909698196598688,1.4514242388743823,48.888888888888886,-0.17771748938742205,-0.22483726897417639,1.2607424666739269,1.095257533326073,0.027779675702862574,0.03669672139053382,0.058316630786403645,22261812.0,-0.19337107827656538,0,0,-1,0,0,0.026086956521739157,-0.345830545612536,0.5221300910807031,0.5825423923846612,-0.01680672268907568,-0.09302325581395354,-0.8459030117031586,0.05974358974358962,0.0
2023-10-06,1.16,1.17,-0.017094433359300183,-8.403714446724552e-05,0.026343975339601852,-1.0504703483044915,-0.008583743691391442,1.19,1.178,1.351,4,6,10,1.1853389433580743,1.4326226750760354,54.99999999999997,-0.1679770544549657,-0.21346522607033425,1.2607424666739269,1.095257533326073,0.02288683214875221,0.028888283953436674,0.05820691554258886,22220019.0,-0.4350849261222721,0,0,-1,0,0,-0.008547008547008555,-0.6483473777345438,0.4918525633238702,0.45858729086526756,-0.04132231404958686,0.0,-0.29491993879953626,0.034396551724137976,0.0
2023-10-09,1.16,1.16,-0.01739174271186922,0.016089713944195363,-0.008733679968754666,-0.1155065390424923,0.0,1.1809999999999998,1.1785,1.329,0,9,10,1.1807318627475152,1.4150341153937105,51.35135135135135,-0.1584313911380273,-0.2024584590838729,1.2606487739071235,1.0963512260928767,0.022895970180629655,0.02881088747905993,0.057293693609289494,22220019.0,-0.45040234004992163,0,0,-1,0,0,-0.017241379310344845,-0.6045068702522753,0.3257491474268176,0.45735865992394326,0.008695652173912993,0.008695652173912993,-0.17779086613449763,0.059655172413793235,0.0
2023-10-10,1.24,1.16,0.04292504471703405,0.04115273704022067,0.013245226750020723,0.7930029666828552,0.06669137449867235,1.182,1.183,1.3096666666666665,1,10,10,1.1915078877025125,1.403741591819923,60.0,-0.1427653427713318,-0.1905198358213647,1.2683722499085202,1.09762775009148,0.03286488882159002,0.032586503068835815,0.05919013288499423,22302307.0,1.3353285186012513,0,0,-1,0,0,0.025862068965517265,-0.35831442526565166,0.5739714207345107,0.517294699304296,0.05084745762711873,0.07826086956521738,1.2879028053521056,0.08451612903225807,0.0
2023-10-11,1.22,1.24,0.024897551621727302,-0.02409755157906053,0.04634687045222506,-0.9577012802050644,-0.01626052087178029,1.1829999999999998,1.1875,1.2903333333333333,2,11,10,1.1966882717566012,1.3918872955734762,50.0,-0.13045985937552973,-0.17850784053219773,1.2705662386400776,1.1044337613599224,0.032857133355395036,0.032543525861443635,0.05919809869371545,22270727.0,0.7825080449548475,0,0,-1,0,0,-0.01612903225806453,-0.5714816860027985,0.5401412590108224,0.5166124572874735,0.0608695652173914,0.07964601769911517,1.5620715967447132,0.016393442622950834,0.0
2023-10-12,1.18,1.22,0.0,0.016129381929883717,-0.050858417233491084,0.3579091408390168,-0.033336420267591836,1.182,1.1895,1.2666666666666666,3,12,10,1.1936540405281282,1.3782171474719618,38.46153846153846,-0.12252297227767284,-0.16731086688129276,1.269624902507335,1.109375097492665,0.034211836551342606,0.033555723606905306,0.05817803839722103,22225557.0,-0.23712977370875177,0,0,-1,0,0,0.0,-0.48093649788887993,0.6218450966976939,0.5326805983601445,0.008547008547008517,0.03508771929824572,1.7019450478403564,0.08474576271186449,0.0
2023-10-13,1.19,1.18,-0.033336420267591836,-0.024292692569044587,0.0,0.19316579924884267,0.008438868645864604,1.18,1.19,1.2469999999999999,4,13,10,1.192989669523014,1.366074105699577,42.10526315789474,-0.11411061945425027,-0.1566708173958843,1.2700000000113114,1.1099999999886885,0.03384784106771403,0.0327020671128577,0.057692667359559614,22280352.0,0.0,0,0,-1,0,0,0.0,-0.58894635924191,0.6148406551788508,0.5191292216301929,0.02586206896551735,0.008474576271186418,1.330725534275857,0.05882352941176476,0.0
2023-10-16,1.17,1.19,-0.00851068966790862,-0.00823049913651548,0.008658062743114531,0.5441010099181857,-0.01694955831377332,1.182,1.1925,1.2243333333333333,0,16,10,1.1888097296097386,1.3534241633963786,42.10526315789474,-0.10781478041077985,-0.1468996099988634,1.2661635309449866,1.1188364690550132,0.030005567279425015,0.030689571730106304,0.05689140894371513,22185937.0,-0.6108857316873222,0,0,-1,0,0,-0.016806722689075647,-0.022143445178146794,0.6358821757960725,0.48718184784563734,0.008620689655172376,0.044642857142856984,1.5509966816782426,0.04273504273504278,0.0
2023-10-17,1.27,1.17,-0.017241806434506103,0.20142172816737391,-0.008658062743114541,1.2033190928479258,0.08201315166083528,1.191,1.1985,1.2053333333333334,1,17,10,1.2035715969534224,1.3480419593062898,56.52173913043478,-0.09367627654013133,-0.136254943307117,1.2769789613223135,1.1200210386776863,0.039613263929005174,0.03554259694610138,0.0596822243901234,22500448.0,1.8221444013854644,0,0,-1,0,0,-0.01709401709401711,3.5068576714265687,0.7460701583000909,0.5642212348127282,0.024193548387096753,0.10434782608695659,1.7270470991436826,0.2598425196850394,0.0
2023-10-18,1.23,1.27,0.09134977858822804,-0.11441035117774409,0.026260841449293377,-1.2733300265094571,-0.03200273108617383,1.199,1.2025,1.1889999999999998,2,18,10,1.2083767611437093,1.3404263490284647,54.166666666666664,-0.08472244841879562,-0.1259484443294527,1.2786922775594882,1.1263077224405116,0.04022539366027637,0.03648718858680989,0.05892624996944136,22412417.0,0.721857933135784,0,0,-1,0,0,-0.007874015748031503,-0.022350333766697282,0.7814609060744022,0.5792161622436794,0.008196721311475308,0.06956521739130439,1.672653711254682,0.11333333333333331,0.0
2023-10-19,1.23,1.23,-0.007968169649176845,-0.04652001563489293,0.016298772969502537,-0.38118014012053275,0.0,1.205,1.2029999999999998,1.187,3,19,10,1.2123082591175802,1.333302068445983,52.17391304347826,-0.07674184292864594,-0.11610712404929135,1.2798046051368555,1.1261953948631442,0.04012382542447048,0.03394265131020245,0.03747783839274623,22412417.0,0.7030828412408267,0,0,-1,0,0,0.016260162601626032,-0.45287609445566585,0.720271822833776,0.5388228852298583,0.04237288135593231,0.008196721311475308,1.6043870907992415,0.04878048780487809,0.0
2023-10-20,1.18,1.23,-0.008032171697264267,-0.007168489478612628,-0.01680711831638129,0.05126585346556712,-0.041499730906752734,1.207,1.1985,1.1876666666666666,4,20,10,1.206434030187111,1.3234116124172102,53.33333333333333,-0.07360328486167811,-0.10760635621176871,1.2690691150703204,1.1279308849296794,0.04259960875235284,0.033782250097582726,0.03333131056636171,22349124.0,-0.524308686075066,0,0,-1,0,0,0.008130081300813016,-0.38287218761417213,0.8027869278643194,0.5362765949183483,-0.008403361344537785,-0.07086614173228356,1.7480648044045108,0.06016949152542369,0.0
2023-10-23,1.15,1.18,-0.04959694113937218,-0.04998992436133606,-0.043208314093605225,-0.3190029157512173,-0.02575249610241474,1.206,1.1935,1.1876666666666666,0,23,10,1.196173297425818,1.3122237664548095,46.666666666666664,-0.07269867914127115,-0.1006248207976692,1.26286554583637,1.12413445416363,0.04351448909625413,0.03404062554866891,0.03364001031816431,22303118.0,-1.2542249751083765,0,0,-1,0,0,0.0,-0.64340819472557,0.8159047851818833,0.5403781780490974,-0.017094017094017144,-0.08000000000000007,1.7992664730674592,0.052086956521738996,0.0
2023-10-24,1.17,1.15,0.0,0.016667052485211643,-0.00897743907696483,0.35628143958173564,0.017241806434506173,1.1989999999999998,1.1905,1.1883333333333332,1,24,10,1.191414516075669,1.3030480395867574,52.272727272727266,-0.06956602589432825,-0.09441306181700101,1.2583931048488743,1.1226068951511254,0.036995307110871706,0.034219976443904974,0.03377997526450154,22368815.0,-0.6038904847740173,0,0,-1,0,0,0.026086956521739157,-0.3391792766479609,0.38128158714200433,0.5432252852463659,-0.07874015748031504,-0.04878048780487809,0.662703006481013,0.0769230769230768,0.0
2023-10-25,1.16,1.17,-0.02575249610241474,0.0,0.0,0.794215195999193,-0.008583743691391442,1.193,1.188,1.1893333333333334,2,25,10,1.1857027858800928,1.293819133806967,48.83720930232558,-0.06711661351117537,-0.0889537721558359,1.2565488684825012,1.1194511315174986,0.036823632730042424,0.034093474417380115,0.03365121708091339,22223447.0,-0.8169354394857055,0,0,-1,0,0,-0.01709401709401711,0.8832621950856818,0.3566715652337608,0.5412171278311831,-0.056910569105691144,-0.04132231404958686,-0.07842073936041767,0.0775862068965516,0.0
2023-10-26,1.16,1.16,0.017241806434506173,-0.015827069235486636,0.008888947417245774,-1.2735564695727695,0.0,1.1909999999999998,1.1864999999999999,1.1900000000000002,3,26,10,1.1810295520837122,1.2851856413032916,50.0,-0.06443269653279438,-0.0840495570312276,1.2561683874676084,1.1168316125323914,0.03545313672509776,0.03391154954882205,0.03362255304267014,22223447.0,-0.7607467594199984,0,0,-1,0,0,0.008620689655172422,-0.7557969942642282,0.3566715652337608,0.5383291600741666,-0.056910569105691144,-0.025210084033613467,-0.07842073936041767,0.05258620689655187,0.0
2023-10-27,1.16,1.16,0.016949558313773205,-0.0008399832497250984,0.008810629682154906,-0.06670578515577724,0.0,1.188,1.184,1.1893333333333334,4,27,10,1.1772059971594009,1.2771091483159824,50.0,-0.061595636831409895,-0.07955877299126406,1.253706150160743,1.114293849839257,0.035298226630831916,0.03366115141716254,0.03300473069889044,22223447.0,-0.6886049493382101,0,0,-1,0,0,0.025862068965517265,-0.7296705850955679,0.2468089447469892,0.534354212963409,-0.016949152542372947,-0.04132231404958686,-0.22135899983931387,0.043103448275862113,0.0
2023-10-30,1.14,1.16,-0.042925044717034,0.0,-0.00881062968215492,1.4112663835165444,-0.01739174271186922,1.185,1.1835,1.19,0,30,10,1.1704412704031462,1.2682633968117256,36.111111111111114,-0.06026636627526627,-0.07570029164806451,1.2543668135657937,1.1126331864342063,0.035318738348432854,0.03196771653048882,0.031768395803579326,22067382.0,-1.2276550281074523,0,0,-1,0,0,-0.017241379310344845,1.0227609865410439,0.2037064607611487,0.5074717675336919,-0.008695652173913104,-0.008695652173913104,0.5625181273164935,0.052631578947368474,0.0
2023-10-31,1.16,1.14,0.0,-0.01694955831377332,-0.008888947417245815,0.039876043773774975,0.01739174271186924,1.174,1.1824999999999999,1.190333333333333,1,31,10,1.168542857602574,1.2612786615335496,41.666666666666664,-0.056942677192529656,-0.07194876875695755,1.25413503995378,1.1108649600462197,0.019690703827044655,0.03165687198932861,0.031554501343038,22229796.0,-0.6281841962960364,0,0,-1,0,0,0.0,1.0538563407588555,0.20460711598117878,0.5025372634198205,-0.008547008547008517,-0.016949152542372947,0.5759360270163657,0.04310344827586192,0.0
2023-11-01,1.2,1.16,-0.00881062968215492,0.07410797215372204,0.0,-0.1721770216756919,0.033901551675681416,1.1709999999999998,1.185,1.192,2,1,11,1.1742623380384696,1.257325199499127,52.77777777777778,-0.05049884469531407,-0.06765878394462885,1.2553375321067168,1.1146624678932833,0.022156180884145074,0.03199594336756557,0.03214831149683202,22366521.0,0.4265148221931285,0,0,-1,0,0,-0.025862068965517265,0.6721210605251126,0.31270264690111993,0.5079198546809099,0.034482758620689724,0.04347826086956519,0.3924160283766316,0.11666666666666659,0.0
2023-11-02,1.21,1.2,0.0766332260209161,-0.01600034134644119,0.017699577099400638,-0.7110724707726689,0.008298802814695064,1.1689999999999998,1.1869999999999998,1.1916666666666667,3,2,11,1.1807600947587478,1.254271960821764,52.77777777777778,-0.04407705177361754,-0.0629424375104266,1.2578148066714556,1.116185193328544,0.02240529409148691,0.03183934682197448,0.03019756636745407,22433669.0,0.6495816646568919,0,0,-1,0,0,0.016666666666666684,-0.3168288154241317,0.3065583879091848,0.5054339615860751,0.0431034482758621,0.03418803418803429,0.003255649563891659,0.08264462809917363,0.0
2023-11-03,1.2,1.21,0.016260520871780326,0.007952168497093648,0.008733679968754631,0.6161527797204294,-0.008298802814695066,1.1709999999999998,1.1889999999999998,1.1893333333333331,4,3,11,1.1842582593480664,1.2507705439945536,54.285714285714285,-0.039341150746377895,-0.05822218015761686,1.258856996799247,1.1191430032007528,0.01801338093005936,0.03183441222214253,0.029224638820354983,22309325.0,0.3149290838142265,0,0,-1,0,0,0.024793388429752088,0.47145650704563197,0.3261908939688675,0.5053556272422254,0.034482758620689724,0.034482758620689724,0.20546331861351988,0.08325000000000009,0.0
2023-11-06,1.35,1.2,-0.04959694113937218,0.07704104433629907,0.025752496102414764,-0.7101800513446126,0.11778303565638365,1.1909999999999998,1.1985,1.1926666666666665,0,6,11,1.2143931212847816,1.2571724443820018,60.0,-0.02321654281054797,-0.05122105268820309,1.2973938825297509,1.099606117470249,0.040942306605324975,0.04202597530538778,0.03709376148966089,22370447.0,3.063890225048518,0,0,-1,0,0,-0.016666666666666684,-0.49431075904220917,0.831975332468816,0.667141675577987,0.1842105263157896,0.16379310344827602,1.7653523069065575,0.12592592592592602,0.0
2023-11-07,1.31,1.35,0.10451269873548692,-0.00743497848751809,0.07350246199292652,-0.04194947455837624,-0.03007745523727795,1.2049999999999998,1.202,1.1953333333333334,1,7,11,1.231776190142094,1.2605806737767113,60.0,-0.013509610179221587,-0.04367876418640679,1.3114676111758374,1.0925323888241625,0.04349621210676271,0.04029666514132574,0.03741917743952932,22311836.0,1.9731863852682412,0,0,-1,0,0,-0.029629629629629655,-0.5110295798963463,0.9542472950588725,0.6396897277751602,0.1293103448275863,0.056451612903225756,1.4457691108159147,0.05343511450381684,0.0
2023-11-08,1.42,1.31,0.030077455237277954,0.06500483030899579,0.031010236742560218,0.3587270588136987,0.08062973440010901,1.231,1.212,1.2023333333333333,2,8,11,1.2659987010253495,1.2708657915975687,68.62745098039214,0.003024420915739956,-0.03433812716597744,1.3586251935044813,1.0653748064955186,0.048186835556280505,0.04379644932863041,0.04004530531350509,22395738.0,2.837165906193914,0,0,-1,0,0,0.030534351145038195,-0.17516357038944985,1.0425949413457747,0.6952470793871869,0.18333333333333335,0.16393442622950816,0.6337249859646857,0.08450704225352106,0.0
2023-11-09,1.36,1.42,0.03636764417087479,-0.009203057683771778,-0.021527778636542334,-0.6367478765710242,-0.043172171865208546,1.251,1.221,1.208,3,9,11,1.2830898462934677,1.2766163856880481,67.30769230769232,0.011157642760331266,-0.0252389731807157,1.3808551976393955,1.0611448023606047,0.05197718923987533,0.044314136630810595,0.04081448944791305,22351353.0,1.7390738875261238,0,0,-1,0,0,-0.014084507042253534,-0.7801968056716226,1.1796488105689376,0.7034651105379752,0.12396694214876036,0.15254237288135597,0.66037923386285,0.09911764705882355,0.0
2023-11-10,1.16,1.36,-0.0974553361507129,-0.08610712212055303,-0.13517067326951468,1.4524948579636392,-0.15906469462968753,1.251,1.2195,1.2063333333333333,4,10,11,1.26070987424011,1.2690927479017224,50.724637681159415,0.0014482565387394786,-0.019901527236824666,1.3811331128194309,1.0578668871805692,0.07366243799079301,0.05626538384012584,0.04929648611114605,22161662.0,-0.7362352795428845,0,0,-1,0,0,-0.06617647058823535,1.2937471556434135,1.7197586673267853,0.8931852783753923,-0.033333333333333326,-0.025210084033613467,-0.14932552795678833,0.1551724137931034,0.0
2023-11-13,1.17,1.16,-0.0905968953522267,-0.1053605156578264,0.02643325706815543,-1.9440193861039776,0.008583743691391435,1.254,1.2195,1.207,0,13,11,1.244217169832817,1.262699667391934,50.0,-0.0053775959885904445,-0.016996740987177822,1.3811331128194309,1.0578668871805692,0.07334610606176015,0.05614705505099897,0.0484244284031873,22188812.0,-0.6124982577709712,0,0,-1,0,0,0.0,-1.0246706059475859,1.3334067746217109,0.8913068670815777,-0.13333333333333341,0.0,-0.32965528626327256,0.01709401709401711,0.0
2023-11-14,1.2,1.17,0.01709443335930004,0.050010420574661416,-0.02643325706815537,1.5315181798559512,0.02531780798429,1.2579999999999998,1.2159999999999997,1.2076666666666669,1,14,11,1.2361776844086685,1.2586545275601964,52.857142857142854,-0.00827104060699857,-0.015251600911141971,1.376052622930922,1.0559473770690775,0.073543489976364,0.052940709984599495,0.04841675727528995,22314386.0,-0.19993424296339468,0,0,-1,0,0,0.008547008547008555,0.7478112953242995,1.3789776854887685,0.8404077171026663,-0.08396946564885499,-0.055118110236220486,-0.8546651526447746,0.09166666666666656,0.0
2023-11-15,1.15,1.2,-0.017094433359300183,-0.032976832178069064,0.008888947417245774,-0.09075830517503412,-0.04255961441879601,1.253,1.2120000000000002,1.2076666666666667,2,15,11,1.2205090145161832,1.2516445580401838,49.33333333333333,-0.014432331511939456,-0.015087747031301469,1.374558491502906,1.0494415084970943,0.0741927822178003,0.053291900486495104,0.048819687054640626,22199707.0,-0.762802354116235,0,0,-1,0,0,-0.03333333333333337,0.49295041464446915,1.0690278404324511,0.8459826934876087,-0.1901408450704225,-0.06504065040650409,-1.1802120647090766,0.05226086956521743,0.0
2023-11-16,1.18,1.15,0.0,-8.403008281911373e-05,8.84916597189768e-05,-0.8619348746225517,0.025752496102414764,1.25,1.2095,1.208,3,16,11,1.2131437391496043,1.2470223284892044,51.28205128205128,-0.016701920323366704,-0.015410581689714518,1.3724304016789983,1.0465695983210017,0.07467123808667858,0.05366107738749464,0.04894503638623297,22248141.0,-0.3621178085366818,0,0,-1,0,0,0.008695652173913052,-0.8408385940128735,1.1632503958740537,0.8518431951066144,-0.13235294117647067,-0.04065040650406504,-1.565513713461141,0.050762711864406646,0.0
2023-11-17,1.2,1.18,0.1139442593492179,0.08841095734405315,0.034783090858807,0.4918500070883676,0.01680711831638119,1.25,1.2105000000000001,1.2093333333333331,4,17,11,1.2107539683951307,1.2439886298769978,53.846153846153854,-0.016694311325785582,-0.015667327616928732,1.3729127296077743,1.048087270392226,0.07478509936351953,0.052944043433483044,0.04898681493648692,22327347.0,-0.12930020972318632,0,0,-1,0,0,0.10169491525423738,-0.23551644820769052,0.4477185921591027,0.8404606339631904,0.034482758620689724,0.016949152542372836,-1.89532193313587,0.10825000000000011,0.0
2023-11-20,1.17,1.2,-0.11394425934921784,-0.039220713153281385,-0.026060952836371155,0.15327373845575526,-0.025317807984289897,1.232,1.2114999999999998,1.2096666666666667,0,20,11,1.2033441559596523,1.2392151698849334,50.63291139240506,-0.018891263691489524,-0.01631211483184089,1.3725851360443824,1.0504148639556172,0.06133248120151182,0.052932492469163685,0.04923926701966914,22235021.0,-0.5152554856279935,0,0,-1,0,0,-0.03333333333333337,-0.015705538098554822,0.5010895957202357,0.8402772680892384,0.0,0.01739130434782621,-0.7059880994758702,0.0940170940170941,0.0
2023-11-21,1.17,1.17,0.025533302005164845,-0.040821994520255166,0.0,-0.7198417741152082,0.0,1.218,1.2115,1.2073333333333334,1,21,11,1.1972815821488063,1.2347496750536475,47.99999999999999,-0.020397237611155195,-0.017129139387703753,1.3725851360443826,1.0504148639556175,0.061124818055658184,0.052812821800402025,0.047560507458172536,22235021.0,-0.5152554856279963,0,0,-1,0,0,0.01709401709401711,-0.965699207230591,0.4502063000257349,0.8383775551166055,-0.025000000000000022,0.0,-0.35068260626137016,0.05128205128205133,0.0
2023-11-22,1.19,1.17,0.00836824967051658,0.016529301951210506,0.017477945892819962,0.09782109694119857,0.016949558313773205,1.1949999999999998,1.2129999999999999,1.2063333333333333,2,22,11,1.1959576581217506,1.2318625992437346,48.684210526315795,-0.019749242960053648,-0.017653160102173732,1.3726179649621164,1.0533820350378833,0.05286619836793488,0.052871157588748954,0.04757885421313659,22284587.0,-0.2881881122273259,0,0,-1,0,0,0.025641025641025664,-0.7859003683610952,0.32125620682971695,0.8393036070476108,0.034782608695652195,0.02586206896551735,-1.2202269027391794,0.050336134453781566,0.0
2023-11-24,1.32,1.19,0.0,0.10125373370517289,0.025447098824214004,-0.0681415556773359,0.10367842947484152,1.191,1.2209999999999999,1.2109999999999999,4,24,11,1.2185108111905232,1.2375488831634938,56.81818181818182,-0.008646121874888113,-0.01585175245671661,1.3854000256169579,1.0565999743830419,0.06489581427619666,0.05798121614589522,0.051110937725650084,22330888.0,1.2043793743763045,0,0,-1,0,0,0.008403361344537823,-0.8647515110368899,0.8071179633873471,0.9204232718107301,0.1186440677966103,0.13793103448275867,1.5784073266486338,0.12121212121212131,0.0
2023-11-27,1.35,1.32,0.09531017980432493,0.03636764417087479,0.07321922199013292,0.9029103225210022,0.022472855852058576,1.21,1.2305,1.2163333333333335,0,27,11,1.2424179364286099,1.2448037939271395,50.0,0.0025445983129182004,-0.012172482302789648,1.401869099965118,1.0591309000348819,0.039795765522864165,0.0580369517428225,0.051210408921566454,22445102.0,1.3946504944511484,0,0,-1,0,0,0.0,0.4914015510317599,0.8051324244615442,0.9213080469825901,0.12500000000000022,0.16379310344827602,1.4771254214105443,0.08859259259259253,0.0
2023-11-28,1.36,1.35,0.015037877364540502,0.02817087696669644,0.045497084849249095,-0.7535441854371954,0.00738010729762246,1.2289999999999999,1.2414999999999998,1.2226666666666666,1,28,11,1.26379649344159,1.2522358072221627,53.42465753424657,0.012080979106066758,-0.0073217900210183675,1.416611994244014,1.0663880057559856,0.03982250071741384,0.05770603007121238,0.05103749813336103,22498862.0,1.353419570276533,0,0,-1,0,0,-0.007407407407407414,-0.7272081317026996,0.7055262197274172,0.9160548283034571,0.16239316239316248,0.19298245614035103,2.0212143430829053,0.07352941176470577,0.0
2023-11-29,1.39,1.36,0.014815085785140682,0.0408219945202552,-0.03802739558923925,1.3144424559142671,0.021819047394639673,1.248,1.253,1.2266666666666666,2,29,11,1.286742585543119,1.2611238196594425,47.692307692307686,0.021807989937096872,-0.00149583402939532,1.4356241466760793,1.0703758533239205,0.03974065072720285,0.05774401433571216,0.0489141475883294,22698993.0,1.5003492418009439,0,0,-1,0,0,0.0,2.302663791893986,0.6597811949697389,0.9166578098090579,0.18803418803418803,0.19827586206896552,2.1115126218543088,0.15107913669064746,0.0
2023-11-30,1.48,1.39,0.021819047394639673,0.18786173716957008,0.07466152876901956,1.3419998127523127,0.06273834063342335,1.2810000000000001,1.267,1.2349999999999999,3,30,11,1.3218802972625516,1.2752448635523819,58.823529411764696,0.03635983044645541,0.006075298865774827,1.4738408999606505,1.0601591000393493,0.03687958373903507,0.05878758534922186,0.04964449725626994,23464832.0,2.059553986088062,0,0,-1,0,0,0.0,4.057054352927174,0.6618231622932117,0.9332239860721516,0.24369747899159666,0.2333333333333334,1.1020219069996842,0.2837837837837839,0.0
2023-12-01,1.34,1.48,0.007168489478612497,-0.2356524010059185,-0.05167201054432081,-1.1364781781369742,-0.0993724738132036,1.2970000000000002,1.2734999999999999,1.2386666666666666,4,1,12,1.3251747886693603,1.279422614290938,64.51612903225808,0.03617839688032376,0.012095918468684614,1.4809684503642195,1.0660315496357802,0.053082043717115376,0.06346325976629043,0.05301912900827276,23219038.0,0.6410613265126015,0,0,-1,0,0,-0.054054054054054106,0.7276409192257016,0.9424491757020828,1.0074480163865736,0.015151515151515138,0.1074380165289257,-1.4766851215957928,0.08208955223880587,0.0
2023-12-04,1.31,1.34,-0.014388737452099669,-0.03559094510270263,-0.04652001563489293,-0.5881764981536466,-0.02264247674975989,1.308,1.279,1.2429999999999999,0,4,12,1.322415736184022,1.281395348852813,60.93750000000001,0.03323079625865,0.016322894026677692,1.4840827817497457,1.073917218250254,0.05428829404264845,0.06372074182832911,0.05258913084543478,23082539.0,0.3023169447528578,0,0,-1,0,0,0.029850746268656577,0.04585724520690909,0.941810454935591,1.0115354174058604,-0.029629629629629672,0.09166666666666679,-0.7627274856923845,0.0916030534351144,0.0
2023-12-05,1.27,1.31,-0.09893994785490354,-0.059719234701622194,-0.007968169649176845,-0.32919906321051035,-0.031010236742560322,1.318,1.275,1.2469999999999999,1,5,12,1.3128856023323816,1.2806601650558573,55.38461538461539,0.0273518408284652,0.018528683387035193,1.4773545611614578,1.072645438838542,0.05471276095313304,0.057682761506507495,0.05269871256798334,22984328.0,-0.049418209021840784,0,0,-1,0,0,-0.045801526717557293,-0.2039295758982666,0.949936774326611,0.9156854512900099,-0.06617647058823539,-0.059259259259259345,-0.14245015143575324,0.039370078740157514,0.0
2023-12-06,1.54,1.27,0.007968169649176881,0.30861528211824674,0.007968169649176881,1.8053749364698437,0.19276551595503794,1.355,1.2865,1.2593333333333332,2,6,12,1.3541791291810394,1.2973917673103181,72.41379310344828,0.04397258126546055,0.023617462962720263,1.520843427701855,1.052156572298145,0.0840290092532338,0.07444441036846043,0.06495075745957152,23581672.0,2.1634914406263372,0,0,-1,0,0,-0.007874015748031503,2.3096969680600687,1.8850097958229264,1.1817683780027075,0.1079136690647482,0.17557251908396942,1.1231651968438379,0.33116883116883117,0.0
2023-12-07,1.76,1.54,0.07637297878457416,-0.00566573753567742,0.05406722127027579,-0.9551140980413844,0.13353139262452257,1.4120000000000001,1.3035,1.2793333333333334,3,7,12,1.4279647420572141,1.3272374597419105,77.35849056603773,0.07404327441392722,0.03370262525296166,1.6151864146131811,0.9918135853868191,0.09087604893080778,0.07854707224745545,0.06911404238017042,23811511.0,2.929226161920083,0,0,-1,0,0,-0.11688311688311684,0.3401042074589165,2.0597177572102194,1.2468961162739425,0.18918918918918926,0.23943661971830998,0.5488164189806483,0.2443181818181818,0.0
2023-12-08,1.89,1.76,0.2578291093020997,0.08701137698962969,0.21012686987429136,-0.24727628190149806,0.07126302002149049,1.4689999999999999,1.3299999999999998,1.3036666666666668,4,8,12,1.5119711525922659,1.3635447204037228,79.48717948717947,0.10712950665943333,0.048388001534256,1.7373534608998016,0.9226465391001981,0.08869075448060025,0.07849066516132486,0.06982810672064549,23990998.0,2.7494549758483346,0,0,-1,0,0,0.0,0.04010494198878898,1.6679710548556026,1.2460006815414422,0.4104477611940296,0.3897058823529409,0.28073534910275205,0.1476190476190476,0.0
2023-12-11,1.84,1.89,0.08178943300847807,0.09909090264423097,0.0760126600868577,0.6564487035613691,-0.0268112574506567,1.518,1.3639999999999999,1.3263333333333334,0,11,12,1.571612761211854,1.3942837707002569,78.1512605042017,0.1278423153228987,0.06427886429198454,1.8219772460466934,0.9060227539533063,0.09107879824902795,0.06909714695898295,0.07023807107948277,23644959.0,2.0787058925258006,0,0,-1,0,0,0.010582010582010592,0.8663245518818553,1.6831546408294995,1.096883202945311,0.4045801526717556,0.5862068965517244,0.26916416517321456,0.18989130434782617,0.0
2023-12-12,2.21,1.84,-0.07612369547280069,0.05946968210027954,-0.10131484294907607,-0.08693072722040326,0.18322694390876712,1.6030000000000002,1.416,1.3619999999999999,1,12,12,1.6876831682642441,1.4469106242034662,83.33333333333334,0.17212907635184882,0.0858489067039574,2.000047582778266,0.8319524172217337,0.10421529970515385,0.07928027877131189,0.07742482124174836,23962187.0,2.718956548790109,0,0,-1,0,0,-0.038043478260869595,0.644615913581646,1.5724284682516498,1.258535409004588,0.7401574803149606,0.8888888888888891,-0.854656958496658,0.2940723981900451,0.0
2023-12-13,1.91,2.21,0.1271551754852465,-0.036158603231832544,0.1505728584793744,-0.08991916169059948,-0.14588927347112302,1.655,1.4515,1.387,2,13,12,1.7281044103980179,1.4767873581258233,69.56521739130434,0.18093347229929568,0.10486581982302506,2.065795488645474,0.837204511354526,0.12034350514068874,0.08802339034937078,0.08281040152626723,23672239.0,1.4927669451422987,0,0,-1,0,0,-0.09049773755656117,0.45749081370958833,2.1351077011745985,1.397328002527188,0.24025974025974017,0.5916666666666666,-0.4856225039572437,0.1623036649214659,0.0
2023-12-14,1.66,1.91,-0.045809536031294104,-0.08157998699242287,-0.12588024588900296,0.12638047002149227,-0.14028563969008662,1.673,1.4769999999999999,1.4023333333333334,3,14,12,1.7157217903256508,1.4886075285693188,58.673469387755105,0.16582656345698998,0.11705796854981805,2.08085080067467,0.8731491993253298,0.13103717498472336,0.09376155253914077,0.08719907790824342,23343231.0,0.6061099854319574,0,0,-1,0,0,0.005235602094240842,0.6031545838983792,2.2740640649958763,1.4884185033472992,-0.05681818181818188,0.4434782608695653,0.6612668464545568,0.21686746987951813,0.0
2023-12-15,1.83,1.66,-0.13950155961102648,-0.06384542804875341,-0.05644131090495173,0.16922329304302175,0.09749836448487785,1.722,1.5094999999999998,1.4229999999999998,4,15,12,1.7364996466300777,1.5106328493067822,61.42857142857143,0.16566215837020382,0.1267788065138952,2.1160076907584258,0.902992309241574,0.12680563428866581,0.09545080786954112,0.08865066270985231,23732903.0,1.056870357568661,0,0,-1,0,0,0.006024096385542174,0.8313440393137476,2.343322309943263,1.5152346003780766,-0.03174603174603163,0.5508474576271187,0.5050163890326471,0.17830601092896176,0.0
2023-12-18,1.8,1.83,0.06378973787533,-0.00872526478608195,0.09272619903839967,-0.8698633392158693,-0.016529301951210582,1.7710000000000001,1.5394999999999999,1.4430000000000003,0,18,12,1.748045165424609,1.529301697738603,60.37735849056604,0.16125230072818963,0.1336735053567541,2.140883492677428,0.9381165073225718,0.12649866076016458,0.09591409806139084,0.08874480584146792,23569627.0,0.8663357181296227,0,0,-1,0,0,-0.027322404371584723,-0.37637540182166757,2.3366824598861426,1.5225891041730153,-0.021739130434782594,0.5,0.44318597530669457,0.08855555555555567,0.0
2023-12-19,2.07,1.8,0.011173300598125255,0.11179140598811663,0.02863465796586769,0.5141176830025156,0.13976194237515863,1.8509999999999998,1.5845,1.467,1,19,12,1.80658240807468,1.564185459174822,64.40677966101694,0.17749811253882553,0.1424384267931684,2.2038876432681835,0.9651123567318163,0.12829780590453047,0.09907144974245909,0.08990061373085129,23842651.0,1.567677383546985,0,0,-1,0,0,0.0,0.15843474044340397,2.0793227540243744,1.572710508271085,-0.06334841628959287,0.7692307692307692,0.17850685941464875,0.1594202898550725,0.0
2023-12-20,2.58,2.07,0.13976194237515863,0.3392157225669637,0.13353139262452257,2.0793907206803133,0.22024079165624852,1.955,1.655,1.5093333333333334,2,20,12,1.947203788424738,1.6297218811635434,69.78417266187051,0.22888730284586156,0.15972820200370702,2.386559257593084,0.9234407424069164,0.13319119547270653,0.10946507384268235,0.09854845195462533,26026732.0,2.5288450399585107,0,0,-1,0,0,0.0,3.920033713923232,2.332787863391414,1.7377041758103544,0.35078534031413633,1.2051282051282053,-0.36725752010248885,0.3565891472868217,0.0
2023-12-21,2.42,2.58,0.23943523891239554,-0.09359589660312065,0.16126814759612232,-1.841523697909525,-0.06402185876493102,2.021,1.7165,1.5426666666666666,3,21,12,2.0331667359838765,1.6807075662497666,69.28571428571428,0.25377755390868617,0.17853807238470285,2.4891175604647833,0.9438824395352164,0.13489730176010184,0.11195687267102851,0.09925840172934339,25680390.0,1.8210820876936724,0,0,-1,0,0,0.01937984496124024,-0.04100452637862698,1.9836861176647542,1.7772602559123907,0.45783132530120474,1.0336134453781511,0.09307486014593809,0.1277272727272727,0.0
2023-12-22,2.86,2.42,-0.09151510883577321,0.09359589660312068,0.01687803778735173,-0.2368822464532313,0.16705408466316624,2.118,1.7935000000000003,1.5926666666666667,4,22,12,2.183500056714081,1.7567909490723623,74.14330218068535,0.30548612606436154,0.20392768312063458,2.6958075680554376,0.891192431944563,0.1420201411703561,0.11538105201871525,0.10259288932419884,25953683.0,2.363938944451975,0,0,-1,0,0,-0.008264462809917363,-0.22621909304801585,2.1062432246855507,1.8316174179031657,0.5628415300546448,1.1666666666666665,-0.358832995004241,0.18531468531468526,0.0
2023-12-26,2.84,2.86,0.17185025692665923,0.010221554071538227,0.048989387200273134,0.1445582889528708,-0.007017572658646535,2.218,1.8679999999999999,1.6486666666666667,1,26,12,2.3028636827660662,1.8266754039709197,74.60815047021943,0.340921775177049,0.23132650153191747,2.857919720297187,0.8780802797028125,0.14096996209518378,0.11587937113432141,0.09731024345901636,25637885.0,1.9637956090180573,0,0,-1,0,0,-0.003496503496503422,-0.156581392175036,2.074343794953388,1.839527988623827,0.5777777777777777,1.1037037037037036,-0.38189989809561775,0.1549295774647889,0.0
2023-12-27,2.77,2.84,0.03787027405540975,0.023451661035049663,0.08767516725628646,-0.11971334543804088,-0.024956731973867507,2.274,1.9385000000000001,1.7020000000000002,2,27,12,2.3877975586267812,1.8875350553276347,70.5685618729097,0.35921555410947303,0.2569043120474286,2.975789484033209,0.9012105159667916,0.13243066554555988,0.11663080848230915,0.09780517848154405,25357717.0,1.6032168701198934,0,0,-1,0,0,0.042253521126760604,-0.2636974181747684,2.186400316692384,1.8514566867155557,0.33816425120772964,1.0367647058823528,0.6353537898642403,0.10108303249097465,0.0
2023-12-28,2.57,2.77,-0.07358835665748907,-0.07242828326467157,-0.09969936022308817,-0.5043375273331518,-0.07494142129211873,2.3400000000000003,1.9975,1.7476666666666667,3,28,12,2.4209252752400934,1.93156505175811,63.63636363636363,0.35350024638861455,0.2762234989156658,3.0376594007405915,0.9573405992594084,0.1248824741429951,0.11936672283945612,0.09969020956651826,25188522.0,1.1007928200088963,0,0,-1,0,0,-0.007220216606498201,-0.5075988302740991,1.640582682422668,1.894887980699848,-0.00387596899224818,0.8489208633093526,1.8764706084770388,0.1280155642023347,0.0
2023-12-29,2.22,2.57,-0.06381151274495382,-0.05826890812397588,-0.13353139262452263,0.46174687515443535,-0.14639870302294017,2.396,2.0345000000000004,1.7833333333333334,4,29,12,2.3843934070146218,1.9501737580962966,55.17241379310345,0.31707372043764437,0.2843935432200615,3.0494923515405734,1.0195076484594274,0.12568115980715824,0.12527527571868272,0.10346401546547625,24920036.0,0.3655199957289228,0,0,-1,0,0,0.003891050583657678,-0.2344522346592027,1.8916083447423622,1.9886833498600973,-0.0826446280991735,0.5000000000000002,1.2521370257274704,0.2162162162162162,0.0
2024-01-02,2.22,2.22,-0.14131353306657746,-0.13618720728540634,-0.01860518783103447,-0.16572765668083841,0.0,2.4349999999999996,2.0785,1.818,1,2,1,2.354503696648327,1.9675819027352455,56.05095541401275,0.28492104374742366,0.28449904332553394,3.041702443606776,1.115297556393224,0.12384718753950219,0.12216623285131761,0.10358246036902274,24920036.0,0.2938115469685562,0,0,-1,0,0,0.009009009009009016,-0.3253517634460589,0.901273201884888,1.9393288244051738,-0.22377622377622364,0.6567164179104479,-1.155425078522028,0.08225225225225238,0.0
2024-01-03,1.8,2.22,-0.031748698314580416,-0.06364526516035635,-0.1908081706712733,0.13966522674979487,-0.20972053098206914,2.4349999999999996,2.1029999999999998,1.838,2,3,1,2.2536848427122673,1.9567701670749071,43.573667711598745,0.22297896322092692,0.27219502730461254,3.0070051234144266,1.1989948765855727,0.14124763673628107,0.1314398066974183,0.11080540993856466,24658457.0,-0.6703501830953542,0,0,-1,0,0,-0.02252252252252264,-0.2636796205527387,1.2425059464952604,2.086542245374625,-0.3661971830985915,0.3740458015267176,-0.40829151900112487,0.22777777777777772,0.0
2024-01-04,1.83,1.8,-0.18694050265024909,-0.13287328137997342,0.011299555253933466,-0.3492332298232466,0.016529301951210506,2.4110000000000005,2.1310000000000002,1.86,3,4,1,2.1766512349464007,1.9485914466184617,48.63013698630137,0.17430093473753594,0.2526162087911972,2.957760322935602,1.3042396770643983,0.13244579595970038,0.13083166492676673,0.11049078554671848,24842930.0,-0.7281433122751481,0,0,-1,0,0,0.0,-0.4522787120954425,1.3932448917264804,2.0768882940525377,-0.3393501805054151,0.4409448818897639,-0.2567347686224389,0.06557377049180321,0.0
2024-01-05,1.96,1.83,0.005540180375615351,0.04124295853404922,-0.016997576368571136,0.46797621127671524,0.06862850638909615,2.3489999999999998,2.152,1.8863333333333332,4,5,1,2.1372601013197823,1.9493274823204967,55.35714285714286,0.14454691316522084,0.23100234966600197,2.9357722547845455,1.3682277452154545,0.10409469426536669,0.12386910937974557,0.11079139848531025,25137489.0,-0.4899382411866055,0,0,-1,0,0,-0.010928961748633888,-0.16552184428000574,1.7455840823002053,1.9663611512511903,-0.23735408560311277,0.2727272727272727,-0.4701057908087467,0.1173469387755102,0.0
2024-01-08,1.87,1.96,0.09480779345866662,0.009700274589206111,0.02817087696669644,-0.96478643134137,-0.047006042375930486,2.294,2.1574999999999998,1.909,0,8,1,2.0886673556252764,1.9442095802353034,50.73529411764705,0.11240861235311939,0.20728360220342548,2.931168635719689,1.3838313642803104,0.10353302969406461,0.12111791904125296,0.11150469029371805,25025243.0,-0.7432122402960246,0,0,-1,0,0,0.015306122448979605,-0.5698392767120439,1.5650636394073922,1.92268735858086,-0.1576576576576577,0.0625,-1.277701332368751,0.10657754010695188,0.0
2024-01-09,1.69,1.87,-0.06219620786990569,-0.05094323312325523,-0.07496303847345535,0.36014609655403745,-0.1012099019315132,2.177,2.1475,1.9213333333333333,1,9,1,2.016182381875226,1.9278089621556067,48.083623693379785,0.07158904775841757,0.18014469131442393,2.9406516082602625,1.3543483917397374,0.07710850650561187,0.12235170705782841,0.11220828906120356,24864334.0,-1.1536256000375587,0,0,-1,0,0,0.0,-0.45545518680879177,1.599639919182505,1.9422731361554415,-0.23873873873873885,-0.10582010582010581,-0.35855242178592267,0.13609467455621302,0.0
2024-01-10,1.68,1.69,-0.1012099019315132,-0.06524052186840097,-0.01168476825221684,-0.7201253704849124,-0.005934735519814578,2.061,2.1395,1.9323333333333332,2,10,1,1.9550583124433665,1.9118212871778257,42.52873563218392,0.037994357004637935,0.15171462445246672,2.9487745289205183,1.3302254710794816,0.07717337335513451,0.12219236113734244,0.11225486689203197,24786021.0,-1.1355849803228617,0,0,-1,0,0,0.0,-0.6080033005600758,1.0041095058053184,1.9397435980872102,-0.06666666666666676,-0.08695652173913049,-0.061076724582822546,0.07702380952380951,0.0
2024-01-11,1.65,1.68,-0.01791092656653022,-0.022728251077556175,-0.03740484194430662,-0.2094690079577682,-0.018018505502678365,1.9489999999999998,2.1115,1.942,3,11,1,1.8995931647263906,1.8949295912308692,28.16901408450704,0.008847583827122252,0.12314121632739783,2.948770628449843,1.2742293715501567,0.07743368094612074,0.1129052892877057,0.11239465983548935,24722508.0,-1.1023914713321303,0,0,-1,0,0,-0.011904761904761916,-0.6065994080809792,0.9712210782384274,1.7923159029544455,-0.09836065573770503,-0.25339366515837103,0.4562277453515502,0.09090909090909086,0.0
2024-01-12,1.63,1.65,0.017910926566530243,-0.023256862164267235,0.012500162764231468,0.12311329222017384,-0.012195273093818243,1.8549999999999998,2.0975,1.95,4,12,1,1.8505762256852285,1.8778373595385554,30.150753768844226,-0.01568447588548527,0.0953760778848212,2.9579986314564843,1.237001368543516,0.07764173282728835,0.10889040329592832,0.11246635823707847,24650674.0,-1.0865792992807144,0,0,-1,0,0,0.024242424242424267,-0.558620058326859,0.5903969651364124,1.7285815636953263,-0.16836734693877553,-0.1465968586387435,-1.4526692056843062,0.055214723926380285,0.0
2024-01-16,1.56,1.63,-0.05472489968924649,0.0,-0.03154835773492601,0.6591443365913446,-0.043894193557225146,1.7890000000000001,2.0925000000000002,1.9526666666666668,1,16,1,1.7977441846515505,1.8573317234392939,9.876543209876544,-0.04031005570720958,0.06823885116641505,2.964783753929914,1.2202162460700865,0.07026542853290654,0.10514030731215117,0.11241820475524267,24511809.0,-1.2209329764561578,0,0,-1,0,0,-0.018404907975460003,-0.3863527570090654,0.5874976716209405,1.6690506355011476,-0.1657754010695187,-0.06024096385542166,-1.5488835396159721,0.08974358974358967,0.0
2024-01-17,1.45,1.56,-0.0317486983145803,-0.005899722127188271,-0.08701137698962981,-0.21297863231617759,-0.07312226482896274,1.7120000000000002,2.0735,1.9563333333333333,2,17,1,1.7345179692603594,1.8310522574109525,9.35672514619884,-0.06791915607229582,0.04100724971867288,2.9855081947932627,1.1614918052067373,0.07020751343665943,0.10354514230120229,0.11174693186427999,24399582.0,-1.3673122753931775,0,0,-1,0,0,-0.006410256410256416,-0.41306796516717337,0.4241684862509853,1.6437281759866536,-0.14201183431952658,-0.20765027322404372,-1.0548753499873116,0.17931034482758623,0.0
2024-01-18,1.63,1.45,-0.06669137449867228,0.05182865401558825,0.013889112160667093,0.6750565783179932,0.11701645838618796,1.6949999999999998,2.065,1.9669999999999999,3,18,1,1.7155147021221122,1.8180811440296007,18.681318681318672,-0.07441723577631154,0.017922352619675994,2.99080548144593,1.1391945185540697,0.06565095759962376,0.10754118649677372,0.11354029084122699,24620012.0,-0.9397222391049439,0,0,-1,0,0,0.0,-0.18035318081568258,1.1937022178875518,1.7071634110036844,-0.029761904761904767,-0.09444444444444455,1.703044914428757,0.20239263803680987,0.0
2024-01-19,1.56,1.63,0.14126006999618076,-0.04628193536326636,0.04087716541210657,-0.9351699096207197,-0.043894193557225146,1.668,2.0395000000000003,1.9766666666666668,4,19,1,1.6872393017362737,1.8014307476405944,20.118343195266263,-0.08424430978058273,-0.0025109798603757515,2.992422927242707,1.0865770727572936,0.06587153054238917,0.10191850957776531,0.11372809523750184,24533489.0,-1.006377297243627,0,0,-1,0,0,0.024539877300613522,-0.45378595449569975,1.2251094017732103,1.6179061820227296,-0.05454545454545445,-0.24637681159420277,1.849404564668036,0.12108974358974363,0.0
2024-01-22,1.61,1.56,-0.06813780516721803,-0.029499959674814766,0.03224509941685621,0.009283771878114749,0.03154835773492606,1.6329999999999998,1.991,1.979,0,22,1,1.6731957923296783,1.7890803768250723,28.057553956834525,-0.08699493118244073,-0.019407770124788747,2.92667650730231,1.0553234926976902,0.06127735502513252,0.08316435049912022,0.10739822786854841,24620819.0,-0.8143840248773111,0,0,-1,0,0,0.0,-1.0953052114373645,1.2574491312637017,1.3201931362012949,-0.012269938650306678,-0.375968992248062,1.2073162606858807,0.055900621118012334,0.0
2024-01-23,1.72,1.61,0.03774032798284711,0.04734612059719842,0.02531780798429,-0.5666310623690066,0.06609011182899006,1.6179999999999999,1.9560000000000002,1.9776666666666667,1,23,1,1.6817056482697368,1.7846235783202289,33.33333333333333,-0.07938365243822765,-0.03140294658747653,2.8763523352794294,1.035647664720571,0.06593104814352123,0.08478953887425539,0.10497960835581681,24670373.0,-0.5128470716127385,0,0,-1,0,0,0.006211180124223607,-1.3922728551921113,1.2663646374522872,1.3459922018467396,0.10256410256410242,-0.2892561983471075,0.06904200996620195,0.07558139534883715,0.0
2024-01-24,1.69,1.72,0.059898141581068806,0.03966525639243157,0.054724899689246466,0.3953782165594413,-0.0175957618903796,1.6179999999999999,1.8974999999999997,1.9709999999999999,2,24,1,1.6832137122206938,1.7785188313318272,45.04504504504504,-0.074908905246172,-0.040104138319215624,2.7193816664738835,1.0756183335261158,0.05826121022693684,0.07126082963661932,0.1042176661292687,24596788.0,-0.504938870069304,0,0,-1,0,0,0.0,-1.0157651975175426,1.0609402348547565,1.131230600631816,0.16551724137931045,-0.40909090909090906,0.3406898717323775,0.06508875739644976,0.0
2024-01-25,1.78,1.69,0.011560822401076006,0.005540180375615351,-0.004388312800405805,-0.10890767805764562,0.05188483536901172,1.6280000000000001,1.8445,1.969,3,25,1,1.7008112190896585,1.7786143906007417,47.863247863247864,-0.0633698992666849,-0.04475729050870948,2.537000427513912,1.1519995724860876,0.06039259566022472,0.0732388880388302,0.10449936254276095,24662780.0,-0.18628147344704474,0,0,-1,0,0,0.029585798816568074,-1.021511902171667,0.7505220917485717,1.1626313042978866,0.09202453987730075,-0.37323943661971826,-0.45045570963285514,0.07157303370786515,0.0
2024-01-26,1.98,1.78,0.050430853626891904,0.17148962197257064,0.07298662914315826,1.1047708024991454,0.10648348040245013,1.661,1.8049999999999997,1.9613333333333332,4,26,1,1.7515728156188115,1.7916070105619841,50.806451612903224,-0.03765278746775125,-0.04333638990051784,2.349542299358984,1.2604577006410156,0.06791317456399797,0.0790044739450065,0.09988360647797942,24861979.0,0.6427416206454635,0,0,-1,0,0,0.02808988764044946,0.6802832005998918,0.7573810294991957,1.2541571431198153,0.26923076923076916,-0.28519855595667876,-0.21450158091027238,0.17101010101010103,0.0
2024-01-29,1.95,1.98,0.07371757589656744,-0.02287912252092768,0.05899834076195576,-0.7436114444127411,-0.01526747213078842,1.693,1.7739999999999998,1.9626666666666668,0,29,1,1.7876504855063002,1.8018259131063723,53.38983050847457,-0.019468123950435734,-0.038562736710501415,2.1907745825182725,1.357225417481727,0.06808104128163567,0.07779729275769039,0.09655865381710822,24767281.0,0.844581255107052,0,0,-1,0,0,-0.005050505050505055,-0.6111237007909781,0.889350508702521,1.2349937358656107,0.21118012422360244,-0.24124513618677035,0.0865096408498995,0.0923076923076924,0.0
2024-01-30,1.96,1.95,-0.025708356710207037,-0.02409755157906064,-0.010102946665035304,-0.4455402697061421,0.005115100666770409,1.7329999999999999,1.761,1.9726666666666666,1,30,1,1.818986760868791,1.8120306929059613,63.366336633663366,-0.00420130069384439,-0.03169044950717001,2.1330158457315873,1.3889841542684127,0.06474943859824758,0.072005007104814,0.09308412776676814,24827933.0,1.0698469018633165,0,0,-1,0,0,-0.0153846153846154,-0.9606451799755266,0.8768337973547591,1.143044051704661,0.13953488372093026,-0.11711711711711725,1.097444463036807,0.07617346938775499,0.0
2024-01-31,1.8,1.96,0.015504186535965254,-0.02469261259037141,-0.06000661952199127,0.05304273598448113,-0.08515780834030683,1.768,1.7399999999999998,1.9716666666666667,2,31,1,1.815534622529011,1.811254519170093,55.17241379310345,-0.004955769074647787,-0.026343513420665564,2.0441467789729204,1.4358532210270791,0.0666384067945438,0.07407040001106485,0.09282285246292522,24763977.0,0.3945463450417953,0,0,-1,0,0,-0.005102040816326535,-0.8294819332802463,1.1580369926099905,1.175831147642121,0.06508875739644981,-0.18918918918918926,0.0659362737277786,0.11666666666666664,0.0
2024-02-01,1.74,1.8,-0.05806380095476109,-0.07257069283483537,-0.08144033194017442,0.4470648350151605,-0.03390155167568134,1.7790000000000004,1.737,1.9696666666666665,3,1,2,1.8018010547964636,1.806657453417184,53.781512605042025,-0.010276725565879774,-0.023130155849708407,2.039835720624102,1.4341642793758984,0.058390947649722115,0.061026622994339634,0.09299936249586219,24663968.0,0.019812722183613712,0,0,-1,0,0,0.02222222222222224,-0.2455947290630589,1.1398635784333044,0.9687676067827116,-0.022471910112359605,-0.033333333333333326,1.1147635358003916,0.1206896551724139,0.0
2024-02-02,1.71,1.74,-0.06164416311120672,-0.03869611959375133,0.015932999011656984,-0.6229464808947537,-0.01739174271186922,1.7939999999999998,1.7309999999999999,1.9576666666666667,4,2,2,1.7851099539243793,1.8004214886805916,53.33333333333334,-0.016721614833188347,-0.021848447646404395,2.030817488344991,1.4311825116550085,0.056428978757789516,0.06101159009872641,0.08879701735957397,24610327.0,-0.14008522395355283,0,0,-1,0,0,-0.005747126436781614,-0.8685542788793527,0.5194033809691943,0.9685289669630449,-0.13636363636363635,-0.06557377049180335,-1.2962106107182245,0.0660233918128655,0.0
2024-02-05,1.62,1.71,-0.01749315744751723,-0.05125211706918829,-0.04607985290956867,-0.27672463336669706,-0.0540672212702757,1.795,1.714,1.9256666666666666,0,5,2,1.7550899623017648,1.7887813926366825,52.459016393442624,-0.028759956967595812,-0.02323074951064268,1.9972443616786844,1.4307556383213156,0.059146118792236774,0.0595053871049468,0.0756965163632596,24569653.0,-0.6637378371304318,0,0,-1,0,0,-0.005847953216374275,-1.1446911826065425,0.5270634207061199,0.944618735689914,-0.16923076923076918,-0.173469387755102,-0.27548499819840744,0.061111111111111095,0.0
2024-02-06,1.81,1.62,-0.05439407206579869,0.06820825002653357,0.0056057449817940325,0.04793046491750234,0.11090069603344155,1.8039999999999998,1.7109999999999999,1.9053333333333333,1,6,2,1.7650736055196257,1.7901503350472192,63.846153846153854,-0.02270726254905342,-0.02312605211832483,1.9885001185426538,1.4334998814573459,0.0667668537573754,0.06494888209124612,0.07868084478236688,24612324.0,0.713513208714418,0,0,-1,0,0,-0.006172839506172844,-1.006254084054883,1.221541550687947,1.0310315396705636,-0.07653061224489788,-0.03208556149732622,1.6951503270603676,0.1160220994475138,0.0
2024-02-07,1.81,1.81,0.10037918530762203,0.04301738508369064,0.06609011182899006,0.4534987385797657,0.0,1.816,1.717,1.8703333333333334,2,7,2,1.7732420408796936,1.7914309585925599,58.0357142857143,-0.017706350824565176,-0.022042111859572902,1.9977583714862426,1.4362416285137576,0.06628173619275571,0.060852327622263974,0.0702107472801239,24612324.0,0.6624913765362619,0,0,-1,0,0,-0.01657458563535913,-0.4463009161859156,1.061764543595688,0.9660007535276215,0.005555555555555536,0.07100591715976345,1.7742075701266475,0.09944751381215466,0.0
2024-02-08,1.88,1.81,0.0056022555486697516,0.0,0.02338716642489966,0.039231594761101996,0.03794493156412347,1.826,1.7269999999999999,1.8383333333333334,3,8,2,1.7926525789015675,1.7971450902962658,64.28571428571428,-0.008002430233304603,-0.01923417553431924,2.016325895290969,1.4376741047090307,0.06534908230516893,0.06124150873988246,0.07083097057129834,24682167.0,1.057630875702509,0,0,-1,0,0,-0.011049723756906087,-0.3803347139758294,1.0299004586271097,0.9721788122407057,0.08045977011494254,0.11904761904761907,0.9537772530109888,0.07409574468085106,0.0
2024-02-09,1.96,1.88,0.059638266319731036,0.07598590697792205,0.022075207651857668,-0.17884836332759418,0.04167269640056808,1.8240000000000003,1.7425000000000002,1.8113333333333332,4,9,2,1.8230793827376461,1.8076518586642487,65.21739130434783,0.006073318722621179,-0.014172676682931158,2.0472604754067176,1.4377395245932827,0.05593534449639741,0.06142128358166028,0.07145007206077875,24740572.0,1.427350444375936,0,0,-1,0,0,0.010638297872340436,-0.6111485759859393,0.9905963775485508,0.9750326493806862,0.14619883040935666,0.18787878787878798,0.19703459159505682,0.12755102040816316,0.0
2024-02-12,2.01,1.96,0.03109058707003118,0.019324272826402842,0.05406722127027579,0.1969952096874026,0.025190248828558495,1.8299999999999996,1.7614999999999998,1.7926666666666664,0,12,2,1.8570649495126195,1.8207065774601037,63.302752293577974,0.021020719543102917,-0.007133997437724344,2.083616356880747,1.4393836431192528,0.05615954965626337,0.061271583054294816,0.07068958623744408,24811694.0,1.5429207160193907,0,0,-1,0,0,0.0,-0.3464789077071833,0.6953883775178922,0.9726562271814209,0.24074074074074048,0.2331288343558282,1.4047382807717426,0.09452736318407959,0.0
2024-02-13,1.78,2.01,-0.005115100666770377,-0.03070587135710184,-0.070874339586657,0.35833830487250123,-0.12152135776699052,1.812,1.7724999999999997,1.7779999999999998,1,13,2,1.843053140510325,1.818080346656226,53.488372093023266,0.014144515404812319,-0.0028782948692170117,2.0803533485480186,1.464646651451981,0.06756284962133634,0.06652202179058996,0.06940427906377745,24709922.0,0.04872449843650433,0,0,-1,0,0,-0.029850746268656636,0.33732195694601425,1.0360817194703205,1.0560043582027239,-0.016574585635359185,0.14102564102564097,-1.9005411818670122,0.14426966292134838,0.0
2024-02-14,1.86,1.78,-0.06351340572232575,-0.08588170689450775,-0.04035129552356746,-0.6615600082798129,0.043963123421116204,1.818,1.793,1.7659999999999998,2,14,2,1.8461343876902658,1.8207848404203408,53.12500000000001,0.014977751303247633,0.0006929143652759174,2.0626664606540785,1.523333539345921,0.06389349170760443,0.06425742848612703,0.06999737645835923,24762441.0,0.4969101447580167,0,0,-1,0,0,0.02808988764044946,-0.6485110727684303,1.0881087810113723,1.0200550539768587,0.027624309392265234,0.2827586206896553,-2.171207455266835,0.08602150537634416,0.0
2024-02-15,1.92,1.86,0.0,0.036943515191684276,0.028987536873252406,0.7272603792643862,0.03174869831458027,1.8359999999999999,1.8074999999999999,1.77,3,15,2,1.8595644990193083,1.8271858184577383,47.368421052631575,0.02024620961338064,0.004603573414896861,2.0713879347506405,1.5436120652493592,0.06286429651114887,0.05908010805420274,0.06080839969087453,24871124.0,0.8526346618029832,0,0,-1,0,0,-0.01612903225806453,0.8975538798849503,1.0774108228030164,0.9378676400534675,0.02127659574468077,0.17791411042944794,-2.162202647572103,0.09374999999999997,0.0
2024-02-16,2.1,1.92,0.058372006221907045,0.1534102132995347,0.09551795042630636,0.5808032608952324,0.08961215868968714,1.875,1.8344999999999998,1.779,4,16,2,1.9032800446521612,1.844786733395949,55.8139534883721,0.03850216743911594,0.011383292219740677,2.102237105938693,1.5667628940613065,0.0668594628909515,0.060536662140151534,0.0629558660303909,25065392.0,1.9832887867309277,0,0,-1,0,0,0.010416666666666676,2.5583942024902315,1.2359753360847285,0.9609897193486806,0.0714285714285714,0.34615384615384626,-1.5439666301020583,0.15457142857142855,0.0
2024-02-20,1.89,2.1,0.08399997441273828,-0.02283655834742989,-0.034557250636619234,-0.6057806871887707,-0.1053605156578264,1.902,1.8485,1.7766666666666668,1,20,2,1.900865491079041,1.8477037183381457,47.651006711409394,0.03561436040869115,0.016229505857530774,2.0952707224841953,1.6017292775158047,0.07408434665126909,0.06575210382444906,0.06463183594352727,24959390.0,0.3363446002202126,0,0,-1,0,0,0.00476190476190466,0.5078360518450672,1.475673951380236,1.043782289392747,-0.05970149253731338,0.17391304347826075,-0.3345730454106684,0.17947089947089934,0.0
2024-02-21,1.84,1.89,-0.09436276144828487,-0.13576847182920873,-0.01626052087178029,-0.5138994676692629,-0.0268112574506567,1.905,1.8544999999999998,1.7756666666666665,2,21,2,1.8897990381555791,1.8472067042518139,51.44927536231884,0.02895736788731873,0.018775078263488367,2.0938390020377438,1.6151609979622557,0.06621929064983745,0.06474335745048435,0.06424325871295182,24895984.0,-0.12116704654524349,0,0,-1,0,0,0.01587301587301589,-0.4838517323775885,1.1813841003346721,1.0277689371440544,0.03370786516853941,0.06976744186046524,-0.6724317464601673,0.04891304347826079,0.0
2024-02-22,1.73,1.84,-0.04255961441879589,-0.037139546949456655,-0.06782259633876117,0.3498733269871504,-0.06164416311120672,1.8969999999999998,1.8565,1.7770000000000001,3,22,2,1.8607446675818373,1.8396449813968583,49.65034965034965,0.01463684818667299,0.017947432248125294,2.0906636854438228,1.6223363145561776,0.06921912965842562,0.06620430495568272,0.06265602014543811,24806018.0,-1.0804408015720977,0,0,-1,0,0,0.0,0.10919866609101914,1.2135942832011954,1.0509607598077053,-0.06989247311827962,0.02366863905325456,0.44662492708126783,0.08092485549132955,0.0
2024-02-23,1.69,1.73,-0.05014978368547156,-0.055569851154810765,-0.017699577099400975,-0.5053681054121304,-0.023392879574705462,1.8780000000000001,1.8519999999999999,1.7773333333333334,4,23,2,1.8297001825669579,1.8299904664680289,49.30555555555556,5.9382914809225085e-05,0.01436982238146208,2.09562179489745,1.6083782051025495,0.06790080750392744,0.06536576734730869,0.06281577104158509,24751743.0,-1.3299302721925343,0,0,-1,0,0,0.011560693641618507,-0.6948844164685872,1.1481451282388502,1.0376493879473099,-0.11979166666666663,-0.050561797752809,1.2033446977227393,0.041420118343195304,0.0
2024-02-26,1.71,1.69,-0.023122417420854264,0.005357053901014432,0.0,-0.262699650044264,0.01176484157958643,1.8529999999999998,1.8385000000000002,1.7793333333333334,0,26,2,1.807936513009329,1.8222491460507368,53.284671532846716,-0.0097669432430878,0.009542469256552104,2.0821801181912254,1.594819881808775,0.06600401623960166,0.05985831784505387,0.06272452963484071,24793479.0,-1.0546613400701113,0,0,-1,0,0,0.011834319526627229,-0.9904928354686862,0.6709340018764471,0.9502213375000336,-0.18571428571428572,-0.13636363636363635,-0.4845167252441643,0.04643274853801178,0.0
2024-02-27,1.76,1.71,0.005830920310793144,0.00034096721362337253,0.00297177038915748,0.4606212916446162,0.028820438535491884,1.828,1.829,1.7836666666666665,1,27,2,1.7992207833712692,1.8182330721119797,47.96747967479675,-0.0133657236432283,0.004960830676596023,2.06916660883997,1.5888333911600299,0.06624677741429291,0.060306537698670094,0.06283341055427494,24859633.0,-0.5746011098984758,0,0,-1,0,0,0.005847953216374275,-0.2612183138144739,0.5539541273427038,0.9573366070921354,-0.06878306878306872,-0.09743589743589742,-0.05470955374444225,0.04261363636363634,0.0
2024-02-28,1.76,1.76,0.04546237407675741,0.04954745311134077,0.020907503400785576,-0.14262072747356563,0.0,1.8259999999999998,1.8189999999999997,1.790333333333333,2,28,2,1.7920897318492202,1.8144760997176586,47.96747967479675,-0.01603296499783191,0.0007620715417104365,2.0527700174409125,1.585229982559087,0.05542995906534867,0.06027938811507072,0.062202293145157246,24859633.0,-0.5047696077185131,0,0,-1,0,0,0.02272727272727275,-0.5052871437555545,0.5472462092211404,0.956905620813718,-0.0434782608695653,-0.10204081632653061,-0.784459751634662,0.0731818181818182,0.0
2024-02-29,1.67,1.76,0.005540180375615351,-0.021534416883666727,-0.04189777929262148,0.7134757494497745,-0.05249018262139669,1.807,1.8125,1.7976666666666667,3,29,2,1.7698915987857256,1.8051550610261968,41.6,-0.025119459335508854,-0.004414234633733422,2.0555399577319045,1.5694600422680958,0.05515172200753637,0.058563668404622064,0.06147801124769163,24742555.0,-1.172646681885872,0,0,-1,0,0,0.028409090909090936,1.079217786220918,0.49722383211107357,0.9296694147736847,-0.034682080924855474,-0.0722222222222223,-0.5400189828715758,0.09580838323353302,0.0
2024-03-01,1.71,1.67,-0.08050321884907066,-0.005873569276853017,-0.006079046076382226,-0.7843931318649882,0.023669744085904703,1.786,1.811,1.8003333333333333,4,1,3,1.7590022171883208,1.7990160248309583,39.6694214876033,-0.028761362770036047,-0.009283660260993948,2.05628393858549,1.5657160614145103,0.05451447894959058,0.05835641049427657,0.057459082261283594,24795989.0,-0.8235353735955937,0,0,-1,0,0,0.0,-0.6071497786517672,0.5110174099797886,0.926379297445534,0.01183431952662728,-0.017241379310344862,-1.598441783104967,0.09321637426900597,0.0
2024-03-04,1.73,1.71,0.017804624633506686,-0.016473729415143586,0.0181273845925567,0.14031346636050182,0.011628037995119214,1.749,1.812,1.806,0,4,3,1.753729086790444,1.7945633780676709,38.13559322033899,-0.029691499503411656,-0.01336522810947749,2.0557081947990685,1.5682918052009318,0.0418351322445013,0.05824522070288741,0.05680845882791085,24857472.0,-0.6729359270631596,0,0,-1,0,0,-0.005847953216374275,-0.39881371249016334,0.510863793564939,0.9246142142274648,0.011695906432748648,0.011695906432748648,-1.596002438413713,0.05780346820809254,0.0
2024-03-05,1.67,1.73,0.01749315744751712,0.0,-0.01204833851617448,-0.2459776217458879,-0.03529778208102382,1.7269999999999999,1.8145,1.8079999999999998,1,5,3,1.7385056164649086,1.786527031095563,44.55445544554455,-0.034868199228952124,-0.017665822333372418,2.050829386554153,1.578170613445847,0.031496994875263654,0.057489144669533594,0.05701944906221464,24809396.0,-1.2228695052012841,0,0,-1,0,0,0.0,-0.7873941228356142,0.5035533575692611,0.9126118792884026,-0.051136363636363646,0.030864197530864113,-0.44234684508238137,0.07185628742514977,0.0
2024-03-06,1.67,1.67,-0.005797117684325958,-0.022742537821600954,0.0030257209165371114,0.3330581211452337,0.0,1.7100000000000002,1.8074999999999999,1.8063333333333333,2,6,3,1.7260500498349252,1.7790091581216558,39.784946236559136,-0.03852665970646729,-0.021837989807991395,2.0525241663733564,1.5624758336266433,0.031243557462385763,0.05082474964314277,0.055659997782144345,24809396.0,-1.122338274098921,0,0,-1,0,0,0.02994011976047907,-0.29746062035037657,0.5035533575692611,0.8068178880172474,-0.051136363636363646,-0.07734806629834257,-0.44234684508238137,0.04502994011976044,0.0
2024-03-07,1.68,1.67,-0.04154900291287251,-0.01760875770196651,-0.03342244987821753,0.01604601157779958,0.005970166986503754,1.705,1.8009999999999997,1.806,3,7,3,1.7176773135013024,1.772621470500904,36.363636363636374,-0.04015620384461749,-0.025501632615316613,2.0525551629398535,1.549444837060146,0.025873499404060463,0.050859487659164274,0.05556366649720747,24877558.0,-0.9620156357429293,0,0,-1,0,0,-0.011976047904191628,-0.26801951911376976,0.3495573136672377,0.8073693369258435,0.0059880239520957446,-0.07182320441988954,-1.3372464356538785,0.05916666666666663,0.0
2024-03-08,1.69,1.68,0.06453852113757116,0.05715841383994862,0.039446564481598445,0.24323897902988015,0.0059347355198145265,1.705,1.7914999999999999,1.803,4,8,3,1.7126450746828836,1.767291053049233,21.126760563380273,-0.04017757086060869,-0.02843682026437503,2.0448377192636307,1.5381622807363693,0.024930492244878998,0.04998540157645233,0.05470282456323938,24964490.0,-0.8013019166275517,0,0,-1,0,0,0.047619047619047665,0.24386467357297023,0.2955523050887542,0.7934936505299328,-0.011695906432748537,-0.10106382978723405,-1.9658676495608083,0.07988165680473373,0.0
2024-03-11,1.72,1.69,-0.05849620668160861,-0.006129860375536968,-0.0030075210639553284,-0.452064006241044,0.01759576189037966,1.706,1.7795,1.7943333333333336,0,11,3,1.7139823338314502,1.7642400173686372,33.96226415094341,-0.03734328495164885,-0.030218113201829797,2.021724341428866,1.5372756585711345,0.025302529243355635,0.04906636609090725,0.0505549292401908,25019806.0,-0.4912801054511158,0,0,-1,0,0,-0.017751479289940846,-0.6530551891886998,0.3159255015350033,0.7789044144851581,-0.005780346820809301,-0.12244897959183676,-1.6360170554962952,0.075,0.0
2024-03-12,1.69,1.72,0.023810648693718607,-0.016683962690144896,0.006006024060211949,-0.1544821638844039,-0.0175957618903796,1.6989999999999998,1.7635,1.7856666666666667,1,12,3,1.709621909498459,1.7594503388287253,35.294117647058826,-0.037090288470821076,-0.03159254825562806,1.9828075226146782,1.544192477385322,0.023746570542653497,0.04858277640543989,0.05057495671913194,24972408.0,-0.6702916445701607,0,0,-1,0,0,-0.011627906976744196,-0.8295068683764413,0.20400567277369655,0.7712276662191028,0.011976047904191711,-0.15920398009950243,-0.8276391334747748,0.05289940828402376,0.0
2024-03-13,1.62,1.69,0.0,-0.005357053901014423,-0.05539877938978817,0.8244766909271545,-0.04230237969068927,1.685,1.7555,1.7743333333333333,2,13,3,1.6933270168623755,1.7504535427752592,38.29787234042554,-0.04205343608873857,-0.03368472582225016,1.9837634673530142,1.527236532646986,0.02646806556108292,0.04248443125822039,0.05101287038409486,24864308.0,-1.1872245836907964,0,0,-1,0,0,0.0059171597633136145,0.853343323021675,0.37532957581886495,0.6744194382076205,-0.029940119760478945,-0.0898876404494382,-0.9526641850001253,0.10493827160493822,0.0
2024-03-14,1.5,1.62,-0.05439407206579869,-0.05267771089662456,-0.08586129060639251,-0.5665430564020164,-0.07696104113612844,1.668,1.7375,1.7643333333333333,3,14,3,1.6581766501601254,1.7342952496929844,32.72727272727275,-0.055035350192933485,-0.03795485069638683,1.9868676212502816,1.4881323787497185,0.03119913692974323,0.04361302116726895,0.05063895263386845,24802963.0,-1.904818266374925,0,0,-1,0,0,-0.006172839506172844,-0.46073183219765484,0.5870899005457949,0.6923352475967375,-0.1071428571428571,-0.19354838709677424,-0.5461619546820672,0.1401333333333333,0.0
2024-03-15,1.44,1.5,-0.13264447460629486,-0.11739911948089303,-0.02797385204240618,1.3053302085883396,-0.040821994520255166,1.641,1.7135000000000002,1.7543333333333335,4,15,3,1.6185081683128297,1.7153084593902115,27.118644067796623,-0.0693655068250758,-0.04423698192212463,1.980670357640425,1.4463296423595755,0.029943657651588445,0.04293455471811204,0.05078285395051156,24576667.0,-2.047382819078263,0,0,-1,0,0,-0.06000000000000005,2.940834409681595,0.538651186592127,0.6815649266125161,-0.14792899408284022,-0.25,0.39558401049864245,0.04604166666666669,0.0
2024-03-18,1.49,1.44,0.14499031042859406,0.23103753016720485,0.04845238338594675,0.46845412539321835,0.03413300636945862,1.6170000000000002,1.6829999999999998,1.7469999999999999,0,18,3,1.595143046801406,1.7007724297521334,27.118644067796623,-0.07581374342490133,-0.05055233422267997,1.898709356119542,1.4672906438804576,0.033083993350348784,0.03676730057514051,0.05123630310175633,24938180.0,-1.7894448666662621,0,0,-1,0,0,0.13194444444444442,3.570141872147196,0.6395197385064363,0.5836628022059033,-0.13372093023255816,-0.29047619047619055,0.8859512695217335,0.25503355704697994,0.0
2024-03-19,1.42,1.49,-0.09653792704264717,-0.2087980175603535,-0.04845238338594686,-1.2816438921540818,-0.04811924834419846,1.592,1.6595,1.7403333333333333,1,19,3,1.5632988564738777,1.6826580794455441,24.24242424242425,-0.08558585194698809,-0.0575590377675416,1.8825388212648104,1.4364611787351895,0.034136774858867215,0.0320238748647242,0.0510587521965598,24837831.0,-2.1476081934242783,0,0,-1,0,0,-0.00671140939597316,0.11369546905184177,0.6441999427167215,0.5083632534522747,-0.1597633136094675,-0.24867724867724872,1.5493903994663636,0.07007042253521137,0.0
2024-03-20,1.43,1.42,-0.041385216162854364,-0.03677256954130063,-0.08122543992258574,0.29413610290820813,0.00701757265864654,1.568,1.639,1.7276666666666667,2,20,3,1.5390627007513544,1.666357558190993,29.31034482758622,-0.09146900418569448,-0.06434103105117218,1.8674870144914144,1.4105129855085856,0.03456318725341143,0.03219704649860418,0.04579012267405875,24972496.0,-1.8294256281059111,0,0,-1,0,0,0.0,0.5195202275159867,0.6966407564033277,0.5111122679165375,-0.11728395061728403,-0.22282608695652184,0.43056870779999185,0.10839160839160841,0.0
2024-03-21,1.43,1.43,-0.03584613177313565,0.05019647316774033,0.052446475372542524,-0.01271931894934159,0.0,1.543,1.624,1.7149999999999999,3,21,3,1.5192331187965626,1.6511086834689936,24.07407407407409,-0.09503592968114005,-0.07048001077716576,1.866304723332207,1.3816952766677932,0.03421222534155359,0.030245678267111692,0.04579012267405875,24972496.0,-1.6012894617330309,0,0,-1,0,0,-0.04195804195804184,0.46587794028482016,0.5414491619645566,0.48013525757549136,-0.046666666666666745,-0.17341040462427748,0.04687416301863456,0.11181818181818177,0.0
2024-03-22,1.21,1.43,0.014493007302566606,-0.03316028601517254,-0.16639073472176044,0.9022412488730653,-0.1670540846631662,1.4949999999999999,1.6,1.6926666666666668,4,22,3,1.4630089153790056,1.6226500587290587,14.864864864864884,-0.11429735644046501,-0.07924347990982561,1.9024113615271103,1.2975886384728899,0.05444450673702968,0.04430689175013588,0.052235867042569835,24644726.0,-2.5792681731968443,0,0,-1,0,0,-0.027972027972028,2.378308169228533,1.1791793970674405,0.7033501016227134,-0.1597222222222222,-0.28402366863905326,-1.459286428137152,0.26446280991735543,0.0
2024-03-25,1.24,1.21,-0.16378930866502694,-0.12209128935455742,0.01709443335930004,-0.9369982136178966,0.024491020008295696,1.447,1.5764999999999998,1.6686666666666667,0,25,3,1.4224618398555497,1.5979629581658938,19.718309859154957,-0.12569252149189647,-0.08853328822623979,1.9139377135532618,1.2390622864467378,0.0551916414669111,0.044820533757399354,0.05167983274227133,24773147.0,-1.994442153229478,0,0,-1,0,0,-0.024793388429752088,0.1441853558379824,1.1455110965950486,0.7115039157075246,-0.16778523489932884,-0.2748538011695907,-1.57962473540066,0.10475806451612914,0.0
2024-03-26,1.15,1.24,0.04149973090675284,-0.027004619811076824,-0.02575249610241474,0.6553286811417096,-0.07534943724178685,1.393,1.546,1.6400000000000001,1,26,3,1.3729233235181768,1.569062122155191,17.500000000000014,-0.1403674511305748,-0.0989001208071068,1.9217042509904159,1.1702957490095842,0.05645744242636121,0.04532025346055109,0.05220745363336641,24525837.0,-2.1080410932592937,0,0,-1,0,0,-0.008064516129032265,1.3132881002205357,1.178027293714903,0.7194367200661955,-0.1901408450704225,-0.34659090909090917,-1.1638703188900992,0.10869565217391305,0.0
2024-03-27,1.24,1.15,0.024097551579060524,-0.003929278139889438,0.025752496102414764,-0.7027111884068652,0.07534943724178679,1.355,1.52,1.622,2,27,3,1.348755446514872,1.5478323078225982,25.000000000000014,-0.14308578687448992,-0.10773725402058343,1.9051998797639595,1.1348001202360405,0.06694681333063854,0.05024969436173031,0.05166661905170057,24648315.0,-1.4537906926221098,0,0,-1,0,0,0.09565217391304356,-0.05785356757075019,1.4338096851177955,0.7976891684288576,-0.1328671328671328,-0.2954545454545454,-0.5872300349569944,0.07258064516129038,0.0
2024-03-28,1.96,1.24,0.061557892999433365,0.5448846433579094,0.07350246199292652,4.634164828485393,0.4578330936254803,1.401,1.5345,1.6253333333333333,3,28,3,1.4598908198758043,1.5744237718340435,58.49056603773585,-0.08614903240747762,-0.10341960969796227,1.9628862005758942,1.1061137994241057,0.2002520872380177,0.14195915099479126,0.11953664932122471,37256434.0,1.9865252402060833,0,0,-1,0,0,0.08064516129032265,4.246217150843799,4.5665445097067,2.253531659172511,0.3706293706293706,0.17365269461077837,1.7082487807613738,0.4693877551020408,0.0
2024-04-01,1.83,1.96,0.37001835911241676,0.220400065368459,0.24340924877379294,-0.7085825720271374,-0.06862850638909619,1.44,1.5405,1.6223333333333334,0,1,4,1.5271833980802034,1.5909125607479764,53.25443786982248,-0.05092907910816624,-0.09292150358000306,1.9823847194290631,1.0986152805709368,0.20160676616939352,0.1431065570657271,0.12017774038323553,31048933.0,1.3102964971228166,0,0,-1,0,0,-0.01020408163265307,1.6936987463955038,4.3051516081238566,2.271746165871523,0.5123966942148761,0.07017543859649122,1.9416866830046995,0.6065573770491802,0.0
2024-04-02,2.0,1.83,-0.0917084264894989,-0.24817962947553462,-0.031732768533057044,-1.5396513166891364,0.08883121370661563,1.491,1.5539999999999998,1.619,1,2,4,1.6131500529747118,1.617305298764236,58.46994535519126,-0.009193456675849143,-0.07617589419917228,2.0350252209184423,1.0729747790815574,0.20232134596795043,0.14427516271269716,0.12015583359052673,32380168.0,1.8543726216618452,0,0,-1,0,0,-0.03278688524590167,0.06853204281642644,4.248042934693683,2.290297205407054,0.6129032258064517,0.1560693641618498,1.7791588236541793,0.2803,0.0
2024-04-03,2.14,2.0,0.12216763397420756,0.0767871432137703,0.23779295496651484,-0.25682501788230566,0.06765864847381486,1.563,1.5775,1.6273333333333333,2,3,4,1.708940952433855,1.6510275375536403,63.68421052631579,0.03477825271329782,-0.053985064816678266,2.123870801409918,1.0311291985900817,0.1998177573282469,0.14427542530361642,0.11909092387418045,33409883.0,2.0590412172409667,0,0,-1,0,0,0.0,-0.04732302408682317,3.945172731275753,2.2903013739086675,0.8608695652173917,0.2814371257485031,1.8421440434566043,0.1445327102803738,0.0
2024-04-04,2.22,2.14,0.08157998699242285,0.0,-0.005389490971306836,-0.43652124576919354,0.03670136685042796,1.6420000000000001,1.605,1.6400000000000001,3,4,4,1.801860779264063,1.6877354383566314,69.35483870967742,0.07521445519524161,-0.028145160814294294,2.221799890778922,0.9882001092210778,0.19921973514580948,0.1442411624737325,0.11899542988080673,34075368.0,1.9941637772450025,0,0,-1,0,0,0.014018691588784955,-0.1783404310364513,4.002967017032009,2.2897574683461506,0.7903225806451615,0.3293413173652697,1.897511419069952,0.14414414414414406,0.0
2024-04-05,2.19,2.22,0.004597709248629549,-0.030907537463076548,0.03960913809504588,-0.5119031128698254,-0.013605652055778709,1.718,1.6305,1.6553333333333333,4,5,4,1.872431546670597,1.7201396036239456,70.49180327868852,0.10364493343385561,-0.0017871419646643127,2.300251721478027,0.9607482785219733,0.19971056445296528,0.14442188760136437,0.11833511412786611,33676507.0,1.6707683819469092,0,0,-1,0,0,-0.018018018018018032,-0.272879244542874,1.0228869310546307,2.2926263908063964,0.11734693877551017,0.3035714285714286,-0.5721524349933813,0.07762557077625568,0.0
2024-04-08,2.04,2.19,0.013667638728663615,-0.009009069942365968,-0.01965797756428198,-0.6601690165415648,-0.07095173597228437,1.8009999999999997,1.6480000000000001,1.667,0,8,4,1.9028985381850336,1.7407757582288523,64.24870466321244,0.11277257383808181,0.021124801195884915,2.342143925620191,0.9538560743798095,0.19130866725337423,0.14578746943964283,0.11910323183193468,33470390.0,1.1294487656857708,0,0,-1,0,0,0.009132420091324209,-0.3392386946060939,1.0349960685087287,2.314304330440344,0.11475409836065564,0.2071005917159765,-0.6008849803709337,0.093186274509804,0.0
2024-04-09,2.21,2.04,-0.06544390825238386,0.048229783095647155,0.01479178791310908,0.25771795707239065,0.08004270767353636,1.8980000000000001,1.6725,1.6836666666666666,1,9,4,1.9587351676059366,1.7710482899560231,69.45812807881774,0.13219995507970572,0.04333983197264908,2.4105450706545706,0.9344549293454297,0.19079219015045135,0.14653047117248658,0.11981876663799543,33737100.0,1.4565506128868049,0,0,-1,0,0,0.01470588235294108,-0.32301039708270024,0.9961904138308696,2.3260991172931114,0.10499999999999998,0.2848837209302326,-0.7227809374739077,0.12180995475113127,0.0
2024-04-10,2.19,2.21,0.03791923486229368,-0.030292082408979844,0.02428800963125038,-0.36942887125186175,-0.009090971701251963,2.002,1.6975000000000002,1.698,2,10,4,2.0007833189503117,1.7980774325395057,68.62745098039215,0.14431884402878725,0.06353563438387672,2.47105978233348,0.9239402176665203,0.18644523541114832,0.14642741880447152,0.11985592089172552,33552769.0,1.273334036354243,0,0,-1,0,0,-0.02714932126696835,-0.3530738596214269,0.9092167710455032,2.324463211666407,0.023364485981308247,0.29585798816568043,0.15934667960133686,0.068310502283105,0.0
2024-04-11,2.24,2.19,0.027524673390089936,0.030636969461889804,0.023340039358004168,0.964491978452674,0.022574322038539194,2.102,1.7285,1.7139999999999997,3,11,4,2.044277260959346,1.8265885659240537,69.37799043062202,0.15615764484041783,0.08206003647518495,2.537847365410209,0.9191526345897907,0.1872756926339871,0.14568558750691127,0.1198441359022225,34036353.0,1.2639813802093538,0,0,-1,0,0,0.009132420091324209,-0.26003232539812005,0.8829950258084053,2.3126870048977537,0.009009009009008917,0.3827160493827162,0.3722471520169322,0.07589285714285711,0.0
2024-04-12,2.19,2.24,0.0,-0.026202372394024072,0.0,-0.22807780722552995,-0.022574322038539176,2.125,1.7630000000000003,1.7313333333333332,4,12,4,2.0707723044212827,1.8500344648966955,75.52083333333333,0.15966488029294434,0.09758100523873683,2.5899691014412487,0.9360308985587519,0.05834751879599607,0.14429835639230743,0.1194222205047511,33651390.0,1.0326867092272747,0,0,-1,0,0,-0.013392857142857253,-0.2990161594926531,0.8955114895676699,2.290665393656478,0.0,0.45999999999999996,0.48576874471091636,0.05022831050228305,0.0
2024-04-15,1.87,2.19,-0.027524673390090033,-0.031463269455784995,-0.14489135441446147,-0.005250627369365162,-0.15796311296191407,2.1290000000000004,1.7845,1.7366666666666668,0,15,4,2.0342682490719586,1.8513225639356186,64.25339366515837,0.13506610601451974,0.10507802539389342,2.5983660176826047,0.9706339823173952,0.07376934863028173,0.1487710284837705,0.12294524237338546,33268443.0,0.21010829336123926,0,0,-1,0,0,-0.018264840182648418,-0.30258956248655783,1.3371165941590386,2.3616668619561803,-0.08333333333333326,0.29861111111111116,-0.914768643932217,0.17647058823529402,0.0
2024-04-16,2.28,1.87,-0.17768117723745236,0.04865969251421406,-0.032789822822990956,0.013861035494509849,0.19823701209985395,2.1569999999999996,1.8240000000000003,1.755,1,16,4,2.0789467492406932,1.8789791727139658,72.33201581027667,0.14696089988738326,0.11345460029259138,2.6542035260937737,0.9937964739062269,0.0975452800882652,0.15520824037015243,0.12880913219394158,33656735.0,1.098525808835202,0,0,-1,0,0,-0.037433155080213935,-0.3012896359645915,2.095326705007529,2.463854432684154,0.03167420814479627,0.530201342281879,0.8531089201915123,0.21894736842105259,0.0
2024-04-17,2.14,2.28,0.2451224580329849,0.026481665929407015,0.1445812288111077,-0.6926064966588957,-0.06336961393258914,2.157,1.86,1.7706666666666668,2,17,4,2.09004734028784,1.8958192260872582,67.44186046511628,0.14343732357823202,0.1194511449497195,2.6788052914245513,1.041194708575449,0.09850772333444895,0.1556219234340664,0.12926184717314937,33462484.0,0.6839232792764645,0,0,-1,0,0,0.008771929824561412,-0.368179534317568,2.161816658585875,2.470421447736447,-0.022831050228310446,0.507042253521127,1.0961950550912352,0.13126168224299062,0.0
2024-04-18,2.09,2.14,-0.05818195538273583,-0.034867459305681144,-0.029270382300113224,0.6078476783692434,-0.023641763057040653,2.1439999999999997,1.893,1.7846666666666666,3,18,4,2.090038732962778,1.9083470179525963,53.40314136125654,0.13505346950606834,0.12257160986098928,2.6917911920037256,1.0942088079962744,0.09810559177779073,0.15600749356663154,0.1294250590823495,33105747.0,0.4932452985763044,0,0,-1,0,0,0.014018691588784955,-0.31781368299738766,2.159250431622,2.476542183838897,-0.06696428571428592,0.46153846153846145,1.4361345092239397,0.12440191387559799,0.0
2024-04-19,2.01,2.09,-0.05202118475087836,-0.082238098236972,-0.05599426935457494,-0.2985641676263573,-0.03902934390573534,2.1260000000000003,1.922,1.7956666666666665,4,19,4,2.0754862360604545,1.9149052748588804,54.838709677419345,0.12056408560900489,0.1221701050105924,2.6915959295230953,1.1524040704769047,0.09874222158730626,0.15661068854997595,0.1297729479823105,32841090.0,0.22869143825781896,0,0,-1,0,0,-0.01435406698564584,-0.3512773192677736,2.1694277527730863,2.486117607346963,-0.08219178082191791,0.4055944055944054,1.5283161697099894,0.0945273631840797,0.0
2024-04-22,1.9,2.01,-0.02457126073050543,-0.04380262265839312,-0.021164811192043158,-0.5370761812434437,-0.05628083589858958,2.1119999999999997,1.9565000000000001,1.8026666666666669,0,22,4,2.043579647685826,1.9139436442228237,47.22222222222223,0.09906312573969256,0.11754870915641244,2.649784326879243,1.2632156731207569,0.09784059025941746,0.1520997541093901,0.1303525884483429,32686410.0,-0.16299228991467285,0,0,-1,0,0,0.0,-0.38493749393494053,1.8867217062614863,2.4145087430851246,0.016042780748662944,0.5702479338842974,2.1508015416754285,0.07368421052631563,0.0
2024-04-23,1.92,1.9,-0.05103148001244576,-0.01246543136699778,0.0003742615062264423,-0.7435969833868193,0.010471299867295437,2.083,1.9904999999999997,1.8093333333333332,1,23,4,2.0211106208338574,1.9143343768536092,43.45238095238095,0.08268416144618951,0.11057579961436785,2.59711181552827,1.3838881844717292,0.0933075570550505,0.1521671000624431,0.13034565616602506,32759945.0,-0.23243859811271417,0,0,-1,0,0,0.005263157894736847,-0.4111197128309286,0.4554781468679912,2.4155778269466337,-0.1578947368421052,0.5483870967741935,0.9609451444818725,0.05958333333333336,0.0
2024-04-24,1.95,1.92,0.0,0.032170502446330206,-0.011127053282488279,1.0371095814860647,0.015504186535965254,2.059,2.0305,1.818,2,24,4,2.008181417045883,1.9166353847985376,41.71779141104294,0.07130253231086736,0.10272114615366776,2.491869813993951,1.5691301860060491,0.09366883033609362,0.15027507674998697,0.13024194369333214,32967391.0,-0.3489608446774347,0,0,-1,0,0,-0.005208333333333338,-0.3653809755247642,0.48496317646534287,2.38554288798966,-0.08878504672897203,0.6956521739130437,0.05389209198638088,0.10256410256410244,0.0
2024-04-25,1.79,1.95,0.01041676085825558,-0.06031979023352257,-0.03857227478623973,-0.45978061757722766,-0.08561375272299172,2.0140000000000002,2.058,1.8236666666666668,3,25,4,1.968512068492086,1.9084653599728256,38.63636363636363,0.048809204272528106,0.09193875777743984,2.358497832554697,1.7575021674453024,0.09570792606359614,0.15213024507860426,0.13102009902308762,32836405.0,-1.783706709107246,0,0,-1,0,0,-0.010256410256410265,-0.39122111420721667,0.6694182767525848,2.4149927722157685,-0.1435406698564593,0.44354838709677424,0.0008180315016159407,0.0837988826815642,0.0
2024-04-26,1.73,1.79,-0.06973333801467507,-0.047754431295899874,-0.04598511324182338,0.2191320346414093,-0.034094211342976126,1.968,2.0465000000000004,1.8313333333333333,4,26,4,1.9251462378571613,1.8969514657810305,40.7185628742515,0.02584367143026789,0.07871974050800545,2.3787190146362227,1.714280985363778,0.09582582532529191,0.07894993995331527,0.13032864206368241,32673328.0,-1.9053695667995751,0,0,-1,0,0,0.005586592178770954,-0.38138057446618356,0.6664592800451002,1.2532914428397275,-0.1393034825870646,-0.11734693877551017,-0.10936617208097124,0.08092485549132955,0.0
2024-04-29,1.84,1.73,-0.0454623740767574,0.0783690671155068,0.005865119452398058,0.75456036448135,0.061644163111206796,1.9649999999999999,2.0469999999999997,1.8446666666666665,0,29,4,1.9096651037013137,1.8932771776661252,38.50931677018634,0.01633114659453372,0.06624202172531111,2.3778744395363502,1.7161255604636492,0.08760830009632274,0.07884133784149965,0.13028956137093217,33020140.0,-1.2512299244998535,0,0,-1,0,0,-0.0057803468208092535,-0.10914250276513064,0.873830813875553,1.2515674377614041,-0.03157894736842093,0.005464480874316946,-0.34835361669356085,0.15217391304347827,0.0
2024-04-30,1.71,1.84,0.061991676027968005,-0.07527602940529253,-0.017164006257356913,-0.8325167682818285,-0.07327220110632587,1.908,2.0324999999999998,1.852,1,30,4,1.8733623575738019,1.8814528436231495,36.04651162790698,-0.0016781665570477777,0.05265798406883934,2.395868741235288,1.6691312587647116,0.04533840738480922,0.07751110809464534,0.1311554930043494,32869293.0,-1.7750563733338571,0,0,-1,0,0,-0.005434782608695656,-0.7791197541961031,0.9670539126265354,1.2304506951808627,-0.109375,-0.14500000000000002,0.5903128869756412,0.09637426900584786,0.0
2024-05-01,1.72,1.71,-0.07368771579115926,-0.00854264247777885,-0.006505737828547809,0.07457191086911244,0.005830920310793144,1.866,2.0115,1.8619999999999999,2,1,5,1.8454782925603832,1.8710365311313333,34.52380952380952,-0.014971182085414148,0.03913215083798865,2.3966055904438837,1.626394409556116,0.0447220381704665,0.07554441960081813,0.13069804520941977,33031819.0,-1.5138705188050299,0,0,-1,0,0,-0.005847953216374275,-0.798065488643899,0.9457251986859229,1.1992304832148688,-0.11794871794871797,-0.19626168224299068,0.7351831126070488,0.09302325581395357,0.0
2024-05-02,1.73,1.72,0.011696039763191236,-0.039002157803269204,0.008941937375661433,-0.19122364505216322,0.005797117684325915,1.83,1.987,1.8719999999999999,3,2,5,1.8244822393675864,1.8619374000906022,35.975609756097555,-0.02441760528187875,0.02642219961401517,2.378547536942673,1.595452463057327,0.0454744699785057,0.0748674121961025,0.13070023068784584,33166057.0,-1.3127397097514004,0,0,-1,0,0,0.0,-1.0108153931226715,0.796057484675524,1.188483323843108,-0.033519553072625774,-0.2207207207207208,0.14097814008207607,0.043352601156069336,0.0
2024-05-03,1.75,1.73,0.02865525576037615,0.039002157803269176,0.014727806710243386,0.2595214118289361,0.011494379425735212,1.8039999999999998,1.9650000000000003,1.8826666666666665,4,3,5,1.810940014028025,1.8547156323428213,45.522388059701484,-0.029944944193275536,0.015148770852557027,2.357964441945129,1.5720355580548715,0.04570921127906829,0.07501235471862511,0.13067715827454415,33340071.0,-1.094246588499331,0,0,-1,0,0,0.023121387283237014,-0.5933761563516665,0.760656060366315,1.190784215057067,0.011560693641618602,-0.2009132420091324,-0.6925287024779818,0.06857142857142863,0.0
2024-05-06,1.77,1.75,-0.028655255760376176,-0.026242994138849746,0.005830920310793144,-0.8254462628736118,0.011363758650315003,1.791,1.9515,1.9013333333333333,0,6,5,1.8034963751138384,1.8492501076755428,23.157894736842124,-0.03233878585669747,0.005651259510706128,2.352092981520864,1.550907018479136,0.043710452797414714,0.07377120857915684,0.12680366310648492,33416296.0,-0.9061566646072003,0,0,-1,0,0,-0.017142857142857158,-1.3394175087228233,0.5648725500026833,1.1710816309027414,-0.03804347826086962,-0.13235294117647056,-2.20073091886343,0.035367231638418074,0.0
2024-05-07,1.81,1.77,0.034289073478632165,0.08425411050557814,0.033727117858336306,0.8973282107568773,0.022347298691996618,1.7799999999999998,1.9315000000000002,1.9203333333333332,1,7,5,1.8046788523658677,1.8467178426642175,30.588235294117652,-0.030654886466424447,-0.0016099696847199866,2.3174247267777957,1.5455752732222048,0.0443847690338825,0.07116571962663118,0.1268008662179568,33603279.0,-0.6296564670237181,0,0,-1,0,0,0.005649717514124299,-0.36499628006915885,0.10867314179552924,1.1297207760300871,0.0584795321637428,-0.18099547511312208,1.3389165055555023,0.08856353591160226,0.0
2024-05-08,1.75,1.81,0.011173300598125255,-0.0367630539839091,-0.027930000174010473,-0.2890253422576035,-0.03371105734231172,1.7599999999999998,1.9095000000000002,1.9403333333333335,2,8,5,1.7947372428448007,1.8404779818471713,30.232558139534902,-0.03377257342314577,-0.008042490432405144,2.283354742410379,1.5356452575896213,0.04454892865161462,0.07139484245998748,0.12602109286044705,33463230.0,-0.8532725783904471,0,0,-1,0,0,-0.005524861878453044,-0.7357685792888696,0.340563382130635,1.1333579882505707,0.01744186046511631,-0.2009132420091324,-1.7747068067915888,0.07959999999999999,0.0
2024-05-09,1.77,1.75,-0.03390155167568134,-0.01574411126595724,-0.011628037995119099,0.257515208849463,0.011363758650315003,1.7580000000000002,1.886,1.9579999999999997,3,9,5,1.7902395623275642,1.8359310152763861,35.000000000000014,-0.03423489142715108,-0.013280970631354333,2.2303009699324408,1.5416990300675593,0.036860222555605254,0.07117392666498214,0.12555076141778884,33644413.0,-0.6738290631174325,0,0,-1,0,0,-0.0057142857142857195,-0.3053398528272514,0.3451125643385,1.129851058724949,0.023121387283236983,-0.2098214285714286,-1.945324562712743,0.07350282485875712,0.0
2024-05-10,1.6,1.77,0.01709443335930004,-0.027604298117528,-0.09219223862120599,0.24594017713172772,-0.10097591734000222,1.7449999999999999,1.8565,1.9460000000000002,4,10,5,1.7556505509952798,1.8207096594521033,32.558139534883736,-0.04776821873596249,-0.020178420252275966,2.1921235359691345,1.5208764640308654,0.04699290867204151,0.07374140178817318,0.06907779044415645,33412712.0,-1.528498287578907,0,0,-1,0,0,0.0,0.279817550829095,0.7814490944047531,1.1706084627647997,-0.08571428571428563,-0.26940639269406386,-1.388048216707825,0.1441250000000001,0.0
2024-05-13,1.56,1.6,-0.09474536758936608,-0.09400377095825929,-0.02559079703517738,-0.2509809259329729,-0.025317807984289897,1.717,1.841,1.937,0,13,5,1.7200777235415925,1.8038896814229355,29.54545454545456,-0.061017768978068876,-0.02834628999743455,2.201695235113066,1.4803047648869339,0.04010405726918301,0.0668965854265954,0.06820886478885288,33232440.0,-1.558102090879663,0,0,-1,0,0,0.0062500000000000056,-0.17122684934688628,0.7404164980161516,1.061950371588955,-0.11864406779661019,-0.1657754010695187,-0.9370393852756801,0.07012820512820508,0.0
2024-05-14,1.65,1.56,-0.03154835773492601,0.08242865717274424,0.0,0.16645908003795432,0.05608946665104358,1.7109999999999999,1.8094999999999999,1.9253333333333333,1,14,5,1.707336319261303,1.7939613148795204,34.04255319148936,-0.06352362436458447,-0.035381756870864534,2.1145090594023173,1.5044909405976823,0.041059738556073,0.04395560107552438,0.0667880854239983,33445362.0,-1.045870573894095,0,0,-1,0,0,0.0,0.3679198699733407,0.9035950053724726,0.6977735350452046,-0.08839779005524873,-0.2763157894736842,-0.13184742734872104,0.1511515151515152,0.0
2024-05-15,1.56,1.65,0.04389419355722513,-0.058176225632649306,-0.023295562603522068,-0.13970018457677877,-0.05608946665104347,1.6949999999999998,1.7805,1.906,2,15,5,1.6805478975774295,1.7788670365001966,36.7816091954023,-0.07194247260912423,-0.04269390001851647,2.0626328541133123,1.4983671458866878,0.0439865134488726,0.04360072236631163,0.06587545325687118,33260201.0,-1.5630933922459183,0,0,-1,0,0,-0.012121212121212133,-0.007446868367175011,0.9397098163270667,0.6921400101841932,-0.10857142857142854,-0.2710280373831776,0.14726144249774276,0.11820512820512813,0.0
2024-05-16,1.57,1.56,-0.043894193557225146,-0.05503943339562378,0.03604291612775505,-0.8164473763504339,0.006389798098770988,1.6789999999999998,1.7545000000000002,1.8843333333333334,3,16,5,1.6604482798360785,1.7653917438227646,40.243902439024396,-0.07692085829804718,-0.04953929167442262,2.011238654751895,1.4977613452481056,0.044008957240582146,0.04379937966034484,0.06537325540465763,33342042.0,-1.4372592251704053,0,0,-1,0,0,0.0,-1.4043535848800508,0.9293186114763979,0.6952935969610388,-0.11299435028248583,-0.24880382775119614,0.20938258008192434,0.025796178343949032,0.0
2024-05-17,1.55,1.57,0.012739025777429712,0.024630863231001485,-0.009463278323043143,0.36964504874536747,-0.012820688429061434,1.659,1.7315,1.863,4,17,5,1.640366774411337,1.7514955022858123,30.13698630136986,-0.08154015354380673,-0.05593946404829944,1.9738807357327377,1.4891192642672624,0.04342918739151315,0.043402492984849154,0.06537175885899288,33223600.0,-1.4976437747934876,0,0,-1,0,0,0.006369426751592362,-0.7535270229457289,0.6628028415757204,0.6889932163088182,-0.03125,-0.22885572139303467,0.7505645982222476,0.06090322580645164,0.0
2024-05-20,1.5,1.55,0.0,-0.01236462986244124,-0.01652930195121047,-0.15117755656259776,-0.032789822822990956,1.6320000000000001,1.7114999999999998,1.845,0,20,5,1.6148455427001847,1.7352699860093084,33.846153846153854,-0.08821863097517046,-0.062395297433673655,1.9612388109323935,1.461761189067606,0.04309689933381372,0.04252006254979585,0.06457311984537385,33121776.0,-1.6937695763855827,0,0,-1,0,0,0.019354838709677438,-0.956921191912688,0.6779904313309225,0.6749850674260247,-0.03846153846153855,-0.21052631578947367,0.8091915192792352,0.06633333333333329,0.0
2024-05-21,1.46,1.5,0.018809331957496293,0.006543098588936107,-0.04779066383634855,0.19169082914530206,-0.027028672387919374,1.597,1.6885000000000001,1.82,1,21,5,1.5866918076637873,1.717510632073224,30.882352941176464,-0.09563659898008292,-0.06904355774295551,1.942086899880876,1.4349131001191242,0.041015671244701644,0.042347909624286854,0.06227603270619512,32998437.0,-1.802143565833563,0,0,-1,0,0,0.0733333333333334,-0.6844707076407089,0.36024296628765323,0.6722522244558105,-0.11515151515151512,-0.23958333333333337,0.0078610897190137,0.12328767123287683,0.0
2024-05-22,1.45,1.46,-0.09097177820572676,-0.0774580590390039,0.0,-0.0947873675488831,-0.006872879287762064,1.567,1.6635000000000002,1.7953333333333332,2,22,5,1.5618387517249168,1.700251881616887,29.411764705882348,-0.10115624230039799,-0.07546609465444401,1.9069207965894672,1.4200792034105332,0.04095670772447479,0.041851116672093194,0.0622808128805964,32886252.0,-1.754164007277253,0,0,-1,0,0,0.006849315068493157,-0.7882535558452145,0.24621081448110987,0.6643658808282463,-0.0705128205128206,-0.2564102564102564,0.21952091995138687,0.04137931034482763,0.0
2024-05-23,1.35,1.45,0.006779686985378769,0.0,-0.08004270767353637,0.49366627089855847,-0.07145896398214487,1.525,1.6415,1.7656666666666667,3,23,5,1.5233226150476593,1.677654986028701,23.68421052631578,-0.11230517946246388,-0.08283391161604799,1.9145162902439532,1.3684837097560467,0.042433141143127774,0.04081839870523912,0.0627719256535311,32702458.0,-2.135403713379378,0,0,-1,0,0,0.020689655172413814,0.35614923528431053,0.38617421789704526,0.6479719913396617,-0.14012738853503182,-0.24581005586592175,-1.3072766026425882,0.12592592592592586,0.0
2024-05-24,1.47,1.35,-0.055569851154810765,0.0062889081294570034,0.03754390016242401,-0.25481046435090177,0.08515780834030677,1.512,1.6285,1.7416666666666667,4,24,5,1.513627594129903,1.6642578901558815,32.55813953488371,-0.11018762106280078,-0.08830465350539854,1.9084454834176494,1.3485545165823507,0.04835055204239398,0.046406137959233554,0.06554100452296213,32844910.0,-1.1323633306384493,0,0,-1,0,0,0.0370370370370369,-0.3131720145625034,0.9403427645026408,0.7366746020825187,-0.05161290322580647,-0.1502890173410405,1.4261738137979139,0.08768707482993199,0.0
2024-05-28,1.33,1.47,0.08879549878313127,0.046010591273392035,-0.03754390016242388,0.8054929718669307,-0.1000834585569824,1.489,1.6030000000000002,1.7236666666666667,1,28,5,1.480240758833557,1.6426928649845345,24.999999999999986,-0.118440957119329,-0.09433191422818464,1.8945006545115861,1.3114993454884143,0.055729465091626046,0.047258558470155254,0.062517588982526,32526131.0,-1.8730661202625163,0,0,-1,0,0,0.04081632653061228,2.839278515874546,1.1257749397039698,0.7502063581886153,-0.11333333333333329,-0.27717391304347827,1.0004404331726873,0.18796992481203006,0.0
2024-05-29,1.36,1.33,-0.04683129968409909,-0.059709435631553925,-0.006460216273488092,0.08250412739271162,0.022305757514298186,1.46,1.5855000000000001,1.693,2,29,5,1.4583788026820013,1.6244546156306936,29.032258064516128,-0.12116432916225772,-0.09969839721499926,1.8916114348208095,1.2793885651791908,0.051634483854128256,0.04606463908518191,0.04577249563010406,32872326.0,-1.4733196760977099,0,0,-1,0,0,0.09774436090225555,2.5340216898354866,1.1658002715702929,0.7312534755200233,-0.06849315068493145,-0.20467836257309935,0.31733566804594066,0.12316176470588233,0.0
2024-05-30,1.38,1.36,-0.07833184326990696,-0.026723070140753622,0.009788006366162724,-0.6697062320687968,0.014598799421152631,1.442,1.5685,1.6676666666666664,3,30,5,1.4441281112852737,1.6086833501061328,29.032258064516114,-0.12032179353592243,-0.1038230764791839,1.8808611270404059,1.2561388729595941,0.050817088044633925,0.04627081184002735,0.04527858681017311,33049529.0,-1.2069363546355527,0,0,-1,0,0,-0.007352941176470594,0.09710480017470555,1.1816443442140445,0.7345263665386521,-0.048275862068965614,-0.19767441860465118,0.033699455761518456,0.08376811594202893,0.0
2024-05-31,1.28,1.38,0.0,-0.05752612849752087,-0.04984780572756752,0.4657735475545715,-0.07522342123758739,1.4129999999999998,1.546,1.6406666666666667,4,31,5,1.4142866365061328,1.5874779726799308,31.395348837209283,-0.12626770672285748,-0.10831200252791863,1.873825370717333,1.2181746292826672,0.0538428866166454,0.04814276338725835,0.046517396645541664,32767201.0,-1.622815216637752,0,0,-1,0,0,-0.02173913043478247,1.4241251170602813,1.193291324129944,0.7642426761006669,-0.05185185185185193,-0.2601156069364161,0.0382554683707892,0.07773437499999994,0.0
2024-06-03,1.3,1.28,-0.014925650216675706,0.09828145412878844,0.03125254350410453,0.540006635204215,0.015504186535965254,1.3880000000000001,1.5234999999999999,1.6170000000000002,0,3,6,1.3935072480504722,1.5689310067005806,34.523809523809504,-0.12789179589526678,-0.11222796120138825,1.8541309757221993,1.1928690242778004,0.05493960139571898,0.04826401712106464,0.04663411264372375,33251681.0,-1.3519604417693005,0,0,-1,0,0,0.039062500000000035,2.8999850945816195,0.8928620030219709,0.7661675194518037,-0.11564625850340127,-0.2571428571428571,-0.6875620027911296,0.15376923076923074,0.0
2024-06-04,1.34,1.3,0.0794641713542468,-0.02013603842853182,-0.015504186535965312,-0.2546339414923784,0.030305349495329058,1.372,1.5020000000000002,1.5983333333333332,1,4,6,1.3837786574958408,1.5541612643328013,30.37974683544303,-0.12451589087769266,-0.11468554713664914,1.8208532082680167,1.1831467917319838,0.056469673738844366,0.04898094148939661,0.04663089293644276,33627250.0,-1.0161415711008235,0,0,-1,0,0,0.10769230769230762,1.6043048790425112,0.670774608936658,0.7775483409764945,0.007518796992481258,-0.24293785310734461,-2.103765382668216,0.14179104477611937,0.0
2024-06-05,1.42,1.34,-0.05715841383994852,0.0,0.05354076692802976,-0.3667188134343167,0.057987257650349316,1.3679999999999999,1.4825000000000002,1.5816666666666668,2,5,6,1.3903643561329604,1.5455056988919755,41.02564102564101,-0.11407020015591596,-0.1145624777405025,1.7680004839182373,1.196999516081763,0.0600862250929492,0.05104582733495128,0.048232400399222046,33887521.0,-0.4378276291671664,0,0,-1,0,0,0.01492537313432837,0.460880362271297,0.7839462115645739,0.8103273875749444,0.04411764705882337,-0.21546961325966862,-1.4496975199142554,0.08422535211267601,0.0
2024-06-06,1.44,1.42,0.0501897445238551,0.013513719166722855,0.036071391761657225,-0.25498657264154945,0.01398624197473987,1.367,1.467,1.5646666666666667,3,6,6,1.3993890186542401,1.5386988796086225,41.772151898734165,-0.10299086753736253,-0.11224815569987451,1.7235438302588202,1.21045616974118,0.060229202758494825,0.05105040161878327,0.048206243036821646,34089212.0,-0.21049034757733662,0,0,-1,0,0,0.007042253521126767,-0.1294936362008503,0.7837069963910516,0.8104000020796185,0.04347826086956519,-0.17714285714285716,-1.4385835002890435,0.06250000000000006,0.0
2024-06-07,1.42,1.44,0.0,-0.0068016020317025905,0.007117467768863955,-0.5562376111885823,-0.013986241974739952,1.374,1.4495,1.5523333333333333,4,7,6,1.4031364698080147,1.5310408873758081,41.772151898734165,-0.09473223522895324,-0.10874497160569027,1.663186932836152,1.235813067163848,0.0554525570117592,0.050845138317636804,0.04620507238878658,33973570.0,-0.2761048568432558,0,0,-1,0,0,-0.006944444444444451,-0.9110232779068493,0.4264646813172147,0.8071415481908882,0.109375,-0.19774011299435035,0.29460585613923357,0.04922535211267611,0.0
2024-06-10,1.47,1.42,-0.03559094510270263,0.006801602031702512,-0.02150620522096362,-0.09245198646334403,0.03460552917747552,1.374,1.443,1.5436666666666667,0,10,6,1.4152934752974664,1.527102765609627,48.10126582278481,-0.08319362318984092,-0.1036347019225204,1.64500052110844,1.2409994788915601,0.04878566447307472,0.04747432222453458,0.04652929858677703,34079000.0,0.26732604304031,0,0,-1,0,0,-0.028169014084507067,-0.9260739940676952,0.4327868931305097,0.7536315016047912,0.13076923076923075,-0.08125000000000004,-0.38318458330917804,0.07482993197278918,0.0
2024-06-11,1.5,1.47,0.06995858860691047,0.026491615446976285,0.05278493496158375,0.04906564191054061,0.02020270731751947,1.391,1.44,1.5323333333333333,1,11,6,1.430694661607018,1.5253542000864253,52.56410256410257,-0.07081216221116504,-0.09707019398024933,1.6363884442995502,1.2436115557004497,0.03523458339539737,0.04746009109244722,0.04499807071555078,34189732.0,0.6110339150961687,0,0,-1,0,0,0.00680272108843538,-0.8298057108007062,0.43059547749248217,0.7534055893865228,0.11940298507462677,-0.03846153846153855,-0.012076817594692766,0.05013333333333329,0.0
2024-06-12,1.55,1.5,0.03974032864951412,0.019418085857101516,0.020546338123966095,-0.04060302127813598,0.03278982282299097,1.41,1.435,1.5270000000000001,2,12,6,1.4523865413148327,1.5269442516937528,56.097560975609774,-0.0563160071741835,-0.08891935661903616,1.6131188249210078,1.2568811750789923,0.03573184259319239,0.046173020190016546,0.04381909031832658,34296058.0,1.291272834873015,0,0,-1,0,0,0.02666666666666669,-0.8066849315420281,0.3144220060354587,0.7329739722212886,0.09154929577464799,-0.06060606060606055,-1.2316426188127367,0.04838709677419352,0.0
2024-06-13,1.57,1.55,0.0,0.04389419355722513,0.023295562603522082,-0.07734709837898841,0.012820688429061469,1.4289999999999998,1.4355,1.522,3,13,6,1.4737708065303174,1.5297220419070592,64.86486486486487,-0.04272140129422164,-0.07967976555407326,1.6151458504411227,1.2558541495588773,0.035731023815578224,0.044576117493435416,0.043883351292307006,34394470.0,1.4973905566951151,0,0,-1,0,0,-0.006451612903225812,-0.8229724119185423,0.3154187117344854,0.7076239278025559,0.0902777777777779,0.0064102564102563875,-1.1641088291114674,0.07006369426751584,0.0
2024-06-14,1.44,1.57,0.00647251450561752,-0.05032508388751565,-0.06103589058636913,-0.21977818851746217,-0.08643250577230754,1.4449999999999998,1.429,1.5123333333333335,4,14,6,1.4676306598884414,1.5239335230743456,47.99999999999999,-0.041953873595741875,-0.07213458716240698,1.5971978784573622,1.260802121542638,0.03853640450611072,0.04834010305873436,0.04625158181381118,34315475.0,0.13079832041744072,0,0,-1,0,0,-0.012738853503184724,-0.9905670034563083,0.7824371666017335,0.7673753462678632,0.014084507042253502,-0.08280254777070073,-2.0451677019517778,0.08333333333333341,0.0
2024-06-17,1.46,1.44,-0.10178269430994247,-0.05299253014051034,-0.02120220765060305,0.4449438374107934,0.01379332213233577,1.4609999999999999,1.4245,1.5026666666666668,0,17,6,1.466243267181452,1.5198087796501945,60.31746031746031,-0.03927898581379052,-0.06556346689268369,1.5836391314531522,1.265360868546848,0.03852484327757646,0.04842970691672763,0.04628234607578027,34438739.0,0.4461504807251063,0,0,-1,0,0,-0.027777777777777804,-0.6061713602744825,0.7421324368259242,0.768797763416436,-0.006802721088435382,-0.058064516129032295,-2.061215161895288,0.0479452054794521,0.0
2024-06-18,1.43,1.46,0.04196419909903221,0.040005334613699206,0.021202207650602906,0.8800971043295178,-0.020761991448429128,1.47,1.421,1.4913333333333334,1,18,6,1.4596535822393697,1.514014664834053,55.55555555555555,-0.03912881463632112,-0.06027653644141118,1.5761773179358685,1.2658226820641316,0.03921202874082262,0.04811251419509523,0.04625996631928331,34141533.0,0.11599633399669165,0,0,-1,0,0,0.0,0.8308858148754117,0.726391212021323,0.7637624850617216,-0.046666666666666745,-0.046666666666666745,-1.3659101947427346,0.06993006993006999,0.0
2024-06-20,1.45,1.43,0.02702867238791942,-0.006557400546159052,0.0069686693160934355,-0.007714586466600049,0.013889112160667093,1.473,1.4205,1.4793333333333332,3,20,6,1.4578983854685752,1.5098846864576625,55.55555555555556,-0.0369698051424483,-0.055615190181618604,1.5752119564721936,1.2657880435278066,0.03483543332176672,0.04784094925200924,0.04610261245704187,34436455.0,0.3813538484377183,0,0,-1,0,0,0.048951048951048994,0.734534582257113,0.6664657838074451,0.759451525236468,-0.06451612903225812,-0.006849315068493178,-1.6572698859032955,0.055172413793103496,0.0
2024-06-21,1.51,1.45,-0.05480823649499503,0.0,-0.013986241974739952,0.2399164000954494,0.04054609439435001,1.48,1.4235,1.4713333333333334,4,21,6,1.4673714062924703,1.5098921260410392,69.4915254237288,-0.03007064038066809,-0.05050628022142851,1.5828770768754028,1.2641229231245972,0.03684179790005569,0.04864565028249338,0.04661218455972525,34811343.0,1.085476050832877,0,0,-1,0,0,-0.020689655172413814,1.283118586487697,0.7591071920394727,0.7722257580749786,-0.03821656050955413,0.04137931034482767,-1.1866533697947175,0.06622516556291397,0.0
2024-06-24,1.43,1.51,0.03460552917747552,0.0065574005461590396,0.0,-0.15845007923322205,-0.0544352065550171,1.481,1.4274999999999998,1.4600000000000002,0,24,6,1.4605766051483848,1.5047377953287142,59.999999999999986,-0.030704392884906895,-0.046545902754124194,1.5830804073772242,1.2719195926227753,0.04095826982011422,0.04751614623118829,0.047362219330190726,34491389.0,0.03213772276529143,0,0,-1,0,0,-0.026490066225165587,0.7488698719347187,0.5792681903258101,0.7542954371274194,-0.00694444444444442,0.05925925925925912,-0.5784701777558048,0.076923076923077,0.0
2024-06-25,1.4,1.43,-0.027587956518829053,-0.019802627296179754,-0.014184634991956413,0.14954927106038912,-0.02120220765060305,1.4739999999999998,1.424,1.4533333333333334,1,25,6,1.4495626769395873,1.4979805182107326,54.68749999999998,-0.033244177406633435,-0.04388555768462604,1.5787017504125804,1.2692982495874194,0.03964966533420213,0.04335102001399243,0.044325537969619105,34119823.0,-0.3102744466173578,0,0,-1,0,0,0.0,1.067461683233756,0.5762398261966475,0.6881761082280466,-0.04109589041095896,-0.04761904761904767,0.2887737710680657,0.0714285714285715,0.0
2024-06-26,1.38,1.4,0.013889112160667093,0.0,-0.014388737452099669,-0.523335615227039,-0.014388737452099669,1.462,1.4265,1.4473333333333334,2,26,6,1.4369149174960258,1.4903688718745565,46.55172413793104,-0.03645062764551743,-0.04239857167680432,1.5763455345090234,1.2766544654909768,0.03877104591923073,0.03752802603813802,0.04418911494001107,33899655.0,-0.6206391155046416,0,0,-1,0,0,0.03571428571428575,-0.14254991276827692,0.569203408993093,0.5957389445524186,-0.034965034965035,0.037593984962405846,0.14104608456332735,0.08695652173913052,0.0
2024-06-27,1.4,1.38,-0.04225980928988273,-0.05480823649499503,7.246114274418836e-05,-0.22884520602434472,0.01438873745209967,1.4469999999999998,1.4285,1.439,3,27,6,1.43020311431493,1.484538622076198,46.55172413793104,-0.036951970395121325,-0.04130925142046772,1.5756519086260674,1.2813480913739328,0.03697657990700994,0.03734441819460301,0.042821737362299904,34074788.0,-0.38735481267079563,0,0,-1,0,0,0.00724637681159421,-0.45472682402844483,0.5703668336880482,0.5928242603958916,-0.034482758620689724,0.02941176470588225,0.13199830045430963,0.028499999999999876,0.0
2024-06-28,1.52,1.4,0.028370697129215566,0.06805346324501578,0.021433744078219606,2.2102581881223133,0.08223809823697222,1.4419999999999997,1.4355,1.4376666666666664,4,28,6,1.4465298208031245,1.486826452909992,57.352941176470594,-0.027351005650279703,-0.03851760226643012,1.5862140897324206,1.2847859102675794,0.047537493171220406,0.04172213520229034,0.04478803990381124,35671663.0,1.1213284723415338,0,0,-1,0,0,0.02142857142857145,3.9663805952162194,0.8316884559566673,0.6623183634712426,0.0066225165562914245,0.10144927536231885,1.1388263620947947,0.07236842105263164,0.0
2024-07-01,1.44,1.52,0.05443520655501715,0.0,-0.0071174677688639896,-1.8371555095471783,-0.05406722127027582,1.4419999999999997,1.4434999999999998,1.4333333333333333,0,1,7,1.4453425806571016,1.483805391431928,47.88732394366197,-0.02589895628437522,-0.03599387307001914,1.5752533580983283,1.3117466419016712,0.042550196839240995,0.039965920317654086,0.04578783207892614,35417329.0,-0.053129575602737296,0,0,-1,0,0,-0.006578947368421058,-0.1343559169281324,0.8302288677092796,0.6344393164700176,0.006993006993007089,0.125,1.1474585340666974,0.08333333333333341,0.0
2024-07-02,1.43,1.44,-0.040546094394349905,-0.04171329072954589,0.0,-0.42653407746546357,-0.006968669316093316,1.4389999999999998,1.45,1.4293333333333333,1,2,7,1.4425530205376285,1.4803340758556747,44.92753623188406,-0.025263886766536903,-0.03384787580932269,1.5635086363590012,1.3364913636409987,0.042347873454884756,0.04001833238043928,0.04575254485381167,35251308.0,-0.35239609322315735,0,0,-1,0,0,0.006944444444444451,-0.35756911377168715,0.8110208911039906,0.6352713321729947,0.021428571428571352,0.09999999999999987,0.993527817219424,0.040489510489510536,0.0
2024-07-03,1.45,1.43,-0.01388911216066715,0.021779075828728543,0.021202207650602906,-1.2294994945318671,0.013889112160667093,1.441,1.4555,1.4276666666666666,2,3,7,1.4439070168035142,1.4783770387036956,42.42424242424243,-0.0228829760415461,-0.031654895855767376,1.5565419402326266,1.3544580597673734,0.04200872283689148,0.039635596260719184,0.045464272228036395,35299859.0,-0.10886568463229303,0,0,-1,0,0,0.0,-0.6616831683655763,0.7927044698077512,0.6291955846297475,0.050724637681159424,0.08208955223880587,0.5220520156751253,0.04137931034482763,0.0
2024-07-05,1.48,1.45,0.0,0.0,0.0,0.7143115064846379,0.0204785313435407,1.4439999999999997,1.4585,1.4283333333333335,4,5,7,1.4504693773846933,1.4784817458841024,43.28358208955223,-0.018363653096991506,-0.028996647304012205,1.5586630250177675,1.3583369749822323,0.04227083372055865,0.03769905144347786,0.04533271331342881,35399038.0,0.42930013338128004,0,0,-1,0,0,-0.013793103448275874,-0.48004162436039916,0.7956775712640894,0.5984538886948381,0.05714285714285716,0.04225352112676051,0.39548809952280883,0.04054054054054058,0.0
2024-07-08,1.49,1.48,0.04779066383634848,0.013002350207388819,0.03436764350420782,-0.7480348043441681,0.0067340321813441194,1.4419999999999997,1.4609999999999999,1.4296666666666666,0,8,7,1.457656763314749,1.47922485905287,54.54545454545455,-0.013815879814540244,-0.025960493806117813,1.561713245884039,1.3602867541159607,0.040127416036994885,0.03761862775739395,0.045314791617291496,35445979.0,0.5758924706565527,0,0,-1,0,0,0.013513513513513526,-0.6087232292845168,0.4642984574885899,0.5971772022574551,-0.019736842105263164,0.03472222222222232,-1.611013340896636,0.01979865771812086,0.0
2024-07-09,1.42,1.49,-0.013423020332140661,-0.013002350207388715,-0.041385216162854364,1.1254946674331048,-0.04811924834419846,1.4409999999999998,1.4609999999999999,1.432,1,9,7,1.4508100790757035,1.4754039004042978,46.666666666666664,-0.01567940923923472,-0.023904276892741196,1.561713245884039,1.3602867541159607,0.039293647683438813,0.039071679551748804,0.04429531355907939,35301319.0,-0.8141928033420174,0,0,-1,0,0,-0.00671140939597316,-0.32098768601425876,0.4269510675181799,0.6202436843972098,-0.01388888888888895,0.0,-1.5068686035284455,0.04929577464788737,0.0
2024-07-10,1.38,1.42,-0.03436764350420777,-0.01698913920378051,-0.07249497254554768,0.42582873155306183,-0.028573372444056114,1.4389999999999998,1.4565000000000001,1.429,2,10,7,1.4379355192437573,1.4692488100556336,45.90163934426229,-0.02015163987978741,-0.02315374949015044,1.5633742497747745,1.3496257502252258,0.0397825487437734,0.038696293096045935,0.041503978725597135,35079865.0,-1.4315889966238924,0,0,-1,0,0,0.007042253521126767,-0.10859806316237464,0.4657055127138552,0.6142846091532193,-0.034965034965035,-0.061224489795918435,-0.7090397319509975,0.1044927536231885,0.0
2024-07-11,1.49,1.38,0.0069686693160934355,0.027005917447251764,0.05866741665040467,-0.5965791683688458,0.07669262078825458,1.45,1.456,1.4343333333333332,3,11,7,1.447401788472165,1.4705875965036574,52.857142857142854,-0.01465094719213167,-0.021453189030546684,1.5621081871025233,1.3498918128974766,0.04672441145953677,0.04261289823766203,0.04011102399803987,35201818.0,0.6408553558105504,0,0,-1,0,0,0.04347826086956526,-0.4105483455359279,0.7786250167655331,0.6764587882833378,0.02758620689655178,-0.00666666666666671,0.7184224566628519,0.07013422818791934,0.0
2024-07-12,1.5,1.49,0.06062462181643484,0.042282721159377805,0.06194680423934153,0.746268810804276,0.00668898815079671,1.46,1.4535,1.4389999999999998,4,12,7,1.456965099659044,1.4724851709227764,49.23076923076923,-0.00937660452012623,-0.019037872128462596,1.5523938825295251,1.3546061174704749,0.046681301449895914,0.04194471610348391,0.039970151111626724,35459031.0,0.9404019502645625,0,0,-1,0,0,0.02684563758389264,-0.02540242301517002,0.7687259342197141,0.6658517257381477,0.013513513513513598,-0.032258064516129115,1.0248899659808255,0.05333333333333338,0.0
2024-07-15,1.5,1.5,-0.02649161544697634,-0.03236528450203166,-0.027212563524884815,-0.5139784336935876,0.0,1.458,1.45,1.443,0,15,7,1.4647896269937632,1.4742603211858232,56.140350877192986,-0.00513742887088986,-0.01625778347694805,1.5355939004324364,1.3644060995675635,0.03783335241696275,0.04182182164599378,0.03992506299654659,35459031.0,1.168307548724632,0,0,-1,0,0,-0.006666666666666672,-0.3488045855499286,0.7684777249028905,0.6639008367059852,0.006711409395973256,-0.04458598726114649,1.1652164790106523,0.04666666666666671,0.0
2024-07-16,1.52,1.5,0.013333530869465168,0.019544596072970346,0.027212563524884794,-0.1635036171876807,0.013245226750020723,1.466,1.454,1.451,1,16,7,1.4748278766312608,1.4772112682060927,60.71428571428571,-0.0001621496144126322,-0.013038656704440965,1.5449366465511785,1.3630633534488215,0.03324232354618056,0.03725480078651535,0.037276939844376224,35589668.0,1.451560014649447,0,0,-1,0,0,0.006666666666666672,-0.42913845741717704,0.632251670858151,0.5914016281462388,0.07042253521126773,0.05555555555555558,1.3161759469487218,0.03947368421052635,0.0
2024-07-17,1.49,1.52,-0.013333530869465144,-0.02614528010432236,-0.01351371916672282,-0.5185124425803035,-0.019934214900817253,1.472,1.4555,1.4573333333333334,2,17,7,1.4775864445164861,1.4780363476766676,59.64912280701755,0.0013445466647581394,-0.010162016030601144,1.5478323516415449,1.3631676483584552,0.03402876645594601,0.03751232994062354,0.037533897442960866,35511886.0,0.7473003641006964,0,0,-1,0,0,-0.019736842105263174,-0.5816492276705658,0.5984864952021666,0.5954897767289534,0.07971014492753636,0.020547945205479534,1.617142816473339,0.02684563758389264,0.0
2024-07-18,1.41,1.49,-0.01351371916672282,-0.020067563050809256,-0.05595865364804461,0.02712860482647492,-0.0551864155672909,1.468,1.4545,1.4596666666666667,3,18,7,1.465298000058943,1.4736469058910764,50.79365079365079,-0.003872082138338895,-0.008904029252148695,1.548414855064379,1.3605851449356208,0.03840927066125406,0.039238126689664275,0.038702175165507134,35431965.0,-0.9476669046551801,0,0,-1,0,0,-0.01342281879194632,-0.5377790017954033,0.42928436833464184,0.6228859507973866,-0.05369127516778527,-0.013986013986013957,-1.2645111298106968,0.06382978723404262,0.0
2024-07-19,1.4,1.41,-0.03460552917747561,-0.041385216162854364,-0.029199154692262124,-0.05369261589597233,-0.0071174677688639896,1.4599999999999997,1.452,1.4589999999999999,4,19,7,1.4534256364118625,1.4688954926077813,38.46153846153846,-0.008712778982493896,-0.008865779198217736,1.54902956685397,1.35497043314603,0.03757027735343117,0.039126125249648966,0.03718487321541951,35356222.0,-1.0718382383023568,0,0,-1,0,0,0.0070921985815602905,-0.5136628487786674,0.4045317771097408,0.6211079830568168,-0.06666666666666676,-0.034482758620689724,-1.0980073129857832,0.04999999999999989,0.0
2024-07-22,1.42,1.4,-0.028573372444056114,0.0,0.0003703018001951151,-0.019746650092617217,0.014184634991956381,1.4529999999999998,1.4475,1.4583333333333333,0,22,7,1.4473482479733422,1.465740944697602,47.82608695652174,-0.010810615211019892,-0.009254746400778169,1.5415044791859824,1.3534955208140176,0.037904136446140185,0.038034072524694075,0.037187482798783776,35430484.0,-0.5850785034528608,0,0,-1,0,0,-0.0142857142857143,-0.47199090283755807,0.44510559048942333,0.6037721834840105,-0.053333333333333344,-0.0596026490066226,-0.9790967967274742,0.048943661971830914,0.0
2024-07-23,1.42,1.42,0.007220247973487097,0.0,0.014335845589500493,-4.03983275147461e-05,0.0,1.4529999999999998,1.447,1.4583333333333333,1,23,7,1.442375839250916,1.462789916007434,48.88888888888889,-0.01233102119962548,-0.009870001360547631,1.5415014619863323,1.3524985380136678,0.03479117803300581,0.036122075000496585,0.03709234250428462,35430484.0,-0.571419731134004,0,0,-1,0,0,-0.021126760563380302,-0.43376099168079163,0.4085390563431965,0.5734201637456239,-0.06578947368421062,-0.006993006993006978,-1.0511639831601556,0.03521126760563368,0.0
2024-07-24,1.39,1.42,0.007168489478612497,0.00701757265864654,0.0055321148512955404,-0.4141481132422615,-0.021353124470568946,1.454,1.4465,1.4556666666666667,2,24,7,1.432852959387113,1.4580937923940511,43.47826086956522,-0.01577486040779652,-0.01105097316999741,1.5421473787115798,1.35085262128842,0.034212059182303065,0.03612666148197819,0.036707159053830034,35381406.0,-1.1814228630430743,0,0,-1,0,0,-0.014084507042253534,-0.46072433817161446,0.41004646711858533,0.5734929718819827,-0.06711409395973156,-0.0071428571428571175,-0.9910221653373957,0.03769784172661871,0.0
2024-07-25,1.38,1.39,-0.014388737452099669,-0.028298757270906083,-0.03141156283911645,0.59469727113976,-0.00722024797348702,1.443,1.4465,1.4516666666666667,3,25,7,1.423243330407638,1.4530554832073383,38.63636363636364,-0.019090975338325933,-0.012658973603663116,1.5421473787115798,1.35085262128842,0.020255062342481055,0.036011092736704164,0.03649183066957381,35292453.0,-1.3905242547321144,0,0,-1,0,0,-0.007194244604316554,-0.32119239931723736,0.2044060832393414,0.5716583749260217,-0.021276595744680882,0.0,0.3007487218724523,0.039927536231884005,0.0
2024-07-26,1.38,1.38,0.007220247973487097,-7.193985830954002e-05,-0.0037523496185503527,-0.5256201835215664,0.0,1.4309999999999998,1.4455,1.446,4,26,7,1.4153809066971583,1.44834222622622,37.2093023255814,-0.021471510109101866,-0.014421480904750867,1.5435815986909114,1.3474184013090886,0.019840603861306566,0.03586245037630876,0.03587699659626338,35292453.0,-1.3356226014711061,0,0,-1,0,0,0.00724637681159421,-0.4093483106718079,0.20434088695874766,0.5692987506066464,-0.014285714285714346,-0.014285714285714346,-0.23337737173246229,0.0434782608695651,0.0
2024-07-29,1.38,1.38,-0.02181904739463961,0.014285957247476434,-0.05406722127027582,1.5668300133926576,0.0,1.419,1.4385,1.4396666666666667,0,29,7,1.4089480145704023,1.4439330503406576,44.444444444444436,-0.023091911879833837,-0.01615556709976746,1.5341473787115876,1.3428526212884122,0.019840603861306566,0.029648391467378913,0.0357538736796457,35292453.0,-1.2232431413807832,0,0,-1,0,0,-0.014492753623188259,1.777761566638467,0.14585582585897194,0.4706536235746439,-0.028169014084507116,-0.0921052631578948,-1.6949900995222902,0.10869565217391298,0.0
2024-07-30,1.38,1.38,0.0,0.007067167223092353,0.07637297878457416,-1.368171824525712,0.0,1.4049999999999998,1.4355,1.4376666666666664,1,30,7,1.4036847391939655,1.439808337415454,50.0,-0.024098301735765437,-0.01774411402696706,1.5346490106736135,1.3363509893263865,0.018650879543158642,0.027392446480938325,0.03248103662777435,35292453.0,-1.1195270557504473,0,0,-1,0,0,-0.014492753623188259,-0.7497865462519107,0.14585582585897194,0.43484160714125525,-0.028169014084507116,-0.04166666666666674,-1.6949900995222902,0.0434782608695651,0.0
2024-07-31,1.36,1.38,0.014598799421152631,0.00701757265864654,-0.007380107297622534,0.4616773005241057,-0.014598799421152523,1.392,1.432,1.4343333333333332,2,31,7,1.3957420593405172,1.4346594124209087,21.739130434782624,-0.026207600890859606,-0.019436811399745568,1.5367503297403633,1.3272496702596366,0.018401739918143246,0.02751915561081928,0.032448320669828355,35190672.0,-1.3746973432629894,0,0,-1,0,0,0.0,-0.13722190192306283,0.1027964431722486,0.4368530522202936,-0.021582733812949506,-0.04895104895104885,-1.2672350789594269,0.058823529411764594,0.0
2024-08-01,1.28,1.36,-0.021978906718775115,-0.05055745918142762,-0.09309042306601209,0.44844274417740054,-0.060624621816434854,1.379,1.4235000000000002,1.4293333333333331,3,1,8,1.374698048551332,1.4246813858131082,13.333333333333343,-0.03394328996233398,-0.02233810711226325,1.5478551789355188,1.2991448210644816,0.01980674123279667,0.029978201569785125,0.033927237537507086,35031296.0,-2.3079054885910097,0,0,-1,0,0,-0.007352941176470594,0.6683436608165558,0.4043477452031765,0.4758891966397054,-0.0724637681159419,-0.11724137931034473,-1.932827578103936,0.10117187499999995,0.0
2024-08-02,1.24,1.28,-0.08499321283339271,-0.0681000846198884,-0.016393809775676383,0.14634533197861382,-0.0317486983145803,1.363,1.4115,1.4223333333333334,4,2,8,1.3502074942692714,1.4127664576961336,11.764705882352956,-0.0428080800899866,-0.02643210170780792,1.5573586193677853,1.2656413806322147,0.020929393170753242,0.029812758452210642,0.03414456270821712,34846803.0,-2.3515922575348025,0,0,-1,0,0,-0.03125000000000003,0.9675890577574557,0.39367407351877726,0.4732628685683296,-0.10144927536231874,-0.16216216216216217,-1.0116719772122282,0.04838709677419359,0.0
2024-08-05,1.15,1.24,-0.008097210232619362,-0.027945930390559336,-0.08626034428440689,0.16733756576292022,-0.07534943724178685,1.3359999999999999,1.3944999999999999,1.4103333333333332,0,5,8,1.3138061316748584,1.3958137830060606,4.878048780487802,-0.05644507429153811,-0.03243469622455396,1.5765902032154324,1.2124097967845673,0.02622795386460027,0.032818342570818816,0.035171523489550875,34628704.0,-2.685482202584285,0,0,-1,0,0,-0.008064516129032265,1.325771044716016,0.47877850203022204,0.5209750373022645,-0.16666666666666663,-0.22818791946308725,-0.15729978143796475,0.10869565217391305,0.0
2024-08-06,1.11,1.15,-0.05001042057466142,-0.05406722127027594,-0.027306385881951417,-0.7242117537077968,-0.03540192705091572,1.305,1.379,1.3996666666666664,1,6,8,1.2767504713703386,1.3773741841024438,4.761904761904759,-0.06967696348886143,-0.03988314967741546,1.6004687812185021,1.157531218781498,0.02549652440601641,0.032249440619343706,0.03452795556425386,34522990.0,-2.4292362880220413,0,0,-1,0,0,0.017391304347826105,-0.3191280002331094,0.3673297507049096,0.5119439987983696,-0.19565217391304335,-0.2183098591549295,-0.284117130743954,0.08099099099099087,0.0
2024-08-07,1.08,1.11,-0.05264373348542179,-0.017241806434506103,-9.258830616305608e-05,0.13374657275595067,-0.027398974188114503,1.274,1.364,1.3889999999999998,2,7,8,1.2409776583939132,1.358188752870028,5.4054054054054035,-0.08164295116780318,-0.048235109975493004,1.622693071544133,1.1053069284558672,0.025490270979390738,0.03221982783308327,0.034624860917712774,34402148.0,-2.195652154924836,0,0,-1,0,0,0.0,-0.020343516431463895,0.31432024612140835,0.5114739103899327,-0.20588235294117652,-0.21739130434782594,-0.7865762969555036,0.06481481481481466,0.0
2024-08-08,1.17,1.08,-0.009049835519917927,0.09878240551507418,0.0,0.6103622922649019,0.08004270767353636,1.253,1.348,1.382,3,8,8,1.2280726295950197,1.3460475430074457,24.44444444444443,-0.08290812155822413,-0.055169712292039236,1.6133775860159967,1.0826224139840035,0.04265837886214606,0.03276632123593607,0.03839877462595578,34624630.0,-1.3414848079089137,0,0,-1,0,0,0.018518518518518535,1.4165279298070688,0.9315496233996264,0.5201492242124484,-0.08593750000000011,-0.21476510067114096,1.663041446554259,0.1618803418803419,0.0
2024-08-09,1.13,1.17,0.03571808260207903,-0.05206478094761437,0.009216655104924048,-0.5535427621122346,-0.03478611608541554,1.228,1.3295,1.373,4,9,8,1.210241242395925,1.3321089918456752,19.148936170212735,-0.08614541321387326,-0.061364852476406044,1.6017595510899132,1.0572404489100866,0.04264255129986295,0.03284565912104875,0.03858423626561663,34496723.0,-1.4655133250705723,0,0,-1,0,0,-0.025641025641025664,0.12031676121077418,0.9347162060022568,0.5214086740937721,-0.08870967741935487,-0.2466666666666667,1.6913282966869059,0.10176991150442478,0.0
2024-08-12,1.1,1.13,-0.01769957709940075,-0.038404448877255054,-0.027908788117076616,-0.015132647678095086,-0.026907452919924156,1.2,1.3094999999999999,1.3590000000000002,0,12,8,1.1901973801421204,1.3171342181782124,17.999999999999986,-0.09009320111258545,-0.06711052220364193,1.5877255805744692,1.0312744194255306,0.042153141470132445,0.032805600843337064,0.034577728710513185,34370737.0,-1.5059722371137287,0,0,-1,0,0,-0.008849557522123706,0.11242342497549096,0.8114209384987803,0.520772768649124,-0.04347826086956508,-0.2666666666666666,2.204280134622792,0.09054545454545446,0.0
2024-08-13,1.1,1.1,0.008888947417245774,-0.025857485341114244,-0.019048194970694474,-0.19349289534257647,0.0,1.1720000000000002,1.2885,1.3476666666666663,1,13,8,1.1737978564799165,1.3031255589409085,19.14893617021275,-0.09215949418294311,-0.07212031659950217,1.5632074999487813,1.0137925000512187,0.042153141470132445,0.032334191239791775,0.033671228772426114,34370737.0,-1.3723687925167347,0,0,-1,0,0,0.027272727272727094,-0.23763385336485782,0.7754430065512496,0.5132893731893537,-0.009009009009009028,-0.2763157894736842,1.8790955946248258,0.08181818181818168,0.0
2024-08-14,1.08,1.1,-0.03603993648319669,-0.026907452919924156,0.0,-0.4061973982819507,-0.01834913866819654,1.144,1.2680000000000002,1.3359999999999999,2,14,8,1.1567437007562953,1.2887303615898822,18.749999999999986,-0.09432357571461436,-0.0765609684225246,1.5405783325398752,0.9954216674601253,0.0420997895903185,0.03232545137190996,0.03371702091768569,34301573.0,-1.3794199872618123,0,0,-1,0,0,-0.009090909090909097,-0.8083457317816962,0.7590263819220195,0.5131506320879127,0.0,-0.27516778523489926,1.8669496242421046,0.0555555555555556,0.0
2024-08-15,1.05,1.08,0.0,-0.008490487851764721,0.009569451016150672,0.5623714743101377,-0.028170876966696335,1.121,1.25,1.3226666666666667,3,15,8,1.1373357551642416,1.273328402777632,17.64705882352939,-0.09733733103755182,-0.08071624094553005,1.5305258220626154,0.9694741779373846,0.0401841059518631,0.031212935127748972,0.03360712199121172,34180202.0,-1.425893691564397,0,0,-1,0,0,0.009259259259259267,0.02989665134352647,0.20985248990920904,0.49548998421849516,-0.10256410256410242,-0.25531914893617014,1.3020604091555403,0.03876190476190472,0.0
2024-08-16,1.3,1.05,-0.027908788117076616,0.28474386447992284,0.009478743954543739,2.759173259118703,0.2135741002980591,1.127,1.2449999999999999,1.3166666666666667,4,16,8,1.1669110724071068,1.2750491509855268,44.736842105263165,-0.07864625807361336,-0.08030224437114672,1.5177250398665711,0.9722749601334286,0.09016797941384841,0.06451995331053938,0.05628054906136048,36096260.0,0.40333663551325183,0,0,-1,0,0,0.009523809523809532,4.204414948070556,1.8275093940058613,1.0242225063671144,0.15044247787610643,-0.07142857142857129,2.1855051054939514,0.29999999999999993,0.0
2024-08-19,1.34,1.3,0.29238796348919355,0.053704178971861166,0.18859116980754997,-0.776464892231259,0.030305349495329058,1.146,1.241,1.3116666666666668,0,19,8,1.1983817865149056,1.2792395283412994,47.50000000000001,-0.059915118195045025,-0.07622481913592638,1.5051291550134487,0.9768708449865515,0.08571424718468824,0.0648422405349176,0.05659271240686854,36977703.0,0.7496332617651331,0,0,-1,0,0,0.09230769230769222,1.4624919724210543,1.7534138591442634,1.0293386574457428,0.21818181818181825,-0.05633802816901401,2.018860503896558,0.18656716417910446,0.0
2024-08-20,1.31,1.34,-0.07302513501488977,-0.09596398826174384,-0.04637121718212231,-1.3670834744851454,-0.02264247674975989,1.166,1.2355,1.308,1,20,8,1.2186760071485592,1.2812240748999253,46.913580246913575,-0.04695009272670725,-0.07036987385408255,1.4882720004516519,0.9827279995483481,0.08494643203411802,0.06501547125831651,0.05609635359311448,36753068.0,0.5894640218606786,0,0,-1,0,0,-0.01492537313432837,-0.08136453006849136,1.7959621889018447,1.0320886099270388,0.19090909090909092,-0.07746478873239426,2.0158364516165648,0.12824427480916026,0.0
2024-08-21,1.31,1.31,-0.007604599385219304,-0.029199154692262124,-0.05206885563113032,0.6674200779865872,0.0,1.189,1.2315,1.3056666666666665,2,21,8,1.2352803694851848,1.2830805861967043,52.05479452054795,-0.03625726544836083,-0.0635473521729382,1.4763866547732132,0.9866133452267869,0.08371886424456407,0.06486336491016342,0.05586627215451353,36753068.0,0.6411129268983482,0,0,-1,0,0,0.0,0.37200003187238007,1.7631265667496383,1.0296739965067552,0.21296296296296302,-0.05755395683453224,2.0073992533050067,0.14503816793893143,0.0
2024-08-22,1.2,1.31,-0.03891541624967361,-0.0454623740767574,0.033901551675681416,-1.189452265352382,-0.08770558041910557,1.192,1.2225,1.296,3,22,8,1.228865756851515,1.2777205483775622,47.5,-0.036241434783578,-0.05808616869506617,1.4574356014824301,0.9875643985175697,0.08682839955849371,0.06745969104887359,0.05576989527617423,36619789.0,-0.1915418511117621,0,0,-1,0,0,-0.038167938931297746,-0.3468784128787688,1.9427064702094685,1.0708893962194173,0.1428571428571428,-0.13043478260869557,1.5710091135293602,0.07500000000000007,0.0
2024-08-23,1.32,1.2,-0.007968169649176845,0.1574674324532523,-0.05129329438755058,2.507116085840901,0.09531017980432493,1.2109999999999999,1.2195,1.29,4,23,8,1.2454356192421485,1.2804482549338487,60.2409638554217,-0.026243374464633096,-0.051717609848979565,1.4473942506415878,0.9916057493584123,0.09029904032976535,0.07143768514168014,0.05899946802446945,38255055.0,0.8819880248585799,0,0,-1,0,0,0.041666666666666706,2.4587570691250713,1.0760661258066762,1.134038094738118,0.01538461538461533,-0.04347826086956508,0.20877103202494623,0.2803030303030304,0.0
2024-08-26,1.41,1.32,0.04688358589885046,0.006600684031352093,0.1389988748066563,-1.0566755497658464,0.06595796779179737,1.242,1.221,1.287,0,26,8,1.275356415743576,1.2888064320348909,67.04545454545453,-0.010931579349053866,-0.043560403748994427,1.453686823641871,0.9883131763581291,0.08995805092959558,0.07304596924171397,0.060403619875557764,38823489.0,1.6245010958668664,0,0,-1,0,0,-0.007575757575757582,0.36993305974115986,1.162107442776013,1.159568813335491,0.05223880597014907,0.021739130434782705,-0.09658960212549246,0.14893617021276595,0.0
2024-08-27,1.39,1.41,0.09461597637484892,-0.033788127981350065,0.05205636195605313,-1.484461367605868,-0.014285957247476541,1.2710000000000001,1.2215,1.2826666666666666,1,27,8,1.2962007037901984,1.2953350493229625,67.816091954023,-0.0004060238670582361,-0.03492952777260719,1.4556636854440792,0.987336314555921,0.09056665934744423,0.0731496928519778,0.060396369186048245,38694668.0,1.4391642297604645,0,0,-1,0,0,0.02127659574468087,-0.4835839151527773,1.1480256441447354,1.1612153746025542,0.061068702290076216,0.007246376811594235,-0.18802587603145204,0.0643884892086332,0.0
2024-08-28,1.25,1.39,-0.04255961441879601,-0.03461750994594625,-0.09893994785490354,0.9756527056258255,-0.10616019582839055,1.2879999999999998,1.216,1.2746666666666664,2,28,8,1.287800575828344,1.2924102074311585,54.34782608695652,-0.0033229701547587975,-0.02860821624903751,1.4414726030777338,0.9905273969222661,0.0985559513351988,0.0766730935105322,0.06300033365463323,38352919.0,0.30158874768725846,0,0,-1,0,0,-0.007194244604316554,-0.0964718159892751,1.4166794919382448,1.2171476260732113,-0.04580152671755733,-0.08088235294117652,0.16889964342776864,0.1356,0.0
2024-08-29,1.27,1.25,-0.06744128079553253,-0.06535134405036556,0.007968169649176881,-1.2083981028647541,0.015873349156290163,1.31,1.2155,1.27,3,29,8,1.2845641074959178,1.2909643875968904,57.77777777777779,-0.003975016731677883,-0.02368157634556559,1.4404186987656626,0.9905813012343374,0.09722032161651883,0.07555134706162107,0.06238849042025666,38454991.0,0.4846195563027174,0,0,-1,0,0,0.03200000000000003,-0.5555125628258587,1.2370528366272435,1.1993404532458791,0.05833333333333335,-0.0078125,-0.6396873613495949,0.054881889763779605,0.0
2024-08-30,1.24,1.27,-0.01562531790308087,-0.02443694850151172,-0.05715841383994864,0.8295785641194995,-0.02390552085355448,1.304,1.2155,1.2646666666666668,4,30,8,1.2764615424966599,1.2876763625906396,57.77777777777777,-0.006833742491581418,-0.02031200957476876,1.4404186987656626,0.9905813012343374,0.06166000724805014,0.07539300905593502,0.06251042706091255,38221006.0,0.21785649778745986,0,0,-1,0,0,0.0,-0.3049911518361718,0.979140168433079,1.1968269153290678,-0.06060606060606066,0.0,-0.3801674922685846,0.08677419354838721,0.0
2024-09-03,1.23,1.24,-0.04839654086185021,-0.041380874462340435,0.00836824967051658,-0.7383308040041685,-0.008097210232619362,1.2929999999999997,1.2195,1.2583333333333333,1,3,9,1.268013989315449,1.2839553069396306,57.14285714285714,-0.009793328286473502,-0.018208273317109707,1.4423499613304083,0.9966500386695918,0.06050951834113205,0.07336346315591187,0.062439418340418384,38109182.0,0.09423380589626523,0,0,-1,0,0,-0.024193548387096794,-0.5295407029639261,0.7016221530915334,1.1646088729739557,-0.12765957446808507,0.06956521739130439,-1.6064001704529862,0.03658536585365866,0.0
2024-09-04,1.23,1.23,-0.008298802814695066,0.023810648693718392,-0.00836824967051658,0.3022855375789833,0.0,1.285,1.2255,1.252,2,4,9,1.2611023548944582,1.2804743193951382,58.42696629213483,-0.012000487205132693,-0.016966716094714306,1.442316682213376,1.0086833177866241,0.06028559476481869,0.07276193829448654,0.062439418340418384,38109182.0,0.041509721060774864,0,0,-1,0,0,-0.024390243902439046,-0.4586826007451116,0.7237003935042616,1.1550599618294317,-0.1151079136690647,0.10810810810810789,-1.7045819867881031,0.06910569105691054,0.0
2024-09-05,1.23,1.23,0.04879016416943204,-0.003929278139889438,0.01658440444185707,-0.7242555792845321,0.0,1.277,1.233,1.2466666666666666,3,5,9,1.255447381277284,1.2772179116922262,60.46511627906977,-0.013592985079237563,-0.01629196989161896,1.4387182539343657,1.0272817460656345,0.06028559476481869,0.0723369648460358,0.06234720746372234,38109182.0,-0.02916610405372452,0,0,-1,0,0,0.024390243902439046,-0.6035649561490307,0.2286458059647355,1.1483137174789946,-0.016000000000000014,0.13888888888888884,-0.22938070646934852,0.04886178861788621,0.0
2024-09-06,1.2,1.23,-0.048790164169432056,-0.02390552085355448,-0.00821615477134053,0.47755729457210844,-0.02469261259037152,1.277,1.2345000000000002,1.2406666666666668,4,6,9,1.2453660392268686,1.272236110937889,42.18749999999999,-0.01707892517912879,-0.016449360949120924,1.4387160878288476,1.0302839121711527,0.054212395375627706,0.07048485141772859,0.062472544689734136,37990966.0,-0.3378773961130277,0,0,-1,0,0,-0.024390243902439046,-0.5045160846321803,0.19263175201392366,1.1189123282918898,-0.055118110236220486,0.025641025641025772,-0.3133715287748421,0.03333333333333337,0.0
2024-09-09,1.18,1.2,0.0,-0.01626052087178029,-0.025317807984289897,-0.10370202990869247,-0.01680711831638129,1.263,1.2369999999999999,1.2340000000000002,0,9,9,1.2334813048219835,1.2662853941031866,37.09677419354838,-0.02121088479950939,-0.017401665719198618,1.4370105260433037,1.036989473956696,0.041734010548108574,0.07010025126636046,0.06252007401472251,37884395.0,-0.569970002355366,0,0,-1,0,0,0.0,-0.5243048969691122,0.16932886011591233,1.1128069901635826,-0.048387096774193616,0.04424778761061954,-0.5180336885847359,0.04237288135593224,0.0
2024-09-10,1.18,1.18,0.0,-0.016529301951210582,0.00851068966790861,-0.744405411219166,0.0,1.2399999999999998,1.241,1.2273333333333334,1,10,9,1.2237574312179864,1.2607185944836263,38.983050847457626,-0.024206455615482625,-0.018762623698455418,1.4324927510012146,1.0495072489987856,0.03188698705465331,0.06973523294191919,0.06252007401472251,37884395.0,-0.6370998346523654,0,0,-1,0,0,0.0169491525423729,-0.6220016527334584,0.18367975130929157,1.107012503900864,-0.04065040650406504,0.07272727272727253,-0.854895101965252,0.0169491525423729,0.0
2024-09-11,1.2,1.18,-0.01680711831638129,0.016529301951210506,-0.00851068966790862,0.8374174275598426,0.01680711831638119,1.2209999999999999,1.246,1.2213333333333334,2,11,9,1.2194378982692615,1.2568012658072634,40.983606557377044,-0.02468211416799182,-0.019946521792362698,1.4269216172289787,1.0650783827710213,0.03367980646185463,0.0697658857414117,0.0626287436350598,38001354.0,-0.5085075040179566,0,0,-1,0,0,0.0,-0.4965845151556436,0.25642351904013283,1.1074991020075347,-0.024390243902439046,0.09090909090909083,0.13714063794000564,0.041666666666666706,0.0
2024-09-12,1.26,1.2,0.04149973090675284,0.04016604172533465,0.041847109935500504,-0.3957991688369411,0.04879016416943204,1.222,1.2550000000000001,1.2180000000000002,3,12,9,1.2268128258566684,1.257007635755182,55.35714285714286,-0.01998717868442501,-0.01995465317077516,1.41819184706709,1.0918081529329102,0.022431519233563145,0.07016098247249303,0.06331936437154267,38080084.0,0.061277571028953905,0,0,-1,0,0,0.025000000000000022,-0.5710639014873479,0.47130541714541,1.1137710681730693,0.024390243902439046,0.16666666666666652,0.8798243517853639,0.039682539682539715,0.0
2024-09-13,1.28,1.26,0.016129381929883717,0.007843177461025879,0.016260520871780326,-0.24056871994922252,0.015748356968139112,1.2229999999999999,1.2665000000000002,1.218,4,13,9,1.2364832211554557,1.2584910140935575,45.65217391304348,-0.014485594716565853,-0.0188608414799333,1.3982533580984526,1.1347466419015477,0.022422131201057793,0.06960360286055856,0.062418336581162616,38141980.0,0.20492836303894443,0,0,-1,0,0,-0.007936507936507943,-0.5956943462930241,0.3922075067059862,1.1049229411388515,0.06666666666666665,0.21904761904761894,0.5729519193901068,0.03125000000000003,0.0
2024-09-16,1.24,1.28,0.031498667059371016,0.007782140442054949,-0.008097210232619362,0.4103216772326469,-0.0317486983145803,1.2229999999999999,1.2635,1.218,0,16,9,1.2371226354908273,1.2572980454423603,29.268292682926855,-0.013201042095404736,-0.017728881603027588,1.3947731182715863,1.1322268817284138,0.02345891559278965,0.04543527967728238,0.062418336581162616,38048684.0,-0.35803217459010556,0,0,-1,0,0,0.007812500000000007,-0.49850100270534375,0.4684897279654927,0.7212627046485373,0.05084745762711873,-0.04615384615384621,-0.16109369161089582,0.04838709677419359,0.0
2024-09-17,1.23,1.24,-0.047628048989254705,-0.02353049741019416,-0.016393809775676383,-0.21208175986750596,-0.008097210232619362,1.2229999999999999,1.258,1.2206666666666668,1,17,9,1.2358276108561315,1.2555368812202727,30.000000000000014,-0.012841907795686947,-0.01675148684155946,1.3849231014670302,1.1310768985329698,0.02345891559278965,0.044814879253377383,0.06086060925804288,37973217.0,-0.4412120358920377,0,0,-1,0,0,-0.008064516129032265,-0.4702389619670415,0.48295057336521136,0.7114141532389472,0.04237288135593231,-0.08208955223880599,0.0427116895785694,0.040650406504065074,0.0
2024-09-18,1.22,1.23,0.008097210232619303,-0.007968169649176845,-0.011721319616024947,0.24433343469511468,-0.008163310639160981,1.222,1.2535,1.2243333333333335,2,18,9,1.232949863427744,1.2532441792060616,44.44444444444444,-0.01321190903897751,-0.01604357128104307,1.3790346460950975,1.1279653539049026,0.023608755044475484,0.044608445883209676,0.060469550639905556,37876863.0,-0.533717201458831,0,0,-1,0,0,0.008130081300813016,-0.39160109347981353,0.48875238372991875,0.7081371250803351,0.016666666666666607,-0.06870229007633588,0.7886948778125488,0.044344262295081996,0.0
2024-09-19,1.23,1.22,0.008032171697264253,0.007174203748000233,-0.004945732869186742,0.47787699887076607,0.008163310639160835,1.222,1.2494999999999998,1.2293333333333334,3,19,9,1.2324135246226995,1.2517445547411545,42.30769230769231,-0.012553512189259264,-0.015345559462686311,1.3725275963980652,1.1264724036019345,0.023772387908249426,0.04467122725419497,0.06017147418808477,38032248.0,-0.3170020478479656,0,0,-1,0,0,0.024590163934426253,-0.18766464581523587,0.2881080169393907,0.7091337484479038,-0.023809523809523836,-0.06106870229007644,-0.5603740545601728,0.056097560975609716,0.0
2024-09-20,1.16,1.23,-0.024292692569044587,-0.031466896317044836,-0.060624621816434736,1.0614754899018124,-0.05859416426605294,1.218,1.2475,1.229,4,20,9,1.219247429236754,1.2458255512094674,36.666666666666664,-0.017478659817665276,-0.015772179533682103,1.3751302224632236,1.1198697775367765,0.029136999730037208,0.042417019266137064,0.059397050976399086,37583087.0,-1.3711485933547303,0,0,-1,0,0,-0.008130081300813016,0.5944017588960653,0.4019423307897217,0.6733493060090049,-0.09375000000000011,-0.033333333333333326,-0.8170971546573315,0.08620689655172403,0.0
2024-09-23,1.16,1.16,-0.05043085362689197,-0.033336420267591836,-0.05505977718302743,-0.5872293363964104,0.0,1.2159999999999997,1.2395,1.23,0,23,9,1.208475169375526,1.240288418873373,37.93103448275862,-0.02113820670809541,-0.016845384968564765,1.3680506248903428,1.1109493751096573,0.028742413560301446,0.0351813717179139,0.05901945580103725,37583087.0,-1.236866799641244,0,0,-1,0,0,0.0,0.5917928177514338,0.40429480320011796,0.5584869620863284,-0.06451612903225812,-0.12121212121212133,-1.837532404416118,0.10344827586206887,0.0
2024-09-24,1.17,1.16,0.0,-0.00851068966790862,0.0727593542824281,-0.7398024298311783,0.008583743691391435,1.2149999999999999,1.2275,1.2323333333333333,1,24,9,1.2014796840345212,1.235753682171865,39.99999999999999,-0.022966761032984007,-0.018069660181448614,1.3314989878580041,1.123501012141996,0.0289156153070446,0.0308385818942765,0.058772566984221286,37702233.0,-1.105779992368931,0,0,-1,0,0,0.0,-0.26421586929696367,0.43338550993719654,0.4895473108689288,-0.04878048780487809,-0.17021276595744683,-1.902758878330096,0.025641025641025664,0.0
2024-09-25,1.12,1.17,0.025533302005164845,0.016949558313773205,-0.035718082602079114,-0.6017864777259,-0.04367506350266142,1.207,1.214,1.233,2,25,9,1.1866651960282446,1.228285702676906,34.285714285714306,-0.02812626358344672,-0.020080980861848237,1.2971991902903233,1.1308008097096767,0.031004508384411728,0.03174747971982226,0.05937791527939803,37636961.0,-2.2596373756039516,0,0,-1,0,0,0.01709401709401711,-0.7564507647246841,0.49150108651811175,0.5039756165502974,-0.08196721311475397,-0.19424460431654667,-0.6722291437233578,0.08035714285714272,0.0
2024-09-26,1.09,1.12,-0.06959329179919511,-0.05617027146705447,-0.0370412716803491,1.019342542114234,-0.02715098906595086,1.19,1.206,1.2333333333333334,3,26,9,1.169089705841291,1.2193640444396865,34.285714285714306,-0.034241244059354026,-0.022913033501349395,1.3040654990660432,1.1079345009339567,0.024245020337816447,0.024022917780354147,0.059500345377011064,37456068.0,-2.3657657607366764,0,0,-1,0,0,-0.008928571428571435,0.50740349954594,0.44057252998477664,0.3813519972778131,-0.11382113821138207,-0.1279999999999999,0.04375778842152397,0.05963302752293573,0.0
2024-09-27,1.11,1.09,0.008968669982760316,0.004434597067865554,0.027908788117076658,-1.1230668054105812,0.018182319083190547,1.1729999999999998,1.198,1.2353333333333334,4,27,9,1.1583461229610563,1.2123082996371262,40.00000000000003,-0.03704652797569907,-0.02573973239621933,1.3001041779737987,1.0958958220262012,0.024595391596386865,0.02414437868877192,0.059302620471517964,37514909.0,-1.7237296601630103,0,0,-1,0,0,0.027522935779816536,-0.7926997180359082,0.4041474482234386,0.3832801294239496,-0.04310344827586188,-0.12598425196850382,-0.5346187464059307,0.03603603603603586,0.0
2024-09-30,1.12,1.11,0.008888947417245774,0.017196423058428997,-0.009216655104924063,0.11800772145123903,0.008968669982760316,1.161,1.192,1.2293333333333332,0,30,9,1.1513741006045006,1.2063529254669891,41.666666666666686,-0.03802449653721496,-0.02819668522441846,1.297750451046548,1.0862495489534518,0.02472916650605553,0.02402381322154842,0.03948159751142821,37581120.0,-1.361696319731206,0,0,-1,0,0,0.018018018018017834,-0.6372815060978796,0.4208159510824054,0.3813662119660955,-0.0344827586206895,-0.09677419354838701,-0.7075903437479101,0.062142857142857034,0.0
2024-10-01,1.1,1.12,-0.03603993648319669,-0.02608537047567481,-0.028170876966696335,0.6007100350629053,-0.018018505502678365,1.1480000000000001,1.1855,1.2213333333333334,1,1,10,1.1420333550400459,1.199491446404603,36.11111111111114,-0.03995282522173915,-0.030547913223882596,1.2972280533104805,1.0737719466895195,0.02484444520593059,0.024193045362522283,0.03899167531363962,37460390.0,-1.5305019190194684,0,0,-1,0,0,-0.02678571428571431,-0.04054506899866607,0.401595531741391,0.38405268891923067,-0.05982905982905973,-0.10569105691056901,0.12325309508923527,0.06363636363636369,0.0
2024-10-02,1.08,1.1,0.0,-0.008968669982760375,0.02817087696669644,-0.8768645590678875,-0.01834913866819654,1.134,1.1780000000000002,1.2136666666666664,2,2,10,1.130754563214583,1.1917823208301124,21.875000000000014,-0.04260376279255751,-0.03295908313761758,1.2970488621565175,1.0589511378434828,0.02492653119809642,0.02432506238406311,0.03893756462530391,37410156.0,-1.6463828082818022,0,0,-1,0,0,-0.009090909090909097,-0.7528616021909305,0.3107901255496192,0.3861483941661776,-0.0357142857142857,-0.12195121951219501,0.5772858346383717,0.0277777777777778,0.0
2024-10-03,1.06,1.08,-0.018519047767237527,-0.009049835519917927,-0.01869213301215252,0.024501294451517396,-0.01869213301215252,1.117,1.1695,1.2053333333333334,3,3,10,1.1178900971755679,1.1832802356152665,15.625000000000014,-0.045790636811944285,-0.03552539387248292,1.2968990828758398,1.0421009171241602,0.023954376410111455,0.024428920232223247,0.03899119118138123,37358676.0,-1.7190076651763033,0,0,-1,0,0,-0.009259259259259267,-0.7218555565875507,0.2819970718066744,0.3877970863937818,-0.02752293577981657,-0.1382113821138211,0.7624722860461214,0.03773584905660381,0.0
2024-10-04,1.08,1.06,0.0,-0.01834913866819654,0.0,-0.3642795433239517,0.018692133012152546,1.1090000000000002,1.1635,1.2013333333333334,4,4,10,1.1110009885981917,1.17661699460783,23.333333333333343,-0.046170203216741035,-0.03765435574133455,1.2960498913089982,1.0309501086910018,0.020829979005173156,0.024732911070437655,0.03635863229219165,37394439.0,-1.2599029569227782,0,0,-1,0,0,0.009433962264150952,-0.8308326311180485,0.2847674007534957,0.39262279134632616,-0.027027027027027084,-0.09999999999999987,0.7765203921631785,0.018518518518518535,0.0
2024-10-07,1.09,1.08,0.00930239266231363,0.04357376049260926,0.0,1.027245836190423,0.009216655104924048,1.102,1.159,1.1936666666666667,0,7,10,1.1071826270348841,1.171028801407325,26.666666666666686,-0.04514370734338513,-0.03915222606174467,1.295250543221425,1.022749456778575,0.02137069673395995,0.024766536299361895,0.030865321589574633,37494338.0,-1.0128399985586258,0,0,-1,0,0,0.0,-0.1473123812473539,0.28556602106802376,0.39315657530739306,-0.0267857142857143,-0.07627118644067787,0.7673642915087349,0.06247706422018353,0.0
2024-10-08,1.08,1.09,0.009216655104924048,-0.03435710538768531,-0.00947874395454377,0.21331958010863272,-0.009216655104924063,1.0930000000000002,1.1540000000000001,1.1826666666666668,1,8,10,1.1022403312103597,1.1651559755100782,26.666666666666686,-0.044622735279150616,-0.04024632790522586,1.294285423340483,1.0137145766595173,0.02075010748326906,0.024780030919063337,0.027512803832200186,37370685.0,-1.054992004698831,0,0,-1,0,0,0.0,0.06653205530516162,0.26757141058565337,0.3933707957539975,-0.018181818181818188,-0.08474576271186429,0.5831574894534308,0.03703703703703707,0.0
2024-10-09,1.08,1.08,-0.009216655104924063,-0.009216655104924063,0.0,-0.590806107271438,0.0,1.089,1.1480000000000001,1.1723333333333334,2,9,10,1.0981966346266578,1.1596620416062022,24.137931034482776,-0.04370604508319298,-0.04093827134081929,1.2902525552512285,1.0057474447487718,0.0167692570849461,0.02430671232671227,0.027533105972826703,37370685.0,-0.9560460953394772,0,0,-1,0,0,0.0,-0.4959340825729069,0.233953606370647,0.385857096036413,0.0,-0.09999999999999987,0.021024880560588138,0.0277777777777778,0.0
2024-10-10,1.08,1.08,0.0,0.0,0.0,-0.3158708878092832,0.0,1.088,1.139,1.1666666666666667,3,10,10,1.094888155603629,1.1545225550509635,31.818181818181856,-0.04248976592586784,-0.041248570257829,1.2740087716516,1.0039912283484,0.014641360858652143,0.020651681033632085,0.02126409168435748,37370685.0,-0.8740172846287912,0,0,-1,0,0,0.0,-0.6725075253095858,0.16913209565731477,0.32783527302251897,0.018867924528301883,-0.1428571428571428,0.4488567440601942,0.0277777777777778,0.0
2024-10-11,1.13,1.08,-0.01869213301215252,0.05844359587007458,0.009478743954543739,0.8214145875009818,0.04525659158812065,1.09,1.1315,1.162,4,11,10,1.1012721273120598,1.152940454725095,44.444444444444436,-0.03706402281484822,-0.040411660769232846,1.249067449853182,1.013932550146818,0.020286803577015695,0.023399375697565145,0.02293216498510291,37484232.0,-0.025517266928444107,0,0,-1,0,0,-0.018518518518518535,-0.027962676914291884,0.34442606425740957,0.37145357357955544,0.04629629629629606,-0.11718750000000011,1.7483688132392974,0.07522123893805308,0.0
2024-10-14,1.12,1.13,0.05505977718302739,-0.013187004281953914,0.018692133012152546,-0.46464753542723386,-0.008888947417245815,1.09,1.1255000000000002,1.158,0,14,10,1.1046771950735035,1.1508152640976697,40.740740740740755,-0.03318842325134441,-0.038967013265655166,1.2314245014235314,1.019575498576469,0.02038412896594162,0.02264872938097103,0.02264490441498232,37412884.0,-0.10384755039834866,0,0,-1,0,0,-0.008849557522123706,-0.46383290619090733,0.36768969627967085,0.3595374327219073,0.02752293577981657,-0.09677419354838701,2.027173349015631,0.04464285714285698,0.0
2024-10-15,1.1,1.12,-0.018018505502678365,-0.017857617400006236,-0.01869213301215252,0.6143989291417365,-0.018018505502678365,1.09,1.1190000000000002,1.1536666666666666,1,15,10,1.10382679596923,1.1475368599623363,45.83333333333333,-0.031369210792743685,-0.03744745277107287,1.2132337519248009,1.0247662480751996,0.02038412896594162,0.022827470663735295,0.022788482809953724,37280994.0,-0.40325254193767635,0,0,-1,0,0,-0.01785714285714287,0.14908922498101254,0.3939780392837149,0.36237486262119684,0.0185185185185186,-0.10569105691056901,1.73304357740162,0.04545454545454549,0.0
2024-10-16,1.12,1.1,0.009049835519917856,0.008968669982760316,0.018692133012152546,-0.650880782729198,0.01801850550267843,1.094,1.114,1.15,2,16,10,1.1067673785202792,1.1457602883518632,56.521739130434796,-0.02799097640731274,-0.03555615749832085,1.1954086507865007,1.0325913492134995,0.019983286631622486,0.02340782779358171,0.023123128823704046,37349786.0,0.14740448200610495,0,0,-1,0,0,0.009090909090909097,-0.5055593231957584,0.4036139935481947,0.37158774644425785,0.03703703703703698,-0.08196721311475397,0.9657514189528794,0.03571428571428574,0.0
2024-10-17,1.08,1.12,-0.009049835519917927,-0.009329095288518562,0.0,-0.3257064630689934,-0.03636764417087483,1.096,1.1065,1.145,3,17,10,1.101900582425683,1.1415176891033558,43.99999999999999,-0.028216109280182478,-0.03408814785469318,1.1681526774228508,1.0448473225771493,0.022677415179280718,0.024247447854107682,0.023877904404082037,37300117.0,-0.8596544743141386,0,0,-1,0,0,-0.01785714285714287,-0.6475665255735955,0.5110618776259872,0.3849163016998542,0.0,-0.12195121951219501,0.6016505013099762,0.027407407407407266,0.0
2024-10-18,1.08,1.08,0.0,-0.00868941021415981,-0.01869213301215252,0.8861691668699456,0.0,1.096,1.1025,1.1409999999999998,4,18,10,1.0979186583482858,1.1375488059353973,41.66666666666665,-0.02807094433123214,-0.03288470715000097,1.1597620936593218,1.0452379063406783,0.021898937110456054,0.02112092515271724,0.023574749259536933,37300117.0,-0.7858601934418505,0,0,-1,0,0,0.018518518518518535,0.49009538581320117,0.3186646965713126,0.3352842924821924,-0.044247787610619316,-0.06896551724137923,0.016324780980991178,0.03703703703703707,0.0
2024-10-21,1.07,1.08,-0.009132483563272587,-0.009132483563272587,-0.019048194970694474,-0.4555282004922949,-0.009302392662313561,1.0939999999999999,1.098,1.1373333333333333,0,21,10,1.0928425386485974,1.1331908184556945,43.478260869565204,-0.028435035105345285,-0.031994772741069835,1.1501536192591533,1.045846380740847,0.021831961992721628,0.021144991946814202,0.023467783846738702,37223714.0,-1.073750984025368,0,0,-1,0,0,0.009259259259259267,-0.25787281071357326,0.31867810993650625,0.33566634099440334,-0.044642857142857206,-0.0775862068965516,0.036727998139536776,0.04672897196261686,0.0
2024-10-22,1.05,1.07,-0.03738753207162033,-0.027908788117076616,-0.009661910911736859,0.0589825935468863,-0.018868484304382805,1.091,1.092,1.1329999999999998,1,22,10,1.0850529861670342,1.127823668877908,43.478260869565204,-0.029991687021184932,-0.03159415559709286,1.1362956574055258,1.0477043425944743,0.02239714487793303,0.021181343814925088,0.02363321855099318,37142669.0,-1.8963484214938275,0,0,-1,0,0,-0.018691588785046745,-0.08621125555792525,0.32020221190792386,0.33624340901068744,-0.045454545454545525,-0.10256410256410242,0.06647045016931157,0.028571428571428595,0.0
2024-10-23,1.02,1.05,-0.028987536873252298,-0.019048194970694474,-0.019608471388376313,-0.26078244507039244,-0.028987536873252298,1.085,1.0870000000000002,1.127,2,23,10,1.0732251705003006,1.1208673031438496,41.66666666666665,-0.033262662886629935,-0.03192785705500028,1.1397556432674987,1.0342443567325017,0.023808072051670296,0.020067217997916758,0.02372866093978469,37080228.0,-2.5400126261478904,0,0,-1,0,0,-0.028571428571428595,-0.5847656584770484,0.22803958775244318,0.31855720996444326,-0.0892857142857143,-0.0892857142857143,0.1219359770187714,0.029411764705882377,0.0
2024-10-24,1.08,1.02,-0.009852296443011594,0.05608946665104358,0.0,0.8545151621012932,0.05715841383994862,1.085,1.0865000000000002,1.1209999999999998,3,24,10,1.0744569576820642,1.1182307029410206,50.0,-0.030660006793897354,-0.031674287002779695,1.13932543248872,1.0336745675112804,0.0313694330242166,0.023834563286935822,0.024478401188948666,37226979.0,-0.2460935838580467,0,0,-1,0,0,-0.00980392156862746,1.9580974922059515,0.5447630814417359,0.37836196239037445,0.0,-0.00917431192660556,1.715503438993345,0.0833333333333334,0.0
2024-10-25,1.05,1.08,0.05770831762064677,-0.027651531330510123,0.019608471388376337,-0.9245083346775625,-0.028170876966696335,1.077,1.0835000000000001,1.1133333333333335,4,25,10,1.070010238103507,1.113828722106116,43.333333333333314,-0.03066464937886293,-0.03147235947799634,1.137507796725052,1.0294922032749483,0.027889666758206286,0.02417508041224177,0.024502313462351686,37168759.0,-1.2405616237427766,0,0,-1,0,0,-0.009259259259259267,-0.7334756974920943,0.5807465718779624,0.3837675041746834,-0.02777777777777779,-0.05405405405405406,1.9909482621870231,0.038095238095238126,0.0
2024-10-28,1.06,1.05,-0.028437935320533514,0.00930239266231363,-0.02457126073050543,0.691385065566546,0.009478743954543739,1.0710000000000002,1.0805000000000002,1.1073333333333333,0,28,10,1.0681901948119603,1.1103559013250763,46.66666666666666,-0.029521111240259135,-0.0310821098304489,1.1326031366036364,1.028396863396364,0.028353550096516113,0.024188250707951588,0.02419907622430924,37284994.0,-0.786900802381617,0,0,-1,0,0,-0.009523809523809532,0.9367824303016145,0.5875314409519636,0.38397657613753156,-0.009345794392523366,-0.0535714285714286,1.4393599005608542,0.07075471698113224,0.0
2024-10-29,1.05,1.06,0.01904819497069441,-0.01869213301215252,0.015109160188083481,-0.6995079706493602,-0.00947874395454377,1.066,1.078,1.1013333333333333,1,29,10,1.0648828866643312,1.1064619722073297,45.16129032258064,-0.029086474678786,-0.030682982800116325,1.1309547970267866,1.0250452029732136,0.028057152900755326,0.023978748789087467,0.024206480125717716,37227245.0,-1.0575057056997705,0,0,-1,0,0,0.0,-0.7278963048501053,0.5738215583226794,0.38065083627849977,0.0,-0.045454545454545525,1.330042299888516,0.037809523809523876,0.0
2024-10-30,1.03,1.05,-0.00947874395454377,0.009015838681620548,0.004595910891248924,-0.31627209212191804,-0.019231361927887644,1.057,1.0755000000000001,1.095,2,30,10,1.0585405436344528,1.1015289417423406,42.424242424242415,-0.030009919256791084,-0.030548370091451275,1.1326148427730545,1.0183851572269458,0.02720068118953519,0.024010158840416726,0.024337225903700452,37185154.0,-1.5932811084079888,0,0,-1,0,0,0.0,-1.175032085930919,0.5467554244854371,0.38114945538540973,0.009803921568627416,-0.04629629629629628,1.4352079598301646,0.04330097087378659,0.0
2024-10-31,0.98,1.03,-0.028987536873252298,-0.018494582636164415,-0.053812511164223496,1.2048894447370169,-0.04976150955906394,1.047,1.0715,1.0866666666666667,3,31,10,1.044260444791825,1.093688364855738,27.272727272727295,-0.03438002632780024,-0.03131470133872107,1.1426632667051573,1.0003367332948425,0.028901676270124504,0.025951180386267737,0.02542912568035129,37044722.0,-2.571551426358809,0,0,-1,0,0,-0.009708737864077678,1.5596372090436799,0.34185361278319937,0.41196221718384934,-0.09259259259259267,-0.07547169811320764,-0.08634725257199065,0.08030612244897958,0.0
2024-11-01,0.9794,0.98,-0.04000533461369925,-0.028987536873252298,-0.011910450984139797,-0.3645428565652765,-0.0006124323964005004,1.03694,1.0664700000000003,1.0806466666666668,4,1,11,1.0324676366478567,1.0863149219618196,28.072364316905805,-0.037459967465168775,-0.03254375456401061,1.148495852161908,0.9844441478380926,0.028880432285392044,0.02542379642380779,0.023651822673104735,36947190.0,-2.12298922120641,0,0,-1,0,0,0.0,0.26290461951736455,0.35242512321614905,0.40359025632317225,-0.06723809523809521,-0.0931481481481482,-1.068806353880679,0.06146620379824385,0.0
2024-11-04,1.02,0.9794,-0.005833307233321952,0.009756174945364656,-0.04944155360608373,-0.15106756209066596,0.04061776701009964,1.03194,1.0629700000000002,1.0759800000000002,0,4,11,1.0302007936209736,1.082036539899767,38.27667057444314,-0.0362073861059542,-0.03327648087239933,1.1467239529420201,0.9792160470579803,0.03305127291525366,0.027295946182923296,0.025139649250215196,37031047.0,-1.0261008224828958,0,0,-1,0,0,-0.005207269756994071,-0.1263765344591372,0.5183735456073332,0.43330971240130695,-0.037735849056603765,-0.06422018348623859,0.5215728902620649,0.11421568627450984,0.0
2024-11-05,0.9998,1.02,0.06525672770412273,0.00966191091173689,0.07535826535402756,-0.3174525272064872,-0.020002647298846755,1.02692,1.0589600000000001,1.0703066666666667,1,5,11,1.0246733765989784,1.076730956680427,32.396016403046275,-0.036424795170888924,-0.03390614373209725,1.1468579887306218,0.9710620112693784,0.033106959923786886,0.027525776096147928,0.02518419967890037,36969999.0,-1.346105886024445,0,0,-1,0,0,0.01960784313725492,-0.7357589954632736,0.5263097080622536,0.43695814916672254,-0.04780952380952386,-0.07425925925925925,0.7890492723981303,0.05501100220044013,0.0
2024-11-06,1.1,0.9998,0.028437935320533625,0.06513930217096145,0.02506396866321622,0.9143100007174197,0.09551019980699206,1.03492,1.05996,1.0696400000000001,2,6,11,1.038369126308255,1.07823218528169,52.49003984063744,-0.028186870134346398,-0.03276228901254708,1.1493089528212654,0.9706110471787345,0.04541993470957938,0.03601017507313665,0.030702579834016426,37122317.0,0.8962612036449148,0,0,-1,0,0,0.07021404280856175,1.7831237849140646,0.9206556983273793,0.5716438074685004,0.06796116504854366,0.0185185185185186,0.7547112480848569,0.09090909090909098,0.0
2024-11-07,1.1,1.1,0.027651531330510164,0.017857617400006253,0.019608471388376337,0.3797069411686517,0.0,1.03692,1.0609600000000001,1.0699733333333334,3,7,11,1.049574739706754,1.079636560424807,52.49003984063744,-0.021411437468857653,-0.030492118703809197,1.1516903326621997,0.9702296673378006,0.04184386035041484,0.03601017507313665,0.030288155617078205,37122317.0,0.8605721781127111,0,0,-1,0,0,0.0,2.7680880764902764,0.7619087940444117,0.5716438074685004,0.12244897959183687,0.0185185185185186,1.237532952465542,0.09090909090909079,0.0
2024-11-08,1.05,1.1,-0.027651531330510123,-0.026907452919924156,-0.02915888222021755,-0.21163778403195546,-0.04652001563489293,1.0369199999999998,1.0569600000000001,1.0679733333333334,4,8,11,1.0496520597600716,1.0777245242683677,47.735507246376805,-0.019847649056080163,-0.02836322477426339,1.1417328457128657,0.9721871542871346,0.04360591867838989,0.03584918962270562,0.03123410405453044,36942122.0,-0.16420352393440532,0,0,-1,0,0,-0.027272727272727296,1.6254333601262658,0.9068267191770496,0.5690882426692591,0.07208494996936898,-0.07079646017699104,0.8043452099535142,0.09485714285714297,0.0
2024-11-11,1.07,1.05,0.0,-0.009132483563272587,0.03882079313195436,-0.37164735805134624,0.018868484304382736,1.03792,1.0544600000000002,1.0663066666666667,0,11,11,1.0533516852582403,1.077226167863957,52.26449275362319,-0.01680083307392022,-0.026050746434194756,1.1342050780645485,0.9747149219354518,0.043919763771657815,0.0361539365218308,0.03140267669425239,37066384.0,0.38974192206373637,0,0,-1,0,0,0.019047619047619063,0.42453740236152043,0.8796318698836286,0.573925949716679,0.0490196078431373,-0.044642857142857206,1.242974047400333,0.04672897196261686,0.0
2024-11-12,1.17,1.07,-0.038099846232270404,0.07082605256861221,-0.009661910911736859,0.4588043999495167,0.08934510033584975,1.04992,1.05796,1.06864,1,12,11,1.074560469756742,1.083211576388863,64.65989053948397,-0.006245056072810007,-0.02208960836191781,1.1511346159341032,0.9647853840658969,0.052260460304923,0.04167801646231779,0.035639597746212844,37262989.0,2.4049468597592965,0,0,-1,0,0,-0.03738317757009349,1.7110026060369994,0.9917264616560831,0.6616180001864934,0.17023404680936172,0.06363636363636349,-0.030936689312827025,0.11965811965811958,0.0
2024-11-13,1.07,1.17,0.11020314013361425,-0.004282661792000736,0.019231361927887592,-0.7357764581573012,-0.08934510033584986,1.05392,1.05546,1.068306666666667,2,13,11,1.0737312934373342,1.0823592166218396,49.09354604786077,-0.0058808996637031985,-0.01884786662227489,1.1442034718236231,0.966716528176377,0.060263497372375546,0.046025079182655394,0.03895892549199385,37168789.0,0.3276860754084113,0,0,-1,0,0,-0.01709401709401711,-0.27080991782345065,1.0766789986170424,0.7306254815361727,-0.027272727272727337,-0.044642857142857206,0.4120250873226849,0.10747663551401868,0.0
2024-11-14,1.06,1.07,-0.053584246134106166,-0.048361071693421076,0.0,-0.3959720931341926,-0.009389740349839032,1.06192,1.0544600000000002,1.0683066666666667,3,14,11,1.071234694630546,1.0809166865172048,50.9405568096313,-0.006326293933904825,-0.01634355208460088,1.142486991086436,0.9664330089135644,0.05757773309997997,0.045360016575693884,0.03884105032295395,37105390.0,0.1258704843054337,0,0,-1,0,0,0.018691588785046745,-0.8920562134769617,1.0767088039668002,0.7200679399503219,-0.036363636363636376,-0.01851851851851849,0.5495155033252245,0.05660377358490571,0.0
2024-11-15,0.9525,1.06,-0.03738753207162033,-0.046091107200266976,-0.10008345855698265,0.9340162651034365,-0.10693408010525686,1.05923,1.048085,1.0640566666666667,4,15,11,1.049646568334083,1.072631738999966,41.456048323001106,-0.015178653616439997,-0.016110572390968705,1.146211991306625,0.9499580086933748,0.06748675153776257,0.05071545178365393,0.04289905973417883,36944058.0,-1.9481897636363448,0,0,-1,0,0,-0.009433962264150952,0.9636581853493305,1.2643104001632477,0.8050828382870125,-0.09285714285714286,-0.11805555555555558,0.3736550515824949,0.11548556430446204,0.0
2024-11-18,0.9446,0.9525,-0.12136085700426748,-0.04841759207360168,-0.032088314551500394,-0.40799415076331275,-0.008328549538839311,1.05169,1.0418150000000002,1.05921,0,18,11,1.0305471922733407,1.0643716268064198,41.59489633173843,-0.022571486374934224,-0.017402755187761812,1.149596382543052,0.9340336174569485,0.06584518766787148,0.050711689270702444,0.042841636112374605,36836775.0,-1.8039293560030003,0,0,-1,0,0,-0.02362204724409445,-0.10063641662936049,1.2299799404185183,0.8050231102455667,-0.11719626168224306,-0.11719626168224306,0.7189011367944436,0.09517255981367773,0.0
2024-11-19,0.97,0.9446,0.03143614947628043,0.028792307541830254,0.010810916104215676,-0.20037453416598938,0.026534514035411808,1.04871,1.037815,1.0555433333333333,1,19,11,1.0195386118600058,1.0582831347543928,45.25616698292219,-0.026080156070336313,-0.019138235364276713,1.1501587633326145,0.9254712366673854,0.06638773003355712,0.05108668898567434,0.043192410202892245,36924578.0,-1.2072766300203261,0,0,-1,0,0,0.015985602371374127,-0.48599896472339005,0.8752056019776654,0.8109760461707812,-0.1709401709401709,-0.07619047619047625,-0.32148080054656203,0.11278350515463924,0.0
2024-11-20,0.9594,0.97,0.0310842075050536,-0.048693959445706,0.0,0.12096313449736963,-0.010987982429464941,1.0346499999999998,1.034785,1.0515233333333334,2,20,11,1.0086043187945501,1.0519035776734644,48.26306913996628,-0.029377488098695892,-0.02118608591116055,1.1523016241397732,0.9172683758602268,0.05605112751608448,0.0507680854187714,0.043215147307128346,36825485.0,-1.2829674193216745,0,0,-1,0,0,0.020618556701030948,-0.30980695005768966,0.7595746629934839,0.8059183713417213,-0.10336448598130843,-0.059411764705882386,-1.5822475958774682,0.06253908692933077,0.0
2024-11-21,0.9631,0.9594,-0.041242958534049134,0.0019173526233124036,0.0,0.40700792147667475,0.003849159498855016,1.02096,1.02894,1.0476266666666667,3,21,11,1.00033080628645,1.0461743145977571,48.63277973494379,-0.03133092500867907,-0.023215053730664254,1.1485967969422255,0.9092832030577745,0.05615719015880039,0.04875955255195002,0.04323023317282904,36974354.0,-1.100480736280947,0,0,-1,0,0,-0.00979779028559524,0.6781188648098297,0.7774900759995979,0.7740339005474675,-0.0914150943396227,-0.10824074074074086,-1.6983417339460627,0.06427162288443564,0.0
2024-11-22,1.04,0.9631,0.008490172062241168,0.05692314739962105,0.0,0.054986363829105385,0.07681874356859986,1.01996,1.0284400000000002,1.0446266666666668,4,22,11,1.0075433869616408,1.0457759717204824,51.58127767235926,-0.026369875009279342,-0.023846017986387275,1.1478094909525152,0.9090705090474853,0.06152725405346775,0.051902608068414485,0.04494694592560796,37131638.0,0.19368433102556085,0,0,-1,0,0,-0.005191568892119203,0.7619825159789841,0.595656285617084,0.8239283600680753,0.09186351706036744,-0.00952380952380949,1.4781107352606493,0.11538461538461538,0.0
2024-11-25,0.99,1.04,0.05275345317847745,-0.019231361927887644,0.05236798551731594,-0.3694888935751458,-0.049271049006782794,1.0119599999999997,1.02494,1.0402933333333333,0,25,11,1.0043536802413424,1.0421775219320644,49.26004228329809,-0.02617110506662379,-0.02431103540243458,1.1445179490398583,0.9053620509601417,0.06295595802024936,0.05297983042934095,0.04572322295966176,37022941.0,-0.5843886817017339,0,0,-1,0,0,-0.028846153846153872,-0.21551712429910155,0.7534921743946109,0.841028734910451,0.048062672030489084,-0.0660377358490567,0.5131091291040585,0.05050505050505055,0.0
2024-11-26,0.9924,0.99,-0.020910171089510092,0.00966191091173689,-0.01025650016718911,-0.7715138477080916,0.0024213086890103454,0.9941999999999999,1.02206,1.0367066666666667,1,26,11,1.0021802838338256,1.0389660689041893,40.46775336640679,-0.02552567442703202,-0.02455396320735407,1.1418709633932183,0.9022490366067818,0.05273721908105653,0.05295958055186956,0.045647376946964385,37073193.0,-0.4951132877991515,0,0,-1,0,0,-0.0009090909090909211,-1.377427426079589,0.7394807610007835,0.8407072780712381,0.023092783505154646,-0.05485714285714294,1.0496609649652895,0.07053607416364376,0.0
2024-11-27,1.01,0.9924,0.020910171089510182,-0.029270382300113224,0.018285406552999806,-0.029975987077990384,0.017579358017659332,0.9882000000000002,1.02106,1.0330400000000002,2,27,11,1.0036020504094936,1.0370972902652094,42.268041237113394,-0.023325115670348673,-0.024308193699952994,1.140925774061308,0.9011942259386921,0.04723690061543925,0.05295642903382482,0.04564049094209741,37121961.0,-0.18453975017661334,0,0,-1,0,0,0.01773478436114476,-1.4288207541641542,0.7274486135237552,0.8406572492732458,0.052741296643735724,-0.01941747572815533,0.5000638044635606,0.02188118811881189,0.0
2024-11-29,1.05,1.01,0.00985229644301164,0.03883983331626396,0.012173800931708863,-0.2961385502803714,0.03883983331626396,0.9872,1.0245600000000001,1.03204,4,29,11,1.0120380412441312,1.037929723151325,50.0,-0.018144334699495834,-0.023075421899861562,1.1434617002301972,0.905658299769803,0.04920093478887336,0.05233755728188231,0.045818158791478346,37158229.0,0.4279165049910528,0,0,-1,0,0,0.00990099009900991,-1.484706818298702,0.7488017419391978,0.8308329647787495,0.09022946734503168,0.0714285714285714,-0.21366804770347758,0.04761904761904766,0.0
2024-12-02,1.02,1.05,0.028987536873252406,0.0,0.011137744410456021,0.5266205944320775,-0.028987536873252298,0.9939499999999999,1.0265900000000001,1.03004,0,2,12,1.0134856701088346,1.0367729668189816,45.704467353951884,-0.016271707617494302,-0.02171467904338811,1.1436168687175805,0.9095631312824196,0.036152999876859354,0.052859313266021474,0.04611568299043949,37096820.0,-0.11262370893480306,0,0,-1,0,0,0.0,-0.9486979749969854,0.5589747143512611,0.8391155842533013,-0.019230769230769273,0.04145395139881547,-0.15555261218433747,0.038039215686274455,0.0
2024-12-03,0.95,1.02,-0.06899287148695156,-0.051794673189730814,-0.0837084372452914,0.47418400466047983,-0.07109592168373034,0.9944900000000001,1.02309,1.02604,1,3,12,1.0019428209981374,1.0311747108951763,30.072463768115952,-0.02020316266586919,-0.021412375767884326,1.1450306395784025,0.9011493604215977,0.043383396740530364,0.05439277817587628,0.04773309098033517,36998154.0,-1.198780000706926,0,0,-1,0,0,-0.03921568627450984,-0.2692692470006996,0.6704343115821793,0.8634585850276207,-0.04040404040404044,-0.06862745098039225,-0.6442580499080549,0.07052631578947363,0.0
2024-12-04,0.9698,0.95,-0.020619287202735703,0.0,0.02138265606540207,-0.7735007494567235,0.02062788007666548,0.99447,1.02159,1.0233666666666668,2,4,12,0.9960986717257487,1.0272150521277457,39.381093683764306,-0.021473639838631597,-0.021424628582033783,1.1454597261419202,0.8977202738580797,0.043029537260998875,0.05445756452571145,0.047826554308452986,37043678.0,-0.8362010898556936,0,0,-1,0,0,0.010526315789473694,-1.2307250077944676,0.6996997090281634,0.8644870364477136,-0.022773075372833462,-0.030006001200240107,-0.8799362631765183,0.04836048669828836,0.0
2024-12-05,0.9576,0.9698,-0.010471299867295366,-0.009068072213970517,-0.010687366948654249,0.012312953010438558,-0.012659710427488528,0.9942899999999998,1.01447,1.0212866666666667,3,5,12,0.989098913230158,1.0227237584420847,39.198312236286924,-0.023197533465854292,-0.021779209558797887,1.1357051538463983,0.8932348461536017,0.04308275138946469,0.049096797516946074,0.0476035022309559,36997590.0,-0.9381767283778563,0,0,-1,0,0,-0.020416580738296598,-1.100807067160761,0.6735184975134049,0.7793874983971969,-0.05188118811881193,-0.1294545454545455,-0.3242084435607835,0.050125313283208066,0.0
2024-12-06,0.935,0.9576,0.0,0.0020222453807678706,-0.010695289116747806,0.5202929047602248,-0.02388362495507635,0.9914799999999999,1.0062200000000001,1.0164533333333334,4,6,12,0.9792627471883111,1.0170641611232407,47.75122076586996,-0.026086652023184387,-0.02264069805167519,1.1253874381600741,0.8870525618399261,0.0437254971593517,0.04923467337921322,0.04639440019913516,36920046.0,-1.1952929608897427,0,0,-1,0,0,-0.00793650793650799,-0.45752432979091523,0.5108756862406733,0.7815762098573418,-0.10952380952380947,-0.15000000000000002,-0.19856017238493173,0.06417112299465234,0.0
2024-12-09,0.924,0.935,0.010471299867295437,-0.004555816535860691,-0.006472514505617479,0.030580937411542268,-0.011834457647002796,0.97988,0.99992,1.0122533333333334,0,9,12,0.9692149749722545,1.011060021695935,47.37378888322285,-0.028930415542195886,-0.02389864154977933,1.1226124370412045,0.8772275629587957,0.032907493954328924,0.04841688231374211,0.046200208609928496,36840094.0,-1.2375660934097088,0,0,-1,0,0,0.026737967914438405,-0.3295658494849484,0.5122391317072819,0.7685941791554591,-0.09411764705882353,-0.12,-0.7020408076906328,0.06655844155844155,0.0
2024-12-10,0.9407,0.924,-0.02105340919783238,-0.00610688920817945,-0.01197619104671565,0.10680533891834842,0.017912207336221432,0.97495,0.993455,1.0082766666666667,1,10,12,0.9640304340682082,1.0065206654574876,46.17992177314211,-0.029496550315869174,-0.025018223302997303,1.1142102457256784,0.8726997542743214,0.03129381347564213,0.04839164047821927,0.04630779110722666,36929058.0,-0.8737508616370062,0,0,-1,0,0,0.017316017316017212,-0.08923932627476322,0.31733092516899264,0.7681934774388897,-0.009789473684210459,-0.12084112149532722,0.35898405493320745,0.07069203784415862,0.0
2024-12-11,0.9248,0.9407,-0.03243527575315373,-0.010880829993637028,-0.014341117270657712,0.14111379815910133,-0.017046781059792772,0.9681899999999999,0.9811950000000002,1.0041033333333333,2,11,12,0.9568976278739885,1.0012483644602304,45.550411522633745,-0.03087233624605923,-0.02618904589160969,1.072734936074847,0.8896550639251533,0.03140520276465955,0.042467566732794594,0.04636396102844039,36826611.0,-1.2321398160883414,0,0,-1,0,0,-0.03263527160625061,0.38642982158303646,0.25454160462507286,0.6741517221660858,-0.04640131985976492,-0.20957264957264954,1.7450617646796875,0.0745025951557093,0.0
2024-12-12,0.9243,0.9248,0.02173998663640582,-0.019699422796371963,0.01762160134981963,-0.2972053468106742,-0.0005408036473810403,0.9596199999999999,0.97391,1.00058,3,12,12,0.9509707864423541,0.996283953849893,44.9688796680498,-0.03163829574981436,-0.027278895863250625,1.0586289757017684,0.8891910242982317,0.030347022033779824,0.038687657300289134,0.04626866393657656,36750504.0,-1.1711661900785828,0,0,-1,0,0,0.005622837370242315,-0.30253884932947933,0.2592378577567984,0.6141475201455454,-0.03477443609022557,-0.1361682242990655,0.9767488060614,0.03678459374661897,0.0
2024-12-13,0.8687,0.9243,0.019169916107720123,-0.0021074823395646983,-0.1092496795293518,0.5573889984671726,-0.062038853004857106,0.9414899999999999,0.964345,0.99687,4,13,12,0.9360124616346532,0.9880527310208677,26.489157287949496,-0.036313183728541976,-0.029085753436308898,1.0513054501862207,0.8773845498137793,0.02918528898146553,0.04050504512949908,0.046712881290354356,36617613.0,-2.1997356222324496,0,0,-1,0,0,0.02564102564102558,1.113129975621158,0.45961532990126747,0.6429976575366156,-0.07090909090909092,-0.1804716981132075,-1.0352697459285773,0.1459652354092321,0.0
2024-12-16,0.929,0.8687,-0.09255027875718896,0.13036181786324363,-0.0019502687800338747,0.6515107474244416,0.06711089754796365,0.9323899999999998,0.9631700000000001,0.9951899999999999,0,16,12,0.9347374686101707,0.9842428774066182,41.857981847303805,-0.03475176338448471,-0.030218955425944063,1.0514296909947294,0.8749103090052708,0.03987527533081024,0.0379465677830452,0.048547605701438026,36872556.0,-0.7743059060118527,0,0,-1,0,0,-0.005180154253482283,3.1487466583454475,0.7542412996133758,0.6023830887743592,0.005411255411255311,-0.024671916010498673,0.2495637109647909,0.28030139935414433,0.0
2024-12-17,0.94,0.929,0.08407565176621667,-0.08448930755691987,0.05967679528388477,-0.9529447555626134,0.011771136450210908,0.93139,0.96294,0.9925233333333333,1,17,12,0.9356942924992305,0.9813884982190946,43.16283924843423,-0.03225490398803543,-0.03062614513836234,1.0514271302076177,0.8744528697923823,0.034115442964102856,0.037997853925252935,0.04796008543310405,36970863.0,-0.5184934791347817,0,0,-1,0,0,0.011840688912809363,0.06549833695830384,0.7471261549571186,0.6031972310422725,-0.0007441267141490293,-0.004869786152869038,0.3764026438046255,0.13031914893617028,0.0
2024-12-18,0.87,0.94,-0.06289448323786231,0.007528266420791588,-0.022903983256882653,0.38944507840866316,-0.07738666361542011,0.9214100000000001,0.9579400000000001,0.9881966666666667,2,18,12,0.9237498756811886,0.9742021434952821,33.930211202938466,-0.035515143446794184,-0.03160394480004871,1.055575593174242,0.8603044068257582,0.0402424317157789,0.0409304088139971,0.0496826768312766,36825746.0,-1.801392241107423,0,0,-1,0,0,-0.06095744680851054,0.9129173676360139,0.9236438714064455,0.649750096692255,-0.05925605536332179,-0.1030927835051546,0.3167791795659818,0.17206896551724143,0.0
2024-12-19,0.8401,0.87,0.008236070699998314,-0.08338160893905101,-0.030205842057065786,-0.49012941355660755,-0.03497227927782797,0.9096599999999999,0.951975,0.9795333333333335,3,19,12,0.9085408073755179,0.9655503923020382,25.334900117508795,-0.04004991631679833,-0.033293139103398636,1.0629068211750985,0.8410431788249015,0.04097665029827055,0.041452525542360445,0.04593561142844972,36736855.0,-2.0170046577241867,0,0,-1,0,0,0.022988505747126457,-0.16328068140956736,0.9312038989306232,0.6580384428038315,-0.09109596451368607,-0.12434855117781951,0.8596815464131412,0.11308177597905023,0.0
2024-12-20,0.9367,0.8401,-0.06979576193554198,0.0425596144187959,-0.01834913866819643,1.8831730686686574,0.10884212784428346,0.90983,0.950655,0.97409,4,20,12,0.9136606605799691,0.9636890766696486,41.536273115220474,-0.03544040883527133,-0.03372259304977318,1.0616576927210757,0.8396523072789245,0.057009291765843816,0.0494850906593889,0.05112334513320329,37321254.0,-0.2514353419347363,0,0,-1,0,0,-0.01202237828829901,3.859920947953436,1.2136234190415236,0.7855514609413699,0.07827788649706457,-0.027411483750389376,0.13997752033952368,0.16013664994128313,0.0
2024-12-23,0.9399,0.9367,0.11268303802319493,0.0,0.09317546746060869,-1.5619669443213442,0.0034104264111709253,0.9114199999999999,0.94565,0.9704200000000001,0,23,12,0.9184314495654292,0.9621542975296714,48.81260286856337,-0.0311698213915077,-0.03321203871812009,1.0484115840659898,0.8428884159340101,0.056815309711387006,0.04578755925720005,0.0505348943634554,37443816.0,-0.11190952440568815,0,0,-1,0,0,-0.00822034803031913,0.043026144376038584,1.1227416692639554,0.7268549696111081,0.011733046286329207,-0.09625000000000006,0.9552469032169832,0.07543355676135756,0.0
2024-12-24,0.8981,0.9399,-0.009735068770752578,-0.012578782206860185,-0.0022519996005520393,-1.7763117706121632,-0.045492065949351644,0.90716,0.9410550000000001,0.9646899999999999,1,24,12,0.9147348223717147,0.9580217622051765,41.985244802146205,-0.03080318084278677,-0.03273026714305343,1.0436851787039514,0.8384248212960488,0.05840786355127595,0.045611984904659425,0.0509320156401491,37423071.0,-0.8370832155307606,0,0,-1,0,0,-0.02117246515586756,-0.7552661790271612,1.1690771700381342,0.724067813170566,-0.044574468085106345,-0.09282828282828282,1.4968788049849415,0.06780982073265777,0.0
2024-12-26,0.9078,0.8981,-0.03315220731690051,-0.012632193877322727,0.0032637471996443076,0.6349163531763022,0.010742669345461173,0.90546,0.936825,0.95595,3,26,12,0.9134739455768573,0.9547816485145201,44.401978417266186,-0.02939110427791669,-0.03206243457002608,1.0374998361480532,0.8361501638519468,0.0583387218439421,0.04571132129778938,0.047570840610791316,37462214.0,-0.5766088351475556,0,0,-1,0,0,-0.009019040195969264,-0.5984930443861002,1.004050913409451,0.725644729524726,0.04344827586206912,-0.08524788391777505,1.4893556207918541,0.05078211059704784,0.0
2024-12-27,0.841,0.9078,0.0,-0.017348638334612976,-0.09406376588973987,1.8408784507991474,-0.07643243004941733,0.89713,0.928375,0.9483166666666667,4,27,12,0.9002968645628832,0.9474408969974543,40.388548057259705,-0.033278610054409685,-0.032305669666902806,1.0315284957530304,0.8252215042469694,0.06276916548356007,0.04798628387196402,0.04694295781656153,37215532.0,-1.6940773429374154,0,0,-1,0,0,-0.019607843137254943,0.9946540512662058,1.1424639039495652,0.7617586408041985,0.0010713010355909436,-0.16732673267326736,1.0022482249720783,0.13067776456599287,0.0
2024-12-30,0.835,0.841,-0.01756916826752866,-0.011038966680440876,-0.0001234491699611105,-0.05589061624891283,-0.007159935122092595,0.89376,0.9176249999999999,0.9408166666666666,0,30,12,0.8884247073696316,0.9401866455782637,40.80578512396693,-0.03642376574762329,-0.033129288883046906,1.0118342380193033,0.8234157619806965,0.06002146545585957,0.04666414498412886,0.04694077322990289,36982259.0,-1.7540742656908066,0,0,-1,0,0,0.03983353151010712,0.8046063678574683,0.5673136811887729,0.7407703366288024,-0.10857264866019001,-0.2047619047619048,-0.8273771627389472,0.11964071856287424,0.0
2024-12-31,0.8983,0.835,-0.023369874301083934,-0.012830615127484228,0.0020965661006455455,0.2115597393157859,0.07307236338430553,0.8906899999999999,0.9115399999999999,0.93901,1,31,12,0.8902202151206077,0.937484281347408,46.00452318130418,-0.03342326076939883,-0.033188083260317296,0.9927289647788606,0.8303510352211392,0.06089867611764964,0.050222617931054085,0.04576761049766813,37270492.0,-0.3261526991029509,0,0,-1,0,0,0.0231137724550898,1.1208697413161695,0.905307961187436,0.7972593434170943,-0.04426002766251724,-0.11931372549019614,0.5697527586023298,0.09640431926973173,0.0
2025-01-02,0.8519,0.8983,0.01981869352576871,-0.004910176141353939,0.023498981088318115,-0.8225787057111734,-0.05303493918636611,0.88188,0.906635,0.93592,3,2,1,0.8832529032804971,0.9319627148088656,43.503831759044736,-0.03439297042156608,-0.033429060692567056,0.9898682240202874,0.8234017759797125,0.06261383384896997,0.049227018820948515,0.04668296274493469,37143872.0,-1.3152199892355179,0,0,-1,0,0,-0.029945452521429407,-0.1421550697251982,0.9248973199369199,0.7814546975119548,-0.05144193296960253,-0.10326315789473683,0.5835150139962776,0.07383495715459569,0.0
2025-01-03,0.891,0.8519,-0.0016079020347123357,0.006800851230503888,0.02272419476786501,-0.3694145482984908,0.04487527842201448,0.8839799999999999,0.9026950000000001,0.9332866666666667,4,3,1,0.8846614663204067,0.9293199590147454,47.22361180590295,-0.03164168344908669,-0.033071585243870986,0.9806302896336814,0.8247597103663189,0.05994319312575204,0.05020959001935967,0.04722004273570244,37231384.0,-0.3001207810985259,0,0,-1,0,0,0.021246625190750094,-0.46720338453173493,1.002872920222633,0.7970525317304187,-0.018506278916060825,-0.08125386677665491,0.1618724517377324,0.05600448933782273,0.0
2025-01-06,0.9399,0.891,0.03888909318672034,0.1445812288111077,0.04699043784749617,1.5037548493088406,0.05342905915544631,0.8939599999999999,0.90181,0.9326366666666667,0,6,1,0.8947048360803327,0.9300025423041167,56.00337268128162,-0.025224673046727153,-0.03150220280444222,0.9774894597856236,0.8261305402143764,0.06024436070004829,0.05177721266620724,0.04829596795235778,37625061.0,1.0066139506782172,0,0,-1,0,0,0.015151515151515102,1.6824146508206053,0.8252106216116113,0.8219377697693276,0.11759809750297268,-0.01848370927318299,-0.8005548822413556,0.1585275029258432,0.0
2025-01-07,0.9302,0.9399,0.02780228131195178,-0.09051400754083186,-0.02385121582217991,-0.9717388445120823,-0.010373869836259063,0.8933099999999999,0.9015699999999999,0.93154,1,7,1,0.9011585022475448,0.9300152815103028,50.110619469026545,-0.020683429306454282,-0.029338448104844633,0.9768355957034935,0.8263044042965062,0.048546074920616494,0.05153885163244643,0.04833063907091749,37476084.0,0.7607725610194352,0,0,-1,0,0,-0.010533035429300893,-0.14090249368034483,0.8329498960272543,0.8181539056638514,0.11401197604790436,-0.005133689839572186,-0.7464867695818758,0.08600301010535365,0.0
2025-01-08,0.832,0.9302,-0.05526267867504953,-0.02127739844728485,-0.046585699237005215,-0.5769592493098095,-0.11156717596878815,0.8825199999999999,0.8969699999999999,0.9246066666666667,2,8,1,0.8885842291116275,0.923691714961251,41.42312579415502,-0.024723384446622698,-0.028415435373200248,0.9775233520604919,0.816416647939508,0.05891154811180163,0.05676383359267009,0.04960102929381191,37392418.0,-1.6130923999589841,0,0,-1,0,0,-0.053966888841109464,-0.6273283997583075,1.069218468710811,0.9010979228931549,-0.0738060781476122,-0.09956709956709964,-0.4290585921485034,0.1197115384615385,0.0
2025-01-10,0.7611,0.832,-0.07061756721395342,-0.10178269430994247,-0.08727415454993843,0.19701204394846147,-0.08906768554786265,0.8688199999999998,0.88799,0.9169766666666667,4,10,1,0.8654052783640588,0.913201926899235,41.363996827914356,-0.033262683950212035,-0.029384885088602607,0.9861386927911129,0.789841307208887,0.06280012216624267,0.05931957370214595,0.05112185861787048,37290533.0,-2.5856686704948033,0,0,-1,0,0,-0.014423076923076936,-0.4982204768932919,1.167036958645617,0.9416690393654716,-0.10658527996243694,-0.1909216540873817,-0.20211032987799765,0.10379713572460907,0.0
2025-01-13,0.6402,0.7611,-0.10807422152942253,-0.07410797215372185,-0.2162684219254745,0.8019155355791019,-0.1729841277375832,0.8420599999999998,0.8737599999999999,0.9052366666666667,0,13,1,0.824458864116048,0.8955888993573489,36.14691614691615,-0.049218400838207055,-0.033351588238523494,1.0201211884194517,0.7273988115805482,0.07657689124934111,0.06816391689256,0.05805581055430526,37063349.0,-3.1915564846419255,0,0,-1,0,0,-0.0329785836289581,0.38922228683872784,1.3315756270098342,1.0820686349147306,-0.28148148148148155,-0.307742214532872,0.4574393394266041,0.2608559825054671,0.0
2025-01-14,0.6219,0.6402,-0.14760511983618455,-0.1423614720727948,-0.027453353045627953,-0.22035894331028566,-0.029001319425919065,0.8201499999999999,0.85864,0.8923,1,14,1,0.787629979731312,0.8779315510117135,25.528606965174134,-0.06261825423093004,-0.039204921437004804,1.041056220428878,0.6762237795711219,0.07514262331190624,0.06811837368150031,0.05783024697255056,36881095.0,-2.595602512138466,0,0,-1,0,0,-0.008122461730709126,0.014446752976342325,0.9514995614887221,1.081345658852503,-0.33833386530481957,-0.32716650438169426,-0.25487746936092437,0.1287988422575976,0.0
2025-01-15,0.6665,0.6219,-0.047405296769452605,-0.0019235043290952885,0.015308119232655732,-0.9035819884000273,0.06926083150891969,0.8032999999999999,0.84853,0.8795166666666666,2,15,1,0.7656063470528915,0.8642908057851514,30.032135553607958,-0.06884528176960558,-0.04513299350352496,1.050014909717775,0.6470450902822251,0.08134821451365015,0.07011176716869165,0.05914610988596993,36954929.0,-1.8068846967743055,0,0,-1,0,0,-0.026210001607975528,-0.7745993931948194,1.3932308046939539,1.1129897994457276,-0.2834874220597722,-0.23276159778980088,0.8381309370115354,0.10442610652663166,0.0
2025-01-16,0.62,0.6665,0.07075266076644383,0.03678542249531422,0.004777210304342968,0.08595326485863812,-0.07232066157962613,0.77547,0.83308,0.8661833333333333,3,16,1,0.7391324657705476,0.8485301086377224,29.827361090961844,-0.07664884714298836,-0.05143616423141764,1.054942115553032,0.611217884446968,0.07525679920507665,0.06862536193867953,0.05998494466697718,36874468.0,-1.9208326709484316,0,0,-1,0,0,-0.024756189047261755,-0.6579791689033028,1.3438749592581654,1.0893938479292606,-0.2548076923076923,-0.33261571582346616,0.568907329195061,0.1483870967741935,0.0
2025-01-17,0.6101,0.62,-0.0009235032209373195,-0.034123092864786694,-0.014067257211435591,0.1629414052117056,-0.0160965998813305,0.7512899999999999,0.8165849999999999,0.8548533333333332,4,17,1,0.7156720174486298,0.8331475209836758,28.41189267585206,-0.0826790040920149,-0.0576847322035371,1.0535192727020044,0.5796507272979954,0.07515935726618496,0.06827547511154122,0.0591161301877207,36779768.0,-1.742972830779099,0,0,-1,0,0,0.04741935483870965,-0.5500033814581757,1.3328685934553035,1.0838395667395082,-0.19839705689134146,-0.3509574468085106,-0.19070579905990814,0.12620881822652036,0.0
2025-01-21,0.8203,0.6101,-0.07911920445259922,0.48539418587418687,0.0,5.33484203942109,0.2960472488508975,0.74422,0.8141,0.8498699999999999,1,21,1,0.7346952870034245,0.8323186486621484,48.75735382398848,-0.06969318399120084,-0.06008642256106985,1.0497142789029001,0.5784857210971,0.14005686134285958,0.10487429987279001,0.08798358841054449,56424334.0,0.05262838932232193,0,0,-1,0,0,-0.016554663169972134,4.246517637525316,2.6510177035603104,1.6648278983124913,0.2813183380193691,-0.05712643678160911,1.7525555352098694,0.6095330976472023,0.0
2025-01-22,0.89,0.8203,0.3396813675621614,-0.1466034741918755,0.26236426446749106,-2.458541004364799,0.08155133571748131,0.7392299999999999,0.8165950000000001,0.8476166666666667,2,22,1,0.7629325075482564,0.8360400261678163,53.0671425384787,-0.0531647701345378,-0.05870209207576344,1.0544150246134536,0.5787749753865465,0.14168798857262135,0.10609430895079001,0.08937591165179738,58105117.0,0.6173155529633009,0,0,-1,0,0,0.027307082774594628,0.10519932720820814,2.530771201948871,1.6841949420182665,0.4310982473066409,0.05939769075110113,1.3700749988149705,0.1910112359550561,0.0
2025-01-23,0.8408,0.89,0.03188218887032176,-0.0540672212702757,0.02531780798429,-1.0924963881536056,-0.056867643163444184,0.7302899999999999,0.8118000000000001,0.8444766666666667,3,23,1,0.7770902334485733,0.8363471212537635,46.742209631728045,-0.043534078137043686,-0.05566848928801949,1.0432044352069778,0.5803955647930225,0.14285539815098636,0.10384779487910253,0.0898638185670005,57541419.0,0.2506434241336915,0,0,-1,0,0,-0.02247191011235957,-0.15129762621854206,2.7202524878964764,1.6485326367153132,0.2615153788447111,-0.10238069819579376,1.6318596060054142,0.11893434823977161,0.0
2025-01-24,0.7713,0.8408,-0.161843025450414,-0.08579998980333278,-0.07796154146971193,-0.5474924396706146,-0.0862764166227879,0.72422,0.8033699999999999,0.8393866666666666,4,24,1,0.7760374637306509,0.8321505327857788,45.54991166077739,-0.04103670887248789,-0.05274213320491317,1.0272884071364266,0.5794515928635734,0.14118029123381018,0.10543883873381403,0.0911089770630777,57215377.0,-0.28644362390860234,0,0,-1,0,0,-0.11988582302568983,-0.20837268760269037,2.759565502358556,1.6737896749026986,0.244032258064516,-0.17938078518991385,1.582221795554935,0.11150006482561904,0.0
2025-01-27,0.7667,0.7713,-0.020064823828848815,-0.07020425867324846,-0.039977756394974605,-0.5586485890807481,-0.005981812375104701,0.72478,0.7968,0.8335866666666667,0,27,1,0.7743397430523506,0.8279279177673414,42.865342670187125,-0.038979377296297635,-0.049989582023190066,1.0166899341938571,0.5769100658061428,0.13802373781261115,0.10503133559501095,0.09102924113105823,57028887.0,-0.27377333219321853,0,0,-1,0,0,-0.059639569557889335,-0.24249545246447923,2.744201611768297,1.6673207631201914,0.2566792329126375,-0.14630887429016803,1.5616648333607068,0.07695317594887185,0.0
2025-01-28,0.6756,0.7667,-0.007334150359265616,-0.0529351062216656,-0.11936656726202771,0.8357075453532511,-0.12649440563120382,0.72832,0.7851899999999999,0.8252799999999999,1,28,1,0.7563870624973777,0.8181003101694485,35.530493813642835,-0.04419053486713098,-0.04882977259197825,1.004923148211504,0.5654568517884959,0.1331275524000282,0.1080834950733051,0.09343200331451566,56598758.0,-0.9974826364797189,0,0,-1,0,0,-0.06091039520020878,-0.1911500715605264,1.2535532597711687,1.7157722927678412,-0.1763988784591004,-0.2557832121612691,0.9196841984914443,0.14698046181172283,0.0
2025-01-29,0.6843,0.6756,-0.09415806596464975,0.006415090586772667,0.029666500348469668,-1.2155845592022396,0.012795233024807104,0.73456,0.777355,0.81728,2,29,1,0.7432803238614909,0.8094680320940002,36.5230735503672,-0.04707573769479667,-0.04847896561254194,0.9998664589640467,0.5548435410359533,0.13235206911288733,0.10711343569471155,0.09349363001059843,56726307.0,-0.8364063624699506,0,0,-1,0,0,-0.030047365304914128,-0.2593783925654681,0.8594100983971773,1.7003730775314947,-0.231123595505618,-0.18632580261593334,-0.07360026166338748,0.12421452579278089,0.0
2025-01-30,0.6801,0.6843,0.04432569221677418,-0.05222462661806678,0.028811697238545597,-0.22835313999273324,-0.006156571776859013,0.7359199999999999,0.7696099999999999,0.8109933333333333,3,30,1,0.7317929922503107,0.8011217074427744,40.7185628742515,-0.04913479133248577,-0.04861013075653071,0.9944443474457643,0.5447756525542355,0.13103057316049568,0.10711274722726989,0.09293433838923859,56624798.0,-0.7962306561864788,0,0,-1,0,0,0.0010229431535876572,-0.26375205804691965,0.9096243508697561,1.7003621484496765,-0.19112749762131298,-0.18550898203592803,-0.7433898471161543,0.042052639317747324,0.0
2025-01-31,0.6542,0.6801,0.007272759329079657,-0.010954275003464922,-0.05200159331929935,0.3164465218854438,-0.03882673107730953,0.73934,0.7574050000000001,0.8018333333333333,4,31,1,0.717685175477527,0.7916428876077568,43.08806414069573,-0.05225416621862411,-0.049338937848949396,0.9793077333191793,0.5355022666808209,0.129291757456818,0.10559575585779725,0.09206421129320413,56485503.0,-0.9301823231852908,0,0,-1,0,0,0.014556682840758577,-0.2532332313909612,0.8299116533065419,1.676280657021741,-0.15182159989627897,-0.2717355003896248,-1.6176539894958941,0.08391929073677766,0.0
2025-02-03,0.6469,0.6542,-0.07522342123758739,-0.013716835524499626,-0.008062647423350812,-0.09998673554026741,-0.011221392054343724,0.7430199999999999,0.747155,0.7920633333333333,0,3,2,0.7048151435725221,0.7823046367943531,50.50780657874792,-0.054684968010115576,-0.050408143881182636,0.9696171597670239,0.5246928402329761,0.12918529167020049,0.1051605438082143,0.09199041258358079,56359462.0,-0.9013218257432475,0,0,-1,0,0,-0.02170590033628858,-0.256275271763717,0.8207184909498905,1.6693718799170898,-0.15625407590974305,-0.24063857260241805,-1.5963728779333082,0.07821919925799965,0.0
2025-02-04,0.6634,0.6469,-0.0015637219761827587,0.011831000483847273,-0.047124884850370856,0.07775940426983773,0.02518640346301234,0.72733,0.7357750000000001,0.7851766666666666,1,4,2,0.6972851174684271,0.7746333699043949,53.153974768201856,-0.0546500125133057,-0.05125651760760726,0.9504022840403259,0.5211477159596742,0.057637085987729306,0.10469939874246022,0.09133067290823162,56495695.0,-0.6744249718633323,0,0,-1,0,0,-0.012212088421703536,-0.25452998796584386,0.3864965000001817,1.6620514289432309,-0.018058022498519843,-0.25544332210998877,-0.3968955493808586,0.13219776906843533,0.0
2025-02-05,0.6505,0.6634,0.0767871432137701,0.011836165893820663,0.04997795383277728,0.3718072774846966,-0.01963682856039208,0.7033799999999999,0.721305,0.7788566666666665,2,5,2,0.6887787324741677,0.766624765394434,48.722452890450334,-0.0550288933917219,-0.05201099276443019,0.916092511492592,0.526517488507408,0.04459634922708323,0.10359238443419784,0.09120730328942837,56298109.0,-0.726997326034352,0,0,-1,0,0,0.04009647271630985,-0.23803482026442935,0.36843818262698536,1.6444781215985163,-0.049393540844658856,-0.30790509628683904,0.6981094932504126,0.10007686395080698,0.0
2025-02-06,0.6711,0.6505,-0.059719234701622194,-0.010240227941732629,-0.0028530689824065106,-0.0743735198356922,0.031176859211633667,0.68641,0.70835,0.7700033333333334,3,6,2,0.6855644174788644,0.7604618773044706,54.256205230717974,-0.053055322645276126,-0.05221985874059938,0.8774044042042308,0.5392955957957692,0.04748426936370001,0.1040868743757502,0.08866795291001772,56481533.0,-0.4406865372758835,0,0,-1,0,0,-0.0007686395080706303,-0.24171252042860567,0.47490011793614034,1.6523279060655387,-0.013233348037053339,-0.27854224897871427,0.14267485659576698,0.08910743555356872,0.0
2025-02-07,0.6205,0.6711,0.01526747213078838,-0.04416186548226921,-0.048790164169432056,0.23798403598044127,-0.0783925525195317,0.67133,0.697775,0.7593566666666667,4,7,2,0.6737345233917982,0.7514320787686983,50.811232449297975,-0.05494092593344213,-0.05276407217916793,0.8606076861723791,0.5349423138276209,0.04648545686172911,0.10286341872709999,0.08949548092276953,56248825.0,-0.9491337619793925,0,0,-1,0,0,-0.01654000894054537,-0.23219542392283346,0.6811334244331664,1.6329061497468647,-0.05151329868541721,-0.2542067307692307,-0.8894225632562816,0.09669621273166809,0.0
2025-02-10,0.6033,0.6205,-0.09214851646674621,-0.04097983525927761,0.0,-0.7738762482526602,-0.02811101919794605,0.65499,0.6898850000000001,0.74953,0,10,2,0.6609282464114712,0.7418751704610405,25.78125,-0.05716422280099742,-0.053644102303533836,0.8550733935702641,0.524696606429736,0.0462382303696796,0.10144439256343352,0.08932623000780354,56141495.0,-1.0483182035809384,0,0,-1,0,0,-0.029975825946817178,-0.2611119387530294,0.6933053998750731,1.6103798077491314,-0.0673983614159841,-0.20733149389042183,-0.4922262559090092,0.05552792971987399,0.0
2025-02-11,0.5879,0.6033,-0.0031616633375787587,-0.03780104259383676,-0.06578374054600306,0.13724316684696092,-0.0258577200385068,0.64622,0.68727,0.7388666666666667,1,11,2,0.6476503834275673,0.7319412884958121,11.63322326644655,-0.05948316795021036,-0.054811915432869146,0.8573534482550402,0.5171865517449599,0.03185863441482785,0.09513394871162228,0.0892860519193402,56018376.0,-1.168485246735999,0,0,-1,0,0,-0.0054699154649427645,-0.25620249132842127,0.6031835659718526,1.5102046171831571,-0.11380765752185706,-0.08169322086847863,0.18504904890292714,0.08198673243748941,0.0
2025-02-12,0.6117,0.5879,-0.05129329438755058,0.047384023792442206,0.0014229813856132434,-0.36205353091412285,0.03968510084031,0.63896,0.68676,0.7312233333333334,2,12,2,0.6411139500771006,0.7241837860122113,18.897637795275614,-0.058723558959420274,-0.05559424413817938,0.8577276411420988,0.5157923588579013,0.03538394088001151,0.0953127843248198,0.0889497708717709,56104097.0,-0.8780608950159681,0,0,-1,0,0,-0.030447354992345684,-0.2636169648331719,0.757513123681561,1.5130435445316512,-0.05964642582628743,-0.016401350699469353,-0.20137111085980278,0.12587869870851717,0.0
2025-02-13,0.6831,0.6117,0.09578853427410185,0.07454341740336332,0.05632858746312556,0.5855170466289324,0.11039929548928439,0.6392599999999999,0.6875899999999999,0.72616,3,13,2,0.6487477773358095,0.721533219172714,38.0875202593193,-0.051763482867383304,-0.05482809188402017,0.8583044972779148,0.516875502722085,0.05369206286373848,0.09752645758522559,0.09177437896279234,56258045.0,-0.052602445270835824,0,0,-1,0,0,0.025502697400686523,-0.24891055559770128,1.1827599203820984,1.5481845181175748,0.017881090746535655,0.02490622655663932,0.8145860950864636,0.13746157224418107,0.0
2025-02-14,0.675,0.6831,0.10047053036363453,0.006509027103169696,0.07724724071873729,-0.6320076205590929,-0.011928570865273845,0.64134,0.6903400000000001,0.7187166666666667,4,14,2,0.6535209087292986,0.7185310760002809,37.73080010703774,-0.04636668840362368,-0.053135811187940876,0.8582185199946305,0.5224614800053696,0.052151120476360426,0.09603046136917154,0.09056951710116418,56176218.0,-0.18275119414313,0,0,-1,0,0,0.015371102327623998,-0.26551681399276256,0.9762276489455652,1.5244363144177389,0.08783239323126502,0.08870967741935498,1.3433802995566173,0.07496296296296293,0.0
2025-02-18,0.6493,0.675,-0.1089553327271526,-0.04015540589784061,-0.05893475961391669,0.7070913274200886,-0.03881783135808883,0.6415799999999999,0.6923,0.7119633333333333,1,18,2,0.652753470778517,0.7140645549680047,45.73467401881285,-0.04366017777357123,-0.05124068450506695,0.8571215494399859,0.5274784505600142,0.05371041986655159,0.09644882341440697,0.09036628531777897,56010266.0,-0.5217764321000637,0,0,-1,0,0,-0.07851851851851858,-0.24703994488446218,1.009267913177591,1.5310776059958267,0.07624730648102118,0.06425176200622862,1.2455702747779596,0.09256121977514253,0.0
2025-02-19,0.68,0.6493,0.042492623964910665,0.06239755463156145,0.0542582117300149,0.009069812876019682,0.04619793865571151,0.6432399999999999,0.685285,0.70493,2,19,2,0.657707385182423,0.7118668417442624,49.349076597033005,-0.038593137504742914,-0.04871117510500214,0.8387174919332656,0.5318525080667345,0.05520628677962969,0.05621374518525233,0.0903937161433627,56177730.0,-0.06889023222406712,0,0,-1,0,0,-0.0004620360388109764,-0.27780607611803576,0.9495416843681446,0.892365540142393,0.15665929579860527,-0.17103498719980492,0.44902700477115154,0.101764705882353,0.0
2025-02-20,0.676,0.68,0.08319052751004348,-0.00551432998591937,0.007782140442054949,0.08228178302701945,-0.005899722127188271,0.6457900000000001,0.674585,0.6961333333333334,3,20,2,0.6610333151492552,0.7095528519543101,49.37897606785822,-0.03450251464449583,-0.045869443012900885,0.7939785954458408,0.5551914045541592,0.0547359824877959,0.051819030226888295,0.0896760430149197,55995904.0,0.023703113968821306,0,0,-1,0,0,0.03720588235294116,-0.07532939113589623,0.97675926090987,0.8226016029653122,0.10511688736308655,-0.24044943820224718,1.0825366256810063,0.08920118343195269,0.0
2025-02-21,0.6664,0.676,-0.021931646622828635,-0.013273583879714002,0.02025851971346697,-0.561114220640824,-0.014302985190331253,0.6453199999999999,0.6658649999999999,0.6873400000000001,4,21,2,0.6620090760312087,0.7067687969895159,51.943913320586354,-0.03167023160989202,-0.04302960073229911,0.7560452236565747,0.5756847763434252,0.054187878444628294,0.05083354406777437,0.08968327337897898,55892159.0,0.011865129144887807,0,0,-1,0,0,0.020710059171597486,-0.7656272137637177,0.4993983971779796,0.8069574951802422,-0.024447372273459278,-0.20742150333016174,1.3414970523929508,0.05672268907563017,0.0
2025-02-24,0.6181,0.6664,0.01438873745209967,0.0057306747089850745,-0.08345427351609258,0.05243486626797908,-0.07523983418740526,0.6450799999999999,0.6582049999999999,0.6802100000000001,0,24,2,0.654025607661898,0.7010482294418052,45.94137542277338,-0.032943283572981374,-0.04101233730043557,0.7358285036422513,0.5805814963577486,0.05373901433922928,0.050116966388034104,0.08863263694855714,55782829.0,-1.0333210462860458,0,0,-1,0,0,0.050420168067226837,-0.6288389552831801,0.7003278349075586,0.7955821771663275,-0.08429629629629642,-0.1986256968754052,0.3843992826144491,0.15288788221970542,0.0
2025-02-25,0.5834,0.6181,-0.1294580672368867,-0.12136085700426735,-0.04250935179658433,-0.25725250045604825,-0.05777719923160656,0.6430899999999999,0.6490400000000001,0.6742866666666667,1,25,2,0.6411845880870074,0.6934580210907211,39.27613941018768,-0.03633335809023963,-0.040076541458396384,0.7151585028790235,0.5829214971209766,0.0561181204646759,0.051159314690018894,0.08789670774459304,55698298.0,-1.9855259009751343,0,0,-1,0,0,-0.005015369681281333,-0.8730738172588319,0.7454042737222353,0.8121289434857007,-0.10149391652548889,-0.2390765618886136,0.496495828417095,0.06804936578676715,0.0
2025-02-26,0.5654,0.5834,-0.05001042057466142,-0.016916473666700675,-0.026011765937072658,0.05150680272361461,-0.03133961217413115,0.6408400000000001,0.64353,0.6717933333333334,2,26,2,0.6274055720711879,0.6851962132784165,38.74636339592701,-0.04001124145173551,-0.04006348145706421,0.7181495713131913,0.5689104286868087,0.05639124087964378,0.04492228649875544,0.08317126617128473,55609299.0,-2.0940886854488854,0,0,-1,0,0,0.002742543709290255,-1.0834656717136888,0.4451260257697161,0.7131191904006082,-0.16852941176470593,-0.1631142687981053,-0.37299894457478455,0.07817474354439338,0.0
2025-02-27,0.55,0.5654,-0.03655759573379758,-0.06017360805287027,-0.027615167032973266,0.44876540529308695,-0.027615167032973266,0.63467,0.636815,0.6693966666666668,3,27,2,0.6133318316946081,0.6764738769378735,33.762402788951476,-0.04366529546485354,-0.04078384425862208,0.7197001145407868,0.5539298854592133,0.05469668627087856,0.044840258444282154,0.08315629721162171,55469893.0,-2.094827291510332,0,0,-1,0,0,-0.002476123098691312,0.09224747232539568,0.37459566436558966,0.7118170354046076,-0.18639053254437865,-0.1962589507525938,-0.5464759227557674,0.043636363636363466,0.0
2025-02-28,0.53,0.55,-0.02513597327154216,-0.003490404939768491,-0.05225069034387788,0.22084833506913557,-0.0370412716803491,0.61936,0.62931,0.6648466666666668,4,28,2,0.5981805895683157,0.6670239493934946,36.78060181127667,-0.047625989686357895,-0.042152273344169246,0.7222633873102036,0.5363566126897965,0.03238823172595576,0.045213650952926246,0.08222905376272643,55296035.0,-2.136769898843669,0,0,-1,0,0,0.0,0.8197542741398535,0.30418078827279205,0.7177444577203284,-0.20468187274909955,-0.22070283781796796,-0.8735589464334075,0.0943396226415093,0.0
2025-03-03,0.49,0.53,-0.07550755250814517,-0.044141893229925344,-0.10408419129822157,-0.48588678875510866,-0.07847161544149532,0.60086,0.6211,0.6605133333333334,0,3,3,0.5785113914649855,0.655603049432624,34.48370309504246,-0.0533772345643303,-0.04439726558820146,0.7320587500490259,0.5101412499509741,0.03569052629940346,0.047106655527031645,0.0823911376668309,55189086.0,-2.363040317993396,0,0,-1,0,0,-0.03773584905660381,-0.7107276105515004,0.3216899959798351,0.7477949737230721,-0.20724801812004534,-0.25099357994497096,-0.9786615965604196,0.15693877551020413,0.0
2025-03-04,0.482,0.49,-0.04000533461369925,-0.07944905968934649,-0.011330960354365826,1.043365547793986,-0.016461277054071962,0.5841299999999999,0.612855,0.6562433333333334,1,4,3,0.5609638657440791,0.6444028526950354,35.1970925356444,-0.05791308471585477,-0.047100429413732124,0.7391835853463167,0.4865264146536834,0.03586979117216072,0.04710842293802573,0.08239282725105887,54885484.0,-2.0716609727129405,0,0,-1,0,0,0.0,2.775040565732545,0.3585532868021639,0.7478230305028009,-0.1738087075762771,-0.2549080228783429,-1.641961494488437,0.08381742738589198,0.0
2025-03-05,0.4699,0.482,-0.020619287202735703,-0.0496807683547649,-0.10438151630791367,-0.29534193856649593,-0.025424207941830295,0.56312,0.6031799999999999,0.6445633333333335,2,5,3,0.5444067992451556,0.6331446041340655,29.50867052023122,-0.06177207745889124,-0.050034759022763955,0.7422097597897023,0.4641502402102976,0.02423445395249816,0.04625063712236832,0.04934667167210626,54659520.0,-1.9172873520259328,0,0,-1,0,0,-0.004149377593360999,1.2663928415981693,0.36723458031352063,0.7342061028244717,-0.16890696851786346,-0.2916792282182695,-1.7255452927086565,0.13194296658863588,0.0
2025-03-06,0.5601,0.4699,-0.04255961441879589,0.16801316402056976,0.09335556956100309,-0.173488473857076,0.17559543310701675,0.55153,0.59866,0.6335666666666667,3,6,3,0.5472601084733091,0.6284320490286419,33.141447368421055,-0.05689610792755073,-0.05140702880372132,0.7370888895989713,0.4602311104010286,0.0763259547287525,0.06556763281333874,0.05975485493799027,54849494.0,-0.5571091426321236,0,0,-1,0,0,-0.02106831240689501,0.6692110889591891,1.6736629857263172,1.040853902875756,0.01836363636363636,-0.13897002305918515,1.969811909963202,0.1946081056954114,0.0
2025-03-07,0.535,0.5601,0.2318016140573242,0.019492437560972842,0.12260232209233228,0.02002203469686866,-0.04584859231978005,0.5383899999999999,0.591855,0.6233733333333333,4,7,3,0.5450309978417983,0.6224041748977619,31.66579360921949,-0.05442979438672779,-0.05201158192032262,0.7286614553025461,0.45504854469745387,0.07684799747318499,0.0655144804250169,0.05953357343648998,54655678.0,-0.8311742289392077,0,0,-1,0,0,0.03552936975540067,0.7212352833021117,1.6886977734090036,1.0400101348692234,0.009433962264151052,-0.20280137088362393,1.976562614859698,0.11252336448598137,0.0
2025-03-10,0.493,0.535,-0.16658397574594436,-0.05892406926532244,-0.07588469752487281,-0.27460087798498495,-0.0817575728533165,0.5258799999999999,0.58548,0.6140966666666666,0,10,3,0.5355708164160168,0.614055518452745,30.369253956292397,-0.05522764224634824,-0.05265479398552775,0.7284117039775375,0.4425482960224625,0.0773335423252658,0.06568275564668535,0.059371291485132704,54508402.0,-1.2940446020923915,0,0,-1,0,0,-0.08224299065420568,0.009689521649703913,1.6980332648443541,1.0426814211993176,0.00612244897959191,-0.20547945205479456,1.9511349034765513,0.13184584178498998,0.0
2025-03-11,0.5,0.493,0.01816397062767112,-0.01287966286366114,-0.05984691600925222,-0.15446419936962044,0.014098924379501675,0.51754,0.580315,0.6052066666666666,1,11,3,0.5291033952494683,0.6066970979074066,25.961538461538467,-0.05466495732443999,-0.0530568266533102,0.7279245315059195,0.4327054684940805,0.07686709823311699,0.06573973691959957,0.05956945643268391,54634599.0,-1.0882088599648347,0,0,-1,0,0,0.014198782961460458,-0.38617523364490697,1.6871738360311257,1.043585970864431,0.03734439834024905,-0.17122492955411894,1.705260540855633,0.17200000000000004,0.0
2025-03-12,0.477,0.5,-0.030459207484708574,-0.0454623740767574,0.01399847880637957,-0.6094204565719898,-0.04709160753385057,0.5086999999999999,0.5747700000000001,0.5985866666666666,2,12,3,0.5196300506586559,0.5983295432037029,24.70767666497204,-0.05543590267252407,-0.05353264185715298,0.7293473470222941,0.42019265297770614,0.07740854608685295,0.06619452750044856,0.05649167310626292,54565990.0,-1.264997774685565,0,0,-1,0,0,-0.030000000000000027,-1.312555884812616,1.7219351002674463,1.0508055475176774,0.01510959778676324,-0.1886375233883314,1.7506758583617652,0.11656184486373174,0.0
2025-03-13,0.46,0.477,-0.10421569584189302,-0.09465148206463968,-0.05216248175213739,0.42455519486614507,-0.03629000140520049,0.4996999999999999,0.567185,0.59111,3,13,3,0.508788223266173,0.5894050565453995,24.25149700598803,-0.05676429686065221,-0.05417897285785283,0.7288571344405318,0.4055128655594683,0.07760910812106465,0.06541777730653792,0.056506565947326934,54461093.0,-1.3259551544972787,0,0,-1,0,0,-0.08385744234800835,-0.7159135547424722,0.5313350669702029,1.0384750204542248,-0.17871808605606143,-0.2479973843387281,0.8555910493768618,0.07043478260869561,0.0
2025-03-14,0.4851,0.46,0.09385290880634647,0.15043082311232917,0.04693598901859476,0.765288026121249,0.053128565768030094,0.49521,0.557285,0.58461,4,14,3,0.5044812735814143,0.5826756980585995,32.38877118644068,-0.055155895761770934,-0.05437435743863645,0.7132177692572776,0.40135223074272236,0.08014035659911299,0.06024003253010795,0.05778451603311084,54686581.0,-0.9258477271175769,0,0,-1,0,0,0.04347826086956513,1.2670472773314945,0.8346601198907093,0.9562808702706402,-0.0932710280373833,-0.2898550724637682,0.5036819473780784,0.18058132343846622,0.0
2025-03-17,0.477,0.4851,-0.04255961441879589,-0.1179434224179457,0.004357305368955626,-0.7585801624896156,-0.016838564362829593,0.49390999999999996,0.547385,0.5787033333333333,0,17,3,0.49948467838479343,0.575857911087077,34.84330484330485,-0.053913349080176975,-0.054282155766944555,0.6968577896442516,0.3979122103557484,0.07656396758509657,0.060234997390326284,0.057553283771755,54580978.0,-0.9417767630820005,0,0,-1,0,0,-0.05174190888476594,-0.7665666331990589,0.6481890823983455,0.9562009399045678,-0.032454361054766734,-0.29333333333333345,0.8411481427923289,0.052201257861635174,0.0
2025-03-18,0.4736,0.477,0.0425596144187959,0.029264433395257156,0.0060685058363806575,-0.35021739735060586,-0.007153407318545214,0.4930699999999999,0.5386,0.5729266666666667,1,18,3,0.4947783732239219,0.569260626500814,36.35552913198573,-0.05259667177602023,-0.053945058968759695,0.6834331744559363,0.39376682554406367,0.0764042697368574,0.06002411464481696,0.05755265569589035,54506577.0,-0.897584413849541,0,0,-1,0,0,0.0062893081761006345,-1.1741013084673808,0.6237182654310743,0.9528532801020946,-0.05279999999999996,-0.27059910673032495,1.4336383649572317,0.07706925675675683,0.0
2025-03-19,0.4693,0.4736,-0.04255961441879589,-0.02514835431790842,-0.0060685058363807885,0.5638559605227154,-0.00912086076942406,0.49300999999999995,0.528065,0.5664566666666667,2,19,3,0.4901459417286633,0.5628115538233421,37.59606517061174,-0.05130871466562942,-0.05341779010813365,0.6596367818964487,0.3964932181035513,0.07597014976632371,0.058291551324995916,0.057186661963321575,54375822.0,-0.8932766456906388,0,0,-1,0,0,-0.028716216216216218,-0.2216331946963702,0.5395289268209346,0.9253496900525809,-0.016142557651991574,-0.30985294117647066,1.5950518557532636,0.057319411890048966,0.0
2025-03-20,0.4704,0.4693,0.0021715535135079325,0.01771038656633224,0.0021715535135079325,-1.1062356284811525,0.0023411737840452556,0.4840399999999999,0.517785,0.5604533333333334,3,20,3,0.48655577050527,0.556849518092804,40.27415143603133,-0.049627167474689204,-0.05265966558144476,0.6316221926172967,0.40394780738270336,0.03707830080751646,0.05840200677426531,0.05720052208408748,54419076.0,-0.8325047185466216,0,0,-1,0,0,-0.017685915192840344,-1.464654200099673,0.45455367819122766,0.9271031159508933,0.022608695652173827,-0.30414201183431955,1.9330154951606764,0.07355442176870741,0.0
2025-03-21,0.5,0.4704,0.0,0.008838948667204452,0.0,1.5238706554439712,0.0610247018377747,0.48053999999999997,0.5094650000000001,0.55475,4,21,3,0.4890001758679482,0.553181807248107,51.68918918918919,-0.04538291064446909,-0.05120431459404963,0.5993775253369225,0.41955247466307766,0.04314955273235577,0.06104478052540155,0.05824651461691641,54617610.0,-0.2105379637493792,0,0,-1,0,0,-0.019982993197278837,0.867110363814671,0.5124070014612403,0.969055848652388,0.030715316429602124,-0.24969987995198073,1.9961352237707077,0.07799999999999996,0.0
2025-03-24,0.4301,0.5,0.01933465170745563,-0.041447189914173475,-0.08036814023051175,0.39356113054492686,-0.15059035863250114,0.47424999999999995,0.500065,0.5484033333333332,0,24,3,0.47829105298286667,0.5452410454901646,42.749371332774516,-0.04711652240831965,-0.05038675615690364,0.5810201994483838,0.4191098005516162,0.05680260207400881,0.0661623191581465,0.06188186978430568,54323333.0,-1.7284868785879268,0,0,-1,0,0,-0.06000000000000005,1.9613055199060636,1.1771691319576756,1.05029425593444,-0.09832285115303985,-0.30415790325190095,-1.2842250253564835,0.126249709369914,0.0
2025-03-25,0.4075,0.4301,-0.09197532110017276,-0.06391332574365277,-0.048895952557491865,-0.38617913440385254,-0.05397680710877327,0.46499999999999997,0.49127,0.5418766666666667,1,25,3,0.46541995244052725,0.536354526426283,41.530944625407166,-0.04974067381978864,-0.05025753968948064,0.572324630062516,0.410215369937484,0.057297252420117704,0.06605223410469821,0.062286874376304605,54123328.0,-2.0670009828035654,0,0,-1,0,0,-0.0032550569634967608,0.5969372111965465,1.1944160656739018,1.0485467098875034,-0.1395692567567568,-0.30150839904010973,-0.6632171393704929,0.1101840490797546,0.0
2025-03-26,0.4056,0.4075,-0.04973532728041877,-0.048023791241530646,0.0012335020683285334,-1.4090149687395843,-0.0046734804039438756,0.4578599999999999,0.48328000000000004,0.5358,2,26,3,0.4545435974513405,0.5279187505278132,22.420564084255616,-0.05138135456871984,-0.050482302665328486,0.5650680341386013,0.4014919658613988,0.056596151508992096,0.06599723952669309,0.062237566713777726,54074450.0,-1.8995443726734007,0,0,-1,0,0,0.0009815950920245681,-1.4274919276713236,1.1990474552914479,1.0476736980263524,-0.1357340720221606,-0.28263176512203747,-0.7087085212589509,0.05744575936883626,0.0
2025-03-27,0.4188,0.4056,-0.005901172768045106,0.009051936009437005,-0.0002465787215057695,-0.011999361864698348,0.032026026719408435,0.4537399999999999,0.47672,0.52937,3,27,3,0.44804476155109674,0.5208788311389221,28.337061894108857,-0.051028254248723204,-0.05059149298200743,0.5570083382883237,0.3964316617116762,0.05786892536330567,0.06673815326163714,0.06202994170962173,54122745.0,-1.4427998196202096,0,0,-1,0,0,-0.00024654832347137325,-1.3088763834307553,1.262086655300382,1.0594353389400364,-0.10969387755102034,-0.23854545454545462,-0.8387317453396769,0.06518624641833809,0.0
2025-03-28,0.374,0.4188,0.0,0.00461042771478256,-0.1184614408136119,1.577634040920749,-0.1131376815818499,0.44262999999999997,0.46892000000000006,0.5190666666666667,4,28,3,0.4345820776327155,0.5114027775170562,28.04428044280442,-0.05374387930572044,-0.051221970246750036,0.5573154892981518,0.38052451070184834,0.06100148836952801,0.06991570977512296,0.059575359495048795,53888829.0,-2.1476208968048507,0,0,-1,0,0,-0.03175740210124159,1.0024985446945822,1.1251184773996585,1.1098774848092579,-0.252,-0.2943396226415095,0.006268011069198323,0.19946524064171123,0.0
2025-03-31,0.3813,0.374,-0.047989005527991034,-0.08342160813907241,0.05640237513795878,-0.6392797810709085,0.019330669448986135,0.43305999999999994,0.46348500000000004,0.5092766666666667,0,31,3,0.42489442715403997,0.5030090499353107,28.123848138591953,-0.05467670373150785,-0.0519129169437016,0.5594646968763247,0.3675053031236753,0.06253292938733951,0.06880999497127963,0.05996469675458951,54012260.0,-1.7125496886263372,0,0,-1,0,0,0.03342245989304816,-0.38775459181423905,0.9102589977007726,1.0923248064576658,-0.11346198558474774,-0.22183673469387755,-0.8536356763629492,0.04956726986624713,0.0
2025-04-01,0.3822,0.3813,0.049221291574256,0.03946106888091351,-0.0028905551593831065,-0.10804577794851822,0.0023575649426546795,0.42391999999999996,0.458495,0.5003733333333333,1,1,4,0.4171318040351236,0.4952149176814197,30.979133226324223,-0.054712657868731474,-0.05247286512870758,0.5606032289680827,0.35638677103191724,0.06282605246529191,0.06885015894250594,0.059932693194361175,54123050.0,-1.4943947372517545,0,0,-1,0,0,0.06477838971938121,-0.47087909911518633,0.8787035321324251,1.0929623897348433,-0.062085889570552166,-0.20705394190871373,-1.852589565814182,0.09445316588173737,0.0
2025-04-02,0.3771,0.3822,-0.04020642047804059,-0.06349764670915493,-0.022084175417225103,-0.04154057860199601,-0.013433627541861266,0.41469999999999996,0.45385500000000006,0.49027666666666664,2,2,4,0.40985329421055566,0.4875946004116507,32.53265908133163,-0.05452415859882137,-0.05288312382273034,0.5620345870512465,0.3456754129487536,0.06276313428368628,0.0687584833287411,0.05874236008443923,54016768.0,-1.4190292659120605,0,0,-1,0,0,0.0204081632653062,-0.46434776281565454,0.8766426556466963,1.0915070844829775,-0.07026627218934922,-0.19748882741008722,-1.7092070084874045,0.04985415009281368,0.0
2025-04-03,0.3316,0.3771,-0.03895408203585048,0.006127157284673516,-0.11445926767728916,-0.1973642241711819,-0.12858098100317142,0.40081999999999995,0.44243000000000005,0.47879666666666665,3,3,4,0.39562542253590915,0.47753043264315714,20.217306946061314,-0.0573847456825235,-0.05378344819468897,0.5516242566537237,0.3332357433462764,0.06962672261534421,0.054862540240287756,0.06160537831109666,53929522.0,-2.0299602450972065,0,0,-1,0,0,-0.005303632988597194,-0.6650362645015969,1.0338392524568651,0.8709158266144512,-0.2082139446036294,-0.407962863774326,-0.48975837540779826,0.18516284680337758,0.0
2025-04-04,0.3362,0.3316,-0.039423346318624736,-0.07092179316304788,-0.0978473323070432,0.608583555921106,0.013776797713375198,0.38444,0.43249000000000004,0.46779,4,4,4,0.38482080025665294,0.4684123402145664,22.305271439811165,-0.05860503760642094,-0.05474776607703537,0.542394856469743,0.3225851435302572,0.06366365874862741,0.055279350721534566,0.061934817542700436,54089865.0,-1.7522428597413067,0,0,-1,0,0,0.08745476477683947,0.41446476745757627,0.9182785659245023,0.8775324878777965,-0.10106951871657754,-0.371588785046729,-1.984402960926417,0.19452706722189178,0.0
2025-04-07,0.3291,0.3362,-0.1425250463054213,-0.07045764397676613,0.009271589595557782,-0.5324260155773481,-0.021344565025221016,0.37433999999999995,0.424295,0.45815666666666666,0,7,4,0.37468974566453417,0.4594244472974976,21.985265606824342,-0.05945962486752093,-0.055690137835132485,0.5395160593957019,0.30907394060429805,0.0524361716498875,0.05362581546649765,0.06115969530706845,53995715.0,-1.6523889035436354,0,0,-1,0,0,-0.06989886972040459,-0.509170371682127,0.8520034788276931,0.8512834294643639,-0.13690007867820608,-0.33245436105476667,-1.8820198149357903,0.11455484655120028,0.0
2025-04-08,0.3,0.3291,-0.04146178980759448,-0.035814033475305845,-0.011269592258230881,-0.015164858824693768,-0.0925791812930932,0.36358999999999997,0.41429499999999997,0.44871,1,8,4,0.36110979190734616,0.44913899908475585,20.056597099398644,-0.06177293825023433,-0.05690669791815285,0.5363635652964467,0.2922264347035533,0.05565143162902771,0.055211924934478136,0.0621121928141202,53902982.0,-1.8726360832116216,0,0,-1,0,0,-0.08842297174111217,-0.5019432361687246,0.8924963490425876,0.8764621366907718,-0.21507064364207218,-0.4,-0.539541145749697,0.09700000000000006,0.0
2025-04-09,0.3401,0.3,0.06453852113757116,0.051809721332211484,0.0,-0.02039353006456602,0.12545721735694884,0.3570399999999999,0.40745000000000003,0.44120000000000004,2,9,4,0.3572898297423741,0.4421042249502555,29.74821262045384,-0.059682537758055654,-0.05746186588613342,0.5300656940322397,0.2848343059677604,0.07582297635373891,0.06511958015364194,0.06810240363833696,53993843.0,-1.0985543169097347,0,0,-1,0,0,0.06666666666666674,-0.5514370081244699,1.5778084701665298,1.0337412874048433,-0.09811721028904796,-0.2870020964360587,0.8130342810809521,0.13701852396354022,0.0
2025-04-10,0.3041,0.3401,-0.021159797835626125,-0.033145723809322965,0.009290046907092734,-0.6772605725090489,-0.11188309732983084,0.34556999999999993,0.399655,0.43300333333333335,3,10,4,0.347618951607397,0.43320072656636804,20.146296860713207,-0.06023641158602899,-0.058016775026112535,0.5278972621113269,0.27141273788867304,0.07878262025712128,0.06813003459030097,0.07008900438074885,53947685.0,-1.4902263641770261,0,0,-1,0,0,-0.07880035283740074,-1.1225195320145853,1.5186411617179434,1.0815307700409882,-0.0829312424607962,-0.3389130434782609,0.9551303639831653,0.1068727392305162,0.0
2025-04-11,0.335,0.3041,-0.04337872330194506,-0.0008951216471162719,-0.019677139793579695,0.5840678705977969,0.09677393714174769,0.34167,0.39215,0.4265033333333334,4,11,4,0.3453245967696884,0.42686519582015076,33.55240401245244,-0.0575189462195006,-0.05791720926479015,0.5168574808960219,0.2674425191039781,0.08324123822083702,0.07150410754091252,0.07324521306830215,54030461.0,-0.9165448550380113,0,0,-1,0,0,-0.013482407102926645,-0.5315795425656986,1.7313703492256265,1.1350925176372368,-0.0035693039857227493,-0.3094207379921665,0.3155448703279292,0.11373134328358216,0.0
2025-04-14,0.313,0.335,0.04847265345077798,0.027382838519411673,0.015374634397526054,0.03894142190064769,-0.06792734128491323,0.33483999999999997,0.38395,0.42060333333333333,0,14,4,0.3394473973570178,0.4195190541543346,33.62218370883882,-0.05648937710077323,-0.05763164283198677,0.506718236942458,0.2611817630575421,0.08448063046282125,0.0723672377255749,0.07297659050418194,53944398.0,-1.1558364242577601,0,0,-1,0,0,-0.06000000000000002,-0.46602404416704324,1.7996015118002295,1.1487942845433763,-0.048921300516560295,-0.3438155136268344,0.5829114961965101,0.136741214057508,0.0
2025-04-15,0.2902,0.313,-0.04847265345077799,-0.13307508415208294,-0.03888909318672047,1.1670588994123938,-0.07563285009006576,0.32564,0.37478,0.41420999999999997,1,15,4,0.33049332511028723,0.411175889370184,31.351001939237236,-0.05685778446244527,-0.05747687115807847,0.496748375546861,0.252811624453139,0.08596370924978687,0.0733179335691534,0.0738090653510417,53667918.0,-1.3869168892473087,0,0,-1,0,0,-0.041533546325878634,1.966737832331008,1.7569597113685242,1.1638861131908051,-0.03266666666666662,-0.3872466216216216,0.5681845784067087,0.039283252929014544,0.0
2025-04-16,0.2901,0.2902,-0.03355678352884264,0.02781137860130747,0.0003447681468387447,-1.6941633939736178,-0.00034464932272914363,0.31693999999999994,0.36582000000000003,0.4082166666666667,2,16,4,0.3231490841811441,0.4033645416688818,28.282146473169092,-0.05650644795706067,-0.05728278651787491,0.4848453330039436,0.24679466699605646,0.08623851500725023,0.07342242268427865,0.07382109008953787,53617114.0,-1.2723341844797231,0,0,-1,0,0,-0.0003445899379737732,-0.9409404985321398,1.3055007589893775,1.1655448264708126,-0.14701558365186707,-0.38184530151289153,1.2235838295176815,0.06825232678386757,0.0
2025-04-17,0.3079,0.2901,0.03355678352884255,0.026744669494344633,0.03355678352884255,0.7013997830428357,0.05954936380309636,0.31456999999999996,0.357695,0.39981000000000005,3,17,4,0.32037652342093603,0.3972055389805669,37.727441515039,-0.05416729316843105,-0.05665968784798615,0.4685679282218641,0.24682207177813587,0.08235808144391998,0.07557150693203853,0.06456728256163578,53719564.0,-0.8982354989372494,0,0,-1,0,0,0.03412616339193369,-0.3219109070887495,1.2191497203961008,1.1996604812674063,0.012495889510029778,-0.3454506802721088,0.24701068298028672,0.059434881455017984,0.0
2025-04-21,0.311,0.3079,0.02078253918252863,0.028493720787259355,0.0,-0.8501521006733708,0.010017857248779453,0.31204999999999994,0.348245,0.3923433333333334,0,21,4,0.31867170098076586,0.3916438913044013,36.74085250848737,-0.05147003750020629,-0.05562175777843018,0.43831455149899,0.25817544850101004,0.08227318180343549,0.07347971783054728,0.06455019541207198,53763346.0,-0.8270275443842457,0,0,-1,0,0,-0.005196492367651804,-0.9949228288231907,0.8900982670257215,1.16645435872096,-0.07164179104477619,-0.378,0.19702850261040936,0.08842443729903544,0.0
2025-04-22,0.313,0.311,-0.02078253918252862,-0.021605778714581848,0.0,0.49305874668669314,0.006410278360919019,0.31043999999999994,0.34239,0.3863433333333333,1,22,4,0.3176404826206266,0.3865700918654077,37.00225394440272,-0.048610705708859836,-0.05421954736451611,0.4249679861188248,0.25981201388117525,0.08212547568115026,0.06810035555386824,0.06356362934678304,53835031.0,-0.7118119823777145,0,0,-1,0,0,-0.035369774919614176,-0.5660304437996125,0.7617065632895298,1.08105962994367,0.0,-0.2722622645896303,-0.6790214334438304,0.06549520766773169,0.0
2025-04-23,0.32,0.313,0.025342807671795142,0.012711378719766003,0.005650671508814391,-0.09156050523015065,0.022117805253618974,0.31243999999999994,0.33801500000000007,0.3803433333333333,2,23,4,0.31806948578051264,0.3822752472289298,39.35098843715033,-0.04525811577878658,-0.05242726104737021,0.41516151202586815,0.260868487974132,0.07644796288810235,0.0679024496999269,0.06370163795740151,53900444.0,-0.46703342839296286,0,0,-1,0,0,-0.016932907348242897,-0.5884127128047102,0.38987574045251744,1.0779179719084742,0.10268780151619561,-0.21472392638036808,1.6604510430609973,0.07156249999999992,0.0
2025-04-24,0.3341,0.32,0.014838981961036826,0.059500435373222284,0.027461679941387797,-0.08034468101426107,0.04311935356893852,0.31184,0.33444,0.37557999999999997,3,24,4,0.3209841247295103,0.37916716676254725,50.52809463455852,-0.04099089442868603,-0.05013998772363337,0.4047206524388594,0.2641593475611406,0.064547536856458,0.0689624749092994,0.06420191311401233,53960807.0,-0.009675493559078431,0,0,-1,0,0,-0.024062499999999952,-0.6863670071355901,0.3710730821748344,1.094745350433227,0.15167183729748346,-0.17628205128205132,0.6414626457317046,0.10296318467524689,0.0
2025-04-25,0.407,0.3341,0.037087845858468776,0.321220713580928,0.04415728404109843,2.372540122048792,0.19737283607988404,0.3221299999999999,0.33385000000000004,0.37381333333333333,4,25,4,0.33662337477869025,0.3809628334230281,61.60655737704917,-0.03136511252272478,-0.04638501268345166,0.4012894699507037,0.2664105300492964,0.08388209532235558,0.08520085105793865,0.07626788725743935,54608176.0,2.169352755989053,0,0,-1,0,0,-0.029931158335827622,3.8223077385378152,1.4211828245740092,1.3525215803421606,0.32185774602143535,-0.028175740210124256,2.091610778313516,0.3707616707616707,0.0
2025-04-28,0.384,0.407,0.10782584818537916,-0.12139481343816594,0.07630945243699995,-1.4876194834215493,-0.0581706328548681,0.32703,0.33435000000000004,0.3704433333333333,0,28,4,0.3452373066371102,0.3811587796538005,58.55406668744157,-0.025300866157396462,-0.042168183378240624,0.40317684606177095,0.2655231539382291,0.0843139442555391,0.08251138119975807,0.0761579924975672,54461929.0,1.4427509857255387,0,0,-1,0,0,-0.113022113022113,0.1428538354697533,1.6321570230985882,1.3098275699220607,0.234726688102894,0.02673796791443861,1.4714570669835316,0.18463541666666672,0.0
2025-04-29,0.4028,0.384,0.10008345855698263,-0.001903402906327654,0.10904155392810919,-1.0734539838548605,0.04779760825668026,0.33601,0.33542500000000003,0.36797,1,29,4,0.35570325088490834,0.3825549874180715,66.54861558274308,-0.018761631926356936,-0.03748687308786389,0.4079136597437289,0.26293634025627116,0.07952534717816036,0.08305539362072091,0.07675162776457416,54511920.0,1.8589114556178208,0,0,-1,0,0,0.039062500000000035,-0.5494999522673404,1.593169520818172,1.318463499378048,0.2869009584664537,0.056386047731445066,1.1844742571290154,0.07398212512413106,0.0
2025-04-30,0.5778,0.4028,0.028414512002619265,0.3192112003419873,0.03253344543407231,1.9446205144207447,0.36078762718772756,0.3647699999999999,0.34520500000000004,0.37144333333333335,2,30,4,0.3960844779967432,0.39515143984271206,76.67789001122334,0.0005356214674929194,-0.02988237417679253,0.47466066159019893,0.21574933840980118,0.14377669464422171,0.12677630123209072,0.11072330129516958,54861406.0,3.5934310966838363,0,0,-1,0,0,0.019116186693147928,1.4953665210686136,3.062861134545621,2.012511391180341,0.8056249999999998,0.5117739403453689,1.0297614407874396,0.3025268258913118,0.0
2025-05-01,0.4951,0.5778,0.34185185913965194,0.0,0.15825426560555805,-0.9546391154088703,-0.15446802566475748,0.38526999999999995,0.351105,0.3723033333333333,3,1,5,0.4140873001791535,0.4015997340464081,69.40268183665177,0.009051297243671652,-0.022095639892699696,0.4964605854189712,0.20574941458102877,0.1588239291351869,0.13218407017264486,0.11424776524024037,54726871.0,1.981279213797674,0,0,-1,0,0,0.0,-0.01687577856275436,3.654977706924366,2.098357061766774,0.48189164920682415,0.31291434632723414,0.6989669758751323,0.21349222379317304,0.0
2025-05-02,0.4578,0.4951,-0.18502510424498192,-0.10501443501758372,-0.04661079955409703,-0.8750808094857819,-0.078327354848911,0.40025999999999995,0.357415,0.3718833333333333,4,2,5,0.42203506378294375,0.40522555765631724,62.31448054552747,0.012644475732202898,-0.015147616767719177,0.5099833456921111,0.20484665430788887,0.1649026906062959,0.12999780689736584,0.11524298301133237,54670793.0,1.3159348296609423,0,0,-1,0,0,-0.030094930317107593,-0.5521065324990034,3.6530113106461015,2.063651208205363,0.1248157248157249,0.3805790108564535,1.7688138605782173,0.15203145478374835,0.0
2025-05-05,0.412,0.4578,-0.0045919512956969135,-0.06821051160269381,-0.08955667864861777,-0.26326698643157465,-0.10540905816893995,0.41035999999999995,0.361205,0.36894999999999994,0,5,5,0.4202105067314994,0.4056626184526839,59.47549770290965,0.011661986220571186,-0.009785696170061106,0.5153125424291187,0.20709745757088133,0.17148137696079133,0.1328954950221203,0.11624715810156795,54627695.0,0.659214976753821,0,0,-1,0,0,0.04412407164700742,-0.5962006331165853,3.7388013382222867,2.1096505811361155,0.07291666666666652,0.22546103509815585,1.7741643870847454,0.179368932038835,0.0
2025-05-06,0.373,0.412,-0.17939696728512652,-0.19578907620552793,-0.10697994921012931,0.6489943747272368,-0.0994449297057108,0.41635999999999995,0.36340000000000006,0.3670466666666667,1,6,5,0.41162677823486316,0.4035553527460592,57.68659487560342,0.007648218241707971,-0.00629891328770729,0.5168312258133749,0.20996877418662516,0.17658054459446454,0.13502341754447889,0.11466454236685102,54545222.0,0.125137499868206,0,0,-1,0,0,-0.03033980582524261,-0.32017247530884496,3.8378482128915876,2.14343030395636,-0.07398212512413105,0.1333941051352172,2.176420268374164,0.07855227882037547,0.0
2025-05-07,0.4229,0.373,0.0871990940380176,0.2826632413398381,0.07767111572379241,0.519640465344033,0.1255573248346273,0.42665,0.369545,0.36756,2,7,5,0.4136764549194335,0.40480339450437797,61.28484024473148,0.008396995828163167,-0.0033597314645331987,0.5221269120888808,0.21696308791111915,0.17954678029585516,0.13530077076964214,0.1166973338434021,54683894.0,0.6993620576588401,0,0,-1,0,0,0.16863270777479897,0.0512966720851262,1.7283604115613238,2.147833149910982,-0.26808584285219794,0.4096666666666666,1.9389759299274347,0.3071648143769213,0.0
2025-05-08,0.4069,0.4229,-0.08594831213636489,-0.18610227963386075,-0.0002499687552073415,-0.2951712983150955,-0.03856828947079871,0.43393,0.372885,0.36760333333333334,3,8,5,0.4124443722068092,0.4049386593750633,58.43845891578588,0.007611599397856994,-0.0011654652920551603,0.5256773706481358,0.22009262935186424,0.1812501212747443,0.1334754837362474,0.11696968374177137,54580666.0,0.44524474429855937,0,0,-1,0,0,-0.054149917238117705,-0.19779545928127157,1.5454591760957659,2.118857616540942,-0.1781458291254292,0.19641281975889435,1.9120218438391836,0.0983042516588842,0.0
2025-05-09,0.44,0.4069,0.048790164169431834,0.22314355131420976,0.0002499687552072184,0.9560746398168289,0.07820727190466255,0.4372299999999999,0.37968,0.36831,4,9,5,0.41745448635102567,0.4072006813508657,60.46059033409017,0.00954997428125981,0.0009776226226078338,0.531677764532946,0.22768223546705402,0.1705457367429263,0.13098795667496166,0.11768848152021127,54849210.0,0.7936958834276202,0,0,-1,0,0,0.03219464241828459,0.8580140520429732,1.681021627834564,2.0793693486387097,-0.038881607688947106,0.4468924695823744,0.5255224717744243,0.34068181818181825,0.0
2025-05-12,0.51,0.44,0.15415067982725836,-0.055704925211965475,0.07207069282441879,-0.08080451171441325,0.14763599880606468,0.44982999999999995,0.38843,0.3728433333333333,0,12,5,0.43428094337811185,0.4138328954572615,64.38796377446684,0.016543858030008296,0.004090869704087926,0.5494769183085957,0.22738308169140428,0.17352663681471223,0.13334787602633344,0.11877340383003647,55096908.0,1.509746368037287,0,0,-1,0,0,0.1136363636363636,0.6544315668637597,1.7485438216307552,2.1168319069461012,0.23786407766990303,0.5223880597014925,-0.4822473231653982,0.1768627450980392,0.0
2025-05-13,0.478,0.51,0.024991224049316488,-0.019606568085670274,0.0678759689136574,-1.2015453739911244,-0.06479999322691547,0.4573499999999999,0.39668000000000003,0.37606666666666666,1,13,5,0.44222986276390963,0.4179727086535672,61.13303269447576,0.01928215603224709,0.007129126969719759,0.5583608890892612,0.23499911091073886,0.17650309781752718,0.13324044579563044,0.11964800101201954,55022418.0,1.0059321229376046,0,0,-1,0,0,-0.014901960784313826,-0.5155672140753037,1.5917523668211226,2.1151265049037185,0.2815013404825737,0.5271565495207666,-0.3159982192003019,0.10439330543933055,0.0
2025-05-14,0.47,0.478,-0.05502973316854392,-0.03592483705694832,-0.02241359483690001,-0.8141270241505293,-0.01687803778735175,0.4465699999999999,0.40567000000000003,0.37899333333333335,2,14,5,0.4472789786250169,0.4213293080952726,59.6588486140725,0.02056962989688149,0.009817227555152106,0.5623391465338332,0.24900085346616685,0.10443600291830184,0.1315671409452849,0.11976154470208586,54989417.0,0.8212210434950915,0,0,-1,0,0,-0.005230125523012557,-0.7183404148304348,1.4752164524340363,2.088563613894044,0.11137384724521149,0.6195727084769123,0.8475589952382089,0.08957446808510633,0.0
2025-05-15,0.4643,0.47,-0.06831711968738835,-0.016390450926283873,-0.0454623740767574,1.1574320098840403,-0.012201799678228202,0.44349,0.4143800000000001,0.3819,3,15,5,0.45037370978410474,0.4241016107988034,54.502593116454506,0.0208892219002631,0.012031626424174307,0.5631670764119554,0.26559292358804476,0.09439938831535667,0.13174416216104318,0.11975247873798749,54884416.0,0.6710260219346408,0,0,-1,0,0,-0.05510638297872336,-0.24845683574388563,1.4167801082720182,2.091373738576116,0.14106660113049885,0.6004825922095827,0.7821038750081658,0.11651949170794741,0.0
2025-05-16,0.4409,0.4643,0.029945677767531494,-0.051065007462507916,0.02298951822469878,-0.032119577682406295,-0.05171280266198403,0.4417999999999999,0.42103,0.38554333333333335,4,16,5,0.4486512170960857,0.4251853778440419,54.46835244228051,0.019034894018009174,0.01343227994294128,0.56143126105992,0.28062873894008,0.09257380032809212,0.13275712987550398,0.11771458385031312,54782734.0,0.28304589075620823,0,0,-1,0,0,-0.014430325220762404,-0.27096581635805345,1.4233089376485275,2.1074541025277207,0.0020454545454544615,0.4319584280610589,1.9165122774742513,0.045361760036289445,0.0
2025-05-19,0.4373,0.4409,-0.03922071315328127,-0.043316044106906516,-0.04176941287629503,-0.0950092868579943,-0.008198633945017028,0.44433,0.42734500000000003,0.38891333333333333,0,19,5,0.4465873594422519,0.4259669663702328,52.77554304102976,0.0170779716713087,0.014161418288614766,0.5579266699551177,0.2967633300448823,0.0858609729442992,0.13293089561786955,0.11779393101297687,54690268.0,0.15247162949319965,0,0,-1,0,0,-0.00204127920163305,-0.35415730165413817,0.3937100322655533,2.1102125481718117,-0.14254901960784316,0.40610932475884254,-0.6798382853758751,0.04230505373885208,0.0
2025-05-20,0.4699,0.4373,0.0,0.06482224932786994,0.013884209386759463,-0.8517816138682224,0.07190044768989506,0.45402,0.43518999999999997,0.3936066666666667,1,20,5,0.45082602136184247,0.4288013556366694,38.73930285952828,0.017950719443309116,0.014919278519553637,0.5552778958879376,0.3151021041120623,0.07957140265845361,0.13331430218970308,0.1180831159251,54729719.0,0.5780765787151492,0,0,-1,0,0,0.006174251086210793,-0.7053542038498972,0.7342772330291693,2.116298938812408,-0.01694560669456069,0.5012779552715654,1.4546048348063019,0.08959353053841237,0.0
2025-05-21,0.419,0.4699,0.009950330853168092,0.0,-0.06542697365211617,1.2354313855308332,-0.11464898618663226,0.45363,0.44014,0.3975733333333333,2,21,5,0.4450394720233256,0.42816901011172304,41.493404873686565,0.01436953072401248,0.014809328960445407,0.5477490076539363,0.33253099234606365,0.07998992992399946,0.13676094179717802,0.1187552985511196,54594013.0,-0.3929039113153961,0,0,-1,0,0,-0.05426686529048727,-0.06775806785722227,1.060807291157945,2.1710126463738715,-0.10851063829787233,0.30937499999999996,0.24874966296521225,0.16515513126491643,0.0
2025-05-22,0.4051,0.419,-0.08938716150120286,-0.1453947984398322,-0.1355293952871957,0.3474992602815081,-0.03373696971349278,0.45344999999999996,0.44369,0.39974000000000004,3,22,5,0.4377777498372664,0.4266806868787087,43.78391129983486,0.010291168841668752,0.013905696936690077,0.5407356626208891,0.3466443373791108,0.079746164801464,0.13717782965837225,0.11701206319580652,54401918.0,-0.7952957186917788,0,0,-1,0,0,-0.030071599045346065,0.2796421702270013,1.0603741392384223,2.177630536005801,-0.12750376911479644,0.21251122418437585,0.5611258649392715,0.13922488274500125,0.0
2025-05-23,0.3699,0.4051,-0.04119115714057995,-0.015873349156290007,0.02817087696669644,-0.39505847560154606,-0.09090125137023661,0.44643999999999995,0.44183500000000003,0.4019333333333333,4,23,5,0.4254363407759452,0.4230174167575017,44.9068473263973,0.0041706155852266336,0.01195868066639739,0.5431576482805321,0.340512351719468,0.07896706356827643,0.13049256392664677,0.11640465316349331,54272515.0,-1.4199194596815818,0,0,-1,0,0,-0.0372747469760553,0.038954689480869414,1.1436054158137179,2.0715052325586334,-0.16103424812882738,-0.09115479115479108,0.7111737765358261,0.10813733441470677,0.0
2025-05-27,0.4,0.3699,-0.02203588839918045,0.06859279146561167,0.05800681927435602,-0.1812634087630522,0.07823184826957368,0.43543999999999994,0.442635,0.40409999999999996,1,27,5,0.42081155154395516,0.42153242212798553,53.33827893175074,0.001728921545732398,0.009912728842264391,0.5422736159650081,0.3429963840349919,0.06198324043163293,0.13086345810840316,0.11592735195408795,54380465.0,-0.8557926981838625,0,0,-1,0,0,0.03135982698026493,-0.19637042666108737,1.409013944441684,2.077392995164523,-0.08529613537617198,0.04166666666666674,0.22342863199031898,0.11725,0.0
2025-05-28,0.365,0.4,-0.003939598004080203,-0.042925044717034,-0.05800681927435604,-0.10783385128257786,-0.0915671935254905,0.42413999999999996,0.440745,0.4058333333333334,2,28,5,0.4106639967177815,0.41788516908747037,42.56739409499358,-0.0029958122065292803,0.007331020632505657,0.5448969431652955,0.3365930568347046,0.06423311989178399,0.13223158551391576,0.11649684218630332,54283550.0,-1.4545095885496466,0,0,-1,0,0,-0.050000000000000044,-0.3644044933635266,1.2209629596522218,2.0991113444255527,-0.22323898701851452,-0.09384309831181725,1.6033159209012,0.13808219178082193,0.0
2025-05-29,0.3611,0.365,0.05603204873472382,-0.020928992401404386,0.00027773920467390965,-0.2156266028649109,-0.010742425299079473,0.41324999999999995,0.42991,0.4081966666666667,3,29,5,0.4016523609509121,0.4142216097915045,43.932167461579226,-0.006974497485862152,0.004469917008832095,0.5178544058952406,0.34196559410475946,0.06434530139885926,0.08453795076031054,0.11550319336299458,54205433.0,-1.564852233625106,0,0,-1,0,0,0.10109589041095887,-0.5554645308281085,1.1025555866933308,1.3419983643528326,-0.13818615751789975,-0.3750432675666321,1.0724844554335855,0.11575740792024372,0.0
2025-05-30,0.3544,0.3611,-0.1070483731717434,-0.08621999621505651,-0.0530340916439846,0.2684401773509934,-0.018728709552486168,0.40225999999999995,0.422875,0.4103399999999999,4,30,5,0.3930610225962008,0.4103621510952784,37.806267806267805,-0.0105466925339337,0.0014665951002789364,0.5113708964368566,0.3343791035631434,0.06424407220044594,0.07941305794030214,0.11562378529015122,54103262.0,-1.547529382876146,0,0,-1,0,0,0.0,-0.14741279733796409,1.1025967582311615,1.260643212967216,-0.1251542828931128,-0.28418501312866085,0.8628179026216588,0.07674943566591423,0.0
2025-06-02,0.3629,0.3544,-0.06551749181893211,-0.0013570364411214031,-0.009710242546364949,-0.2031914357273,0.02370109548809877,0.3944599999999999,0.41813,0.41217333333333334,0,2,6,0.38757720030598247,0.40730007683106695,24.594127806563037,-0.012547167941580284,-0.0013361575080929077,0.5088890007243332,0.3273709992756668,0.06524620263348131,0.07845220996725598,0.11527937757327568,54186646.0,-1.2170693718356997,0,0,-1,0,0,-0.04571106094808124,-0.4763225399260622,0.981323184510517,1.2453902242606922,-0.018924033522573658,-0.20729576234163383,-0.03609362361290534,0.0826674014880133,0.0
2025-06-03,0.357,0.3629,0.19251972323387345,0.1075308908993759,0.03429571801897929,1.2448577345995528,-0.01639153243938564,0.38642999999999994,0.41538,0.4137066666666666,1,3,6,0.3820177093412584,0.40405491058390136,27.031131359149583,-0.014442159580715597,-0.003957357922617446,0.5101647778243789,0.3205952221756212,0.06516992201898011,0.07549844382825072,0.11538839979808048,53897100.0,-1.2318433685241932,0,0,-1,0,0,0.1297878203361807,2.3170229045977404,0.6437243102124403,1.198500640451584,-0.10750000000000004,-0.1334951456310679,-1.16220661321379,0.16806722689075632,0.0
2025-06-04,0.377,0.357,-0.050010420574661305,-0.02469261259037141,0.01980262729617973,-1.5518005107934278,0.05450940566837171,0.37714,0.41558,0.41584000000000004,2,4,6,0.3811053985519387,0.4023094324817142,33.11546840958607,-0.014166815029260704,-0.005999249343946098,0.5100044526863226,0.32115554731367746,0.06244854421825969,0.073519791548238,0.11568564176266029,53958445.0,-0.817161209886226,0,0,-1,0,0,0.09243697478991605,-0.8733138471169781,0.514290411421134,1.1670905092676767,0.03287671232876721,0.01072386058981234,1.0923610751808823,0.11405835543766589,0.0
2025-06-05,0.3645,0.377,-0.05264373348542203,-0.030459207484708574,-0.010418227414539506,0.15343549802529033,-0.03371863599929791,0.37168999999999996,0.4126600000000001,0.4173233333333333,3,5,6,0.3780862351788589,0.3998701142570875,32.317505315379165,-0.014786795052716184,-0.007756758485700115,0.5097068666044592,0.315613133395541,0.054676822937228434,0.06709031091851467,0.11595741292414252,53886927.0,-0.9925101486540371,0,0,-1,0,0,-0.018567639257294447,-0.6768782101899071,0.5828728435613939,1.0650256684343473,0.009415674328440815,-0.13809411208323485,0.8709156154556789,0.09519890260631005,0.0
2025-06-06,0.389,0.3645,0.024824443056583198,0.03020917622949913,0.004800235110316163,0.4276361036844314,0.06505279216973354,0.37007999999999996,0.41176500000000005,0.4191533333333333,4,6,6,0.38007055605543,0.3991688165630819,40.84009883515708,-0.013149607947985087,-0.00883532837815711,0.5093641215548079,0.3141658784451922,0.059462494517174766,0.06850710457988113,0.1162677431858659,53996609.0,-0.46650010035625383,0,0,-1,0,0,0.040603566529492555,-0.15607051635334518,0.6956796941165797,1.087516570556757,0.09762979683972928,-0.04399115261735065,-0.17672100295248655,0.11542416452442159,0.0
2025-06-09,0.45,0.389,0.05338706716833603,0.3187037623737441,0.11934675763256623,2.2499588300095046,0.14566823914591906,0.37809,0.412265,0.4205866666666667,0,9,6,0.3927850004089881,0.40244824775256055,51.863809803346044,-0.006850961550284307,-0.00843845501258255,0.5105730502237552,0.3139569497762448,0.07001152212367165,0.07499749132349404,0.11298744226614085,55037200.0,0.767688910808684,0,0,-1,0,0,0.028534704370179943,4.0610948840181855,1.2030016443840617,1.1905482659741378,0.24001102232019833,0.022727272727272707,0.5985729747130749,0.33333333333333337,0.0
2025-06-10,0.4382,0.45,0.13951197361995138,-0.15718558352241252,0.048790164169431834,-0.7768419131147798,-0.02657215560299933,0.3819099999999999,0.408675,0.42239333333333334,1,10,6,0.4010422730618994,0.4047548124136857,45.04532666458268,-0.002779361534418545,-0.00730663631694975,0.4966570286784522,0.32069297132154784,0.06810202433727974,0.0656569959766977,0.11251764532606325,54558678.0,0.6711597912320241,0,0,-1,0,0,0.02222222222222224,1.3496781523749701,1.2371505931382598,1.042272499115463,0.22745098039215694,-0.14078431372549027,0.5586128902339634,0.1141031492469192,0.0
2025-06-11,0.3802,0.4382,-0.11506932978478723,-0.10064352577968741,-0.15220812336792056,-0.6356145360706895,-0.14197799710703735,0.38342999999999994,0.40378500000000006,0.42163999999999996,2,11,6,0.39725276886882677,0.4031706309676415,44.067278287461775,-0.004184468513048933,-0.006682202756169587,0.48624150273969363,0.3213284972603065,0.07630665551757387,0.07051435849549918,0.11518298097657796,54305248.0,-0.572059187968605,0,0,-1,0,0,-0.06435417617526244,0.32268529047773464,1.742684263436127,1.1193807386300731,0.008488063660477385,-0.20460251046025102,0.2680627074179495,0.16912151499210934,0.0
2025-06-12,4.16,0.3802,2.1972245773362196,2.307958863684233,2.255180162457951,-1.1127951762080837,2.3925729232009805,0.76332,0.5882850000000001,0.5410466666666667,3,12,6,1.0813886290744947,0.6455467192923098,95.87089838500819,0.2962848575693695,0.05391120930893824,2.2714059923365664,-1.0948359923365665,3.1420113231581537,2.2260562905662233,1.818926042672312,54388535.0,4.2441571536002565,0,0,-1,0,0,8.705418200946871,-0.4398590180749841,70.48294262302423,35.33754809561499,10.41289437585734,7.851063829787234,2.23278811397189,0.20021634615384615,0.0
2025-06-13,3.87,4.16,0.14129252488388958,0.006415288002422867,0.059255696209093045,-0.2448176683305165,-0.07226056723148144,1.1148799999999999,0.7585700000000001,0.6535433333333334,4,13,6,1.5884088783336776,0.8535759632089349,90.2523173172022,0.5051849294850037,0.14416595334415133,2.989010067129024,-1.4718700671290237,3.1438984948803164,2.226775536109374,1.8183297395001894,54323334.0,2.7899696081096392,0,0,-1,0,0,0.02163461538461535,-0.5091244325368244,70.7259529551849,35.3489657646476,8.948586118251928,7.335128149903081,2.2328206744388845,0.16806201550387592,0.0
2025-06-16,4.51,3.87,-0.04820210181787775,0.3738734221193742,-0.000575508038740357,2.3707600557122137,0.15304264647289648,1.52959,0.962025,0.7886166666666667,0,16,6,2.1196072640911905,1.0894742881631971,91.45150879457802,0.7141501148378795,0.25816278564289696,3.7444901250477725,-1.8204401250477722,3.1393520187388444,2.224561485554765,1.8170412713657669,55021345.0,2.5502386125605683,0,0,-1,0,0,0.04651162790697667,1.923972591095988,70.71211782648732,35.31381880170188,9.022222222222222,9.229076888183261,2.232607314937269,0.5769623059866963,0.0
2025-06-17,5.18,4.51,0.10758027239613922,-0.1349678524104844,0.1527673233806657,-1.4602065212804884,0.1385079027568046,2.01189,1.19916,0.9475499999999999,1,17,6,2.676042306983701,1.3533791727978297,93.04795622787255,0.9231781077515242,0.39116585006462246,4.544741514334158,-2.146421514334158,3.1337877627398187,2.2229645599316536,1.8155730878699772,55183415.0,2.379759681803641,0,0,-1,0,0,0.0,-0.20559904262288317,70.41061898869246,35.28846839333576,10.821086261980831,10.845415046878571,2.2311880126342167,0.2337644787644787,0.0
2025-06-18,6.13,5.18,0.15952109235562115,0.18640593631552688,0.1831839299413587,-0.1415902926189798,0.16838969367672832,2.5871899999999997,1.482165,1.13945,2,18,6,3.304034614804846,1.6615482584237762,94.11350880144371,1.1522094058149033,0.5433745612146786,5.464914005279442,-2.5005840052794417,3.1296569046278573,2.2219892004949404,1.813989446782385,55324088.0,2.3339833837577686,0,0,-1,0,0,0.021235521235521297,-0.3138535300280696,69.8385134995102,35.2729850422851,15.123093108890057,12.045328793360289,2.232998137614091,0.24070146818923333,0.0
2025-06-20,9.55,6.13,0.19826188493747318,0.5407831780649424,0.2104467205198027,2.6080711973403026,0.4433464045445189,3.5057400000000003,1.9387149999999997,1.443686666666667,4,20,6,4.439664684840328,2.1704806288480487,96.19975884244373,1.5913398028068402,0.752967609533111,7.272554527621985,-3.3951245276219857,3.112669440621832,2.2172192725668207,1.8139091002727246,57233421.0,2.8539610014826904,0,0,-1,0,0,0.05220228384991848,3.546220548588462,3.593079503354064,35.197264783868064,1.295673076923077,21.79236276849642,0.9998524142459371,0.5235602094240839,0.0
2025-06-23,10.76,9.55,0.387211667798814,0.28324747538391504,0.3638712108093274,-0.4318474464842598,0.11929440024099947,4.54284,2.4564600000000003,1.78879,0,23,6,5.588816560323904,2.7246431689223685,96.60913614560452,2.0137771246346334,1.0051295125534156,9.029749745757888,-4.116829745757887,3.1105340641796593,2.2153185648204987,1.8129041911249488,58473167.0,2.5264488014874864,0,0,-1,0,0,-0.005235602094240912,1.7731916832552987,2.8725137795505655,35.16709198379737,1.780361757105943,25.56134287830165,2.1613322358244758,0.5515799256505577,0.0
2025-06-24,9.36,10.76,0.12825433552367885,-0.24844426542750667,-0.05815043748056478,-0.9289729910174677,-0.13939026424413778,5.43384,2.905965,2.0861233333333336,1,24,6,6.274486276628648,3.1527307064112478,85.87538652810099,2.2101165975808,1.2461269295588926,10.080520814389555,-4.268590814389554,3.121558132247355,2.2159949247344177,1.8144690050925947,57983518.0,1.7991455267671201,0,0,-1,0,0,0.003717472118959194,0.2259716629831871,3.9109864269171144,35.17782886457139,1.0753880266075386,24.30413625304136,0.7227583656689387,0.33625000000000016,0.0
2025-06-25,8.3,9.36,-0.13671104554190244,-0.19680171269250235,-0.12910328453091768,-0.7262280024383917,-0.12018977568694823,6.22002,3.300965,2.34579,2,25,6,6.642761499059803,3.4848125963201997,79.15525920692397,2.254198901483571,1.4477413239438284,10.758888315938725,-4.156958315938725,3.125093340628485,2.218583307938472,1.8161960909335426,57746660.0,1.34059705047283,0,0,-1,0,0,0.006410256410256464,-0.3007299898079938,4.438265242396426,35.21891817410537,0.6023166023166024,19.75,0.9775129394212798,0.25216867469879506,0.0
2025-06-26,7.85,8.3,-0.1015931460029889,-0.12156228039691838,-0.022453203620962793,-0.7718194012992996,-0.0557419830082353,6.9670000000000005,3.675215,2.5915233333333334,3,26,6,6.862259408321657,3.766437590105993,76.68608423469351,2.227150006803593,1.6036230605157813,11.262885242057958,-3.9124552420579586,3.1218548899286027,2.2181006816749407,1.8161295634141488,57637191.0,1.1004128716241357,0,0,-1,0,0,0.025301204819276994,-0.561915111555723,4.5599712375921975,35.21125671968842,0.28058727569331166,20.506849315068493,1.6333625343154479,0.14775796178343945,0.0
2025-06-27,6.32,7.85,-0.09872375501004464,-0.06614733514914355,-0.17016462652332315,1.5203597235542734,-0.21679432363555096,7.182999999999998,3.97316,2.7865233333333337,4,27,6,6.763666788626811,3.931183552034639,69.09456170399083,2.058525943942602,1.6946036372011455,11.480442339421554,-3.534122339421554,0.2229857718576751,2.2208936179142493,1.8176693784946836,57136494.0,0.6252169277493371,0,0,-1,0,0,-0.01783439490445856,0.19442388607661074,1.9438287191043735,35.25559320798964,-0.33821989528795815,16.502076986984218,1.3470940509320914,0.27931962025316454,0.0
2025-06-30,5.53,6.32,-0.16458102210613082,-0.1309574577872017,-0.19423090203759025,-0.5935624845959868,-0.13353139262452263,7.348999999999999,4.23194,2.95538,0,30,6,6.539363736149209,4.034333000290469,65.62154050530148,1.8399341460436176,1.72366973896964,11.56887760391832,-3.1049976039183216,0.22725818425947242,2.2224093231476973,1.8185540840047116,56859931.0,0.3538424530983516,0,0,-1,0,0,0.03481012658227844,-0.2874482652161535,0.7957000136478857,35.27965428264114,-0.4860594795539033,14.603837471783297,-0.1019837958306987,0.3403435804701626,0.0
2025-07-01,5.03,5.53,-0.19524879129541425,-0.2430320486890132,-0.028912649276619514,-0.6813892534530577,-0.09476783142259555,7.400999999999999,4.465295,3.10835,1,1,7,6.264933965940262,4.098569580916891,63.70866621287572,1.6078188155410675,1.7004995542839256,11.577537103947186,-2.646947103947185,0.22802943811292473,2.223917797056277,1.8188671071338047,56720014.0,0.15879802508033222,0,0,-1,0,0,-0.02712477396021706,-0.5793614169722342,0.8242985394074839,35.30360056356913,-0.4626068376068375,12.860567649490218,-0.7550523271506695,0.1033797216699802,0.0
2025-07-02,6.27,5.03,-0.037883317902301365,0.20396817251203045,0.004044230419403718,1.1006067201548413,0.22035637053318133,7.510000000000001,4.760945,3.3027733333333336,2,2,7,6.265855063042032,4.238661866019028,66.42461154056375,1.5065567324915934,1.6617109899254592,11.64195832301245,-2.1200683230124486,0.2356250183294578,2.2213520021444952,1.817772877360645,57140603.0,0.43861417763956534,0,0,-1,0,0,0.029821073558648003,-0.007872535440983802,2.703256337945051,35.26286983205851,-0.24457831325301216,16.56302521008403,1.714021676125008,0.27748006379585327,0.0
2025-07-03,6.04,6.27,0.24981179839637124,0.014786198383416098,0.11942155253018343,-0.7369541681087707,-0.03737234269810568,7.5009999999999994,5.044095,3.4884433333333336,3,3,7,6.224790506125299,4.354877229501671,56.53685674547983,1.3917040265982257,1.6077095972600126,11.625059017520218,-1.5368690175202167,0.2310454986787061,2.222498395115562,1.8184673445934605,56939322.0,0.30266234471078846,0,0,-1,0,0,0.06060606060606073,-0.48527278345841685,2.7017848779219604,35.28106825629568,-0.23057324840764326,15.021220159151195,1.6139109312913305,0.20003311258278156,0.0
2025-07-07,5.6,6.04,-0.1129077212932092,-0.07648842556373707,-0.01647554761948195,-0.9308713026288882,-0.07563741420562008,7.106,5.3058700000000005,3.6611433333333334,0,7,7,6.111192232284335,4.435207730824144,55.9532002752925,1.250760122817404,1.536319702371491,11.508722707755226,-0.8969827077552237,0.13259286396703363,2.2230448203092665,1.8181730682082269,56859975.0,0.09483700931097654,0,0,-1,0,0,-0.01655629139072842,-0.7437684215245898,2.381108334734312,35.28974248733154,-0.11392405063291144,14.363511659807955,1.9887496395270976,0.14244642857142856,0.0
2025-07-08,5.59,5.6,-0.05894253563345009,-0.08067999956092599,-0.05971811989523772,-0.10946204786869451,-0.0017873105740957515,6.589,5.56592,3.8339733333333332,1,8,7,6.016430008232637,4.509710457867748,53.88489208633094,1.1252825899655639,1.4541122798903057,11.320747032967144,-0.18890703296714406,0.11977380774810875,2.2238500208740155,1.8179554993116407,56788855.0,0.008368626845621873,0,0,-1,0,0,0.0,-0.754743748193945,2.1766311779727454,35.30252465003066,0.010849909584086825,13.370179948586117,1.9043931432958952,0.11234347048300539,0.0
2025-07-09,6.23,5.59,-0.021661496781179193,0.10757148398529093,0.023171316383793873,0.6406394850042358,0.10839704563235406,6.276,5.854920000000001,4.02931,2,9,7,6.055260915826703,4.620696879940797,53.78514780100938,1.0652043794410098,1.3763306998004468,11.084564390687916,0.6252756093120846,0.12794276025672804,2.2242378794751487,1.8166637394949163,56923819.0,0.1434437877527122,0,0,-1,0,0,-0.01967799642218237,-0.546366228987518,2.0707960181401677,35.3086817144454,0.23856858846918483,12.844444444444445,0.9809939432061096,0.18747993579454256,0.0
2025-07-10,6.43,6.23,0.12182998573658055,0.1578857165762866,0.1417044037082275,0.762525265771195,0.03159820545016623,6.0889999999999995,6.15451,4.23031,3,10,7,6.123395294767302,4.7374261134930045,51.14329268292683,1.0219498910876865,1.3054545380578948,10.7222086083171,1.5868113916829012,0.1260311221516156,2.22351958483394,1.8169420886101337,57213139.0,0.12062529672968059,0,0,-1,0,0,-0.006420545746388448,-0.18777529894022427,1.1376961539798676,35.29727914051315,0.02551834130781505,13.67366499315381,0.7484711318864307,0.22827371695178844,0.0
2025-07-11,6.19,6.43,0.039593453419757556,-0.11122563511022437,-0.03352936325409093,-1.6135941943940182,-0.038039451553023185,5.923,6.445,4.424476666666667,4,11,7,6.135505241173247,4.831140557783779,33.09859154929576,0.9572695951859354,1.235817549483503,10.117781822514146,2.772218177485854,0.12560834676644494,2.2221424886987977,1.8165451341595777,57155515.0,-0.13885932370763238,0,0,-1,0,0,0.0015552099533438063,-0.6666355330312488,1.1392601657890187,35.27541841708306,0.024834437086092676,15.280904786954235,0.7501269627095479,0.14054927302100162,0.0
2025-07-14,6.33,6.19,-0.03959345341975756,-0.050086592404771625,0.0,0.026238874717460867,0.02236514945958009,5.924,6.5535,4.62344,0,14,7,6.170867924596292,4.927841166959019,25.0281848928974,0.9068531856311628,1.1700246767130351,10.066808681960309,3.0401913180396907,0.10903843484181011,0.1733028938247851,1.8163239725468934,57214671.0,-0.12723049423331287,0,0,-1,0,0,0.0,-0.6595485942124452,0.8931192053127966,2.751098151289276,0.13035714285714284,0.5216346153846154,0.9755834283155891,0.08496050552922602,0.0
2025-07-15,5.98,6.33,-0.009740336748384754,0.009233960160284138,-0.005071862097960228,0.03889167230437842,-0.05687966819354443,5.968999999999999,6.659000000000001,4.81096,1,15,7,6.136164665578784,4.995722381993922,28.388746803069054,0.8290984124970118,1.1018394238698304,9.952885243902834,3.365114756097168,0.10177880424565243,0.17288008597286983,1.8165978196337722,57153169.0,-0.4122790866845574,0,0,-1,0,0,-0.03159557661927333,-0.6538951229426697,1.062739321368085,2.744386284718077,0.06976744186046524,0.5452196382428942,0.6700767305143633,0.10498327759197318,0.0
2025-07-16,5.83,5.98,-0.014790738001396384,-0.04654919529258831,-0.055763574518454234,0.2953636249838884,-0.025403567600139454,6.0489999999999995,6.725,4.993196666666666,2,16,7,6.080498362746278,5.0495467444459265,32.12735166425469,0.7467652037737071,1.0308245798506057,9.887873443730154,3.5621265562698454,0.09642015436568667,0.1705088578042399,1.816928307067828,57070534.0,-0.5659410760011161,0,0,-1,0,0,0.010033444816053446,-0.5451253617393861,0.6059601808544973,2.7067442045021615,-0.06420545746388451,0.29268292682926833,0.2851933389660664,0.11164665523156089,0.0
2025-07-17,6.33,5.83,-0.028549378106718475,0.10711794590115413,0.030028469569160377,0.27007471032613134,0.08228323579368375,6.055000000000001,6.782500000000001,5.192296666666667,3,17,7,6.125862296792409,5.1321566319010286,39.080459770114935,0.7136350236768312,0.9673866686158509,9.867976163883874,3.697023836116128,0.061167578058032336,0.16867774052644005,1.8163077623760688,57178791.0,-0.2933096714838412,0,0,-1,0,0,0.006861063464837056,-0.48224035982093955,0.9025143757542516,2.6776761188714495,-0.015552099533436947,0.22200772200772212,1.0835883019657846,0.1872511848341232,0.0
2025-07-18,6.2,6.33,0.12926335370854927,-0.034859616279535044,0.07371784073412495,-0.9873876259034063,-0.020750944105038974,6.071,6.786,5.386396666666667,4,18,7,6.13934187919379,5.201049752423543,48.92086330935252,0.6691753666359528,0.9077444082198713,9.86851708494019,3.703482915059809,0.06022137794207944,0.1644962114827412,1.8167987901233815,57138460.0,-0.38020876047236535,0,0,-1,0,0,0.05529225908372822,-0.6151617834810718,0.8681744739327221,2.6112964031737245,0.001615508885298933,0.011419249592169667,1.0068742963574404,0.08190322580645154,0.0
2025-07-21,6.87,6.2,-0.0665365238002442,0.042701441979114366,0.0032258092488825687,0.5938594496399998,0.10261481418321218,6.198,6.651999999999999,5.603246666666666,0,21,7,6.272188810249464,5.308723961944605,62.31617647058824,0.6801636653459662,0.8622282596450904,9.44832540836622,3.8556745916337793,0.06165712823891606,0.1063017678824563,1.8159429107526128,57211498.0,0.15591890653911375,0,0,-1,0,0,0.008064516129032228,-0.5778550294501068,1.161522798185445,1.6874882504609552,0.08530805687203791,-0.28062827225130893,0.5035023192515384,0.11353711790393016,0.0
2025-07-22,7.17,6.87,0.08581065641311078,0.07154183756446214,0.07295709160316687,0.10117036418921849,0.042741548377270906,6.356,6.472499999999999,5.82928,1,22,7,6.435427208385924,5.428806286980438,70.41984732824429,0.7049532023370482,0.830773248183482,8.5188356209784,4.426164379021597,0.061358830847915276,0.10217980031387364,1.816078482916543,57292312.0,0.6817063563273255,0,0,-1,0,0,-0.008733624454148544,-0.6449876985880304,0.9599789540548586,1.6220540438684956,0.19899665551839463,-0.3336431226765799,-0.02824269176858741,0.11553695955369599,0.0
2025-07-23,7.12,7.17,0.08713373856824684,0.004199788209683653,0.02804611868570375,-0.691613968923725,-0.006997929187644554,6.445,6.3605,6.051613333333333,2,23,7,6.5598949886793925,5.537915558788152,60.493827160493844,0.7123529455370461,0.8070891876541948,7.931372704146472,4.789627295853528,0.05361515627978619,0.09853696741412382,1.8169509446510015,57251843.0,0.9669784165136047,0,0,-1,0,0,0.03626220362622033,-0.8680601928771421,0.8906654487787627,1.5642258643454818,0.22126929674099483,-0.23931623931623924,0.024152427172344525,0.09410112359550561,0.0
2025-07-24,7.09,7.12,-0.0482519510240393,-0.03509131981127006,-0.0004804647496826767,0.19373003491787916,-0.00422238487984825,6.511,6.3,6.27334,3,24,7,6.656277718010411,5.638050038866336,63.63636363636363,0.7076393204597,0.7871992142152959,7.631291418926053,4.968708581073947,0.05353531945564971,0.09543635333511284,1.816797066701204,57202723.0,1.186817534867444,0,0,-1,0,0,-0.005617977528089893,-0.7268154931179611,0.8397221448013958,1.51500514175759,0.1200631911532386,-0.14578313253012054,1.2980300174164894,0.05829337094499301,0.0
2025-07-25,7.51,7.09,-0.004246290881451097,0.05348868495098622,0.007732128145002823,0.10947865314220347,0.05755012523200716,6.642999999999999,6.283,6.510999999999999,4,25,7,6.811499951099427,5.758821004100766,74.93472584856399,0.7293863171032626,0.7756366347928894,7.537417038015684,5.028582961984316,0.052535879071319326,0.09564116741022578,1.8153662954929635,57257526.0,1.9562872040401262,0,0,-1,0,0,-0.0056417489421720785,-0.6555469734027731,0.7603906108641457,1.5182564644041172,0.21129032258064506,-0.043312101910828016,0.5065433160996385,0.10119840213049265,0.0
2025-07-28,7.44,7.51,0.08298436692832266,2.6041327588328358e-05,0.016126491752296686,-0.24166149060873807,-0.009364616931042746,6.754,6.339,6.620333333333334,0,28,7,6.9257726872631675,5.867284165126524,73.77892030848331,0.7325284219709749,0.7670149922285066,7.696162674964452,4.981837325035549,0.05337222439603921,0.08379363988164922,0.1435986409709276,57214488.0,1.6225026230239337,0,0,-1,0,0,0.019973368841544655,-0.7345590111357891,0.5150932500480965,1.3301827954544856,0.08296943231441056,0.17721518987341778,0.723702324400389,0.08705645161290328,0.0
2025-07-29,7.09,7.44,0.01168085961275559,0.009047254878086351,-0.0726050959127675,0.7237174465179835,-0.048185508300964436,6.864999999999999,6.417,6.727666666666666,1,29,7,6.955632198669864,5.946169057699006,61.94444444444445,0.6987220548790569,0.7533564047586166,7.757606304311134,5.076393695688866,0.05217184659856319,0.07878042868608026,0.14312438714879855,57125740.0,1.004023325618805,0,0,-1,0,0,0.04166666666666661,-0.21022723650006414,0.6076884876241678,1.2506005348945641,-0.01115760111576014,0.2820976491862568,0.9789865489266439,0.1706629055007052,0.0
2025-07-30,6.44,7.09,-0.07639346030512287,-0.06381276305831368,-0.020077894536528616,-0.6575943735553004,-0.09615680042777384,6.925999999999999,6.4875,6.792,2,30,7,6.861880889820798,5.9780291184926195,50.12345679012347,0.6124210885833499,0.7251693415235633,7.658570135883733,5.316429864116267,0.06171100794896604,0.0788700056613831,0.14236980255372284,57079760.0,-0.0811223829291047,0,0,-1,0,0,0.012693935119887145,-0.604874463700385,0.8874596972666526,1.252022525293656,-0.0955056179775281,0.28031809145129216,0.14840999329255608,0.13368012422360248,0.0
2025-07-31,6.22,6.44,-0.10103685234413405,-0.1097728697301336,-0.06443452238546252,-0.43031459468160665,-0.0347586333651743,6.915000000000001,6.484999999999999,6.826666666666667,3,31,7,6.745175273489743,5.993640143105999,50.372208436724556,0.5202773561455913,0.6841909444479689,7.658236638759276,5.311763361240723,0.057206424408904055,0.05765972205096379,0.1405959464665316,57049859.0,-0.45174177356111705,0,0,-1,0,0,0.007763975155279475,-0.8809722554898692,0.8823194799500846,0.915319711271744,-0.12270803949224263,-0.00797448165869219,0.676075052380797,0.08118971061093246,0.0
2025-08-01,6.0,6.22,-0.0669039256445917,-0.05517041334396112,-0.054714500408876605,0.3767522964213008,-0.036010437523033054,6.894999999999999,6.483,6.822333333333334,4,1,8,6.609688860127972,5.994050456454,45.98540145985401,0.4246060289519571,0.6322739613487666,7.659562343171526,5.306437656828473,0.057976671402714446,0.057615115177810414,0.13715538597923382,57006277.0,-0.8210359660126996,0,0,-1,0,0,-0.02411575562700956,-0.5891715661825835,0.4798745078042821,0.9146115991129758,-0.20106524633821565,-0.0066225165562914245,-1.0623824955063828,0.07921666666666664,0.0
2025-08-04,5.95,6.0,-0.006611594332312818,0.03245856989108143,0.01222722656956012,-0.4732671746947853,-0.00836824967051658,6.803,6.5005,6.702333333333333,0,4,8,6.4897454310137945,5.991208491521483,49.60629921259842,0.3408224417894008,0.5739836574368934,7.6312840782305855,5.369715921769414,0.043300211506022396,0.05499676251921074,0.08936799788163549,56979127.0,-0.973660684825708,0,0,-1,0,0,0.005000000000000042,-0.8195275439404371,0.4843382851598422,0.8730465392370585,-0.20026881720430112,0.0625,-1.0133466247501923,0.10230252100840333,0.0
2025-08-05,5.43,5.95,-0.03373001037669314,-0.009608404296225528,-0.08323065414972378,0.68712540275342,-0.09145208561169435,6.629,6.4925,6.524666666666667,1,5,8,6.29706444355674,5.955001492068485,45.21531100478469,0.2298145322826759,0.5051498324060499,7.6522980767996716,5.332701923200328,0.04393175498197316,0.05871291205511769,0.08642255215404027,56925153.0,-1.8322154886337545,0,0,-1,0,0,-0.020168067226890775,-0.33508850002346807,0.579303156100885,0.9320385842774858,-0.23413258110014112,-0.028622540250447304,-0.19772007723870008,0.1855985267034992,0.0
2025-08-06,5.24,5.43,-0.07292118491084618,-0.10307671468946356,-0.016762347972249673,-0.5679927564388364,-0.03561763561289318,6.441,6.443,6.387333333333333,2,6,8,6.104870908364606,5.908872363547937,35.91731266149871,0.1250668592243267,0.4291332377697053,7.727746135070974,5.1582538649290255,0.04343692826288634,0.05258784107603259,0.08391331139035607,56894568.0,-1.8727435205454674,0,0,-1,0,0,-0.0018416206261509737,-0.6650492631284746,0.4580054557048161,0.8348060968378174,-0.1863354037267081,-0.158908507223114,-1.2800824464227494,0.09124045801526726,0.0
2025-08-07,5.89,5.24,-0.029964788701936394,0.1029498795432746,0.009186554163791908,1.2756340106282122,0.11693449933054441,6.321,6.4159999999999995,6.307,3,7,8,6.065803470480132,5.907654791706135,46.469248291571745,0.09342618250654056,0.36199182671707236,7.724376253626415,5.107623746373584,0.06517355242806588,0.05974640745649357,0.08557942162064525,57004092.0,-0.8040500560019949,0,0,-1,0,0,0.0038167938931296893,2.074334440099952,1.2604133515842566,0.9484448151565026,-0.05305466237942125,-0.08398133748055991,1.4922555117684866,0.17775891341256378,0.0
2025-08-08,5.44,5.89,0.022557347424074527,-0.07692933084137851,-0.06035968543228845,-0.5675426524225495,-0.0794769367956439,6.114,6.378500000000001,6.2266666666666675,4,8,8,5.952021021301926,5.8774835148218685,32.85371702637889,0.03167435678740205,0.2959283327311383,7.7553503339528715,5.00164966604713,0.061680262368642325,0.06154943672892638,0.08608774249532411,56942001.0,-1.3632563784991971,0,0,-1,0,0,-0.08658743633276737,0.11725391593870875,1.346431707090208,0.9770670175250642,-0.09333333333333327,-0.1211631663974152,1.5085208306221525,0.16325367647058817,0.0
2025-08-11,5.69,5.44,0.05073551804139847,-0.012405396857487741,0.10065834912249969,-1.1729618709126444,0.044931187270388244,5.939,6.346500000000001,6.2056666666666676,0,11,8,5.904380835610667,5.8653878041882,32.03883495145631,0.0028753553631490902,0.23731773725754046,7.757423922750745,4.935576077249256,0.06606677658787953,0.06231054609873903,0.07906240606721995,56961215.0,-0.9305958874381896,0,0,-1,0,0,0.04044117647058819,-1.465248113962086,1.4205886274322121,0.9891492542033364,-0.043697478991596594,-0.10110584518167454,0.8161139740058805,0.05126537785588745,0.0
2025-08-12,5.76,5.69,-0.014235115821871985,0.027681949478389336,0.007948169849174156,0.391629859649053,0.01222722656956012,5.805999999999999,6.335500000000001,6.213333333333334,1,12,8,5.878129774590546,5.858588591014767,33.57487922705313,-0.01413668683947833,0.18702685243813671,7.761801437100364,4.909198562899637,0.06648458959865242,0.06117648743603995,0.07550777056560821,56989640.0,-0.8069822900409868,0,0,-1,0,0,-0.01933216168717053,-1.0169099416770786,1.2220884751435503,0.9711466310413749,0.06077348066298338,-0.03678929765886296,0.4529172294990742,0.07116319444444451,0.0
2025-08-13,5.96,5.76,0.02127739844728488,0.04454194259000867,0.007220247973487097,0.8329779515862042,0.03413300636945862,5.758,6.3420000000000005,6.2443333333333335,2,13,8,5.8930152701195375,5.865131262562202,36.890951276102086,-0.011349692133965306,0.1473515435237163,7.759761022101522,4.924238977898479,0.06297048836138615,0.06135360282984967,0.07354515474706953,57055022.0,-0.5388778419564237,0,0,-1,0,0,-0.010416666666666598,0.4091088942576517,1.1430262930146369,0.9739582507536657,0.13740458015267176,0.022298456260720467,-0.28737504632771405,0.10738255033557056,0.0
2025-08-14,6.03,5.96,0.013937507843781678,-0.01790121032924029,0.030989642318843137,-0.6108269771461956,0.011676529661835638,5.739,6.327,6.2363333333333335,3,14,8,5.917921584643258,5.875767955300125,31.313131313131308,-0.0034527624685738445,0.11719068232525827,7.751627005662899,4.902372994337101,0.062356654422136455,0.05824365180489668,0.05819284095295004,57090518.0,-0.4169512424226459,0,0,-1,0,0,-0.030201342281879148,-0.6747078239319996,0.7647605987342192,0.9245893087439694,0.02376910016977929,-0.04739336492890989,-1.7225657530749396,0.05887230514096178,0.0
2025-08-15,5.79,6.03,0.02224214873372074,-0.016556669594447654,-0.00436872691341526,-0.33356908500244603,-0.040614719154190244,5.718,6.306500000000001,6.228,4,15,8,5.89466311470812,5.87023453882915,30.02421307506053,-0.01637166073678653,0.09047821371284931,7.750489721497476,4.862510278502525,0.06264019651965615,0.05874378099367608,0.05826393740018565,57065090.0,-0.7153790533416947,0,0,-1,0,0,-0.019900497512437828,-1.0510636684299866,0.5233745417301018,0.932528613485458,0.06433823529411753,-0.06612903225806455,-1.1739174286284013,0.04835924006908467,0.0
2025-08-18,6.03,5.79,-0.020513539833103018,0.04249005162095219,-0.010899818251279978,0.3611873213741939,0.04061471915419034,5.726,6.2645,6.242333333333333,0,18,8,5.919269821124825,5.8805419879369465,36.81592039800995,-0.007161433901491598,0.07095028418998113,7.688201254884179,4.840798745115821,0.06402754358671445,0.05387351548153994,0.057046519866269886,57101580.0,-0.3294230432058962,0,0,-1,0,0,0.0,-0.5167420636786971,0.5061897436546443,0.8552155453016569,0.05975395430579966,-0.12227074235807855,-1.3204449448701678,0.09981757877280259,0.0
2025-08-19,6.6,6.03,0.027258927972634468,0.09166718852582367,0.05207201414089962,0.4911876307655672,0.0903226382932857,5.843,6.236,6.276,1,19,8,6.043038944556675,5.926958633876499,52.030456852791865,0.04560625303671895,0.0658814779593287,7.605154944905356,4.866845055094643,0.06122154934882932,0.05738398753606128,0.059371541560989,57161214.0,0.53171483819921,0,0,-1,0,0,-0.013266998341625218,0.5494701265123642,0.7741083058585961,0.9109425615458896,0.14583333333333326,-0.07949790794979084,-0.1217619189012929,0.1363636363636363,0.0
2025-08-20,6.42,6.6,0.1006435257796875,0.007272759329079878,0.028170876966696224,0.3844295380674966,-0.02765153133051001,5.961,6.2010000000000005,6.282333333333333,2,20,8,6.111577318273643,5.958767754271563,52.56410256410256,0.07206975416452899,0.06711913320036876,7.509448659572756,4.892551340427245,0.06047638946064654,0.057644625129576674,0.05609076244930299,57073625.0,0.33474756292158814,0,0,-1,0,0,-0.0030303030303029657,1.5853608098659908,0.8628853664059831,0.915080055074426,0.07718120805369133,-0.09831460674157311,0.625931978370206,0.12149532710280378,0.0
2025-08-21,6.73,6.42,-0.03873450918114106,0.07803400261245583,0.008509443405915631,0.04666271743688804,0.04715702595476669,6.045,6.183,6.292333333333333,3,21,8,6.224017805860252,6.008524673350818,59.14786967418547,0.11671130343373015,0.07703756724704104,7.449177006001617,4.916822993998383,0.05015482089023441,0.05879900933657272,0.05646188341745693,57165398.0,0.8640182176855958,0,0,-1,0,0,-0.014018691588785024,1.5554291036350378,0.8897643671494339,0.9334053362492183,0.11608623548922048,-0.05077574047954858,-0.00678267381721246,0.1913372956909361,0.0
2025-08-22,7.5,6.73,0.07015070541451995,0.02610402698325202,0.053636511945072005,-0.12645047886655156,0.10832787688562835,6.2509999999999994,6.1825,6.335999999999999,4,22,8,6.456014568431115,6.104748887973347,66.4543524416136,0.21178133430351753,0.10398632065833635,7.44647659871778,4.91852340128222,0.04795666374044003,0.06292253101148253,0.05943921156643731,57246270.0,2.084690494011545,0,0,-1,0,0,0.008915304606240654,1.0460088714381939,0.8726357941710826,0.9988642135147936,0.2953367875647668,-0.0013315579227696217,-0.6575008168472662,0.1526533333333333,0.0
2025-08-25,8.1,7.5,0.06692888726609994,0.08300281363419587,0.035834453009215894,0.09301210694501057,0.07696104113612819,6.492,6.2155000000000005,6.395,0,25,8,6.754921010534549,6.233474766168615,77.87056367432152,0.3317161865883538,0.14953229384433986,7.641757155524595,4.789242844475406,0.050089612093176736,0.06522073810538746,0.06082959086124935,57335025.0,2.6425809577191672,0,0,-1,0,0,-0.03200000000000003,1.2107720438029568,0.8798128777526194,1.035347120105575,0.3432835820895521,0.08870967741935476,-1.2958885505287723,0.1938271604938272,0.0
2025-08-26,7.27,8.1,0.13146313956046357,-0.004819286435948995,0.06175687817569426,-0.4197975122926379,-0.10810777013296514,6.642999999999999,6.2245,6.438,1,26,8,6.848571735891904,6.300347361899672,68.69244935543279,0.35569117129483896,0.19076406933443968,7.676039654443497,4.772960345556503,0.06676136027328967,0.06868971696914329,0.06314186761685986,57276697.0,1.4405393566748015,0,0,-1,0,0,0.02222222222222219,0.16408637907065798,1.3864949077299147,1.0904154523665992,0.10151515151515156,0.02538787023977429,-0.6876685611356343,0.15130674002751027,0.0
2025-08-27,7.59,7.27,-0.12186745249860814,-0.03941396854087663,0.01026744320321527,-0.24988756108865667,0.0430752998621106,6.806,6.282,6.496666666666667,2,27,8,6.983376874820648,6.3835507579061455,66.66666666666669,0.3959485961071021,0.23180097468897218,7.855472191315433,4.708527808684567,0.0669674605598578,0.06541970225104532,0.06313721831905356,57322128.0,1.6625651310767728,0,0,-1,0,0,0.00825309491059154,-0.3246985439912958,1.315524823744552,1.0385055780009498,0.18224299065420557,0.17857142857142838,-1.5779628585006078,0.09300395256916993,0.0
2025-08-28,7.41,7.59,0.04924481296107806,-0.0032590738607242136,-0.004351827379622203,0.3008893577761175,-0.02400115209954301,6.944,6.3415,6.532666666666667,3,28,8,7.060944715762348,6.449773289654137,70.39337474120083,0.408618104480162,0.26716440064721014,7.993156584670398,4.689843415329602,0.06875008323151391,0.06508720489682766,0.06180123623113885,57260748.0,1.293852499263009,0,0,-1,0,0,0.014492753623188448,0.22618985073746886,1.3740934035080932,1.0332273461358685,0.10104011887072795,0.1913183279742765,-0.6869419892328823,0.09601889338731444,0.0
2025-08-29,7.12,7.41,-0.06021885999305484,-0.017392406071247098,-0.04569358728051198,-0.659033855936652,-0.03992271388411116,7.077,6.3975,6.5633333333333335,4,29,8,7.071682040169194,6.4930137225796765,64.68172484599589,0.39075383776982164,0.29188228807173244,8.07613196179471,4.718868038205289,0.06868296843251318,0.0652330684140808,0.062180091204657104,57228993.0,0.8608200206405444,0,0,-1,0,0,-0.021592442645074244,-0.8867190538127101,1.138940290467022,1.0355428576879226,-0.05066666666666664,0.18666666666666676,-0.043797795180986025,0.12602528089887635,0.0
2025-09-02,6.82,7.12,-0.033663767820084706,-0.07346594415167465,-0.02941388520629334,0.547262770886214,-0.0430482535685136,7.156000000000001,6.441,6.5616666666666665,1,2,9,7.025921669229341,6.514109611445504,60.392156862745104,0.348372958292833,0.30318042211595253,8.115890726993637,4.766109273006362,0.07122834583650749,0.06618033983022191,0.05971603899990884,57174104.0,0.4525668378142977,0,0,-1,0,0,-0.015449438202247236,-0.057676001140623365,0.8311149605152641,1.0505803252350587,-0.15802469135802466,0.1462184873949579,0.3225969645213373,0.07991202346041054,0.0
2025-09-03,7.11,6.82,-0.01871904910124647,-0.009012192712512992,-0.012012156448003545,-0.32623135250732693,0.041642771959778745,7.207000000000001,6.525,6.559666666666668,2,3,9,7.041208638460369,6.5525541526425695,61.078998073217726,0.33433240647134266,0.3094108189870306,8.154291095441527,4.895708904558473,0.06648930721906657,0.06250421664620542,0.05968846838482215,57213714.0,0.7181037220871435,0,0,-1,0,0,0.008797653958944223,-0.6254627458552056,0.6895332283259255,0.9922236788325793,-0.0220082530949105,0.30939226519337026,0.49757443033411874,0.07876230661040781,0.0
2025-09-04,7.47,7.11,0.04128700266627666,0.042269414468995306,0.044320399680661315,-0.27542060053369694,0.049392755329576266,7.312,6.6365,6.5713333333333335,3,4,9,7.119170704194847,6.611744207310791,63.138686131386855,0.34823986693631337,0.31717662857688717,8.199389025255465,5.073610974744534,0.06627203549932073,0.06179922918347787,0.060332040378236355,57243788.0,1.0666144384291885,0,0,-1,0,0,0.00843881856540079,-0.9956850484819247,0.7193284658200385,0.9810323498098061,-0.015810276679841917,0.4255725190839694,0.5238601633724528,0.07630522088353418,0.0
2025-09-05,7.77,7.47,0.03830837777993926,0.05329396194384769,0.04557829542441335,0.04011681809714545,0.03937516523483019,7.4159999999999995,6.730499999999999,6.593999999999999,4,5,9,7.237503303432147,6.686470387484288,67.87003610108303,0.379099103859736,0.32956112363345696,8.33005882075447,5.130941179245528,0.06589784209143154,0.057004112287161304,0.06068321041278173,57275093.0,1.2997333846212602,0,0,-1,0,0,-0.002677376171352018,-0.8945701338973021,0.7424603756522438,0.904912228918981,0.04858299595141702,0.31918505942275033,-0.578922889407772,0.08459459459459463,0.0
2025-09-08,7.73,7.77,0.018617559016070297,-0.006349227678658892,0.040586143052560544,-0.2822345509763177,-0.005161301780225395,7.439,6.845000000000001,6.601333333333334,0,8,9,7.327048157353574,6.753794878614335,65.91760299625469,0.3957654677870943,0.3428019924641844,8.382236070629,5.307763929371001,0.056290832003307104,0.05304816780877239,0.05982496559102445,57251486.0,1.1514171660542407,0,0,-1,0,0,-0.02316602316602313,-1.1141354111122261,0.6303103936839064,0.8421135571778038,0.0856741573033708,0.4209558823529411,-1.0281793138609054,0.03975420439844756,0.0
2025-09-09,7.88,7.73,0.019570096194097296,0.027020179782855005,-0.004344742330508904,0.4132712196050077,0.0192190412704572,7.416999999999999,6.9545,6.6160000000000005,1,9,9,7.42758485601656,6.826453273542444,63.00813008130082,0.41627882450753617,0.35749735887285483,8.45692575786476,5.45207424213524,0.05018782283799863,0.05267035485596508,0.0598561333852067,57287174.0,1.2320076318650388,0,0,-1,0,0,0.0012936610608020422,-0.6587636929752821,0.35781220918666184,0.836115962486441,0.15542521994134884,0.38488576449912104,-1.0862359850461893,0.07043147208121824,0.0
2025-09-10,8.1,7.88,0.031789072176547535,0.019036497490916578,0.02161555697762733,-0.0773982584232653,0.02753615780860535,7.5,7.0715,6.649666666666667,2,10,9,7.54984215492264,6.90861757847519,66.93548387096774,0.4451564820576541,0.37502918350981473,8.546459767515783,5.596540232484217,0.03599777374531745,0.05270147417676032,0.05922885087856052,57320204.0,1.3946143110496654,0,0,-1,0,0,0.013959390862944203,-0.7939400030843988,0.33888597328954606,0.8366099663892017,0.13924050632911378,0.40625,-0.6836168028953656,0.06739506172839513,0.0
2025-09-11,8.75,8.1,0.0012507819016526766,0.0704516609506113,0.04159051892616524,0.5801720506679602,0.0771896386911301,7.616,7.211,6.7266666666666675,3,11,9,7.768052672209432,7.027416444380017,69.05660377358491,0.5145602709409918,0.4029354009960502,8.768756821776169,5.653243178223832,0.04110092940271907,0.054394657560529636,0.05773689761643488,57379207.0,1.9759181644863137,0,0,-1,0,0,-0.012345679012345635,0.3820000948115231,0.4987408669532222,0.8634884193340844,0.17135207496653293,0.4681208053691275,0.7174908424150134,0.09371428571428575,0.0
2025-09-12,8.92,8.75,0.08157998699242285,0.018534650216822393,0.04949229856775508,-0.13290450240296398,0.01924224622239487,7.766999999999999,7.355500000000001,6.816666666666666,4,12,9,7.977497640898626,7.149518609258726,65.10638297872342,0.576633777662229,0.437675076329286,8.986430957911578,5.724569042088424,0.0387752507799137,0.054354587458339654,0.05708907421777807,57430867.0,1.9185361494435753,0,0,-1,0,0,-0.008000000000000033,0.01570886040013396,0.5004371762171893,0.8628523261816626,0.14800514800514808,0.47927031509121054,1.3368502730236902,0.06492152466367697,0.0
2025-09-15,8.86,8.92,0.0171334859436098,0.0016680571006970134,0.0220257153950433,-0.033821455560300175,-0.0067491819749284495,7.941,7.509,6.912,0,15,9,8.137952615280694,7.259872247371066,59.13461538461539,0.6139092170858511,0.47292190448059906,9.096860526819732,5.921139473180268,0.03445352862623447,0.052885318978774624,0.05647715646375835,57380925.0,1.7016607909585952,0,0,-1,0,0,-0.010089686098654693,-0.12313134877849337,0.5071776949581894,0.8395284121449723,0.14618369987063384,0.5302245250431779,1.2624391227413923,0.04592550790067723,0.0
2025-09-16,8.46,8.86,0.010140931976049435,-0.004008021397538822,-0.03348791315333769,-0.7914974981081283,-0.04619759099885755,8.105,7.6305000000000005,6.995666666666667,1,16,9,8.196506685229659,7.337299844314869,65.95174262734588,0.6042086728498184,0.4991792581544429,9.110037267633508,6.150962732366492,0.03508989748063261,0.054790389843935736,0.057385446903236964,57358293.0,1.1212965271591566,0,0,-1,0,0,0.006772009029345429,-1.3356612874150608,0.7332076979869229,0.869770474579998,0.07360406091370564,0.4029850746268657,0.2049797822874485,0.07729314420803783,0.0
2025-09-17,8.36,8.46,-0.02612300731461736,-0.02759731801779227,-0.012203984535721336,0.21241101288438421,-0.011890746521521786,8.23,7.718500000000001,7.093333333333333,2,17,9,8.22623274246063,7.403280499520362,60.96866096866097,0.5817457544557794,0.5156925574147102,9.148498527787462,6.288501472212539,0.03581566634159204,0.052117976404661065,0.0543895460142282,57330305.0,0.8972037208913043,0,0,-1,0,0,0.02718676122931426,-0.993706811519144,0.7437883941696972,0.8273472264159925,0.032098765432098775,0.2666666666666666,0.9668043091682571,0.06108851674641148,0.0
2025-09-18,8.83,8.36,0.01711393737225147,0.061164141656875406,0.03479850554269555,0.6626747125178069,0.05469658751925843,8.366,7.839,7.213,3,18,9,8.336008607467786,7.495326918906144,68.6842105263158,0.5950098981133731,0.5315560255544428,9.213365308060634,6.4646346919393665,0.036438610571953925,0.0520516042635407,0.053994531534349216,57384601.0,1.442120219693844,0,0,-1,0,0,0.05741626794258379,0.27553573023136546,0.6009699463425905,0.8262936013396682,0.00914285714285712,0.37538940809968846,0.38292357077610834,0.08720271800679497,0.0
2025-09-19,8.41,8.83,-0.03569751514596442,-0.06059091148927291,-0.027431654460670862,-0.17292135119205712,-0.04873354063101192,8.43,7.923,7.297,4,19,9,8.349461587928188,7.55433808542833,66.41221374045801,0.5651170203737292,0.5382682245183001,9.214854643933759,6.6311453560662414,0.040677916866562094,0.05344702216755793,0.05150869575770774,57338927.0,0.7539547924943971,0,0,-1,0,0,-0.033975084937712424,-0.03455397759234395,0.6659958626684324,0.8484451738338878,-0.05717488789237668,0.24962852897473997,1.2146940291163595,0.05410225921521998,0.0
2025-09-22,8.66,8.41,-0.010607052895722004,0.007422243608594798,0.003018414606807961,-0.5161087819410136,0.029293248589487012,8.523,7.981,7.404333333333333,0,22,9,8.40592311739579,7.6256711121748895,73.71134020618557,0.555199614505077,0.5416545025156555,9.29682913624454,6.665170863755461,0.04085511938265883,0.04803305864782517,0.04870964884512634,57366187.0,1.0320488903869538,0,0,-1,0,0,0.003567181926278164,-0.9906614101950679,0.7281394665003262,0.7625011673515549,-0.022573363431151128,0.15466666666666673,0.41786845341010037,0.0571593533487297,0.0
2025-09-23,7.96,8.66,0.021102776067736036,0.029138996229943488,-0.07443259478276966,0.21275967087938316,-0.08428572271805211,8.531,7.974000000000001,7.48,1,23,9,8.32484618696019,7.647240717841026,59.9067599067599,0.48526205019767055,0.5303760120520585,9.28865264573877,6.659347354261232,0.050126723371234076,0.048857032899048115,0.0515088380015368,57332464.0,-0.021298401589773273,0,0,-1,0,0,-0.004618937644341908,-0.5601602697244358,0.8835411671807412,0.7755813530842943,-0.05910165484633578,-0.01728395061728394,-0.056920751853483824,0.16958542713567826,0.0
2025-09-24,7.93,7.96,-0.06841299324512952,-0.09861955365682179,0.0038885337396923746,-0.8715089690554044,-0.0037759642095350735,8.514,8.007000000000001,7.552333333333334,2,24,9,8.253055971149246,7.665483252173863,55.80808080808081,0.4225444479602718,0.5088096992337012,9.279711155058799,6.734288844941204,0.04931134197234192,0.04250403153567406,0.051594808706609034,57318357.0,-0.12100153234917542,0,0,-1,0,0,0.011306532663316677,-1.8347079112676852,0.8848344286893908,0.6747305829662421,-0.05143540669856461,0.0907840440165062,-0.2003127515699471,0.05926860025220667,0.0
2025-09-25,7.34,7.93,-0.0200759565726893,-0.038538019412424476,-0.10492938825300244,0.5427346905918045,-0.07731419302033239,8.373,7.9944999999999995,7.598333333333333,3,25,9,8.087045794576655,7.6444843326787755,44.94117647058824,0.3215258769997975,0.47135293478692053,9.28917695625326,6.69982304374674,0.045058235572087,0.044989526958850175,0.053739404611458326,57294083.0,-1.0110630251643542,0,0,-1,0,0,-0.00504413619167718,-0.9760228056660005,0.7519503910241664,0.7141865996133215,-0.16874292185730466,-0.03293807641633728,0.5963690119529426,0.12670299727520432,0.0
2025-09-26,7.38,7.34,-0.08735709868710949,-0.04316154790017145,0.021800854886479516,-1.071464977853724,0.005434795985956995,8.219,7.993,7.6433333333333335,4,26,9,7.958492013744535,7.627420827344662,45.882352941176464,0.2419070436034172,0.42546375655021984,9.290594535649694,6.695405464350307,0.04402512512346991,0.04467606191487847,0.05373801732144689,57302397.0,-0.9448251871576774,0,0,-1,0,0,-0.014986376021798288,-1.910717158589069,0.7909528691134614,0.7092104963069552,-0.122473246135553,-0.004048582995951455,-0.33647359627442164,0.06006775067750675,0.0
2025-09-29,7.31,7.38,0.020534602441707735,-0.008865789428483267,0.005761200131844741,0.49645780419030905,-0.009530364850693989,8.063999999999998,8.0025,7.694,0,29,9,7.8405843748818915,7.606942064290168,43.16546762589928,0.17118679471903508,0.3746083641839829,9.275736654729961,6.729263345270039,0.04395601532585425,0.043765430615888855,0.05308632818124422,57288738.0,-1.0877789253512677,0,0,-1,0,0,0.0,-1.3844415570334698,0.6586915927865132,0.6947546725877659,-0.15588914549653587,0.026685393258427004,-0.5463995297937088,0.045896032831737425,0.0
2025-09-30,7.04,7.31,-0.03727139479723154,-0.03568943875937467,-0.030439754845939422,0.3242340364926635,-0.037635103591736004,7.922,8.0135,7.727666666666667,1,30,9,7.69502357944882,7.570365156916609,37.44075829383887,0.09228988411481431,0.3181446681701492,9.246899666305564,6.7801003336944365,0.04346993825300673,0.0435026707034774,0.053370471485058565,57269848.0,-1.5785637479795207,0,0,-1,0,0,-0.027359781121750932,-0.9380754954782946,0.5140686242088232,0.690583488291219,-0.11557788944723613,0.032258064516129004,-1.1714718921391665,0.040823863636363616,0.0
2025-10-01,7.13,7.04,-0.015592094759836275,-0.009718600779620456,-0.03519424812179281,0.48452186750077936,0.012703064256253456,7.7989999999999995,8.0145,7.745333333333334,2,1,10,7.592292019549035,7.541954501631667,27.868852459016395,0.036603815873732515,0.26183649771086587,9.244843982709732,6.784156017290268,0.044501225676450255,0.04256054508563765,0.05074594111798708,57300514.0,-1.4378092833062206,0,0,-1,0,0,-0.005681818181818187,-0.07955203614466273,0.5656088329557416,0.6756277077596966,-0.10088272383354346,0.002812939521800173,-0.9680363622835458,0.06416549789621312,0.0
2025-10-02,7.62,7.13,0.02955880224154443,0.10501117067610748,0.055166381308708046,-0.32256688735782574,0.06646513527235036,7.678,8.022,7.785333333333333,3,2,10,7.597329834176483,7.546989695074785,33.66834170854273,0.03164631151534891,0.2157984604717625,9.240136627027459,6.803863372972542,0.04683537418283062,0.043843651061794345,0.05173459298160435,57322725.0,-0.6600244850710636,0,0,-1,0,0,0.011220196353436195,-0.6431082594121266,0.616947215253222,0.695996383671605,0.038147138964577776,0.02008032128514059,0.8942098780967662,0.11417322834645671,0.0
2025-10-03,7.95,7.62,0.03676384068952815,0.15684247149296968,0.05495888428075762,1.2645343923247068,0.04239555896768555,7.632000000000001,8.031,7.826,4,3,10,7.661451682508031,7.57299035990867,39.29411764705883,0.05372637150219628,0.18338404267784925,9.243945957055553,6.818054042944448,0.048312057195221574,0.04399351034497982,0.051605461316040484,57401384.0,-0.13355912442567405,0,0,-1,0,0,-0.01837270341207345,2.5268707395663017,0.6634599986836143,0.698375326041384,0.07723577235772372,0.023166023166023342,0.049849714096090326,0.22893081761006293,0.0
2025-10-06,8.02,7.95,0.05842024366037066,-0.1029738796800955,0.0304150888644376,-1.10123462328353,0.008766493212182593,7.568,8.0455,7.843333333333334,0,6,10,7.7266422856883885,7.601829691527466,44.3877551020408,0.07599734304172401,0.16190670275062422,9.250200880105465,6.840799119894536,0.047100942079028235,0.043983670718535185,0.04745016541603362,57427535.0,-0.04233416015728085,0,0,-1,0,0,-0.0025157232704403096,-0.43732254587406044,0.6317022854185469,0.6982191268139863,0.09712722298221621,0.03751617076325986,-0.3002768042110023,0.08466334164588532,0.0
2025-10-07,7.62,8.02,0.02613714436769239,-0.030250340464665855,-0.027744860308558873,-0.5363614530946819,-0.051162052179868106,7.534000000000001,8.0325,7.827333333333334,1,7,10,7.707252779199591,7.603001969493436,41.232227488151665,0.06067121142122023,0.1416596044847434,9.250261103527176,6.814738896472825,0.042472597740434374,0.045312407009196816,0.046120420280903,57412240.0,-0.6774727798501984,0,0,-1,0,0,0.0149625935162096,-0.967263624088072,0.7065639725236934,0.7193121615124489,0.08238636363636354,-0.03299492385786795,-0.648123648772488,0.08398950131233603,0.0
2025-10-08,7.89,7.62,-0.031194045156666118,-0.0012292564547296333,0.01980262729617973,-0.13668397740619773,0.03481976515922791,7.529999999999999,8.022,7.848,2,8,10,7.740479546617847,7.621517971461602,38.30845771144277,0.06951061016388849,0.12722980562057243,9.240931369770708,6.8030686302292915,0.044222210548795604,0.04559245690589475,0.04237820648063378,57425581.0,-0.2165831535287026,0,0,-1,0,0,0.035433070866141676,-0.9923873304385423,0.7167788615244803,0.7237578158005613,0.10659186535764364,-0.025925925925925908,-1.0947132140868714,0.06083650190114074,0.0
2025-10-09,7.86,7.89,0.0025316469217797266,-0.019876430757595733,-0.009179255659048759,-0.7336069490097027,-0.0038095284166676188,7.582000000000001,7.977500000000001,7.857,3,9,10,7.762210538141874,7.6369039087866595,42.42424242424243,0.07325075892052091,0.11643399628056213,9.148570135883617,6.806429864116385,0.03578831638882785,0.04146170864265515,0.04169959240856721,57419175.0,-0.2006711577720193,0,0,-1,0,0,0.0025348542458809207,-1.2439539039362004,0.5876321757082559,0.6581842200016976,0.03149606299212593,-0.10171428571428565,-0.9090336849773605,0.04960559796437658,0.0
2025-10-10,7.73,7.86,-0.02172609417792671,0.01494423826827677,0.002621855112889626,1.0626415700634888,-0.016677743841784592,7.616999999999999,7.917999999999999,7.867666666666667,4,10,10,7.756354076661532,7.642910108219779,36.75213675213674,0.06497593804414414,0.10614238463327853,9.005374433162434,6.830625566837566,0.036590755926160554,0.04114694508608375,0.04156731404441261,57400636.0,-0.34578705230954254,0,0,-1,0,0,-0.015267175572519097,-0.5112543448968329,0.5003371439604227,0.6531875034468527,-0.02767295597484276,-0.13340807174887892,-0.27730783745194404,0.06338939197930145,0.0
2025-10-13,7.67,7.73,-0.005181358741997629,-0.021869037737424803,-0.005277057100843781,0.056927642418016774,-0.007792247220165879,7.652999999999999,7.858499999999999,7.885999999999999,0,13,10,7.740653335450344,7.644657843173342,44.947735191637626,0.05296602495816227,0.09550711269825528,8.85530067162295,6.861699328377048,0.03651768421830414,0.04114813171379736,0.0408791823271029,57381011.0,-0.37821001804320875,0,0,-1,0,0,-0.0038809831824062413,-0.3801200555906072,0.4847106597719772,0.653206340577827,-0.043640897755610975,-0.1343115124153499,0.19981997120109593,0.046284224250326,0.0
2025-10-14,7.94,7.67,-0.02765153133051001,0.03415420453200261,-0.009302392662313448,-0.10290069847961479,0.034596659879879525,7.743,7.832499999999999,7.923333333333333,1,14,10,7.776898183550282,7.663712175871837,50.16077170418007,0.06449140900808192,0.08930397196022061,8.789576139522193,6.875423860477804,0.034278828420312046,0.04108571827743603,0.04035065796396483,57398717.0,0.22464252437359772,0,0,-1,0,0,-0.023468057366362413,-0.4760686214147686,0.3953647091827246,0.6522155579913408,0.04199475065616798,-0.061465721040189214,0.44953234884474713,0.08816120906800998,0.0
2025-10-15,7.85,7.94,0.05075910634065961,-0.0018821119423644958,-0.02159328163056802,0.7717551864705156,-0.011399743464727425,7.815,7.807,7.9479999999999995,2,15,10,7.790189422904776,7.675730745170429,59.770114942528735,0.06560683629496378,0.08456454482716924,8.731522067141821,6.88247793285818,0.0351051630117174,0.0410799776754202,0.039858914788852895,57360409.0,0.09302103546956894,0,0,-1,0,0,-0.0075566750629723544,0.69064152945895,0.3284468036401981,0.6521244287594827,-0.005069708491761693,-0.06100478468899517,1.9510745666740081,0.10759235668789807,0.0
2025-10-16,7.13,7.85,-0.024407120352235082,-0.0291185106635691,-0.027664281472355626,0.16233618334472552,-0.09620229736811248,7.766,7.7219999999999995,7.9366666666666665,3,16,10,7.6701549823766335,7.640522309998143,46.20060790273556,0.008297192872493753,0.06931107443623415,8.558951863044257,6.885048136955742,0.04147929837086005,0.04324416069008139,0.04251055223837153,57315349.0,-1.4146572249608462,0,0,-1,0,0,-0.020382165605095447,1.1523867146486297,0.7281325200945451,0.6864797690500241,-0.09287531806615779,-0.19252548131370328,-1.0267697298545073,0.11360448807854144,0.0
2025-10-17,6.83,7.13,-0.07420800716605971,-0.09175353986104591,-0.06071228344261408,-1.170224146914305,-0.042986560843505814,7.653999999999999,7.642999999999999,7.905333333333333,4,17,10,7.517399531035427,7.588230548062779,43.18181818181819,-0.06062970374479715,0.043322918800027886,8.504433322098516,6.781566677901481,0.03895196193612245,0.04300815674841639,0.04243835179247873,57301367.0,-1.8875517794446792,0,0,-1,0,0,0.0014025245441794932,-0.6393874514822669,0.7462957118692767,0.6827333226215645,-0.11642949547218628,-0.18787158145065397,-0.46079478076364366,0.07816983894582724,0.0
2025-10-20,6.92,6.83,-0.04732065619007208,0.0022200934387063523,0.01479316917783051,1.063185447249592,0.01309109604687942,7.544,7.556,7.878333333333333,0,20,10,7.408781434483531,7.545118899800665,48.203592814371255,-0.1067618341002845,0.013305968219965408,8.33220941287273,6.77979058712727,0.03926423814848396,0.04236909136027937,0.04254421711364989,57341853.0,-1.6387330260430135,0,0,-1,0,0,-0.0029282576866764953,0.9378418879460352,0.7878309441142606,0.6725884740904474,-0.09778357235984358,-0.2009237875288684,-0.6595350633111785,0.06502890173410407,0.0
2025-10-21,6.87,6.92,0.014577517618157643,-0.03789927259098582,-0.01181697650478443,-0.7991500998175578,-0.007251663395320236,7.468999999999999,7.5015,7.844666666666667,1,21,10,7.3108211736683435,7.501562841749009,46.06060606060607,-0.14567718598449453,-0.01849066262092658,8.310639243758535,6.692360756241466,0.037187339638834346,0.038979725736370194,0.04234230594695807,57323646.0,-1.5609179875310903,0,0,-1,0,0,-0.0014450867052022813,-0.36339826333821895,0.6478987561556517,0.6187839628316376,-0.13476070528967254,-0.13693467336683418,-1.111591024628512,0.03784570596797668,0.0
2025-10-22,5.83,6.87,-0.010181906145119525,0.012044483557701957,-0.166108968816132,1.3049440670847365,-0.16414710587185694,7.263,7.396499999999999,7.769,2,22,10,7.041580960274098,7.393720077765202,26.753246753246742,-0.2574692458825574,-0.06628637927325275,8.472521424165816,6.320478575834181,0.05477861782097731,0.050644723153990774,0.04973618499823719,57256508.0,-2.9116520634603957,0,0,-1,0,0,-0.004366812227074272,2.136202938298394,1.0569366823325925,0.803960056099046,-0.25732484076433115,-0.2648171500630516,-0.6660502535314551,0.23579759862778726,0.0
2025-10-23,5.95,5.83,-0.1293629830873429,-0.12076463424909506,0.013937507843781678,-0.7533715875580642,0.020374219195137298,7.072,7.327000000000001,7.675666666666667,3,23,10,6.843111694769717,7.300576846941642,22.527472527472526,-0.3325488455647134,-0.1195388725315449,8.582909819089293,6.0710901809107085,0.056508106336018334,0.04911117143759387,0.04714223439123833,57288115.0,-2.192832604809978,0,0,-1,0,0,0.030874785591766676,0.23275691407840865,1.1158530941212954,0.7796156773135913,-0.16549789621318367,-0.18937329700272476,-1.6406672958823632,0.08233613445378143,0.0
2025-10-24,6.16,5.95,0.013223333174689433,0.012347890627375421,0.02054866822738776,-1.3728127057069548,0.03468555798789011,6.915000000000001,7.266,7.583666666666668,4,24,10,6.71890956844795,7.226991243913149,25.396825396825406,-0.3708300265628157,-0.16979710333779907,8.625324909845698,5.906675090154303,0.059747365019009346,0.05002569202169642,0.04758979219530072,57296124.0,-1.627278352642778,0,0,-1,0,0,0.023529411764705827,-1.0154449059209467,1.2091741438626131,0.7941332415199004,-0.0980966325036603,-0.16531165311653118,-2.0165351213626264,0.07269480519480519,0.0
2025-10-27,6.18,6.16,0.025933382026504442,0.038961352850678595,0.025932026093381782,1.1731363726787012,0.003241493924171023,6.766,7.209500000000001,7.4943333333333335,0,27,10,6.620926010548322,7.1594434217252045,28.823529411764696,-0.3950009800335481,-0.2148378786769489,8.652486304053133,5.766513695946869,0.060113042875251765,0.05008331096991782,0.047656351691023474,57322010.0,-1.4269019700440542,0,0,-1,0,0,0.014610389610389588,-0.1031920871054003,1.195062354662319,0.795047913966694,-0.10693641618497118,-0.15458276333789334,-1.9769631217826706,0.08818770226537216,0.0
2025-10-28,5.79,6.18,-0.024292692569044587,-0.07232634341394946,-0.05168452219579649,-0.9068132634696764,-0.0651859798846955,6.551,7.147,7.405333333333333,1,28,10,6.46984855408499,7.071092233226805,20.170454545454547,-0.4405480121826004,-0.25997990537807925,8.72304568461727,5.57095431538273,0.058157526594037404,0.05123244966111375,0.04821238746003394,57311557.0,-1.7220313005451198,0,0,-1,0,0,-0.01294498381877024,-0.8942222750979005,1.223249538732506,0.8132899251596541,-0.15720524017467252,-0.17755681818181823,-1.1871967480468293,0.06727115716753021,0.0
2025-10-29,5.66,5.79,-0.05908891637000644,-0.04141939854606036,-0.03001107841603951,0.3339270095978709,-0.02270839936981224,6.332,7.0735,7.315333333333333,2,29,10,6.322603362433173,6.980054024631528,19.61325966850829,-0.48158288908362223,-0.30430050211918785,8.784237298729378,5.362762701270622,0.057878258103831806,0.051070743043677924,0.04825472463220508,57296960.0,-1.6525038660814306,0,0,-1,0,0,-0.0069084628670120956,-0.6265613032818054,0.6161836061488399,0.8107229121891222,-0.029159519725557415,-0.20617110799438987,-0.8092839803496666,0.05484098939929321,0.0
2025-10-30,5.23,5.66,-0.046271599287819744,-0.046102958981886134,-0.06860892062794403,-0.1625551986877066,-0.07901261413826002,6.1419999999999995,6.953999999999999,7.195333333333333,3,30,10,6.1239482056271415,6.8671473133649785,18.112244897959172,-0.5425465916233554,-0.3519497200200214,8.829923912720485,5.078076087279513,0.05621994552903249,0.04953121877733032,0.047868606697877174,57284553.0,-1.8380276388713803,0,0,-1,0,0,-0.030035335689045924,-0.7064776580475851,0.7313130463202088,0.7862837221124926,-0.12100840336134444,-0.31364829396325455,0.1864144907820371,0.07934990439770555,0.0
2025-10-31,5.65,5.23,-0.020239881347746316,0.021978906718775167,0.007648220838256819,0.2915634637638816,0.07724426708151799,6.023999999999999,6.839,7.1033333333333335,4,31,10,6.037775804604024,6.788621680244657,26.40186915887851,-0.550623035588977,-0.3916843831338125,8.73966913425128,4.938330865748722,0.06559396520761679,0.052519111428315494,0.05059049074211095,57301160.0,-1.2511383265750535,0,0,-1,0,0,0.02868068833651997,-0.4260789251720952,0.9882357805492323,0.8337150475044783,-0.08279220779220775,-0.28930817610062887,0.9689703044663246,0.08849557522123894,0.0
2025-11-03,5.77,5.65,0.05073551804139847,0.010380716054560818,0.041050539830357446,-0.8917259019535431,0.021016535361658564,5.909,6.7265,7.007000000000001,0,3,11,5.9890892946760195,6.7229041524869375,23.72881355932202,-0.5411031778915127,-0.42156814208535254,8.598985260992023,4.854014739007976,0.06605064687530772,0.052894961963115564,0.05037300996799647,57307968.0,-1.0216368800609479,0,0,-1,0,0,0.001769911504424741,-0.9889029352548675,1.0176647007995916,0.839681489775748,-0.06634304207119746,-0.2805486284289277,0.674747099497845,0.058925476603119566,0.0
2025-11-04,5.69,5.77,-0.00531445006349259,0.006861090379945381,0.012715884325302714,-0.37181329384224127,-0.013961832381768522,5.7909999999999995,6.63,6.931333333333333,1,4,11,5.934709422916743,6.656265174907135,23.78640776699028,-0.5338599483235109,-0.44402650333298427,8.507523564923464,4.752476435076537,0.06598657498958332,0.05225211572573898,0.04868082281958259,57303274.0,-1.0013189901436135,0,0,-1,0,0,-0.024263431542460953,-1.0627808332719983,0.916919429386174,0.8294766221236357,-0.017271157167530138,-0.25328083989501304,0.3482996913887561,0.0544815465729349,0.0
2025-11-05,5.52,5.69,-0.007130154984591191,0.033616610798985064,-0.0036166404701885504,1.7035466115598141,-0.030332387849235733,5.76,6.5115,6.850999999999999,2,5,11,5.859307709659153,6.582957744267966,27.45098039215685,-0.5356624328691106,-0.4623536892402096,8.353001389742042,4.669998610257958,0.04681431538559784,0.05108464696861002,0.04879994787465563,57277488.0,-1.076838720321454,0,0,-1,0,0,-0.01757469244288234,0.23358138292145922,0.9287158745528764,0.8109436301548304,-0.024734982332155542,-0.30038022813688214,0.4351911402752035,0.09601449275362324,0.0
2025-11-06,4.48,5.52,-0.07232066157962602,-0.1513996464553684,-0.22677331936478834,1.0725776088667327,-0.20875481386210995,5.6129999999999995,6.3425,6.755666666666667,3,6,11,5.608524489721125,6.4472830510893875,22.73781902552203,-0.6139331836342494,-0.4926695881190176,8.280766995893309,4.4042330041066915,0.0734584639210366,0.06378636721209174,0.05757307750931053,57202118.0,-1.921819856548309,0,0,-1,0,0,-0.05797101449275352,2.5869149547164842,1.588845767702821,1.012577188076635,-0.14340344168260033,-0.4300254452926209,-1.23032250201041,0.17857142857142852,0.0
2025-11-07,4.65,4.48,-0.17848278048678906,-0.10463428370160677,-0.011428695823622968,-1.2442218643651946,0.03724417317237118,5.462,6.1884999999999994,6.664666666666666,4,7,11,5.43424730977183,6.331329305857814,24.145785876993145,-0.6546987782948648,-0.5250754261541871,8.151862046673171,4.225137953326827,0.07370616434165507,0.06533983447786888,0.058265041015824706,57223837.0,-1.5672096775089626,0,0,-1,0,0,-0.029017857142857314,-0.2084727267447938,1.4306765127474024,1.0372377164073896,-0.17699115044247782,-0.3984476067270375,-1.7498726665161306,0.07169892473118282,0.0
2025-11-10,4.41,4.65,0.07312226482896259,0.055363234694823994,0.002296212260350378,-0.18826023883316925,-0.05299253014051034,5.284999999999999,6.0255,6.5680000000000005,0,10,11,5.248020526176951,6.207372576447632,23.144104803493434,-0.6983219789173427,-0.5597247367068182,8.012144618975967,4.0388553810240335,0.07340335851404582,0.06554022502535004,0.05867055574771287,57205845.0,-1.626360330951112,0,0,-1,0,0,0.0064516129032256685,-0.39764740570418383,1.3423237228762541,1.0404188177297289,-0.23570190641247823,-0.4250325945241199,-1.3697692689840222,0.13378684807256233,0.0
2025-11-11,4.33,4.41,-0.059423420470800646,-0.07044414051881477,-0.020858230120409924,0.18853645649444126,-0.018307147444356128,5.138999999999999,5.845000000000001,6.477666666666666,1,11,11,5.081107703235687,6.086251765063914,29.281767955801087,-0.7309233813546987,-0.5939644656363944,7.753700301803873,3.936299698196128,0.07256187395183575,0.06402488425540018,0.05852764381487658,57184120.0,-1.587467659085301,0,0,-1,0,0,0.0,-0.21477079649632796,1.3355664357552788,1.0163635287569022,-0.23901581722319865,-0.45465994962216627,-1.3497241410515977,0.07928406466512705,0.0
2025-11-12,3.97,4.33,-0.036955706522429244,-0.06337589404738564,-0.07284773254143398,0.07333173803412281,-0.08680144731529936,4.970000000000001,5.651000000000001,6.372333333333333,2,12,11,4.879088120829198,5.949719393124307,24.352331606217604,-0.7768541282061356,-0.6305423981503426,7.489064199096692,3.812935800903309,0.07472995392129196,0.06505977286935379,0.05960710787756277,57160742.0,-1.8290982445837531,0,0,-1,0,0,-0.018475750577367223,-0.09064579611569856,1.3384892319243835,1.0327918761999435,-0.2807971014492753,-0.4942675159235669,-0.735928105462289,0.09068010075566747,0.0
2025-11-13,3.66,3.97,-0.10144661633669005,-0.06932285004133984,-0.10900554983515998,0.01144084781194346,-0.08130294728582417,4.813,5.4775,6.240333333333334,3,13,11,4.657435735223888,5.801995561309837,18.43434343434342,-0.8287160623124619,-0.6701771309827664,7.381643681000918,3.573356318999082,0.07487053779940325,0.0644627096293794,0.05829609486003876,57137095.0,-1.9089945975553966,0,0,-1,0,0,-0.03274559193954668,-0.020587054264388907,0.7933397218515067,1.0233137911002395,-0.1830357142857143,-0.4866760168302945,1.0186430950868126,0.13114754098360654,0.0
2025-11-14,3.58,3.66,-0.06732016409944794,-0.02887834073868697,-0.029938087644305857,0.353578854775108,-0.02210034700066597,4.606,5.3149999999999995,6.094666666666667,4,14,11,4.461538328819545,5.658641008967267,17.66169154228855,-0.8662863404605803,-0.7093989728783292,7.286667741839771,3.343332258160228,0.06396402819268865,0.06443307629547616,0.0569623707627942,57103418.0,-1.759931415605617,0,0,-1,0,0,-0.019125683060109366,0.47317795208831315,0.48248517708689487,1.022843376508085,-0.23010752688172043,-0.4758418740849195,0.03504072423530224,0.13128491620111724,0.0
2025-11-17,3.56,3.58,-0.016854331554982074,-0.027115928615887935,0.010079278994702663,-0.3500750413249578,-0.005602255548669898,4.385,5.147,5.946,0,17,11,4.297622269034173,5.523244814840347,19.452054794520535,-0.8874449761554253,-0.7450081735337485,7.115436194707012,3.1785638052929883,0.061505434011141745,0.06391090000540538,0.05673176641398653,57079688.0,-1.6124474892986957,0,0,-1,0,0,-0.013966480446927448,-0.024613203649002647,0.5774930849751305,1.0145540848837153,-0.19274376417233563,-0.48554913294797686,-0.49085456767354707,0.09269662921348304,0.0
2025-11-18,3.85,3.56,0.07501812036844395,0.038515672080615404,-0.020261185139822082,-0.31898589966518043,0.0783126034357538,4.201,4.996,5.820333333333333,1,18,11,4.21623640193705,5.415293536463551,26.246719160104973,-0.8707750186382182,-0.7701615425546424,6.86893633803097,3.1230636619690313,0.0731896565248367,0.06852824026868368,0.059737537351389876,57096937.0,-1.22374687994446,0,0,-1,0,0,0.06882022471910115,-0.3825842099174962,1.0606197262149633,1.0878520892149146,-0.11085450346420322,-0.4395924308588064,0.9458115613822244,0.14285714285714293,0.0
2025-11-19,3.42,3.85,0.029775662488721877,0.08772480841506816,0.0,0.6077419842870424,-0.11843259722517911,3.9910000000000005,4.875500000000001,5.671333333333334,2,19,11,4.071466147039405,5.286564921207838,26.246719160104973,-0.8820931428781478,-0.7925478626193436,6.8308056027130615,2.9201943972869397,0.07693910068015525,0.06520520713524568,0.06099868158309193,57065263.0,-1.488769835242572,0,0,-1,0,0,0.01818181818181814,0.6212413033628023,1.178098956168987,1.0351005735978867,-0.1385390428211587,-0.41337907375643224,0.5659275492124484,0.267251461988304,0.0
2025-11-20,3.43,3.42,-0.1335313926245225,-0.18973242906258353,0.0,-0.20543178874531634,0.002919710103334846,3.886,4.7495,5.523666666666666,3,20,11,3.9548359384867853,5.16678653919443,17.35294117647058,-0.8801105548281996,-0.8100604010611149,6.737765311111555,2.761234688888446,0.05862379688607998,0.06468455758392587,0.06109374814041655,57091055.0,-1.3272876538416536,0,0,-1,0,0,0.002923976608187202,0.2509004239540134,1.0948858877530752,1.0268355181998292,-0.06284153005464477,-0.4235294117647058,-0.294174670869971,0.04810495626822158,0.0
2025-11-21,3.36,3.43,0.005813969865419816,0.006921597078505956,-0.10471095408903061,0.6759404366243471,-0.020619287202735818,3.757,4.6095,5.378,4,21,11,3.846683949671006,5.050219665698015,14.02985074626865,-0.8741115407739297,-0.8228706290036779,6.573753976503968,2.645246023496031,0.05444154989759099,0.06312921495558033,0.061078594072856,57040351.0,-1.2722387379089268,0,0,-1,0,0,0.005830903790087469,1.6791343911042265,1.094023959270101,1.0021452194112301,-0.06145251396648055,-0.4545454545454546,-0.3153318815823026,0.15770833333333334,0.0
2025-11-24,3.51,3.36,-0.023461486678998045,-0.005527868629902043,0.050643732818754936,-1.3682350030955144,0.043675063502661635,3.6669999999999994,4.476,5.239333333333334,0,24,11,3.7854686860944593,4.950850655007821,18.128654970760238,-0.8474842614918221,-0.8277933555013068,6.351766790577317,2.6002332094226834,0.058661926371034366,0.06485753646864785,0.06233909314390207,57053258.0,-1.0299787850521527,0,0,-1,0,0,0.002976190476190545,-0.6657633344978408,1.164540528072558,1.0295814728660673,-0.014044943820224809,-0.43203883495145634,-0.7731319825381945,0.09971509971509962,0.0
2025-11-25,3.5,3.51,0.026355844705362456,0.0069396531105406205,0.06251100415046566,-0.02407298589561838,-0.002853068982406399,3.5839999999999996,4.3614999999999995,5.091333333333334,1,25,11,3.733565288622739,4.857247386942801,19.018404907975466,-0.8177622134902638,-0.8257871270990983,6.178186109666113,2.544813890333886,0.05894303131955279,0.06443069658077365,0.06147986343822112,57040658.0,-0.9484302163331161,0,0,-1,0,0,-0.014245014245014195,-0.6954181323131812,0.9178917794596793,1.0228055997083203,-0.09090909090909094,-0.3955094991364422,-1.2607435506164273,0.047428571428571535,0.0
2025-11-26,3.67,3.5,0.008633147144702875,0.03666398437159131,0.01181740225963199,0.6059626284032016,0.047428693571110826,3.554,4.262,4.952,2,26,11,3.722007963418604,4.780650781333588,33.05439330543933,-0.7715952275803226,-0.8149487471953433,5.995309581484029,2.5286904185159704,0.05783736469121814,0.06637708103016449,0.06289556243543933,57063754.0,-0.6830862834014217,0,0,-1,0,0,-0.0028571428571427964,-0.06234620274204619,0.48430240370070077,1.0537034949611896,0.07309941520467844,-0.3515901060070672,0.24618118152883048,0.07084468664850131,0.0
2025-11-28,3.78,3.67,0.042081945434313414,0.051959738930711166,0.042081945434313414,-1.09649295654551,0.029532347565017308,3.566,4.1895,4.840333333333334,4,28,11,3.7325519700697667,4.716092666408841,31.330472103004283,-0.7178564753422743,-0.7955302928247295,5.872911010888351,2.5060889891116487,0.0528085162468593,0.0658348681599267,0.06223156679800906,57071469.0,-0.48651220331973843,0,0,-1,0,0,-0.008174386920980874,-1.0100019476469437,0.4813634226609625,1.0450961324873433,0.1020408163265305,-0.27724665391969416,-0.5749463150733501,0.08201058201058203,0.0
